ISO-10303-21;
HEADER;
/* Generated by software containing ST-Developer
 * from STEP Tools, Inc. (www.steptools.com) 
 */
/* OPTION: using custom renumber hook */

FILE_DESCRIPTION(
/* description */ (
'CAx-IF Rec.Pracs.---Representation and Presentation of Product Manufa
cturing Information (PMI)---4.0---2014-10-13',
'CAx-IF Rec.Pracs.---3D Tessellated Geometry---0.4---2014-09-14','2;1'),

/* implementation_level */ '2;1');

FILE_NAME(
/* name */ 'openarm_right_link1_collision',
/* time_stamp */ '2026-07-31T22:01:59-07:00',
/* author */ (''),
/* organization */ (''),
/* preprocessor_version */ 'ST-DEVELOPER v20',
/* originating_system */ 'SIEMENS PLM Software NX2412.8300',
/* authorisation */ $);

FILE_SCHEMA (('AP242_MANAGED_MODEL_BASED_3D_ENGINEERING_MIM_LF { 1 0 10303 442 1 1 4 }'));
ENDSEC;

DATA;
#10=MECHANICAL_DESIGN_AND_DRAUGHTING_RELATIONSHIP('','',#26,#27);
#11=MECHANICAL_DESIGN_AND_DRAUGHTING_RELATIONSHIP('','',#28,#27);
#12=MECHANICAL_DESIGN_AND_DRAUGHTING_RELATIONSHIP('','',#29,#27);
#13=MECHANICAL_DESIGN_AND_DRAUGHTING_RELATIONSHIP('','',#30,#27);
#14=MECHANICAL_DESIGN_AND_DRAUGHTING_RELATIONSHIP('','',#31,#27);
#15=MECHANICAL_DESIGN_AND_DRAUGHTING_RELATIONSHIP('','',#32,#27);
#16=MECHANICAL_DESIGN_AND_DRAUGHTING_RELATIONSHIP('','',#33,#27);
#17=MECHANICAL_DESIGN_AND_DRAUGHTING_RELATIONSHIP('','',#34,#27);
#18=MODEL_GEOMETRIC_VIEW('Top','',#53,#26);
#19=MODEL_GEOMETRIC_VIEW('Front','',#54,#28);
#20=MODEL_GEOMETRIC_VIEW('Right','',#55,#29);
#21=MODEL_GEOMETRIC_VIEW('Back','',#56,#30);
#22=MODEL_GEOMETRIC_VIEW('Bottom','',#57,#31);
#23=MODEL_GEOMETRIC_VIEW('Left','',#58,#32);
#24=MODEL_GEOMETRIC_VIEW('Isometric','',#59,#33);
#25=MODEL_GEOMETRIC_VIEW('Trimetric','',#60,#34);
#26=DRAUGHTING_MODEL('Top',(#53,#44),#2934);
#27=DRAUGHTING_MODEL('',(#45),#2934);
#28=DRAUGHTING_MODEL('Front',(#54,#46),#2934);
#29=DRAUGHTING_MODEL('Right',(#55,#47),#2934);
#30=DRAUGHTING_MODEL('Back',(#56,#48),#2934);
#31=DRAUGHTING_MODEL('Bottom',(#57,#49),#2934);
#32=DRAUGHTING_MODEL('Left',(#58,#50),#2934);
#33=DRAUGHTING_MODEL('Isometric',(#59,#51),#2934);
#34=DRAUGHTING_MODEL('Trimetric',(#60,#52),#2934);
#35=REPRESENTATION_MAP(#1113,#85);
#36=REPRESENTATION_MAP(#1113,#85);
#37=REPRESENTATION_MAP(#1113,#85);
#38=REPRESENTATION_MAP(#1113,#85);
#39=REPRESENTATION_MAP(#1113,#85);
#40=REPRESENTATION_MAP(#1113,#85);
#41=REPRESENTATION_MAP(#1113,#85);
#42=REPRESENTATION_MAP(#1113,#85);
#43=REPRESENTATION_MAP(#1113,#85);
#44=MAPPED_ITEM('',#35,#1113);
#45=MAPPED_ITEM('',#36,#1113);
#46=MAPPED_ITEM('',#37,#1113);
#47=MAPPED_ITEM('',#38,#1113);
#48=MAPPED_ITEM('',#39,#1113);
#49=MAPPED_ITEM('',#40,#1113);
#50=MAPPED_ITEM('',#41,#1113);
#51=MAPPED_ITEM('',#42,#1113);
#52=MAPPED_ITEM('',#43,#1113);
#53=CAMERA_MODEL_D3('Top',#1220,#61);
#54=CAMERA_MODEL_D3('Front',#1222,#62);
#55=CAMERA_MODEL_D3('Right',#1224,#63);
#56=CAMERA_MODEL_D3('Back',#1226,#64);
#57=CAMERA_MODEL_D3('Bottom',#1228,#65);
#58=CAMERA_MODEL_D3('Left',#1230,#66);
#59=CAMERA_MODEL_D3('Isometric',#1232,#67);
#60=CAMERA_MODEL_D3('Trimetric',#1234,#68);
#61=VIEW_VOLUME(.PARALLEL.,#2910,157.432556152344,0.,.F.,0.,.F.,.F.,#69);
#62=VIEW_VOLUME(.PARALLEL.,#2913,171.906433105469,0.,.F.,0.,.F.,.F.,#70);
#63=VIEW_VOLUME(.PARALLEL.,#2916,171.90641784668,0.,.F.,0.,.F.,.F.,#71);
#64=VIEW_VOLUME(.PARALLEL.,#2919,171.906433105469,0.,.F.,0.,.F.,.F.,#72);
#65=VIEW_VOLUME(.PARALLEL.,#2922,157.432548522949,0.,.F.,0.,.F.,.F.,#73);
#66=VIEW_VOLUME(.PARALLEL.,#2925,171.906402587891,0.,.F.,0.,.F.,.F.,#74);
#67=VIEW_VOLUME(.PARALLEL.,#2928,274.150141660635,0.,.F.,0.,.F.,.F.,#75);
#68=VIEW_VOLUME(.PARALLEL.,#2931,246.446662885197,0.,.F.,0.,.F.,.F.,#76);
#69=PLANAR_BOX('',78.5046894554853,78.5046894554853,#1221);
#70=PLANAR_BOX('',85.7221751089764,85.7221751089764,#1223);
#71=PLANAR_BOX('',85.7221675000897,85.7221675000897,#1225);
#72=PLANAR_BOX('',85.7221751089764,85.7221751089764,#1227);
#73=PLANAR_BOX('',78.5046856510419,78.5046856510419,#1229);
#74=PLANAR_BOX('',85.7221598912029,85.7221598912029,#1231);
#75=PLANAR_BOX('',136.706614319461,136.706614319461,#1233);
#76=PLANAR_BOX('',122.892108277917,122.892108277917,#1235);
#77=ORIENTED_CLOSED_SHELL('',*,#1086,.F.);
#78=VERTEX_LOOP('',#787);
#79=SPHERICAL_SURFACE('',#1219,1.);
#80=BREP_WITH_VOIDS('Body (0)',#1085,(#77));
#81=CONICAL_SURFACE('',#1167,33.,0.78539816339745);
#82=CONICAL_SURFACE('',#1170,39.,0.785398163397443);
#83=CONICAL_SURFACE('',#1205,49.,0.78539816339745);
#84=SHAPE_REPRESENTATION_RELATIONSHIP('','',#1112,#85);
#85=ADVANCED_BREP_SHAPE_REPRESENTATION('',(#1109,#1110,#80),#2934);
#86=(
BOUNDED_SURFACE()
B_SPLINE_SURFACE(3,3,((#1753,#1754,#1755,#1756,#1757,#1758,#1759),(#1760,
#1761,#1762,#1763,#1764,#1765,#1766),(#1767,#1768,#1769,#1770,#1771,#1772,
#1773),(#1774,#1775,#1776,#1777,#1778,#1779,#1780)),.UNSPECIFIED.,.F.,.F.,
 .F.)
B_SPLINE_SURFACE_WITH_KNOTS((4,4),(4,3,4),(0.,1.),(0.,1.,1.00601483965785),
 .PIECEWISE_BEZIER_KNOTS.)
GEOMETRIC_REPRESENTATION_ITEM()
RATIONAL_B_SPLINE_SURFACE(((1.,0.993827362155602,0.993827362155602,1.,1.,
1.,1.),(1.,0.993827362155602,0.993827362155602,1.,1.,1.,1.),(1.,0.993827362155602,
0.993827362155602,1.,1.,1.,1.),(1.,0.993827362155602,0.993827362155602,
1.,1.,1.,1.)))
REPRESENTATION_ITEM('')
SURFACE()
);
#87=(
BOUNDED_SURFACE()
B_SPLINE_SURFACE(3,3,((#1785,#1786,#1787,#1788,#1789,#1790,#1791),(#1792,
#1793,#1794,#1795,#1796,#1797,#1798),(#1799,#1800,#1801,#1802,#1803,#1804,
#1805),(#1806,#1807,#1808,#1809,#1810,#1811,#1812)),.UNSPECIFIED.,.F.,.F.,
 .F.)
B_SPLINE_SURFACE_WITH_KNOTS((4,4),(4,3,4),(0.,1.),(-0.00601481487713707,
0.,1.),.PIECEWISE_BEZIER_KNOTS.)
GEOMETRIC_REPRESENTATION_ITEM()
RATIONAL_B_SPLINE_SURFACE(((1.,1.,1.,1.,0.993827362155602,0.993827362155602,
1.),(1.,1.,1.,1.,0.993827362155602,0.993827362155602,1.),(1.,1.,1.,1.,0.993827362155602,
0.993827362155602,1.),(1.,1.,1.,1.,0.993827362155602,0.993827362155602,
1.)))
REPRESENTATION_ITEM('')
SURFACE()
);
#88=(
BOUNDED_SURFACE()
B_SPLINE_SURFACE(3,2,((#1975,#1976,#1977),(#1978,#1979,#1980),(#1981,#1982,
#1983),(#1984,#1985,#1986)),.UNSPECIFIED.,.F.,.F.,.F.)
B_SPLINE_SURFACE_WITH_KNOTS((4,4),(3,3),(0.,0.00100562586222707),(0.,1.),
 .PIECEWISE_BEZIER_KNOTS.)
GEOMETRIC_REPRESENTATION_ITEM()
RATIONAL_B_SPLINE_SURFACE(((1.,0.808926617179025,1.),(1.,0.808924956615264,
1.),(1.,0.808365896538254,1.),(1.,0.80724074523571,1.)))
REPRESENTATION_ITEM('')
SURFACE()
);
#89=(
BOUNDED_SURFACE()
B_SPLINE_SURFACE(3,2,((#1988,#1989,#1990),(#1991,#1992,#1993),(#1994,#1995,
#1996),(#1997,#1998,#1999),(#2000,#2001,#2002),(#2003,#2004,#2005),(#2006,
#2007,#2008),(#2009,#2010,#2011),(#2012,#2013,#2014),(#2015,#2016,#2017),
(#2018,#2019,#2020),(#2021,#2022,#2023),(#2024,#2025,#2026),(#2027,#2028,
#2029),(#2030,#2031,#2032),(#2033,#2034,#2035),(#2036,#2037,#2038),(#2039,
#2040,#2041)),.UNSPECIFIED.,.F.,.F.,.F.)
B_SPLINE_SURFACE_WITH_KNOTS((4,2,2,2,2,2,2,2,4),(3,3),(0.,0.000933568535603716,
0.00186713707120743,0.00280070560681115,0.00373427414241487,0.00466784267801858,
0.0056014112136223,0.00653497974922601,0.00746854828482973),(0.,1.),
 .UNSPECIFIED.)
GEOMETRIC_REPRESENTATION_ITEM()
RATIONAL_B_SPLINE_SURFACE(((1.,0.807240745235711,1.),(1.,0.810971874008699,
1.),(1.,0.817337217187162,1.),(1.,0.834029520851625,1.),(1.,0.844451148056895,
1.),(1.,0.866756037986389,1.),(1.,0.878811136285132,1.),(1.,0.902814017326638,
1.),(1.,0.914606289693361,1.),(1.,0.936818992934817,1.),(1.,0.947259759123805,
1.),(1.,0.965523683066385,1.),(1.,0.973442245132739,1.),(1.,0.9864421551704,
1.),(1.,0.991495807439294,1.),(1.,0.998252954676935,1.),(1.,0.999998760170232,
1.),(1.,1.,1.)))
REPRESENTATION_ITEM('')
SURFACE()
);
#90=(
BOUNDED_SURFACE()
B_SPLINE_SURFACE(3,2,((#2044,#2045,#2046),(#2047,#2048,#2049),(#2050,#2051,
#2052),(#2053,#2054,#2055)),.UNSPECIFIED.,.F.,.F.,.F.)
B_SPLINE_SURFACE_WITH_KNOTS((4,4),(3,3),(-2.16840434497101E-19,0.00100562586222702),
(0.,1.),.PIECEWISE_BEZIER_KNOTS.)
GEOMETRIC_REPRESENTATION_ITEM()
RATIONAL_B_SPLINE_SURFACE(((1.,0.80724074523571,1.),(1.,0.808365896538254,
1.),(1.,0.808924956615265,1.),(1.,0.808926617179025,1.)))
REPRESENTATION_ITEM('')
SURFACE()
);
#91=(
BOUNDED_SURFACE()
B_SPLINE_SURFACE(3,2,((#2057,#2058,#2059),(#2060,#2061,#2062),(#2063,#2064,
#2065),(#2066,#2067,#2068),(#2069,#2070,#2071),(#2072,#2073,#2074),(#2075,
#2076,#2077),(#2078,#2079,#2080),(#2081,#2082,#2083),(#2084,#2085,#2086),
(#2087,#2088,#2089),(#2090,#2091,#2092),(#2093,#2094,#2095),(#2096,#2097,
#2098),(#2099,#2100,#2101),(#2102,#2103,#2104),(#2105,#2106,#2107),(#2108,
#2109,#2110)),.UNSPECIFIED.,.F.,.F.,.F.)
B_SPLINE_SURFACE_WITH_KNOTS((4,2,2,2,2,2,2,2,4),(3,3),(0.,0.000933568535603722,
0.00186713707120744,0.00280070560681116,0.00373427414241489,0.00466784267801861,
0.00560141121362233,0.00653497974922606,0.00746854828482978),(0.,1.),
 .UNSPECIFIED.)
GEOMETRIC_REPRESENTATION_ITEM()
RATIONAL_B_SPLINE_SURFACE(((1.,0.80724074523571,1.),(1.,0.810971874008804,
1.),(1.,0.817337217187022,1.),(1.,0.834029520851763,1.),(1.,0.844451148056981,
1.),(1.,0.866756037986302,1.),(1.,0.878811136285061,1.),(1.,0.902814017326706,
1.),(1.,0.914606289693361,1.),(1.,0.936818992934817,1.),(1.,0.94725975912377,
1.),(1.,0.965523683066419,1.),(1.,0.973442245132756,1.),(1.,0.986442155170382,
1.),(1.,0.991495807439276,1.),(1.,0.998252954676952,1.),(1.,0.999998760170219,
1.),(1.,1.,1.)))
REPRESENTATION_ITEM('')
SURFACE()
);
#92=CYLINDRICAL_SURFACE('',#1130,46.);
#93=CYLINDRICAL_SURFACE('',#1134,36.869601509559);
#94=CYLINDRICAL_SURFACE('',#1136,36.869601509559);
#95=CYLINDRICAL_SURFACE('',#1138,65.3187873022196);
#96=CYLINDRICAL_SURFACE('',#1140,65.3187873022196);
#97=CYLINDRICAL_SURFACE('',#1144,50.);
#98=CYLINDRICAL_SURFACE('',#1148,46.);
#99=CYLINDRICAL_SURFACE('',#1156,2.);
#100=CYLINDRICAL_SURFACE('',#1157,2.);
#101=CYLINDRICAL_SURFACE('',#1158,2.);
#102=CYLINDRICAL_SURFACE('',#1161,2.);
#103=CYLINDRICAL_SURFACE('',#1164,12.);
#104=CYLINDRICAL_SURFACE('',#1173,20.);
#105=CYLINDRICAL_SURFACE('',#1176,26.25);
#106=CYLINDRICAL_SURFACE('',#1179,35.);
#107=CYLINDRICAL_SURFACE('',#1181,41.);
#108=CYLINDRICAL_SURFACE('',#1183,35.5);
#109=CYLINDRICAL_SURFACE('',#1187,49.);
#110=CYLINDRICAL_SURFACE('',#1208,49.);
#111=CYLINDRICAL_SURFACE('',#1210,46.);
#112=CYLINDRICAL_SURFACE('',#1214,13.8151480535576);
#113=B_SPLINE_SURFACE_WITH_KNOTS('',3,3,((#1613,#1614,#1615,#1616),(#1617,
#1618,#1619,#1620),(#1621,#1622,#1623,#1624),(#1625,#1626,#1627,#1628),
(#1629,#1630,#1631,#1632),(#1633,#1634,#1635,#1636),(#1637,#1638,#1639,
#1640),(#1641,#1642,#1643,#1644),(#1645,#1646,#1647,#1648),(#1649,#1650,
#1651,#1652)),.UNSPECIFIED.,.F.,.F.,.F.,(4,1,1,1,1,1,1,4),(4,4),(0.684545388208747,
0.6875,0.71875,0.75,0.78125,0.8125,0.875,0.888895446006418),(0.,0.224280716491971),
 .UNSPECIFIED.);
#114=B_SPLINE_SURFACE_WITH_KNOTS('',3,3,((#1846,#1847,#1848,#1849,#1850,
#1851,#1852),(#1853,#1854,#1855,#1856,#1857,#1858,#1859),(#1860,#1861,#1862,
#1863,#1864,#1865,#1866),(#1867,#1868,#1869,#1870,#1871,#1872,#1873),(#1874,
#1875,#1876,#1877,#1878,#1879,#1880),(#1881,#1882,#1883,#1884,#1885,#1886,
#1887),(#1888,#1889,#1890,#1891,#1892,#1893,#1894),(#1895,#1896,#1897,#1898,
#1899,#1900,#1901),(#1902,#1903,#1904,#1905,#1906,#1907,#1908),(#1909,#1910,
#1911,#1912,#1913,#1914,#1915)),.UNSPECIFIED.,.F.,.F.,.F.,(4,1,1,1,1,1,
1,4),(4,3,4),(0.111104480903459,0.125,0.1875,0.21875,0.25,0.28125,0.3125,
0.315453733580843),(-2.56612006792712E-5,0.,0.222515621522919),
 .UNSPECIFIED.);
#115=B_SPLINE_SURFACE_WITH_KNOTS('',3,3,((#2297,#2298,#2299,#2300,#2301,
#2302),(#2303,#2304,#2305,#2306,#2307,#2308),(#2309,#2310,#2311,#2312,#2313,
#2314),(#2315,#2316,#2317,#2318,#2319,#2320),(#2321,#2322,#2323,#2324,#2325,
#2326),(#2327,#2328,#2329,#2330,#2331,#2332),(#2333,#2334,#2335,#2336,#2337,
#2338),(#2339,#2340,#2341,#2342,#2343,#2344)),.UNSPECIFIED.,.F.,.F.,.F.,
(4,1,3,4),(4,1,1,4),(0.886440865614578,0.9375,1.,1.00000513129167),(0.,
0.25,0.5,0.529332640675103),.UNSPECIFIED.);
#116=B_SPLINE_SURFACE_WITH_KNOTS('',5,5,((#2352,#2353,#2354,#2355,#2356,
#2357),(#2358,#2359,#2360,#2361,#2362,#2363),(#2364,#2365,#2366,#2367,#2368,
#2369),(#2370,#2371,#2372,#2373,#2374,#2375),(#2376,#2377,#2378,#2379,#2380,
#2381),(#2382,#2383,#2384,#2385,#2386,#2387),(#2388,#2389,#2390,#2391,#2392,
#2393),(#2394,#2395,#2396,#2397,#2398,#2399),(#2400,#2401,#2402,#2403,#2404,
#2405),(#2406,#2407,#2408,#2409,#2410,#2411),(#2412,#2413,#2414,#2415,#2416,
#2417),(#2418,#2419,#2420,#2421,#2422,#2423),(#2424,#2425,#2426,#2427,#2428,
#2429),(#2430,#2431,#2432,#2433,#2434,#2435),(#2436,#2437,#2438,#2439,#2440,
#2441),(#2442,#2443,#2444,#2445,#2446,#2447),(#2448,#2449,#2450,#2451,#2452,
#2453),(#2454,#2455,#2456,#2457,#2458,#2459),(#2460,#2461,#2462,#2463,#2464,
#2465),(#2466,#2467,#2468,#2469,#2470,#2471)),.UNSPECIFIED.,.F.,.F.,.F.,
(6,5,4,5,6),(6,6),(-0.01,0.,0.5,1.,1.01),(0.,1.),.UNSPECIFIED.);
#117=B_SPLINE_SURFACE_WITH_KNOTS('',5,5,((#2489,#2490,#2491,#2492,#2493,
#2494),(#2495,#2496,#2497,#2498,#2499,#2500),(#2501,#2502,#2503,#2504,#2505,
#2506),(#2507,#2508,#2509,#2510,#2511,#2512),(#2513,#2514,#2515,#2516,#2517,
#2518),(#2519,#2520,#2521,#2522,#2523,#2524),(#2525,#2526,#2527,#2528,#2529,
#2530),(#2531,#2532,#2533,#2534,#2535,#2536),(#2537,#2538,#2539,#2540,#2541,
#2542),(#2543,#2544,#2545,#2546,#2547,#2548),(#2549,#2550,#2551,#2552,#2553,
#2554),(#2555,#2556,#2557,#2558,#2559,#2560),(#2561,#2562,#2563,#2564,#2565,
#2566),(#2567,#2568,#2569,#2570,#2571,#2572)),.UNSPECIFIED.,.F.,.F.,.F.,
(6,4,4,6),(6,6),(0.,0.25,0.5,1.),(0.,1.),.UNSPECIFIED.);
#118=B_SPLINE_SURFACE_WITH_KNOTS('',5,5,((#2583,#2584,#2585,#2586,#2587,
#2588),(#2589,#2590,#2591,#2592,#2593,#2594),(#2595,#2596,#2597,#2598,#2599,
#2600),(#2601,#2602,#2603,#2604,#2605,#2606),(#2607,#2608,#2609,#2610,#2611,
#2612),(#2613,#2614,#2615,#2616,#2617,#2618),(#2619,#2620,#2621,#2622,#2623,
#2624),(#2625,#2626,#2627,#2628,#2629,#2630),(#2631,#2632,#2633,#2634,#2635,
#2636),(#2637,#2638,#2639,#2640,#2641,#2642),(#2643,#2644,#2645,#2646,#2647,
#2648),(#2649,#2650,#2651,#2652,#2653,#2654),(#2655,#2656,#2657,#2658,#2659,
#2660),(#2661,#2662,#2663,#2664,#2665,#2666),(#2667,#2668,#2669,#2670,#2671,
#2672),(#2673,#2674,#2675,#2676,#2677,#2678),(#2679,#2680,#2681,#2682,#2683,
#2684),(#2685,#2686,#2687,#2688,#2689,#2690),(#2691,#2692,#2693,#2694,#2695,
#2696),(#2697,#2698,#2699,#2700,#2701,#2702)),.UNSPECIFIED.,.F.,.F.,.F.,
(6,5,4,5,6),(6,6),(-0.01,0.,0.5,1.,1.01),(0.,1.),.UNSPECIFIED.);
#119=B_SPLINE_SURFACE_WITH_KNOTS('',5,5,((#2710,#2711,#2712,#2713,#2714,
#2715),(#2716,#2717,#2718,#2719,#2720,#2721),(#2722,#2723,#2724,#2725,#2726,
#2727),(#2728,#2729,#2730,#2731,#2732,#2733),(#2734,#2735,#2736,#2737,#2738,
#2739),(#2740,#2741,#2742,#2743,#2744,#2745),(#2746,#2747,#2748,#2749,#2750,
#2751),(#2752,#2753,#2754,#2755,#2756,#2757),(#2758,#2759,#2760,#2761,#2762,
#2763),(#2764,#2765,#2766,#2767,#2768,#2769),(#2770,#2771,#2772,#2773,#2774,
#2775)),.UNSPECIFIED.,.F.,.F.,.F.,(6,5,6),(6,6),(0.,1.,1.01301423259734),
(0.,1.),.UNSPECIFIED.);
#120=B_SPLINE_SURFACE_WITH_KNOTS('',5,5,((#2781,#2782,#2783,#2784,#2785,
#2786),(#2787,#2788,#2789,#2790,#2791,#2792),(#2793,#2794,#2795,#2796,#2797,
#2798),(#2799,#2800,#2801,#2802,#2803,#2804),(#2805,#2806,#2807,#2808,#2809,
#2810),(#2811,#2812,#2813,#2814,#2815,#2816),(#2817,#2818,#2819,#2820,#2821,
#2822),(#2823,#2824,#2825,#2826,#2827,#2828),(#2829,#2830,#2831,#2832,#2833,
#2834),(#2835,#2836,#2837,#2838,#2839,#2840),(#2841,#2842,#2843,#2844,#2845,
#2846)),.UNSPECIFIED.,.F.,.F.,.F.,(6,5,6),(6,6),(-0.0129879266535888,0.,
1.),(0.,1.),.UNSPECIFIED.);
#121=B_SPLINE_SURFACE_WITH_KNOTS('',3,3,((#2859,#2860,#2861,#2862,#2863,
#2864),(#2865,#2866,#2867,#2868,#2869,#2870),(#2871,#2872,#2873,#2874,#2875,
#2876),(#2877,#2878,#2879,#2880,#2881,#2882),(#2883,#2884,#2885,#2886,#2887,
#2888),(#2889,#2890,#2891,#2892,#2893,#2894),(#2895,#2896,#2897,#2898,#2899,
#2900),(#2901,#2902,#2903,#2904,#2905,#2906)),.UNSPECIFIED.,.F.,.F.,.F.,
(4,3,1,4),(4,1,1,4),(-5.13129166714172E-6,0.,0.0625,0.113559995206474),
(0.,0.25,0.5,0.529332645149617),.UNSPECIFIED.);
#122=LINE('',#1569,#159);
#123=LINE('',#1580,#160);
#124=LINE('',#1582,#161);
#125=LINE('',#1584,#162);
#126=LINE('',#1600,#163);
#127=LINE('',#1607,#164);
#128=LINE('',#1612,#165);
#129=LINE('',#1673,#166);
#130=LINE('',#1700,#167);
#131=LINE('',#1713,#168);
#132=LINE('',#1714,#169);
#133=LINE('',#1736,#170);
#134=LINE('',#1737,#171);
#135=LINE('',#1739,#172);
#136=LINE('',#1835,#173);
#137=LINE('',#1837,#174);
#138=LINE('',#1840,#175);
#139=LINE('',#1842,#176);
#140=LINE('',#1925,#177);
#141=LINE('',#1927,#178);
#142=LINE('',#1934,#179);
#143=LINE('',#1936,#180);
#144=LINE('',#1938,#181);
#145=LINE('',#1945,#182);
#146=LINE('',#2146,#183);
#147=LINE('',#2150,#184);
#148=LINE('',#2161,#185);
#149=LINE('',#2163,#186);
#150=LINE('',#2209,#187);
#151=LINE('',#2211,#188);
#152=LINE('',#2240,#189);
#153=LINE('',#2241,#190);
#154=LINE('',#2260,#191);
#155=LINE('',#2266,#192);
#156=LINE('',#2277,#193);
#157=LINE('',#2287,#194);
#158=LINE('',#2351,#195);
#159=VECTOR('',#1256,1000.);
#160=VECTOR('',#1261,1000.);
#161=VECTOR('',#1262,1000.);
#162=VECTOR('',#1263,1000.);
#163=VECTOR('',#1270,1000.);
#164=VECTOR('',#1271,1000.);
#165=VECTOR('',#1276,1000.);
#166=VECTOR('',#1281,1000.);
#167=VECTOR('',#1286,1000.);
#168=VECTOR('',#1289,1000.);
#169=VECTOR('',#1290,1000.);
#170=VECTOR('',#1297,1000.);
#171=VECTOR('',#1298,1000.);
#172=VECTOR('',#1301,1000.);
#173=VECTOR('',#1314,1000.);
#174=VECTOR('',#1317,1000.);
#175=VECTOR('',#1318,1000.);
#176=VECTOR('',#1319,1000.);
#177=VECTOR('',#1332,1000.);
#178=VECTOR('',#1333,1000.);
#179=VECTOR('',#1334,1000.);
#180=VECTOR('',#1337,1000.);
#181=VECTOR('',#1338,1000.);
#182=VECTOR('',#1339,1000.);
#183=VECTOR('',#1404,1000.);
#184=VECTOR('',#1407,1000.);
#185=VECTOR('',#1422,1000.);
#186=VECTOR('',#1425,1000.);
#187=VECTOR('',#1456,1000.);
#188=VECTOR('',#1457,1000.);
#189=VECTOR('',#1464,1000.);
#190=VECTOR('',#1465,1000.);
#191=VECTOR('',#1470,1000.);
#192=VECTOR('',#1471,1000.);
#193=VECTOR('',#1474,1000.);
#194=VECTOR('',#1475,1000.);
#195=VECTOR('',#1480,1000.);
#196=PLANE('',#1122);
#197=PLANE('',#1127);
#198=PLANE('',#1133);
#199=PLANE('',#1145);
#200=PLANE('',#1151);
#201=PLANE('',#1152);
#202=PLANE('',#1153);
#203=PLANE('',#1190);
#204=PLANE('',#1191);
#205=PLANE('',#1192);
#206=PLANE('',#1193);
#207=PLANE('',#1194);
#208=PLANE('',#1195);
#209=PLANE('',#1196);
#210=PLANE('',#1197);
#211=PLANE('',#1198);
#212=PLANE('',#1199);
#213=PLANE('',#1213);
#214=PLANE('',#1215);
#215=PLANE('',#1216);
#216=PLANE('',#1217);
#217=PLANE('',#1218);
#218=CIRCLE('',#1115,33.869601509559);
#219=CIRCLE('',#1116,3.);
#220=CIRCLE('',#1117,36.869601509559);
#221=CIRCLE('',#1119,33.869601509559);
#222=CIRCLE('',#1120,36.869601509559);
#223=CIRCLE('',#1121,3.);
#224=CIRCLE('',#1123,43.);
#225=CIRCLE('',#1124,62.3187873022196);
#226=CIRCLE('',#1125,62.3187873022196);
#227=CIRCLE('',#1126,43.);
#228=CIRCLE('',#1128,3.);
#229=CIRCLE('',#1129,3.);
#230=CIRCLE('',#1131,46.);
#231=CIRCLE('',#1135,36.869601509559);
#232=CIRCLE('',#1137,36.869601509559);
#233=CIRCLE('',#1139,65.3187873022195);
#234=CIRCLE('',#1141,65.3187873022195);
#235=CIRCLE('',#1146,2.);
#236=CIRCLE('',#1147,2.);
#237=CIRCLE('',#1149,46.);
#238=CIRCLE('',#1154,2.);
#239=CIRCLE('',#1155,2.);
#240=CIRCLE('',#1159,2.);
#241=CIRCLE('',#1160,2.);
#242=CIRCLE('',#1162,2.);
#243=CIRCLE('',#1163,1.99999999999999);
#244=CIRCLE('',#1165,12.);
#245=CIRCLE('',#1166,12.);
#246=CIRCLE('',#1168,33.);
#247=CIRCLE('',#1169,35.);
#248=CIRCLE('',#1171,39.);
#249=CIRCLE('',#1172,41.);
#250=CIRCLE('',#1174,20.);
#251=CIRCLE('',#1175,20.);
#252=CIRCLE('',#1177,26.25);
#253=CIRCLE('',#1178,26.25);
#254=CIRCLE('',#1180,35.);
#255=CIRCLE('',#1182,41.);
#256=CIRCLE('',#1184,35.5);
#257=CIRCLE('',#1185,35.5);
#258=CIRCLE('',#1186,35.5);
#259=CIRCLE('',#1188,49.);
#260=CIRCLE('',#1189,49.);
#261=CIRCLE('',#1201,46.);
#262=CIRCLE('',#1202,3.);
#263=CIRCLE('',#1203,43.);
#264=CIRCLE('',#1204,3.);
#265=CIRCLE('',#1206,34.);
#266=CIRCLE('',#1207,49.);
#267=CIRCLE('',#1209,49.);
#268=CIRCLE('',#1211,46.);
#269=CIRCLE('',#1212,46.);
#270=ORIENTED_EDGE('',*,*,#552,.T.);
#271=ORIENTED_EDGE('',*,*,#553,.T.);
#272=ORIENTED_EDGE('',*,*,#554,.F.);
#273=ORIENTED_EDGE('',*,*,#555,.F.);
#274=ORIENTED_EDGE('',*,*,#556,.F.);
#275=ORIENTED_EDGE('',*,*,#557,.F.);
#276=ORIENTED_EDGE('',*,*,#558,.T.);
#277=ORIENTED_EDGE('',*,*,#559,.T.);
#278=ORIENTED_EDGE('',*,*,#560,.F.);
#279=ORIENTED_EDGE('',*,*,#561,.T.);
#280=ORIENTED_EDGE('',*,*,#562,.T.);
#281=ORIENTED_EDGE('',*,*,#563,.T.);
#282=ORIENTED_EDGE('',*,*,#564,.T.);
#283=ORIENTED_EDGE('',*,*,#565,.T.);
#284=ORIENTED_EDGE('',*,*,#554,.T.);
#285=ORIENTED_EDGE('',*,*,#566,.T.);
#286=ORIENTED_EDGE('',*,*,#567,.T.);
#287=ORIENTED_EDGE('',*,*,#568,.T.);
#288=ORIENTED_EDGE('',*,*,#557,.T.);
#289=ORIENTED_EDGE('',*,*,#569,.T.);
#290=ORIENTED_EDGE('',*,*,#570,.T.);
#291=ORIENTED_EDGE('',*,*,#571,.T.);
#292=ORIENTED_EDGE('',*,*,#572,.F.);
#293=ORIENTED_EDGE('',*,*,#573,.T.);
#294=ORIENTED_EDGE('',*,*,#574,.F.);
#295=ORIENTED_EDGE('',*,*,#575,.F.);
#296=ORIENTED_EDGE('',*,*,#576,.F.);
#297=ORIENTED_EDGE('',*,*,#562,.F.);
#298=ORIENTED_EDGE('',*,*,#577,.F.);
#299=ORIENTED_EDGE('',*,*,#578,.F.);
#300=ORIENTED_EDGE('',*,*,#579,.T.);
#301=ORIENTED_EDGE('',*,*,#580,.F.);
#302=ORIENTED_EDGE('',*,*,#574,.T.);
#303=ORIENTED_EDGE('',*,*,#581,.F.);
#304=ORIENTED_EDGE('',*,*,#582,.T.);
#305=ORIENTED_EDGE('',*,*,#575,.T.);
#306=ORIENTED_EDGE('',*,*,#580,.T.);
#307=ORIENTED_EDGE('',*,*,#583,.T.);
#308=ORIENTED_EDGE('',*,*,#564,.F.);
#309=ORIENTED_EDGE('',*,*,#563,.F.);
#310=ORIENTED_EDGE('',*,*,#576,.T.);
#311=ORIENTED_EDGE('',*,*,#582,.F.);
#312=ORIENTED_EDGE('',*,*,#584,.T.);
#313=ORIENTED_EDGE('',*,*,#573,.F.);
#314=ORIENTED_EDGE('',*,*,#585,.T.);
#315=ORIENTED_EDGE('',*,*,#586,.T.);
#316=ORIENTED_EDGE('',*,*,#587,.T.);
#317=ORIENTED_EDGE('',*,*,#588,.F.);
#318=ORIENTED_EDGE('',*,*,#581,.T.);
#319=ORIENTED_EDGE('',*,*,#589,.T.);
#320=ORIENTED_EDGE('',*,*,#590,.T.);
#321=ORIENTED_EDGE('',*,*,#560,.T.);
#322=ORIENTED_EDGE('',*,*,#591,.T.);
#323=ORIENTED_EDGE('',*,*,#592,.F.);
#324=ORIENTED_EDGE('',*,*,#593,.T.);
#325=ORIENTED_EDGE('',*,*,#594,.F.);
#326=ORIENTED_EDGE('',*,*,#595,.T.);
#327=ORIENTED_EDGE('',*,*,#596,.F.);
#328=ORIENTED_EDGE('',*,*,#597,.T.);
#329=ORIENTED_EDGE('',*,*,#556,.T.);
#330=ORIENTED_EDGE('',*,*,#598,.F.);
#331=ORIENTED_EDGE('',*,*,#599,.T.);
#332=ORIENTED_EDGE('',*,*,#600,.T.);
#333=ORIENTED_EDGE('',*,*,#590,.F.);
#334=ORIENTED_EDGE('',*,*,#601,.T.);
#335=ORIENTED_EDGE('',*,*,#598,.T.);
#336=ORIENTED_EDGE('',*,*,#602,.T.);
#337=ORIENTED_EDGE('',*,*,#583,.F.);
#338=ORIENTED_EDGE('',*,*,#603,.T.);
#339=ORIENTED_EDGE('',*,*,#579,.F.);
#340=ORIENTED_EDGE('',*,*,#588,.T.);
#341=ORIENTED_EDGE('',*,*,#604,.T.);
#342=ORIENTED_EDGE('',*,*,#594,.T.);
#343=ORIENTED_EDGE('',*,*,#603,.F.);
#344=ORIENTED_EDGE('',*,*,#586,.F.);
#345=ORIENTED_EDGE('',*,*,#605,.F.);
#346=ORIENTED_EDGE('',*,*,#601,.F.);
#347=ORIENTED_EDGE('',*,*,#589,.F.);
#348=ORIENTED_EDGE('',*,*,#606,.F.);
#349=ORIENTED_EDGE('',*,*,#607,.F.);
#350=ORIENTED_EDGE('',*,*,#569,.F.);
#351=ORIENTED_EDGE('',*,*,#561,.F.);
#352=ORIENTED_EDGE('',*,*,#600,.F.);
#353=ORIENTED_EDGE('',*,*,#584,.F.);
#354=ORIENTED_EDGE('',*,*,#602,.F.);
#355=ORIENTED_EDGE('',*,*,#555,.T.);
#356=ORIENTED_EDGE('',*,*,#565,.F.);
#357=ORIENTED_EDGE('',*,*,#587,.F.);
#358=ORIENTED_EDGE('',*,*,#606,.T.);
#359=ORIENTED_EDGE('',*,*,#593,.F.);
#360=ORIENTED_EDGE('',*,*,#608,.T.);
#361=ORIENTED_EDGE('',*,*,#595,.F.);
#362=ORIENTED_EDGE('',*,*,#604,.F.);
#363=ORIENTED_EDGE('',*,*,#609,.F.);
#364=ORIENTED_EDGE('',*,*,#610,.F.);
#365=ORIENTED_EDGE('',*,*,#611,.T.);
#366=ORIENTED_EDGE('',*,*,#612,.T.);
#367=ORIENTED_EDGE('',*,*,#596,.T.);
#368=ORIENTED_EDGE('',*,*,#608,.F.);
#369=ORIENTED_EDGE('',*,*,#592,.T.);
#370=ORIENTED_EDGE('',*,*,#613,.T.);
#371=ORIENTED_EDGE('',*,*,#605,.T.);
#372=ORIENTED_EDGE('',*,*,#585,.F.);
#373=ORIENTED_EDGE('',*,*,#572,.T.);
#374=ORIENTED_EDGE('',*,*,#614,.F.);
#375=ORIENTED_EDGE('',*,*,#615,.T.);
#376=ORIENTED_EDGE('',*,*,#599,.F.);
#377=ORIENTED_EDGE('',*,*,#614,.T.);
#378=ORIENTED_EDGE('',*,*,#578,.T.);
#379=ORIENTED_EDGE('',*,*,#607,.T.);
#380=ORIENTED_EDGE('',*,*,#615,.F.);
#381=ORIENTED_EDGE('',*,*,#577,.T.);
#382=ORIENTED_EDGE('',*,*,#571,.F.);
#383=ORIENTED_EDGE('',*,*,#570,.F.);
#384=ORIENTED_EDGE('',*,*,#616,.T.);
#385=ORIENTED_EDGE('',*,*,#609,.T.);
#386=ORIENTED_EDGE('',*,*,#617,.T.);
#387=ORIENTED_EDGE('',*,*,#618,.T.);
#388=ORIENTED_EDGE('',*,*,#619,.T.);
#389=ORIENTED_EDGE('',*,*,#611,.F.);
#390=ORIENTED_EDGE('',*,*,#620,.F.);
#391=ORIENTED_EDGE('',*,*,#621,.T.);
#392=ORIENTED_EDGE('',*,*,#622,.T.);
#393=ORIENTED_EDGE('',*,*,#623,.T.);
#394=ORIENTED_EDGE('',*,*,#620,.T.);
#395=ORIENTED_EDGE('',*,*,#610,.T.);
#396=ORIENTED_EDGE('',*,*,#616,.F.);
#397=ORIENTED_EDGE('',*,*,#624,.T.);
#398=ORIENTED_EDGE('',*,*,#567,.F.);
#399=ORIENTED_EDGE('',*,*,#625,.T.);
#400=ORIENTED_EDGE('',*,*,#566,.F.);
#401=ORIENTED_EDGE('',*,*,#626,.T.);
#402=ORIENTED_EDGE('',*,*,#621,.F.);
#403=ORIENTED_EDGE('',*,*,#625,.F.);
#404=ORIENTED_EDGE('',*,*,#619,.F.);
#405=ORIENTED_EDGE('',*,*,#627,.T.);
#406=ORIENTED_EDGE('',*,*,#568,.F.);
#407=ORIENTED_EDGE('',*,*,#624,.F.);
#408=ORIENTED_EDGE('',*,*,#612,.F.);
#409=ORIENTED_EDGE('',*,*,#623,.F.);
#410=ORIENTED_EDGE('',*,*,#628,.F.);
#411=ORIENTED_EDGE('',*,*,#597,.F.);
#412=ORIENTED_EDGE('',*,*,#628,.T.);
#413=ORIENTED_EDGE('',*,*,#622,.F.);
#414=ORIENTED_EDGE('',*,*,#629,.F.);
#415=ORIENTED_EDGE('',*,*,#552,.F.);
#416=ORIENTED_EDGE('',*,*,#629,.T.);
#417=ORIENTED_EDGE('',*,*,#626,.F.);
#418=ORIENTED_EDGE('',*,*,#553,.F.);
#419=ORIENTED_EDGE('',*,*,#613,.F.);
#420=ORIENTED_EDGE('',*,*,#591,.F.);
#421=ORIENTED_EDGE('',*,*,#630,.F.);
#422=ORIENTED_EDGE('',*,*,#617,.F.);
#423=ORIENTED_EDGE('',*,*,#630,.T.);
#424=ORIENTED_EDGE('',*,*,#559,.F.);
#425=ORIENTED_EDGE('',*,*,#631,.F.);
#426=ORIENTED_EDGE('',*,*,#618,.F.);
#427=ORIENTED_EDGE('',*,*,#558,.F.);
#428=ORIENTED_EDGE('',*,*,#627,.F.);
#429=ORIENTED_EDGE('',*,*,#631,.T.);
#430=ORIENTED_EDGE('',*,*,#632,.F.);
#431=ORIENTED_EDGE('',*,*,#633,.T.);
#432=ORIENTED_EDGE('',*,*,#634,.F.);
#433=ORIENTED_EDGE('',*,*,#635,.F.);
#434=ORIENTED_EDGE('',*,*,#636,.F.);
#435=ORIENTED_EDGE('',*,*,#637,.F.);
#436=ORIENTED_EDGE('',*,*,#638,.F.);
#437=ORIENTED_EDGE('',*,*,#639,.T.);
#438=ORIENTED_EDGE('',*,*,#640,.F.);
#439=ORIENTED_EDGE('',*,*,#641,.T.);
#440=ORIENTED_EDGE('',*,*,#635,.T.);
#441=ORIENTED_EDGE('',*,*,#642,.T.);
#442=ORIENTED_EDGE('',*,*,#637,.T.);
#443=ORIENTED_EDGE('',*,*,#643,.T.);
#444=ORIENTED_EDGE('',*,*,#644,.F.);
#445=ORIENTED_EDGE('',*,*,#645,.T.);
#446=ORIENTED_EDGE('',*,*,#646,.F.);
#447=ORIENTED_EDGE('',*,*,#647,.F.);
#448=ORIENTED_EDGE('',*,*,#648,.T.);
#449=ORIENTED_EDGE('',*,*,#649,.T.);
#450=ORIENTED_EDGE('',*,*,#650,.F.);
#451=ORIENTED_EDGE('',*,*,#649,.F.);
#452=ORIENTED_EDGE('',*,*,#648,.F.);
#453=ORIENTED_EDGE('',*,*,#650,.T.);
#454=ORIENTED_EDGE('',*,*,#643,.F.);
#455=ORIENTED_EDGE('',*,*,#651,.F.);
#456=ORIENTED_EDGE('',*,*,#644,.T.);
#457=ORIENTED_EDGE('',*,*,#651,.T.);
#458=ORIENTED_EDGE('',*,*,#647,.T.);
#459=ORIENTED_EDGE('',*,*,#652,.F.);
#460=ORIENTED_EDGE('',*,*,#645,.F.);
#461=ORIENTED_EDGE('',*,*,#646,.T.);
#462=ORIENTED_EDGE('',*,*,#652,.T.);
#463=ORIENTED_EDGE('',*,*,#636,.T.);
#464=ORIENTED_EDGE('',*,*,#642,.F.);
#465=ORIENTED_EDGE('',*,*,#634,.T.);
#466=ORIENTED_EDGE('',*,*,#641,.F.);
#467=ORIENTED_EDGE('',*,*,#640,.T.);
#468=ORIENTED_EDGE('',*,*,#639,.F.);
#469=ORIENTED_EDGE('',*,*,#638,.T.);
#470=ORIENTED_EDGE('',*,*,#633,.F.);
#471=ORIENTED_EDGE('',*,*,#632,.T.);
#472=ORIENTED_EDGE('',*,*,#653,.F.);
#473=ORIENTED_EDGE('',*,*,#654,.F.);
#474=ORIENTED_EDGE('',*,*,#655,.F.);
#475=ORIENTED_EDGE('',*,*,#656,.F.);
#476=ORIENTED_EDGE('',*,*,#657,.F.);
#477=ORIENTED_EDGE('',*,*,#658,.F.);
#478=ORIENTED_EDGE('',*,*,#659,.T.);
#479=ORIENTED_EDGE('',*,*,#660,.F.);
#480=ORIENTED_EDGE('',*,*,#661,.F.);
#481=ORIENTED_EDGE('',*,*,#659,.F.);
#482=ORIENTED_EDGE('',*,*,#662,.F.);
#483=ORIENTED_EDGE('',*,*,#663,.T.);
#484=ORIENTED_EDGE('',*,*,#664,.F.);
#485=ORIENTED_EDGE('',*,*,#665,.F.);
#486=ORIENTED_EDGE('',*,*,#666,.T.);
#487=ORIENTED_EDGE('',*,*,#667,.F.);
#488=ORIENTED_EDGE('',*,*,#668,.T.);
#489=ORIENTED_EDGE('',*,*,#669,.F.);
#490=ORIENTED_EDGE('',*,*,#653,.T.);
#491=ORIENTED_EDGE('',*,*,#670,.F.);
#492=ORIENTED_EDGE('',*,*,#671,.T.);
#493=ORIENTED_EDGE('',*,*,#672,.F.);
#494=ORIENTED_EDGE('',*,*,#673,.F.);
#495=ORIENTED_EDGE('',*,*,#674,.T.);
#496=ORIENTED_EDGE('',*,*,#675,.F.);
#497=ORIENTED_EDGE('',*,*,#676,.T.);
#498=ORIENTED_EDGE('',*,*,#670,.T.);
#499=ORIENTED_EDGE('',*,*,#656,.T.);
#500=ORIENTED_EDGE('',*,*,#677,.T.);
#501=ORIENTED_EDGE('',*,*,#654,.T.);
#502=ORIENTED_EDGE('',*,*,#669,.T.);
#503=ORIENTED_EDGE('',*,*,#678,.T.);
#504=ORIENTED_EDGE('',*,*,#679,.T.);
#505=ORIENTED_EDGE('',*,*,#680,.T.);
#506=ORIENTED_EDGE('',*,*,#681,.F.);
#507=ORIENTED_EDGE('',*,*,#679,.F.);
#508=ORIENTED_EDGE('',*,*,#682,.T.);
#509=ORIENTED_EDGE('',*,*,#675,.T.);
#510=ORIENTED_EDGE('',*,*,#683,.T.);
#511=ORIENTED_EDGE('',*,*,#674,.F.);
#512=ORIENTED_EDGE('',*,*,#668,.F.);
#513=ORIENTED_EDGE('',*,*,#684,.F.);
#514=ORIENTED_EDGE('',*,*,#680,.F.);
#515=ORIENTED_EDGE('',*,*,#683,.F.);
#516=ORIENTED_EDGE('',*,*,#685,.F.);
#517=ORIENTED_EDGE('',*,*,#657,.T.);
#518=ORIENTED_EDGE('',*,*,#686,.T.);
#519=ORIENTED_EDGE('',*,*,#673,.T.);
#520=ORIENTED_EDGE('',*,*,#687,.F.);
#521=ORIENTED_EDGE('',*,*,#658,.T.);
#522=ORIENTED_EDGE('',*,*,#688,.T.);
#523=ORIENTED_EDGE('',*,*,#665,.T.);
#524=ORIENTED_EDGE('',*,*,#664,.T.);
#525=ORIENTED_EDGE('',*,*,#686,.F.);
#526=ORIENTED_EDGE('',*,*,#685,.T.);
#527=ORIENTED_EDGE('',*,*,#689,.T.);
#528=ORIENTED_EDGE('',*,*,#666,.F.);
#529=ORIENTED_EDGE('',*,*,#688,.F.);
#530=ORIENTED_EDGE('',*,*,#660,.T.);
#531=ORIENTED_EDGE('',*,*,#690,.T.);
#532=ORIENTED_EDGE('',*,*,#684,.T.);
#533=ORIENTED_EDGE('',*,*,#667,.T.);
#534=ORIENTED_EDGE('',*,*,#689,.F.);
#535=ORIENTED_EDGE('',*,*,#661,.T.);
#536=ORIENTED_EDGE('',*,*,#672,.T.);
#537=ORIENTED_EDGE('',*,*,#691,.F.);
#538=ORIENTED_EDGE('',*,*,#692,.F.);
#539=ORIENTED_EDGE('',*,*,#662,.T.);
#540=ORIENTED_EDGE('',*,*,#687,.T.);
#541=ORIENTED_EDGE('',*,*,#655,.T.);
#542=ORIENTED_EDGE('',*,*,#677,.F.);
#543=ORIENTED_EDGE('',*,*,#692,.T.);
#544=ORIENTED_EDGE('',*,*,#681,.T.);
#545=ORIENTED_EDGE('',*,*,#690,.F.);
#546=ORIENTED_EDGE('',*,*,#663,.F.);
#547=ORIENTED_EDGE('',*,*,#676,.F.);
#548=ORIENTED_EDGE('',*,*,#682,.F.);
#549=ORIENTED_EDGE('',*,*,#678,.F.);
#550=ORIENTED_EDGE('',*,*,#691,.T.);
#551=ORIENTED_EDGE('',*,*,#671,.F.);
#552=EDGE_CURVE('NONE',#693,#694,#788,.T.);
#553=EDGE_CURVE('NONE',#694,#695,#789,.T.);
#554=EDGE_CURVE('NONE',#696,#695,#218,.T.);
#555=EDGE_CURVE('NONE',#697,#696,#219,.T.);
#556=EDGE_CURVE('NONE',#693,#697,#220,.T.);
#557=EDGE_CURVE('NONE',#698,#699,#221,.T.);
#558=EDGE_CURVE('NONE',#698,#700,#790,.T.);
#559=EDGE_CURVE('NONE',#700,#701,#791,.T.);
#560=EDGE_CURVE('NONE',#702,#701,#222,.T.);
#561=EDGE_CURVE('NONE',#702,#699,#223,.T.);
#562=EDGE_CURVE('NONE',#703,#704,#122,.T.);
#563=EDGE_CURVE('NONE',#704,#705,#224,.T.);
#564=EDGE_CURVE('NONE',#705,#706,#792,.T.);
#565=EDGE_CURVE('NONE',#706,#696,#225,.T.);
#566=EDGE_CURVE('NONE',#695,#707,#123,.T.);
#567=EDGE_CURVE('NONE',#707,#708,#124,.T.);
#568=EDGE_CURVE('NONE',#708,#698,#125,.T.);
#569=EDGE_CURVE('NONE',#699,#709,#226,.T.);
#570=EDGE_CURVE('NONE',#709,#710,#793,.T.);
#571=EDGE_CURVE('NONE',#710,#703,#227,.T.);
#572=EDGE_CURVE('NONE',#711,#712,#794,.T.);
#573=EDGE_CURVE('NONE',#711,#713,#126,.T.);
#574=EDGE_CURVE('NONE',#714,#713,#795,.T.);
#575=EDGE_CURVE('NONE',#715,#714,#127,.T.);
#576=EDGE_CURVE('NONE',#704,#715,#228,.T.);
#577=EDGE_CURVE('NONE',#716,#703,#229,.T.);
#578=EDGE_CURVE('NONE',#712,#716,#128,.T.);
#579=EDGE_CURVE('NONE',#717,#718,#796,.T.);
#580=EDGE_CURVE('NONE',#714,#718,#797,.T.);
#581=EDGE_CURVE('NONE',#717,#713,#798,.T.);
#582=EDGE_CURVE('NONE',#719,#715,#230,.T.);
#583=EDGE_CURVE('NONE',#718,#719,#129,.T.);
#584=EDGE_CURVE('NONE',#719,#706,#799,.T.);
#585=EDGE_CURVE('NONE',#711,#720,#800,.T.);
#586=EDGE_CURVE('NONE',#720,#721,#801,.T.);
#587=EDGE_CURVE('NONE',#721,#722,#130,.T.);
#588=EDGE_CURVE('NONE',#717,#722,#802,.T.);
#589=EDGE_CURVE('NONE',#723,#724,#803,.T.);
#590=EDGE_CURVE('NONE',#724,#702,#131,.T.);
#591=EDGE_CURVE('NONE',#701,#725,#132,.T.);
#592=EDGE_CURVE('NONE',#726,#725,#231,.T.);
#593=EDGE_CURVE('NONE',#726,#723,#804,.T.);
#594=EDGE_CURVE('NONE',#727,#728,#805,.F.);
#595=EDGE_CURVE('NONE',#727,#729,#806,.T.);
#596=EDGE_CURVE('NONE',#730,#729,#232,.T.);
#597=EDGE_CURVE('NONE',#730,#693,#133,.T.);
#598=EDGE_CURVE('NONE',#728,#697,#134,.T.);
#599=EDGE_CURVE('NONE',#731,#732,#135,.T.);
#600=EDGE_CURVE('NONE',#732,#702,#233,.T.);
#601=EDGE_CURVE('NONE',#724,#731,#807,.T.);
#602=EDGE_CURVE('NONE',#697,#719,#234,.T.);
#603=EDGE_CURVE('NONE',#718,#728,#808,.T.);
#604=EDGE_CURVE('NONE',#722,#727,#809,.T.);
#605=EDGE_CURVE('NONE',#731,#720,#810,.F.);
#606=EDGE_CURVE('NONE',#721,#723,#811,.T.);
#607=EDGE_CURVE('NONE',#709,#732,#812,.F.);
#608=EDGE_CURVE('NONE',#726,#729,#136,.T.);
#609=EDGE_CURVE('NONE',#733,#734,#137,.T.);
#610=EDGE_CURVE('NONE',#735,#733,#138,.T.);
#611=EDGE_CURVE('NONE',#735,#736,#139,.T.);
#612=EDGE_CURVE('NONE',#736,#730,#235,.T.);
#613=EDGE_CURVE('NONE',#725,#734,#236,.T.);
#614=EDGE_CURVE('NONE',#731,#712,#813,.T.);
#615=EDGE_CURVE('NONE',#716,#732,#237,.T.);
#616=EDGE_CURVE('NONE',#737,#733,#140,.T.);
#617=EDGE_CURVE('NONE',#734,#738,#141,.T.);
#618=EDGE_CURVE('NONE',#738,#739,#814,.T.);
#619=EDGE_CURVE('NONE',#739,#737,#142,.T.);
#620=EDGE_CURVE('NONE',#740,#735,#143,.T.);
#621=EDGE_CURVE('NONE',#740,#741,#144,.T.);
#622=EDGE_CURVE('NONE',#741,#742,#815,.T.);
#623=EDGE_CURVE('NONE',#742,#736,#145,.T.);
#624=EDGE_CURVE('NONE',#737,#708,#238,.T.);
#625=EDGE_CURVE('NONE',#707,#740,#239,.T.);
#626=EDGE_CURVE('NONE',#695,#741,#816,.T.);
#627=EDGE_CURVE('NONE',#739,#698,#817,.T.);
#628=EDGE_CURVE('NONE',#693,#742,#240,.T.);
#629=EDGE_CURVE('NONE',#694,#741,#241,.T.);
#630=EDGE_CURVE('NONE',#738,#701,#242,.T.);
#631=EDGE_CURVE('NONE',#739,#700,#243,.T.);
#632=EDGE_CURVE('NONE',#743,#743,#244,.T.);
#633=EDGE_CURVE('NONE',#744,#744,#245,.T.);
#634=EDGE_CURVE('NONE',#745,#745,#246,.T.);
#635=EDGE_CURVE('NONE',#746,#746,#247,.T.);
#636=EDGE_CURVE('NONE',#747,#747,#248,.T.);
#637=EDGE_CURVE('NONE',#748,#748,#249,.T.);
#638=EDGE_CURVE('NONE',#749,#749,#250,.T.);
#639=EDGE_CURVE('NONE',#750,#750,#251,.T.);
#640=EDGE_CURVE('NONE',#751,#751,#252,.T.);
#641=EDGE_CURVE('NONE',#752,#752,#253,.T.);
#642=EDGE_CURVE('NONE',#753,#753,#254,.T.);
#643=EDGE_CURVE('NONE',#754,#754,#255,.T.);
#644=EDGE_CURVE('NONE',#755,#756,#256,.T.);
#645=EDGE_CURVE('NONE',#755,#757,#146,.F.);
#646=EDGE_CURVE('NONE',#758,#757,#257,.T.);
#647=EDGE_CURVE('NONE',#756,#758,#147,.F.);
#648=EDGE_CURVE('NONE',#759,#759,#258,.T.);
#649=EDGE_CURVE('NONE',#760,#760,#259,.T.);
#650=EDGE_CURVE('NONE',#761,#761,#260,.T.);
#651=EDGE_CURVE('NONE',#755,#756,#148,.T.);
#652=EDGE_CURVE('NONE',#757,#758,#149,.T.);
#653=EDGE_CURVE('NONE',#762,#763,#261,.T.);
#654=EDGE_CURVE('NONE',#764,#762,#262,.T.);
#655=EDGE_CURVE('NONE',#765,#764,#263,.T.);
#656=EDGE_CURVE('NONE',#763,#765,#264,.T.);
#657=EDGE_CURVE('NONE',#766,#767,#265,.T.);
#658=EDGE_CURVE('NONE',#768,#766,#818,.F.);
#659=EDGE_CURVE('NONE',#768,#769,#266,.T.);
#660=EDGE_CURVE('NONE',#767,#769,#819,.F.);
#661=EDGE_CURVE('NONE',#769,#770,#150,.T.);
#662=EDGE_CURVE('NONE',#771,#768,#151,.T.);
#663=EDGE_CURVE('NONE',#771,#770,#267,.T.);
#664=EDGE_CURVE('NONE',#772,#773,#820,.F.);
#665=EDGE_CURVE('NONE',#774,#772,#821,.F.);
#666=EDGE_CURVE('NONE',#774,#775,#268,.T.);
#667=EDGE_CURVE('NONE',#776,#775,#822,.F.);
#668=EDGE_CURVE('NONE',#776,#777,#823,.T.);
#669=EDGE_CURVE('NONE',#762,#777,#152,.T.);
#670=EDGE_CURVE('NONE',#778,#763,#153,.T.);
#671=EDGE_CURVE('NONE',#778,#779,#824,.T.);
#672=EDGE_CURVE('NONE',#780,#779,#825,.F.);
#673=EDGE_CURVE('NONE',#773,#780,#269,.T.);
#674=EDGE_CURVE('NONE',#777,#781,#826,.T.);
#675=EDGE_CURVE('NONE',#782,#781,#154,.T.);
#676=EDGE_CURVE('NONE',#782,#778,#827,.T.);
#677=EDGE_CURVE('NONE',#765,#764,#155,.T.);
#678=EDGE_CURVE('NONE',#783,#784,#828,.T.);
#679=EDGE_CURVE('NONE',#784,#785,#156,.T.);
#680=EDGE_CURVE('NONE',#785,#786,#829,.T.);
#681=EDGE_CURVE('NONE',#783,#786,#157,.T.);
#682=EDGE_CURVE('NONE',#784,#782,#830,.T.);
#683=EDGE_CURVE('NONE',#781,#785,#831,.T.);
#684=EDGE_CURVE('NONE',#786,#776,#832,.F.);
#685=EDGE_CURVE('NONE',#766,#767,#158,.T.);
#686=EDGE_CURVE('NONE',#766,#773,#833,.T.);
#687=EDGE_CURVE('NONE',#768,#780,#834,.F.);
#688=EDGE_CURVE('NONE',#767,#774,#835,.T.);
#689=EDGE_CURVE('NONE',#769,#775,#836,.T.);
#690=EDGE_CURVE('NONE',#770,#786,#837,.T.);
#691=EDGE_CURVE('NONE',#783,#779,#838,.F.);
#692=EDGE_CURVE('NONE',#771,#783,#839,.T.);
#693=VERTEX_POINT('',#1525);
#694=VERTEX_POINT('',#1526);
#695=VERTEX_POINT('',#1538);
#696=VERTEX_POINT('',#1540);
#697=VERTEX_POINT('',#1542);
#698=VERTEX_POINT('',#1546);
#699=VERTEX_POINT('',#1547);
#700=VERTEX_POINT('',#1559);
#701=VERTEX_POINT('',#1564);
#702=VERTEX_POINT('',#1566);
#703=VERTEX_POINT('',#1570);
#704=VERTEX_POINT('',#1571);
#705=VERTEX_POINT('',#1573);
#706=VERTEX_POINT('',#1578);
#707=VERTEX_POINT('',#1581);
#708=VERTEX_POINT('',#1583);
#709=VERTEX_POINT('',#1586);
#710=VERTEX_POINT('',#1591);
#711=VERTEX_POINT('',#1598);
#712=VERTEX_POINT('',#1599);
#713=VERTEX_POINT('',#1601);
#714=VERTEX_POINT('',#1606);
#715=VERTEX_POINT('',#1608);
#716=VERTEX_POINT('',#1611);
#717=VERTEX_POINT('',#1657);
#718=VERTEX_POINT('',#1658);
#719=VERTEX_POINT('',#1672);
#720=VERTEX_POINT('',#1694);
#721=VERTEX_POINT('',#1699);
#722=VERTEX_POINT('',#1701);
#723=VERTEX_POINT('',#1711);
#724=VERTEX_POINT('',#1712);
#725=VERTEX_POINT('',#1715);
#726=VERTEX_POINT('',#1717);
#727=VERTEX_POINT('',#1727);
#728=VERTEX_POINT('',#1728);
#729=VERTEX_POINT('',#1733);
#730=VERTEX_POINT('',#1735);
#731=VERTEX_POINT('',#1740);
#732=VERTEX_POINT('',#1741);
#733=VERTEX_POINT('',#1838);
#734=VERTEX_POINT('',#1839);
#735=VERTEX_POINT('',#1841);
#736=VERTEX_POINT('',#1843);
#737=VERTEX_POINT('',#1926);
#738=VERTEX_POINT('',#1928);
#739=VERTEX_POINT('',#1933);
#740=VERTEX_POINT('',#1937);
#741=VERTEX_POINT('',#1939);
#742=VERTEX_POINT('',#1944);
#743=VERTEX_POINT('',#2113);
#744=VERTEX_POINT('',#2115);
#745=VERTEX_POINT('',#2118);
#746=VERTEX_POINT('',#2120);
#747=VERTEX_POINT('',#2123);
#748=VERTEX_POINT('',#2125);
#749=VERTEX_POINT('',#2128);
#750=VERTEX_POINT('',#2130);
#751=VERTEX_POINT('',#2133);
#752=VERTEX_POINT('',#2135);
#753=VERTEX_POINT('',#2138);
#754=VERTEX_POINT('',#2141);
#755=VERTEX_POINT('',#2144);
#756=VERTEX_POINT('',#2145);
#757=VERTEX_POINT('',#2147);
#758=VERTEX_POINT('',#2149);
#759=VERTEX_POINT('',#2152);
#760=VERTEX_POINT('',#2155);
#761=VERTEX_POINT('',#2157);
#762=VERTEX_POINT('',#2172);
#763=VERTEX_POINT('',#2173);
#764=VERTEX_POINT('',#2175);
#765=VERTEX_POINT('',#2177);
#766=VERTEX_POINT('',#2181);
#767=VERTEX_POINT('',#2182);
#768=VERTEX_POINT('',#2194);
#769=VERTEX_POINT('',#2196);
#770=VERTEX_POINT('',#2210);
#771=VERTEX_POINT('',#2212);
#772=VERTEX_POINT('',#2220);
#773=VERTEX_POINT('',#2221);
#774=VERTEX_POINT('',#2227);
#775=VERTEX_POINT('',#2229);
#776=VERTEX_POINT('',#2234);
#777=VERTEX_POINT('',#2239);
#778=VERTEX_POINT('',#2242);
#779=VERTEX_POINT('',#2247);
#780=VERTEX_POINT('',#2252);
#781=VERTEX_POINT('',#2259);
#782=VERTEX_POINT('',#2261);
#783=VERTEX_POINT('',#2275);
#784=VERTEX_POINT('',#2276);
#785=VERTEX_POINT('',#2278);
#786=VERTEX_POINT('',#2286);
#787=VERTEX_POINT('',#2908);
#788=B_SPLINE_CURVE_WITH_KNOTS('',3,(#1521,#1522,#1523,#1524),
 .UNSPECIFIED.,.F.,.F.,(4,4),(0.,1.),.UNSPECIFIED.);
#789=B_SPLINE_CURVE_WITH_KNOTS('',3,(#1527,#1528,#1529,#1530,#1531,#1532,
#1533,#1534,#1535,#1536,#1537),.UNSPECIFIED.,.F.,.F.,(4,1,1,1,1,1,1,1,4),
(0.,0.125,0.25,0.375,0.5,0.625,0.75,0.875,1.),.UNSPECIFIED.);
#790=B_SPLINE_CURVE_WITH_KNOTS('',3,(#1548,#1549,#1550,#1551,#1552,#1553,
#1554,#1555,#1556,#1557,#1558),.UNSPECIFIED.,.F.,.F.,(4,1,1,1,1,1,1,1,4),
(0.,0.125,0.25,0.375,0.5,0.625,0.75,0.875,1.),.UNSPECIFIED.);
#791=B_SPLINE_CURVE_WITH_KNOTS('',3,(#1560,#1561,#1562,#1563),
 .UNSPECIFIED.,.F.,.F.,(4,4),(0.,1.),.UNSPECIFIED.);
#792=B_SPLINE_CURVE_WITH_KNOTS('',3,(#1574,#1575,#1576,#1577),
 .UNSPECIFIED.,.F.,.F.,(4,4),(0.,1.),.UNSPECIFIED.);
#793=B_SPLINE_CURVE_WITH_KNOTS('',3,(#1587,#1588,#1589,#1590),
 .UNSPECIFIED.,.F.,.F.,(4,4),(0.,1.),.UNSPECIFIED.);
#794=B_SPLINE_CURVE_WITH_KNOTS('',3,(#1594,#1595,#1596,#1597),
 .UNSPECIFIED.,.F.,.F.,(4,4),(1.74092962335707E-15,0.00605273700446128),
 .UNSPECIFIED.);
#795=B_SPLINE_CURVE_WITH_KNOTS('',3,(#1602,#1603,#1604,#1605),
 .UNSPECIFIED.,.F.,.F.,(4,4),(0.,0.00605481434252976),.UNSPECIFIED.);
#796=B_SPLINE_CURVE_WITH_KNOTS('',3,(#1653,#1654,#1655,#1656),
 .UNSPECIFIED.,.F.,.F.,(4,4),(0.,1.),.UNSPECIFIED.);
#797=B_SPLINE_CURVE_WITH_KNOTS('',3,(#1659,#1660,#1661,#1662,#1663),
 .UNSPECIFIED.,.F.,.F.,(4,1,4),(0.,0.5,1.),.UNSPECIFIED.);
#798=B_SPLINE_CURVE_WITH_KNOTS('',3,(#1664,#1665,#1666,#1667,#1668,#1669),
 .UNSPECIFIED.,.F.,.F.,(4,1,1,4),(0.,0.00929384846646792,0.0185876969329358,
0.0371753938658717),.UNSPECIFIED.);
#799=B_SPLINE_CURVE_WITH_KNOTS('',3,(#1675,#1676,#1677,#1678,#1679,#1680,
#1681,#1682,#1683,#1684,#1685),.UNSPECIFIED.,.F.,.F.,(4,1,1,1,1,1,1,1,4),
(0.,0.25,0.375,0.4375,0.5,0.5625,0.625,0.75,1.),.UNSPECIFIED.);
#800=B_SPLINE_CURVE_WITH_KNOTS('',3,(#1687,#1688,#1689,#1690,#1691,#1692,
#1693),.UNSPECIFIED.,.F.,.F.,(4,1,1,1,4),(2.54376057851579E-14,0.00930805976326517,
0.0186161195265049,0.0279241792897446,0.0372322390529843),.UNSPECIFIED.);
#801=B_SPLINE_CURVE_WITH_KNOTS('',3,(#1695,#1696,#1697,#1698),
 .UNSPECIFIED.,.F.,.F.,(4,4),(0.,0.0088339586806903),.UNSPECIFIED.);
#802=B_SPLINE_CURVE_WITH_KNOTS('',3,(#1702,#1703,#1704,#1705),
 .UNSPECIFIED.,.F.,.F.,(4,4),(0.,0.00883378192977074),.UNSPECIFIED.);
#803=B_SPLINE_CURVE_WITH_KNOTS('',3,(#1707,#1708,#1709,#1710),
 .UNSPECIFIED.,.F.,.F.,(4,4),(0.,0.999993710908712),.UNSPECIFIED.);
#804=B_SPLINE_CURVE_WITH_KNOTS('',3,(#1718,#1719,#1720,#1721),
 .UNSPECIFIED.,.F.,.F.,(4,4),(2.31411916636362E-15,0.00570652929966326),
 .UNSPECIFIED.);
#805=B_SPLINE_CURVE_WITH_KNOTS('',3,(#1723,#1724,#1725,#1726),
 .UNSPECIFIED.,.F.,.F.,(4,4),(6.30099642371218E-6,1.),.UNSPECIFIED.);
#806=B_SPLINE_CURVE_WITH_KNOTS('',3,(#1729,#1730,#1731,#1732),
 .UNSPECIFIED.,.F.,.F.,(4,4),(5.34238123536339E-14,0.00570652943986816),
 .UNSPECIFIED.);
#807=B_SPLINE_CURVE_WITH_KNOTS('',3,(#1743,#1744,#1745,#1746),
 .UNSPECIFIED.,.F.,.F.,(4,4),(0.,1.),.UNSPECIFIED.);
#808=B_SPLINE_CURVE_WITH_KNOTS('',3,(#1749,#1750,#1751,#1752),
 .UNSPECIFIED.,.F.,.F.,(4,4),(0.,1.),.UNSPECIFIED.);
#809=B_SPLINE_CURVE_WITH_KNOTS('',3,(#1781,#1782,#1783,#1784),
 .UNSPECIFIED.,.F.,.F.,(4,4),(0.,0.00895445174970047),.UNSPECIFIED.);
#810=B_SPLINE_CURVE_WITH_KNOTS('',3,(#1813,#1814,#1815,#1816),
 .UNSPECIFIED.,.F.,.F.,(4,4),(0.,1.),.UNSPECIFIED.);
#811=B_SPLINE_CURVE_WITH_KNOTS('',3,(#1817,#1818,#1819,#1820),
 .UNSPECIFIED.,.F.,.F.,(4,4),(3.46944695195361E-18,0.00895449720670231),
 .UNSPECIFIED.);
#812=B_SPLINE_CURVE_WITH_KNOTS('',3,(#1822,#1823,#1824,#1825,#1826,#1827,
#1828,#1829,#1830,#1831,#1832),.UNSPECIFIED.,.F.,.F.,(4,1,1,1,1,1,1,1,4),
(0.,0.25,0.375,0.4375,0.5,0.5625,0.625,0.75,1.),.UNSPECIFIED.);
#813=B_SPLINE_CURVE_WITH_KNOTS('',3,(#1916,#1917,#1918,#1919,#1920),
 .UNSPECIFIED.,.F.,.F.,(4,1,4),(0.,0.5,1.),.UNSPECIFIED.);
#814=B_SPLINE_CURVE_WITH_KNOTS('',3,(#1929,#1930,#1931,#1932),
 .UNSPECIFIED.,.F.,.F.,(4,4),(0.,0.00100562586222702),.UNSPECIFIED.);
#815=B_SPLINE_CURVE_WITH_KNOTS('',3,(#1940,#1941,#1942,#1943),
 .UNSPECIFIED.,.F.,.F.,(4,4),(9.12668998568199E-17,0.00100562586222711),
 .UNSPECIFIED.);
#816=B_SPLINE_CURVE_WITH_KNOTS('',3,(#1950,#1951,#1952,#1953,#1954,#1955,
#1956,#1957,#1958,#1959,#1960),.UNSPECIFIED.,.F.,.F.,(4,1,1,1,1,1,1,1,4),
(0.,0.125,0.25,0.375,0.5,0.625,0.75,0.875,1.),.UNSPECIFIED.);
#817=B_SPLINE_CURVE_WITH_KNOTS('',3,(#1962,#1963,#1964,#1965,#1966,#1967,
#1968,#1969,#1970,#1971,#1972),.UNSPECIFIED.,.F.,.F.,(4,1,1,1,1,1,1,1,4),
(0.,0.125,0.25,0.375,0.5,0.625,0.75,0.875,1.),.UNSPECIFIED.);
#818=B_SPLINE_CURVE_WITH_KNOTS('',3,(#2183,#2184,#2185,#2186,#2187,#2188,
#2189,#2190,#2191,#2192,#2193),.UNSPECIFIED.,.F.,.F.,(4,1,1,1,1,1,1,1,4),
(0.,0.25,0.375,0.4375,0.5,0.5625,0.625,0.75,1.),.UNSPECIFIED.);
#819=B_SPLINE_CURVE_WITH_KNOTS('',3,(#2197,#2198,#2199,#2200,#2201,#2202,
#2203,#2204,#2205,#2206,#2207),.UNSPECIFIED.,.F.,.F.,(4,1,1,1,1,1,1,1,4),
(0.,0.25,0.375,0.4375,0.5,0.5625,0.625,0.75,1.),.UNSPECIFIED.);
#820=B_SPLINE_CURVE_WITH_KNOTS('',3,(#2215,#2216,#2217,#2218,#2219),
 .UNSPECIFIED.,.F.,.F.,(4,1,4),(0.,0.5,1.),.UNSPECIFIED.);
#821=B_SPLINE_CURVE_WITH_KNOTS('',3,(#2222,#2223,#2224,#2225,#2226),
 .UNSPECIFIED.,.F.,.F.,(4,1,4),(0.,0.5,1.),.UNSPECIFIED.);
#822=B_SPLINE_CURVE_WITH_KNOTS('',3,(#2230,#2231,#2232,#2233),
 .UNSPECIFIED.,.F.,.F.,(4,4),(0.,1.),.UNSPECIFIED.);
#823=B_SPLINE_CURVE_WITH_KNOTS('',3,(#2235,#2236,#2237,#2238),
 .UNSPECIFIED.,.F.,.F.,(4,4),(0.,1.),.UNSPECIFIED.);
#824=B_SPLINE_CURVE_WITH_KNOTS('',3,(#2243,#2244,#2245,#2246),
 .UNSPECIFIED.,.F.,.F.,(4,4),(0.,1.),.UNSPECIFIED.);
#825=B_SPLINE_CURVE_WITH_KNOTS('',3,(#2248,#2249,#2250,#2251),
 .UNSPECIFIED.,.F.,.F.,(4,4),(0.,1.),.UNSPECIFIED.);
#826=B_SPLINE_CURVE_WITH_KNOTS('',3,(#2255,#2256,#2257,#2258),
 .UNSPECIFIED.,.F.,.F.,(4,4),(0.,0.00527309107761252),.UNSPECIFIED.);
#827=B_SPLINE_CURVE_WITH_KNOTS('',3,(#2262,#2263,#2264,#2265),
 .UNSPECIFIED.,.F.,.F.,(4,4),(1.38777878078145E-17,0.00527309272407381),
 .UNSPECIFIED.);
#828=B_SPLINE_CURVE_WITH_KNOTS('',3,(#2268,#2269,#2270,#2271,#2272,#2273,
#2274),.UNSPECIFIED.,.F.,.F.,(4,1,1,1,4),(7.01120626854459E-18,0.00504600959629127,
0.0100920191925825,0.0151380287888738,0.020184038385165),.UNSPECIFIED.);
#829=B_SPLINE_CURVE_WITH_KNOTS('',3,(#2279,#2280,#2281,#2282,#2283,#2284,
#2285),.UNSPECIFIED.,.F.,.F.,(4,1,1,1,4),(1.73472347597681E-18,0.00504749429133483,
0.0100949885826697,0.0151424828740045,0.0201899771653393),.UNSPECIFIED.);
#830=B_SPLINE_CURVE_WITH_KNOTS('',3,(#2289,#2290,#2291,#2292),
 .UNSPECIFIED.,.F.,.F.,(4,4),(1.73472347597681E-18,0.00835672098942752),
 .UNSPECIFIED.);
#831=B_SPLINE_CURVE_WITH_KNOTS('',3,(#2293,#2294,#2295,#2296),
 .UNSPECIFIED.,.F.,.F.,(4,4),(1.6681840224224E-18,0.00835673229610263),
 .UNSPECIFIED.);
#832=B_SPLINE_CURVE_WITH_KNOTS('',3,(#2345,#2346,#2347,#2348,#2349),
 .UNSPECIFIED.,.F.,.F.,(4,1,4),(0.,0.5,1.),.UNSPECIFIED.);
#833=B_SPLINE_CURVE_WITH_KNOTS('',3,(#2472,#2473,#2474,#2475,#2476,#2477,
#2478,#2479,#2480,#2481),.UNSPECIFIED.,.F.,.F.,(4,1,1,1,1,1,1,4),(0.,0.125,
0.25,0.375,0.5,0.75,0.875,1.),.UNSPECIFIED.);
#834=B_SPLINE_CURVE_WITH_KNOTS('',3,(#2482,#2483,#2484,#2485,#2486,#2487,
#2488),.UNSPECIFIED.,.F.,.F.,(4,1,1,1,4),(0.,0.25,0.5,0.75,1.),
 .UNSPECIFIED.);
#835=B_SPLINE_CURVE_WITH_KNOTS('',3,(#2573,#2574,#2575,#2576,#2577,#2578,
#2579,#2580,#2581,#2582),.UNSPECIFIED.,.F.,.F.,(4,1,1,1,1,1,1,4),(0.,0.125,
0.25,0.375,0.5,0.75,0.875,1.),.UNSPECIFIED.);
#836=B_SPLINE_CURVE_WITH_KNOTS('',3,(#2703,#2704,#2705,#2706,#2707,#2708,
#2709),.UNSPECIFIED.,.F.,.F.,(4,1,1,1,4),(0.,0.25,0.5,0.75,1.),
 .UNSPECIFIED.);
#837=B_SPLINE_CURVE_WITH_KNOTS('',3,(#2776,#2777,#2778,#2779,#2780),
 .UNSPECIFIED.,.F.,.F.,(4,1,4),(1.92592994438724E-34,0.00904305288376374,
0.0180861057675275),.UNSPECIFIED.);
#838=B_SPLINE_CURVE_WITH_KNOTS('',3,(#2847,#2848,#2849,#2850,#2851),
 .UNSPECIFIED.,.F.,.F.,(4,1,4),(0.,0.5,1.),.UNSPECIFIED.);
#839=B_SPLINE_CURVE_WITH_KNOTS('',3,(#2852,#2853,#2854,#2855,#2856),
 .UNSPECIFIED.,.F.,.F.,(4,1,4),(3.46944695195361E-18,0.00904305288376374,
0.0180861057675275),.UNSPECIFIED.);
#840=EDGE_LOOP('',(#270,#271,#272,#273,#274));
#841=EDGE_LOOP('',(#275,#276,#277,#278,#279));
#842=EDGE_LOOP('',(#280,#281,#282,#283,#284,#285,#286,#287,#288,#289,#290,
#291));
#843=EDGE_LOOP('',(#292,#293,#294,#295,#296,#297,#298,#299));
#844=EDGE_LOOP('',(#300,#301,#302,#303));
#845=EDGE_LOOP('',(#304,#305,#306,#307));
#846=EDGE_LOOP('',(#308,#309,#310,#311,#312));
#847=EDGE_LOOP('',(#313,#314,#315,#316,#317,#318));
#848=EDGE_LOOP('',(#319,#320,#321,#322,#323,#324));
#849=EDGE_LOOP('',(#325,#326,#327,#328,#329,#330));
#850=EDGE_LOOP('',(#331,#332,#333,#334));
#851=EDGE_LOOP('',(#335,#336,#337,#338));
#852=EDGE_LOOP('',(#339,#340,#341,#342,#343));
#853=EDGE_LOOP('',(#344,#345,#346,#347,#348));
#854=EDGE_LOOP('',(#349,#350,#351,#352));
#855=EDGE_LOOP('',(#353,#354,#355,#356));
#856=EDGE_LOOP('',(#357,#358,#359,#360,#361,#362));
#857=EDGE_LOOP('',(#363,#364,#365,#366,#367,#368,#369,#370));
#858=EDGE_LOOP('',(#371,#372,#373,#374));
#859=EDGE_LOOP('',(#375,#376,#377,#378));
#860=EDGE_LOOP('',(#379,#380,#381,#382,#383));
#861=EDGE_LOOP('',(#384,#385,#386,#387,#388));
#862=EDGE_LOOP('',(#389,#390,#391,#392,#393));
#863=EDGE_LOOP('',(#394,#395,#396,#397,#398,#399));
#864=EDGE_LOOP('',(#400,#401,#402,#403));
#865=EDGE_LOOP('',(#404,#405,#406,#407));
#866=EDGE_LOOP('',(#408,#409,#410,#411));
#867=EDGE_LOOP('',(#412,#413,#414,#415));
#868=EDGE_LOOP('',(#416,#417,#418));
#869=EDGE_LOOP('',(#419,#420,#421,#422));
#870=EDGE_LOOP('',(#423,#424,#425,#426));
#871=EDGE_LOOP('',(#427,#428,#429));
#872=EDGE_LOOP('',(#430));
#873=EDGE_LOOP('',(#431));
#874=EDGE_LOOP('',(#432));
#875=EDGE_LOOP('',(#433));
#876=EDGE_LOOP('',(#434));
#877=EDGE_LOOP('',(#435));
#878=EDGE_LOOP('',(#436));
#879=EDGE_LOOP('',(#437));
#880=EDGE_LOOP('',(#438));
#881=EDGE_LOOP('',(#439));
#882=EDGE_LOOP('',(#440));
#883=EDGE_LOOP('',(#441));
#884=EDGE_LOOP('',(#442));
#885=EDGE_LOOP('',(#443));
#886=EDGE_LOOP('',(#444,#445,#446,#447));
#887=EDGE_LOOP('',(#448));
#888=EDGE_LOOP('',(#449));
#889=EDGE_LOOP('',(#450));
#890=EDGE_LOOP('',(#451));
#891=EDGE_LOOP('',(#452));
#892=EDGE_LOOP('',(#453));
#893=EDGE_LOOP('',(#454));
#894=EDGE_LOOP('',(#455,#456));
#895=EDGE_LOOP('',(#457,#458,#459,#460));
#896=EDGE_LOOP('',(#461,#462));
#897=EDGE_LOOP('',(#463));
#898=EDGE_LOOP('',(#464));
#899=EDGE_LOOP('',(#465));
#900=EDGE_LOOP('',(#466));
#901=EDGE_LOOP('',(#467));
#902=EDGE_LOOP('',(#468));
#903=EDGE_LOOP('',(#469));
#904=EDGE_LOOP('',(#470));
#905=EDGE_LOOP('',(#471));
#906=EDGE_LOOP('',(#472,#473,#474,#475));
#907=EDGE_LOOP('',(#476,#477,#478,#479));
#908=EDGE_LOOP('',(#480,#481,#482,#483));
#909=EDGE_LOOP('',(#484,#485,#486,#487,#488,#489,#490,#491,#492,#493,#494));
#910=EDGE_LOOP('',(#495,#496,#497,#498,#499,#500,#501,#502));
#911=EDGE_LOOP('',(#503,#504,#505,#506));
#912=EDGE_LOOP('',(#507,#508,#509,#510));
#913=EDGE_LOOP('',(#511,#512,#513,#514,#515));
#914=EDGE_LOOP('',(#516,#517));
#915=EDGE_LOOP('',(#518,#519,#520,#521));
#916=EDGE_LOOP('',(#522,#523,#524,#525,#526));
#917=EDGE_LOOP('',(#527,#528,#529,#530));
#918=EDGE_LOOP('',(#531,#532,#533,#534,#535));
#919=EDGE_LOOP('',(#536,#537,#538,#539,#540));
#920=EDGE_LOOP('',(#541,#542));
#921=EDGE_LOOP('',(#543,#544,#545,#546));
#922=EDGE_LOOP('',(#547,#548,#549,#550,#551));
#923=FACE_BOUND('',#840,.T.);
#924=FACE_BOUND('',#841,.T.);
#925=FACE_BOUND('',#842,.T.);
#926=FACE_BOUND('',#843,.T.);
#927=FACE_BOUND('',#844,.T.);
#928=FACE_BOUND('',#845,.T.);
#929=FACE_BOUND('',#846,.T.);
#930=FACE_BOUND('',#847,.T.);
#931=FACE_BOUND('',#848,.T.);
#932=FACE_BOUND('',#849,.T.);
#933=FACE_BOUND('',#850,.T.);
#934=FACE_BOUND('',#851,.T.);
#935=FACE_BOUND('',#852,.T.);
#936=FACE_BOUND('',#853,.T.);
#937=FACE_BOUND('',#854,.T.);
#938=FACE_BOUND('',#855,.T.);
#939=FACE_BOUND('',#856,.T.);
#940=FACE_BOUND('',#857,.T.);
#941=FACE_BOUND('',#858,.T.);
#942=FACE_BOUND('',#859,.T.);
#943=FACE_BOUND('',#860,.T.);
#944=FACE_BOUND('',#861,.T.);
#945=FACE_BOUND('',#862,.T.);
#946=FACE_BOUND('',#863,.T.);
#947=FACE_BOUND('',#864,.T.);
#948=FACE_BOUND('',#865,.T.);
#949=FACE_BOUND('',#866,.T.);
#950=FACE_BOUND('',#867,.T.);
#951=FACE_BOUND('',#868,.T.);
#952=FACE_BOUND('',#869,.T.);
#953=FACE_BOUND('',#870,.T.);
#954=FACE_BOUND('',#871,.T.);
#955=FACE_BOUND('',#872,.T.);
#956=FACE_BOUND('',#873,.T.);
#957=FACE_BOUND('',#874,.T.);
#958=FACE_BOUND('',#875,.T.);
#959=FACE_BOUND('',#876,.T.);
#960=FACE_BOUND('',#877,.T.);
#961=FACE_BOUND('',#878,.T.);
#962=FACE_BOUND('',#879,.T.);
#963=FACE_BOUND('',#880,.T.);
#964=FACE_BOUND('',#881,.T.);
#965=FACE_BOUND('',#882,.T.);
#966=FACE_BOUND('',#883,.T.);
#967=FACE_BOUND('',#884,.T.);
#968=FACE_BOUND('',#885,.T.);
#969=FACE_BOUND('',#886,.T.);
#970=FACE_BOUND('',#887,.T.);
#971=FACE_BOUND('',#888,.T.);
#972=FACE_BOUND('',#889,.T.);
#973=FACE_BOUND('',#890,.T.);
#974=FACE_BOUND('',#891,.T.);
#975=FACE_BOUND('',#892,.T.);
#976=FACE_BOUND('',#893,.T.);
#977=FACE_BOUND('',#894,.T.);
#978=FACE_BOUND('',#895,.T.);
#979=FACE_BOUND('',#896,.T.);
#980=FACE_BOUND('',#897,.T.);
#981=FACE_BOUND('',#898,.T.);
#982=FACE_BOUND('',#899,.T.);
#983=FACE_BOUND('',#900,.T.);
#984=FACE_BOUND('',#901,.T.);
#985=FACE_BOUND('',#902,.T.);
#986=FACE_BOUND('',#903,.T.);
#987=FACE_BOUND('',#904,.T.);
#988=FACE_BOUND('',#905,.T.);
#989=FACE_BOUND('',#906,.T.);
#990=FACE_BOUND('',#907,.T.);
#991=FACE_BOUND('',#908,.T.);
#992=FACE_BOUND('',#909,.T.);
#993=FACE_BOUND('',#910,.T.);
#994=FACE_BOUND('',#911,.T.);
#995=FACE_BOUND('',#912,.T.);
#996=FACE_BOUND('',#913,.T.);
#997=FACE_BOUND('',#914,.T.);
#998=FACE_BOUND('',#915,.T.);
#999=FACE_BOUND('',#916,.T.);
#1000=FACE_BOUND('',#917,.T.);
#1001=FACE_BOUND('',#918,.T.);
#1002=FACE_BOUND('',#919,.T.);
#1003=FACE_BOUND('',#920,.T.);
#1004=FACE_BOUND('',#921,.T.);
#1005=FACE_BOUND('',#922,.T.);
#1006=FACE_BOUND('',#78,.T.);
#1007=TOROIDAL_SURFACE('',#1114,33.869601509559,3.);
#1008=TOROIDAL_SURFACE('',#1118,33.869601509559,3.);
#1009=TOROIDAL_SURFACE('',#1132,43.,3.);
#1010=TOROIDAL_SURFACE('',#1142,62.3187873022196,3.);
#1011=TOROIDAL_SURFACE('',#1143,62.3187873022196,3.);
#1012=TOROIDAL_SURFACE('',#1150,43.,3.);
#1013=TOROIDAL_SURFACE('',#1200,43.,3.);
#1014=ADVANCED_FACE('NONE',(#923),#1007,.T.);
#1015=ADVANCED_FACE('NONE',(#924),#1008,.T.);
#1016=ADVANCED_FACE('NONE',(#925),#196,.T.);
#1017=ADVANCED_FACE('NONE',(#926),#197,.T.);
#1018=ADVANCED_FACE('NONE',(#927),#113,.T.);
#1019=ADVANCED_FACE('NONE',(#928),#92,.T.);
#1020=ADVANCED_FACE('NONE',(#929),#1009,.T.);
#1021=ADVANCED_FACE('NONE',(#930),#198,.F.);
#1022=ADVANCED_FACE('NONE',(#931),#93,.T.);
#1023=ADVANCED_FACE('NONE',(#932),#94,.T.);
#1024=ADVANCED_FACE('NONE',(#933),#95,.T.);
#1025=ADVANCED_FACE('NONE',(#934),#96,.T.);
#1026=ADVANCED_FACE('NONE',(#935),#86,.F.);
#1027=ADVANCED_FACE('NONE',(#936),#87,.T.);
#1028=ADVANCED_FACE('NONE',(#937),#1010,.T.);
#1029=ADVANCED_FACE('NONE',(#938),#1011,.T.);
#1030=ADVANCED_FACE('NONE',(#939),#97,.F.);
#1031=ADVANCED_FACE('NONE',(#940),#199,.T.);
#1032=ADVANCED_FACE('NONE',(#941),#114,.T.);
#1033=ADVANCED_FACE('NONE',(#942),#98,.T.);
#1034=ADVANCED_FACE('NONE',(#943),#1012,.T.);
#1035=ADVANCED_FACE('NONE',(#944),#200,.T.);
#1036=ADVANCED_FACE('NONE',(#945),#201,.F.);
#1037=ADVANCED_FACE('NONE',(#946),#202,.T.);
#1038=ADVANCED_FACE('NONE',(#947),#99,.T.);
#1039=ADVANCED_FACE('NONE',(#948),#100,.T.);
#1040=ADVANCED_FACE('NONE',(#949),#101,.F.);
#1041=ADVANCED_FACE('NONE',(#950),#88,.F.);
#1042=ADVANCED_FACE('NONE',(#951),#89,.F.);
#1043=ADVANCED_FACE('NONE',(#952),#102,.F.);
#1044=ADVANCED_FACE('NONE',(#953),#90,.F.);
#1045=ADVANCED_FACE('NONE',(#954),#91,.F.);
#1046=ADVANCED_FACE('NONE',(#955,#956),#103,.F.);
#1047=ADVANCED_FACE('NONE',(#957,#958),#81,.T.);
#1048=ADVANCED_FACE('NONE',(#959,#960),#82,.T.);
#1049=ADVANCED_FACE('NONE',(#961,#962),#104,.T.);
#1050=ADVANCED_FACE('NONE',(#963,#964),#105,.T.);
#1051=ADVANCED_FACE('NONE',(#965,#966),#106,.T.);
#1052=ADVANCED_FACE('NONE',(#967,#968),#107,.T.);
#1053=ADVANCED_FACE('NONE',(#969,#970),#108,.T.);
#1054=ADVANCED_FACE('NONE',(#971,#972),#109,.T.);
#1055=ADVANCED_FACE('NONE',(#973,#974),#203,.F.);
#1056=ADVANCED_FACE('NONE',(#975,#976),#204,.T.);
#1057=ADVANCED_FACE('NONE',(#977),#205,.T.);
#1058=ADVANCED_FACE('NONE',(#978),#206,.F.);
#1059=ADVANCED_FACE('NONE',(#979),#207,.T.);
#1060=ADVANCED_FACE('NONE',(#980,#981),#208,.T.);
#1061=ADVANCED_FACE('NONE',(#982,#983),#209,.T.);
#1062=ADVANCED_FACE('NONE',(#984,#985),#210,.T.);
#1063=ADVANCED_FACE('NONE',(#986,#987),#211,.T.);
#1064=ADVANCED_FACE('NONE',(#988),#212,.T.);
#1065=ADVANCED_FACE('NONE',(#989),#1013,.T.);
#1066=ADVANCED_FACE('NONE',(#990),#83,.T.);
#1067=ADVANCED_FACE('NONE',(#991),#110,.T.);
#1068=ADVANCED_FACE('NONE',(#992),#111,.T.);
#1069=ADVANCED_FACE('NONE',(#993),#213,.F.);
#1070=ADVANCED_FACE('NONE',(#994),#112,.F.);
#1071=ADVANCED_FACE('NONE',(#995),#214,.F.);
#1072=ADVANCED_FACE('NONE',(#996),#115,.T.);
#1073=ADVANCED_FACE('NONE',(#997),#215,.T.);
#1074=ADVANCED_FACE('NONE',(#998),#116,.T.);
#1075=ADVANCED_FACE('NONE',(#999),#117,.T.);
#1076=ADVANCED_FACE('NONE',(#1000),#118,.T.);
#1077=ADVANCED_FACE('NONE',(#1001),#119,.T.);
#1078=ADVANCED_FACE('NONE',(#1002),#120,.T.);
#1079=ADVANCED_FACE('NONE',(#1003),#216,.T.);
#1080=ADVANCED_FACE('NONE',(#1004),#217,.T.);
#1081=ADVANCED_FACE('NONE',(#1005),#121,.T.);
#1082=ADVANCED_FACE('NONE',(#1006),#79,.F.);
#1083=CLOSED_SHELL('',(#1014,#1015,#1016,#1017,#1018,#1019,#1020,#1021,
#1022,#1023,#1024,#1025,#1026,#1027,#1028,#1029,#1030,#1031,#1032,#1033,
#1034,#1035,#1036,#1037,#1038,#1039,#1040,#1041,#1042,#1043,#1044,#1045));
#1084=CLOSED_SHELL('',(#1046,#1047,#1048,#1049,#1050,#1051,#1052,#1053,
#1054,#1055,#1056,#1057,#1058,#1059,#1060,#1061,#1062,#1063,#1064));
#1085=CLOSED_SHELL('',(#1065,#1066,#1067,#1068,#1069,#1070,#1071,#1072,
#1073,#1074,#1075,#1076,#1077,#1078,#1079,#1080,#1081));
#1086=CLOSED_SHELL('',(#1082));
#1087=STYLED_ITEM('',(#1090),#1109);
#1088=STYLED_ITEM('',(#1091),#1110);
#1089=STYLED_ITEM('',(#1092),#80);
#1090=PRESENTATION_STYLE_ASSIGNMENT((#1093));
#1091=PRESENTATION_STYLE_ASSIGNMENT((#1094));
#1092=PRESENTATION_STYLE_ASSIGNMENT((#1095));
#1093=SURFACE_STYLE_USAGE(.BOTH.,#1096);
#1094=SURFACE_STYLE_USAGE(.BOTH.,#1097);
#1095=SURFACE_STYLE_USAGE(.BOTH.,#1098);
#1096=SURFACE_SIDE_STYLE('',(#1099));
#1097=SURFACE_SIDE_STYLE('',(#1100));
#1098=SURFACE_SIDE_STYLE('',(#1101));
#1099=SURFACE_STYLE_FILL_AREA(#1102);
#1100=SURFACE_STYLE_FILL_AREA(#1103);
#1101=SURFACE_STYLE_FILL_AREA(#1104);
#1102=FILL_AREA_STYLE('',(#1105));
#1103=FILL_AREA_STYLE('',(#1106));
#1104=FILL_AREA_STYLE('',(#1107));
#1105=FILL_AREA_STYLE_COLOUR('',#1108);
#1106=FILL_AREA_STYLE_COLOUR('',#1108);
#1107=FILL_AREA_STYLE_COLOUR('',#1108);
#1108=COLOUR_RGB('',0.811764705882353,0.843137254901961,0.909803921568627);
#1109=MANIFOLD_SOLID_BREP('Body (1)',#1083);
#1110=MANIFOLD_SOLID_BREP('Body (2)',#1084);
#1111=SHAPE_DEFINITION_REPRESENTATION(#2939,#1112);
#1112=SHAPE_REPRESENTATION('openarm_right_link1_collision',(#1113),#2934);
#1113=AXIS2_PLACEMENT_3D('',#1519,#1236,#1237);
#1114=AXIS2_PLACEMENT_3D('',#1520,#1238,#1239);
#1115=AXIS2_PLACEMENT_3D('',#1539,#1240,#1241);
#1116=AXIS2_PLACEMENT_3D('',#1541,#1242,#1243);
#1117=AXIS2_PLACEMENT_3D('',#1543,#1244,#1245);
#1118=AXIS2_PLACEMENT_3D('',#1544,#1246,#1247);
#1119=AXIS2_PLACEMENT_3D('',#1545,#1248,#1249);
#1120=AXIS2_PLACEMENT_3D('',#1565,#1250,#1251);
#1121=AXIS2_PLACEMENT_3D('',#1567,#1252,#1253);
#1122=AXIS2_PLACEMENT_3D('',#1568,#1254,#1255);
#1123=AXIS2_PLACEMENT_3D('',#1572,#1257,#1258);
#1124=AXIS2_PLACEMENT_3D('',#1579,#1259,#1260);
#1125=AXIS2_PLACEMENT_3D('',#1585,#1264,#1265);
#1126=AXIS2_PLACEMENT_3D('',#1592,#1266,#1267);
#1127=AXIS2_PLACEMENT_3D('',#1593,#1268,#1269);
#1128=AXIS2_PLACEMENT_3D('',#1609,#1272,#1273);
#1129=AXIS2_PLACEMENT_3D('',#1610,#1274,#1275);
#1130=AXIS2_PLACEMENT_3D('',#1670,#1277,#1278);
#1131=AXIS2_PLACEMENT_3D('',#1671,#1279,#1280);
#1132=AXIS2_PLACEMENT_3D('',#1674,#1282,#1283);
#1133=AXIS2_PLACEMENT_3D('',#1686,#1284,#1285);
#1134=AXIS2_PLACEMENT_3D('',#1706,#1287,#1288);
#1135=AXIS2_PLACEMENT_3D('',#1716,#1291,#1292);
#1136=AXIS2_PLACEMENT_3D('',#1722,#1293,#1294);
#1137=AXIS2_PLACEMENT_3D('',#1734,#1295,#1296);
#1138=AXIS2_PLACEMENT_3D('',#1738,#1299,#1300);
#1139=AXIS2_PLACEMENT_3D('',#1742,#1302,#1303);
#1140=AXIS2_PLACEMENT_3D('',#1747,#1304,#1305);
#1141=AXIS2_PLACEMENT_3D('',#1748,#1306,#1307);
#1142=AXIS2_PLACEMENT_3D('',#1821,#1308,#1309);
#1143=AXIS2_PLACEMENT_3D('',#1833,#1310,#1311);
#1144=AXIS2_PLACEMENT_3D('',#1834,#1312,#1313);
#1145=AXIS2_PLACEMENT_3D('',#1836,#1315,#1316);
#1146=AXIS2_PLACEMENT_3D('',#1844,#1320,#1321);
#1147=AXIS2_PLACEMENT_3D('',#1845,#1322,#1323);
#1148=AXIS2_PLACEMENT_3D('',#1921,#1324,#1325);
#1149=AXIS2_PLACEMENT_3D('',#1922,#1326,#1327);
#1150=AXIS2_PLACEMENT_3D('',#1923,#1328,#1329);
#1151=AXIS2_PLACEMENT_3D('',#1924,#1330,#1331);
#1152=AXIS2_PLACEMENT_3D('',#1935,#1335,#1336);
#1153=AXIS2_PLACEMENT_3D('',#1946,#1340,#1341);
#1154=AXIS2_PLACEMENT_3D('',#1947,#1342,#1343);
#1155=AXIS2_PLACEMENT_3D('',#1948,#1344,#1345);
#1156=AXIS2_PLACEMENT_3D('',#1949,#1346,#1347);
#1157=AXIS2_PLACEMENT_3D('',#1961,#1348,#1349);
#1158=AXIS2_PLACEMENT_3D('',#1973,#1350,#1351);
#1159=AXIS2_PLACEMENT_3D('',#1974,#1352,#1353);
#1160=AXIS2_PLACEMENT_3D('',#1987,#1354,#1355);
#1161=AXIS2_PLACEMENT_3D('',#2042,#1356,#1357);
#1162=AXIS2_PLACEMENT_3D('',#2043,#1358,#1359);
#1163=AXIS2_PLACEMENT_3D('',#2056,#1360,#1361);
#1164=AXIS2_PLACEMENT_3D('',#2111,#1362,#1363);
#1165=AXIS2_PLACEMENT_3D('',#2112,#1364,#1365);
#1166=AXIS2_PLACEMENT_3D('',#2114,#1366,#1367);
#1167=AXIS2_PLACEMENT_3D('',#2116,#1368,#1369);
#1168=AXIS2_PLACEMENT_3D('',#2117,#1370,#1371);
#1169=AXIS2_PLACEMENT_3D('',#2119,#1372,#1373);
#1170=AXIS2_PLACEMENT_3D('',#2121,#1374,#1375);
#1171=AXIS2_PLACEMENT_3D('',#2122,#1376,#1377);
#1172=AXIS2_PLACEMENT_3D('',#2124,#1378,#1379);
#1173=AXIS2_PLACEMENT_3D('',#2126,#1380,#1381);
#1174=AXIS2_PLACEMENT_3D('',#2127,#1382,#1383);
#1175=AXIS2_PLACEMENT_3D('',#2129,#1384,#1385);
#1176=AXIS2_PLACEMENT_3D('',#2131,#1386,#1387);
#1177=AXIS2_PLACEMENT_3D('',#2132,#1388,#1389);
#1178=AXIS2_PLACEMENT_3D('',#2134,#1390,#1391);
#1179=AXIS2_PLACEMENT_3D('',#2136,#1392,#1393);
#1180=AXIS2_PLACEMENT_3D('',#2137,#1394,#1395);
#1181=AXIS2_PLACEMENT_3D('',#2139,#1396,#1397);
#1182=AXIS2_PLACEMENT_3D('',#2140,#1398,#1399);
#1183=AXIS2_PLACEMENT_3D('',#2142,#1400,#1401);
#1184=AXIS2_PLACEMENT_3D('',#2143,#1402,#1403);
#1185=AXIS2_PLACEMENT_3D('',#2148,#1405,#1406);
#1186=AXIS2_PLACEMENT_3D('',#2151,#1408,#1409);
#1187=AXIS2_PLACEMENT_3D('',#2153,#1410,#1411);
#1188=AXIS2_PLACEMENT_3D('',#2154,#1412,#1413);
#1189=AXIS2_PLACEMENT_3D('',#2156,#1414,#1415);
#1190=AXIS2_PLACEMENT_3D('',#2158,#1416,#1417);
#1191=AXIS2_PLACEMENT_3D('',#2159,#1418,#1419);
#1192=AXIS2_PLACEMENT_3D('',#2160,#1420,#1421);
#1193=AXIS2_PLACEMENT_3D('',#2162,#1423,#1424);
#1194=AXIS2_PLACEMENT_3D('',#2164,#1426,#1427);
#1195=AXIS2_PLACEMENT_3D('',#2165,#1428,#1429);
#1196=AXIS2_PLACEMENT_3D('',#2166,#1430,#1431);
#1197=AXIS2_PLACEMENT_3D('',#2167,#1432,#1433);
#1198=AXIS2_PLACEMENT_3D('',#2168,#1434,#1435);
#1199=AXIS2_PLACEMENT_3D('',#2169,#1436,#1437);
#1200=AXIS2_PLACEMENT_3D('',#2170,#1438,#1439);
#1201=AXIS2_PLACEMENT_3D('',#2171,#1440,#1441);
#1202=AXIS2_PLACEMENT_3D('',#2174,#1442,#1443);
#1203=AXIS2_PLACEMENT_3D('',#2176,#1444,#1445);
#1204=AXIS2_PLACEMENT_3D('',#2178,#1446,#1447);
#1205=AXIS2_PLACEMENT_3D('',#2179,#1448,#1449);
#1206=AXIS2_PLACEMENT_3D('',#2180,#1450,#1451);
#1207=AXIS2_PLACEMENT_3D('',#2195,#1452,#1453);
#1208=AXIS2_PLACEMENT_3D('',#2208,#1454,#1455);
#1209=AXIS2_PLACEMENT_3D('',#2213,#1458,#1459);
#1210=AXIS2_PLACEMENT_3D('',#2214,#1460,#1461);
#1211=AXIS2_PLACEMENT_3D('',#2228,#1462,#1463);
#1212=AXIS2_PLACEMENT_3D('',#2253,#1466,#1467);
#1213=AXIS2_PLACEMENT_3D('',#2254,#1468,#1469);
#1214=AXIS2_PLACEMENT_3D('',#2267,#1472,#1473);
#1215=AXIS2_PLACEMENT_3D('',#2288,#1476,#1477);
#1216=AXIS2_PLACEMENT_3D('',#2350,#1478,#1479);
#1217=AXIS2_PLACEMENT_3D('',#2857,#1481,#1482);
#1218=AXIS2_PLACEMENT_3D('',#2858,#1483,#1484);
#1219=AXIS2_PLACEMENT_3D('',#2907,#1485,#1486);
#1220=AXIS2_PLACEMENT_3D('',#2909,#1487,#1488);
#1221=AXIS2_PLACEMENT_3D('',#2911,#1489,#1490);
#1222=AXIS2_PLACEMENT_3D('',#2912,#1491,#1492);
#1223=AXIS2_PLACEMENT_3D('',#2914,#1493,#1494);
#1224=AXIS2_PLACEMENT_3D('',#2915,#1495,#1496);
#1225=AXIS2_PLACEMENT_3D('',#2917,#1497,#1498);
#1226=AXIS2_PLACEMENT_3D('',#2918,#1499,#1500);
#1227=AXIS2_PLACEMENT_3D('',#2920,#1501,#1502);
#1228=AXIS2_PLACEMENT_3D('',#2921,#1503,#1504);
#1229=AXIS2_PLACEMENT_3D('',#2923,#1505,#1506);
#1230=AXIS2_PLACEMENT_3D('',#2924,#1507,#1508);
#1231=AXIS2_PLACEMENT_3D('',#2926,#1509,#1510);
#1232=AXIS2_PLACEMENT_3D('',#2927,#1511,#1512);
#1233=AXIS2_PLACEMENT_3D('',#2929,#1513,#1514);
#1234=AXIS2_PLACEMENT_3D('',#2930,#1515,#1516);
#1235=AXIS2_PLACEMENT_3D('',#2932,#1517,#1518);
#1236=DIRECTION('',(0.,0.,1.));
#1237=DIRECTION('',(1.,0.,0.));
#1238=DIRECTION('',(0.,-1.,0.));
#1239=DIRECTION('',(-1.,0.,0.));
#1240=DIRECTION('',(0.,1.,0.));
#1241=DIRECTION('',(-1.,0.,-7.99360577730113E-15));
#1242=DIRECTION('',(0.466925627968336,1.02267336885453E-15,-0.884296589355842));
#1243=DIRECTION('',(-0.884296589355843,0.,-0.466925627968335));
#1244=DIRECTION('',(0.,-1.,0.));
#1245=DIRECTION('',(-1.,0.,0.));
#1246=DIRECTION('',(0.,-1.,0.));
#1247=DIRECTION('',(-1.,0.,0.));
#1248=DIRECTION('',(0.,1.,0.));
#1249=DIRECTION('',(-1.,0.,0.));
#1250=DIRECTION('',(0.,-1.,0.));
#1251=DIRECTION('',(-1.,0.,0.));
#1252=DIRECTION('',(-0.466925627968336,0.,-0.884296589355842));
#1253=DIRECTION('',(-0.884296589355843,0.,0.466925627968335));
#1254=DIRECTION('',(0.,1.,0.));
#1255=DIRECTION('',(0.,0.,-1.));
#1256=DIRECTION('',(0.,0.,-1.));
#1257=DIRECTION('',(0.,1.,0.));
#1258=DIRECTION('',(1.,0.,0.));
#1259=DIRECTION('',(0.,1.,0.));
#1260=DIRECTION('',(-1.,0.,1.78152219047692E-15));
#1261=DIRECTION('',(-1.,0.,0.));
#1262=DIRECTION('',(0.,0.,1.));
#1263=DIRECTION('',(1.,0.,0.));
#1264=DIRECTION('',(0.,1.,0.));
#1265=DIRECTION('',(-1.,0.,0.));
#1266=DIRECTION('',(0.,1.,0.));
#1267=DIRECTION('',(1.,0.,0.));
#1268=DIRECTION('',(1.,0.,0.));
#1269=DIRECTION('',(0.,0.,-1.));
#1270=DIRECTION('',(0.,0.,-1.));
#1271=DIRECTION('',(0.,-1.,0.));
#1272=DIRECTION('',(-1.,0.,0.));
#1273=DIRECTION('',(0.,0.,-1.));
#1274=DIRECTION('',(-1.,0.,0.));
#1275=DIRECTION('',(0.,0.,-1.));
#1276=DIRECTION('',(0.,1.,0.));
#1277=DIRECTION('',(0.,1.,0.));
#1278=DIRECTION('',(1.,0.,0.));
#1279=DIRECTION('',(0.,-1.,0.));
#1280=DIRECTION('',(1.,0.,0.));
#1281=DIRECTION('',(0.,1.,0.));
#1282=DIRECTION('',(0.,1.,0.));
#1283=DIRECTION('',(1.,0.,0.));
#1284=DIRECTION('',(0.139445037242805,0.990229812512405,0.));
#1285=DIRECTION('',(0.,0.,-1.));
#1286=DIRECTION('',(0.,0.,-1.));
#1287=DIRECTION('',(0.,1.,0.));
#1288=DIRECTION('',(1.,0.,0.));
#1289=DIRECTION('',(0.,1.,0.));
#1290=DIRECTION('',(0.,-1.,0.));
#1291=DIRECTION('',(0.,-1.,0.));
#1292=DIRECTION('',(-1.,0.,0.));
#1293=DIRECTION('',(0.,1.,0.));
#1294=DIRECTION('',(1.,0.,0.));
#1295=DIRECTION('',(0.,-1.,0.));
#1296=DIRECTION('',(-1.,0.,0.));
#1297=DIRECTION('',(0.,1.,0.));
#1298=DIRECTION('',(0.,1.,0.));
#1299=DIRECTION('',(0.,1.,0.));
#1300=DIRECTION('',(1.,0.,0.));
#1301=DIRECTION('',(0.,1.,0.));
#1302=DIRECTION('',(0.,-1.,0.));
#1303=DIRECTION('',(-1.,0.,0.));
#1304=DIRECTION('',(0.,1.,0.));
#1305=DIRECTION('',(1.,0.,0.));
#1306=DIRECTION('',(0.,-1.,0.));
#1307=DIRECTION('',(-1.,0.,0.));
#1308=DIRECTION('',(0.,-1.,0.));
#1309=DIRECTION('',(-1.,0.,0.));
#1310=DIRECTION('',(0.,-1.,0.));
#1311=DIRECTION('',(-1.,0.,0.));
#1312=DIRECTION('',(0.,0.,-1.));
#1313=DIRECTION('',(-1.,0.,0.));
#1314=DIRECTION('',(0.,0.,-1.));
#1315=DIRECTION('',(0.,-1.,0.));
#1316=DIRECTION('',(-1.,0.,0.));
#1317=DIRECTION('',(1.,0.,0.));
#1318=DIRECTION('',(0.,0.,1.));
#1319=DIRECTION('',(1.,0.,0.));
#1320=DIRECTION('',(0.,1.,0.));
#1321=DIRECTION('',(-1.,0.,1.73472347597681E-15));
#1322=DIRECTION('',(0.,1.,0.));
#1323=DIRECTION('',(-1.,0.,6.93889390390722E-15));
#1324=DIRECTION('',(0.,1.,0.));
#1325=DIRECTION('',(1.,0.,0.));
#1326=DIRECTION('',(0.,-1.,0.));
#1327=DIRECTION('',(1.,0.,0.));
#1328=DIRECTION('',(0.,1.,0.));
#1329=DIRECTION('',(1.,0.,0.));
#1330=DIRECTION('',(0.,1.73472347597681E-16,1.));
#1331=DIRECTION('',(1.,0.,0.));
#1332=DIRECTION('',(0.,-1.,1.73472347597681E-16));
#1333=DIRECTION('',(0.,1.,-1.73472347597681E-16));
#1334=DIRECTION('',(-1.,0.,0.));
#1335=DIRECTION('',(0.,-1.73472347597681E-16,1.));
#1336=DIRECTION('',(0.,1.,1.73472347597681E-16));
#1337=DIRECTION('',(0.,-1.,-1.73472347597681E-16));
#1338=DIRECTION('',(1.,0.,0.));
#1339=DIRECTION('',(0.,-1.,-1.73472347597681E-16));
#1340=DIRECTION('',(-1.,0.,0.));
#1341=DIRECTION('',(0.,-1.,0.));
#1342=DIRECTION('',(-1.,0.,0.));
#1343=DIRECTION('',(0.,0.,1.));
#1344=DIRECTION('',(-1.,0.,0.));
#1345=DIRECTION('',(0.,0.,1.));
#1346=DIRECTION('',(-1.,0.,0.));
#1347=DIRECTION('',(0.,0.,1.));
#1348=DIRECTION('',(1.,0.,0.));
#1349=DIRECTION('',(0.,0.,-1.));
#1350=DIRECTION('',(0.,1.,0.));
#1351=DIRECTION('',(1.,0.,0.));
#1352=DIRECTION('',(0.,-1.,0.));
#1353=DIRECTION('',(-1.,0.,0.));
#1354=DIRECTION('',(-0.209884951510489,-0.977726090032091,2.18093822280021E-14));
#1355=DIRECTION('',(-0.977726090032091,0.209884951510489,0.));
#1356=DIRECTION('',(0.,1.,0.));
#1357=DIRECTION('',(1.,0.,0.));
#1358=DIRECTION('',(0.,-1.,0.));
#1359=DIRECTION('',(-1.,0.,0.));
#1360=DIRECTION('',(-0.209884951510472,-0.977726090032094,0.));
#1361=DIRECTION('',(-0.977726090032094,0.209884951510472,0.));
#1362=DIRECTION('',(-1.,0.,0.));
#1363=DIRECTION('',(0.,1.,1.4E-14));
#1364=DIRECTION('',(-1.,0.,0.));
#1365=DIRECTION('',(0.,1.,1.4E-14));
#1366=DIRECTION('',(-1.,0.,0.));
#1367=DIRECTION('',(0.,1.,1.4E-14));
#1368=DIRECTION('',(1.,0.,0.));
#1369=DIRECTION('',(0.,-1.,-1.4E-14));
#1370=DIRECTION('',(-1.,0.,0.));
#1371=DIRECTION('',(0.,1.,1.4E-14));
#1372=DIRECTION('',(1.,0.,0.));
#1373=DIRECTION('',(0.,1.,1.4E-14));
#1374=DIRECTION('',(1.,0.,0.));
#1375=DIRECTION('',(0.,-1.,-1.4E-14));
#1376=DIRECTION('',(-1.,0.,0.));
#1377=DIRECTION('',(0.,1.,1.4E-14));
#1378=DIRECTION('',(1.,0.,0.));
#1379=DIRECTION('',(0.,1.,1.4E-14));
#1380=DIRECTION('',(1.,0.,0.));
#1381=DIRECTION('',(0.,-1.,-1.4E-14));
#1382=DIRECTION('',(-1.,0.,0.));
#1383=DIRECTION('',(0.,1.,1.4E-14));
#1384=DIRECTION('',(-1.,0.,0.));
#1385=DIRECTION('',(0.,1.,1.4E-14));
#1386=DIRECTION('',(1.,0.,0.));
#1387=DIRECTION('',(0.,-1.,-1.4E-14));
#1388=DIRECTION('',(-1.,0.,0.));
#1389=DIRECTION('',(0.,1.,1.4E-14));
#1390=DIRECTION('',(-1.,0.,0.));
#1391=DIRECTION('',(0.,1.,1.4E-14));
#1392=DIRECTION('',(1.,0.,0.));
#1393=DIRECTION('',(0.,-1.,-1.4E-14));
#1394=DIRECTION('',(-1.,0.,0.));
#1395=DIRECTION('',(0.,1.,1.4E-14));
#1396=DIRECTION('',(1.,0.,0.));
#1397=DIRECTION('',(0.,-1.,-1.4E-14));
#1398=DIRECTION('',(-1.,0.,0.));
#1399=DIRECTION('',(0.,1.,1.4E-14));
#1400=DIRECTION('',(-1.,0.,0.));
#1401=DIRECTION('',(0.,1.,1.4E-14));
#1402=DIRECTION('',(1.,0.,0.));
#1403=DIRECTION('',(0.,-1.,-1.4E-14));
#1404=DIRECTION('',(1.,0.,0.));
#1405=DIRECTION('',(1.,0.,0.));
#1406=DIRECTION('',(0.,-1.,-1.4E-14));
#1407=DIRECTION('',(1.,0.,0.));
#1408=DIRECTION('',(1.,0.,0.));
#1409=DIRECTION('',(0.,-1.,-1.4E-14));
#1410=DIRECTION('',(-1.,0.,0.));
#1411=DIRECTION('',(0.,1.,1.4E-14));
#1412=DIRECTION('',(-1.,0.,0.));
#1413=DIRECTION('',(0.,1.,1.4E-14));
#1414=DIRECTION('',(-1.,0.,0.));
#1415=DIRECTION('',(0.,1.,1.4E-14));
#1416=DIRECTION('',(-1.,0.,0.));
#1417=DIRECTION('',(0.,1.,1.4E-14));
#1418=DIRECTION('',(-1.,0.,0.));
#1419=DIRECTION('',(0.,1.,1.4E-14));
#1420=DIRECTION('',(1.,0.,0.));
#1421=DIRECTION('',(0.,1.4E-14,-1.));
#1422=DIRECTION('',(0.,1.4E-14,-1.));
#1423=DIRECTION('',(0.,-1.,-1.4E-14));
#1424=DIRECTION('',(0.,1.4E-14,-1.));
#1425=DIRECTION('',(0.,1.4E-14,-1.));
#1426=DIRECTION('',(1.,0.,0.));
#1427=DIRECTION('',(0.,1.4E-14,-1.));
#1428=DIRECTION('',(-1.,0.,0.));
#1429=DIRECTION('',(0.,1.,1.4E-14));
#1430=DIRECTION('',(-1.,0.,0.));
#1431=DIRECTION('',(0.,1.,1.4E-14));
#1432=DIRECTION('',(-1.,0.,0.));
#1433=DIRECTION('',(0.,1.,1.4E-14));
#1434=DIRECTION('',(-1.,0.,0.));
#1435=DIRECTION('',(0.,1.,1.4E-14));
#1436=DIRECTION('',(-1.,0.,0.));
#1437=DIRECTION('',(0.,1.,1.4E-14));
#1438=DIRECTION('',(0.,1.,0.));
#1439=DIRECTION('',(1.,0.,0.));
#1440=DIRECTION('',(0.,-1.,0.));
#1441=DIRECTION('',(1.,0.,0.));
#1442=DIRECTION('',(-1.,0.,0.));
#1443=DIRECTION('',(0.,0.,-1.));
#1444=DIRECTION('',(0.,1.,0.));
#1445=DIRECTION('',(1.,0.,0.));
#1446=DIRECTION('',(-1.,0.,0.));
#1447=DIRECTION('',(0.,0.,-1.));
#1448=DIRECTION('',(-1.,0.,0.));
#1449=DIRECTION('',(0.,0.,-1.));
#1450=DIRECTION('',(1.,0.,0.));
#1451=DIRECTION('',(0.,0.,-1.));
#1452=DIRECTION('',(1.,0.,0.));
#1453=DIRECTION('',(0.,0.,-1.));
#1454=DIRECTION('',(-1.,0.,0.));
#1455=DIRECTION('',(0.,0.,1.));
#1456=DIRECTION('',(-1.,0.,0.));
#1457=DIRECTION('',(1.,0.,0.));
#1458=DIRECTION('',(1.,0.,0.));
#1459=DIRECTION('',(0.,0.,-1.));
#1460=DIRECTION('',(0.,1.,0.));
#1461=DIRECTION('',(1.,0.,0.));
#1462=DIRECTION('',(0.,1.,0.));
#1463=DIRECTION('',(1.,0.,0.));
#1464=DIRECTION('',(0.,-1.,0.));
#1465=DIRECTION('',(0.,1.,0.));
#1466=DIRECTION('',(0.,-1.,0.));
#1467=DIRECTION('',(1.,0.,0.));
#1468=DIRECTION('',(1.,0.,0.));
#1469=DIRECTION('',(0.,0.,-1.));
#1470=DIRECTION('',(0.,0.,-1.));
#1471=DIRECTION('',(0.,0.,-1.));
#1472=DIRECTION('',(0.,0.,-1.));
#1473=DIRECTION('',(-1.,0.,0.));
#1474=DIRECTION('',(0.,0.,-1.));
#1475=DIRECTION('',(0.,0.,-1.));
#1476=DIRECTION('',(0.121869343405148,0.992546151641322,0.));
#1477=DIRECTION('',(0.,0.,-1.));
#1478=DIRECTION('',(1.,0.,0.));
#1479=DIRECTION('',(0.,0.,-1.));
#1480=DIRECTION('',(-5.45305652596291E-17,0.,-1.));
#1481=DIRECTION('',(0.,1.,0.));
#1482=DIRECTION('',(0.,0.,-1.));
#1483=DIRECTION('',(-1.,0.,0.));
#1484=DIRECTION('',(0.,-1.,0.));
#1485=DIRECTION('',(0.,-0.0582750582750547,-0.998300564751438));
#1486=DIRECTION('',(0.,-0.998300564751438,0.0582750582750547));
#1487=DIRECTION('',(0.,0.,-1.));
#1488=DIRECTION('',(-1.,0.,0.));
#1489=DIRECTION('',(0.,0.,1.));
#1490=DIRECTION('',(1.,0.,0.));
#1491=DIRECTION('',(0.,1.,0.));
#1492=DIRECTION('',(-1.,0.,0.));
#1493=DIRECTION('',(0.,0.,1.));
#1494=DIRECTION('',(1.,0.,0.));
#1495=DIRECTION('',(-1.,0.,0.));
#1496=DIRECTION('',(0.,-1.,0.));
#1497=DIRECTION('',(0.,0.,1.));
#1498=DIRECTION('',(1.,0.,0.));
#1499=DIRECTION('',(0.,-1.,0.));
#1500=DIRECTION('',(1.,0.,0.));
#1501=DIRECTION('',(0.,0.,1.));
#1502=DIRECTION('',(1.,0.,0.));
#1503=DIRECTION('',(0.,0.,1.));
#1504=DIRECTION('',(-1.,0.,0.));
#1505=DIRECTION('',(0.,0.,1.));
#1506=DIRECTION('',(1.,0.,0.));
#1507=DIRECTION('',(1.,0.,0.));
#1508=DIRECTION('',(0.,1.,0.));
#1509=DIRECTION('',(0.,0.,1.));
#1510=DIRECTION('',(1.,0.,0.));
#1511=DIRECTION('',(-0.577350269189626,0.577350269189626,-0.577350269189626));
#1512=DIRECTION('',(-0.707106802488881,-0.707106759884211,4.26046702917127E-8));
#1513=DIRECTION('',(0.,0.,1.));
#1514=DIRECTION('',(1.,0.,0.));
#1515=DIRECTION('',(-0.718873086818576,0.585048618558824,-0.375419230954334));
#1516=DIRECTION('',(-0.631219048973859,-0.77560461074734,-5.29303242902124E-8));
#1517=DIRECTION('',(0.,0.,1.));
#1518=DIRECTION('',(1.,0.,0.));
#1519=CARTESIAN_POINT('',(0.,0.,0.));
#1520=CARTESIAN_POINT('',(-11.130398490441,-3.5,1.11022302462516E-13));
#1521=CARTESIAN_POINT('',(-46.1989748830984,-3.5,-11.3825509120771));
#1522=CARTESIAN_POINT('',(-46.1989748830984,-3.29877237520937,-11.3825509120771));
#1523=CARTESIAN_POINT('',(-46.1764420326786,-3.09741732812754,-11.3861847796586));
#1524=CARTESIAN_POINT('',(-46.1316983819759,-2.9,-11.3934495169251));
#1525=CARTESIAN_POINT('',(-46.1989748830984,-3.5,-11.3825509120771));
#1526=CARTESIAN_POINT('',(-46.1316983819759,-2.9,-11.3934495169251));
#1527=CARTESIAN_POINT('',(-46.1316983819759,-2.9,-11.3934495169251));
#1528=CARTESIAN_POINT('',(-46.0875991854929,-2.70542612403014,-11.4006096183267));
#1529=CARTESIAN_POINT('',(-45.9842976488172,-2.32463852047904,-11.3560074243935));
#1530=CARTESIAN_POINT('',(-45.7287496546665,-1.73228394138591,-11.0363335161702));
#1531=CARTESIAN_POINT('',(-45.51306762896,-1.373291660499,-10.6991558294543));
#1532=CARTESIAN_POINT('',(-45.1927342726933,-0.991572612313893,-10.1491979882293));
#1533=CARTESIAN_POINT('',(-44.9552839969107,-0.794191378359109,-9.71668962867915));
#1534=CARTESIAN_POINT('',(-44.6163790282394,-0.603538992876831,-9.08722943494033));
#1535=CARTESIAN_POINT('',(-44.3725256021727,-0.529456924772685,-8.62534129614197));
#1536=CARTESIAN_POINT('',(-44.1542259492415,-0.500000000000003,-8.21290758942643));
#1537=CARTESIAN_POINT('',(-44.0416413478039,-0.500000000000003,-7.99999999999989));
#1538=CARTESIAN_POINT('',(-44.0416413478039,-0.5,-7.9999999999999));
#1539=CARTESIAN_POINT('',(-11.130398490441,-0.5,1.11022302462516E-13));
#1540=CARTESIAN_POINT('',(-41.0811715881855,-0.5,-15.814584953888));
#1541=CARTESIAN_POINT('',(-41.0811715881855,-3.5,-15.814584953888));
#1542=CARTESIAN_POINT('',(-43.7340613562531,-3.5,-17.215361837793));
#1543=CARTESIAN_POINT('',(-11.130398490441,-3.5,1.11022302462516E-13));
#1544=CARTESIAN_POINT('',(-11.130398490441,-3.5,1.11022302462516E-13));
#1545=CARTESIAN_POINT('',(-11.130398490441,-0.5,1.11022302462516E-13));
#1546=CARTESIAN_POINT('',(-44.0416413478039,-0.5,8.00000000000012));
#1547=CARTESIAN_POINT('',(-41.0811715881855,-0.5,15.8145849538882));
#1548=CARTESIAN_POINT('',(-44.0416413478039,-0.500000000000003,8.00000000000012));
#1549=CARTESIAN_POINT('',(-44.154210342261,-0.500000000000003,8.21287807522327));
#1550=CARTESIAN_POINT('',(-44.3724865456566,-0.529442799377144,8.62526157536674));
#1551=CARTESIAN_POINT('',(-44.6164200233617,-0.60356142640477,9.08730774732442));
#1552=CARTESIAN_POINT('',(-44.9552129996248,-0.794138990545852,9.71655723331));
#1553=CARTESIAN_POINT('',(-45.1927776169194,-0.99161814514996,10.1492747961798));
#1554=CARTESIAN_POINT('',(-45.5129996619701,-1.37319632885271,10.6990419550242));
#1555=CARTESIAN_POINT('',(-45.7287780700189,-1.73232971883177,11.0363699581737));
#1556=CARTESIAN_POINT('',(-45.9842667322847,-2.32457973518571,11.355996481388));
#1557=CARTESIAN_POINT('',(-46.0875937000874,-2.70540192139878,11.4006105089568));
#1558=CARTESIAN_POINT('',(-46.1316983819759,-2.9,11.3934495169253));
#1559=CARTESIAN_POINT('',(-46.1316983819759,-2.9,11.3934495169253));
#1560=CARTESIAN_POINT('',(-46.1316983819759,-2.9,11.3934495169253));
#1561=CARTESIAN_POINT('',(-46.1764420326786,-3.09741732812775,11.3861847796589));
#1562=CARTESIAN_POINT('',(-46.1989748830984,-3.29877237520958,11.3825509120773));
#1563=CARTESIAN_POINT('',(-46.1989748830984,-3.5,11.3825509120773));
#1564=CARTESIAN_POINT('',(-46.1989748830984,-3.5,11.3825509120773));
#1565=CARTESIAN_POINT('',(-11.130398490441,-3.5,1.11022302462516E-13));
#1566=CARTESIAN_POINT('',(-43.7340613562531,-3.5,17.2153618377933));
#1567=CARTESIAN_POINT('',(-41.0811715881855,-3.5,15.8145849538882));
#1568=CARTESIAN_POINT('',(0.,-0.5,1.11022302462516E-13));
#1569=CARTESIAN_POINT('',(0.,-0.5,1.11022302462516E-13));
#1570=CARTESIAN_POINT('',(0.,-0.5,43.0000000000001));
#1571=CARTESIAN_POINT('',(0.,-0.5,-42.9999999999999));
#1572=CARTESIAN_POINT('',(0.,-0.5,1.11022302462516E-13));
#1573=CARTESIAN_POINT('',(-33.4,-0.5,-27.0820974076971));
#1574=CARTESIAN_POINT('',(-33.4,-0.5,-27.0820974076971));
#1575=CARTESIAN_POINT('',(-33.4000011132738,-0.5,-27.1023370805573));
#1576=CARTESIAN_POINT('',(-33.4000022265476,-0.5,-27.1225767534176));
#1577=CARTESIAN_POINT('',(-33.4000033398214,-0.5,-27.1428164262778));
#1578=CARTESIAN_POINT('',(-33.4000033398214,-0.500124295584992,-27.1428164262778));
#1579=CARTESIAN_POINT('',(14.0271194759594,-0.5,13.2836539414261));
#1580=CARTESIAN_POINT('',(-58.,-0.5,-7.9999999999999));
#1581=CARTESIAN_POINT('',(-58.,-0.5,-7.9999999999999));
#1582=CARTESIAN_POINT('',(-58.,-0.5,1.11022302462516E-13));
#1583=CARTESIAN_POINT('',(-58.,-0.5,8.00000000000012));
#1584=CARTESIAN_POINT('',(0.,-0.5,8.00000000000012));
#1585=CARTESIAN_POINT('',(14.0271194759594,-0.5,-13.2836539414258));
#1586=CARTESIAN_POINT('',(-33.4000035085503,-0.50013042607161,27.1428219046712));
#1587=CARTESIAN_POINT('',(-33.4000035085503,-0.5,27.1428219046713));
#1588=CARTESIAN_POINT('',(-33.4000023390335,-0.5,27.1225804056799));
#1589=CARTESIAN_POINT('',(-33.4000011695168,-0.5,27.1023389066885));
#1590=CARTESIAN_POINT('',(-33.4,-0.5,27.0820974076972));
#1591=CARTESIAN_POINT('',(-33.4,-0.5,27.0820974076972));
#1592=CARTESIAN_POINT('',(0.,-0.5,1.11022302462516E-13));
#1593=CARTESIAN_POINT('',(0.,-60.,1.11022302462516E-13));
#1594=CARTESIAN_POINT('',(0.,-16.4844313551391,45.0934427028543));
#1595=CARTESIAN_POINT('',(0.,-14.5265603880179,45.6394888601579));
#1596=CARTESIAN_POINT('',(0.,-12.5406074290141,46.000198789574));
#1597=CARTESIAN_POINT('',(0.,-10.5,46.000198789574));
#1598=CARTESIAN_POINT('',(0.,-16.4844313551373,45.0934427028545));
#1599=CARTESIAN_POINT('',(-9.33890464960285E-8,-10.5,46.0000993947285));
#1600=CARTESIAN_POINT('',(0.,-16.4844313551356,49.000025));
#1601=CARTESIAN_POINT('',(0.,-16.4844313551356,-45.0796893594673));
#1602=CARTESIAN_POINT('',(2.77555756156289E-14,-10.5,-46.0002099068611));
#1603=CARTESIAN_POINT('',(2.77555756156289E-14,-12.5420083684333,-46.0002099068611));
#1604=CARTESIAN_POINT('',(0.,-14.5281581176059,-45.6370652997094));
#1605=CARTESIAN_POINT('',(0.,-16.4844313551356,-45.0796893594673));
#1606=CARTESIAN_POINT('',(-6.5759453438119E-8,-10.5,-46.0001049533892));
#1607=CARTESIAN_POINT('',(0.,-10.5,-45.9999999999999));
#1608=CARTESIAN_POINT('',(0.,-3.5,-45.9999999999999));
#1609=CARTESIAN_POINT('',(0.,-3.5,-42.9999999999999));
#1610=CARTESIAN_POINT('',(0.,-3.5,43.0000000000001));
#1611=CARTESIAN_POINT('',(0.,-3.5,46.0000000000001));
#1612=CARTESIAN_POINT('',(0.,-10.5,46.0000000000001));
#1613=CARTESIAN_POINT('',(-33.6043923279178,-10.5,-31.4135254692441));
#1614=CARTESIAN_POINT('',(-33.6043923279178,-12.8894453997163,-31.4135254692441));
#1615=CARTESIAN_POINT('',(-33.1302714731705,-15.2029827137603,-31.1148074817596));
#1616=CARTESIAN_POINT('',(-32.2884060170911,-17.4425122080349,-30.597025048435));
#1617=CARTESIAN_POINT('',(-33.4753042995392,-10.5,-31.5518802006011));
#1618=CARTESIAN_POINT('',(-33.4753042995392,-12.8874742671486,-31.5518802006011));
#1619=CARTESIAN_POINT('',(-33.0026521650114,-15.1996682198082,-31.2518964440085));
#1620=CARTESIAN_POINT('',(-32.1633947328861,-17.4383461123334,-30.7319301207949));
#1621=CARTESIAN_POINT('',(-31.9728204297507,-10.5,-33.1425101123835));
#1622=CARTESIAN_POINT('',(-31.9728204297507,-12.8645541663693,-33.1425101123835));
#1623=CARTESIAN_POINT('',(-31.5172367404682,-15.1611340086036,-32.8280603119271));
#1624=CARTESIAN_POINT('',(-30.7082879515417,-17.3899199746263,-32.2831434416198));
#1625=CARTESIAN_POINT('',(-28.9284113200384,-10.5,-35.9307193332075));
#1626=CARTESIAN_POINT('',(-28.9284113200384,-12.8186773809351,-35.9307193332075));
#1627=CARTESIAN_POINT('',(-28.5067199126118,-15.0841416451688,-35.5929926744868));
#1628=CARTESIAN_POINT('',(-27.7579541001633,-17.2933536288836,-35.0081294636134));
#1629=CARTESIAN_POINT('',(-24.1420991445851,-10.5,-39.302245241724));
#1630=CARTESIAN_POINT('',(-24.1420991445851,-12.7477687916199,-39.302245241724));
#1631=CARTESIAN_POINT('',(-23.7722644134042,-14.965527384155,-38.9410192024351));
#1632=CARTESIAN_POINT('',(-23.1155813204303,-17.1451209170239,-38.3163417327888));
#1633=CARTESIAN_POINT('',(-19.0284597548571,-10.5,-42.0121525848486));
#1634=CARTESIAN_POINT('',(-19.0284597548571,-12.6744481832437,-42.0121525848486));
#1635=CARTESIAN_POINT('',(-18.7118719790125,-14.8432562988145,-41.637821898812));
#1636=CARTESIAN_POINT('',(-18.1497404752167,-16.9928438584257,-40.9917056800731));
#1637=CARTESIAN_POINT('',(-11.8552053038967,-10.5,-44.7289556810402));
#1638=CARTESIAN_POINT('',(-11.8552053038967,-12.575854740426,-44.7289556810402));
#1639=CARTESIAN_POINT('',(-11.6100849310052,-14.679376676188,-44.3507672068106));
#1640=CARTESIAN_POINT('',(-11.1748595843108,-16.7894964182003,-43.7001186095562));
#1641=CARTESIAN_POINT('',(-5.32430802765376,-10.5,-45.8922327752256));
#1642=CARTESIAN_POINT('',(-5.32430802765376,-12.495762078977,-45.8922327752256));
#1643=CARTESIAN_POINT('',(-5.13969161187921,-14.5470212737259,-45.527951439156));
#1644=CARTESIAN_POINT('',(-4.81190467225093,-16.6263466992949,-44.9038162944465));
#1645=CARTESIAN_POINT('',(-0.631076811208999,-10.5,-46.0034278174935));
#1646=CARTESIAN_POINT('',(-0.631076811208999,-12.4457323956631,-46.0034278174935));
#1647=CARTESIAN_POINT('',(-0.486156501297939,-14.4649526053407,-45.6589381706011));
#1648=CARTESIAN_POINT('',(-0.228859146171101,-16.5260378329026,-45.0711144932084));
#1649=CARTESIAN_POINT('',(0.223517079336649,-10.5,-45.999806352917));
#1650=CARTESIAN_POINT('',(0.223517079336649,-12.4369845121647,-45.999806352917));
#1651=CARTESIAN_POINT('',(0.361341098419945,-14.4506289757122,-45.6592434088121));
#1652=CARTESIAN_POINT('',(0.606037345980884,-16.508568130807,-45.0786004788353));
#1653=CARTESIAN_POINT('',(-33.399999999992,-11.7810138402744,-31.5545525794015));
#1654=CARTESIAN_POINT('',(-33.4000000000001,-11.3523314207108,-31.6057758936478));
#1655=CARTESIAN_POINT('',(-33.4000014330861,-10.9253989882955,-31.6311736889646));
#1656=CARTESIAN_POINT('',(-33.4003603433187,-10.5,-31.6307939616845));
#1657=CARTESIAN_POINT('',(-33.399999999992,-11.7810138402744,-31.5545525794015));
#1658=CARTESIAN_POINT('',(-33.400000071263,-10.4999999618737,-31.6300931774549));
#1659=CARTESIAN_POINT('',(-6.57592987429215E-8,-10.5,-45.9999999999999));
#1660=CARTESIAN_POINT('',(-6.22999611246436,-10.5,-45.9999999910938));
#1661=CARTESIAN_POINT('',(-18.6869520966914,-10.5,-43.4333670426856));
#1662=CARTESIAN_POINT('',(-29.1160311068999,-10.5,-36.1534173118391));
#1663=CARTESIAN_POINT('',(-33.3998201078531,-10.5,-31.6299228067829));
#1664=CARTESIAN_POINT('',(-33.399999999992,-11.7810138402744,-31.5545525794015));
#1665=CARTESIAN_POINT('',(-31.2359553746057,-12.085756516741,-33.812713245662));
#1666=CARTESIAN_POINT('',(-26.5252870246163,-12.7491169965029,-37.7828749023477));
#1667=CARTESIAN_POINT('',(-15.4805470232071,-14.3044470435008,-43.6482980287076));
#1668=CARTESIAN_POINT('',(-6.21733353362597,-15.6089009528063,-45.229958598049));
#1669=CARTESIAN_POINT('',(2.77555756156289E-14,-16.4844313551356,-45.0796893594673));
#1670=CARTESIAN_POINT('',(0.,-10.5,1.11022302462516E-13));
#1671=CARTESIAN_POINT('',(0.,-3.5,1.11022302462516E-13));
#1672=CARTESIAN_POINT('',(-33.4,-3.5,-31.6297328474332));
#1673=CARTESIAN_POINT('',(-33.4,-10.5,-31.6297328474332));
#1674=CARTESIAN_POINT('',(0.,-3.5,1.11022302462516E-13));
#1675=CARTESIAN_POINT('',(-33.4,-3.5,-31.6297328474332));
#1676=CARTESIAN_POINT('',(-33.4,-3.07008869480546,-31.6297328474332));
#1677=CARTESIAN_POINT('',(-33.4028592707889,-2.41659911354542,-31.4270004981444));
#1678=CARTESIAN_POINT('',(-33.4015974969235,-1.73842614833868,-30.815199953268));
#1679=CARTESIAN_POINT('',(-33.4004532254938,-1.40551279263915,-30.3937350219983));
#1680=CARTESIAN_POINT('',(-33.3998056371431,-1.14768341715032,-29.9625251539064));
#1681=CARTESIAN_POINT('',(-33.4003384786567,-1.04595039754714,-29.7498551544797));
#1682=CARTESIAN_POINT('',(-33.4017333943582,-0.869754193955256,-29.343755446606));
#1683=CARTESIAN_POINT('',(-33.4040668787796,-0.62488233441976,-28.5778841750092));
#1684=CARTESIAN_POINT('',(-33.4002682295617,-0.505124080784447,-27.7490296128556));
#1685=CARTESIAN_POINT('',(-33.4000021537918,-0.500244092520332,-27.1428154624401));
#1686=CARTESIAN_POINT('',(-39.0277481378598,-10.9885093743797,49.000025));
#1687=CARTESIAN_POINT('',(2.56461518688411E-11,-16.4844313551391,45.0934427028548));
#1688=CARTESIAN_POINT('',(-3.11003740397577,-16.0464731396344,45.1676825409605));
#1689=CARTESIAN_POINT('',(-9.23452672058892,-15.1840171419894,44.7251542668381));
#1690=CARTESIAN_POINT('',(-18.2694426349539,-13.9117122989674,42.1707295255376));
#1691=CARTESIAN_POINT('',(-26.4107296203141,-12.7652490714086,37.8598273874701));
#1692=CARTESIAN_POINT('',(-31.2347105278143,-12.0859318171662,33.8143725567207));
#1693=CARTESIAN_POINT('',(-33.4,-11.7810138402732,31.5547586143196));
#1694=CARTESIAN_POINT('',(-33.4,-11.7810138402732,31.5547586143196));
#1695=CARTESIAN_POINT('',(-33.4,-11.7810138402732,31.5547586143196));
#1696=CARTESIAN_POINT('',(-35.4306813154271,-11.4950515029653,29.4407035036475));
#1697=CARTESIAN_POINT('',(-37.3098131659559,-11.2304304952255,27.1859534401777));
#1698=CARTESIAN_POINT('',(-39.0277481378597,-10.9885093743797,24.8058871165822));
#1699=CARTESIAN_POINT('',(-39.0277481378597,-10.9885093743797,24.8058871165822));
#1700=CARTESIAN_POINT('',(-39.0277481378597,-10.9885093743797,49.000025));
#1701=CARTESIAN_POINT('',(-39.0277481378598,-10.9885093743797,-24.8058774854881));
#1702=CARTESIAN_POINT('',(-33.4,-11.781013840274,-31.5545525794015));
#1703=CARTESIAN_POINT('',(-35.4307087528955,-11.4950476391976,-29.4406000622501));
#1704=CARTESIAN_POINT('',(-37.3098364399893,-11.2304272177555,-27.1858932272357));
#1705=CARTESIAN_POINT('',(-39.0277481378597,-10.9885093743797,-24.8058774854881));
#1706=CARTESIAN_POINT('',(-11.130398490441,-10.5168888011857,1.11022302462516E-13));
#1707=CARTESIAN_POINT('',(-43.7339169295283,-10.5513675575026,17.2156353605022));
#1708=CARTESIAN_POINT('',(-43.7339244191486,-10.5342449975568,17.2156211764208));
#1709=CARTESIAN_POINT('',(-43.7339319087596,-10.5171224376111,17.2156069923345));
#1710=CARTESIAN_POINT('',(-43.7339393983614,-10.4999998776653,17.2155928082433));
#1711=CARTESIAN_POINT('',(-43.7342162540063,-10.5513672915026,17.2157934176779));
#1712=CARTESIAN_POINT('',(-43.7342191064963,-10.5,17.2155928237419));
#1713=CARTESIAN_POINT('',(-43.7340613562531,-10.5,17.2153618377933));
#1714=CARTESIAN_POINT('',(-46.1989748830984,-10.5,11.3825509120773));
#1715=CARTESIAN_POINT('',(-46.1989748830984,-10.5,11.3825509120773));
#1716=CARTESIAN_POINT('',(-11.130398490441,-10.5,1.11022302462516E-13));
#1717=CARTESIAN_POINT('',(-46.0000000003408,-10.5,11.9785750182074));
#1718=CARTESIAN_POINT('',(-45.9998992750118,-10.5000000001353,11.9785404165528));
#1719=CARTESIAN_POINT('',(-45.380018549046,-10.5000012488848,13.7830116383165));
#1720=CARTESIAN_POINT('',(-44.6246431914204,-10.510967005069,15.5287495785622));
#1721=CARTESIAN_POINT('',(-43.7339170305992,-10.5513777169401,17.2156351690909));
#1722=CARTESIAN_POINT('',(-11.130398490441,-10.5168888011857,1.11022302462516E-13));
#1723=CARTESIAN_POINT('',(-43.7339391943607,-10.4999998771475,-17.2155931945874));
#1724=CARTESIAN_POINT('',(-43.7339316856198,-10.5171224355521,-17.2156074149246));
#1725=CARTESIAN_POINT('',(-43.7339241768696,-10.5342449939566,-17.2156216352568));
#1726=CARTESIAN_POINT('',(-43.7339166681101,-10.5513675523612,-17.2156358555841));
#1727=CARTESIAN_POINT('',(-43.7342165636933,-10.551367285785,-17.2157942143277));
#1728=CARTESIAN_POINT('',(-43.734219370372,-10.5,-17.2155932101113));
#1729=CARTESIAN_POINT('',(-43.7339167697361,-10.5513777291745,-17.2156356639763));
#1730=CARTESIAN_POINT('',(-44.6246429781204,-10.5109670104837,-15.5287500453596));
#1731=CARTESIAN_POINT('',(-45.3800183770557,-10.5000012505395,-13.783012072134));
#1732=CARTESIAN_POINT('',(-45.999899138847,-10.5000000001017,-11.9785408128238));
#1733=CARTESIAN_POINT('',(-46.0000000003405,-10.5,-11.9785754612605));
#1734=CARTESIAN_POINT('',(-11.130398490441,-10.5,1.11022302462516E-13));
#1735=CARTESIAN_POINT('',(-46.1989748830984,-10.5,-11.3825509120771));
#1736=CARTESIAN_POINT('',(-46.1989748830984,-10.5,-11.3825509120771));
#1737=CARTESIAN_POINT('',(-43.7340613562531,-10.5,-17.215361837793));
#1738=CARTESIAN_POINT('',(14.0271194759594,-10.5,-13.2836539414258));
#1739=CARTESIAN_POINT('',(-33.4,-10.5,31.6297328474334));
#1740=CARTESIAN_POINT('',(-33.4000000703581,-10.499999961946,31.6300925757317));
#1741=CARTESIAN_POINT('',(-33.4,-3.5,31.6297328474334));
#1742=CARTESIAN_POINT('',(14.0271194759594,-3.5,-13.2836539414258));
#1743=CARTESIAN_POINT('',(-43.7339393980688,-10.5,17.2155928096604));
#1744=CARTESIAN_POINT('',(-40.9648974055502,-10.5,22.4597484722533));
#1745=CARTESIAN_POINT('',(-37.4775466989578,-10.5,27.3240066537473));
#1746=CARTESIAN_POINT('',(-33.3998204499963,-10.5,31.6299224458137));
#1747=CARTESIAN_POINT('',(14.0271194759594,-10.5,13.2836539414261));
#1748=CARTESIAN_POINT('',(14.0271194759594,-3.5,13.2836539414261));
#1749=CARTESIAN_POINT('',(-33.3998201500559,-10.5,-31.6299227625385));
#1750=CARTESIAN_POINT('',(-37.4775464276148,-10.5,-27.324006997871));
#1751=CARTESIAN_POINT('',(-40.9648971665794,-10.5,-22.4597488398767));
#1752=CARTESIAN_POINT('',(-43.7339391940674,-10.5,-17.2155931960087));
#1753=CARTESIAN_POINT('',(-33.4,-11.7810138402744,-31.5545525794015));
#1754=CARTESIAN_POINT('',(-37.483517655262,-11.7810138402744,-27.2352567211173));
#1755=CARTESIAN_POINT('',(-40.9428161990944,-11.7810138402744,-22.4015535096172));
#1756=CARTESIAN_POINT('',(-43.7138366401768,-11.7810138402744,-17.1429530430167));
#1757=CARTESIAN_POINT('',(-43.7304010029597,-11.7810138402744,-17.1115186426899));
#1758=CARTESIAN_POINT('',(-43.7469653657425,-11.7810138402744,-17.080084242363));
#1759=CARTESIAN_POINT('',(-43.7635297285254,-11.7810138402744,-17.0486498420361));
#1760=CARTESIAN_POINT('',(-33.4,-11.3587805989226,-31.6047648760101));
#1761=CARTESIAN_POINT('',(-37.4880906035493,-11.3587805989225,-27.2854690177259));
#1762=CARTESIAN_POINT('',(-40.9519197549383,-11.3587805989225,-22.4511449590589));
#1763=CARTESIAN_POINT('',(-43.727344565448,-11.3587805989226,-17.1913142949192));
#1764=CARTESIAN_POINT('',(-43.7439352562839,-11.3587805989226,-17.1598725408254));
#1765=CARTESIAN_POINT('',(-43.7605259471197,-11.3587805989226,-17.1284307867316));
#1766=CARTESIAN_POINT('',(-43.7771166379556,-11.3587805989226,-17.0969890326379));
#1767=CARTESIAN_POINT('',(-33.4,-10.9318967989172,-31.6306959687821));
#1768=CARTESIAN_POINT('',(-37.4904522072656,-10.9318967989172,-27.311400110498));
#1769=CARTESIAN_POINT('',(-40.9566210963843,-10.9318967989172,-22.4767554282674));
#1770=CARTESIAN_POINT('',(-43.7343204515761,-10.9318967989172,-17.2162894542797));
#1771=CARTESIAN_POINT('',(-43.7509247389855,-10.9318967989172,-17.1848439024865));
#1772=CARTESIAN_POINT('',(-43.7675290263949,-10.9318967989172,-17.1533983506933));
#1773=CARTESIAN_POINT('',(-43.7841333138044,-10.9318967989172,-17.1219527989001));
#1774=CARTESIAN_POINT('',(-33.4,-10.5,-31.6304535074767));
#1775=CARTESIAN_POINT('',(-37.4904301257619,-10.5,-27.3111576491925));
#1776=CARTESIAN_POINT('',(-40.9565771378288,-10.5,-22.4765159648614));
#1777=CARTESIAN_POINT('',(-43.7342552255375,-10.5,-17.2160559311576));
#1778=CARTESIAN_POINT('',(-43.750859385816,-10.5,-17.1846104148737));
#1779=CARTESIAN_POINT('',(-43.7674635460946,-10.5,-17.1531648985899));
#1780=CARTESIAN_POINT('',(-43.7840677063731,-10.5,-17.121719382306));
#1781=CARTESIAN_POINT('',(-39.0277481378598,-10.9885093743797,-24.8058774854881));
#1782=CARTESIAN_POINT('',(-40.7692352870213,-10.74327161512,-22.3932000270404));
#1783=CARTESIAN_POINT('',(-42.3404744732542,-10.6145851737053,-19.8551172599497));
#1784=CARTESIAN_POINT('',(-43.7342973130329,-10.5513604656316,-17.2158370220123));
#1785=CARTESIAN_POINT('',(-43.7840671755094,-10.5,17.1217186124122));
#1786=CARTESIAN_POINT('',(-43.7674630842698,-10.5,17.1531639989665));
#1787=CARTESIAN_POINT('',(-43.7508589930302,-10.5,17.1846093855209));
#1788=CARTESIAN_POINT('',(-43.7342549017906,-10.5,17.2160547720752));
#1789=CARTESIAN_POINT('',(-40.9565769196422,-10.5,22.4765147762947));
#1790=CARTESIAN_POINT('',(-37.4904300161613,-10.5,27.3111564457458));
#1791=CARTESIAN_POINT('',(-33.4,-10.5,31.6304523040299));
#1792=CARTESIAN_POINT('',(-43.7841324566715,-10.9304615839056,17.1219508682196));
#1793=CARTESIAN_POINT('',(-43.7675282389338,-10.9304615839056,17.1533962901065));
#1794=CARTESIAN_POINT('',(-43.7509240211961,-10.9304615839056,17.1848417119935));
#1795=CARTESIAN_POINT('',(-43.7343198034583,-10.9304615839056,17.2162871338805));
#1796=CARTESIAN_POINT('',(-40.9566206595906,-10.9304615839056,22.4767530488426));
#1797=CARTESIAN_POINT('',(-37.490451987853,-10.9304615839056,27.3113977012845));
#1798=CARTESIAN_POINT('',(-33.4,-10.9304615839056,31.6306935595687));
#1799=CARTESIAN_POINT('',(-43.777160287848,-11.3573935385968,17.0971454473768));
#1800=CARTESIAN_POINT('',(-43.760569580385,-11.3573935385968,17.1285870956687));
#1801=CARTESIAN_POINT('',(-43.7439788729219,-11.3573935385968,17.1600287439606));
#1802=CARTESIAN_POINT('',(-43.7273881654589,-11.3573935385968,17.1914703922524));
#1803=CARTESIAN_POINT('',(-40.9519491388093,-11.3573935385969,22.4513050271446));
#1804=CARTESIAN_POINT('',(-37.4881053638171,-11.3573935385969,27.285631089742));
#1805=CARTESIAN_POINT('',(-33.4,-11.3573935385968,31.6049269480261));
#1806=CARTESIAN_POINT('',(-43.7635852746331,-11.7810138402732,17.048848579606));
#1807=CARTESIAN_POINT('',(-43.7470208720634,-11.7810138402732,17.0802828805998));
#1808=CARTESIAN_POINT('',(-43.7304564694937,-11.7810138402732,17.1117171815936));
#1809=CARTESIAN_POINT('',(-43.713892066924,-11.7810138402732,17.1431514825874));
#1810=CARTESIAN_POINT('',(-40.9428535534977,-11.7810138402733,22.401756997028));
#1811=CARTESIAN_POINT('',(-37.4835364193316,-11.7810138402733,27.2354627560355));
#1812=CARTESIAN_POINT('',(-33.4,-11.7810138402732,31.5547586143196));
#1813=CARTESIAN_POINT('',(-33.4,-11.7810138402732,31.5547586143196));
#1814=CARTESIAN_POINT('',(-33.4,-11.3573935385968,31.6049269480261));
#1815=CARTESIAN_POINT('',(-33.4,-10.9304615839056,31.6306935595687));
#1816=CARTESIAN_POINT('',(-33.4,-10.5,31.6304523040299));
#1817=CARTESIAN_POINT('',(-39.0277481378597,-10.9885093743797,24.8058871165822));
#1818=CARTESIAN_POINT('',(-40.7692322345816,-10.7432720449673,22.3931952979324));
#1819=CARTESIAN_POINT('',(-42.3404696553049,-10.6145854066452,19.8551244433484));
#1820=CARTESIAN_POINT('',(-43.7342967982564,-10.5513604889822,17.2158361166318));
#1821=CARTESIAN_POINT('',(14.0271194759594,-3.5,-13.2836539414258));
#1822=CARTESIAN_POINT('',(-33.4,-3.5,31.6297328474334));
#1823=CARTESIAN_POINT('',(-33.4,-3.07517233941905,31.6297328474334));
#1824=CARTESIAN_POINT('',(-33.4040267621405,-2.4250223172969,31.4306872741022));
#1825=CARTESIAN_POINT('',(-33.4027938588488,-1.74267159825855,30.8200189990013));
#1826=CARTESIAN_POINT('',(-33.4016025514404,-1.4073197896088,30.3994481124176));
#1827=CARTESIAN_POINT('',(-33.4011791623558,-1.1445789987024,29.9624796095486));
#1828=CARTESIAN_POINT('',(-33.4019709114723,-1.04899710081636,29.7632906736476));
#1829=CARTESIAN_POINT('',(-33.4036990545971,-0.87329563275377,29.3648593973007));
#1830=CARTESIAN_POINT('',(-33.4061284828812,-0.625568730131278,28.6071310904323));
#1831=CARTESIAN_POINT('',(-33.4002757218106,-0.50000074908045,27.7654219490692));
#1832=CARTESIAN_POINT('',(-33.4000035087343,-0.500000000005158,27.1428219048281));
#1833=CARTESIAN_POINT('',(14.0271194759594,-3.5,13.2836539414261));
#1834=CARTESIAN_POINT('',(-46.,-60.5,49.000025));
#1835=CARTESIAN_POINT('',(-46.,-10.5,49.000025));
#1836=CARTESIAN_POINT('',(-11.1298386315228,-10.5,-4.43054148924205E-7));
#1837=CARTESIAN_POINT('',(-58.,-10.5,10.0000000000001));
#1838=CARTESIAN_POINT('',(-58.,-10.5,10.0000000000001));
#1839=CARTESIAN_POINT('',(-48.101277862075,-10.5,10.0000000000001));
#1840=CARTESIAN_POINT('',(-58.,-10.5,-4.43054148924205E-7));
#1841=CARTESIAN_POINT('',(-58.,-10.5,-9.9999999999999));
#1842=CARTESIAN_POINT('',(-58.,-10.5,-9.9999999999999));
#1843=CARTESIAN_POINT('',(-48.101277862075,-10.5,-9.9999999999999));
#1844=CARTESIAN_POINT('',(-48.101277862075,-10.5,-11.9999999999999));
#1845=CARTESIAN_POINT('',(-48.101277862075,-10.5,12.0000000000001));
#1846=CARTESIAN_POINT('',(0.223516315277093,-10.4993351969744,45.9997952211716));
#1847=CARTESIAN_POINT('',(0.223516315277093,-10.4995567979829,45.9997952211716));
#1848=CARTESIAN_POINT('',(0.223516315277093,-10.4997783989915,45.9997952211716));
#1849=CARTESIAN_POINT('',(0.223516315277093,-10.5,45.9997952211716));
#1850=CARTESIAN_POINT('',(0.223516315277093,-12.421565820714,45.9997952211716));
#1851=CARTESIAN_POINT('',(0.359184245001996,-14.4370111604481,45.6645726785858));
#1852=CARTESIAN_POINT('',(0.600287084902583,-16.5081641907646,45.0922558073523));
#1853=CARTESIAN_POINT('',(-0.63108264198277,-10.4993321957675,46.0034166801609));
#1854=CARTESIAN_POINT('',(-0.63108264198277,-10.4995547971783,46.0034166801609));
#1855=CARTESIAN_POINT('',(-0.63108264198277,-10.4997773985892,46.0034166801609));
#1856=CARTESIAN_POINT('',(-0.63108264198277,-10.5,46.0034166801609));
#1857=CARTESIAN_POINT('',(-0.63108264198277,-12.4302405957219,46.0034166801609));
#1858=CARTESIAN_POINT('',(-0.488429484571504,-14.4516908745355,45.6643289815928));
#1859=CARTESIAN_POINT('',(-0.234910596640138,-16.5267428000624,45.0849387023468));
#1860=CARTESIAN_POINT('',(-5.32431362277104,-10.499315030806,45.8922255400215));
#1861=CARTESIAN_POINT('',(-5.32431362277104,-10.4995433538707,45.8922255400215));
#1862=CARTESIAN_POINT('',(-5.32431362277104,-10.4997716769353,45.8922255400215));
#1863=CARTESIAN_POINT('',(-5.32431362277104,-10.5,45.8922255400215));
#1864=CARTESIAN_POINT('',(-5.32431362277104,-12.4798546949564,45.8922255400215));
#1865=CARTESIAN_POINT('',(-5.14258611718821,-14.5355006835629,45.5336563085625));
#1866=CARTESIAN_POINT('',(-4.81961361922596,-16.6326074936357,44.9184982610597));
#1867=CARTESIAN_POINT('',(-11.8551162588389,-10.4992875454573,44.7290091039432));
#1868=CARTESIAN_POINT('',(-11.8551162588389,-10.4995250303048,44.7290091039432));
#1869=CARTESIAN_POINT('',(-11.8551162588389,-10.4997625151524,44.7290091039432));
#1870=CARTESIAN_POINT('',(-11.8551162588389,-10.5,44.7290091039432));
#1871=CARTESIAN_POINT('',(-11.8551162588389,-12.5592991388298,44.7290091039432));
#1872=CARTESIAN_POINT('',(-11.6138358075268,-14.6687443122962,44.3567488294374));
#1873=CARTESIAN_POINT('',(-11.1850092340044,-16.7995945433626,43.7154794791903));
#1874=CARTESIAN_POINT('',(-19.0285291192727,-10.4992537036662,42.0121094305984));
#1875=CARTESIAN_POINT('',(-19.0285291192727,-10.4995024691108,42.0121094305984));
#1876=CARTESIAN_POINT('',(-19.0285291192727,-10.4997512345554,42.0121094305984));
#1877=CARTESIAN_POINT('',(-19.0285291192727,-10.5,42.0121094305984));
#1878=CARTESIAN_POINT('',(-19.0285291192727,-12.6571164268992,42.0121094305984));
#1879=CARTESIAN_POINT('',(-18.7168970642297,-14.8318662583903,41.6436492373063));
#1880=CARTESIAN_POINT('',(-18.1630217229978,-17.0027248001365,41.0068707995644));
#1881=CARTESIAN_POINT('',(-24.1422432528652,-10.4992285338725,39.3021567212991));
#1882=CARTESIAN_POINT('',(-24.1422432528652,-10.4994856892483,39.3021567212991));
#1883=CARTESIAN_POINT('',(-24.1422432528652,-10.4997428446242,39.3021567212991));
#1884=CARTESIAN_POINT('',(-24.1422432528652,-10.5,39.3021567212991));
#1885=CARTESIAN_POINT('',(-24.1422432528652,-12.7298679238327,39.3021567212991));
#1886=CARTESIAN_POINT('',(-23.7781972857543,-14.9527949169983,38.9465968489327));
#1887=CARTESIAN_POINT('',(-23.1311569797223,-17.1527636416051,38.3309600059457));
#1888=CARTESIAN_POINT('',(-28.9284053173306,-10.4992041916542,35.9307235458286));
#1889=CARTESIAN_POINT('',(-28.9284053173306,-10.4994694611028,35.9307235458286));
#1890=CARTESIAN_POINT('',(-28.9284053173306,-10.4997347305514,35.9307235458286));
#1891=CARTESIAN_POINT('',(-28.9284053173306,-10.5,35.9307235458286));
#1892=CARTESIAN_POINT('',(-28.9284053173306,-12.8002273730922,35.9307235458286));
#1893=CARTESIAN_POINT('',(-28.5133197397404,-15.0693877001123,35.5982923069118));
#1894=CARTESIAN_POINT('',(-27.775557147113,-17.2969182832485,35.0218970401414));
#1895=CARTESIAN_POINT('',(-31.9727695196244,-10.4991884405551,33.1425546601298));
#1896=CARTESIAN_POINT('',(-31.9727695196244,-10.4994589603701,33.1425546601298));
#1897=CARTESIAN_POINT('',(-31.9727695196244,-10.499729480185,33.1425546601298));
#1898=CARTESIAN_POINT('',(-31.9727695196244,-10.5,33.1425546601298));
#1899=CARTESIAN_POINT('',(-31.9727695196244,-12.8457548035239,33.1425546601298));
#1900=CARTESIAN_POINT('',(-31.5243238909828,-15.1445845599384,32.8330349737578));
#1901=CARTESIAN_POINT('',(-30.7272641315045,-17.3895441329877,32.2960103124246));
#1902=CARTESIAN_POINT('',(-33.4752192226867,-10.4991805708639,31.5519679052577));
#1903=CARTESIAN_POINT('',(-33.4752192226867,-10.4994537139092,31.5519679052577));
#1904=CARTESIAN_POINT('',(-33.4752192226867,-10.4997268569546,31.5519679052577));
#1905=CARTESIAN_POINT('',(-33.4752192226867,-10.5,31.5519679052577));
#1906=CARTESIAN_POINT('',(-33.4752192226867,-12.8685015860053,31.5519679052577));
#1907=CARTESIAN_POINT('',(-33.0099733150208,-15.1820873969618,31.256687067121));
#1908=CARTESIAN_POINT('',(-32.1830512007721,-17.4356438598172,30.7442519349899));
#1909=CARTESIAN_POINT('',(-33.6042695062399,-10.4991798942479,31.4136547535069));
#1910=CARTESIAN_POINT('',(-33.6042695062399,-10.499453262832,31.4136547535069));
#1911=CARTESIAN_POINT('',(-33.6042695062399,-10.499726631416,31.4136547535069));
#1912=CARTESIAN_POINT('',(-33.6042695062399,-10.5,31.4136547535069));
#1913=CARTESIAN_POINT('',(-33.6042695062399,-12.8704572961467,31.4136547535069));
#1914=CARTESIAN_POINT('',(-33.137578344119,-15.1853112587467,31.1196194626202));
#1915=CARTESIAN_POINT('',(-32.3080873020495,-17.4396059791595,30.6093360226835));
#1916=CARTESIAN_POINT('',(-33.3998204079339,-10.5,31.6299224899109));
#1917=CARTESIAN_POINT('',(-29.1160314030491,-10.5,36.1534170850769));
#1918=CARTESIAN_POINT('',(-18.6869523270007,-10.5,43.4333669745404));
#1919=CARTESIAN_POINT('',(-6.22999620822451,-10.5,45.999999987352));
#1920=CARTESIAN_POINT('',(-9.33888411171369E-8,-10.5,46.0000000000001));
#1921=CARTESIAN_POINT('',(0.,-10.5,1.11022302462516E-13));
#1922=CARTESIAN_POINT('',(0.,-3.5,1.11022302462516E-13));
#1923=CARTESIAN_POINT('',(0.,-3.5,1.11022302462516E-13));
#1924=CARTESIAN_POINT('',(-58.,-60.,10.0000000000001));
#1925=CARTESIAN_POINT('',(-58.,-60.,10.0000000000001));
#1926=CARTESIAN_POINT('',(-58.,-2.5,10.0000000000001));
#1927=CARTESIAN_POINT('',(-48.101277862075,-3.5,10.0000000000001));
#1928=CARTESIAN_POINT('',(-48.101277862075,-3.5,10.0000000000001));
#1929=CARTESIAN_POINT('',(-48.101277862075,-3.5,10.0000000000001));
#1930=CARTESIAN_POINT('',(-48.101277862075,-3.16290554174009,10.0000000000001));
#1931=CARTESIAN_POINT('',(-48.0658042173245,-2.8295792086368,10.0000000000001));
#1932=CARTESIAN_POINT('',(-47.9950546311891,-2.5,10.0000000000001));
#1933=CARTESIAN_POINT('',(-47.9950546311891,-2.5,10.0000000000001));
#1934=CARTESIAN_POINT('',(-58.,-2.5,10.0000000000001));
#1935=CARTESIAN_POINT('',(-58.,-60.,-9.9999999999999));
#1936=CARTESIAN_POINT('',(-58.,-60.,-9.9999999999999));
#1937=CARTESIAN_POINT('',(-58.,-2.5,-9.9999999999999));
#1938=CARTESIAN_POINT('',(-43.4900942000165,-2.5,-9.9999999999999));
#1939=CARTESIAN_POINT('',(-47.9950546311891,-2.5,-9.9999999999999));
#1940=CARTESIAN_POINT('',(-47.9950546311891,-2.5,-9.9999999999999));
#1941=CARTESIAN_POINT('',(-48.0658042173245,-2.82957920863669,-9.9999999999999));
#1942=CARTESIAN_POINT('',(-48.101277862075,-3.16290554174009,-9.9999999999999));
#1943=CARTESIAN_POINT('',(-48.101277862075,-3.5,-9.9999999999999));
#1944=CARTESIAN_POINT('',(-48.101277862075,-3.5,-9.9999999999999));
#1945=CARTESIAN_POINT('',(-48.101277862075,-60.,-9.9999999999999));
#1946=CARTESIAN_POINT('',(-58.,-60.,1.11022302462516E-13));
#1947=CARTESIAN_POINT('',(-58.,-2.5,8.00000000000012));
#1948=CARTESIAN_POINT('',(-58.,-2.5,-7.9999999999999));
#1949=CARTESIAN_POINT('',(-58.,-2.5,-7.9999999999999));
#1950=CARTESIAN_POINT('',(-44.0416413478039,-0.500000000000002,-7.9999999999999));
#1951=CARTESIAN_POINT('',(-44.2704728989705,-0.500000000000002,-8.12609304307071));
#1952=CARTESIAN_POINT('',(-44.7037628252382,-0.528283016674387,-8.36717206076887));
#1953=CARTESIAN_POINT('',(-45.1163713893758,-0.581094307304762,-8.59689467815878));
#1954=CARTESIAN_POINT('',(-45.7842740194505,-0.739919385429377,-8.96959622067213));
#1955=CARTESIAN_POINT('',(-46.2105154553789,-0.888937429599349,-9.20529735224303));
#1956=CARTESIAN_POINT('',(-46.83421060596,-1.2038905017178,-9.54008282582476));
#1957=CARTESIAN_POINT('',(-47.2235921483438,-1.47669474803316,-9.73746288632161));
#1958=CARTESIAN_POINT('',(-47.7359894787934,-1.99471411547576,-9.96250542095585));
#1959=CARTESIAN_POINT('',(-47.9214878659919,-2.32864863541939,-9.9999999999999));
#1960=CARTESIAN_POINT('',(-47.9950546311891,-2.5,-9.9999999999999));
#1961=CARTESIAN_POINT('',(0.,-2.5,8.00000000000012));
#1962=CARTESIAN_POINT('',(-47.9950546311891,-2.5,10.0000000000001));
#1963=CARTESIAN_POINT('',(-47.9214952441831,-2.32866582066746,10.0000000000001));
#1964=CARTESIAN_POINT('',(-47.736014631358,-1.9947559770048,9.9625238702054));
#1965=CARTESIAN_POINT('',(-47.2235283926018,-1.47664298939871,9.73742997642671));
#1966=CARTESIAN_POINT('',(-46.8343162435658,-1.20395099941299,9.54013698419305));
#1967=CARTESIAN_POINT('',(-46.2103942759187,-0.888885232575085,9.2052321876474));
#1968=CARTESIAN_POINT('',(-45.7843670256846,-0.739947231047718,8.96964662759588));
#1969=CARTESIAN_POINT('',(-45.116223148587,-0.58106441283715,8.5968127187283));
#1970=CARTESIAN_POINT('',(-44.7038137640109,-0.528292948594893,8.36719893341532));
#1971=CARTESIAN_POINT('',(-44.2704918722309,-0.500000000000002,8.1261034979069));
#1972=CARTESIAN_POINT('',(-44.0416413478039,-0.500000000000002,8.00000000000012));
#1973=CARTESIAN_POINT('',(-48.101277862075,-10.5,-11.9999999999999));
#1974=CARTESIAN_POINT('',(-48.101277862075,-3.5,-11.9999999999999));
#1975=CARTESIAN_POINT('',(-46.1989748830984,-3.5,-11.3825509120771));
#1976=CARTESIAN_POINT('',(-46.647722957986,-3.5,-10.));
#1977=CARTESIAN_POINT('',(-48.101277862075,-3.5,-9.9999999999999));
#1978=CARTESIAN_POINT('',(-46.1989748829562,-3.2977804599274,-11.3825509125152));
#1979=CARTESIAN_POINT('',(-46.6477229567676,-3.26597700151544,-9.99999999999987));
#1980=CARTESIAN_POINT('',(-48.1012778604964,-3.162960170324,-9.9999999999999));
#1981=CARTESIAN_POINT('',(-46.1765082945765,-3.09770968859599,-11.3861740215528));
#1982=CARTESIAN_POINT('',(-46.6200638724291,-3.03412970328885,-9.99999999999836));
#1983=CARTESIAN_POINT('',(-48.0657927548031,-2.8295258179421,-9.9999999999999));
#1984=CARTESIAN_POINT('',(-46.1316983819759,-2.9,-11.3934495169251));
#1985=CARTESIAN_POINT('',(-46.5653058031403,-2.80691905075106,-9.99999999999993));
#1986=CARTESIAN_POINT('',(-47.9950546311891,-2.5,-9.9999999999999));
#1987=CARTESIAN_POINT('',(-47.9950546311891,-2.5,-11.9999999999999));
#1988=CARTESIAN_POINT('',(-46.1316983819759,-2.9,-11.3934495169251));
#1989=CARTESIAN_POINT('',(-46.5653058031402,-2.806919050751,-9.99999999999992));
#1990=CARTESIAN_POINT('',(-47.9950546311891,-2.5,-9.9999999999999));
#1991=CARTESIAN_POINT('',(-46.0896635351857,-2.7145344128098,-11.40027443866));
#1992=CARTESIAN_POINT('',(-46.531060980499,-2.70911370931267,-10.0235543365328));
#1993=CARTESIAN_POINT('',(-47.9286891576851,-2.3454218518882,-9.9999999999999));
#1994=CARTESIAN_POINT('',(-46.0399560236836,-2.535785547223,-11.3765975891695));
#1995=CARTESIAN_POINT('',(-46.4953909855935,-2.60605548157247,-10.0420669811486));
#1996=CARTESIAN_POINT('',(-47.8445109327558,-2.1964879558915,-9.98232155846901));
#1997=CARTESIAN_POINT('',(-45.924019950305,-2.19104744969389,-11.276724054067));
#1998=CARTESIAN_POINT('',(-46.4080357684681,-2.3749877780712,-10.0567842418439));
#1999=CARTESIAN_POINT('',(-47.6400194845038,-1.90920620820589,-9.91642401823489));
#2000=CARTESIAN_POINT('',(-45.8571805085598,-2.0243499462997,-11.1992623762938));
#2001=CARTESIAN_POINT('',(-46.3561674399517,-2.24724069616854,-10.0525712698684));
#2002=CARTESIAN_POINT('',(-47.518507699656,-1.77029162178879,-9.86745471659134));
#2003=CARTESIAN_POINT('',(-45.7122949528474,-1.71874538575839,-11.004095504318));
#2004=CARTESIAN_POINT('',(-46.2291048557854,-1.98176906488699,-10.0077838644323));
#2005=CARTESIAN_POINT('',(-47.2502146397896,-1.51562115492629,-9.7466710409011));
#2006=CARTESIAN_POINT('',(-45.6330455639994,-1.57674605425071,-10.8850362650276));
#2007=CARTESIAN_POINT('',(-46.1537369177319,-1.84289454930104,-9.96793955441006));
#2008=CARTESIAN_POINT('',(-47.1012554599025,-1.3972883784191,-9.67400220761883));
#2009=CARTESIAN_POINT('',(-45.4639738620703,-1.31858198756141,-10.6141441449523));
#2010=CARTESIAN_POINT('',(-45.9758416147921,-1.56901510807709,-9.84811687854954));
#2011=CARTESIAN_POINT('',(-46.7806066460109,-1.1821516564243,-9.51047411590433));
#2012=CARTESIAN_POINT('',(-45.3752980715218,-1.20384459371839,-10.4642621544054));
#2013=CARTESIAN_POINT('',(-45.8753136283628,-1.43581514300502,-9.77019367515377));
#2014=CARTESIAN_POINT('',(-46.6111125142201,-1.08653716130019,-9.42078455446649));
#2015=CARTESIAN_POINT('',(-45.1893554487146,-0.999642398868406,-10.1398097839691));
#2016=CARTESIAN_POINT('',(-45.6503520816971,-1.18743107715816,-9.57960938325688));
#2017=CARTESIAN_POINT('',(-46.2542404902351,-0.916368665855496,-9.22825801202831));
#2018=CARTESIAN_POINT('',(-45.0917144005784,-0.910164708390698,-9.96445856577166));
#2019=CARTESIAN_POINT('',(-45.5255417491751,-1.07131628752147,-9.46683775816206));
#2020=CARTESIAN_POINT('',(-46.066126360373,-0.841803923571194,-9.12497673777546));
#2021=CARTESIAN_POINT('',(-44.8930352936893,-0.759482572684197,-9.60158795637078));
#2022=CARTESIAN_POINT('',(-45.2615486191973,-0.870687615601045,-9.21868070468561));
#2023=CARTESIAN_POINT('',(-45.6828135375107,-0.716235477323898,-8.91289156862241));
#2024=CARTESIAN_POINT('',(-44.7913263692084,-0.6974426750187,-9.41289650692967));
#2025=CARTESIAN_POINT('',(-45.1213058734373,-0.784142694389575,-9.08258180496502));
#2026=CARTESIAN_POINT('',(-45.4863249598886,-0.6645355624528,-8.80338660921531));
#2027=CARTESIAN_POINT('',(-44.5825616496578,-0.598087576123091,-9.0224106818162));
#2028=CARTESIAN_POINT('',(-44.8276125767934,-0.643946186809995,-8.79256284176168));
#2029=CARTESIAN_POINT('',(-45.0831730181975,-0.581739646832002,-8.57847814377977));
#2030=CARTESIAN_POINT('',(-44.4755950692268,-0.561017497009902,-8.82075559835582));
#2031=CARTESIAN_POINT('',(-44.6735643418114,-0.589778987603176,-8.63809772462577));
#2032=CARTESIAN_POINT('',(-44.8766831104977,-0.550847914149596,-8.46316780338241));
#2033=CARTESIAN_POINT('',(-44.2605160045709,-0.512130312994102,-8.41427744389101));
#2034=CARTESIAN_POINT('',(-44.3618723230788,-0.518271647344157,-8.32391295059494));
#2035=CARTESIAN_POINT('',(-44.4621890266603,-0.510108594186987,-8.232487550068));
#2036=CARTESIAN_POINT('',(-44.1517434529829,-0.5,-8.20823362482326));
#2037=CARTESIAN_POINT('',(-44.2023340599949,-0.5000000000992,-8.16232966449219));
#2038=CARTESIAN_POINT('',(-44.2529253139332,-0.5,-8.11642015629566));
#2039=CARTESIAN_POINT('',(-44.0416413478039,-0.5,-7.9999999999999));
#2040=CARTESIAN_POINT('',(-44.0416413478039,-0.5,-7.9999999999999));
#2041=CARTESIAN_POINT('',(-44.0416413478039,-0.5,-7.9999999999999));
#2042=CARTESIAN_POINT('',(-48.101277862075,-10.5,12.0000000000001));
#2043=CARTESIAN_POINT('',(-48.101277862075,-3.5,12.0000000000001));
#2044=CARTESIAN_POINT('',(-46.1316983819759,-2.9,11.3934495169253));
#2045=CARTESIAN_POINT('',(-46.5653058031403,-2.80691905075106,10.0000000000002));
#2046=CARTESIAN_POINT('',(-47.9950546311891,-2.5,10.0000000000001));
#2047=CARTESIAN_POINT('',(-46.176508294577,-3.0977096885956,11.3861740215514));
#2048=CARTESIAN_POINT('',(-46.6200638724303,-3.03412970328823,10.0000000000001));
#2049=CARTESIAN_POINT('',(-48.0657927548045,-2.8295258179416,10.0000000000001));
#2050=CARTESIAN_POINT('',(-46.1989748829562,-3.29778045992771,11.3825509125154));
#2051=CARTESIAN_POINT('',(-46.6477229567677,-3.265977001516,10.0000000000001));
#2052=CARTESIAN_POINT('',(-48.1012778604964,-3.1629601703245,10.0000000000001));
#2053=CARTESIAN_POINT('',(-46.1989748830984,-3.5,11.3825509120773));
#2054=CARTESIAN_POINT('',(-46.647722957986,-3.5,10.));
#2055=CARTESIAN_POINT('',(-48.101277862075,-3.5,10.0000000000001));
#2056=CARTESIAN_POINT('',(-47.9950546311891,-2.5,12.0000000000001));
#2057=CARTESIAN_POINT('',(-47.9950546311891,-2.5,10.0000000000001));
#2058=CARTESIAN_POINT('',(-46.5653058031403,-2.80691905075106,10.0000000000002));
#2059=CARTESIAN_POINT('',(-46.1316983819759,-2.9,11.3934495169253));
#2060=CARTESIAN_POINT('',(-47.9286891576906,-2.3454218518866,10.0000000000001));
#2061=CARTESIAN_POINT('',(-46.5310609805084,-2.70911370931021,10.0235543365334));
#2062=CARTESIAN_POINT('',(-46.0896635351863,-2.7145344128096,11.4002744386582));
#2063=CARTESIAN_POINT('',(-47.8445109327558,-2.19648795589039,9.98232155846901));
#2064=CARTESIAN_POINT('',(-46.4953909855935,-2.60605548157147,10.042066981148));
#2065=CARTESIAN_POINT('',(-46.0399560236836,-2.5357855472231,11.3765975891698));
#2066=CARTESIAN_POINT('',(-47.6400194845038,-1.9092062082071,9.91642401823545));
#2067=CARTESIAN_POINT('',(-46.4080357684681,-2.37498777807234,10.0567842418445));
#2068=CARTESIAN_POINT('',(-45.924019950305,-2.19104744969389,11.2767240540672));
#2069=CARTESIAN_POINT('',(-47.5185076996539,-1.7702916217897,9.86745471659201));
#2070=CARTESIAN_POINT('',(-46.3561674399495,-2.24724069616956,10.0525712698689));
#2071=CARTESIAN_POINT('',(-45.8571805085591,-2.0243499462988,11.1992623762941));
#2072=CARTESIAN_POINT('',(-47.2502146397918,-1.5156211549255,9.74667104090088));
#2073=CARTESIAN_POINT('',(-46.2291048557874,-1.98176906488591,10.0077838644322));
#2074=CARTESIAN_POINT('',(-45.7122949528482,-1.71874538575939,11.004095504318));
#2075=CARTESIAN_POINT('',(-47.1012554599003,-1.3972883784201,9.67400220761983));
#2076=CARTESIAN_POINT('',(-46.1537369177275,-1.84289454930223,9.96793955441124));
#2077=CARTESIAN_POINT('',(-45.6330455639975,-1.57674605424929,10.8850362650291));
#2078=CARTESIAN_POINT('',(-46.7806066460131,-1.1821516564233,9.51047411590389));
#2079=CARTESIAN_POINT('',(-45.9758416147964,-1.56901510807608,9.84811687854892));
#2080=CARTESIAN_POINT('',(-45.4639738620721,-1.31858198756279,10.6141441449512));
#2081=CARTESIAN_POINT('',(-46.6111125142201,-1.0865371613,9.42078455446649));
#2082=CARTESIAN_POINT('',(-45.8753136283628,-1.43581514300392,9.77019367515511));
#2083=CARTESIAN_POINT('',(-45.3752980715218,-1.2038445937185,10.4642621544057));
#2084=CARTESIAN_POINT('',(-46.2542404902351,-0.916368665855705,9.22825801202876));
#2085=CARTESIAN_POINT('',(-45.6503520816972,-1.18743107715923,9.57960938325581));
#2086=CARTESIAN_POINT('',(-45.1893554487146,-0.999642398868406,10.1398097839693));
#2087=CARTESIAN_POINT('',(-46.066126360373,-0.841803923571097,9.12497673777546));
#2088=CARTESIAN_POINT('',(-45.5255417491751,-1.07131628752152,9.46683775816335));
#2089=CARTESIAN_POINT('',(-45.0917144005788,-0.910164708390893,9.964458565772));
#2090=CARTESIAN_POINT('',(-45.6828135375107,-0.716235477324093,8.91289156862285));
#2091=CARTESIAN_POINT('',(-45.2615486191974,-0.870687615601043,9.21868070468483));
#2092=CARTESIAN_POINT('',(-44.8930352936889,-0.759482572684003,9.60158795637089));
#2093=CARTESIAN_POINT('',(-45.4863249598886,-0.664535562452689,8.80338660921542));
#2094=CARTESIAN_POINT('',(-45.1213058734373,-0.78414269438959,9.08258180496554));
#2095=CARTESIAN_POINT('',(-44.7913263692081,-0.697442675018589,9.41289650692945));
#2096=CARTESIAN_POINT('',(-45.0831730181975,-0.5817396468321,8.5784781437801));
#2097=CARTESIAN_POINT('',(-44.8276125767935,-0.643946186809909,8.79256284176162));
#2098=CARTESIAN_POINT('',(-44.5825616496581,-0.598087576123202,9.02241068181686));
#2099=CARTESIAN_POINT('',(-44.8766831104977,-0.550847914149805,8.46316780338374));
#2100=CARTESIAN_POINT('',(-44.6735643418115,-0.589778987605314,8.63809772462682));
#2101=CARTESIAN_POINT('',(-44.4755950692268,-0.56101749701,8.82075559835771));
#2102=CARTESIAN_POINT('',(-44.4621890266603,-0.510108594186792,8.23248755006711));
#2103=CARTESIAN_POINT('',(-44.3618723230788,-0.518271647341952,8.32391295059435));
#2104=CARTESIAN_POINT('',(-44.260516004571,-0.512130312993991,8.41427744388956));
#2105=CARTESIAN_POINT('',(-44.2529253139308,-0.5,8.11642015630076));
#2106=CARTESIAN_POINT('',(-44.2023340599934,-0.49999999961383,8.16232966449452));
#2107=CARTESIAN_POINT('',(-44.1517434529752,-0.5,8.2082336248287));
#2108=CARTESIAN_POINT('',(-44.0416413478039,-0.5,8.00000000000012));
#2109=CARTESIAN_POINT('',(-44.0416413478039,-0.5,8.00000000000012));
#2110=CARTESIAN_POINT('',(-44.0416413478039,-0.5,8.00000000000012));
#2111=CARTESIAN_POINT('',(-25.1,-60.,1.11022302462516E-13));
#2112=CARTESIAN_POINT('',(-25.1,-60.,1.11022302462516E-13));
#2113=CARTESIAN_POINT('',(-25.1,-48.,2.79022302462516E-13));
#2114=CARTESIAN_POINT('',(-30.1,-60.,1.11022302462516E-13));
#2115=CARTESIAN_POINT('',(-30.1,-48.,2.79022302462516E-13));
#2116=CARTESIAN_POINT('',(-28.1,-60.,1.11022302462516E-13));
#2117=CARTESIAN_POINT('',(-28.1,-60.,1.11022302462516E-13));
#2118=CARTESIAN_POINT('',(-28.1,-27.,5.73022302462516E-13));
#2119=CARTESIAN_POINT('',(-26.1,-60.,1.11022302462516E-13));
#2120=CARTESIAN_POINT('',(-26.1,-25.,6.01022302462516E-13));
#2121=CARTESIAN_POINT('',(-25.4,-60.,1.11022302462516E-13));
#2122=CARTESIAN_POINT('',(-25.4,-60.,1.11022302462516E-13));
#2123=CARTESIAN_POINT('',(-25.4,-21.,6.57022302462516E-13));
#2124=CARTESIAN_POINT('',(-23.4,-60.,1.11022302462516E-13));
#2125=CARTESIAN_POINT('',(-23.4,-19.,6.85022302462516E-13));
#2126=CARTESIAN_POINT('',(-30.1,-60.,1.11022302462516E-13));
#2127=CARTESIAN_POINT('',(-30.1,-60.,1.11022302462516E-13));
#2128=CARTESIAN_POINT('',(-30.1,-40.,3.91022302462516E-13));
#2129=CARTESIAN_POINT('',(-29.1,-60.,1.11022302462516E-13));
#2130=CARTESIAN_POINT('',(-29.1,-40.,3.91022302462516E-13));
#2131=CARTESIAN_POINT('',(-29.1,-60.,1.11022302462516E-13));
#2132=CARTESIAN_POINT('',(-29.1,-60.,1.11022302462516E-13));
#2133=CARTESIAN_POINT('',(-29.1,-33.75,4.78522302462516E-13));
#2134=CARTESIAN_POINT('',(-28.1,-60.,1.11022302462516E-13));
#2135=CARTESIAN_POINT('',(-28.1,-33.75,4.78522302462516E-13));
#2136=CARTESIAN_POINT('',(-28.1,-60.,1.11022302462516E-13));
#2137=CARTESIAN_POINT('',(-25.4,-60.,1.11022302462516E-13));
#2138=CARTESIAN_POINT('',(-25.4,-25.,6.01022302462516E-13));
#2139=CARTESIAN_POINT('',(-25.4,-60.,1.11022302462516E-13));
#2140=CARTESIAN_POINT('',(-20.4,-60.,1.11022302462516E-13));
#2141=CARTESIAN_POINT('',(-20.4,-19.,6.85022302462516E-13));
#2142=CARTESIAN_POINT('',(31.6,-60.,1.11022302462516E-13));
#2143=CARTESIAN_POINT('',(31.6,-60.,1.11022302462516E-13));
#2144=CARTESIAN_POINT('',(31.6,-27.7500000000002,14.8387162517523));
#2145=CARTESIAN_POINT('',(31.6,-27.7499999999998,-14.8387162517511));
#2146=CARTESIAN_POINT('',(25.1,-27.7500000000002,14.8387162517523));
#2147=CARTESIAN_POINT('',(25.1,-27.7500000000002,14.8387162517523));
#2148=CARTESIAN_POINT('',(25.1,-60.,1.11022302462516E-13));
#2149=CARTESIAN_POINT('',(25.1,-27.7499999999998,-14.8387162517511));
#2150=CARTESIAN_POINT('',(25.1,-27.7499999999998,-14.8387162517511));
#2151=CARTESIAN_POINT('',(20.4,-60.,1.11022302462516E-13));
#2152=CARTESIAN_POINT('',(20.4,-95.5,-3.85977697537484E-13));
#2153=CARTESIAN_POINT('',(20.4,-60.,1.11022302462516E-13));
#2154=CARTESIAN_POINT('',(20.4,-60.,1.11022302462516E-13));
#2155=CARTESIAN_POINT('',(20.4,-11.,7.97022302462516E-13));
#2156=CARTESIAN_POINT('',(-20.4,-60.,1.11022302462516E-13));
#2157=CARTESIAN_POINT('',(-20.4,-11.,7.97022302462516E-13));
#2158=CARTESIAN_POINT('',(20.4,-60.,1.11022302462516E-13));
#2159=CARTESIAN_POINT('',(-20.4,-60.,1.11022302462516E-13));
#2160=CARTESIAN_POINT('',(31.6,-60.,1.11022302462516E-13));
#2161=CARTESIAN_POINT('',(31.6,-27.7500000000002,14.8387162517523));
#2162=CARTESIAN_POINT('',(25.1,-27.7500000000002,14.8387162517523));
#2163=CARTESIAN_POINT('',(25.1,-27.7500000000002,14.8387162517523));
#2164=CARTESIAN_POINT('',(25.1,-60.,1.11022302462516E-13));
#2165=CARTESIAN_POINT('',(-25.4,-60.,1.11022302462516E-13));
#2166=CARTESIAN_POINT('',(-28.1,-60.,1.11022302462516E-13));
#2167=CARTESIAN_POINT('',(-29.1,-60.,1.11022302462516E-13));
#2168=CARTESIAN_POINT('',(-30.1,-60.,1.11022302462516E-13));
#2169=CARTESIAN_POINT('',(-25.1,-60.,1.11022302462516E-13));
#2170=CARTESIAN_POINT('',(0.,-3.5,1.11022302462516E-13));
#2171=CARTESIAN_POINT('',(0.,-3.5,1.11022302462516E-13));
#2172=CARTESIAN_POINT('',(0.,-3.5,-45.9999999999999));
#2173=CARTESIAN_POINT('',(0.,-3.5,46.0000000000001));
#2174=CARTESIAN_POINT('',(0.,-3.5,-42.9999999999999));
#2175=CARTESIAN_POINT('',(0.,-0.5,-42.9999999999999));
#2176=CARTESIAN_POINT('',(0.,-0.5,1.11022302462516E-13));
#2177=CARTESIAN_POINT('',(0.,-0.5,43.0000000000001));
#2178=CARTESIAN_POINT('',(0.,-3.5,43.0000000000001));
#2179=CARTESIAN_POINT('',(34.,-60.,1.11022302462516E-13));
#2180=CARTESIAN_POINT('',(49.,-60.,1.11022302462516E-13));
#2181=CARTESIAN_POINT('',(49.,-48.,31.8119474411737));
#2182=CARTESIAN_POINT('',(49.,-48.,-31.8119474411734));
#2183=CARTESIAN_POINT('',(49.,-48.,31.8119474411737));
#2184=CARTESIAN_POINT('',(47.888100874579,-47.9999964112181,33.0003225718959));
#2185=CARTESIAN_POINT('',(46.1265656652445,-47.9995626129551,34.8705286681426));
#2186=CARTESIAN_POINT('',(43.8779034064054,-47.9998369854338,37.237174418243));
#2187=CARTESIAN_POINT('',(42.5714700857615,-48.0000298996957,38.6070359353941));
#2188=CARTESIAN_POINT('',(41.4879174248316,-48.0001004286817,39.7401953471691));
#2189=CARTESIAN_POINT('',(40.6810341257263,-48.0000443357552,40.5822018151261));
#2190=CARTESIAN_POINT('',(39.4738848383795,-47.9999450417352,41.8399033268265));
#2191=CARTESIAN_POINT('',(37.3376582328132,-47.9997917343171,44.0596241411872));
#2192=CARTESIAN_POINT('',(35.3659124920599,-47.9999951443236,46.0990804158255));
#2193=CARTESIAN_POINT('',(34.,-48.,47.5078940808789));
#2194=CARTESIAN_POINT('',(34.,-48.,47.5078940808789));
#2195=CARTESIAN_POINT('',(34.,-60.,1.11022302462516E-13));
#2196=CARTESIAN_POINT('',(34.,-48.,-47.5078940808786));
#2197=CARTESIAN_POINT('',(34.,-48.,-47.5078940808786));
#2198=CARTESIAN_POINT('',(35.3659808225163,-47.9999940771233,-46.0990096697139));
#2199=CARTESIAN_POINT('',(37.3378342054088,-47.9997878822849,-44.0594411252591));
#2200=CARTESIAN_POINT('',(39.4742232465136,-47.9999406770616,-41.839550095051));
#2201=CARTESIAN_POINT('',(40.6814440587555,-48.0000410484592,-40.5817734503513));
#2202=CARTESIAN_POINT('',(41.4884578721725,-48.000098910857,-39.7396303285978));
#2203=CARTESIAN_POINT('',(42.571859888454,-48.0000307657729,-38.6066278937183));
#2204=CARTESIAN_POINT('',(43.8782039708588,-47.9998389578619,-37.2368591801855));
#2205=CARTESIAN_POINT('',(46.1266908978985,-47.9995640442076,-34.8703961208383));
#2206=CARTESIAN_POINT('',(47.8881402687329,-47.9999956217895,-33.000280170393));
#2207=CARTESIAN_POINT('',(49.,-48.,-31.8119474411735));
#2208=CARTESIAN_POINT('',(34.,-60.,1.11022302462516E-13));
#2209=CARTESIAN_POINT('',(34.,-48.,-47.5078940808786));
#2210=CARTESIAN_POINT('',(20.4,-48.,-47.5078940808786));
#2211=CARTESIAN_POINT('',(20.4,-48.,47.5078940808789));
#2212=CARTESIAN_POINT('',(20.4,-48.,47.5078940808789));
#2213=CARTESIAN_POINT('',(20.4,-60.,1.11022302462516E-13));
#2214=CARTESIAN_POINT('',(0.,-10.5,1.11022302462516E-13));
#2215=CARTESIAN_POINT('',(33.2264954443477,-10.5,31.8119474488242));
#2216=CARTESIAN_POINT('',(37.2753726048671,-10.5,27.5830331786387));
#2217=CARTESIAN_POINT('',(43.7370030432969,-10.5,17.5617921072854));
#2218=CARTESIAN_POINT('',(46.,-10.5,5.85466669978368));
#2219=CARTESIAN_POINT('',(46.,-10.5,1.22289053014671E-13));
#2220=CARTESIAN_POINT('',(46.0000420722037,-10.5,1.11022302462516E-13));
#2221=CARTESIAN_POINT('',(33.226522633178,-10.5,31.8119734801473));
#2222=CARTESIAN_POINT('',(46.,-10.5,1.11022302462516E-13));
#2223=CARTESIAN_POINT('',(46.,-10.5,-5.85466670040247));
#2224=CARTESIAN_POINT('',(43.7370030428125,-10.5,-17.5617921091411));
#2225=CARTESIAN_POINT('',(37.2753726030681,-10.5,-27.583033181201));
#2226=CARTESIAN_POINT('',(33.2264954417791,-10.5,-31.8119474515067));
#2227=CARTESIAN_POINT('',(33.2265294523793,-10.5,-31.8119800141773));
#2228=CARTESIAN_POINT('',(0.,-10.5,1.11022302462516E-13));
#2229=CARTESIAN_POINT('',(30.4001316095452,-10.5,-34.5231851551613));
#2230=CARTESIAN_POINT('',(30.4000000455313,-10.5,-34.5230357476235));
#2231=CARTESIAN_POINT('',(27.3791986711598,-10.5,-37.1830672289151));
#2232=CARTESIAN_POINT('',(24.0075112615881,-10.5,-39.4441429295856));
#2233=CARTESIAN_POINT('',(20.3999173495675,-10.5,-41.2291568205173));
#2234=CARTESIAN_POINT('',(20.399978753835,-10.5,-41.2292809213227));
#2235=CARTESIAN_POINT('',(20.3999173495675,-10.5,-41.2291568205173));
#2236=CARTESIAN_POINT('',(14.0853460831149,-10.5,-44.353565415492));
#2237=CARTESIAN_POINT('',(7.04526354516821,-10.5,-46.0000000100715));
#2238=CARTESIAN_POINT('',(-6.57594008834398E-8,-10.5,-45.9999999999999));
#2239=CARTESIAN_POINT('',(-6.57595505826336E-8,-10.5,-46.0001049535862));
#2240=CARTESIAN_POINT('',(0.,-10.5,-45.9999999999999));
#2241=CARTESIAN_POINT('',(0.,-10.5,46.0000000000001));
#2242=CARTESIAN_POINT('',(-9.33890464960285E-8,-10.5,46.0000993947234));
#2243=CARTESIAN_POINT('',(-9.33888411171369E-8,-10.5,46.0000000000001));
#2244=CARTESIAN_POINT('',(7.04526476104185,-10.5,46.0000000143034));
#2245=CARTESIAN_POINT('',(14.0853485389266,-10.5,44.353564833123));
#2246=CARTESIAN_POINT('',(20.3999206684068,-10.5,41.2291551783773));
#2247=CARTESIAN_POINT('',(20.3999796056117,-10.5,41.2292742931134));
#2248=CARTESIAN_POINT('',(20.3999206684068,-10.5,41.2291551783773));
#2249=CARTESIAN_POINT('',(24.0075133302688,-10.5,39.4441415445179));
#2250=CARTESIAN_POINT('',(27.379199597143,-10.5,37.1830664134469));
#2251=CARTESIAN_POINT('',(30.4000000450541,-10.5,34.5230357480439));
#2252=CARTESIAN_POINT('',(30.4001379413187,-10.5,34.5231923466511));
#2253=CARTESIAN_POINT('',(0.,-10.5,1.11022302462516E-13));
#2254=CARTESIAN_POINT('',(0.,-60.,1.11022302462516E-13));
#2255=CARTESIAN_POINT('',(1.38777878078145E-14,-10.5,-46.0002099072548));
#2256=CARTESIAN_POINT('',(1.38777878078145E-14,-12.2578612242154,-46.0002099072548));
#2257=CARTESIAN_POINT('',(0.,-14.0154098547905,-45.9773411471));
#2258=CARTESIAN_POINT('',(0.,-15.7725985285912,-45.9281386293802));
#2259=CARTESIAN_POINT('',(0.,-15.7725985285912,-45.9281386293802));
#2260=CARTESIAN_POINT('',(0.,-15.7725985285912,49.000025));
#2261=CARTESIAN_POINT('',(0.,-15.7725985285912,45.9280071489275));
#2262=CARTESIAN_POINT('',(0.,-15.7725985285912,45.9280071489275));
#2263=CARTESIAN_POINT('',(0.,-14.0154102880932,45.977239454604));
#2264=CARTESIAN_POINT('',(0.,-12.2578623219589,46.0001987895637));
#2265=CARTESIAN_POINT('',(0.,-10.5,46.0001987895637));
#2266=CARTESIAN_POINT('',(0.,-0.5,1.11022302462516E-13));
#2267=CARTESIAN_POINT('',(6.58485194644955,-30.5000140875747,49.000025));
#2268=CARTESIAN_POINT('',(20.4000000000706,-30.499950047454,42.9412981461768));
#2269=CARTESIAN_POINT('',(20.3999922130977,-28.8200940045805,42.6442366974017));
#2270=CARTESIAN_POINT('',(19.7789779578321,-25.4457127195809,42.3873659188412));
#2271=CARTESIAN_POINT('',(17.0940637062709,-21.0724691092638,43.0830764056894));
#2272=CARTESIAN_POINT('',(13.1381238390725,-18.0050487240142,44.2638346221695));
#2273=CARTESIAN_POINT('',(9.93738038155229,-16.9927554152653,44.9873078458445));
#2274=CARTESIAN_POINT('',(8.26849496878149,-16.787842052661,45.2676608509838));
#2275=CARTESIAN_POINT('',(20.4,-30.5,42.9410156690169));
#2276=CARTESIAN_POINT('',(8.2684949687815,-16.787842052661,45.2676608509838));
#2277=CARTESIAN_POINT('',(8.2684949687815,-16.787842052661,49.000025));
#2278=CARTESIAN_POINT('',(8.2684949687815,-16.7878420526609,-45.2676492602043));
#2279=CARTESIAN_POINT('',(8.2684949687815,-16.787842052661,-45.2676492602043));
#2280=CARTESIAN_POINT('',(9.94039302988796,-16.9931253219683,-44.9867675712668));
#2281=CARTESIAN_POINT('',(13.1209408863349,-17.9969773665932,-44.2680086922002));
#2282=CARTESIAN_POINT('',(17.094458983403,-21.0712505276703,-43.0833210900041));
#2283=CARTESIAN_POINT('',(19.7743645139332,-25.436064497417,-42.3881852273683));
#2284=CARTESIAN_POINT('',(20.3999921941078,-28.8160121805951,-42.6435148809064));
#2285=CARTESIAN_POINT('',(20.4,-30.4999500474705,-42.9412981461794));
#2286=CARTESIAN_POINT('',(20.4,-30.5,-42.9410156690167));
#2287=CARTESIAN_POINT('',(20.4,-30.5,49.000025));
#2288=CARTESIAN_POINT('',(-39.9065328297426,-10.8726924179339,49.000025));
#2289=CARTESIAN_POINT('',(8.2684949687815,-16.7878420526609,45.2676608509838));
#2290=CARTESIAN_POINT('',(5.53119033204154,-16.4517433047813,45.7274956455237));
#2291=CARTESIAN_POINT('',(2.77504208875145,-16.1133308529457,45.9478239274899));
#2292=CARTESIAN_POINT('',(0.,-15.7725985285912,45.9280071489275));
#2293=CARTESIAN_POINT('',(0.,-15.7725985285912,-45.9281386293802));
#2294=CARTESIAN_POINT('',(2.77504619941028,-16.1133313576711,-45.9479079809487));
#2295=CARTESIAN_POINT('',(5.53119353416728,-16.4517436979529,-45.7275205095176));
#2296=CARTESIAN_POINT('',(8.2684949687815,-16.7878420526609,-45.2676492602043));
#2297=CARTESIAN_POINT('',(-0.229272078010998,-10.5,-45.9994943572464));
#2298=CARTESIAN_POINT('',(-0.229272078010998,-13.6066667429286,-45.9994943572464));
#2299=CARTESIAN_POINT('',(0.0032332868839973,-19.8822530796057,-45.8512786765391));
#2300=CARTESIAN_POINT('',(0.618357683996926,-26.6472142561149,-45.3219878801609));
#2301=CARTESIAN_POINT('',(1.01550159569787,-30.1790148365759,-45.0964744718387));
#2302=CARTESIAN_POINT('',(1.05795852208544,-30.5494299270622,-45.0734509295073));
#2303=CARTESIAN_POINT('',(2.90960782103878,-10.5,-46.0171200548393));
#2304=CARTESIAN_POINT('',(2.90960782103878,-13.5963049174766,-46.0171200548393));
#2305=CARTESIAN_POINT('',(3.09359670963645,-19.8592934685535,-45.9225741055841));
#2306=CARTESIAN_POINT('',(3.58031247751177,-26.6239850762984,-45.5309320384205));
#2307=CARTESIAN_POINT('',(3.89455168643889,-30.1577589401217,-45.3980184506715));
#2308=CARTESIAN_POINT('',(3.92814563202997,-30.5284027465067,-45.3849291744083));
#2309=CARTESIAN_POINT('',(9.9244054338145,-10.5,-45.3413441953145));
#2310=CARTESIAN_POINT('',(9.9244054338145,-13.5832707710604,-45.3413441953145));
#2311=CARTESIAN_POINT('',(10.0109395622163,-19.830990759534,-45.385642284796));
#2312=CARTESIAN_POINT('',(10.2397201564594,-26.5971401084954,-45.3524162486132));
#2313=CARTESIAN_POINT('',(10.3874281981912,-30.1338388070586,-45.4585897478481));
#2314=CARTESIAN_POINT('',(10.4032190217941,-30.5048108027293,-45.4711319622999));
#2315=CARTESIAN_POINT('',(16.7739712206122,-10.5,-43.0232495801327));
#2316=CARTESIAN_POINT('',(16.7739712206122,-13.6130908142276,-43.0232495801327));
#2317=CARTESIAN_POINT('',(16.795841797762,-19.8997034423425,-43.2476294717737));
#2318=CARTESIAN_POINT('',(16.8534716932714,-26.6748258354461,-43.6837793916672));
#2319=CARTESIAN_POINT('',(16.8906793901876,-30.2078650233354,-44.0991377482928));
#2320=CARTESIAN_POINT('',(16.8946571030581,-30.5783635092594,-44.1447909075897));
#2321=CARTESIAN_POINT('',(20.3999019278881,-10.5,-41.2291644510598));
#2322=CARTESIAN_POINT('',(20.4,-13.629350062587,-41.2291159255203));
#2323=CARTESIAN_POINT('',(20.4,-19.9373824769029,-41.5644850805094));
#2324=CARTESIAN_POINT('',(20.4,-26.7180616218697,-42.2909022777903));
#2325=CARTESIAN_POINT('',(20.4,-30.2492691093743,-42.8965125246624));
#2326=CARTESIAN_POINT('',(20.4,-30.6195243832477,-42.9625312597598));
#2327=CARTESIAN_POINT('',(20.4001996192165,-10.5,-41.2290171554747));
#2328=CARTESIAN_POINT('',(20.4002976993802,-13.6293513974821,-41.2289686259511));
#2329=CARTESIAN_POINT('',(20.4002959037912,-19.9373855703768,-41.5643468932327));
#2330=CARTESIAN_POINT('',(20.4002911723384,-26.7180651715565,-42.2907879216507));
#2331=CARTESIAN_POINT('',(20.4002881175616,-30.2492725086774,-42.8964137883298));
#2332=CARTESIAN_POINT('',(20.4002877909888,-30.6195277625829,-42.9624341954545));
#2333=CARTESIAN_POINT('',(20.4004973105448,-10.5,-41.2288698598895));
#2334=CARTESIAN_POINT('',(20.4005953987603,-13.6293527323773,-41.228821326382));
#2335=CARTESIAN_POINT('',(20.4005918075824,-19.9373886638506,-41.5642087059561));
#2336=CARTESIAN_POINT('',(20.4005823446767,-26.7180687212434,-42.290673565511));
#2337=CARTESIAN_POINT('',(20.4005762351233,-30.2492759079805,-42.8963150519972));
#2338=CARTESIAN_POINT('',(20.4005755819775,-30.6195311419181,-42.9623371311493));
#2339=CARTESIAN_POINT('',(20.4007950018732,-10.5,-41.2287225643043));
#2340=CARTESIAN_POINT('',(20.4008930981405,-13.6293540672724,-41.2286740268128));
#2341=CARTESIAN_POINT('',(20.4008877113736,-19.9373917573245,-41.5640705186795));
#2342=CARTESIAN_POINT('',(20.4008735170151,-26.7180722709303,-42.2905592093714));
#2343=CARTESIAN_POINT('',(20.4008643526849,-30.2492793072835,-42.8962163156646));
#2344=CARTESIAN_POINT('',(20.4008633729663,-30.6195345212533,-42.962240066844));
#2345=CARTESIAN_POINT('',(20.3999689866078,-10.5,-41.2291312708748));
#2346=CARTESIAN_POINT('',(20.4000721948187,-13.793175529617,-41.2290802040218));
#2347=CARTESIAN_POINT('',(20.400064045512,-20.4363047937133,-41.5945394187327));
#2348=CARTESIAN_POINT('',(20.4000655095337,-27.1780239862697,-42.3538263284849));
#2349=CARTESIAN_POINT('',(20.4000648522513,-30.499954855547,-42.9412768752458));
#2350=CARTESIAN_POINT('',(49.,-60.,1.11022302462516E-13));
#2351=CARTESIAN_POINT('',(49.,-48.,31.8119474411737));
#2352=CARTESIAN_POINT('',(33.8488556112045,-48.,47.6637855425878));
#2353=CARTESIAN_POINT('',(33.8480313321873,-40.3193983191137,45.7309472574036));
#2354=CARTESIAN_POINT('',(33.8483994491846,-33.0291815024079,42.2501158778137));
#2355=CARTESIAN_POINT('',(31.4136629000269,-25.4566832725418,37.516965179723));
#2356=CARTESIAN_POINT('',(30.3705976516774,-18.0469841129849,34.548926656484));
#2357=CARTESIAN_POINT('',(30.3705976516774,-10.5,34.548926656484));
#2358=CARTESIAN_POINT('',(33.8790844889636,-48.,47.6326072502459));
#2359=CARTESIAN_POINT('',(33.8784250657498,-40.3209561112748,45.6987220817268));
#2360=CARTESIAN_POINT('',(33.8787195593477,-33.0324727346793,42.2166410026984));
#2361=CARTESIAN_POINT('',(31.4269303200215,-25.457455009173,37.5034635287256));
#2362=CARTESIAN_POINT('',(30.3764781213419,-18.0469769535355,34.5437484827306));
#2363=CARTESIAN_POINT('',(30.3764781213419,-10.5,34.5437484827306));
#2364=CARTESIAN_POINT('',(33.9093133667227,-48.,47.6014289579042));
#2365=CARTESIAN_POINT('',(33.9088187993124,-40.322513903436,45.66649690605));
#2366=CARTESIAN_POINT('',(33.9090396695108,-33.0357639669508,42.1831661275831));
#2367=CARTESIAN_POINT('',(31.4401977400161,-25.4582267458041,37.4899618777282));
#2368=CARTESIAN_POINT('',(30.3823585910064,-18.0469697940862,34.5385703089773));
#2369=CARTESIAN_POINT('',(30.3823585910064,-10.5,34.5385703089773));
#2370=CARTESIAN_POINT('',(33.9395422444818,-48.,47.5702506655624));
#2371=CARTESIAN_POINT('',(33.9392125328749,-40.3240716955972,45.6342717303732));
#2372=CARTESIAN_POINT('',(33.9393597796738,-33.0390551992222,42.1496912524677));
#2373=CARTESIAN_POINT('',(31.4534651600108,-25.4589984824353,37.4764602267309));
#2374=CARTESIAN_POINT('',(30.388239060671,-18.0469626346367,34.533392135224));
#2375=CARTESIAN_POINT('',(30.388239060671,-10.5,34.533392135224));
#2376=CARTESIAN_POINT('',(33.9697711222409,-48.,47.5390723732206));
#2377=CARTESIAN_POINT('',(33.9696062664375,-40.3256294877583,45.6020465546965));
#2378=CARTESIAN_POINT('',(33.9696798898369,-33.0423464314936,42.1162163773524));
#2379=CARTESIAN_POINT('',(31.4667325800054,-25.4597702190665,37.4629585757336));
#2380=CARTESIAN_POINT('',(30.3941195303355,-18.0469554751873,34.5282139614707));
#2381=CARTESIAN_POINT('',(30.3941195303355,-10.5,34.5282139614707));
#2382=CARTESIAN_POINT('',(34.,-48.,47.5078940808789));
#2383=CARTESIAN_POINT('',(34.,-40.3271872799194,45.5698213790198));
#2384=CARTESIAN_POINT('',(34.,-33.0456376637651,42.082741502237));
#2385=CARTESIAN_POINT('',(31.48,-25.4605419556976,37.4494569247361));
#2386=CARTESIAN_POINT('',(30.4,-18.0469483157379,34.5230357877173));
#2387=CARTESIAN_POINT('',(30.4,-10.5,34.5230357877173));
#2388=CARTESIAN_POINT('',(35.5114438879546,-48.,45.9489794637904));
#2389=CARTESIAN_POINT('',(35.519686678127,-40.405076887977,43.9585625951816));
#2390=CARTESIAN_POINT('',(35.5160055081536,-33.2101992773377,40.4089977464707));
#2391=CARTESIAN_POINT('',(32.1433709997306,-25.4991287872557,36.7743743748683));
#2392=CARTESIAN_POINT('',(30.6940234832257,-18.0465903432672,34.2641271000508));
#2393=CARTESIAN_POINT('',(30.6940234832257,-10.5,34.2641271000508));
#2394=CARTESIAN_POINT('',(37.0210141824413,-48.,44.3883163093034));
#2395=CARTESIAN_POINT('',(37.0364160186685,-40.4882255136549,42.3447143719319));
#2396=CARTESIAN_POINT('',(37.037634299284,-33.3964274462346,38.7243144008395));
#2397=CARTESIAN_POINT('',(32.8037085593542,-25.542106642977,36.096155633946));
#2398=CARTESIAN_POINT('',(30.9852905521546,-18.0479938861496,34.0020881569153));
#2399=CARTESIAN_POINT('',(30.9852905521546,-10.5,34.0020881569153));
#2400=CARTESIAN_POINT('',(38.5283546116912,-48.,42.8255721255921));
#2401=CARTESIAN_POINT('',(38.5493432731425,-40.576796922649,40.7276810061229));
#2402=CARTESIAN_POINT('',(38.5602923317685,-33.6012986601979,37.0303946962082));
#2403=CARTESIAN_POINT('',(33.460630520125,-25.5889301276665,35.4145968128232));
#2404=CARTESIAN_POINT('',(31.27375686556,-18.050531666342,33.736958192686));
#2405=CARTESIAN_POINT('',(31.27375686556,-10.5,33.736958192686));
#2406=CARTESIAN_POINT('',(40.0330062989634,-48.,41.2603186643968));
#2407=CARTESIAN_POINT('',(40.0575210880958,-40.6709548806546,39.1067710381728));
#2408=CARTESIAN_POINT('',(40.0792829590129,-33.8217894089699,35.3288461070069));
#2409=CARTESIAN_POINT('',(34.113724498033,-25.6390538461287,34.7294659156402));
#2410=CARTESIAN_POINT('',(31.5593788768254,-18.0535764058014,33.4687773277617));
#2411=CARTESIAN_POINT('',(31.5593788768254,-10.5,33.4687773277617));
#2412=CARTESIAN_POINT('',(43.0356351635294,-48.,38.1235827331443));
#2413=CARTESIAN_POINT('',(43.0621038595124,-40.8707714260802,35.8554610214532));
#2414=CARTESIAN_POINT('',(43.1001568372917,-34.2879629556158,31.9133521509516));
#2415=CARTESIAN_POINT('',(35.4113190910715,-25.7448109602079,33.3514909920229));
#2416=CARTESIAN_POINT('',(32.1248488486017,-18.0594252471677,32.9263957541789));
#2417=CARTESIAN_POINT('',(32.1248488486017,-10.5,32.9263957541789));
#2418=CARTESIAN_POINT('',(44.5336123408233,-48.,36.5521002630872));
#2419=CARTESIAN_POINT('',(44.5585088159758,-40.9764300135002,34.2250609726835));
#2420=CARTESIAN_POINT('',(44.601785239567,-34.5335749438548,30.1994321606741));
#2421=CARTESIAN_POINT('',(36.055819706202,-25.8004443558248,32.6586469655886));
#2422=CARTESIAN_POINT('',(32.4046968091125,-18.0622293490746,32.6521950455204));
#2423=CARTESIAN_POINT('',(32.4046968091125,-10.5,32.6521950455204));
#2424=CARTESIAN_POINT('',(46.0276037501165,-48.,34.9768980616522));
#2425=CARTESIAN_POINT('',(46.0478903534701,-41.0880026813231,32.5890474452355));
#2426=CARTESIAN_POINT('',(46.0893267037226,-34.7890160274006,28.4804897234802));
#2427=CARTESIAN_POINT('',(36.6955549414178,-25.8582871948238,31.9616618859632));
#2428=CARTESIAN_POINT('',(32.6816150210086,-18.0642858541623,32.3750253938228));
#2429=CARTESIAN_POINT('',(32.6816150210086,-10.5,32.3750253938228));
#2430=CARTESIAN_POINT('',(47.5167712421264,-48.,33.3971939232056));
#2431=CARTESIAN_POINT('',(47.5289218460001,-41.2056531952445,30.9463750221531));
#2432=CARTESIAN_POINT('',(47.5573131922326,-35.051590086644,26.7574984260166));
#2433=CARTESIAN_POINT('',(37.3299997836771,-25.9177940820095,31.2601987718757));
#2434=CARTESIAN_POINT('',(32.9555615844319,-18.0649674843873,32.0949286363431));
#2435=CARTESIAN_POINT('',(32.9555615844319,-10.5,32.0949286363431));
#2436=CARTESIAN_POINT('',(49.,-48.,31.8119474411737));
#2437=CARTESIAN_POINT('',(49.,-41.3295453209599,29.295740085541));
#2438=CARTESIAN_POINT('',(49.,-35.3186010019759,25.0311736539901));
#2439=CARTESIAN_POINT('',(37.9585468161707,-25.9784196221866,30.5538437633573));
#2440=CARTESIAN_POINT('',(33.2264954516724,-18.0636469617066,31.8119474411737));
#2441=CARTESIAN_POINT('',(33.2264954516724,-10.5,31.8119474411737));
#2442=CARTESIAN_POINT('',(49.0296645751575,-48.,31.7802425115331));
#2443=CARTESIAN_POINT('',(49.02942156308,-41.3320231634741,29.2627273868088));
#2444=CARTESIAN_POINT('',(49.0288537361553,-35.3239412202826,24.9966471585495));
#2445=CARTESIAN_POINT('',(37.9711177568205,-25.9796321329901,30.539716663187));
#2446=CARTESIAN_POINT('',(33.2319141290172,-18.063620551253,31.8062878172704));
#2447=CARTESIAN_POINT('',(33.2319141290172,-10.5,31.8062878172704));
#2448=CARTESIAN_POINT('',(49.059329150315,-48.,31.7485375818924));
#2449=CARTESIAN_POINT('',(49.05884312616,-41.3345010059884,29.2297146880766));
#2450=CARTESIAN_POINT('',(49.0577074723107,-35.3292814385892,24.962120663109));
#2451=CARTESIAN_POINT('',(37.9836886974705,-25.9808446437936,30.5255895630167));
#2452=CARTESIAN_POINT('',(33.237332806362,-18.0635941407994,31.8006281933669));
#2453=CARTESIAN_POINT('',(33.237332806362,-10.5,31.8006281933669));
#2454=CARTESIAN_POINT('',(49.0889937254724,-48.,31.7168326522518));
#2455=CARTESIAN_POINT('',(49.08826468924,-41.3369788485028,29.1967019893443));
#2456=CARTESIAN_POINT('',(49.0865612084661,-35.3346216568959,24.9275941676684));
#2457=CARTESIAN_POINT('',(37.9962596381203,-25.9820571545972,30.5114624628463));
#2458=CARTESIAN_POINT('',(33.2427514837068,-18.0635677303458,31.7949685694635));
#2459=CARTESIAN_POINT('',(33.2427514837068,-10.5,31.7949685694635));
#2460=CARTESIAN_POINT('',(49.1186583006299,-48.,31.6851277226111));
#2461=CARTESIAN_POINT('',(49.11768625232,-41.3394566910171,29.1636892906121));
#2462=CARTESIAN_POINT('',(49.1154149446214,-35.3399618752026,24.893067672228));
#2463=CARTESIAN_POINT('',(38.0088305787702,-25.9832696654007,30.497335362676));
#2464=CARTESIAN_POINT('',(33.2481701610517,-18.0635413198922,31.7893089455602));
#2465=CARTESIAN_POINT('',(33.2481701610517,-10.5,31.7893089455602));
#2466=CARTESIAN_POINT('',(49.1483228757874,-48.,31.6534227929706));
#2467=CARTESIAN_POINT('',(49.1471078154,-41.3419345335314,29.1306765918798));
#2468=CARTESIAN_POINT('',(49.1442686807768,-35.3453020935091,24.8585411767874));
#2469=CARTESIAN_POINT('',(38.0214015194201,-25.9844821762042,30.4832082625056));
#2470=CARTESIAN_POINT('',(33.2535888383965,-18.0635149094386,31.7836493216568));
#2471=CARTESIAN_POINT('',(33.2535888383965,-10.5,31.7836493216568));
#2472=CARTESIAN_POINT('',(49.0000002090831,-48.,31.8119472177096));
#2473=CARTESIAN_POINT('',(49.0000002087263,-46.6103219455051,31.2877373500325));
#2474=CARTESIAN_POINT('',(48.9780294186024,-43.8928989420951,30.0769971465677));
#2475=CARTESIAN_POINT('',(47.982264493177,-39.6573956775449,28.7679515916916));
#2476=CARTESIAN_POINT('',(45.7915063917113,-35.122053195069,28.3609526781424));
#2477=CARTESIAN_POINT('',(41.6087296766741,-28.6852882229675,28.9698600003318));
#2478=CARTESIAN_POINT('',(36.6770336713888,-21.878332735152,30.6468573978417));
#2479=CARTESIAN_POINT('',(33.7340343297603,-15.2683561851503,31.6677221236801));
#2480=CARTESIAN_POINT('',(33.2264954898646,-12.0757597836501,31.8119474012832));
#2481=CARTESIAN_POINT('',(33.2264954898646,-10.5,31.8119474012832));
#2482=CARTESIAN_POINT('',(30.4000002202244,-10.5,34.523035593794));
#2483=CARTESIAN_POINT('',(30.4000002202244,-13.6445617981124,34.523035593794));
#2484=CARTESIAN_POINT('',(30.8982146332956,-19.8868252570687,35.7606087325626));
#2485=CARTESIAN_POINT('',(32.6007820308219,-29.2371338318776,39.8547737551325));
#2486=CARTESIAN_POINT('',(33.9236618312164,-38.5582286625817,44.4110163745093));
#2487=CARTESIAN_POINT('',(34.0000011346483,-44.8029947242746,46.7003626044702));
#2488=CARTESIAN_POINT('',(34.0000011320758,-48.,47.5078929132473));
#2489=CARTESIAN_POINT('',(49.,-48.,31.8119474411737));
#2490=CARTESIAN_POINT('',(49.,-41.3295453209599,29.295740085541));
#2491=CARTESIAN_POINT('',(49.,-35.3186010019761,25.0311736539901));
#2492=CARTESIAN_POINT('',(37.9585468161707,-25.9784196221866,30.5538437633573));
#2493=CARTESIAN_POINT('',(33.2264954516724,-18.0636469617066,31.8119474411737));
#2494=CARTESIAN_POINT('',(33.2264954516724,-10.5,31.8119474411737));
#2495=CARTESIAN_POINT('',(49.,-48.,28.6307526970564));
#2496=CARTESIAN_POINT('',(49.0000000038094,-41.2566647011205,26.3661660769869));
#2497=CARTESIAN_POINT('',(49.0000000076188,-35.1728397622972,22.353220381172));
#2498=CARTESIAN_POINT('',(39.6590752116519,-25.9420773659816,27.9491517280643));
#2499=CARTESIAN_POINT('',(35.6558217282103,-18.0637450154214,29.2745988985459));
#2500=CARTESIAN_POINT('',(35.6558217282103,-10.5,29.2745988985459));
#2501=CARTESIAN_POINT('',(49.,-48.,25.449557952939));
#2502=CARTESIAN_POINT('',(49.0000000066664,-41.192894158761,23.4365920684328));
#2503=CARTESIAN_POINT('',(49.0000000133329,-35.0452986775782,19.7408305736576));
#2504=CARTESIAN_POINT('',(41.1895701298645,-25.914148962693,25.1816817799602));
#2505=CARTESIAN_POINT('',(37.842243037902,-18.0677018833126,26.5047104804735));
#2506=CARTESIAN_POINT('',(37.842243037902,-10.5,26.5047104804735));
#2507=CARTESIAN_POINT('',(49.,-48.,22.2683632088216));
#2508=CARTESIAN_POINT('',(49.0000000086902,-41.1382336938814,20.5070180598788));
#2509=CARTESIAN_POINT('',(49.0000000173804,-34.9359777478191,17.183076987228));
#2510=CARTESIAN_POINT('',(42.5296573855111,-25.8930953513069,22.273636313199));
#2511=CARTESIAN_POINT('',(39.7566534016657,-18.0739785043662,23.5339998928914));
#2512=CARTESIAN_POINT('',(39.7566534016657,-10.5,23.5339998928914));
#2513=CARTESIAN_POINT('',(49.,-48.,19.0871684647043));
#2514=CARTESIAN_POINT('',(49.0000000099997,-41.0926833064817,17.5774440513247));
#2515=CARTESIAN_POINT('',(49.0000000199993,-34.8448769730198,14.6690323776639));
#2516=CARTESIAN_POINT('',(43.6633416877156,-25.8773774708086,19.250647327502));
#2517=CARTESIAN_POINT('',(41.3762024038797,-18.0810358175678,20.399084278258));
#2518=CARTESIAN_POINT('',(41.3762024038797,-10.5,20.399084278258));
#2519=CARTESIAN_POINT('',(49.,-48.,12.7247789764695));
#2520=CARTESIAN_POINT('',(49.0000000114282,-41.0198026866424,11.7182960342165));
#2521=CARTESIAN_POINT('',(49.0000000228564,-34.6991157333409,9.70650662382866));
#2522=CARTESIAN_POINT('',(45.495745998312,-25.8535350495595,13.0300075990831));
#2523=CARTESIAN_POINT('',(43.9939228465683,-18.0936337062385,13.879736253241));
#2524=CARTESIAN_POINT('',(43.9939228465683,-10.5,13.879736253241));
#2525=CARTESIAN_POINT('',(49.,-48.,9.54358423235213));
#2526=CARTESIAN_POINT('',(49.0000000115473,-40.9924724542025,8.78872202566239));
#2527=CARTESIAN_POINT('',(49.0000000230945,-34.6444552684614,7.25802547955745));
#2528=CARTESIAN_POINT('',(46.1944660067038,-25.8450298855769,9.83235685636097));
#2529=CARTESIAN_POINT('',(44.9920942870432,-18.0987936584757,10.4953038428575));
#2530=CARTESIAN_POINT('',(44.9920942870432,-10.5,10.4953038428575));
#2531=CARTESIAN_POINT('',(49.,-48.,6.36238948823487));
#2532=CARTESIAN_POINT('',(49.0000000111901,-40.9742522992427,5.8591480171083));
#2533=CARTESIAN_POINT('',(49.0000000223802,-34.6080149585417,4.83139882371364));
#2534=CARTESIAN_POINT('',(46.6646246747251,-25.8397594534679,6.57498787554978));
#2535=CARTESIAN_POINT('',(45.6637495273286,-18.1026333038466,7.02555966377505));
#2536=CARTESIAN_POINT('',(45.6637495273286,-10.5,7.02555966377505));
#2537=CARTESIAN_POINT('',(49.,-48.,3.18119474411749));
#2538=CARTESIAN_POINT('',(49.0000000104759,-40.9651422217628,2.9295740085542));
#2539=CARTESIAN_POINT('',(49.0000000209517,-34.5897948035818,2.4156994120782));
#2540=CARTESIAN_POINT('',(46.9000589063231,-25.8375424384642,3.28749393777494));
#2541=CARTESIAN_POINT('',(46.0000841444074,-18.1049713275827,3.51277983188758));
#2542=CARTESIAN_POINT('',(46.0000841444074,-10.5,3.51277983188758));
#2543=CARTESIAN_POINT('',(49.,-48.,-6.36238948823464));
#2544=CARTESIAN_POINT('',(49.0000000076188,-40.9651422217628,-5.85914801710807));
#2545=CARTESIAN_POINT('',(49.0000000152376,-34.5897948035819,-4.83139882286054));
#2546=CARTESIAN_POINT('',(46.9000589048946,-25.8395077004643,-6.57498787554955));
#2547=CARTESIAN_POINT('',(46.0000841444074,-18.1069365895829,-7.02555966377494));
#2548=CARTESIAN_POINT('',(46.0000841444074,-10.5,-7.02555966377494));
#2549=CARTESIAN_POINT('',(49.,-48.,-12.7247789764694));
#2550=CARTESIAN_POINT('',(49.0000000047618,-41.0015825316825,-11.7182960342163));
#2551=CARTESIAN_POINT('',(49.0000000095235,-34.6626754234214,-9.66279764619637));
#2552=CARTESIAN_POINT('',(45.9583219756454,-25.8460515720668,-13.1499757510991));
#2553=CARTESIAN_POINT('',(44.6547456760922,-18.0952603062257,-14.0511193275499));
#2554=CARTESIAN_POINT('',(44.6547456760922,-10.5,-14.0511193275499));
#2555=CARTESIAN_POINT('',(49.,-48.,-19.087168464704));
#2556=CARTESIAN_POINT('',(49.0000000019047,-41.074463151522,-17.5774440513244));
#2557=CARTESIAN_POINT('',(49.0000000038094,-34.8084366631002,-14.5816144233279));
#2558=CARTESIAN_POINT('',(44.0805264842594,-25.865962565974,-19.4839639709404));
#2559=CARTESIAN_POINT('',(41.9721806904386,-18.078730990213,-20.7323937688843));
#2560=CARTESIAN_POINT('',(41.9721806904386,-10.5,-20.7323937688843));
#2561=CARTESIAN_POINT('',(49.,-48.,-25.4495579529387));
#2562=CARTESIAN_POINT('',(49.,-41.1837840812811,-23.4365920684326));
#2563=CARTESIAN_POINT('',(49.,-35.0270785226185,-19.6752671080082));
#2564=CARTESIAN_POINT('',(41.3596036033238,-25.9073741075572,-25.344459692771));
#2565=CARTESIAN_POINT('',(38.0851480047483,-18.0654820669166,-26.7372503559178));
#2566=CARTESIAN_POINT('',(38.0851480047483,-10.5,-26.7372503559178));
#2567=CARTESIAN_POINT('',(49.,-48.,-31.8119474411734));
#2568=CARTESIAN_POINT('',(49.,-41.3295453209599,-29.2957400855408));
#2569=CARTESIAN_POINT('',(49.,-35.318601001976,-25.0311736539899));
#2570=CARTESIAN_POINT('',(37.9585468161707,-25.9784196221866,-30.5538437633571));
#2571=CARTESIAN_POINT('',(33.2264954516724,-18.0636469617066,-31.8119474411734));
#2572=CARTESIAN_POINT('',(33.2264954516724,-10.5,-31.8119474411734));
#2573=CARTESIAN_POINT('',(49.,-48.,-31.8119461282325));
#2574=CARTESIAN_POINT('',(49.,-46.6103219356001,-31.2877362841108));
#2575=CARTESIAN_POINT('',(48.9780292124442,-43.8928989123326,-30.0769961274909));
#2576=CARTESIAN_POINT('',(47.9822643621912,-39.6573956285608,-28.7679506227284));
#2577=CARTESIAN_POINT('',(45.7915064240833,-35.1220531410371,-28.3609517324075));
#2578=CARTESIAN_POINT('',(41.6087300197674,-28.685288179068,-28.969859052922));
#2579=CARTESIAN_POINT('',(36.6770343800204,-21.8783327167236,-30.6468564168669));
#2580=CARTESIAN_POINT('',(33.7340352565399,-15.2683561828122,-31.6677211199563));
#2581=CARTESIAN_POINT('',(33.2264964543026,-12.0757597837678,-31.8119463939603));
#2582=CARTESIAN_POINT('',(33.2264964543026,-10.5,-31.8119463939603));
#2583=CARTESIAN_POINT('',(49.1482916521867,-48.,-31.6534561641566));
#2584=CARTESIAN_POINT('',(49.1470774491825,-41.3419321286839,-29.1307106898772));
#2585=CARTESIAN_POINT('',(49.1442391523702,-35.3452969779079,-24.8585762786946));
#2586=CARTESIAN_POINT('',(38.0213925810314,-25.9844810488938,-30.4832186372669));
#2587=CARTESIAN_POINT('',(33.2535888383965,-18.0635149845517,-31.7836493216566));
#2588=CARTESIAN_POINT('',(33.2535888383965,-10.5,-31.7836493216566));
#2589=CARTESIAN_POINT('',(49.1186333217493,-48.,-31.68515441956));
#2590=CARTESIAN_POINT('',(49.117661959346,-41.3394547671391,-29.16371656901));
#2591=CARTESIAN_POINT('',(49.1153913218962,-35.3399577827214,-24.8930957537536));
#2592=CARTESIAN_POINT('',(38.0088234280593,-25.9832687635523,-30.4973436624849));
#2593=CARTESIAN_POINT('',(33.2481701610517,-18.0635413799828,-31.78930894556));
#2594=CARTESIAN_POINT('',(33.2481701610517,-10.5,-31.78930894556));
#2595=CARTESIAN_POINT('',(49.088974991312,-48.,-31.7168526749634));
#2596=CARTESIAN_POINT('',(49.0882464695095,-41.3369774055943,-29.1967224481426));
#2597=CARTESIAN_POINT('',(49.0865434914222,-35.3346185875351,-24.9276152288127));
#2598=CARTESIAN_POINT('',(37.9962542750872,-25.9820564782109,-30.5114686877029));
#2599=CARTESIAN_POINT('',(33.2427514837069,-18.0635677754137,-31.7949685694633));
#2600=CARTESIAN_POINT('',(33.2427514837069,-10.5,-31.7949685694633));
#2601=CARTESIAN_POINT('',(49.0593166608747,-48.,-31.7485509303668));
#2602=CARTESIAN_POINT('',(49.058830979673,-41.3345000440495,-29.2297283272754));
#2603=CARTESIAN_POINT('',(49.0576956609481,-35.3292793923487,-24.9621347038718));
#2604=CARTESIAN_POINT('',(37.983685122115,-25.9808441928694,-30.5255937129211));
#2605=CARTESIAN_POINT('',(33.237332806362,-18.0635941708447,-31.8006281933667));
#2606=CARTESIAN_POINT('',(33.237332806362,-10.5,-31.8006281933667));
#2607=CARTESIAN_POINT('',(49.0296583304373,-48.,-31.78024918577));
#2608=CARTESIAN_POINT('',(49.0294154898365,-41.3320226825047,-29.2627342064081));
#2609=CARTESIAN_POINT('',(49.028847830474,-35.3239401971623,-24.9966541789308));
#2610=CARTESIAN_POINT('',(37.9711159691429,-25.979631907528,-30.5397187381391));
#2611=CARTESIAN_POINT('',(33.2319141290172,-18.0636205662756,-31.8062878172701));
#2612=CARTESIAN_POINT('',(33.2319141290172,-10.5,-31.8062878172701));
#2613=CARTESIAN_POINT('',(49.,-48.,-31.8119474411734));
#2614=CARTESIAN_POINT('',(49.,-41.3295453209599,-29.2957400855408));
#2615=CARTESIAN_POINT('',(49.,-35.318601001976,-25.0311736539899));
#2616=CARTESIAN_POINT('',(37.9585468161707,-25.9784196221866,-30.5538437633571));
#2617=CARTESIAN_POINT('',(33.2264954516724,-18.0636469617066,-31.8119474411734));
#2618=CARTESIAN_POINT('',(33.2264954516724,-10.5,-31.8119474411734));
#2619=CARTESIAN_POINT('',(47.5170834781333,-48.,-33.3968602113428));
#2620=CARTESIAN_POINT('',(47.529225508175,-41.2056772437195,-30.9460340421768));
#2621=CARTESIAN_POINT('',(47.557608476298,-35.0516412426576,-26.7571474069428));
#2622=CARTESIAN_POINT('',(37.3300891675632,-25.917805355115,-31.2600950242599));
#2623=CARTESIAN_POINT('',(32.9555615844319,-18.0649667332553,-32.0949286363429));
#2624=CARTESIAN_POINT('',(32.9555615844319,-10.5,-32.0949286363429));
#2625=CARTESIAN_POINT('',(46.0281055782394,-48.,-34.9763654880046));
#2626=CARTESIAN_POINT('',(46.0483791096706,-41.0880395540011,-32.5885038368896));
#2627=CARTESIAN_POINT('',(46.0898008034692,-34.7890945076574,-28.4799311707599));
#2628=CARTESIAN_POINT('',(36.6956989538935,-25.8583046578702,-31.9614965965196));
#2629=CARTESIAN_POINT('',(32.6816150210086,-18.0642848808696,-32.3750253938224));
#2630=CARTESIAN_POINT('',(32.6816150210086,-10.5,-32.3750253938224));
#2631=CARTESIAN_POINT('',(44.534188275711,-48.,-36.5514921634716));
#2632=CARTESIAN_POINT('',(44.5590702904507,-40.9764710921859,-34.2244407310637));
#2633=CARTESIAN_POINT('',(44.6023284116571,-34.5336623807738,-30.198795846207));
#2634=CARTESIAN_POINT('',(36.0559852564619,-25.8004640580915,-32.6584584647015));
#2635=CARTESIAN_POINT('',(32.4046968091125,-18.0622285119985,-32.65219504552));
#2636=CARTESIAN_POINT('',(32.4046968091125,-10.5,-32.65219504552));
#2637=CARTESIAN_POINT('',(43.0361962413808,-48.,-38.1229925230195));
#2638=CARTESIAN_POINT('',(43.0626512319184,-40.8708106986548,-35.8548593790462));
#2639=CARTESIAN_POINT('',(43.1006854264447,-34.2880464458052,-31.9127357270133));
#2640=CARTESIAN_POINT('',(35.4114805617042,-25.7448300834184,-33.3513082128442));
#2641=CARTESIAN_POINT('',(32.1248488486017,-18.059424734091,-32.9263957541784));
#2642=CARTESIAN_POINT('',(32.1248488486017,-10.5,-32.9263957541784));
#2643=CARTESIAN_POINT('',(40.0334303587334,-48.,-41.2598754577704));
#2644=CARTESIAN_POINT('',(40.0579353069876,-40.6709837289227,-39.1063197682651));
#2645=CARTESIAN_POINT('',(40.0796848283377,-33.8218501272947,-35.3283847637449));
#2646=CARTESIAN_POINT('',(34.1138467955249,-25.6390684395626,-34.7293289220114));
#2647=CARTESIAN_POINT('',(31.5593788768255,-18.0535765751013,-33.4687773277613));
#2648=CARTESIAN_POINT('',(31.5593788768255,-10.5,-33.4687773277613));
#2649=CARTESIAN_POINT('',(38.5286565104161,-48.,-42.8252580329734));
#2650=CARTESIAN_POINT('',(38.549638440589,-40.5768171527217,-40.7273615095015));
#2651=CARTESIAN_POINT('',(38.5605795239357,-33.601341068538,-37.0300684988053));
#2652=CARTESIAN_POINT('',(33.4607177241033,-25.5889407703798,-35.414499883036));
#2653=CARTESIAN_POINT('',(31.27375686556,-18.050532194019,-33.7369581926857));
#2654=CARTESIAN_POINT('',(31.27375686556,-10.5,-33.7369581926857));
#2655=CARTESIAN_POINT('',(37.0211755799136,-48.,-44.3881491397509));
#2656=CARTESIAN_POINT('',(37.0365740056366,-40.4882363255669,-42.3445445901832));
#2657=CARTESIAN_POINT('',(37.03778863348,-33.3964500271304,-38.7241413565823));
#2658=CARTESIAN_POINT('',(32.8037552733438,-25.5421127815817,-36.0961041769819));
#2659=CARTESIAN_POINT('',(30.9852905521546,-18.0479946187983,-34.0020881569151));
#2660=CARTESIAN_POINT('',(30.9852905521546,-10.5,-34.0020881569151));
#2661=CARTESIAN_POINT('',(35.5114905460098,-48.,-45.9489313403203));
#2662=CARTESIAN_POINT('',(35.5197324914848,-40.4050800878391,-43.9585139415998));
#2663=CARTESIAN_POINT('',(35.5160507302409,-33.2102059199226,-40.4089483815688));
#2664=CARTESIAN_POINT('',(32.1433845747985,-25.4991310008078,-36.7743596727712));
#2665=CARTESIAN_POINT('',(30.6940234832257,-18.0465909568882,-34.2641271000506));
#2666=CARTESIAN_POINT('',(30.6940234832257,-10.5,-34.2641271000506));
#2667=CARTESIAN_POINT('',(34.,-48.,-47.5078940808786));
#2668=CARTESIAN_POINT('',(34.,-40.3271872799194,-45.5698213790196));
#2669=CARTESIAN_POINT('',(34.,-33.0456376637651,-42.0827415022368));
#2670=CARTESIAN_POINT('',(31.48,-25.4605419556976,-37.449456924736));
#2671=CARTESIAN_POINT('',(30.4,-18.0469483157379,-34.5230357877171));
#2672=CARTESIAN_POINT('',(30.4,-10.5,-34.5230357877171));
#2673=CARTESIAN_POINT('',(33.9697701890798,-48.,-47.5390733356897));
#2674=CARTESIAN_POINT('',(33.9696053501703,-40.3256294237611,-45.6020475277679));
#2675=CARTESIAN_POINT('',(33.9696789853952,-33.0423462986419,-42.1162173646502));
#2676=CARTESIAN_POINT('',(31.466732308504,-25.4597701747954,-37.4629588697752));
#2677=CARTESIAN_POINT('',(30.3941195303355,-18.0469554629149,-34.5282139614704));
#2678=CARTESIAN_POINT('',(30.3941195303355,-10.5,-34.5282139614704));
#2679=CARTESIAN_POINT('',(33.9395403781596,-48.,-47.570252590501));
#2680=CARTESIAN_POINT('',(33.9392107003406,-40.3240715676027,-45.6342736765163));
#2681=CARTESIAN_POINT('',(33.9393579707904,-33.0390549335188,-42.1496932270636));
#2682=CARTESIAN_POINT('',(31.453464617008,-25.4589983938932,-37.4764608148146));
#2683=CARTESIAN_POINT('',(30.388239060671,-18.0469626100918,-34.5333921352238));
#2684=CARTESIAN_POINT('',(30.388239060671,-10.5,-34.5333921352238));
#2685=CARTESIAN_POINT('',(33.9093105672394,-48.,-47.6014318453121));
#2686=CARTESIAN_POINT('',(33.9088160505109,-40.3225137114442,-45.6664998252647));
#2687=CARTESIAN_POINT('',(33.9090369561855,-33.0357635683956,-42.1831690894769));
#2688=CARTESIAN_POINT('',(31.4401969255121,-25.458226612991,-37.4899627598538));
#2689=CARTESIAN_POINT('',(30.3823585910064,-18.0469697572689,-34.5385703089771));
#2690=CARTESIAN_POINT('',(30.3823585910064,-10.5,-34.5385703089771));
#2691=CARTESIAN_POINT('',(33.8790807563192,-48.,-47.6326111001233));
#2692=CARTESIAN_POINT('',(33.8784214006812,-40.3209558552859,-45.698725974013));
#2693=CARTESIAN_POINT('',(33.8787159415807,-33.0324722032725,-42.2166449518903));
#2694=CARTESIAN_POINT('',(31.4269292340161,-25.4574548320888,-37.5034647048932));
#2695=CARTESIAN_POINT('',(30.3764781213419,-18.0469769044458,-34.5437484827303));
#2696=CARTESIAN_POINT('',(30.3764781213419,-10.5,-34.5437484827303));
#2697=CARTESIAN_POINT('',(33.848850945399,-48.,-47.6637903549345));
#2698=CARTESIAN_POINT('',(33.8480267508515,-40.3193979991275,-45.7309521227615));
#2699=CARTESIAN_POINT('',(33.8483949269759,-33.0291808381493,-42.2501208143037));
#2700=CARTESIAN_POINT('',(31.4136615425201,-25.4566830511865,-37.5169666499324));
#2701=CARTESIAN_POINT('',(30.3705976516774,-18.0469840516228,-34.5489266564838));
#2702=CARTESIAN_POINT('',(30.3705976516774,-10.5,-34.5489266564838));
#2703=CARTESIAN_POINT('',(34.0000020691167,-48.,-47.507891946776));
#2704=CARTESIAN_POINT('',(34.0000020738178,-44.8029947443954,-46.7003616244781));
#2705=CARTESIAN_POINT('',(33.9236627557196,-38.5582287214066,-44.411015384685));
#2706=CARTESIAN_POINT('',(32.6007826771171,-29.2371338844058,-39.854773065572));
#2707=CARTESIAN_POINT('',(30.8982149209842,-19.8868252693487,-35.7606084520293));
#2708=CARTESIAN_POINT('',(30.400000402496,-13.6445617980203,-34.5230354332906));
#2709=CARTESIAN_POINT('',(30.400000402496,-10.5,-34.5230354332906));
#2710=CARTESIAN_POINT('',(34.,-48.,-47.5078940808786));
#2711=CARTESIAN_POINT('',(34.,-40.3271872799194,-45.5698213790196));
#2712=CARTESIAN_POINT('',(34.,-33.0456376637651,-42.0827415022368));
#2713=CARTESIAN_POINT('',(31.48,-25.4605419556976,-37.449456924736));
#2714=CARTESIAN_POINT('',(30.4,-18.0469483157379,-34.5230357877171));
#2715=CARTESIAN_POINT('',(30.4,-10.5,-34.5230357877171));
#2716=CARTESIAN_POINT('',(31.28,-48.,-47.5078940808786));
#2717=CARTESIAN_POINT('',(31.2800000117365,-40.3966947088278,-45.5873782327389));
#2718=CARTESIAN_POINT('',(31.2800000234731,-33.1775636080977,-42.1459200892628));
#2719=CARTESIAN_POINT('',(29.3952731255737,-25.499515513993,-38.5754400319175));
#2720=CARTESIAN_POINT('',(28.5875330281506,-18.0511681595791,-36.1190424738911));
#2721=CARTESIAN_POINT('',(28.5875330281506,-10.5,-36.1190424738911));
#2722=CARTESIAN_POINT('',(28.56,-48.,-47.5078940808787));
#2723=CARTESIAN_POINT('',(28.5600000117366,-40.465596350295,-45.6047820708507));
#2724=CARTESIAN_POINT('',(28.5600000234731,-33.3084279333898,-42.2081990591595));
#2725=CARTESIAN_POINT('',(27.237205994506,-25.5211088303545,-39.6180589261059));
#2726=CARTESIAN_POINT('',(26.6702942694825,-18.0383106552071,-37.5960667240803));
#2727=CARTESIAN_POINT('',(26.6702942694825,-10.5,-37.5960667240803));
#2728=CARTESIAN_POINT('',(25.84,-48.,-47.5078940808786));
#2729=CARTESIAN_POINT('',(25.8400000058683,-40.5319452371558,-45.6215411096953));
#2730=CARTESIAN_POINT('',(25.8400000117365,-33.4345160432702,-42.2678847924322));
#2731=CARTESIAN_POINT('',(25.0131369983598,-25.5356650309395,-40.5707007963318));
#2732=CARTESIAN_POINT('',(24.6587671363223,-18.0196924123615,-38.9450129395141));
#2733=CARTESIAN_POINT('',(24.6587671363223,-10.5,-38.9450129395141));
#2734=CARTESIAN_POINT('',(23.12,-48.,-47.5078940808786));
#2735=CARTESIAN_POINT('',(23.12,-40.5937944022446,-45.6371635656139));
#2736=CARTESIAN_POINT('',(23.12,-33.5521133413675,-42.3232836695865));
#2737=CARTESIAN_POINT('',(22.7311763578132,-25.5535272419045,-41.4276809737532));
#2738=CARTESIAN_POINT('',(22.5645376540188,-18.0066300407822,-40.1581114387456));
#2739=CARTESIAN_POINT('',(22.5645376540188,-10.5,-40.1581114387456));
#2740=CARTESIAN_POINT('',(20.4,-48.,-47.5078940808786));
#2741=CARTESIAN_POINT('',(20.4,-40.6491968783958,-45.6511576549474));
#2742=CARTESIAN_POINT('',(20.4,-33.6575052313104,-42.3727020711275));
#2743=CARTESIAN_POINT('',(20.4,-25.5850385894068,-42.1843811591622));
#2744=CARTESIAN_POINT('',(20.4,-18.0104401502089,-41.2291159255203));
#2745=CARTESIAN_POINT('',(20.4,-10.5,-41.2291159255203));
#2746=CARTESIAN_POINT('',(20.3646012873352,-48.,-47.5078940808786));
#2747=CARTESIAN_POINT('',(20.3646012873352,-40.6499178991069,-45.651339777281));
#2748=CARTESIAN_POINT('',(20.3646012873352,-33.6588768258799,-42.3733452136997));
#2749=CARTESIAN_POINT('',(20.369661528654,-25.5854486854126,-42.1942290313816));
#2750=CARTESIAN_POINT('',(20.3718302035049,-18.0104897358592,-41.243054227024));
#2751=CARTESIAN_POINT('',(20.3718302035049,-10.5,-41.243054227024));
#2752=CARTESIAN_POINT('',(20.3292025746705,-48.,-47.5078940808786));
#2753=CARTESIAN_POINT('',(20.3292025746705,-40.650638919818,-45.6515218996146));
#2754=CARTESIAN_POINT('',(20.3292025746705,-33.6602484204495,-42.3739883562719));
#2755=CARTESIAN_POINT('',(20.339323057308,-25.5858587814184,-42.2040769036008));
#2756=CARTESIAN_POINT('',(20.3436604070098,-18.0105393215095,-41.2569925285277));
#2757=CARTESIAN_POINT('',(20.3436604070098,-10.5,-41.2569925285277));
#2758=CARTESIAN_POINT('',(20.2938038620057,-48.,-47.5078940808786));
#2759=CARTESIAN_POINT('',(20.2938038620057,-40.6513599405291,-45.6517040219481));
#2760=CARTESIAN_POINT('',(20.2938038620057,-33.6616200150191,-42.3746314988442));
#2761=CARTESIAN_POINT('',(20.308984585962,-25.5862688774243,-42.2139247758202));
#2762=CARTESIAN_POINT('',(20.3154906105147,-18.0105889071598,-41.2709308300313));
#2763=CARTESIAN_POINT('',(20.3154906105147,-10.5,-41.2709308300313));
#2764=CARTESIAN_POINT('',(20.258405149341,-48.,-47.5078940808786));
#2765=CARTESIAN_POINT('',(20.258405149341,-40.6520809612402,-45.6518861442817));
#2766=CARTESIAN_POINT('',(20.258405149341,-33.6629916095887,-42.3752746414164));
#2767=CARTESIAN_POINT('',(20.278646114616,-25.5866789734301,-42.2237726480397));
#2768=CARTESIAN_POINT('',(20.2873208140196,-18.0106384928101,-41.284869131535));
#2769=CARTESIAN_POINT('',(20.2873208140196,-10.5,-41.284869131535));
#2770=CARTESIAN_POINT('',(20.2230064366762,-48.,-47.5078940808786));
#2771=CARTESIAN_POINT('',(20.2230064366762,-40.6528019819513,-45.6520682666153));
#2772=CARTESIAN_POINT('',(20.2230064366762,-33.6643632041582,-42.3759177839887));
#2773=CARTESIAN_POINT('',(20.24830764327,-25.587089069436,-42.233620520259));
#2774=CARTESIAN_POINT('',(20.2591510175245,-18.0106880784604,-41.2988074330387));
#2775=CARTESIAN_POINT('',(20.2591510175245,-10.5,-41.2988074330387));
#2776=CARTESIAN_POINT('',(20.4,-48.,-47.5078940808786));
#2777=CARTESIAN_POINT('',(20.4,-45.0773488956805,-46.7696628052063));
#2778=CARTESIAN_POINT('',(20.4,-39.3496103426435,-44.8427326359321));
#2779=CARTESIAN_POINT('',(20.4,-33.4787782742674,-43.4640926220279));
#2780=CARTESIAN_POINT('',(20.4,-30.5000496502869,-42.940733081771));
#2781=CARTESIAN_POINT('',(20.2233641975112,-48.,47.5078940808789));
#2782=CARTESIAN_POINT('',(20.2233641982414,-40.6527946948792,45.6520664259769));
#2783=CARTESIAN_POINT('',(20.2233641989716,-33.6643493465888,42.3759112656156));
#2784=CARTESIAN_POINT('',(20.2486142626058,-25.5870849247573,42.2335209916966));
#2785=CARTESIAN_POINT('',(20.2594357185534,-18.0106875773177,41.29866656412));
#2786=CARTESIAN_POINT('',(20.2594357185534,-10.5,41.29866656412));
#2787=CARTESIAN_POINT('',(20.258691358009,-48.,47.5078940808789));
#2788=CARTESIAN_POINT('',(20.2586913585931,-40.6520751315825,45.6518846717711));
#2789=CARTESIAN_POINT('',(20.2586913591772,-33.6629805235331,42.375269426718));
#2790=CARTESIAN_POINT('',(20.2788914100846,-25.5866756576872,42.2236930251898));
#2791=CARTESIAN_POINT('',(20.2875485748427,-18.010638091896,41.2847564364001));
#2792=CARTESIAN_POINT('',(20.2875485748427,-10.5,41.2847564364001));
#2793=CARTESIAN_POINT('',(20.2940185185067,-48.,47.5078940808789));
#2794=CARTESIAN_POINT('',(20.2940185189448,-40.6513555682858,45.6517029175653));
#2795=CARTESIAN_POINT('',(20.2940185193829,-33.6616117004775,42.3746275878204));
#2796=CARTESIAN_POINT('',(20.3091685575635,-25.5862663906171,42.213865058683));
#2797=CARTESIAN_POINT('',(20.315661431132,-18.0105886064742,41.2708463086802));
#2798=CARTESIAN_POINT('',(20.315661431132,-10.5,41.2708463086802));
#2799=CARTESIAN_POINT('',(20.3293456790045,-48.,47.5078940808789));
#2800=CARTESIAN_POINT('',(20.3293456792965,-40.6506360049892,45.6515211633594));
#2801=CARTESIAN_POINT('',(20.3293456795886,-33.6602428774218,42.3739857489228));
#2802=CARTESIAN_POINT('',(20.3394457050423,-25.585857123547,42.2040370921761));
#2803=CARTESIAN_POINT('',(20.3437742874213,-18.0105391210524,41.2569361809603));
#2804=CARTESIAN_POINT('',(20.3437742874213,-10.5,41.2569361809603));
#2805=CARTESIAN_POINT('',(20.3646728395022,-48.,47.5078940808789));
#2806=CARTESIAN_POINT('',(20.3646728396483,-40.6499164416924,45.6513394091536));
#2807=CARTESIAN_POINT('',(20.3646728397943,-33.658874054366,42.3733439100252));
#2808=CARTESIAN_POINT('',(20.3697228525212,-25.5854478564768,42.1942091256693));
#2809=CARTESIAN_POINT('',(20.3718871437107,-18.0104896356306,41.2430260532404));
#2810=CARTESIAN_POINT('',(20.3718871437107,-10.5,41.2430260532404));
#2811=CARTESIAN_POINT('',(20.4,-48.,47.5078940808789));
#2812=CARTESIAN_POINT('',(20.4,-40.6491968783958,45.6511576549477));
#2813=CARTESIAN_POINT('',(20.4,-33.6575052313104,42.3727020711278));
#2814=CARTESIAN_POINT('',(20.4,-25.5850385894068,42.1843811591625));
#2815=CARTESIAN_POINT('',(20.4,-18.0104401502089,41.2291159255205));
#2816=CARTESIAN_POINT('',(20.4,-10.5,41.2291159255205));
#2817=CARTESIAN_POINT('',(23.12,-48.,47.507894080879));
#2818=CARTESIAN_POINT('',(23.119999988756,-40.5937944022448,45.6371635656141));
#2819=CARTESIAN_POINT('',(23.119999977512,-33.552113270591,42.3232839526936));
#2820=CARTESIAN_POINT('',(22.7311763521912,-25.5535272419047,41.4276809737534));
#2821=CARTESIAN_POINT('',(22.5645376540188,-18.0066300407824,40.1581114387458));
#2822=CARTESIAN_POINT('',(22.5645376540188,-10.5,40.1581114387458));
#2823=CARTESIAN_POINT('',(25.84,-48.,47.5078940808789));
#2824=CARTESIAN_POINT('',(25.839999988756,-40.531945237156,45.6215411096955));
#2825=CARTESIAN_POINT('',(25.839999977512,-33.4345160314743,42.2678848985976));
#2826=CARTESIAN_POINT('',(25.0131369898036,-25.5356650309396,40.5707007963322));
#2827=CARTESIAN_POINT('',(24.6587671363223,-18.0196924123616,38.9450129395145));
#2828=CARTESIAN_POINT('',(24.6587671363223,-10.5,38.9450129395145));
#2829=CARTESIAN_POINT('',(28.56,-48.,47.5078940808789));
#2830=CARTESIAN_POINT('',(28.559999994378,-40.4655963502951,45.6047820708508));
#2831=CARTESIAN_POINT('',(28.559999988756,-33.3084280159628,42.2081988468295));
#2832=CARTESIAN_POINT('',(27.2372059858267,-25.5211088303546,39.6180589261061));
#2833=CARTESIAN_POINT('',(26.6702942694824,-18.0383106552071,37.5960667240808));
#2834=CARTESIAN_POINT('',(26.6702942694824,-10.5,37.5960667240808));
#2835=CARTESIAN_POINT('',(31.28,-48.,47.507894080879));
#2836=CARTESIAN_POINT('',(31.28,-40.3966947088278,45.5873782327392));
#2837=CARTESIAN_POINT('',(31.28,-33.1775637260589,42.1459197353795));
#2838=CARTESIAN_POINT('',(29.3952731197055,-25.4995155139929,38.5754400319177));
#2839=CARTESIAN_POINT('',(28.5875330281506,-18.051168159579,36.1190424738913));
#2840=CARTESIAN_POINT('',(28.5875330281506,-10.5,36.1190424738913));
#2841=CARTESIAN_POINT('',(34.,-48.,47.5078940808789));
#2842=CARTESIAN_POINT('',(34.,-40.3271872799194,45.5698213790198));
#2843=CARTESIAN_POINT('',(34.,-33.0456376637651,42.082741502237));
#2844=CARTESIAN_POINT('',(31.48,-25.4605419556976,37.4494569247361));
#2845=CARTESIAN_POINT('',(30.4,-18.0469483157379,34.5230357877173));
#2846=CARTESIAN_POINT('',(30.4,-10.5,34.5230357877173));
#2847=CARTESIAN_POINT('',(20.3999206682154,-10.5,41.229155178567));
#2848=CARTESIAN_POINT('',(20.3999276205394,-13.7931580695239,41.2291517385851));
#2849=CARTESIAN_POINT('',(20.3999384463088,-20.4369869597319,41.5925521289006));
#2850=CARTESIAN_POINT('',(20.3999495295571,-27.176850830806,42.3568614493042));
#2851=CARTESIAN_POINT('',(20.3999562296103,-30.5000484663179,42.9407398189972));
#2852=CARTESIAN_POINT('',(20.4,-48.,47.5078940808789));
#2853=CARTESIAN_POINT('',(20.4,-45.0773488956805,46.7696628052065));
#2854=CARTESIAN_POINT('',(20.4,-39.3496103426435,44.8427326359323));
#2855=CARTESIAN_POINT('',(20.4,-33.4787782742673,43.4640926220282));
#2856=CARTESIAN_POINT('',(20.4,-30.5000496502869,42.9407330817713));
#2857=CARTESIAN_POINT('',(0.,-0.5,1.11022302462516E-13));
#2858=CARTESIAN_POINT('',(20.4,-29.5069882296936,-42.7721628191136));
#2859=CARTESIAN_POINT('',(20.4007989409157,-10.5,41.2287206151875));
#2860=CARTESIAN_POINT('',(20.4008930971281,-13.6293544690748,41.2286740272078));
#2861=CARTESIAN_POINT('',(20.4008877103905,-19.9373921216209,41.5640705185997));
#2862=CARTESIAN_POINT('',(20.4008735162053,-26.7180710683436,42.2905592154468));
#2863=CARTESIAN_POINT('',(20.4008643519869,-30.2492776813017,42.8962163350116));
#2864=CARTESIAN_POINT('',(20.4008633722801,-30.61953290588,42.962240097003));
#2865=CARTESIAN_POINT('',(20.4005012496014,-10.5,41.2288679108011));
#2866=CARTESIAN_POINT('',(20.4005953980854,-13.6293530002455,41.2288213266453));
#2867=CARTESIAN_POINT('',(20.400591806927,-19.9373889067149,41.564208705903));
#2868=CARTESIAN_POINT('',(20.4005823441369,-26.7180679386249,42.2906735716082));
#2869=CARTESIAN_POINT('',(20.400576234658,-30.2492748617025,42.8963150713626));
#2870=CARTESIAN_POINT('',(20.4005755815201,-30.6195301214827,42.9623371613261));
#2871=CARTESIAN_POINT('',(20.4002035582871,-10.5,41.2290152064147));
#2872=CARTESIAN_POINT('',(20.4002976990427,-13.6293515314163,41.2289686260829));
#2873=CARTESIAN_POINT('',(20.4002959034635,-19.9373856918089,41.5643468932063));
#2874=CARTESIAN_POINT('',(20.4002911720684,-26.7180648089063,42.2907879277696));
#2875=CARTESIAN_POINT('',(20.400288117329,-30.2492720421034,42.8964138077137));
#2876=CARTESIAN_POINT('',(20.40028779076,-30.6195273370855,42.9624342256492));
#2877=CARTESIAN_POINT('',(20.3999058669728,-10.5,41.2291625020284));
#2878=CARTESIAN_POINT('',(20.4,-13.629350062587,41.2291159255205));
#2879=CARTESIAN_POINT('',(20.4,-19.9373824769029,41.5644850805096));
#2880=CARTESIAN_POINT('',(20.4,-26.7180616791876,42.2909022839311));
#2881=CARTESIAN_POINT('',(20.4,-30.2492692225043,42.8965125440647));
#2882=CARTESIAN_POINT('',(20.4,-30.6195245526883,42.9625312899723));
#2883=CARTESIAN_POINT('',(16.773975331106,-10.5,43.023247977527));
#2884=CARTESIAN_POINT('',(16.773975331106,-13.611459473978,43.023247977527));
#2885=CARTESIAN_POINT('',(16.7958457893999,-19.8982243782843,43.2476297965482));
#2886=CARTESIAN_POINT('',(16.853474981095,-26.6799411765955,43.6837796628239));
#2887=CARTESIAN_POINT('',(16.8906822239966,-30.2149260283315,44.0991379920719));
#2888=CARTESIAN_POINT('',(16.8946598888834,-30.585610123663,44.144791154999));
#2889=CARTESIAN_POINT('',(9.92438701684204,-10.5,45.3413787394653));
#2890=CARTESIAN_POINT('',(9.92438701684204,-13.5792308580329,45.3413787394653));
#2891=CARTESIAN_POINT('',(10.0109249430713,-19.8273275903525,45.3856759300696));
#2892=CARTESIAN_POINT('',(10.2396990869564,-26.6098063757734,45.3524424110307));
#2893=CARTESIAN_POINT('',(10.387402965681,-30.1513230333,45.4586110364095));
#2894=CARTESIAN_POINT('',(10.4031933464301,-30.5227545709302,45.4711527313283));
#2895=CARTESIAN_POINT('',(2.90948782796854,-10.5,46.0171189407302));
#2896=CARTESIAN_POINT('',(2.90948782796854,-13.5907412064331,46.0171189407302));
#2897=CARTESIAN_POINT('',(3.09348890524136,-19.8542499979338,45.9225736237741));
#2898=CARTESIAN_POINT('',(3.58020994101248,-26.6414345853196,45.5309282056687));
#2899=CARTESIAN_POINT('',(3.89445255435777,-30.1818447200687,45.3980123391655));
#2900=CARTESIAN_POINT('',(3.92804686857032,-30.5531214774047,45.3849228165725));
#2901=CARTESIAN_POINT('',(-0.229444599760165,-10.5,45.9994823330334));
#2902=CARTESIAN_POINT('',(-0.229444599760165,-13.6005755598656,45.9994823330334));
#2903=CARTESIAN_POINT('',(0.00307522612059085,-19.8767317917748,45.8512666427311));
#2904=CARTESIAN_POINT('',(0.618207192913234,-26.6663194420598,45.3219708804432));
#2905=CARTESIAN_POINT('',(1.01535599600719,-30.2053856999066,45.0964540774833));
#2906=CARTESIAN_POINT('',(1.05781345121431,-30.5764937666876,45.0734301674673));
#2907=CARTESIAN_POINT('',(19.2163285403305,-3.5,-38.4672941267004));
#2908=CARTESIAN_POINT('',(19.2163285403305,-3.44172494172495,-37.4689935619489));
#2909=CARTESIAN_POINT('',(-147.209228515625,697.,57.9349899291992));
#2910=CARTESIAN_POINT('',(0.,0.,0.));
#2911=CARTESIAN_POINT('',(-39.2523447277426,-39.2523447277426,157.432556152344));
#2912=CARTESIAN_POINT('',(-147.209228515625,525.093566894531,-99.4975662231445));
#2913=CARTESIAN_POINT('',(0.,0.,0.));
#2914=CARTESIAN_POINT('',(-42.8610875544882,-42.8610875544882,171.906433105469));
#2915=CARTESIAN_POINT('',(24.6971893310547,697.,-99.4975662231445));
#2916=CARTESIAN_POINT('',(0.,0.,0.));
#2917=CARTESIAN_POINT('',(-42.8610837500448,-42.8610837500448,171.90641784668));
#2918=CARTESIAN_POINT('',(-147.209228515625,868.906433105469,-99.4975662231445));
#2919=CARTESIAN_POINT('',(0.,0.,0.));
#2920=CARTESIAN_POINT('',(-42.8610875544882,-42.8610875544882,171.906433105469));
#2921=CARTESIAN_POINT('',(-147.209228515625,697.,-256.930114746094));
#2922=CARTESIAN_POINT('',(0.,0.,0.));
#2923=CARTESIAN_POINT('',(-39.2523428255209,-39.2523428255209,157.432548522949));
#2924=CARTESIAN_POINT('',(-319.115631103516,697.,-99.4975662231445));
#2925=CARTESIAN_POINT('',(0.,0.,0.));
#2926=CARTESIAN_POINT('',(-42.8610799456014,-42.8610799456014,171.906402587891));
#2927=CARTESIAN_POINT('',(10.836459477743,538.914776484171,59.2135117848719));
#2928=CARTESIAN_POINT('',(0.,0.,0.));
#2929=CARTESIAN_POINT('',(-68.3533071597307,-68.3533071597307,274.150141660635));
#2930=CARTESIAN_POINT('',(29.8498016291448,552.869881951677,-6.69313445921745));
#2931=CARTESIAN_POINT('',(0.,0.,0.));
#2932=CARTESIAN_POINT('',(-61.4460541389583,-61.4460541389583,246.446662885197));
#2933=MECHANICAL_DESIGN_GEOMETRIC_PRESENTATION_REPRESENTATION('',(#1087,
#1088,#1089),#2934);
#2934=(
GEOMETRIC_REPRESENTATION_CONTEXT(3)
GLOBAL_UNCERTAINTY_ASSIGNED_CONTEXT((#2935))
GLOBAL_UNIT_ASSIGNED_CONTEXT((#2938,#2937,#2936))
REPRESENTATION_CONTEXT('openarm_right_link1_collision',
'TOP_LEVEL_ASSEMBLY_PART')
);
#2935=UNCERTAINTY_MEASURE_WITH_UNIT(LENGTH_MEASURE(0.0508),#2938,
'DISTANCE_ACCURACY_VALUE','Maximum Tolerance applied to model');
#2936=(
NAMED_UNIT(*)
SI_UNIT($,.STERADIAN.)
SOLID_ANGLE_UNIT()
);
#2937=(
NAMED_UNIT(*)
PLANE_ANGLE_UNIT()
SI_UNIT($,.RADIAN.)
);
#2938=(
LENGTH_UNIT()
NAMED_UNIT(*)
SI_UNIT(.MILLI.,.METRE.)
);
#2939=PRODUCT_DEFINITION_SHAPE('','',#2940);
#2940=PRODUCT_DEFINITION('','',#2942,#2941);
#2941=PRODUCT_DEFINITION_CONTEXT('',#2948,'design');
#2942=PRODUCT_DEFINITION_FORMATION_WITH_SPECIFIED_SOURCE('','',#2944,
 .NOT_KNOWN.);
#2943=PRODUCT_RELATED_PRODUCT_CATEGORY('','',(#2944));
#2944=PRODUCT('openarm_right_link1_collision',
'openarm_right_link1_collision','openarm_right_link1_collision',(#2946));
#2945=PRODUCT_CATEGORY('','');
#2946=PRODUCT_CONTEXT('',#2948,'mechanical');
#2947=APPLICATION_PROTOCOL_DEFINITION('international standard',
'ap242_managed_model_based_3d_engineering',2011,#2948);
#2948=APPLICATION_CONTEXT('managed model based 3d engineering');
ENDSEC;
END-ISO-10303-21;
