# Generated by benchmark/pick_up_apple/mujoco_src/export.py
v -0.023538470268249512 -0.023090949282050133 -0.024909770116209984
v -0.022373959422111511 -0.0335698202252388 0.0031476900912821293
v -0.02794702909886837 -0.022918729111552238 -0.014296770095825195
v -0.0291731096804142 -0.023605180904269218 -0.0086436597630381584
v -0.02557804062962532 -0.02791031077504158 -0.0083635598421096802
v -0.02357012964785099 -0.030249930918216705 -0.0083336103707551956
v -0.022587340325117111 -0.029359700158238411 -0.014064880087971687
v -0.026674039661884308 -0.022221500054001808 -0.019849890843033791
v -0.02312031015753746 -0.025957759469747543 -0.019520899280905724
v -0.02487579919397831 -0.023980090394616127 -0.01959834061563015
v -0.026218729093670845 -0.024902340024709702 -0.014090869575738907
v -0.027334639802575111 -0.025632809847593307 -0.0084400596097111702
v -0.024386050179600716 -0.026970619335770607 -0.013979840092360973
v -0.031984969973564148 -0.021996699273586273 -0.0031809299252927303
v -0.028368879109621048 -0.026301009580492973 -0.0028065498918294907
v -0.030301749706268311 -0.024238480255007744 -0.0029965199064463377
v -0.032721828669309616 -0.022202000021934509 0.0025051299016922712
v -0.030950659886002541 -0.02447034977376461 0.0026457600761204958
v -0.028968429192900658 -0.026573939248919487 0.0027980299200862646
v -0.026371339336037636 -0.028464330360293388 -0.0026657399721443653
v -0.024319659918546677 -0.030860349535942078 -0.0025921699125319719
v -0.02693730965256691 -0.028769539669156075 0.0029304600320756435
v -0.024844760075211525 -0.031164219602942467 0.0030406198929995298
v -0.034207351505756378 -0.01135012973099947 -0.02205394022166729
v -0.035626038908958435 -0.0084566501900553703 -0.022674510255455971
v -0.034516438841819763 -0.0052050701342523098 -0.028630100190639496
v -0.035223200917243958 -0.0018857900286093354 -0.029070500284433365
v -0.036812368780374527 -0.0051977401599287987 -0.023239070549607277
v -0.037543348968029022 -0.0016713100485503674 -0.023630110546946526
v -0.022991230711340904 -0.017726220190525055 -0.034594479948282242
v -0.025295769795775414 -0.014322759583592415 -0.035399220883846283
v -0.02633495070040226 -0.012380540370941162 -0.03586123138666153
v -0.024199139326810837 -0.016094079241156578 -0.03498883917927742
v -0.023832259699702263 -0.011715349741280079 -0.039282761514186859
v -0.022954670712351799 -0.013502839952707291 -0.038902979344129562
v -0.02795838937163353 -0.017607839778065681 -0.025734279304742813
v -0.028596630319952965 -0.012936480343341827 -0.031605351716279984
v -0.032688889652490616 -0.013927070423960686 -0.02144555002450943
v -0.032073561102151871 -0.011001279577612877 -0.027353329584002495
v -0.030690299347043037 -0.013434779830276966 -0.02672887034714222
v -0.029327390715479851 -0.015615619719028473 -0.026189180091023445
v -0.026149360463023186 -0.016887329518795013 -0.030643589794635773
v -0.023441869765520096 -0.020327780395746231 -0.029951630160212517
v -0.024838440120220184 -0.018640460446476936 -0.030254419893026352
v -0.026556849479675293 -0.019475489854812622 -0.025364179164171219
v -0.025093359872698784 -0.021282030269503593 -0.025086730718612671
v -0.027389109134674072 -0.015002390369772911 -0.031088849529623985
v -0.0283803790807724 -0.0078509198501706123 -0.037042781710624695
v -0.029342910274863243 -0.0051890402100980282 -0.037754029035568237
v -0.02998821996152401 -0.0023029400035738945 -0.038304418325424194
v -0.022683069109916687 -0.0072740800678730011 -0.042676690965890884
v -0.02737043984234333 -0.010235670022666454 -0.036410469561815262
v -0.02557029016315937 -0.007581349927932024 -0.040341261774301529
v -0.024703849107027054 -0.0097549399361014366 -0.039751969277858734
v -0.026432409882545471 -0.0051543000154197216 -0.041081279516220093
v -0.027039580047130585 -0.0025123599916696548 -0.041688051074743271
v -0.023436779156327248 -0.0051013901829719543 -0.043413728475570679
v -0.024136299267411232 -0.00016074000450316817 -0.04426807165145874
v -0.023993959650397301 -0.0027211299166083336 -0.044049579650163651
v -0.033381000161170959 -0.0082723097875714302 -0.028005940839648247
v -0.030974879860877991 -0.0080758202821016312 -0.032863188534975052
v -0.029810789972543716 -0.010640460066497326 -0.032208211719989777
v -0.03203209862112999 -0.0052040601149201393 -0.033536020666360855
v -0.032710451632738113 -0.0020951998885720968 -0.034030251204967499
v -0.034481368958950043 -0.017263680696487427 -0.009614359587430954
v -0.034535970538854599 -0.014373489655554295 -0.015849880874156952
v -0.036168448626995087 -0.011663570068776608 -0.016409039497375488
v -0.037913139909505844 -0.01191817969083786 -0.01051762979477644
v -0.036175038665533066 -0.014734210446476936 -0.010036329738795757
v -0.039384569972753525 -0.012101699598133564 -0.0045048301108181477
v -0.040386870503425598 -0.012127799913287163 0.0015291400486603379
v -0.03379087895154953 -0.019800800830125809 -0.0034379300195723772
v -0.035743001848459244 -0.017579559236764908 -0.0037724599242210388
v -0.036660909652709961 -0.017721619457006454 0.0020622799638658762
v -0.03462677076458931 -0.019981389865279198 0.0023124499712139368
v -0.037523578852415085 -0.014975870028138161 -0.0041128098964691162
v -0.038499049842357635 -0.015065150335431099 0.0018127900548279285
v -0.039570178836584091 -0.008771839551627636 -0.011011290363967419
v -0.039676520973443985 -0.0014675699640065432 -0.017811030149459839
v -0.040877368301153183 -0.0051905000582337379 -0.011434719897806644
v -0.041679199784994125 -0.0012966400245204568 -0.011727980338037014
v -0.037682268768548965 -0.0086198197677731514 -0.016971439123153687
v -0.038917180150747299 -0.0051863901317119598 -0.01746813952922821
v -0.041062921285629272 -0.0088391499593853951 -0.004891000222414732
v -0.042080119252204895 -0.0087993601337075233 0.0012541300384327769
v -0.042434420436620712 -0.0051457202062010765 -0.0052328500896692276
v -0.043271418660879135 -0.0011230199597775936 -0.0054688300006091595
v -0.043428279459476471 -0.0050180801190435886 0.0010189299937337637
v -0.044096790254116058 -0.00092239998048171401 0.00086688000010326505
v -0.032945118844509125 -0.016805460676550865 -0.015362899750471115
v -0.031364690512418747 -0.019022079184651375 -0.014950470067560673
v -0.028224660083651543 -0.020316040143370628 -0.020119080320000648
v -0.029723990708589554 -0.018344029784202576 -0.020473979413509369
v -0.032624941319227219 -0.019421549513936043 -0.0092074302956461906
v -0.030920939520001411 -0.021562680602073669 -0.0089037101715803146
v -0.029763510450720787 -0.021086029708385468 -0.01461500022560358
v -0.031203240156173706 -0.016236359253525734 -0.020917510613799095
v -0.01258436031639576 -0.03347574919462204 -0.026343600824475288
v -0.017000259831547737 -0.024219529703259468 -0.034335561096668243
v -0.013037350028753281 -0.028121110051870346 -0.03557119145989418
v -0.012206880375742912 -0.022675139829516411 -0.041733909398317337
v -0.015124780125916004 -0.02609390951693058 -0.034830369055271149
v -0.015432300046086311 -0.022725209593772888 -0.038101639598608017
v -0.011754419654607773 -0.026295840740203857 -0.039468571543693542
v -0.013692149892449379 -0.024463120847940445 -0.038672879338264465
v -0.017718689516186714 -0.028905009850859642 -0.025241250172257423
v -0.021945210173726082 -0.022015279158949852 -0.029765499755740166
v -0.020315630361437798 -0.023757569491863251 -0.029742749407887459
v -0.01836014911532402 -0.025465020909905434 -0.029844649136066437
v -0.018697150051593781 -0.02247948944568634 -0.034087248146533966
v -0.021686000749468803 -0.024808969348669052 -0.024792620912194252
v -0.01981768012046814 -0.026784280315041542 -0.024920670315623283
v -0.016361210495233536 -0.027462780475616455 -0.030256109312176704
v -0.014121630229055882 -0.029643209651112556 -0.030903829261660576
v -0.011676530353724957 -0.031926870346069336 -0.031662959605455399
v -0.015341149643063545 -0.031205320730805397 -0.025771439075469971
v -0.00087852001888677478 -0.032899908721446991 -0.0365491583943367
v -0.0085763595998287201 -0.033801820129156113 -0.032159611582756042
v -0.0093286400660872459 -0.035529389977455139 -0.026789790019392967
v -0.0056184502318501472 -0.037005331367254257 -0.02696722000837326
v -0.0050631100311875343 -0.035085760056972504 -0.0323304682970047
v -0.0012379599502310157 -0.035241089761257172 -0.031934771686792374
v -0.0016173099866136909 -0.03752661868929863 -0.026710169389843941
v -0.010607990436255932 -0.03006196953356266 -0.03631184995174408
v -0.0095030004158616066 -0.027994230389595032 -0.040219370275735855
v -0.0077067199163138866 -0.031677260994911194 -0.036806218326091766
v -0.0068219201639294624 -0.029329139739274979 -0.040655981749296188
v -0.009030110202729702 -0.02210514061152935 -0.044720489531755447
v -0.010422499850392342 -0.024295790120959282 -0.04255865141749382
v -0.0083609996363520622 -0.02574579045176506 -0.043284021317958832
v -0.0059271100908517838 -0.026825880631804466 -0.043635189533233643
v -0.0071813999675214291 -0.023338759317994118 -0.045404281467199326
v -0.0032150200568139553 -0.027424950152635574 -0.043581381440162659
v -0.00031894000130705535 -0.027431940659880638 -0.0430917888879776
v -0.0038139598909765482 -0.030120439827442169 -0.040694970637559891
v -0.0044310600496828556 -0.032709188759326935 -0.036927558481693268
v -0.00058192998403683305 -0.030187970027327538 -0.040252931416034698
v -0.0050274301320314407 -0.024235859513282776 -0.045670140534639359
v -0.0026374401059001684 -0.024728160351514816 -0.045535460114479065
v -8.0600002547726035e-05 -0.024747379124164581 -0.045017648488283157
v -0.0020814801100641489 -0.02201060950756073 -0.046677131205797195
v -0.017776889726519585 -0.034291420131921768 -0.014464669860899448
v -0.018698560073971748 -0.035438030958175659 -0.0085250800475478172
v -0.011827119626104832 -0.040293511003255844 -0.0087423697113990784
v -0.014712629839777946 -0.036768309772014618 -0.014746489934623241
v -0.013611899688839912 -0.035113591700792313 -0.020647309720516205
v -0.01557025033980608 -0.038022391498088837 -0.0086650997400283813
v -0.022052299231290817 -0.033452350646257401 -0.0025690800976008177
v -0.019407719373703003 -0.036203589290380478 -0.0025797500275075436
v -0.019698120653629303 -0.036292020231485367 0.0032655401155352592
v -0.016253739595413208 -0.038869339972734451 -0.0025760799180716276
v -0.012458190321922302 -0.04120485857129097 -0.0025100400671362877
v -0.016697289422154427 -0.039129950106143951 0.0034218200016766787
v -0.012924900278449059 -0.041553571820259094 0.0036477399989962578
v -0.021200139075517654 -0.028069710358977318 -0.019590359181165695
v -0.01903190091252327 -0.030325109139084816 -0.01982077956199646
v -0.020370230078697205 -0.031755808740854263 -0.014206079766154289
v -0.021326899528503418 -0.032770529389381409 -0.0083915200084447861
v -0.016532579436898232 -0.032738648355007172 -0.020215120166540146
v -0.01108276005834341 -0.038988258689641953 -0.014957389794290066
v -0.006258110050112009 -0.038833100348711014 -0.021120220422744751
v -0.0069701299071311951 -0.040594868361949921 -0.015005730092525482
v -0.0075739598833024502 -0.04190966859459877 -0.0086941802874207497
v -0.010172460228204727 -0.037264928221702576 -0.020990049466490746
v -0.0024576399009674788 -0.041231751441955566 -0.014799879863858223
v -0.0020142600405961275 -0.039649419486522675 -0.020988179370760918
v -0.002915459917858243 -0.042529091238975525 -0.0084578096866607666
v -0.008129579946398735 -0.042853031307458878 -0.0023493301123380661
v -0.0086126998066902161 -0.043297041207551956 0.0039379000663757324
v -0.0033848399762064219 -0.043225560337305069 -0.0020454199984669685
v -0.0038367800880223513 -0.043698489665985107 0.0042954799719154835
v -0.021673820912837982 -0.019289739429950714 -0.034274168312549591
v -0.02093701995909214 -0.016648009419441223 -0.038189060986042023
v -0.019743429496884346 -0.018098939210176468 -0.037883970886468887
v -0.018436789512634277 -0.019563430920243263 -0.037726409733295441
v -0.017004089429974556 -0.021089520305395126 -0.037778321653604507
v -0.017726289108395576 -0.016751280054450035 -0.040660500526428223
v -0.019702170044183731 -0.014040219597518444 -0.041247610002756119
v -0.021227480843663216 -0.010959469713270664 -0.041785839945077896
v -0.020498419180512428 -0.012562179937958717 -0.04150841012597084
v -0.018776889890432358 -0.015413899905979633 -0.040928691625595093
v -0.017395999282598495 -0.012811910361051559 -0.042960409075021744
v -0.018059620633721352 -0.011520300060510635 -0.043123781681060791
v -0.022009970620274544 -0.015139649622142315 -0.038556959480047226
v -0.01464490033686161 -0.016506610438227654 -0.042427409440279007
v -0.013809340074658394 -0.02108314074575901 -0.04108462855219841
v -0.01212427020072937 -0.019250160083174706 -0.043140839785337448
v -0.01345346961170435 -0.017837729305028915 -0.042619038373231888
v -0.015251260250806808 -0.019553620368242264 -0.040670681744813919
v -0.016553979367017746 -0.018120430409908295 -0.040551900863647461
v -0.015697920694947243 -0.015242709778249264 -0.042483258992433548
v -0.016611859202384949 -0.014031919650733471 -0.042703919112682343
v -0.014538819901645184 -0.012611229903995991 -0.043632868677377701
v -0.015199840068817139 -0.011544659733772278 -0.043822590261697769
v -0.013743880204856396 -0.013695670291781425 -0.043469648808240891
v -0.012787880375981331 -0.01485069002956152 -0.043479740619659424
v -0.011684860102832317 -0.016068419441580772 -0.043758310377597809
v -0.012654650025069714 -0.011260939761996269 -0.043833661824464798
v -0.011949740350246429 -0.012232610024511814 -0.043737079948186874
v -0.020248720422387123 -0.020855190232396126 -0.034085951745510101
v -0.021951170638203621 -0.0092117702588438988 -0.042154669761657715
v -0.019857179373502731 -0.0069360998459160328 -0.043967168778181076
v -0.018659479916095734 -0.010131440125405788 -0.043286368250846863
v -0.01925249956548214 -0.0086196800693869591 -0.04354051873087883
v -0.016732389107346535 -0.0079973498359322548 -0.044082190841436386
v -0.01721859909594059 -0.0065641799010336399 -0.044403340667486191
v -0.020980820059776306 -0.0029268700163811445 -0.045257419347763062
v -0.020492170006036758 -0.0050318501889705658 -0.044647298753261566
v -0.021146519109606743 -0.00064114999258890748 -0.045474059879779816
v -0.017722479999065399 -0.0049187201075255871 -0.045004989951848984
v -0.018119219690561295 -0.0030778800137341022 -0.045571491122245789
v -0.018283959478139877 -0.0010585499694570899 -0.045787181705236435
v -0.015754120424389839 -0.010443230159580708 -0.043892018496990204
v -0.016249140724539757 -0.009272339753806591 -0.043944209814071655
v -0.014117239974439144 -0.0084231998771429062 -0.043919209390878677
v -0.014893259853124619 -0.0061550801619887352 -0.044175811111927032
v -0.014515439979732037 -0.0073635098524391651 -0.043952379375696182
v -0.013221999630331993 -0.010328389704227448 -0.043961361050605774
v -0.013697800226509571 -0.0093969795852899551 -0.04395604133605957
v -0.011929970234632492 -0.0084438500925898552 -0.043504081666469574
v -0.011502129957079887 -0.0092365304008126259 -0.043565329164266586
v -0.012650669552385807 -0.0067526400089263916 -0.043346218764781952
v -0.012945470400154591 -0.0057333000004291534 -0.04348326101899147
v -0.012304959818720818 -0.0076323999091982841 -0.043400481343269348
v -0.01118715014308691 -0.0061992299742996693 -0.042458828538656235
v -0.015528170391917229 -0.0031224300619214773 -0.045251708477735519
v -0.015251600183546543 -0.004735069815069437 -0.044709768146276474
v -0.015660729259252548 -0.0013361299643293023 -0.045499090105295181
v -0.013317059725522995 -0.0030843100976198912 -0.044470719993114471
v -0.013167710043489933 -0.0045031099580228329 -0.04395357146859169
v -0.011439439840614796 -0.0053233499638736248 -0.042524341493844986
v -0.011559019796550274 -0.0042450698092579842 -0.042928308248519897
v -0.011595199815928936 -0.0029872499871999025 -0.043401200324296951
v -0.0133931003510952 -0.0014991300413385034 -0.044748339802026749
v -0.011597289703786373 -0.0015727500431239605 -0.043673448264598846
v -0.011583279818296432 -9.526999929221347e-05 -0.04357587918639183
v -0.01065170019865036 -0.020690459758043289 -0.043879188597202301
v -0.010448849759995937 -0.017340969294309616 -0.044400539249181747
v -0.0090940101072192192 -0.018607469275593758 -0.045227229595184326
v -0.0076345098204910755 -0.019807050004601479 -0.04605913907289505
v -0.0060057700611650944 -0.020833930000662804 -0.046678550541400909
v -0.0076011898927390575 -0.016524599865078926 -0.0458965003490448
v -0.0062929801642894745 -0.017484670504927635 -0.046679649502038956
v -0.010019539855420589 -0.014372269622981548 -0.04422340914607048
v -0.0088547896593809128 -0.015470230020582676 -0.044994048774242401
v -0.0085076503455638885 -0.012814129702746868 -0.044147118926048279
v -0.0110612902790308 -0.013281400315463543 -0.043835699558258057
v -0.010354509577155113 -0.010931549593806267 -0.043463218957185745
v -0.0095091499388217926 -0.011868690140545368 -0.043655090034008026
v -0.0073958500288426876 -0.013710619881749153 -0.045018360018730164
v -0.0062273000366985798 -0.014531469903886318 -0.045960649847984314
v -0.0061258398927748203 -0.012134790420532227 -0.044570509344339371
v -0.0071992799639701843 -0.011458859778940678 -0.043662238866090775
v -0.0041432501748204231 -0.021582279354333878 -0.046867750585079193
v -0.0048756701871752739 -0.018292039632797241 -0.047205220907926559
v -0.0032948299776762724 -0.018888289108872414 -0.047334939241409302
v -0.0015473299426957965 -0.01925286091864109 -0.047126289457082748
v -0.0010378500446677208 -0.016606379300355911 -0.046941190958023071
v -0.005055529996752739 -0.015250000171363354 -0.046665828675031662
v -0.003830319968983531 -0.015846399590373039 -0.047081239521503448
v -0.005026400089263916 -0.012717749923467636 -0.045493308454751968
v -0.0039721601642668247 -0.0132150799036026 -0.04610149934887886
v -0.0029089399613440037 -0.013630320318043232 -0.046403549611568451
v -0.0040399800054728985 -0.011140510439872742 -0.044644739478826523
v -0.0030818399973213673 -0.011457719840109348 -0.045143209397792816
v -0.0025015100836753845 -0.016300860792398453 -0.047154180705547333
v -0.0017826299881562591 -0.013967010192573071 -0.046407908201217651
v -0.00055583997163921595 -0.014222670346498489 -0.046180080622434616
v -0.0021480000577867031 -0.011736390180885792 -0.045335199683904648
v -0.0011800599750131369 -0.011989150196313858 -0.045270081609487534
v -0.00014304999785963446 -0.012211319990456104 -0.045025870203971863
v -0.010997920297086239 -0.010059960186481476 -0.043492499738931656
v -0.010079870000481606 -0.0083425100892782211 -0.042823098599910736
v -0.0089972801506519318 -0.0098705003038048744 -0.042825788259506226
v -0.0096071995794773102 -0.0090872198343276978 -0.042795591056346893
v -0.0084544103592634201 -0.008302910253405571 -0.041915718466043472
v -0.010489859618246555 -0.0076461201533675194 -0.042724378407001495
v -0.010853500105440617 -0.0069482899270951748 -0.042577069252729416
v -0.010031480342149734 -0.0056969299912452698 -0.041439678519964218
v -0.0093265799805521965 -0.0069895898923277855 -0.041760321706533432
v -0.0089181400835514069 -0.0076217497698962688 -0.04188947007060051
v -0.0096931904554367065 -0.0063625997863709927 -0.041589848697185516
v -0.0081755397841334343 -0.010682569816708565 -0.043097671121358871
v -0.0070629999972879887 -0.0096933301538228989 -0.042324300855398178
v -0.0078608496114611626 -0.0090033402666449547 -0.042005270719528198
v -0.0061174598522484303 -0.010305410251021385 -0.042907699942588806
v -0.0069280997850000858 -0.0082839597016572952 -0.041182141751050949
v -0.0061741298995912075 -0.008871300145983696 -0.041495800018310547
v -0.0079798502847552299 -0.0070496802218258381 -0.040919218212366104
v -0.0075114001519978046 -0.0076672001741826534 -0.041025731712579727
v -0.0083892401307821274 -0.0064600398764014244 -0.040755249559879303
v -0.008754420094192028 -0.0058670300059020519 -0.040579639375209808
v -0.0071842200122773647 -0.0065476098097860813 -0.039930921047925949
v -0.0075964899733662605 -0.0059770401567220688 -0.039726801216602325
v -0.006709469947963953 -0.007118619978427887 -0.040117599070072174
v -0.0061388202011585236 -0.0076693701557815075 -0.040330581367015839
v -0.0059798602014780045 -0.0065956502221524715 -0.039183318614959717
v -0.0064504598267376423 -0.0060368501581251621 -0.038943149149417877
v -0.0057405401021242142 -0.0055088899098336697 -0.038028068840503693
v -0.010265390388667583 -0.0049207201227545738 -0.041460860520601273
v -0.010318920016288757 -0.0039621097967028618 -0.041804470121860504
v -0.010272360406816006 -0.0028401499148458242 -0.042220950126647949
v -0.010206069797277451 -0.001573899993672967 -0.042460720986127853
v -0.010176310315728188 -0.00024356000358238816 -0.042356550693511963
v -0.0092583103105425835 -0.0026518900413066149 -0.041107811033725739
v -0.0091521795839071274 -0.0015194399747997522 -0.041296429932117462
v -0.0091034499928355217 -0.00032413000008091331 -0.041165009140968323
v -0.0090902596712112427 -0.0052393898367881775 -0.040438219904899597
v -0.009313490241765976 -0.0045209098607301712 -0.040454629808664322
v -0.0093407901003956795 -0.0036553998943418264 -0.040752511471509933
v -0.0084929298609495163 -0.0040872599929571152 -0.039462119340896606
v -0.0085090603679418564 -0.0033054898958653212 -0.039733540266752243
v -0.0084144901484251022 -0.0024185699876397848 -0.040039878338575363
v -0.0079587502405047417 -0.0053904401138424873 -0.039545830339193344
v -0.0082835303619503975 -0.0047713802196085453 -0.039428569376468658
v -0.0072277798317372799 -0.0048617101274430752 -0.038487788289785385
v -0.0075313001871109009 -0.0042376802302896976 -0.038384821265935898
v -0.0077129299752414227 -0.0035830799024552107 -0.038439769297838211
v -0.0077081001363694668 -0.0028929100371897221 -0.038708668202161789
v -0.0068669700995087624 -0.0054601500742137432 -0.038692601025104523
v -0.0064868400804698467 -0.0043034800328314304 -0.037580471485853195
v -0.006143609993159771 -0.0049187801778316498 -0.037771210074424744
v -0.0069027701392769814 -0.0030589399393647909 -0.037572819739580154
v -0.0067550200037658215 -0.0036780599039047956 -0.037501320242881775
v -0.0056612701155245304 -0.0037383900489658117 -0.036998860538005829
v -0.005876149982213974 -0.0031322699505835772 -0.036972418427467346
v -0.0082917995750904083 -0.0014190500369295478 -0.040178138762712479
v -0.0076023098081350327 -0.0021363201085478067 -0.03899528831243515
v -0.0082263601943850517 -0.00035685999318957329 -0.040018800646066666
v -0.0074811200611293316 -0.0012824400328099728 -0.039103418588638306
v -0.0074067399837076664 -0.00036157999420538545 -0.038935430347919464
v -0.006884740199893713 -0.0024625600781291723 -0.037834011018276215
v -0.0067812600173056126 -0.0018330300226807594 -0.03809589147567749
v -0.0066726598888635635 -0.0011144899763166904 -0.038169428706169128
v -0.0065894997678697109 -0.00032481999369338155 -0.038004901260137558
v -0.005991749931126833 -0.002565430011600256 -0.03704649955034256
v -0.0059858202002942562 -0.0020593099761754274 -0.037265710532665253
v -0.0059107700362801552 -0.001536609954200685 -0.03746350109577179
v -0.005818959791213274 -0.00092005997430533171 -0.037473350763320923
v -0.0057195802219212055 -0.00023306999355554581 -0.037317220121622086
v -0.0050808200612664223 -0.0107720997184515 -0.043790381401777267
v -0.0042968299239873886 -0.0096519095823168755 -0.042817868292331696
v -0.005285169929265976 -0.0093527697026729584 -0.042022459208965302
v -0.0046215401962399483 -0.0085620200261473656 -0.041053708642721176
v -0.0033094999380409718 -0.0098568703979253769 -0.043565180152654648
v -0.0036987399216741323 -0.0087317498400807381 -0.04173785075545311
v -0.0024235600139945745 -0.010055770166218281 -0.043947521597146988
v -0.0015839600237086415 -0.010257190093398094 -0.04403923824429512
v -0.0019468299578875303 -0.0089394804090261459 -0.042642220854759216
v -0.0027729899156838655 -0.0088152699172496796 -0.042367029935121536
v -0.00073567999061197042 -0.010469700209796429 -0.043914660811424255
v -0.0011747600510716438 -0.009102880023419857 -0.042650241404771805
v -0.00041125999996438622 -0.009304010309278965 -0.042477890849113464
v -0.0001685699971858412 -0.0083874296396970749 -0.04109606146812439
v -0.0023684399202466011 -0.0079641798511147499 -0.041162699460983276
v -0.0016012099804356694 -0.0080390898510813713 -0.041355110704898834
v -0.00087834999430924654 -0.0081835901364684105 -0.04130278155207634
v -0.0054388800635933876 -0.0081791998818516731 -0.040613621473312378
v -0.0054328800179064274 -0.007116599939763546 -0.039424780756235123
v -0.0047871898859739304 -0.0075797699391841888 -0.039679210633039474
v -0.0042011002078652382 -0.0069970898330211639 -0.038798581808805466
v -0.0052928300574421883 -0.0060587399639189243 -0.038305599242448807
v -0.004784880205988884 -0.0065581798553466797 -0.038572780787944794
v -0.0046185902319848537 -0.0054683098569512367 -0.037567149847745895
v -0.0040457099676132202 -0.0078942496329545975 -0.040048651397228241
v -0.0032113699708133936 -0.0079691503196954727 -0.040635179728269577
v -0.0028196799103170633 -0.0073100398294627666 -0.039597030729055405
v -0.0035448900889605284 -0.007279649842530489 -0.039100740104913712
v -0.0036626600194722414 -0.0063552698120474815 -0.038077760487794876
v -0.0041694599203765392 -0.0059266397729516029 -0.037882629781961441
v -0.0031063200440257788 -0.0066484399139881134 -0.038303449749946594
v -0.003168429946526885 -0.005674390122294426 -0.037553638219833374
v -0.0020779899787157774 -0.007259489968419075 -0.040041740983724594
v -0.0025086300447583199 -0.0067003699950873852 -0.038710571825504303
v -0.0027155699208378792 -0.005986969918012619 -0.03770022839307785
v -0.0022478399332612753 -0.0060887699946761131 -0.038008458912372589
v -0.0018838100368157029 -0.0066570499911904335 -0.039093680679798126
v -0.0017436300404369831 -0.0060834800824522972 -0.038325879722833633
v -0.0016152199823409319 -0.005465370137244463 -0.037745669484138489
v -0.0013723799493163824 -0.0072992299683392048 -0.040189150720834732
v -8.0600002547726035e-06 -0.0076342402026057243 -0.039896350353956223
v -0.00068752001971006393 -0.0074254302307963371 -0.040115341544151306
v -0.0012461099540814757 -0.0066645201295614243 -0.039247319102287292
v -0.0005950499908067286 -0.0067544798366725445 -0.039206419140100479
v -0.001181339961476624 -0.0060747899115085602 -0.038500040769577026
v -0.0011370700085535645 -0.0054698898456990719 -0.037917759269475937
v -0.00057194998953491449 -0.0061305100098252296 -0.038511671125888824
v -0.00058925000485032797 -0.0055132401175796986 -0.037966690957546234
v -0.0050164200365543365 -0.0049552298150956631 -0.037257831543684006
v -0.0053693400695919991 -0.0043623200617730618 -0.037081200629472733
v -0.0042829401791095734 -0.0043609500862658024 -0.036735828965902328
v -0.0045707998797297478 -0.0037835598923265934 -0.036661531776189804
v -0.0048043699935078621 -0.0031759100966155529 -0.036698691546916962
v -0.003957740031182766 -0.0048346198163926601 -0.037051498889923096
v -0.0035884799435734749 -0.0052554598078131676 -0.037395220249891281
v -0.0033108300995081663 -0.0041678701527416706 -0.036842219531536102
v -0.0030437901150435209 -0.0045781400986015797 -0.037151448428630829
v -0.003544860053807497 -0.0037111099809408188 -0.036565441638231277
v -0.0037746001034975052 -0.0031753000803291798 -0.03655117005109787
v -0.0028563300147652626 -0.0030960598960518837 -0.036607019603252411
v -0.0049666999839246273 -0.0026114999782294035 -0.03671737015247345
v -0.0050552999600768089 -0.0021062900777906179 -0.03677799180150032
v -0.0050676502287387848 -0.0016762700397521257 -0.036940950900316238
v -0.005024429876357317 -0.0012372200144454837 -0.037071440368890762
v -0.0049463198520243168 -0.00070494000101462007 -0.037034671753644943
v -0.0041864998638629913 -0.0013065499952062964 -0.036796931177377701
v -0.0048323799856007099 -0.00011388999701011926 -0.036897681653499603
v -0.003969420213252306 -0.0026255201082676649 -0.036635730415582657
v -0.0040986901149153709 -0.0021268900018185377 -0.036655448377132416
v -0.0041688801720738411 -0.0016852599801495671 -0.036684468388557434
v -0.0032079999800771475 -0.0021240198984742165 -0.036710698157548904
v -0.0030406001023948193 -0.0026082000695168972 -0.036619458347558975
v -0.003314679954200983 -0.0016888800309970975 -0.036726690828800201
v -0.0041558099910616875 -0.00092500000027939677 -0.036893021315336227
v -0.0040810601785778999 -0.0004749000072479248 -0.036872901022434235
v -0.0033742000814527273 -0.0013015399454161525 -0.036738619208335876
v -0.0034000799059867859 -0.00096070999279618263 -0.036817710846662521
v -0.0033812099136412144 -0.00062798999715596437 -0.036898870021104813
v -0.0033064601011574268 -0.00026492998586036265 -0.036917060613632202
v -0.0020069200545549393 -0.0054239099845290184 -0.037523359060287476
v -0.0010805400088429451 -0.0048636198043823242 -0.037551328539848328
v -0.00061404000734910369 -0.0048980698920786381 -0.037619199603796005
v -0.00060758000472560525 -0.0036471800412982702 -0.037585038691759109
v -0.00021906000620219857 -0.0037737099919468164 -0.037566781044006348
v -0.00014516999362967908 -0.0028109198901802301 -0.03834867849946022
v -0.0006861099973320961 -0.0032693699467927217 -0.037590108811855316
v -0.0004713500093203038 -0.0032379201147705317 -0.037803061306476593
v -0.00039595999987795949 -0.0029466599225997925 -0.038049370050430298
v -0.00051533000078052282 -0.0028204598929733038 -0.037971299141645432
v -0.00059081002837046981 -0.0030584500636905432 -0.037761550396680832
v -0.00066302000777795911 -0.0030297199264168739 -0.037545990198850632
v -0.00060188997304067016 -0.002875050064176321 -0.037689749151468277
v -0.00053267000475898385 -0.0027627600356936455 -0.037602540105581284
v -0.00021548000222537667 -0.0033384501002728939 -0.037799429148435593
v -0.00018182999338023365 -0.0030265699606388807 -0.03807980939745903
v -0.00033695000456646085 -0.0027400199323892593 -0.038295671343803406
v -0.0027150199748575687 -0.0049745198339223862 -0.037263080477714539
v -0.0023581800051033497 -0.0052815801464021206 -0.037334568798542023
v -0.0022728201001882553 -0.0043041398748755455 -0.037160050123929977
v -0.001464789966121316 -0.0048409202136099339 -0.037400901317596436
v -0.002001370070502162 -0.0045855101197957993 -0.037186089903116226
v -0.0017518800450488925 -0.0047563300468027592 -0.037272758781909943
v -0.0014487500302493572 -0.0041366200894117355 -0.037274189293384552
v -0.0025205900892615318 -0.0039453301578760147 -0.037079039961099625
v -0.0026990498881787062 -0.0035421999637037516 -0.036827448755502701
v -0.0021435900125652552 -0.0030317599885165691 -0.036895360797643661
v -0.0018122099572792649 -0.0037117099855095148 -0.037198480218648911
v -0.001612309948541224 -0.0039519798010587692 -0.037234410643577576
v -0.0020040899980813265 -0.0034076799638569355 -0.037105690687894821
v -0.001521070022135973 -0.0029508499428629875 -0.037198659032583237
v -0.0012586100492626429 -0.0042483401484787464 -0.037339411675930023
v -0.00097902002744376659 -0.0042698001489043236 -0.037451650947332382
v -8.0199999501928687e-05 -0.0050178999081254005 -0.037499628961086273
v -0.0006134699797257781 -0.0042803902179002762 -0.037516888231039047
v -0.00016551000589970499 -0.0043594599701464176 -0.037441108375787735
v -0.0011592600494623184 -0.0036252299323678017 -0.037365250289440155
v -0.0010536699555814266 -0.0037422399036586285 -0.037395518273115158
v -0.00087375997100025415 -0.0037521200720220804 -0.037473469972610474
v -0.0013666399754583836 -0.0032040800433605909 -0.037310328334569931
v -0.0011744699440896511 -0.0033541601151227951 -0.037378229200839996
v -0.00090694997925311327 -0.0033772899769246578 -0.037403568625450134
v -0.00094517000252380967 -0.0032825900707393885 -0.037383578717708588
v -0.00088140001753345132 -0.0031038399320095778 -0.037401430308818817
v -0.0008060400141403079 -0.0033742599189281464 -0.037471599876880646
v -0.0007314900285564363 -0.0031125401146709919 -0.037436891347169876
v -0.00078016001498326659 -0.0031199199147522449 -0.037368178367614746
v -0.00096953002503141761 -0.0027880799025297165 -0.037427559494972229
v -0.00078184000449255109 -0.0030482900328934193 -0.037345580756664276
v -0.00071271997876465321 -0.0029132899362593889 -0.037356879562139511
v -0.00082810997264459729 -0.0028970800340175629 -0.037466149777173996
v -0.0006057100254110992 -0.0029432200826704502 -0.037360221147537231
v -0.00063501001568511128 -0.0029365899972617626 -0.037294019013643265
v -0.0006763199926353991 -0.002854709979146719 -0.037446931004524231
v -0.00056790001690387726 -0.0028844201005995274 -0.037463869899511337
v -0.00064465997274965048 -0.0028619701042771339 -0.037267688661813736
v -0.00060357997426763177 -0.0027406900189816952 -0.037276308983564377
v -0.00040337000973522663 -0.002807860029861331 -0.037352729588747025
v -0.00045039999531581998 -0.0028092099819332361 -0.037176519632339478
v -0.00041989999590441585 -0.0028401899617165327 -0.037243660539388657
v -0.00017203000606968999 -0.0027744700200855732 -0.03722153976559639
v -0.00016523999511264265 -0.0027773301117122173 -0.037089280784130096
v -0.00037861999589949846 -0.0025093499571084976 -0.038465820252895355
v -0.00042363000102341175 -0.0024080199655145407 -0.038369428366422653
v -0.00025551000726409256 -0.0024547399953007698 -0.038758300244808197
v -0.0001461100036976859 -0.0025605799164623022 -0.038843549787998199
v -9.5980001788120717e-05 -0.0024692199658602476 -0.039063598960638046
v -0.00026381999487057328 -0.0026130001060664654 -0.038555778563022614
v -8.535999950254336e-05 -0.0026849301066249609 -0.038623489439487457
v -0.00014196000120136887 -0.0023690098896622658 -0.038986489176750183
v -0.00012916000559926033 -0.0023034699261188507 -0.038914229720830917
v -7.2280003223568201e-05 -0.0022648700978606939 -0.038858108222484589
v -0.00030322998645715415 -0.0023545599542558193 -0.038672510534524918
v -0.00028206000570207834 -0.0022900700569152832 -0.038592718541622162
v -0.00021195999579504132 -0.0022524099331349134 -0.038528561592102051
v -0.00011290000111330301 -0.0022327098995447159 -0.038489628583192825
v -0.0004549100121948868 -0.0026343399658799171 -0.038204770535230637
v -0.00049603002844378352 -0.0025292800273746252 -0.038101378828287125
v -0.00045731000136584044 -0.0024602599442005157 -0.038010921329259872
v -0.00035884999670088291 -0.0024217800237238407 -0.037933189421892166
v -0.00054669997189193964 -0.0026933099143207073 -0.037873201072216034
v -0.00057560001732781529 -0.0024480400606989861 -0.037537958472967148
v -0.00049687002319842577 -0.0026106000877916813 -0.037782721221446991
v -0.00046778999967500567 -0.0025708801113069057 -0.037550810724496841
v -0.00038092999602667987 -0.0025663499254733324 -0.037697300314903259
v -0.00039277999894693494 -0.0023429999127984047 -0.038282468914985657
v -0.00022074999287724495 -0.0024083498865365982 -0.037868048995733261
v -0.00021399999968707561 -0.0025546299293637276 -0.037614431232213974
v -3.7840000004507601e-05 -0.0024021898861974478 -0.037804529070854187
v -0.000308599992422387 -0.0023058699443936348 -0.038210600614547729
v -0.00019361000158824027 -0.0022881899494677782 -0.038159489631652832
v -3.8720001612091437e-05 -0.0022746999748051167 -0.038116000592708588
v -6.0149999626446515e-05 -0.0022966701071709394 -0.037627730518579483
v -0.00013955999747850001 -0.0021682700607925653 -0.037629298865795135
v -0.00023542999406345189 -0.0019526600372046232 -0.03757014125585556
v -0.0010732399532571435 -0.00019334000535309315 -0.037579849362373352
v -0.0010986999841406941 -5.3349998779594898e-05 -0.037537388503551483
v -0.00099005002994090319 -0.00039724999805912375 -0.037539880722761154
v -0.00077123002847656608 -4.7270001232391223e-05 -0.037737138569355011
v -0.00086093001300469041 -0.00013052999565843493 -0.037539061158895493
v -0.00083530001575127244 -1.1359999916749075e-05 -0.037604540586471558
v -0.00028278000536374748 -0.00070794997736811638 -0.037523899227380753
v -0.00048960000276565552 -0.00043151999125257134 -0.037622269243001938
v -0.00065577001078054309 -0.00021312000171747059 -0.037702091038227081
v -0.00046472001122310758 -0.00027777001378126442 -0.037558749318122864
v -0.00045289000263437629 -0.0001951000012923032 -0.037624400109052658
v -0.00040863000322133303 -8.9560002379585057e-05 -0.037687931209802628
v -2.8979999115108512e-05 -0.00037180999061092734 -0.037555981427431107
v -0.00033802000689320266 -3.5870001738658175e-05 -0.037856388837099075
v -0.00019914000586140901 -0.00011053000343963504 -0.037521261721849442
v -0.0001553799957036972 -0.00022308000188786536 -0.037780899554491043
v -3.2100000680657104e-05 -0.00032510000164620578 -0.037606529891490936
v -6.8499998633342329e-06 -0.0002510799968149513 -0.037662088871002197
v -0.0022714999504387379 -0.0026061099488288164 -0.036720901727676392
v -0.0024286299012601376 -0.0021529099904000759 -0.036735739558935165
v -0.0025716701056808233 -0.0017081700498238206 -0.03682434931397438
v -0.0017702799523249269 -0.0022110398858785629 -0.036870371550321579
v -0.0016470999689772725 -0.0026092100888490677 -0.037014398723840714
v -0.0019161399686709046 -0.0017882599495351315 -0.03687937930226326
v -0.0020458099897950888 -0.001372960046865046 -0.036964081227779388
v -0.0014805600512772799 -0.0014930999604985118 -0.037029698491096497
v -0.0026572900824248791 -0.0013079099589958787 -0.036871150135993958
v -0.0027129501104354858 -0.00095426000189036131 -0.03691314160823822
v -0.0021204000804573298 -0.00099723995663225651 -0.037047129124403
v -0.0027660899795591831 -0.0006493499968200922 -0.036987308412790298
v -0.0027769498992711306 -0.00037424999754875898 -0.037059661000967026
v -0.0027058001141995192 -0.00011003999679815024 -0.037096191197633743
v -0.0022863300982862711 -0.00040086999069899321 -0.037162069231271744
v -0.0021194200962781906 -0.00061167997773736715 -0.037134461104869843
v -0.0023207999765872955 -0.00019929000700358301 -0.037222869694232941
v -0.0022552800364792347 -3.5220000427216291e-05 -0.03725958988070488
v -0.0016157700447365642 -0.0011133899679407477 -0.037117328494787216
v -0.0016979100182652473 -0.00077014998532831669 -0.037212971597909927
v -0.0019626200664788485 -0.00024369999300688505 -0.037198320031166077
v -0.0019905399531126022 -0.0001386399962939322 -0.037236031144857407
v -0.0019311299547553062 -6.5460000769235194e-05 -0.03725656121969223
v -0.001843760022893548 -0.00031055998988449574 -0.037191238254308701
v -0.0017447100253775716 -0.00016978000348899513 -0.037165701389312744
v -0.0017764900112524629 -4.397999873617664e-05 -0.037276510149240494
v -0.0017088099848479033 -0.00048238999443128705 -0.037275191396474838
v -0.0014867900172248483 -0.00035191001370549202 -0.037068631500005722
v -0.0016559000359848142 -0.00022735999664291739 -0.037149738520383835
v -0.0017349600093439221 -0.0002081400016322732 -0.037148389965295792
v -0.0016303400043398142 -0.00026910999440588057 -0.037262599915266037
v -0.0016871100524440408 -0.00014797999756410718 -0.037171181291341782
v -0.0015055299736559391 -0.00019176000205334276 -0.03720024973154068
v -0.0015187199460342526 -9.4000002718530595e-05 -0.037312451750040054
v -0.001560830045491457 -0.00015341999824158847 -0.037184949964284897
v -0.0015418400289490819 -0.00027022001449950039 -0.037078481167554855
v -0.0015433699591085315 -0.00032446000841446221 -0.037064619362354279
v -0.001476980047300458 -0.00022998999338597059 -0.037087541073560715
v -0.0010983500396832824 -0.0025605300907045603 -0.037325181066989899
v -0.0012122900225222111 -0.0022472299169749022 -0.037153061479330063
v -0.00070139998570084572 -0.002053149975836277 -0.036985758692026138
v -0.0013326200423762202 -0.0018806100124493241 -0.037018720060586929
v -0.00079359998926520348 -0.001931490027345717 -0.037296321243047714
v -0.00071160000516101718 -0.0019600400701165199 -0.036904968321323395
v -0.00081843999214470387 -0.0018488100031390786 -0.03693883866071701
v -0.00072122999699786305 -0.0018289400031790137 -0.037005238234996796
v -0.00086893001571297646 -0.0017418100032955408 -0.036894530057907104
v -0.00091782998060807586 -0.0015869600465521216 -0.037167731672525406
v -0.00097799999639391899 -0.0015593300340697169 -0.036916501820087433
v -0.00088783999672159553 -0.001683010021224618 -0.036934908479452133
v -0.00095600000349804759 -0.0014030700549483299 -0.036967340856790543
v -0.00091300002532079816 -0.0015052499948069453 -0.036876089870929718
v -0.00083771999925374985 -0.0016220799880102277 -0.036964990198612213
v -0.00054893997730687261 -0.0027305299881845713 -0.03738987073302269
v -0.00054864998674020171 -0.0025533000007271767 -0.037148479372262955
v -0.00039308000123128295 -0.0027058098930865526 -0.037503879517316818
v -0.00036926000029779971 -0.0025839000009000301 -0.037511479109525681
v -0.00050257000839337707 -0.0027213499415665865 -0.03715118020772934
v -0.00048066998715512455 -0.0025940800551325083 -0.037314958870410919
v -0.00047209998592734337 -0.0024344299454241991 -0.037231538444757462
v -0.00047013998846523464 -0.0024667698889970779 -0.036995068192481995
v -0.00068633002229034901 -0.0022300300188362598 -0.037458080798387527
v -0.00052379997214302421 -0.0022406200878322124 -0.037148948758840561
v -0.00060342001961544156 -0.0022845899220556021 -0.037056520581245422
v -0.00058892002562060952 -0.002223550109192729 -0.036951381713151932
v -0.00036542999441735446 -0.0023765899240970612 -0.036897391080856323
v -0.00043504001223482192 -0.0021620900370180607 -0.036849450320005417
v -0.00019301999418530613 -0.0026884500402957201 -0.037397760897874832
v -0.00029731998802162707 -0.0025244199205189943 -0.037446208298206329
v -0.00026930001331493258 -0.0024297700729221106 -0.037381209433078766
v -0.00032453998574055731 -0.0026241498999297619 -0.036997381597757339
v -0.00020521999977063388 -0.0027196800801903009 -0.03701116144657135
v -0.00016953000158537179 -0.0024815800134092569 -0.036853481084108353
v -0.00028445999487303197 -0.0022994400933384895 -0.037314459681510925
v -0.00034209000295959413 -0.0021329200826585293 -0.037243921309709549
v -9.6459996711928397e-05 -0.0022048100363463163 -0.036766711622476578
v -0.00043169999844394624 -0.0019388600485399365 -0.03717041015625
v -0.00061407999601215124 -0.0020322499331086874 -0.037071928381919861
v -0.00054283998906612396 -0.0017259300220757723 -0.037094719707965851
v -0.00059882999630644917 -0.0017555899685248733 -0.036822639405727386
v -0.00066956999944522977 -0.0014945300063118339 -0.037044398486614227
v -5.0300001021241769e-05 -0.0020027700811624527 -0.037356719374656677
v -0.00013636000221595168 -0.0018144899513572454 -0.037288099527359009
v -6.4280000515282154e-05 -0.001803399994969368 -0.036735258996486664
v -0.00034545001108199358 -0.0016476400196552277 -0.037429161369800568
v -0.00024880000273697078 -0.0015834800433367491 -0.037208288908004761
v -0.0010794199770316482 -0.0012309999438002706 -0.037187349051237106
v -0.001064909971319139 -0.0013238500105217099 -0.036925211548805237
v -0.0010669199982658029 -0.0011533199576660991 -0.036987919360399246
v -0.0012342899572104216 -0.00088846997823566198 -0.037281151860952377
v -0.0011587600456550717 -0.00099782994948327541 -0.036938898265361786
v -0.001161320018582046 -0.00085423997370526195 -0.037002399563789368
v -0.0010879000183194876 -0.00078479002695530653 -0.036912530660629272
v -0.00099098996724933386 -0.0011364299571141601 -0.036887329071760178
v -0.00080600002547726035 -0.0012450800277292728 -0.037047009915113449
v -0.00093253998784348369 -0.00097872002515941858 -0.037072319537401199
v -0.0010296499822288752 -0.0006965600186958909 -0.037090130150318146
v -0.00075800000922754407 -0.00075384997762739658 -0.036877509206533432
v -0.001338280038908124 -0.00058426999021321535 -0.037375081330537796
v -0.0011171100195497274 -0.00043265000567771494 -0.037125658243894577
v -0.0013052800204604864 -0.00063467997824773192 -0.036968551576137543
v -0.00125839002430439 -0.00055676000192761421 -0.037035811692476273
v -0.0013679099502041936 -0.00048942997818812728 -0.036982119083404541
v -0.0013418899616226554 -0.00040421998710371554 -0.036995381116867065
v -0.0011886799475178123 -0.00059978000354021788 -0.036936018615961075
v -0.0011048000305891037 -0.00053603999549522996 -0.036937378346920013
v -0.0013847700320184231 -0.00033752000308595598 -0.037424951791763306
v -0.0013773300452157855 -0.00031177999335341156 -0.037113208323717117
v -0.0013645699946209788 -0.00019680999685078859 -0.037227120250463486
v -0.0013670900370925665 -0.0001673600054346025 -0.037386588752269745
v -0.0012466900516301394 -5.2219998906366527e-05 -0.037445619702339172
v -0.0013041200581938028 -0.00011483999696793035 -0.037299729883670807
v -0.0012146900407969952 -0.00022101000649854541 -0.03720415011048317
v -0.0012039999710395932 -0.00023737999435979873 -0.037157099694013596
v -0.0011081099510192871 -0.00025191000895574689 -0.037298411130905151
v -0.001196659984998405 -0.00017066000145860016 -0.037373371422290802
v -0.0010719599667936563 -1.0130000191566069e-05 -0.037448018789291382
v -0.001360469963401556 -0.00021522000315599144 -0.037108249962329865
v -0.0012636400060728192 -0.00030889999470673501 -0.037012249231338501
v -0.0011365900281816721 -0.00021774000197183341 -0.037038441747426987
v -0.0010458399774506688 -0.00021966999338474125 -0.037110250443220139
v -0.00085407000733539462 -0.00065724999876692891 -0.037452571094036102
v -0.00079473998630419374 -0.00051573000382632017 -0.037214420735836029
v -0.0010099499486386776 -0.00038211001083254814 -0.036951959133148193
v -0.00099446997046470642 -0.00027488000341691077 -0.037234369665384293
v -0.0008992200018838048 -0.00027694000164046884 -0.037260778248310089
v -0.00099853996653109789 -9.6529998700134456e-05 -0.037347231060266495
v -0.00080127001274377108 -0.00029250999796204269 -0.037399541586637497
v -0.00084911001613363624 -0.00022909999825060368 -0.037468250840902328
v -0.00071880000177770853 -0.00030615998548455536 -0.03734033927321434
v -0.00086711999028921127 -0.00024650001432746649 -0.037190400063991547
v -0.00073746999260038137 -0.00017369000124745071 -0.037175659090280533
v -0.00091149000218138099 -0.00019849000091198832 -0.036974448710680008
v -0.00089899997692555189 -0.00014766999811399728 -0.037094429135322571
v -0.00094024999998509884 -0.00011152999650221318 -0.037037130445241928
v -0.00081517000216990709 -3.0529998184647411e-05 -0.037054151296615601
v -0.00081676000263541937 -4.5649998355656862e-05 -0.036999538540840149
v -0.00075667997589334846 -3.9970000216271728e-05 -0.037095349282026291
v -0.00053105998085811734 -0.0010574200423434377 -0.03715549036860466
v -0.00048519999836571515 -0.0013022300554439425 -0.037319179624319077
v -0.00038218000554479659 -0.0013257700484246016 -0.037152379751205444
v -0.0006260399823077023 -0.0012420900166034698 -0.036832030862569809
v -0.00067025999305769801 -0.0009655099711380899 -0.037352990359067917
v -0.00067530001979321241 -0.00078514998313039541 -0.037186529487371445
v -7.9129997175186872e-05 -0.0010284800082445145 -0.037482790648937225
v -3.5010001738555729e-05 -0.0011180900037288666 -0.037289820611476898
v -3.192000076523982e-05 -0.0012868900084868073 -0.036757361143827438
v -0.00019150000298395753 -0.0008422100218012929 -0.037289798259735107
v -3.7480000173673034e-05 -0.00076348998118191957 -0.036797508597373962
v -0.0003517500008456409 -0.00057391001610085368 -0.037322528660297394
v -0.00065031001577153802 -0.00040712000918574631 -0.036892630159854889
v -0.00061422999715432525 -0.00027632000274024904 -0.037299290299415588
v -0.00063736998708918691 -0.0001017399990814738 -0.037422988563776016
v -0.00060457002837210894 -6.6859996877610683e-05 -0.037177730351686478
v -0.00044217001413926482 -0.00032901001395657659 -0.037496678531169891
v -0.00050258002011105418 -0.00031822000164538622 -0.037362411618232727
v -0.00038328999653458595 -0.00034025000059045851 -0.037443850189447403
v -0.00050009001279249787 -0.00020922999829053879 -0.037285041064023972
v -0.0003799599944613874 -0.00011062999692512676 -0.037287101149559021
v -0.0006130299880169332 -0.00014015000488143414 -0.036918908357620239
v -1.8459999409969896e-05 -0.00034632001188583672 -0.037472348660230637
v -0.00011906999861821532 -0.00034140000934712589 -0.036820229142904282
v -0.00029994000215083361 -0.000315140001475811 -0.037407588213682175
v -0.00020400999346747994 -0.00025735999224707484 -0.037395209074020386
v -0.00010148000001208857 -0.00017052999464794993 -0.037398070096969604
v -0.00022134999744594097 -1.4350000128615648e-05 -0.036847628653049469
v -0.033508419990539551 -0.022126419469714165 0.013513320125639439
v -0.022617289796471596 -0.033453520387411118 0.0086922496557235718
v -0.022619560360908508 -0.032937821000814438 0.014017810113728046
v -0.033377651125192642 -0.022382140159606934 0.0080755399540066719
v -0.031362138688564301 -0.024508269503712654 0.008182089775800705
v -0.029339000582695007 -0.026625499129295349 0.0082813100889325142
v -0.031447138637304306 -0.024244679138064384 0.013554619625210762
v -0.029362360015511513 -0.026308000087738037 0.013585490174591541
v -0.027274049818515778 -0.028811220079660416 0.0083892997354269028
v -0.024967970326542854 -0.030980620533227921 0.008509339764714241
v -0.027221590280532837 -0.028406040742993355 0.01365611981600523
v -0.025007499381899834 -0.030615249648690224 0.01379694975912571
v -0.031440079212188721 -0.023908909410238266 0.018719319254159927
v -0.031244330108165741 -0.023406179621815681 0.023611549288034439
v -0.029298000037670135 -0.025894470512866974 0.018684050068259239
v -0.029089219868183136 -0.025320790708065033 0.023512659594416618
v -0.030554590746760368 -0.022439269348978996 0.028138969093561172
v -0.028440490365028381 -0.024280350655317307 0.027965499088168144
v -0.027084270492196083 -0.027870099991559982 0.018703330308198929
v -0.02498151920735836 -0.030087860301136971 0.018837390467524529
v -0.022581540048122406 -0.032241329550743103 0.019079120829701424
v -0.024577770382165909 -0.029093790799379349 0.023538980633020401
v -0.023966340348124504 -0.027824530377984047 0.027853509411215782
v -0.026850299909710884 -0.02718237042427063 0.023465510457754135
v -0.02622159942984581 -0.026040969416499138 0.027843490242958069
v -0.025374429300427437 -0.024649810045957565 0.031794819980859756
v -0.027530569583177567 -0.022972289472818375 0.03199348971247673
v -0.023152099922299385 -0.026309369131922722 0.031719978898763657
v -0.024305010214447975 -0.023038880899548531 0.035257458686828613
v -0.039116550236940384 -0.015015600249171257 0.0076522901654243469
v -0.040973801165819168 -0.012028619647026062 0.0074761197902262211
v -0.039391171187162399 -0.014840800315141678 0.013317549601197243
v -0.041152138262987137 -0.011812269687652588 0.013233860023319721
v -0.037263751029968262 -0.01771203987300396 0.0078123300336301327
v -0.03535500168800354 -0.020149340853095055 0.0079546496272087097
v -0.037580091506242752 -0.017572969198226929 0.013400220312178135
v -0.035673409700393677 -0.020038360729813576 0.013471649959683418
v -0.039053201675415039 -0.014387800358235836 0.018707999959588051
v -0.040708288550376892 -0.011366800405085087 0.018709089607000351
v -0.037327270954847336 -0.017099639400839806 0.018721109256148338
v -0.036771200597286224 -0.016506310552358627 0.023765090852975845
v -0.035463009029626846 -0.019575739279389381 0.01872796006500721
v -0.033508241176605225 -0.021810349076986313 0.018741900101304054
v -0.034981738775968552 -0.01894930936396122 0.023724030703306198
v -0.034297779202461243 -0.0182053092867136 0.028408199548721313
v -0.03844267874956131 -0.013826780021190643 0.023819390684366226
v -0.037401188164949417 -0.013084939680993557 0.028590129688382149
v -0.035806141793727875 -0.015692800283432007 0.028464220464229584
v -0.04262407124042511 -0.0086534498259425163 0.0073086000047624111
v -0.042694918811321259 -0.0084084700793027878 0.013159330002963543
v -0.044003371149301529 -0.0048492401838302612 0.007171030156314373
v -0.044601850211620331 -0.0007145400159060955 0.0070842299610376358
v -0.04400017112493515 -0.0046041500754654408 0.013110879808664322
v -0.044546738266944885 -0.00048600000445730984 0.01308337040245533
v -0.042124979197978973 -0.007998649962246418 0.018718130886554718
v -0.040001500397920609 -0.010853540152311325 0.023910060524940491
v -0.041392210870981216 -0.0075839702039957047 0.024020560085773468
v -0.040415089577436447 -0.0071593797765672207 0.028969490900635719
v -0.043307479470968246 -0.0042605199851095676 0.018744420260190964
v -0.042427938431501389 -0.0039417301304638386 0.024093950167298317
v -0.043988369405269623 -0.00021723999816458672 0.018769800662994385
v -0.041299261152744293 -0.0036278199404478073 0.02907475084066391
v -0.038902319967746735 -0.01021896954625845 0.028745079413056374
v -0.033265430480241776 -0.021335659548640251 0.023693239316344261
v -0.03249552845954895 -0.020414320752024651 0.028283199295401573
v -0.03469989076256752 -0.01481494028121233 0.032845940440893173
v -0.036173481494188309 -0.012306760065257549 0.033032771199941635
v -0.034375231713056564 -0.011261080391705036 0.036956440657377243
v -0.039416361600160599 -0.0031986599788069725 0.033518008887767792
v -0.037530500441789627 -0.0095587996765971184 0.033227209001779556
v -0.038686931133270264 -0.0065436600707471371 0.033414531499147415
v -0.036450829356908798 -0.0058156200684607029 0.037324249744415283
v -0.035535849630832672 -0.0086610699072480202 0.037169430404901505
v -0.037030208855867386 -0.002700030105188489 0.03739628940820694
v -0.033875711262226105 -0.0050094900652766228 0.040698811411857605
v -0.034311249852180481 -0.0021578599698841572 0.040709208697080612
v -0.031410809606313705 -0.019244510680437088 0.032458491623401642
v -0.033111650496721268 -0.017116479575634003 0.032657578587532043
v -0.029562149196863174 -0.021197089925408363 0.032240018248558044
v -0.028284430503845215 -0.01971953921020031 0.035853158682584763
v -0.030020199716091156 -0.017853079363703728 0.036154579371213913
v -0.03160221129655838 -0.015828050673007965 0.036439280956983566
v -0.033058959990739822 -0.013640400022268295 0.036709818989038467
v -0.031061889603734016 -0.012285790406167507 0.040046591311693192
v -0.029764430597424507 -0.01434846967458725 0.039684850722551346
v -0.028332680463790894 -0.016266839578747749 0.039306879043579102
v -0.026366470381617546 -0.021431539207696915 0.035532549023628235
v -0.026738850399851799 -0.018046509474515915 0.038916781544685364
v -0.024955140426754951 -0.019693080335855484 0.038518618792295456
v -0.023009559139609337 -0.021238250657916069 0.038169261068105698
v -0.02335163950920105 -0.017830969765782356 0.040964249521493912
v -0.026417979970574379 -0.014568150043487549 0.041895471513271332
v -0.027681579813361168 -0.012766160070896149 0.042340878397226334
v -0.024984309449791908 -0.016254840418696404 0.04143344983458519
v -0.023079710081219673 -0.01442135963588953 0.043405748903751373
v -0.024345820769667625 -0.012839269824326038 0.043900370597839355
v -0.025436850264668465 -0.011169499717652798 0.04435402899980545
v -0.032200369983911514 -0.010056019760668278 0.040356088429689407
v -0.033155199140310287 -0.0076363999396562576 0.040577299892902374
v -0.02976037934422493 -0.0087854703888297081 0.043104100972414017
v -0.028803940862417221 -0.010844140313565731 0.042760279029607773
v -0.030526230111718178 -0.0065735499374568462 0.043322749435901642
v -0.03107880987226963 -0.0041888700798153877 0.043411251157522202
v -0.031395431607961655 -0.0016119000501930714 0.04336455836892128
v -0.028224900364875793 -0.0034291099291294813 0.045355319976806641
v -0.028466150164604187 -0.0011136899702250957 0.045290831476449966
v -0.026380259543657303 -0.0094084599986672401 0.04475490003824234
v -0.027166640385985374 -0.007543330080807209 0.045072831213474274
v -0.027786640450358391 -0.0055612698197364807 0.04527784138917923
v -0.023146919906139374 -0.0096450503915548325 0.045742478221654892
v -0.023937230929732323 -0.0080579202622175217 0.046086840331554413
v -0.024586670100688934 -0.006392620038241148 0.046349998563528061
v -0.025100769475102425 -0.004636750090867281 0.046529218554496765
v -0.025461869314312935 -0.0027455100789666176 0.046599581837654114
v -0.025652229785919189 -0.00067411002237349749 0.046536240726709366
v -0.022632960230112076 -0.0038372199051082134 0.047163590788841248
v -0.022937530651688576 -0.0021533800754696131 0.047212600708007812
v -0.023082559928297997 -0.00030402000993490219 0.047148998826742172
v -0.016941219568252563 -0.038847088813781738 0.0092424303293228149
v -0.019921010360121727 -0.036065548658370972 0.008935839869081974
v -0.020101029425859451 -0.035557221621274948 0.014359760098159313
v -0.017025960609316826 -0.038063611835241318 0.014799470081925392
v -0.013251950033009052 -0.041332319378852844 0.0096341101452708244
v -0.013464090414345264 -0.040533758699893951 0.015352159738540649
v -0.019950229674577713 -0.034529760479927063 0.019478179514408112
v -0.01967070996761322 -0.033239729702472687 0.024226769804954529
v -0.016980590298771858 -0.03688662126660347 0.020024189725518227
v -0.016834249719977379 -0.035423211753368378 0.024847719818353653
v -0.013565490022301674 -0.039245359599590302 0.02070670947432518
v -0.016514239832758904 -0.033672530204057693 0.029193870723247528
v -0.013483200222253799 -0.03740961104631424 0.025531850755214691
v -0.013316500000655651 -0.035398438572883606 0.02991797961294651
v -0.022206360474228859 -0.031098449602723122 0.02377782016992569
v -0.021640490740537643 -0.02968519926071167 0.028060479089617729
v -0.019209820777177811 -0.031677171587944031 0.02852918952703476
v -0.009026859886944294 -0.043174639344215393 0.010063369758427143
v -0.0093309599906206131 -0.042196471244096756 0.015874050557613373
v -0.0042832298204302788 -0.043631058186292648 0.010481829755008221
v -0.0046762200072407722 -0.042947199195623398 0.016367990523576736
v -0.009594310075044632 -0.040863808244466782 0.021347049623727798
v -0.0097144795581698418 -0.039090219885110855 0.026291869580745697
v -0.0097330501303076744 -0.036876041442155838 0.030720930546522141
v -0.005093269981443882 -0.041716668754816055 0.021930340677499771
v -0.0003119200118817389 -0.041749000549316406 0.022414790466427803
v -0.0054992497898638248 -0.040108010172843933 0.027015499770641327
v -0.00085786002455279231 -0.04003496840596199 0.027489310130476952
v -0.013010269962251186 -0.033293899148702621 0.033813979476690292
v -0.02073339931666851 -0.027869969606399536 0.031737171113491058
v -0.018383270129561424 -0.029686810448765755 0.03218550980091095
v -0.017496589571237564 -0.027653669938445091 0.035439278930425644
v -0.022138789296150208 -0.024591419845819473 0.035092581063508987
v -0.019770199432969093 -0.026010479778051376 0.03503166139125824
v -0.02093018963932991 -0.022713759914040565 0.037925578653812408
v -0.018772490322589874 -0.024173639714717865 0.037920419126749039
v -0.017521390691399574 -0.022103330120444298 0.040155269205570221
v -0.015947910025715828 -0.031633768230676651 0.032986428588628769
v -0.015186590142548084 -0.029410509392619133 0.03622794896364212
v -0.01244547963142395 -0.030879709869623184 0.037062991410493851
v -0.011734509840607643 -0.02837429940700531 0.039720389991998672
v -0.016591990366578102 -0.025671990588307381 0.038286689668893814
v -0.014281679876148701 -0.027106350287795067 0.038921069353818893
v -0.015450029633939266 -0.023476220667362213 0.040475141257047653
v -0.01328004989773035 -0.024749249219894409 0.041064579039812088
v -0.01222866028547287 -0.022367129102349281 0.042657259851694107
v -0.0096608595922589302 -0.034601900726556778 0.034653540700674057
v -0.0057596601545810699 -0.037876348942518234 0.031499948352575302
v -0.0058585400693118572 -0.035347018390893936 0.035366769880056381
v -0.0013537399936467409 -0.037884630262851715 0.032014630734920502
v -0.001740560051985085 -0.03556486964225769 0.036004301160573959
v -0.0020218701101839542 -0.032838981598615646 0.039250049740076065
v -0.0093468204140663147 -0.032026249915361404 0.037912700325250626
v -0.008886990137398243 -0.029337409883737564 0.04053112119436264
v -0.0058325198478996754 -0.032669741660356522 0.038621790707111359
v -0.0056755701079964638 -0.029857240617275238 0.041199788451194763
v -0.010930759832262993 -0.025824900716543198 0.041802879422903061
v -0.010087599977850914 -0.023278700187802315 0.043327171355485916
v -0.0083383703604340553 -0.026607990264892578 0.042544681578874588
v -0.0077579300850629807 -0.023910669609904289 0.043989349156618118
v -0.0021985000930726528 -0.029952310025691986 0.041780330240726471
v -0.0054390900768339634 -0.027003379538655281 0.043144721537828445
v -0.0023087500594556332 -0.027020389214158058 0.04364607110619545
v -0.0051744901575148106 -0.024202039465308189 0.044500339776277542
v -0.0023909399751573801 -0.024158740416169167 0.044898118823766708
v -0.021541379392147064 -0.019315699115395546 0.040543228387832642
v -0.019574889913201332 -0.020728159695863724 0.040225788950920105
v -0.019953720271587372 -0.017339089885354042 0.042392369359731674
v -0.01812157966196537 -0.018686400726437569 0.042000040411949158
v -0.021611040458083153 -0.015919359400868416 0.042882028967142105
v -0.018296219408512115 -0.015369759872555733 0.043739479035139084
v -0.016192970797419548 -0.019979570060968399 0.041858918964862823
v -0.014246240258216858 -0.021236950531601906 0.042122889310121536
v -0.016610359773039818 -0.016645699739456177 0.043282989412546158
v -0.014821140095591545 -0.017857460305094719 0.043074321001768112
v -0.011155939660966396 -0.020009130239486694 0.043752450495958328
v -0.013012340292334557 -0.019005989655852318 0.043279219418764114
v -0.011780030094087124 -0.016835110262036324 0.043993260711431503
v -0.015081379562616348 -0.014663309790194035 0.044109251350164413
v -0.013439799658954144 -0.015792030841112137 0.043844480067491531
v -0.012085160240530968 -0.013827470131218433 0.044215310364961624
v -0.019794920459389687 -0.014028649777173996 0.044278118759393692
v -0.021101269870996475 -0.012626259587705135 0.044828370213508606
v -0.022210100665688515 -0.011166449636220932 0.045319750905036926
v -0.019125299528241158 -0.010949750430881977 0.045696038752794266
v -0.017964839935302734 -0.012229340150952339 0.045158788561820984
v -0.016618520021438599 -0.013469070196151733 0.044607408344745636
v -0.014958360232412815 -0.011673830449581146 0.045035950839519501
v -0.013573010452091694 -0.0127808703109622 0.044520441442728043
v -0.012123540043830872 -0.011039970442652702 0.044558171182870865
v -0.020928440615534782 -0.0082793598994612694 0.046524468809366226
v -0.02010481059551239 -0.0096359103918075562 0.046151779592037201
v -0.021621240302920341 -0.0068716299720108509 0.046812541782855988
v -0.018057169392704964 -0.0082393595948815346 0.046472951769828796
v -0.017187869176268578 -0.009401470422744751 0.046068839728832245
v -0.018791299313306808 -0.0070462599396705627 0.046791631728410721
v -0.019414510577917099 -0.0058079198934137821 0.047033160924911499
v -0.016745390370488167 -0.0059195798821747303 0.046635620296001434
v -0.022187869995832443 -0.0053963800892233849 0.047023199498653412
v -0.019924819469451904 -0.004504229873418808 0.047203339636325836
v -0.020320309326052666 -0.0031150400172919035 0.04730788990855217
v -0.020581120625138283 -0.0016119199572131038 0.047334939241409302
v -0.017299249768257141 -0.0048250900581479073 0.046849869191646576
v -0.017752060666680336 -0.0036658099852502346 0.047001369297504425
v -0.018321860581636429 -0.0010803899494931102 0.04710720106959343
v -0.018099900335073471 -0.0024225700180977583 0.047088980674743652
v -0.016159119084477425 -0.01054683979600668 0.045570958405733109
v -0.01441602036356926 -0.0090066101402044296 0.045561540871858597
v -0.016094420105218887 -0.0069685401394963264 0.046359758824110031
v -0.015325070358812809 -0.0079911397770047188 0.046006899327039719
v -0.014220650307834148 -0.005795690231025219 0.04589264839887619
v -0.013353469781577587 -0.010020899586379528 0.045064859092235565
v -0.011819460429251194 -0.0085078198462724686 0.044753488153219223
v -0.012748310342431068 -0.0075968899764120579 0.045196179300546646
v -0.013544700108468533 -0.0066969301551580429 0.045584980398416519
v -0.011854549869894981 -0.0054970001801848412 0.044877741485834122
v -0.011168669909238815 -0.0063059302046895027 0.044540669769048691
v -0.015678560361266136 -0.0028675498906522989 0.046470198780298233
v -0.014793570153415203 -0.0048708198592066765 0.046135850250720978
v -0.015280880033969879 -0.0038999700918793678 0.046331129968166351
v -0.01598254032433033 -0.0017579799750819802 0.046544779092073441
v -0.016171570867300034 -0.00056621001567691565 0.046554010361433029
v -0.013978989794850349 -0.0011194499675184488 0.045713368803262711
v -0.014142090454697609 -7.6800002716481686e-05 0.045700050890445709
v -0.013364840298891068 -0.003009479958564043 0.045545529574155807
v -0.012938699685037136 -0.0038714900147169828 0.045371811836957932
v -0.012439900077879429 -0.004693089984357357 0.045152008533477783
v -0.011194700375199318 -0.0029456100892275572 0.044345058500766754
v -0.013713289983570576 -0.0020958699751645327 0.045662809163331985
v -0.011864550411701202 -0.0013837399892508984 0.044579979032278061
v -0.011562800034880638 -0.0021845900919288397 0.044490769505500793
v -0.012094359844923019 -0.00053462001960724592 0.044603630900382996
v -0.010793509893119335 -0.012007949873805046 0.044232700020074844
v -0.008352840319275856 -0.011122879572212696 0.043972641229629517
v -0.0071067400276660919 -0.011764739640057087 0.044186238199472427
v -0.0027927800547331572 -0.010942240245640278 0.044115141034126282
v -0.0015287200221791863 -0.010932150296866894 0.044086191803216934
v -0.0092239603400230408 -0.020784629508852959 0.044348828494548798
v -0.010090289637446404 -0.017724359408020973 0.0444035604596138
v -0.0071519599296152592 -0.0212967898696661 0.044924508780241013
v -0.0083587402477860451 -0.018391570076346397 0.044923320412635803
v -0.0065268101170659065 -0.018817659467458725 0.045409690588712692
v -0.0058864802122116089 -0.016507990658283234 0.045502129942178726
v -0.010576940141618252 -0.014773139730095863 0.044311311095952988
v -0.0090490495786070824 -0.015563449822366238 0.044656861573457718
v -0.0094306096434593201 -0.012868929654359818 0.044279731810092926
v -0.0075022801756858826 -0.0161439199000597 0.045100219547748566
v -0.0066648800857365131 -0.014086079783737659 0.04492902010679245
v -0.0080495104193687439 -0.013576960191130638 0.044558700174093246
v -0.0058639701455831528 -0.012219790369272232 0.044483788311481476
v -0.0048755197785794735 -0.021509880200028419 0.045335710048675537
v -0.0045358501374721527 -0.018983559682965279 0.045719761401414871
v -0.0041514900512993336 -0.016649050638079643 0.045723389834165573
v -0.0024252699222415686 -0.021428830921649933 0.045620068907737732
v -0.0023919499944895506 -0.01889210008084774 0.045895379036664963
v -0.0022816399578005075 -0.016566939651966095 0.045807890594005585
v -0.000101120000181254 -0.018546070903539658 0.04597838968038559
v -0.0052350601181387901 -0.014402469620108604 0.045259159058332443
v -0.0037183898966759443 -0.014532269909977913 0.045417558401823044
v -0.0045919897966086864 -0.012503379955887794 0.044748019427061081
v -0.0032582399435341358 -0.012630810029804707 0.044861648231744766
v -0.0020850799046456814 -0.014471760019659996 0.045441471040248871
v -0.00026135001098737121 -0.0162615105509758 0.045799549669027328
v -0.00030534999677911401 -0.014217210002243519 0.045368179678916931
v -0.0018261399818584323 -0.01259675994515419 0.044849701225757599
v -0.00025904999347403646 -0.012395939789712429 0.044737190008163452
v -0.0095750698819756508 -0.010335030034184456 0.04396463930606842
v -0.0084400903433561325 -0.0088102603331208229 0.043479129672050476
v -0.010371929965913296 -0.0071321898140013218 0.044161070138216019
v -0.0094539998099207878 -0.0079880803823471069 0.043759319931268692
v -0.0090078096836805344 -0.0058764801360666752 0.0433170385658741
v -0.0073553998954594135 -0.0095354299992322922 0.043464221060276031
v -0.0062357699498534203 -0.010126589797437191 0.043616659939289093
v -0.0073613300919532776 -0.0074066100642085075 0.042772948741912842
v -0.0082309003919363022 -0.0066559398546814919 0.042997531592845917
v -0.0064084101468324661 -0.008071020245552063 0.042746610939502716
v -0.0063115200027823448 -0.0060970000922679901 0.041842948645353317
v -0.010265530087053776 -0.0043948800303041935 0.043912608176469803
v -0.010765880346298218 -0.0036752799060195684 0.044151969254016876
v -0.009682769887149334 -0.0051257000304758549 0.043628200888633728
v -0.0092122498899698257 -0.0027568300720304251 0.042906660586595535
v -0.0087885400280356407 -0.0033941299188882113 0.042716890573501587
v -0.0098864203318953514 -0.0014562599826604128 0.043164689093828201
v -0.010140620172023773 -0.00076412997441366315 0.043222568929195404
v -0.010333649814128876 -3.1139999919105321e-05 0.043224591761827469
v -0.0095754899084568024 -0.0021172401029616594 0.04305725172162056
v -0.0083658099174499512 -0.00083340000128373504 0.041640471667051315
v -0.0085763400420546532 -0.00024244000087492168 0.041664890944957733
v -0.0059695998206734657 -0.0042994399555027485 0.040832038968801498
v -0.00654242979362607 -0.0036821600515395403 0.04100114107131958
v -0.0077240299433469772 -0.0047232098877429962 0.042250648140907288
v -0.0070606698282063007 -0.005423080176115036 0.042011748999357224
v -0.0082962298765778542 -0.0040482399053871632 0.042491968721151352
v -0.0070298300124704838 -0.0030849699396640062 0.041177939623594284
v -0.0070310002192854881 -0.00032488998840562999 0.039991371333599091
v -0.0059043299406766891 -0.0022473700810223818 0.039731990545988083
v -0.0062576700001955032 -0.0017502099508419633 0.039842851459980011
v -0.0056873997673392296 -0.00030087999766692519 0.038357309997081757
v -0.0068163000978529453 -0.00080392998643219471 0.039970520883798599
v -0.006560089997947216 -0.0012740499805659056 0.039921671152114868
v -0.0081072896718978882 -0.001399099943228066 0.041576400399208069
v -0.0078024701215326786 -0.0019517500186339021 0.041476428508758545
v -0.0074453400447964668 -0.0025081099011003971 0.041342850774526596
v -0.0051170201040804386 -0.010546799749135971 0.04383854940533638
v -0.0054100397974252701 -0.0086172502487897873 0.042845938354730606
v -0.0044041499495506287 -0.0090133799239993095 0.042998339980840683
v -0.0039768097922205925 -0.010813020169734955 0.044035989791154861
v -0.0033788499422371387 -0.0092724300920963287 0.043135751038789749
v -0.0038255599793046713 -0.0058613899163901806 0.04071354866027832
v -0.0030274901073426008 -0.0062085399404168129 0.040774378925561905
v -0.0046030301600694656 -0.0071914498694241047 0.041870050132274628
v -0.0054820198565721512 -0.0066941501572728157 0.041812028735876083
v -0.003705460112541914 -0.0075658299028873444 0.041968248784542084
v -0.0023223001044243574 -0.0094074700027704239 0.043190009891986847
v -0.00014842000382486731 -0.010780470445752144 0.043959449976682663
v -0.0012030800571665168 -0.0094207199290394783 0.043157998472452164
v -0.0022085499949753284 -0.0064574400894343853 0.040834959596395493
v -0.0013749500503763556 -0.0066059501841664314 0.040865149348974228
v -0.00050821999320760369 -0.0066605200991034508 0.040850769728422165
v -0.0027874400839209557 -0.007822689600288868 0.042059909552335739
v -0.001847120001912117 -0.0079674404114484787 0.042098250240087509
v -0.00085949001368135214 -0.0080052698031067848 0.042072121053934097
v -0.0045297499746084213 -0.00020676999702118337 0.036897718906402588
v -0.0043170801363885403 -0.00055540999164804816 0.036913160234689713
v -0.0033404999412596226 -0.0016131299780681729 0.036751501262187958
v -0.0028783599846065044 -0.001953379949554801 0.036686800420284271
v -0.0035711699165403843 -0.0001195799995912239 0.035688851028680801
v -0.0029847600962966681 -0.00010307000047760084 0.035004191100597382
v -0.0033986400812864304 -0.00041880999924615026 0.035747591406106949
v -0.0030998000875115395 -0.00065916997846215963 0.035645879805088043
v -0.0040616798214614391 -0.0009034600225277245 0.036885261535644531
v -0.0037430000957101583 -0.0012547599617391825 0.036827061325311661
v -0.00068653997732326388 -0.0028495199512690306 0.036699101328849792
v -0.0001253200025530532 -0.0029274099506437778 0.036719970405101776
v -0.0018093299586325884 -0.00059364002663642168 0.034398060292005539
v -0.0011815299512818456 -0.00082302000373601913 0.034304998815059662
v -0.0012545499484986067 -4.7450001147808507e-05 0.033358998596668243
v -0.00057883001863956451 -0.00086085998918861151 0.034159298986196518
v -8.7999997049337253e-06 -0.0010030700359493494 0.034211739897727966
v -0.00041157001396641135 -3.7329999031499028e-05 0.033037450164556503
v -0.0018843800062313676 -0.0014609299832955003 0.035480629652738571
v -0.0014164800522848964 -0.0015970399836078286 0.035398468375205994
v -0.0023807799443602562 -0.0022503400687128305 0.036660969257354736
v -0.0018455199897289276 -0.0025015100836753845 0.036661840975284576
v -0.0027047500479966402 -0.00092752999626100063 0.035529479384422302
v -0.002278089988976717 -0.0012020500143989921 0.035455379635095596
v -0.0026627699844539165 -0.00017302000196650624 0.034732561558485031
v -0.0022187100257724524 -0.000344770000083372 0.034485850483179092
v -0.0015914100222289562 -0.00089492998085916042 0.034603189677000046
v -0.00086281000403687358 -0.001730390009470284 0.035365171730518341
v -0.00031187001150101423 -0.0018515200354158878 0.035387620329856873
v -0.0012703499523922801 -0.0027043900918215513 0.036677148193120956
v -0.0053185601718723774 -0.0048927799798548222 0.040712080895900726
v -0.0045965700410306454 -0.0054181101731956005 0.040682688355445862
v -0.0054848501458764076 -0.0027630999684333801 0.039607621729373932
v -0.0049839899875223637 -0.0032949899323284626 0.039488378912210464
v -0.0044103101827204227 -0.0038052899762988091 0.039403151720762253
v -0.0037724000867456198 -0.0042562498711049557 0.039380829781293869
v -0.0030884901061654091 -0.0046393000520765781 0.039400890469551086
v -0.0035943700931966305 -0.0028277500532567501 0.038025088608264923
v -0.0030277399346232414 -0.0032023699022829533 0.038006819784641266
v -0.0049161501228809357 -0.0015239999629557133 0.038264349102973938
v -0.0045516001991927624 -0.0019569899886846542 0.038179740309715271
v -0.0054731601849198341 -0.00070023001171648502 0.038357190787792206
v -0.0052175698801875114 -0.0011045900173485279 0.038328919559717178
v -0.0041066701523959637 -0.0024021000135689974 0.03809133917093277
v -0.0023767699021846056 -0.004945910070091486 0.039442699402570724
v -0.0016481400234624743 -0.0051703299395740032 0.039487339556217194
v -0.0024193199351429939 -0.0035208000335842371 0.038020748645067215
v -0.0017816299805417657 -0.0037778799887746572 0.038051031529903412
v -0.00091349997092038393 -0.0053067998960614204 0.039515901356935501
v -0.00015958999574650079 -0.005361190065741539 0.039516150951385498
v -0.001132169971242547 -0.0039661000482738018 0.038085829466581345
v -0.00048841000534594059 -0.004077959805727005 0.03811328113079071
v -0.010746159590780735 -0.009441940113902092 0.04428396001458168
v -0.0075062098912894726 -1.1359999916749075e-05 0.053600199520587921
v -0.0072169201448559761 -0.00064252997981384397 0.053580101579427719
v -0.0062728398479521275 -0.001660370035097003 0.054030809551477432
v -0.0059771998785436153 -0.0002008199953706935 0.051595058292150497
v -0.0063867899589240551 -0.00070802000118419528 0.052730459719896317
v -0.0067925998009741306 -0.0012134599965065718 0.053731389343738556
v -0.0067798299714922905 -0.0002101199934259057 0.052597258239984512
v -0.0059161297976970673 -0.0010943199740722775 0.052987970411777496
v -0.007146140094846487 -0.0016107499832287431 0.054499421268701553
v -0.007362079806625843 -0.0018293999601155519 0.055053461343050003
v -0.0073551097884774208 -0.0017989600310102105 0.055412311106920242
v -0.0072571998462080956 -0.0016534699825569987 0.055635768920183182
v -0.0070629301480948925 -0.0013767699711024761 0.055976700037717819
v -0.0077639198862016201 -0.0012196899624541402 0.054910000413656235
v -0.007713640108704567 -0.0012642800575122237 0.055302441120147705
v -0.0076787299476563931 -0.00074533000588417053 0.055704701691865921
v -0.0078447302803397179 -0.00031922000925987959 0.054375261068344116
v -0.0080305896699428558 -0.00011814999743364751 0.055590949952602386
v -0.0080086700618267059 -0.00055088999215513468 0.054957769811153412
v -0.0079455897212028503 -0.00067232002038508654 0.055369850248098373
v -0.0075716502033174038 -0.00099574995692819357 0.054343480616807938
v -0.0074652000330388546 -0.0012698499485850334 0.055623680353164673
v -0.0077953999862074852 -0.00024801999097689986 0.055899478495121002
v -0.007670380175113678 -0.00026669999351724982 0.055990628898143768
v -0.0077744200825691223 -0.00010625000140862539 0.055967401713132858
v -0.007760549895465374 -1.2600000445672777e-05 0.056012250483036041
v -0.0072313500568270683 -0.00083174998871982098 0.056055370718240738
v -0.0075299302116036415 -0.00055353000061586499 0.055941708385944366
v -0.0076623097993433475 -0.00013859999307896942 0.056043878197669983
v -0.0076570301316678524 -5.3100000513950363e-05 0.056079670786857605
v -0.0075441799126565456 -9.7249998361803591e-05 0.056153140962123871
v -0.0075382702052593231 -1.6120000509545207e-05 0.056194260716438293
v -0.0074576498009264469 -0.00019762999727390707 0.056183479726314545
v -0.0073579000309109688 -0.00031338000553660095 0.056218471378087997
v -0.0074078701436519623 -6.9649999204557389e-05 0.056283410638570786
v -0.0071683102287352085 -0.00048186999629251659 0.056257441639900208
v -0.006597879808396101 -0.00208043004386127 0.054829418659210205
v -0.0068256198428571224 -0.002279199892655015 0.055391058325767517
v -0.0068903598003089428 -0.0021813199855387211 0.055723048746585846
v -0.0060060499235987663 -0.0023215299006551504 0.055272158235311508
v -0.0057164099998772144 -0.0018958799773827195 0.054442398250102997
v -0.0063894600607454777 -0.0023729701060801744 0.056132029742002487
v -0.0069251200184226036 -0.0018570800311863422 0.055895041674375534
v -0.0064895697869360447 -0.0020110099576413631 0.05626291036605835
v -0.0065952898003160954 -0.0014939300017431378 0.056327261030673981
v -0.0062449597753584385 -0.0025023000780493021 0.055835001170635223
v -0.0057105598971247673 -0.0024319500662386417 0.056297451257705688
v -0.0059225601144134998 -0.0023355400189757347 0.056536611169576645
v -0.0060733999125659466 -0.0020165899768471718 0.056609358638525009
v -0.0061506498605012894 -0.0015302300453186035 0.056641168892383575
v -0.0057882498949766159 -0.0018976399442180991 0.056809950619935989
v -0.0057514999061822891 -0.0015438699629157782 0.056903820484876633
v -0.0067095900885760784 -0.00091353000607341528 0.056390929967164993
v -0.0068354802206158638 -0.00036159998853690922 0.056519739329814911
v -0.0063455598428845406 -0.00044006999814882874 0.056775130331516266
v -0.0062196101061999798 -0.00097265001386404037 0.056680329144001007
v -0.0057907798327505589 -0.0010046700481325388 0.056951411068439484
v -0.0059357401914894581 -0.00048243999481201172 0.057023409754037857
v -0.0061216698959469795 -0.00011808000272139907 0.057067211717367172
v -0.0056536397896707058 -0.00042232000851072371 0.057303331792354584
v -0.0052118198946118355 -5.714000144507736e-05 0.05059611052274704
v -0.0049674301408231258 -0.0001136799983214587 0.050738390535116196
v -0.0055537899024784565 -0.00051550997886806726 0.05180751159787178
v -0.0052855201065540314 -0.00060273002600297332 0.051986999809741974
v -0.005150150042027235 -0.00050228001782670617 0.052160520106554031
v -0.004955340176820755 -0.00062463997164741158 0.052240330725908279
v -0.0046316301450133324 -0.00011139999696752056 0.050963699817657471
v -0.0044109798036515713 -5.2510000386973843e-05 0.0511331707239151
v -0.0052868998609483242 -0.0010172700276598334 0.052807241678237915
v -0.0049494099803268909 -0.0012182700447738171 0.053775060921907425
v -0.0047072200104594231 -0.00057059002574533224 0.052457399666309357
v -0.0043952199630439281 -0.00030759000219404697 0.052806299179792404
v -0.0051820799708366394 -0.0018326400313526392 0.054930120706558228
v -0.004747259896248579 -0.001520019955933094 0.055420178920030594
v -0.0054497597739100456 -0.0022507701069116592 0.055766411125659943
v -0.0055720400996506214 -0.0020739301107823849 0.056878790259361267
v -0.005304509773850441 -0.0021082600578665733 0.056727290153503418
v -0.0050103999674320221 -0.0019177700160071254 0.056250929832458496
v -0.0054203099571168423 -0.0015930699883028865 0.057100590318441391
v -0.005108959972858429 -0.0015713400207459927 0.057073459029197693
v -0.0047693601809442043 -0.001372199971228838 0.056664410978555679
v -0.0045726001262664795 -0.00093256001127883792 0.054205570369958878
v -0.004356670193374157 -0.00048851000610738993 0.054562259465456009
v -0.0054524699226021767 -0.0010051199933513999 0.057232089340686798
v -0.0051372000016272068 -0.00092628999846056104 0.057297561317682266
v -0.0054025100544095039 -0.00027821000549010932 0.057361230254173279
v -0.0050856899470090866 -6.8670000473503023e-05 0.056943200528621674
v -0.0044893198646605015 -0.0010073600569739938 0.05583886057138443
v -0.0047774901613593102 -0.00072039000224322081 0.056923110038042068
v -0.0044817598536610603 -0.00039689999539405107 0.056086711585521698
v -0.03524458035826683 0.0015992999542504549 -0.02917185053229332
v -0.034599781036376953 0.0051215002313256264 -0.028983600437641144
v -0.0375959612429142 0.0020247600041329861 -0.023730060085654259
v -0.036773640662431717 0.0056909997947514057 -0.023491060361266136
v -0.035490021109580994 0.0093443896621465683 -0.023122780025005341
v -0.033690560609102249 0.012911180034279823 -0.022661389783024788
v -0.03004658967256546 0.00075447000563144684 -0.038454141467809677
v -0.029495669528841972 0.003835560055449605 -0.038229070603847504
v -0.028313150629401207 0.0067927301861345768 -0.037655029445886612
v -0.027141189202666283 0.00030588998924940825 -0.041877571493387222
v -0.026686849072575569 0.0031429599039256573 -0.041644308716058731
v -0.023793570697307587 0.0024193199351429939 -0.044035568833351135
v -0.022895509377121925 0.0048585799522697926 -0.043318469077348709
v -0.025626160204410553 0.005841350182890892 -0.040982779115438461
v -0.026692239567637444 0.0096548795700073242 -0.036968551576137543
v -0.024154150858521461 0.008447679691016674 -0.040199581533670425
v -0.032737918198108673 0.001180739956907928 -0.034149389714002609
v -0.032120030373334885 0.00448628980666399 -0.033938169479370117
v -0.030862269923090935 0.0076839500106871128 -0.033441271632909775
v -0.033307928591966629 0.0085520604625344276 -0.028555180877447128
v -0.029141649603843689 0.010787529870867729 -0.032841071486473083
v -0.022465860471129417 0.0110085504129529 -0.039601359516382217
v -0.0248261708766222 0.012450899928808212 -0.036406140774488449
v -0.022803999483585358 0.015194039791822433 -0.036012060940265656
v -0.031528379768133163 0.011891850270330906 -0.02803054079413414
v -0.029420450329780579 0.015141730196774006 -0.0275536198168993
v -0.031709671020507812 0.016497049480676651 -0.022318320348858833
v -0.02933105081319809 0.019924890249967575 -0.021984370425343513
v -0.027135159820318222 0.013810830190777779 -0.032319888472557068
v -0.024986360222101212 0.01680200919508934 -0.031953480094671249
v -0.02273092046380043 0.019721310585737228 -0.031739868223667145
v -0.027139840647578239 0.018350290134549141 -0.027199709787964821
v -0.024733170866966248 0.021477740257978439 -0.026968609541654587
v -0.039763651788234711 0.002432399895042181 -0.017912009730935097
v -0.04154852032661438 0.0027657200116664171 -0.011761589907109737
v -0.040930058807134628 0.0069116600789129734 -0.011659420095384121
v -0.038962200284004211 0.0063146501779556274 -0.017714420333504677
v -0.037672799080610275 0.010196530260145664 -0.017400709912180901
v -0.043122608214616776 0.003093319945037365 -0.0054923100396990776
v -0.044147279113531113 0.0034030100796371698 0.00082492997171357274
v -0.042445860803127289 0.007418840192258358 -0.0054169301874935627
v -0.043424971401691437 0.0078161498531699181 0.00088929000776261091
v -0.039589650928974152 0.010986519977450371 -0.011391649954020977
v -0.035850159823894501 0.013984739780426025 -0.016995320096611977
v -0.03785352036356926 0.015045950189232826 -0.011116079986095428
v -0.033824581652879715 0.017791749909520149 -0.016700640320777893
v -0.03558707982301712 0.018940789625048637 -0.010787229984998703
v -0.041251819580793381 0.011710019782185555 -0.005258569959551096
v -0.039239261299371719 0.015850480645895004 -0.0049718399532139301
v -0.042127441614866257 0.01220192015171051 0.0010131000308319926
v -0.040109500288963318 0.016462650150060654 0.0012222100049257278
v -0.036919970065355301 0.019893750548362732 -0.0046980199404060841
v -0.037746131420135498 0.020600179210305214 0.0014470999594777822
v -0.031368419528007507 0.021422350779175758 -0.016388559713959694
v -0.026627199724316597 0.023110479116439819 -0.021649379283189774
v -0.023915490135550499 0.02627347968518734 -0.021491659805178642
v -0.034317091107368469 0.023806730285286903 -0.0044499100185930729
v -0.035080850124359131 0.02457335963845253 0.0016655500512570143
v -0.02853056974709034 0.024774329736828804 -0.01605617068707943
v -0.033053930848836899 0.022735109552741051 -0.01051109004765749
v -0.030242230743169785 0.026344029232859612 -0.010275339707732201
v -0.0256540197879076 0.028090540319681168 -0.015894269570708275
v -0.022556999698281288 0.031178910285234451 -0.015780020505189896
v -0.027055550366640091 0.02961382083594799 -0.010032339952886105
v -0.031379859894514084 0.027474340051412582 -0.0042281299829483032
v -0.028057299554347992 0.030782260000705719 -0.0039917100220918655
v -0.03203485906124115 0.028240980580449104 0.0018752099713310599
v -0.028594160452485085 0.031512171030044556 0.0020711000543087721
v -0.023827839642763138 0.03283241018652916 -0.0099137695506215096
v -0.024735869839787483 0.034056060016155243 -0.0038751899264752865
v -0.025185929611325264 0.034764550626277924 0.0022263000719249249
v -0.020915869623422623 0.0016754800453782082 -0.045254498720169067
v -0.020215390250086784 0.0038731999229639769 -0.04455605149269104
v -0.018152330070734024 0.0010056899627670646 -0.045594301074743271
v -0.017659910023212433 0.0029812899883836508 -0.044935118407011032
v -0.016853110864758492 0.004897379782050848 -0.044114280492067337
v -0.021615050733089447 0.0072127999737858772 -0.042468901723623276
v -0.02012505941092968 0.0095377499237656593 -0.041839040815830231
v -0.019162530079483986 0.0059971502050757408 -0.043711248785257339
v -0.017874669283628464 0.0080925002694129944 -0.043052658438682556
v -0.015601599588990211 0.00050421000923961401 -0.045348189771175385
v -0.015303170308470726 0.0022789500653743744 -0.04469526931643486
v -0.014743180014193058 0.0040101702325046062 -0.043865639716386795
v -0.013374869711697102 0.00014566999743692577 -0.044635578989982605
v -0.013241459615528584 0.001743320026434958 -0.04398161917924881
v -0.01157114002853632 0.0013515199534595013 -0.042939301580190659
v -0.012902890332043171 0.003312600078061223 -0.043151248246431351
v -0.011402309872210026 0.0027817799709737301 -0.042157050222158432
v -0.012269210070371628 0.004872320219874382 -0.042509268969297409
v -0.015778299421072006 0.0067831198684871197 -0.043436449021100998
v -0.016424190253019333 0.010156829841434956 -0.042683899402618408
v -0.014513949863612652 0.0086309798061847687 -0.043074328452348709
v -0.01389950979501009 0.0057199401780962944 -0.043184619396924973
v -0.012834220193326473 0.0073788100853562355 -0.042861621826887131
v -0.011381939984858036 0.006365510169416666 -0.042262200266122818
v -0.013138590380549431 0.01043344009667635 -0.043200619518756866
v -0.01160942018032074 0.0089573198929429054 -0.043106090277433395
v -0.018489109352231026 0.011831100098788738 -0.041472148150205612
v -0.016770679503679276 0.014090499840676785 -0.041411500424146652
v -0.020632950589060783 0.013528539799153805 -0.039220888167619705
v -0.018727200105786324 0.01601221039891243 -0.039090950042009354
v -0.020714830607175827 0.017897550016641617 -0.03583059087395668
v -0.016747770830988884 0.018418559804558754 -0.039188578724861145
v -0.018540710210800171 0.020509639754891396 -0.035826358944177628
v -0.014883420430123806 0.012187710031867027 -0.042708568274974823
v -0.014982289634644985 0.016277169808745384 -0.041637178510427475
v -0.011682439595460892 0.012143610045313835 -0.043737459927797318
v -0.013272319920361042 0.014141430146992207 -0.043089430779218674
v -0.011610779911279678 0.015974290668964386 -0.043789219111204147
v -0.013136380352079868 0.018352329730987549 -0.042129259556531906
v -0.014693940058350563 0.020706590265035629 -0.039490800350904465
v -0.010239330120384693 0.0010706899920478463 -0.041741188615560532
v -0.010179960168898106 0.0023767400998622179 -0.041026689112186432
v -0.010918210260570049 0.0042096399702131748 -0.041622500866651535
v -0.0091931400820612907 0.00086791999638080597 -0.040560171008110046
v -0.0091743003576993942 0.0020564999431371689 -0.039903830736875534
v -0.0097829904407262802 0.0036824599374085665 -0.040625128895044327
v -0.0087999599054455757 0.0032413799781352282 -0.039617940783500671
v -0.0090920403599739075 0.0048968098126351833 -0.040620859712362289
v -0.0083035100251436234 0.00071806000778451562 -0.03943232074379921
v -0.0074413800612092018 0.00059597997460514307 -0.038393709808588028
v -0.0082746697589755058 0.0017962800338864326 -0.038833729922771454
v -0.0073703802190721035 0.00157127995043993 -0.037861648947000504
v -0.0069789998233318329 0.0025453700218349695 -0.037722621113061905
v -0.0065623200498521328 0.00051812001038342714 -0.037552569061517715
v -0.0056218202225863934 0.00050096999621018767 -0.037017088383436203
v -0.0064343898557126522 0.0013860600301995873 -0.037121959030628204
v -0.0060490299947559834 0.0022507200483232737 -0.037022631615400314
v -0.0078912600874900818 0.0028683498967438936 -0.038638059049844742
v -0.0072421599179506302 0.0038499101065099239 -0.038806241005659103
v -0.0081374403089284897 0.0043326602317392826 -0.039715919643640518
v -0.0072540598921477795 0.0052404501475393772 -0.040211189538240433
v -0.0063581201247870922 0.0034345900639891624 -0.037920411676168442
v -0.0064162798225879669 0.0046565402299165726 -0.039299171417951584
v -0.0055986000224947929 0.0041552800685167313 -0.03839879110455513
v -0.010154039599001408 0.0055562998168170452 -0.041492439806461334
v -0.010282640345394611 0.0077352100051939487 -0.042616568505764008
v -0.0091450000181794167 0.0067429901100695133 -0.041923660784959793
v -0.010277239605784416 0.010416050441563129 -0.043773360550403595
v -0.0090491697192192078 0.0089553799480199814 -0.043372239917516708
v -0.008150709792971611 0.0059287101030349731 -0.04109824076294899
v -0.00706841005012393 0.0067765098065137863 -0.041873108595609665
v -0.0079907001927495003 0.0077582700178027153 -0.042709171772003174
v -0.00624890998005867 0.0059619001112878323 -0.04095304012298584
v -0.0059545901603996754 0.0074385800398886204 -0.042761348187923431
v -0.00775930006057024 0.0099999597296118736 -0.044329028576612473
v -0.0063993199728429317 0.010908509604632854 -0.045160699635744095
v -0.0067907897755503654 0.0085907503962516785 -0.043641999363899231
v -0.0054396898485720158 0.0012451800284907222 -0.036749031394720078
v -0.0046816798858344555 0.00050145998829975724 -0.036727529019117355
v -0.0044687199406325817 0.0011054199421778321 -0.036591488867998123
v -0.0050872098654508591 0.0019626999273896217 -0.036689110100269318
v -0.0046113398857414722 0.002617579884827137 -0.036818910390138626
v -0.0039633200503885746 5.1500001063686796e-06 -0.036771580576896667
v -0.0038036699406802654 0.00047654000809416175 -0.036624088883399963
v -0.003603900084272027 0.00092359998961910605 -0.036497950553894043
v -0.0031920201145112514 9.8609998531173915e-05 -0.036857511848211288
v -0.0030540900770574808 0.00043280000681988895 -0.036705490201711655
v -0.0033658600877970457 0.0013306699693202972 -0.036460708826780319
v -0.0028933798894286156 0.00074054999276995659 -0.03655610978603363
v -0.0041679800488054752 0.0016623300034552813 -0.036556858569383621
v -0.0037953800056129694 0.0021750400774180889 -0.036627639085054398
v -0.0030842199921607971 0.0017182399751618505 -0.036508988589048386
v -0.0033668300602585077 0.0026463801041245461 -0.036807820200920105
v -0.0048099099658429623 0.0036799800582230091 -0.037631828337907791
v -0.0054940697737038136 0.0052792700007557869 -0.039997078478336334
v -0.0047658202238380909 0.0046935197897255421 -0.039053399115800858
v -0.003456080099567771 0.0036005799192935228 -0.03754885122179985
v -0.0028277800884097815 0.0038666098844259977 -0.038061559200286865
v -0.0039251800626516342 0.0050353300757706165 -0.039779860526323318
v -0.0031010298989713192 0.0053150397725403309 -0.040392521768808365
v -0.0040809097699820995 0.004151610191911459 -0.038208488374948502
v -0.0033439900726079941 0.0044340398162603378 -0.038852661848068237
v -0.0054822200909256935 0.0030395400244742632 -0.037208080291748047
v -0.0040591200813651085 0.0031738900579512119 -0.037120059132575989
v -0.0028877600561827421 0.0030377199873328209 -0.037082470953464508
v -0.0011934300418943167 0.00023282000620383769 -0.037544220685958862
v -0.0010948600247502327 0.00039910999475978315 -0.037576969712972641
v -0.00082595000276342034 7.1479997131973505e-05 -0.037701208144426346
v -0.00081901001976802945 0.00011344000085955486 -0.037619661539793015
v -0.00077437999425455928 0.00012906000483781099 -0.037662949413061142
v -0.0009450400248169899 0.00056970998411998153 -0.037574250251054764
v -0.00054963998263701797 0.00020568000036291778 -0.03786424919962883
v -0.00055527000222355127 0.00024692999431863427 -0.037789210677146912
v -0.00068028998794034123 0.00029138999525457621 -0.03771258145570755
v -0.00047575001372024417 0.00010327000200049952 -0.037894081324338913
v -0.00036420000833459198 8.0789999628905207e-05 -0.037594109773635864
v -0.00048819000949151814 0.00020260999735910445 -0.03769129142165184
v -0.00055077997967600822 0.00046055001439526677 -0.037730060517787933
v -0.00038357000448741019 0.00062141998205333948 -0.037692021578550339
v -0.00018889999773819 0.00028020999161526561 -0.038055520504713058
v -4.4320000597508624e-05 0.00015993000124581158 -0.038018010556697845
v -0.00033782000537030399 3.8819998735561967e-05 -0.037746798247098923
v -0.00024635001318529248 0.00019002000044565648 -0.037798460572957993
v -9.2850001237820834e-05 0.00029356998857110739 -0.037776149809360504
v -0.00027134999982081354 0.00037014999543316662 -0.038029041141271591
v -0.00028445001225918531 0.00041157001396641135 -0.037959840148687363
v -1.0239999937766697e-05 0.00062860001344233751 -0.038134701550006866
v -0.00022099999478086829 0.00038628000766038895 -0.037869170308113098
v -0.00013601999671664089 0.00035016000038012862 -0.037826050072908401
v -8.6800000644871034e-06 0.0005053799832239747 -0.037812720984220505
v -0.00020694000704679638 0.00076578999869525433 -0.037616219371557236
v -4.9099999159807339e-05 0.00088542001321911812 -0.037520401179790497
v -0.0025980700738728046 0.00014105999434832484 -0.037074059247970581
v -0.0024992299731820822 0.00037682001129724085 -0.036970421671867371
v -0.0023852400481700897 0.00059713999507948756 -0.036853630095720291
v -0.0022320200223475695 0.00080191000597551465 -0.036792010068893433
v -0.0027106199413537979 0.0010248200269415975 -0.036504480987787247
v -0.0024920799769461155 0.0013101700460538268 -0.036533400416374207
v -0.0020654899999499321 0.00011303000064799562 -0.037309311330318451
v -0.0020570498891174793 0.0003000799915753305 -0.03725896030664444
v -0.0019832400139421225 0.00047353000263683498 -0.037201609462499619
v -0.0018480099970474839 0.00063800998032093048 -0.037148620933294296
v -0.0016258700052276254 4.4969998270971701e-05 -0.037383619695901871
v -0.0016454999567940831 0.0001940200017997995 -0.037411149591207504
v -0.0015911799855530262 0.00034985999809578061 -0.037411119788885117
v -0.001476529985666275 0.00050919997738674283 -0.03739963099360466
v -0.0020332001149654388 0.0010138399666175246 -0.036771319806575775
v -0.0017823700327426195 0.0012556499568745494 -0.036777328699827194
v -0.0016543399542570114 0.00080839998554438353 -0.037090778350830078
v -0.0014052200131118298 0.00099952996242791414 -0.037018850445747375
v -0.0022240199614316225 0.001621210016310215 -0.036625668406486511
v -0.0023723701015114784 0.0024603300262242556 -0.036817338317632675
v -0.0027536500710994005 0.0021067999769002199 -0.03663942962884903
v -0.0019066400127485394 0.0019311399664729834 -0.03672444075345993
v -0.0014873200561851263 0.0015128799714148045 -0.036774791777133942
v -0.0015401600394397974 0.0022131800651550293 -0.036772888153791428
v -0.0012448199559003115 8.2320002547930926e-05 -0.037501510232686996
v -0.0013022699858993292 0.00067300000227987766 -0.037359781563282013
v -0.00074950000271201134 4.8919999244390056e-05 -0.037517819553613663
v -0.00071916001616045833 5.5690001317998394e-05 -0.037037529051303864
v -0.001069099991582334 0.00084225001046434045 -0.037274699658155441
v -0.001118939951993525 0.0012073200196027756 -0.036932870745658875
v -0.0007398999878205359 0.00073311000596731901 -0.037510529160499573
v -0.00080605002585798502 0.0010162199614569545 -0.037163190543651581
v -0.00046750000910833478 6.3560000853613019e-05 -0.037184219807386398
v -0.0006120799807831645 8.4819999756291509e-05 -0.037098750472068787
v -0.00058186997193843126 6.2120001530274749e-05 -0.036961238831281662
v -0.00053578999359160662 0.00019047000387217849 -0.037018749862909317
v -0.0004537799977697432 0.00023565000446978956 -0.03709058091044426
v -0.00025737998657859862 1.3740000213147141e-05 -0.03729499876499176
v -0.00032377999741584063 0.00021897000260651112 -0.037181589752435684
v -0.00013375999697018415 0.00016173999756574631 -0.037296589463949203
v -1.0460000339662656e-05 0.00033127001370303333 -0.037279710173606873
v -0.0002888999879360199 0.00022394000552594662 -0.036901801824569702
v -0.00017097000090871006 0.00040074999560602009 -0.037156261503696442
v -2.7210000553168356e-05 0.00059002998750656843 -0.03711467981338501
v -0.00027031998615711927 0.00042148001375608146 -0.037056811153888702
v -0.00030936000985093415 0.00037028000224381685 -0.036974329501390457
v -4.1700000110722613e-06 0.00043563000508584082 -0.036832671612501144
v -8.7549997260794044e-05 0.0005843000253662467 -0.036910608410835266
v -9.2870002845302224e-05 0.00062627997249364853 -0.037002909928560257
v -0.00051368999993428588 0.00088667997624725103 -0.037409670650959015
v -0.00054212997201830149 0.0011942200362682343 -0.037044070661067963
v -0.00030067001353017986 0.001027769991196692 -0.037295468151569366
v -0.0001147599978139624 0.0011283899657428265 -0.037187259644269943
v -0.00029957000515423715 0.001320039969868958 -0.036942340433597565
v -0.00010052000288851559 0.0013374700210988522 -0.036882989108562469
v -0.0011558400001376867 0.0017710699466988444 -0.036728478968143463
v -0.00081376999150961637 0.0014276800211519003 -0.036832850426435471
v -0.0008354199817404151 0.0020163101144134998 -0.036645051091909409
v -0.0011649599764496088 0.0024689501151442528 -0.036762431263923645
v -0.00082136999117210507 0.0027001099660992622 -0.036684490740299225
v -0.00047592999180778861 0.0016195100033655763 -0.036697778850793839
v -0.00017283999477513134 0.0015124799683690071 -0.03669058158993721
v -5.1000000667045242e-07 0.0014124199515208602 -0.036695919930934906
v -7.799999934832158e-07 0.0015331000322476029 -0.036584261804819107
v -0.00015095999697223306 0.0016698800027370453 -0.036553498357534409
v -0.00034289999166503549 0.0018806300358846784 -0.036533050239086151
v -0.00019380000594537705 0.0020237599965184927 -0.036440268158912659
v -7.3980001616291702e-05 0.001772910007275641 -0.036480121314525604
v -0.00057353999000042677 0.0022347099147737026 -0.03653113916516304
v -3.0049999622860923e-05 0.0020740299951285124 -0.036418341100215912
v -0.00033569999504834414 0.0024034599773585796 -0.036425139755010605
v -8.7380001787096262e-05 0.0024997498840093613 -0.03636540099978447
v -0.0022037199232727289 0.0040897098369896412 -0.038487080484628677
v -0.0018300299998372793 0.0035451599396765232 -0.037726119160652161
v -0.0026233498938381672 0.0046660997904837132 -0.039386879652738571
v -0.0019431300461292267 0.004986640065908432 -0.039633691310882568
v -0.0016134700272232294 0.0043875901028513908 -0.038654271513223648
v -0.001322729978710413 0.0038226800970733166 -0.037806589156389236
v -0.0012878499692305923 0.0053612999618053436 -0.039626210927963257
v -0.0010417799931019545 0.0047248802147805691 -0.038608919829130173
v -0.00082756998017430305 0.0041145798750221729 -0.037728700786828995
v -0.00033042998984456062 0.0043924502097070217 -0.037543080747127533
v -0.00047336998977698386 0.0050662201829254627 -0.038396831601858139
v -0.0023636000696569681 0.0033104100730270147 -0.037436649203300476
v -0.0019385799532756209 0.0027427698951214552 -0.037008021026849747
v -0.001490129972808063 0.0029917301144450903 -0.03713700920343399
v -0.0010648999596014619 0.003244810039177537 -0.037129819393157959
v -0.00049052998656406999 0.0028960900381207466 -0.036575000733137131
v -0.0001535500050522387 0.0030463500879704952 -0.036469869315624237
v -0.00064916000701487064 0.0034857199061661959 -0.037030119448900223
v -0.00022919999901205301 0.003698199987411499 -0.036881599575281143
v -0.0052210502326488495 0.0064941300079226494 -0.041790731251239777
v -0.0041926898993551731 0.0069421799853444099 -0.042507190257310867
v -0.0048244800418615341 0.0080050397664308548 -0.043518941849470139
v -0.0036272900179028511 0.0060644201003015041 -0.041450459510087967
v -0.0031859499868005514 0.0074110799469053745 -0.04288535937666893
v -0.0055499901063740253 0.009309699758887291 -0.044441919773817062
v -0.0042729899287223816 0.0099844299256801605 -0.044828739017248154
v -0.0029732699040323496 0.010589939542114735 -0.044846169650554657
v -0.0036933498922735453 0.0085660303011536598 -0.043901901692152023
v -0.0027332298923283815 0.0064634298905730247 -0.041809741407632828
v -0.0021936900448054075 0.007885330356657505 -0.042940050363540649
v -0.0018638300243765116 0.0068939798511564732 -0.041864950209856033
v -0.0010090500582009554 0.0073439101688563824 -0.041623018682003021
v -0.00012758999946527183 0.007728970143944025 -0.041250798851251602
v -0.0025604900438338518 0.0090986303985118866 -0.043940648436546326
v -0.0014251599786803126 0.0095798997208476067 -0.043665580451488495
v -0.0012087000068277121 0.0083494698628783226 -0.042686089873313904
v -0.00020266999490559101 0.0087392097339034081 -0.042283989489078522
v -0.00027411998598836362 0.0099657103419303894 -0.043240748345851898
v -0.0045559899881482124 0.005709140095859766 -0.040780209004878998
v -0.0023176700342446566 0.005666930228471756 -0.040705680847167969
v -0.0015618799952790141 0.0060684802010655403 -0.040735948830842972
v -0.0008203699835576117 0.0064971297979354858 -0.040499880909919739
v -0.00064202002249658108 0.0057557099498808384 -0.039397541433572769
v -4.4209999032318592e-05 0.0068624899722635746 -0.040159210562705994
v -0.0088897496461868286 0.011715560220181942 -0.044718790799379349
v -0.010175709612667561 0.013714640401303768 -0.044606968760490417
v -0.0085422797128558159 0.015097259543836117 -0.04539811983704567
v -0.0074026300571858883 0.012853849679231644 -0.045559819787740707
v -0.0057715000584721565 0.013828890398144722 -0.045913871377706528
v -0.0067059798166155815 0.016242189332842827 -0.04569987952709198
v -0.0098006799817085266 0.017590280622243881 -0.044434439390897751
v -0.011122260242700577 0.020175209268927574 -0.042578298598527908
v -0.0088292500004172325 0.021605079993605614 -0.042674899101257324
v -0.0077438801527023315 0.018893420696258545 -0.044651631265878677
v -0.0049554901197552681 0.011720599606633186 -0.045541010797023773
v -0.0034616501070559025 0.012411870062351227 -0.045528780668973923
v -0.0040552699938416481 0.014616990461945534 -0.045860681682825089
v -0.0016642999835312366 0.011101259849965572 -0.044537931680679321
v -0.0019516500178724527 0.012957979924976826 -0.045182839035987854
v -0.00034662001417018473 0.011480939574539661 -0.04410305991768837
v -0.00043884999467991292 0.013330839574337006 -0.044747240841388702
v -0.0023128299508243799 0.015194470062851906 -0.045479990541934967
v -0.00056945002870634198 0.015561340376734734 -0.04504958912730217
v -0.0047479001805186272 0.017127059400081635 -0.045603379607200623
v -0.0055332998745143414 0.019863799214363098 -0.044518418610095978
v -0.0032619000412523746 0.020481519401073456 -0.044112470000982285
v -0.0027491399087011814 0.017729420214891434 -0.045199740678071976
v -0.00074648001464083791 0.01809128001332283 -0.044781919568777084
v -0.00097795994952321053 0.020839499309659004 -0.043716009706258774
v -0.016263769939541817 0.022978559136390686 -0.035964000970125198
v -0.012451469898223877 0.02269430086016655 -0.039739228785037994
v -0.013779019936919212 0.0251009501516819 -0.036034610122442245
v -0.020368060097098351 0.022525100037455559 -0.03165895864367485
v -0.017826119437813759 0.025109700858592987 -0.031639009714126587
v -0.022188939154148102 0.024464769288897514 -0.026836719363927841
v -0.019424319267272949 0.027191430330276489 -0.026730220764875412
v -0.020955419167876244 0.029162919148802757 -0.021356070414185524
v -0.017916439101099968 0.03184216096997261 -0.021310409530997276
v -0.015095599927008152 0.027348510921001434 -0.031581860035657883
v -0.012062519788742065 0.029022609815001488 -0.031312230974435806
v -0.016456359997391701 0.029555939137935638 -0.026600589975714684
v -0.01319723017513752 0.031363010406494141 -0.026324199512600899
v -0.0063592600636184216 0.022639859467744827 -0.042487800121307373
v -0.009906119666993618 0.024199699983000755 -0.039675459265708923
v -0.010981540195643902 0.026673480868339539 -0.035829268395900726
v -0.0071735400706529617 0.025267830118536949 -0.039393510669469833
v -0.0079963598400354385 0.027787040919065475 -0.035467389971017838
v -0.0038142499979585409 0.023277429863810539 -0.042085800319910049
v -0.0012493899557739496 0.02364530973136425 -0.041711978614330292
v -0.0043693901970982552 0.02594376914203167 -0.038987360894680023
v -0.0015462599694728851 0.026348009705543518 -0.038629919290542603
v -0.0049485298804938793 0.028532519936561584 -0.035068389028310776
v -0.0018841499695554376 0.028999960049986839 -0.034730728715658188
v -0.0088479099795222282 0.030236750841140747 -0.030941279605031013
v -0.0097605297341942787 0.032709341496229172 -0.02598579041659832
v -0.0055728401057422161 0.031095670536160469 -0.030580149963498116
v -0.0022786699701100588 0.031653460115194321 -0.030275309458374977
v -0.0062598302029073238 0.033691659569740295 -0.025670060887932777
v -0.002734780078753829 0.034336701035499573 -0.025393340736627579
v -0.019304260611534119 0.033981699496507645 -0.015720050781965256
v -0.020448280498385429 0.035749051719903946 -0.0098382299765944481
v -0.014433880336582661 0.033810559660196304 -0.021065030246973038
v -0.015619739890098572 0.036084428429603577 -0.015511260367929935
v -0.011738070286810398 0.037668928503990173 -0.015253650024533272
v -0.016602110117673874 0.037903778254985809 -0.0096394699066877365
v -0.01254718005657196 0.039493151009082794 -0.0093874698504805565
v -0.021153470501303673 0.036897998303174973 -0.0037521698977798223
v -0.021552110090851784 0.0376015305519104 0.00238232989795506
v -0.017317179590463638 0.039207808673381805 -0.0035785599611699581
v -0.01770113967359066 0.039935678243637085 0.002542559988796711
v -0.013159750029444695 0.040779560804367065 -0.0033271398860961199
v -0.013541620224714279 0.041537880897521973 0.0027731501031666994
v -0.010766539722681046 0.035297200083732605 -0.02077149972319603
v -0.0070269699208438396 0.036378968507051468 -0.020485490560531616
v -0.0077467998489737511 0.038579650223255157 -0.014909240417182446
v -0.0083896098658442497 0.04036974161863327 -0.0090422304347157478
v -0.0032575200311839581 0.037077829241752625 -0.020214490592479706
v -0.0037564300000667572 0.039292480796575546 -0.014626249670982361
v -0.0042388001456856728 0.041050251573324203 -0.0087343798950314522
v -0.00013818999286741018 0.041659839451313019 -0.0084880301728844643
v -0.0089041301980614662 0.041607581079006195 -0.0029917699284851551
v -0.0092715797945857048 0.042373411357402802 0.0030828800518065691
v -0.0046587199904024601 0.042248629033565521 -0.0026651499792933464
v -0.00046695000492036343 0.042859550565481186 -0.0023702399339526892
v -0.0050027500838041306 0.043006978929042816 0.0034031399991363287
v -0.00078219000715762377 0.043600611388683319 0.0037196800112724304
v -0.044615671038627625 0.0036751499865204096 0.0070593301206827164
v -0.04451896995306015 0.0038909600116312504 0.013083389960229397
v -0.044078480452299118 0.0081612197682261467 0.0070929802022874355
v -0.043948948383331299 0.0083581097424030304 0.013112230226397514
v -0.042963720858097076 3.2499999633728294e-06 0.024144960567355156
v -0.044130798429250717 0.0040564201772212982 0.018827959895133972
v -0.042977910488843918 0.0041560698300600052 0.024198120459914207
v -0.041680999100208282 0.00019624999549705535 0.02913689985871315
v -0.04144078865647316 0.0042074299417436123 0.029140859842300415
v -0.043302439153194427 0.0084444098174571991 0.018840139731764793
v -0.041919458657503128 0.0083325803279876709 0.024119589477777481
v -0.040375750511884689 0.008206389844417572 0.029012270271778107
v -0.04256410151720047 0.012572170235216618 0.0071937600150704384
v -0.042406521737575531 0.012753680348396301 0.013166369870305061
v -0.040459398180246353 0.016860850155353546 0.0073407799936830997
v -0.04028426855802536 0.017023440450429916 0.013258559629321098
v -0.038068629801273346 0.021035259589552879 0.0075209499336779118
v -0.037890531122684479 0.021174190565943718 0.013396359980106354
v -0.041700210422277451 0.012748089618980885 0.018846120685338974
v -0.0403885617852211 0.012502660043537617 0.024081069976091385
v -0.03943571075797081 0.016840079799294472 0.018833279609680176
v -0.038885701447725296 0.012211269699037075 0.028926700353622437
v -0.036915671080350876 0.01606358028948307 0.028832770884037018
v -0.038353689014911652 0.016546890139579773 0.02405942976474762
v -0.037102028727531433 0.020921390503644943 0.018929280340671539
v -0.036036930978298187 0.020457319915294647 0.024093639105558395
v -0.034790918231010437 0.019845839589834213 0.028810299932956696
v -0.039674881845712662 0.00041124000563286245 0.033554069697856903
v -0.039368599653244019 0.0041908798739314079 0.03351404145359993
v -0.037191528826951981 0.00063591002253815532 0.037384051829576492
v -0.036852270364761353 0.0041424199007451534 0.037285890430212021
v -0.034399401396512985 0.00089164002565667033 0.040626700967550278
v -0.034077741205692291 0.0041121398098766804 0.040469449013471603
v -0.038316089659929276 0.0079558901488780975 0.033317331224679947
v -0.036034941673278809 0.0077076801098883152 0.037124078720808029
v -0.036918781697750092 0.011745000258088112 0.033176921308040619
v -0.034762009978294373 0.011219830252230167 0.036920979619026184
v -0.035264849662780762 0.015456610359251499 0.033099249005317688
v -0.031431850045919418 0.0011459699599072337 0.043215148150920868
v -0.031143870204687119 0.0040733199566602707 0.042995661497116089
v -0.033344440162181854 0.0073854802176356316 0.040241621434688568
v -0.032197721302509308 0.01059349998831749 0.039947319775819778
v -0.030503639951348305 0.0070431199856102467 0.042692791670560837
v -0.0294833704829216 0.0099282795563340187 0.042293358594179153
v -0.02672307938337326 0.0092335296794772148 0.043920468538999557
v -0.02300645038485527 0.010672619566321373 0.04427231103181839
v -0.028470229357481003 0.0013698299881070852 0.045104809105396271
v -0.028196999803185463 0.0040063001215457916 0.044817749410867691
v -0.025632090866565704 0.001551029970869422 0.046337481588125229
v -0.025361569598317146 0.0039034800138324499 0.046001531183719635
v -0.023035060614347458 0.0016773500246927142 0.046955019235610962
v -0.022761959582567215 0.0037572800647467375 0.046612899750471115
v -0.027622619643807411 0.0066695800051093102 0.044424589723348618
v -0.024833530187606812 0.0062685301527380943 0.045536909252405167
v -0.024040739983320236 0.0085314298048615456 0.044952161610126495
v -0.033066041767597198 0.014585330151021481 0.036657899618148804
v -0.030661260709166527 0.013650779612362385 0.03956754133105278
v -0.028113149106502533 0.012663870118558407 0.041791949421167374
v -0.03299596905708313 0.01884767971932888 0.03287053108215332
v -0.030979599803686142 0.017710600048303604 0.036316279321908951
v -0.028637820854783058 0.020630350336432457 0.036007970571517944
v -0.028758659958839417 0.016471929848194122 0.039083369076251984
v -0.025527000427246094 0.011658020317554474 0.043317161500453949
v -0.026423070579767227 0.015184950083494186 0.041183009743690491
v -0.02406281977891922 0.013902979902923107 0.042626418173313141
v -0.022381430491805077 0.015986349433660507 0.041921868920326233
v -0.026609040796756744 0.019095059484243393 0.038620259612798691
v -0.02449880912899971 0.017522269859910011 0.040579911321401596
v -0.024331480264663696 0.021558329463005066 0.038303758949041367
v -0.0224259402602911 0.019706560298800468 0.040095970034599304
v -0.035367898643016815 0.02502020075917244 0.0077112298458814621
v -0.035199448466300964 0.025130240246653557 0.013563919812440872
v -0.034416839480400085 0.024745110422372818 0.019043350592255592
v -0.032260529696941376 0.028657309710979462 0.0079034799709916115
v -0.028754159808158875 0.031866949051618576 0.0080962600186467171
v -0.031949471682310104 0.028570260852575302 0.013701129704713821
v -0.028619499877095222 0.031894069164991379 0.013865609653294086
v -0.03339574858546257 0.024123050272464752 0.024145469069480896
v -0.032203521579504013 0.023312300443649292 0.028772789984941483
v -0.029428610578179359 0.02655629999935627 0.028814619407057762
v -0.031419288367033005 0.028266480192542076 0.019184950739145279
v -0.03050277940928936 0.027528330683708191 0.024241389706730843
v -0.02817654050886631 0.031511209905147552 0.019335189834237099
v -0.027392759919166565 0.030653910711407661 0.024365389719605446
v -0.026472320780158043 0.029527349397540092 0.028907449916005135
v -0.023302849382162094 0.032142750918865204 0.029005059972405434
v -0.025286879390478134 0.035046268254518509 0.0082575101405382156
v -0.025323409587144852 0.035140261054039001 0.01405434962362051
v -0.024940969422459602 0.034637670964002609 0.019528729841113091
v -0.024265909567475319 0.03363431990146637 0.024555269628763199
v -0.030510790646076202 0.022053750231862068 0.032708059996366501
v -0.02617575041949749 0.023379279300570488 0.035844840109348297
v -0.027884380891919136 0.025067349895834923 0.032663650810718536
v -0.023580599576234818 0.025906050577759743 0.035797879099845886
v -0.025104019790887833 0.027832319959998131 0.032702278345823288
v -0.0011810900177806616 0.0021887100301682949 0.031016839668154716
v -0.00035908000427298248 0.001603199983946979 0.031114129349589348
v -0.00038146000588312745 0.0023330401163548231 0.030585410073399544
v -0.0016015799483284354 0.0034155100584030151 0.030979039147496223
v -0.0014702799962833524 0.0041881799697875977 0.030851790681481361
v -0.0016185600543394685 0.0049448199570178986 0.031077120453119278
v -0.0015263899695128202 0.004960319958627224 0.030983120203018188
v -0.0015409099869430065 0.0054503697901964188 0.031183350831270218
v -0.0014548900071531534 0.0054001901298761368 0.031078130006790161
v -0.00071719998959451914 0.003208270063623786 0.030238000676035881
v -0.0012446800246834755 0.0028413499239832163 0.030762959271669388
v -0.00096456997562199831 0.0034050699323415756 0.030442379415035248
v -0.00090074999025091529 0.0033524800091981888 0.030391449108719826
v -0.0011406299890950322 0.0035703401081264019 0.030562879517674446
v -0.0012192899594083428 0.0035368199460208416 0.030665960162878036
v -0.0010709300404414535 0.0036143499892205 0.030406810343265533
v -0.0012915499974042177 0.0039916499517858028 0.030659770593047142
v -0.0012008900521323085 0.0038324599154293537 0.030557749792933464
v -0.00098072004038840532 0.0034368499182164669 0.030436979606747627
v -0.00053717999253422022 0.0030650598928332329 0.030089259147644043
v -0.0004318899882491678 0.0029643198940902948 0.030179010704159737
v -0.00039463999564759433 0.0029294800478965044 0.030209500342607498
v -0.00040451998938806355 0.0029303000774234533 0.030283840373158455
v -0.00017672000103630126 0.0028411699458956718 0.030207250267267227
v -0.00069453998003154993 0.0028027200605720282 0.030536869540810585
v -0.00064477999694645405 0.0028832200914621353 0.030443029478192329
v -0.001315479981712997 0.0042284899391233921 0.030595790594816208
v -0.001391340047121048 0.0042166798375546932 0.030748819932341576
v -0.0013025599764660001 0.004100630059838295 0.030630340799689293
v -0.0013352100504562259 0.0043705599382519722 0.030628349632024765
v -0.0013676800299435854 0.0046172500587999821 0.030681300908327103
v -0.0013677800307050347 0.0046169301494956017 0.030681509524583817
v -0.0013125200057402253 0.0049040699377655983 0.030556149780750275
v -0.0013006599619984627 0.0048369700089097023 0.03053566999733448
v -0.0012798500247299671 0.0049096099101006985 0.030522929504513741
v -0.0012633800506591797 0.004969209898263216 0.030528439208865166
v -0.0012325999559834599 0.0050892499275505543 0.030542120337486267
v -0.0012480099685490131 0.0052917199209332466 0.03063713014125824
v -0.0011756099993363023 0.005249400157481432 0.030542999505996704
v -0.0011995399836450815 0.0052181901410222054 0.030556589365005493
v -0.0010737399570643902 0.0053810500539839268 0.030538789927959442
v -0.0010215600486844778 0.005448480136692524 0.030537040904164314
v -0.0010891699930652976 0.0058049298822879791 0.031017450615763664
v -0.00098604999948292971 0.0055006700567901134 0.030540129169821739
v -0.00091499998234212399 0.0056062298826873302 0.030578909441828728
v -0.00085688999388366938 0.0056948200799524784 0.030674459412693977
v -0.00072440999792888761 0.0057692499831318855 0.030667960643768311
v -0.0010437399614602327 0.0057251201942563057 0.030921600759029388
v -0.00090747000649571419 0.0056360000744462013 0.031107170507311821
v -0.00069272000109776855 0.0057870498858392239 0.030666399747133255
v -0.00046457999269478023 0.0059603299014270306 0.03073452040553093
v -0.00038439000491052866 0.0060212397947907448 0.030758490785956383
v -0.00036164998891763389 0.0060383500531315804 0.030758459120988846
v -0.00047870000707916915 0.0059792199172079563 0.030782390385866165
v -0.00051235000137239695 0.0060708499513566494 0.030878420919179916
v -0.00040359000558964908 0.0060125701129436493 0.031000770628452301
v -0.00033876000088639557 0.0060415701009333134 0.030746929347515106
v -0.00027277998742647469 0.0060523198917508125 0.030697410926222801
v -4.6569999540224671e-05 0.0061075398698449135 0.030559929087758064
v -0.00012701000378001481 0.0060879001393914223 0.030608829110860825
v -6.8399999690882396e-06 0.0061152400448918343 0.030592929571866989
v -9.2709997261408716e-05 0.0060827801935374737 0.030974660068750381
v -0.00067024002783000469 0.0065022697672247887 0.031132949516177177
v -5.9239999245619401e-05 0.0061661000363528728 0.03067610040307045
v -8.2560000009834766e-05 0.0062671001069247723 0.030771689489483833
v -0.00012230999709572643 0.0066602998413145542 0.030994830653071404
v -0.01751985028386116 0.010515259578824043 0.04403218999505043
v -0.012215309776365757 0.0023219299037009478 0.044262070208787918
v -0.012058219872415066 0.0033459700644016266 0.043917078524827957
v -0.011821160092949867 0.0043866001069545746 0.043426759541034698
v -0.011520669795572758 0.0054345200769603252 0.04278872162103653
v -0.014483089558780193 0.0075024100951850414 0.044002939015626907
v -0.015600619837641716 0.0096072601154446602 0.043712351471185684
v -0.013207759708166122 0.0057801199145615101 0.043926268815994263
v -0.01274458970874548 0.0069610602222383022 0.04312610998749733
v -0.011164340190589428 0.0064868498593568802 0.042034819722175598
v -0.012219890020787716 0.0081360302865505219 0.042233958840370178
v -0.013829009607434273 0.008814680390059948 0.043089810758829117
v -0.013073029927909374 0.010114300064742565 0.042151391506195068
v -0.011605639941990376 0.0093194600194692612 0.04132658988237381
v -0.020687410607933998 3.3579999580979347e-05 0.047272589057683945
v -0.020615970715880394 0.001786140026524663 0.047090809792280197
v -0.020343579351902008 0.0036104600876569748 0.046759620308876038
v -0.019883619621396065 0.0054392497986555099 0.046278361231088638
v -0.018397059291601181 0.00037568999687209725 0.047050580382347107
v -0.018311679363250732 0.0019147299462929368 0.046878278255462646
v -0.018051879480481148 0.0035057798959314823 0.046549499034881592
v -0.017634479328989983 0.0050998399965465069 0.046059131622314453
v -0.022268589586019516 0.0058436198160052299 0.046129558235406876
v -0.021560249850153923 0.0078442003577947617 0.045511968433856964
v -0.020655250176787376 0.0097470497712492943 0.044786609709262848
v -0.01924947090446949 0.0072052301838994026 0.045646429061889648
v -0.017076240852475166 0.0066479099914431572 0.045401990413665771
v -0.018456429243087769 0.008900039829313755 0.044889211654663086
v -0.016224509105086327 0.00071281997952610254 0.046496961265802383
v -0.01613583043217659 0.0020546698942780495 0.046325881034135818
v -0.01418272964656353 0.0010354999685660005 0.045625731348991394
v -0.014102050103247166 0.0021975298877805471 0.045442048460245132
v -0.015900010243058205 0.0034348799381405115 0.045993048697710037
v -0.015534549951553345 0.0048190401867032051 0.045491911470890045
v -0.012236629612743855 0.00036661999183706939 0.044564150273799896
v -0.012275869958102703 0.0013238099636510015 0.044464051723480225
v -0.013901149854063988 0.00338940997608006 0.04510067030787468
v -0.01359730027616024 0.0045904899016022682 0.044596940279006958
v -0.016393039375543594 0.0081502804532647133 0.044609319418668747
v -0.015056920237839222 0.0061726998537778854 0.044816121459007263
v -0.021753799170255661 0.012672550044953823 0.043522458523511887
v -0.019571850076317787 0.011540169827640057 0.043979980051517487
v -0.020305149257183075 0.01453826017677784 0.042739711701869965
v -0.018318150192499161 0.013228979893028736 0.043127059936523438
v -0.018682859838008881 0.016276810318231583 0.041961200535297394
v -0.016902249306440353 0.014818940311670303 0.042262841016054153
v -0.020533589646220207 0.017926029860973358 0.041277021169662476
v -0.020221579819917679 0.021719150245189667 0.039770700037479401
v -0.016910569742321968 0.017891239374876022 0.041334878653287888
v -0.018543930724263191 0.01971890963613987 0.040791470557451248
v -0.016439350321888924 0.012057590298354626 0.043125208467245102
v -0.014687620103359222 0.01102317962795496 0.042775440961122513
v -0.015214569866657257 0.013533709570765495 0.042218059301376343
v -0.01533817034214735 0.016303179785609245 0.041543468832969666
v -0.011159189976751804 0.012640249915421009 0.040530949831008911
v -0.013642669655382633 0.012402360327541828 0.041862960904836655
v -0.012193440459668636 0.011406020261347294 0.041262269020080566
v -0.012331550009548664 0.016193609684705734 0.040971741080284119
v -0.013845359906554222 0.01492020022124052 0.041452869772911072
v -0.012450749985873699 0.01370777003467083 0.041098758578300476
v -0.016437109559774399 0.0213618203997612 0.040564820170402527
v -0.015011870302259922 0.019384609535336494 0.041008718311786652
v -0.011820980347692966 0.018879970535635948 0.040968980640172958
v -0.013639969751238823 0.017674779519438744 0.041125029325485229
v -0.01300050038844347 0.020697619765996933 0.040926538407802582
v -0.006406010128557682 0.0030947399791330099 0.037647679448127747
v -0.0064046499319374561 0.0036687399260699749 0.037390880286693573
v -0.0063694198615849018 0.0042782998643815517 0.037078998982906342
v -0.0062911598943173885 0.0049208998680114746 0.036708671599626541
v -0.010458489879965782 0.00074283999856561422 0.043165240436792374
v -0.010508099570870399 0.0015578899765387177 0.043039001524448395
v -0.010480609722435474 0.0024065000470727682 0.042821168899536133
v -0.0087371896952390671 0.00038591001066379249 0.041645839810371399
v -0.0088490601629018784 0.0010480999480932951 0.041571538895368576
v -0.0089125800877809525 0.0017405300168320537 0.041430141776800156
v -0.0089204702526330948 0.0024609300307929516 0.041211329400539398
v -0.0088654803112149239 0.0032069699373096228 0.040904831141233444
v -0.0087601002305746078 0.0039815101772546768 0.040507618337869644
v -0.0086168097332119942 0.0047873998992145061 0.04001665860414505
v -0.010374169796705246 0.003281129989773035 0.042486980557441711
v -0.01020457036793232 0.0041797300800681114 0.042034018784761429
v -0.0099875899031758308 0.00510021997615695 0.041459869593381882
v -0.0072065498679876328 0.00017594000382814556 0.039981208741664886
v -0.0073452899232506752 0.00071146001573652029 0.039937019348144531
v -0.0074497498571872711 0.0012786500155925751 0.039851371198892593
v -0.0075224698521196842 0.0018745299894362688 0.039716921746730804
v -0.0075574298389256001 0.002494890009984374 0.039524540305137634
v -0.0060092601925134659 0.0005291299894452095 0.038294319063425064
v -0.0058647799305617809 0.0001034500019159168 0.038337480276823044
v -0.0061247898265719414 0.00099251000210642815 0.038224559277296066
v -0.0063081500120460987 0.0020066299475729465 0.038009211421012878
v -0.0063737700693309307 0.0025446000508964062 0.03785267099738121
v -0.0062211598269641399 0.0014871499733999372 0.038129169493913651
v -0.0075486698187887669 0.0031355400569736958 0.039265159517526627
v -0.0075003597885370255 0.0038036101032048464 0.03893648087978363
v -0.0074166799895465374 0.0045062201097607613 0.038536131381988525
v -0.0072960699908435345 0.0052445600740611553 0.038065459579229355
v -0.0071370098739862442 0.006019779946655035 0.037525668740272522
v -0.0059341499581933022 0.0062934397719800472 0.035809371620416641
v -0.0068826698698103428 0.0068252501077950001 0.036964990198612213
v -0.0061606899835169315 0.0055940300226211548 0.036276549100875854
v -0.0064762402325868607 0.0076542999595403671 0.036431670188903809
v -0.0074748401530086994 0.0083315698429942131 0.037522010505199432
v -0.0058932499960064888 0.0084618497639894485 0.035982768982648849
v -0.0068286298774182796 0.0092432498931884766 0.037033848464488983
v -0.0059589501470327377 0.0100783696398139 0.036722738295793533
v -0.0097291003912687302 0.0060403901152312756 0.040785141289234161
v -0.0084394803270697594 0.0056251399219036102 0.039440769702196121
v -0.0090532898902893066 0.0079856300726532936 0.039269201457500458
v -0.009434959851205349 0.0069980002008378506 0.040030449628829956
v -0.01075971033424139 0.0075406800024211407 0.041196819394826889
v -0.010270640254020691 0.0086171003058552742 0.04034968838095665
v -0.010873770341277122 0.010525760240852833 0.040480751544237137
v -0.0085321702063083649 0.0090158199891448021 0.038574811071157455
v -0.0088725201785564423 0.010830540210008621 0.038948848843574524
v -0.0096609201282262802 0.0097371703013777733 0.039568308740854263
v -0.0082319397479295731 0.006495289970189333 0.038788780570030212
v -0.0079313497990369797 0.0073975198902189732 0.03812703862786293
v -0.0078226299956440926 0.010023550130426884 0.038024809211492538
v -0.0032432000152766705 0.0008709399844519794 0.034413080662488937
v -0.0033557100687175989 0.001309799961745739 0.034221511334180832
v -0.003547989996150136 0.0026863201055675745 0.033680260181427002
v -0.0033298800699412823 0.0017333900323137641 0.033925201743841171
v -0.0033950200304389 0.0022158499341458082 0.033734500408172607
v -0.0049624498933553696 0.00085524999303743243 0.036727041006088257
v -0.0050425701774656773 0.0012761099496856332 0.036635030061006546
v -0.0047054397873580456 0.00014084999565966427 0.036854468286037445
v -0.0048498702235519886 0.00048583999159745872 0.036798868328332901
v -0.0043195001780986786 0.0024089498911052942 0.034965451806783676
v -0.0051238802261650562 0.0017262699548155069 0.036529440432786942
v -0.0052400198765099049 0.0021835800725966692 0.036416929215192795
v -0.0053517399355769157 0.0026462499517947435 0.036287691444158554
v -0.0038856400642544031 0.00052891997620463371 0.03552033007144928
v -0.0037319900002330542 0.0002096800017170608 0.035597018897533417
v -0.0040366901084780693 0.00079808000009506941 0.035506859421730042
v -0.0040749898180365562 0.0011251700343564153 0.035346899181604385
v -0.0029948900919407606 0.00018597999587655067 0.034749239683151245
v -0.0030819999519735575 0.00055246002739295363 0.034508761018514633
v -0.0034756199456751347 0.0010159600060433149 0.034592539072036743
v -0.0041078701615333557 0.0015328599838539958 0.035193521529436111
v -0.0041758702136576176 0.00197588000446558 0.035061459988355637
v -0.0046860100701451302 0.0045276698656380177 0.034284140914678574
v -0.0042225099168717861 0.0048230797983705997 0.033423978835344315
v -0.0046494100242853165 0.0049774898216128349 0.03407604992389679
v -0.0044376598671078682 0.0054234499111771584 0.033717349171638489
v -0.0028433098923414946 0.0029784298967570066 0.032538481056690216
v -0.0031510801054537296 0.0035274100955575705 0.032735280692577362
v -0.004023559857159853 0.0032813600264489651 0.033982101827859879
v -0.0037653299514204264 0.003067319979891181 0.033762741833925247
v -0.003969619981944561 0.0040418100543320179 0.033457498997449875
v -0.0039053100626915693 0.003597690025344491 0.033652141690254211
v -0.0035852999426424503 0.0046766400337219238 0.032684821635484695
v -0.0033024500589817762 0.0041681700386106968 0.032585438340902328
v -0.0029557000380009413 0.0050573498010635376 0.032095249742269516
v -0.0041106599383056164 0.0044911401346325874 0.033385638147592545
v -0.0039285398088395596 0.0050820098258554935 0.033024139702320099
v -0.0054522901773452759 0.0035996800288558006 0.035941239446401596
v -0.0046167401596903801 0.0031781999859958887 0.034862320870161057
v -0.0044845398515462875 0.002815319923684001 0.034900680184364319
v -0.0046252100728452206 0.0035810999106615782 0.034668099135160446
v -0.0046631298027932644 0.0040465700440108776 0.034478440880775452
v -0.0054198000580072403 0.0031124800443649292 0.036132138222455978
v -0.0054573100060224533 0.0041252397932112217 0.035706039518117905
v -0.0054169897921383381 0.004676430020481348 0.035420041531324387
v -0.00531347980722785 0.0052405400201678276 0.035076770931482315
v -0.002483980031684041 0.0002811900048982352 0.034096039831638336
v -0.0024850498884916306 0.00077137997141107917 0.03360322117805481
v -0.0026714398991316557 0.001302549964748323 0.033315509557723999
v -0.0019200399983674288 0.00021115000708959997 0.033599849790334702
v -0.0018464300082996488 0.00081623002188280225 0.032850738614797592
v -0.0026277101133018732 0.0018979100277647376 0.032801419496536255
v -0.0026948100421577692 0.002441310090944171 0.032556679099798203
v -0.0019204500131309032 0.0020466400310397148 0.03179347887635231
v -0.0018844000296667218 0.0014386699767783284 0.032246079295873642
v -0.0019886998925358057 0.0026473500765860081 0.031536128371953964
v -0.001143669942393899 0.00079074001405388117 0.03229450061917305
v -0.00035367000964470208 0.00079854001523926854 0.031976871192455292
v -0.0011521299602463841 0.0015143200289458036 0.031517300754785538
v -4.3899999582208693e-06 0.002698069903999567 0.031796779483556747
v -0.00023539000540040433 0.0027221899945288897 0.033143080770969391
v -0.0021232699509710073 0.0032479800283908844 0.031517211347818375
v -0.0023231098894029856 0.0038570000324398279 0.031639181077480316
v -0.0019215199863538146 0.0039691398851573467 0.031253151595592499
v -0.001459870021790266 0.0038806600496172905 0.032855778932571411
v -0.0015671999426558614 0.0038129999302327633 0.034176241606473923
v -0.0025872099213302135 0.0044828299432992935 0.031804569065570831
v -0.002025950001552701 0.0046676001511514187 0.031347941607236862
v -0.001412559999153018 0.0045533399097621441 0.031393349170684814
v -0.0015155799919739366 0.0044373199343681335 0.032709009945392609
v -0.0016185999847948551 0.004321299958974123 0.034024670720100403
v -0.001503129955381155 0.0048181298188865185 0.03387036919593811
v -0.0010796199785545468 0.0033889201004058123 0.03165825828909874
v -0.001352549996227026 0.0039483201690018177 0.031535360962152481
v -0.00059940002392977476 0.0029463400132954121 0.031749971210956573
v -0.0012141900369897485 0.003366169985383749 0.032985549420118332
v -0.0007812600233592093 0.0029545798897743225 0.03308602049946785
v -0.0013487599790096283 0.0033434301149100065 0.034312810748815536
v -0.00096311001107096672 0.0029628199990838766 0.034422069787979126
v -0.001253979979082942 0.0051327398978173733 0.031244330108165741
v -0.0013785599730908871 0.0049754399806261063 0.032557349652051926
v -0.0010774399852380157 0.0054604997858405113 0.032424189150333405
v -0.00124739995226264 0.0052849901840090752 0.033741209656000137
v -0.0014774500159546733 0.0033138000871986151 0.035388171672821045
v -0.0016882099444046617 0.0037527300883084536 0.035253200680017471
v -0.0016061499482020736 0.0032841700594872236 0.036463499069213867
v -0.0018092399695888162 0.0036924600135535002 0.036330219358205795
v -0.0017474499763920903 0.0042291600257158279 0.035106588155031204
v -0.0016513799782842398 0.0047000302001833916 0.034961659461259842
v -0.0017996099777519703 0.0045819301158189774 0.036052931100130081
v -0.0014245399506762624 0.0051454901695251465 0.034844890236854553
v -0.0016016700537875295 0.0050059901550412178 0.035948600620031357
v -0.0018762999679893255 0.0041370200924575329 0.036188520491123199
v -0.0011189200449734926 0.002955449977889657 0.035498011857271194
v -0.00046640000073239207 0.0027463000733405352 0.034489370882511139
v -0.00065693998476490378 0.0027516800910234451 0.035570401698350906
v -0.00013583000691141933 0.0027765000704675913 0.035592958331108093
v -0.0012747299624606967 0.0029480799566954374 0.036573909223079681
v -0.00084748998051509261 0.002757050096988678 0.036651398986577988
v -0.00035693999961949885 0.0027839599642902613 0.036685898900032043
v -0.0013049599947407842 0.0053880400955677032 0.035900700837373734
v -3.2399999327026308e-05 0.0051326798275113106 0.036096248775720596
v -0.002844169968739152 0.002556090010330081 0.041852269321680069
v -0.0037439200095832348 0.0024475499521940947 0.043816320598125458
v -0.0030815699137747288 0.0018187599489465356 0.043938148766756058
v -0.0028281500563025475 0.0017838600324466825 0.044007029384374619
v -0.0031634699553251266 0.0023252000100910664 0.042850211262702942
v -0.003421019995585084 0.0027076599653810263 0.042802538722753525
v -0.0034801398869603872 0.0020631200168281794 0.043851140886545181
v -0.0028207399882376194 0.003572060028091073 0.040673509240150452
v -0.0031790100038051605 0.0033703199587762356 0.041767891496419907
v -0.0030793400947004557 0.002933860057964921 0.041795309633016586
v -0.0031353500671684742 0.0038075000047683716 0.041774310171604156
v -0.0035342699848115444 0.0031508901156485081 0.042793929576873779
v -0.0038612599018961191 0.0028956399764865637 0.043829668313264847
v -0.0038205299060791731 0.0033309599384665489 0.043887011706829071
v -0.0034873699769377708 0.0035888999700546265 0.042826920747756958
v -0.003634460037574172 0.0036642400082200766 0.04397042840719223
v -0.0032966700382530689 0.0039331400766968727 0.042885828763246536
v -0.0029784799553453922 0.0040951301343739033 0.042955029755830765
v -0.0033158101141452789 0.003806200111284852 0.044061899185180664
v -0.0029574299696832895 0.0038081200327724218 0.044149689376354218
v -0.0029585498850792646 0.0041677397675812244 0.041807100176811218
v -0.0021836899686604738 0.0025057999882847071 0.040876839309930801
v -0.0018747999565675855 0.00271274009719491 0.039700839668512344
v -0.0019647199660539627 0.002445500111207366 0.040924899280071259
v -0.0017790900310501456 0.002564979949966073 0.04098040983080864
v -0.001609249971807003 0.0024985999334603548 0.040283579379320145
v -0.0011774300364777446 0.0027075000107288361 0.038383368402719498
v -0.0010608599986881018 0.0026403199881315231 0.03985828161239624
v -0.0024813700001686811 0.0022949699778109789 0.041934330016374588
v -0.0022484799847006798 0.0022429300006479025 0.041987430304288864
v -0.0015884400345385075 0.0024375598877668381 0.041004780679941177
v -0.0020701698958873749 0.0023716699797660112 0.042052458971738815
v -0.0018739999504759908 0.0022557999473065138 0.042075108736753464
v -0.0016467099776491523 0.0023233699612319469 0.042129781097173691
v -0.0025319899432361126 0.0020247099455446005 0.04299452155828476
v -0.0026687199715524912 0.0019266899907961488 0.044089160859584808
v -0.0024657601024955511 0.0018284600228071213 0.044127140194177628
v -0.0022400899324566126 0.0019231700571253896 0.044194009155035019
v -0.0027774600312113762 0.002069530077278614 0.042934440076351166
v -0.0023622598964720964 0.0021613501012325287 0.043065298348665237
v -0.0021611400879919529 0.0020549700129777193 0.043092250823974609
v -0.0019357400014996529 0.0021359899546951056 0.043156031519174576
v -0.0016392699908465147 0.0024452800862491131 0.04324880987405777
v -0.0013595599448308349 0.0024899300187826157 0.041051719337701797
v -0.0013304599560797215 0.0026171801146119833 0.04220455139875412
v -0.0021701699588447809 0.0039661298505961895 0.037964601069688797
v -0.0018780200043693185 0.0031787198968231678 0.038199268281459808
v -0.0015675299800932407 0.0028740700799971819 0.038301490247249603
v -0.0020839499775320292 0.0035530799068510532 0.038081921637058258
v -0.0021905999165028334 0.0029946900904178619 0.03960902988910675
v -0.0023966201115399599 0.0033612200058996677 0.039516068994998932
v -0.0025204599369317293 0.0027733799070119858 0.040793228894472122
v -0.0027331199962645769 0.0031453201081603765 0.040723551064729691
v -0.0024847299791872501 0.0037742299027740955 0.039432678371667862
v -0.0027824901044368744 0.0040040197782218456 0.040648721158504486
v -0.0021214899607002735 0.0043868701905012131 0.037862468510866165
v -0.0022916900925338268 0.004574089776724577 0.039336968213319778
v -0.0019549001008272171 0.0047765299677848816 0.037792719900608063
v -0.0016873499844223261 0.0050963400863111019 0.037772629410028458
v -0.0020280999597162008 0.0048579899594187737 0.039345048367977142
v -0.0024468300398439169 0.0041956901550292969 0.039369609206914902
v -0.0026227000635117292 0.0043780501000583172 0.040651660412549973
v -0.0023457501083612442 0.0046310098841786385 0.040684759616851807
v -0.0020050399471074343 0.0047299601137638092 0.040739510208368301
v -0.0016539599746465683 0.0046419901773333549 0.040807310491800308
v -0.0016928799450397491 0.0049885502085089684 0.039388380944728851
v -0.00073264999082311988 0.0027473699301481247 0.038439620286226273
v -0.00034060998586937785 0.0029885699041187763 0.038451459258794785
v -0.00010869999823626131 0.0034259599633514881 0.038400020450353622
v -6.4419997215736657e-05 0.0039532301016151905 0.038294829428195953
v -0.00070212001446634531 0.0028948599938303232 0.039895031601190567
v -0.0010433000279590487 0.0040759597904980183 0.040986280888319016
v -0.00051230000099167228 0.0033240099437534809 0.039872881025075912
v -0.00049936998402699828 0.0038211799692362547 0.039800271391868591
v -0.0013418799499049783 0.0052582100033760071 0.037800740450620651
v -0.00094152998644858599 0.0051740300841629505 0.037875581532716751
v -0.000235290004638955 0.0044641299173235893 0.038145359605550766
v -0.00055107002845034003 0.0048929499462246895 0.037992149591445923
v -0.00096625002333894372 0.0046562901698052883 0.039561759680509567
v -0.0013231700286269188 0.0044097499921917915 0.04088921844959259
v -0.0013228700263425708 0.0049069197848439217 0.039461690932512283
v -0.00067121000029146671 0.0042798197828233242 0.039685588330030441
v -0.0014019700465723872 0.0038509299047291279 0.042138978838920593
v -0.0022982899099588394 0.0040293601341545582 0.043093860149383545
v -0.0026522199623286724 0.0037212800234556198 0.044221989810466766
v -0.001532810041680932 0.0028556499164551497 0.043288931250572205
v -0.0015840500127524137 0.003273349953815341 0.043281231075525284
v -0.0017606900073587894 0.0036046500317752361 0.043230548501014709
v -0.0020147599279880524 0.0038548700977116823 0.043160278350114822
v -0.0026588300243020058 0.0043733902275562286 0.041858728975057602
v -0.0023066198918968439 0.0044299298897385597 0.041921250522136688
v -0.0019723200239241123 0.0043428600765764713 0.041986819356679916
v -0.0016670599579811096 0.0041404301300644875 0.042058419436216354
v -0.0026174599770456553 0.0041141100227832794 0.043026890605688095
v -0.0010224300203844905 0.0027648198883980513 0.041109301149845123
v -0.0008615800179541111 0.0031904301140457392 0.041113458573818207
v -0.0011978100519627333 0.0030362200923264027 0.042227279394865036
v -0.0008706499938853085 0.0036623000632971525 0.041070390492677689
v -0.0012284299591556191 0.0034807301126420498 0.042203571647405624
v -0.0047805397771298885 0.0064441398717463017 0.034258600324392319
v -0.0043161599896848202 0.0070474399253726006 0.033862899988889694
v -0.0034687400329858065 0.0055124298669397831 0.032593138515949249
v -0.0030343499965965748 0.0060033798217773438 0.032272011041641235
v -0.0028166000265628099 0.0064439200796186924 0.032201789319515228
v -0.0040893401019275188 0.0059430301189422607 0.033310260623693466
v -0.0036601999308913946 0.006470200140029192 0.032945811748504639
v -0.003206019988283515 0.0069389198906719685 0.032715179026126862
v -0.0037186599802225828 0.0075912498869001865 0.033568359911441803
v -0.003009619889780879 0.0080583300441503525 0.033358361572027206
v -0.0051126801408827305 0.0058267200365662575 0.034686300903558731
v -0.0055677099153399467 0.0070148701779544353 0.035333860665559769
v -0.0050459401682019234 0.0077172801829874516 0.034912198781967163
v -0.0035351898986846209 0.0089146802201867104 0.034400731325149536
v -0.005109190009534359 0.0092028295621275902 0.035675421357154846
v -0.0043534198775887489 0.0083596399053931236 0.034606650471687317
v -0.0041866698302328587 0.0098461704328656197 0.035482041537761688
v -0.0049397097900509834 0.010805520229041576 0.036542870104312897
v -0.0031882498878985643 0.010360850021243095 0.035375099629163742
v -0.002209339989349246 0.005663599818944931 0.031621329486370087
v -0.0022684400901198387 0.0065292902290821075 0.031916119158267975
v -0.0014981400454416871 0.0067873499356210232 0.03163532167673111
v -0.0025930099654942751 0.0072666797786951065 0.032486338168382645
v -0.0018513400573283434 0.0075790900737047195 0.032299041748046875
v -0.0012559399474412203 0.0061887400224804878 0.031254101544618607
v -0.00065510999411344528 0.0058468300849199295 0.032324369996786118
v -0.00039018000825308263 0.0059341499581933022 0.032287068665027618
v -0.00011267999798292294 0.0058312700130045414 0.032227229326963425
v -0.00090377999003976583 0.0056481598876416683 0.033528789877891541
v -0.00062279001576825976 0.0058071902021765709 0.033398620784282684
v -0.00032617998658679426 0.0058208401314914227 0.03327472135424614
v -6.0120000853203237e-05 0.0058337501250207424 0.033396609127521515
v -0.00069531000917777419 0.0057659000158309937 0.033978451043367386
v -0.00048595998669043183 0.0058070598170161247 0.034005690366029739
v -0.0002403899998171255 0.0057890298776328564 0.034017350524663925
v -0.00076492998050525784 0.007110650185495615 0.031463030725717545
v -0.0010991500457748771 0.00783533975481987 0.03216933086514473
v -0.00033824000274762511 0.007393720094114542 0.031516499817371368
v -0.00045652000699192286 0.0079949703067541122 0.032115869224071503
v -0.0010914800222963095 0.0055457102134823799 0.034782789647579193
v -0.00092378002591431141 0.0055914698168635368 0.035909328609704971
v -0.00066090998006984591 0.0057566398754715919 0.034738469868898392
v -0.00018433999503031373 0.0056162602268159389 0.034836091101169586
v -0.00047244000597856939 0.0054796799086034298 0.035974599421024323
v -0.0022106100805103779 0.0084314597770571709 0.033216189593076706
v -0.002636259887367487 0.0093551697209477425 0.034277971833944321
v -0.0017111899796873331 0.0096754198893904686 0.034216798841953278
v -0.0013861199840903282 0.0086977202445268631 0.033125389367341995
v -0.00059624999994412065 0.0088433204218745232 0.033063720911741257
v -0.00081260997103527188 0.0098694004118442535 0.034193031489849091
v -0.0021619300823658705 0.01074650976806879 0.03533196821808815
v -0.0059360899031162262 0.00058550998801365495 0.050346121191978455
v -0.0056123798713088036 0.00020177000260446221 0.05042354017496109
v -0.0057573998346924782 0.0013429500395432115 0.049233488738536835
v -0.0061396299861371517 0.0010255200322717428 0.050369299948215485
v -0.0057927398011088371 0.00177650002297014 0.049354840070009232
v -0.0061796801164746284 0.0014532799832522869 0.050498589873313904
v -0.0060462797991931438 0.001793229952454567 0.050708889961242676
v -0.0056631797924637794 0.0021229800768196583 0.04954037070274353
v -0.0070455297827720642 0.00033872001222334802 0.052610300481319427
v -0.007620879914611578 0.00061624997761100531 0.053814791142940521
v -0.0071341302245855331 0.00087783997878432274 0.05279146134853363
v -0.0070044300518929958 0.0012976799625903368 0.053094100207090378
v -0.0063297701999545097 0.00022478000028058887 0.051488179713487625
v -0.0065581900998950005 0.00069598999107256532 0.051501400768756866
v -0.0066091800108551979 0.0011475799838081002 0.051649179309606552
v -0.0064705801196396351 0.0015014800010249019 0.051897279918193817
v -0.0057294699363410473 0.0019698599353432655 0.050975129008293152
v -0.0061302501708269119 0.001679720007814467 0.052211448550224304
v -0.0066152000799775124 0.0014887100551277399 0.05347156897187233
v -0.0056902100332081318 0.001699230051599443 0.052543230354785919
v -0.0060949698090553284 0.0014856100315228105 0.05387159064412117
v -0.0079357195645570755 0.00033502999576739967 0.054608568549156189
v -0.0080738803371787071 7.6210002589505166e-05 0.055193681269884109
v -0.0079837404191493988 4.7749999794177711e-05 0.055717509239912033
v -0.0080027198418974876 0.00030648999381810427 0.05536859855055809
v -0.0079156598076224327 0.00053285999456420541 0.055223818868398666
v -0.0079106800258159637 0.0005613500252366066 0.055316310375928879
v -0.0079726297408342361 0.00040382001316174865 0.05544251948595047
v -0.007795379962772131 0.00051732000429183245 0.055525418370962143
v -0.0078160399571061134 0.00063597998814657331 0.055686850100755692
v -0.0078039099462330341 0.0008234399720095098 0.055037960410118103
v -0.0078288102522492409 0.0007694900268688798 0.055149581283330917
v -0.0078214099630713463 0.00069201999576762319 0.05546129122376442
v -0.0077467798255383968 0.00076293997699394822 0.055461529642343521
v -0.0076375100761651993 0.00098225998226553202 0.054559390991926193
v -0.0074958298355340958 0.0011052100453525782 0.054168131202459335
v -0.0070659802295267582 0.0013204700080677867 0.054604489356279373
v -0.0073642400093376637 0.0010985300177708268 0.055459119379520416
v -0.0079578002914786339 0.00013964000390842557 0.055787600576877594
v -0.0077464100904762745 8.2910002674907446e-05 0.05605803057551384
v -0.0077833198010921478 0.00025881998590193689 0.055875379592180252
v -0.0078056198544800282 0.0003665100084617734 0.056020498275756836
v -0.0077127399854362011 0.00041752000106498599 0.056112699210643768
v -0.0076984399929642677 0.0007117600180208683 0.055819869041442871
v -0.0076536000706255436 2.2999999771400326e-07 0.056101679801940918
v -0.0075914701446890831 5.7199999901058618e-06 0.056157920509576797
v -0.0076378998346626759 0.00010681000276235864 0.05616258829832077
v -0.0075968899764120579 0.0001158500017481856 0.05620209127664566
v -0.0074524399824440479 0.00014767999527975917 0.056341290473937988
v -0.0075248600915074348 0.00052072998369112611 0.056299179792404175
v -0.0070033902302384377 0.00054012000327929854 0.056686330586671829
v -0.0075153899379074574 0.00082969997311010957 0.056026909500360489
v -0.0064783701673150063 0.0013059900375083089 0.05506591871380806
v -0.0058800498954951763 0.0011058299569413066 0.055494599044322968
v -0.0069432901218533516 0.00013267999747768044 0.056642059236764908
v -0.0064547499641776085 2.7759999284171499e-05 0.056899398565292358
v -0.0063839098438620567 0.00067415001103654504 0.056937340646982193
v -0.0064734597690403461 0.00039112998638302088 0.057027008384466171
v -0.0069655501283705235 0.00086442998144775629 0.056506108492612839
v -0.0067795501090586185 0.0011093199718743563 0.055955048650503159
v -0.0060014198534190655 7.1180002123583108e-05 0.057254821062088013
v -0.0058397902175784111 0.00028467999072745442 0.057246938347816467
v -0.0055854599922895432 0.00049956998554989696 0.056760258972644806
v -0.0061683598905801773 0.00090096000349149108 0.056409828364849091
v -0.0045505198650062084 0.0011549299815669656 0.046977050602436066
v -0.0044543701224029064 0.0018494899850338697 0.045886509120464325
v -0.0041994699276983738 0.0026112799532711506 0.044876508414745331
v -0.0049931597895920277 0.0019853599369525909 0.047013018280267715
v -0.0049875001423060894 0.0024192200507968664 0.047128789126873016
v -0.0048419898375868797 0.001531310030259192 0.046957310289144516
v -0.0045883702114224434 0.0023045099806040525 0.045935820788145065
v -0.0037625499535351992 0.001255700015462935 0.046004150062799454
v -0.0034972298890352249 0.0012390799820423126 0.046094469726085663
v -0.0041352901607751846 0.00095409998903051019 0.047087591141462326
v -0.0038696799892932177 0.0009400799754075706 0.047188360244035721
v -0.0035211299546062946 0.00099553004838526249 0.047341711819171906
v -0.0037239401135593653 0.0010867200326174498 0.047288201749324799
v -0.0031441999599337578 0.0012996899895370007 0.046233881264925003
v -0.003293320070952177 0.0010854100110009313 0.047457259148359299
v -0.003811779897660017 0.0017754699802026153 0.044865600764751434
v -0.0041759801097214222 0.0014678899897262454 0.045904170721769333
v -0.0040782801806926727 0.0021595100406557322 0.044842459261417389
v -0.0034058799501508474 0.0015462799929082394 0.044957410544157028
v -0.0031471899710595608 0.0015211800346150994 0.045037850737571716
v -0.0029947599396109581 0.0016693599754944444 0.045124448835849762
v -0.0027896200772374868 0.0015783399576321244 0.045166809111833572
v -0.0033493300434201956 0.0013884300133213401 0.046186581254005432
v -0.0029182799626141787 0.001397539977915585 0.04633679986000061
v -0.0049131801351904869 0.00085116998525336385 0.048094421625137329
v -0.0052109598182141781 0.0012188099790364504 0.048063591122627258
v -0.004507729783654213 0.00064854999072849751 0.048216938972473145
v -0.0042594498954713345 0.00062286999309435487 0.048343770205974579
v -0.0052663502283394337 0.00053924997337162495 0.049246478825807571
v -0.0055720601230859756 0.0009056500275619328 0.049196179956197739
v -0.0048699202015995979 0.00031835999106988311 0.049387861043214798
v -0.0046246699057519436 0.00028341999859549105 0.049508269876241684
v -0.0042741401121020317 0.00031905999640002847 0.049665350466966629
v -0.0044745397754013538 0.00041952999890781939 0.04961622878909111
v -0.00537905003875494 0.001663869945332408 0.04811348021030426
v -0.0053954501636326313 0.0020987701136618853 0.048233218491077423
v -0.0052529699169099331 0.0024407999590039253 0.048403218388557434
v -0.0049444399774074554 0.0026071800384670496 0.048604059964418411
v -0.004568059928715229 0.002624389948323369 0.048799179494380951
v -0.0042220698669552803 0.0025188399013131857 0.048952050507068634
v -0.0053538498468697071 0.0022990501020103693 0.049770161509513855
v -0.0049629700370132923 0.0023249799851328135 0.050002660602331161
v -0.0042385198175907135 0.0020161198917776346 0.050339110195636749
v -0.0045887199230492115 0.0022210399620234966 0.05019615963101387
v -0.0039024399593472481 0.00067654001759365201 0.0484757199883461
v -0.0041079302318394184 0.00076853000791743398 0.048435069620609283
v -0.0036860799882560968 0.00074911001138389111 0.048620719462633133
v -0.0034115100279450417 0.0010207300074398518 0.048836208879947662
v -0.0040681301616132259 0.00037453000550158322 0.049841340631246567
v -0.0037867000792175531 0.00063367001712322235 0.050086431205272675
v -0.0036624600179493427 0.0010024700313806534 0.050288770347833633
v -0.0035404600203037262 0.0026267699431627989 0.047827780246734619
v -0.0039002299308776855 0.0023269699886441231 0.049061339348554611
v -0.0035962900146842003 0.0020851900335401297 0.049125690013170242
v -0.0030251499265432358 0.0013743500458076596 0.047649290412664413
v -0.0029503100086003542 0.0017524899449199438 0.047797989100217819
v -0.0033125199843198061 0.0013941499637439847 0.049011848866939545
v -0.0033778499346226454 0.0017790700076147914 0.049118161201477051
v -0.003254380077123642 0.0024100600276142359 0.047883719205856323
v -0.0030372499022632837 0.00212824996560812 0.047882940620183945
v -0.0039197797887027264 0.0017391300061717629 0.050419948995113373
v -0.003703949972987175 0.0013984499964863062 0.050412029027938843
v -0.0045686098746955395 0.0027369700837880373 0.046036750078201294
v -0.0044006500393152237 0.0030654100701212883 0.046169869601726532
v -0.0048279999755322933 0.0027528700884431601 0.047284170985221863
v -0.004517669789493084 0.0029062801040709019 0.047458641231060028
v -0.0041693998500704765 0.0030436699744313955 0.044956371188163757
v -0.0039948201738297939 0.0033715099561959505 0.045064039528369904
v -0.0036824499256908894 0.0035096099600195885 0.045181438326835632
v -0.0033289298880845308 0.0035076800268143415 0.045290429145097733
v -0.0030308999121189117 0.0034153799060732126 0.045372780412435532
v -0.0040900302119553089 0.0032083699479699135 0.04631572961807251
v -0.0037343299482017756 0.0032084800768643618 0.046449888497591019
v -0.0031569900456815958 0.0029398300684988499 0.046619120985269547
v -0.003431050106883049 0.0031083999201655388 0.046547889709472656
v -0.0028889400418847799 0.0027345600537955761 0.046673029661178589
v -0.0041539501398801804 0.0029131700284779072 0.047621630132198334
v -0.0038342599291354418 0.0028072400018572807 0.047742560505867004
v -0.0025656500365585089 0.0016789899673312902 0.045251648873090744
v -0.0022998100612312555 0.0019990298897027969 0.045393560081720352
v -0.0022315299138426781 0.0023901499807834625 0.04548313096165657
v -0.0019619199447333813 0.0022424999624490738 0.04431011900305748
v -0.001878360053524375 0.0026430101133882999 0.044372938573360443
v -0.0026543999556452036 0.0017050500027835369 0.046504180878400803
v -0.0025894199497997761 0.0020888999570161104 0.046623289585113525
v -0.0026815400924533606 0.0024613300338387489 0.046683188527822495
v -0.0021328700240701437 0.003337089903652668 0.044347818940877914
v -0.0025113299489021301 0.0030473500955849886 0.045494191348552704
v -0.0027658599428832531 0.0032546299044042826 0.045437660068273544
v -0.002316740108653903 0.0027677800972014666 0.045517601072788239
v -0.0023830800782889128 0.0035596198868006468 0.044285699725151062
v -0.0019488600082695484 0.0030370799358934164 0.044384751468896866
v -0.0048241401091217995 4.129999979340937e-06 0.050886709243059158
v -0.0042299199849367142 0.001351059996522963 0.051787540316581726
v -0.0042346501722931862 7.3060000431723893e-05 0.053083781152963638
v -0.0042542801238596439 0.0005115899839438498 0.053240660578012466
v -0.0048417598009109497 0.0013232299825176597 0.053082849830389023
v -0.0044828401878476143 0.00094821001403033733 0.05322767049074173
v -0.0053249401971697807 0.0019978000782430172 0.051252130419015884
v -0.0049284100532531738 0.0018916999688372016 0.05149460956454277
v -0.0045575099065899849 0.0016699699917808175 0.051680449396371841
v -0.0052524697966873646 0.0015769900055602193 0.05284418910741806
v -0.004123929888010025 0.00020268000662326813 0.051421519368886948
v -0.0039865397848188877 0.00056607997976243496 0.051652669906616211
v -0.0040161102078855038 0.00097107002511620522 0.051787689328193665
v -0.0055722198449075222 0.001323099946603179 0.054241780191659927
v -0.0050758197903633118 0.0010106599656865001 0.054543878883123398
v -0.0046346900053322315 0.00055778998648747802 0.05473954975605011
v -0.0043584299273788929 3.468000068096444e-05 0.054766461253166199
v -0.0053077200427651405 0.00073513999814167619 0.055843159556388855
v -0.0047980900853872299 0.00020906999998260289 0.056064348667860031
v -0.0068756598047912121 0.010943800210952759 0.037696730345487595
v -0.0057699698954820633 0.01174543984234333 0.037523701786994934
v -0.0099755795672535896 0.011691969819366932 0.0397992804646492
v -0.0088623398914933205 0.012755130417644978 0.039384949952363968
v -0.011096769943833351 0.014902359806001186 0.040606729686260223
v -0.009939190000295639 0.013767410069704056 0.040065869688987732
v -0.0085675902664661407 0.014748680405318737 0.039830408990383148
v -0.0096013899892568588 0.015944819897413254 0.040366008877754211
v -0.0078474199399352074 0.011826829984784126 0.038587428629398346
v -0.0066592497751116753 0.012694249860942364 0.038407441228628159
v -0.0075893299654126167 0.013680240139365196 0.03917694091796875
v -0.0070785298012197018 0.015545249916613102 0.039788030087947845
v -0.0062118698842823505 0.014432310126721859 0.039114460349082947
v -0.010687069967389107 0.017308609560132027 0.040755059570074081
v -0.0089258300140500069 0.018219839781522751 0.04078323021531105
v -0.0098945396021008492 0.019864939153194427 0.041036698967218399
v -0.010890170000493526 0.021770970895886421 0.041032139211893082
v -0.0079851699993014336 0.016793869435787201 0.040355630218982697
v -0.0070985299535095692 0.018937099725008011 0.040873508900403976
v -0.0063005699776113033 0.017462249845266342 0.040412049740552902
v -0.0079084504395723343 0.02063835971057415 0.041153501719236374
v -0.0059104901738464832 0.0212088692933321 0.041144758462905884
v -0.0045842998661100864 0.012397349812090397 0.037438910454511642
v -0.0038448399864137173 0.011393300257623196 0.036448430269956589
v -0.0033592300023883581 0.01290419977158308 0.037410710006952286
v -0.0027182400226593018 0.011844860389828682 0.03641543909907341
v -0.0016038300236687064 0.012163329869508743 0.03641992062330246
v -0.0021353301126509905 0.013270700350403786 0.03740755096077919
v -0.0011557500110939145 0.011002819985151291 0.035330150276422501
v -0.00017000999650917947 0.011138919740915298 0.035354528576135635
v -0.00091782002709805965 0.01349714957177639 0.0374307781457901
v -0.0005044200224801898 0.01235221978276968 0.036453250795602798
v -0.0053816498257219791 0.013401010073721409 0.038332290947437286
v -0.0047755800187587738 0.015022319741547108 0.039110839366912842
v -0.0055233500897884369 0.016171449795365334 0.039810601621866226
v -0.0040549901314079762 0.013953640125691891 0.038311339914798737
v -0.0033260700292885303 0.0154612697660923 0.039079461246728897
v -0.0027196200098842382 0.014358740299940109 0.038293801248073578
v -0.0018698100466281176 0.015742020681500435 0.039056409150362015
v -0.001382600050419569 0.014613799750804901 0.038296081125736237
v -5.1020000682910904e-05 0.01471639983355999 0.038334589451551437
v -0.00041326999780721962 0.015857430174946785 0.039077728986740112
v -0.0046000499278306961 0.017962759360671043 0.040371540933847427
v -0.0039533399976789951 0.016641519963741302 0.039770189672708511
v -0.0028912799898535013 0.01828479953110218 0.040310390293598175
v -0.0052558598108589649 0.019470140337944031 0.040843181312084198
v -0.0034080499317497015 0.019809529185295105 0.040779370814561844
v -0.0039123101159930229 0.021566109731793404 0.041094090789556503
v -0.0023743999190628529 0.016944710165262222 0.039723828434944153
v -0.000792370003182441 0.017070189118385315 0.039728708565235138
v -0.0011819800129160285 0.018417820334434509 0.040304780006408691
v -0.0015652900328859687 0.019945830106735229 0.040769178420305252
v -0.0019255400402471423 0.021699709817767143 0.041085168719291687
v -0.021676039323210716 0.03778747096657753 0.0083909602835774422
v -0.021567720919847488 0.037594728171825409 0.014185190200805664
v -0.0177137590944767 0.039917398244142532 0.0085573596879839897
v -0.017640149220824242 0.039598260074853897 0.014320329762995243
v -0.013714389875531197 0.041728820651769638 0.0087651703506708145
v -0.0136415995657444 0.041092071682214737 0.014461790211498737
v -0.021212650462985039 0.036910798400640488 0.019630620256066322
v -0.020000219345092773 0.034390069544315338 0.02912369929254055
v -0.020761299878358841 0.035979531705379486 0.024674050509929657
v -0.017019549384713173 0.037594981491565704 0.02470196969807148
v -0.017406409606337547 0.038808621466159821 0.019728869199752808
v -0.016463309526443481 0.035948541015386581 0.029140260070562363
v -0.012909510172903538 0.037251789122819901 0.029247630387544632
v -0.013486140407621861 0.040194738656282425 0.019848309457302094
v -0.013251819647848606 0.038933329284191132 0.024811519309878349
v -0.009489869698882103 0.042577769607305527 0.0089966095983982086
v -0.0095542697235941887 0.042137499898672104 0.014691379852592945
v -0.0052635897882282734 0.043207351118326187 0.0092953704297542572
v -0.0010814099805429578 0.043698489665985107 0.0096590900793671608
v -0.0054429401643574238 0.042734388262033463 0.014974240213632584
v -0.0013593899784609675 0.043127458542585373 0.015310049988329411
v -0.0093088997527956963 0.038131929934024811 0.029388099908828735
v -0.0095224799588322639 0.041189469397068024 0.020041650161147118
v -0.0056004100479185581 0.041970141232013702 0.020336229354143143
v -0.0094549600034952164 0.039871498942375183 0.024976519867777824
v -0.0056940400972962379 0.040611870586872101 0.025272959843277931
v -0.0057365801185369492 0.038836359977722168 0.029674049466848373
v -0.0016252299537882209 0.04205751046538353 0.020628230646252632
v -0.0018868299666792154 0.040711339563131332 0.025562940165400505
v -0.0021236599422991276 0.038978710770606995 0.029966069385409355
v -0.021926799789071083 0.023824930191040039 0.038130089640617371
v -0.017902730032801628 0.023541329428553581 0.039643630385398865
v -0.019395830109715462 0.025858070701360703 0.038095470517873764
v -0.020839519798755646 0.028159350156784058 0.035838011652231216
v -0.022156979888677597 0.030292479321360588 0.032788950949907303
v -0.019058229401707649 0.032387290149927139 0.032900888472795486
v -0.01796405017375946 0.030088670551776886 0.035938560962677002
v -0.01674639992415905 0.027611639350652695 0.038169678300619125
v -0.01422301959246397 0.022800270467996597 0.040546420961618423
v -0.015475870110094547 0.025125689804553986 0.039677780121564865
v -0.011911540292203426 0.023979760706424713 0.040685661137104034
v -0.012947370298206806 0.026424780488014221 0.039836160838603973
v -0.014965750277042389 0.031643468886613846 0.036072921007871628
v -0.013986379839479923 0.029039500281214714 0.038322549313306808
v -0.015822760760784149 0.034056209027767181 0.033015351742506027
v -0.012492449954152107 0.035302251577377319 0.033130291849374771
v -0.011881560087203979 0.032813198864459991 0.036200549453496933
v -0.008725450374186039 0.022610260173678398 0.041167911142110825
v -0.0095446100458502769 0.024897089228034019 0.040832769125699997
v -0.0065509299747645855 0.023221120238304138 0.041176319122314453
v -0.0071641700342297554 0.025549059733748436 0.040838051587343216
v -0.010356769897043705 0.027426619082689285 0.039985470473766327
v -0.011152699589729309 0.030126649886369705 0.038463510572910309
v -0.0077435402199625969 0.028119219467043877 0.039992429316043854
v -0.0082823699340224266 0.03085809014737606 0.038501989096403122
v -0.0043798899278044701 0.02359497919678688 0.041142918169498444
v -0.0047866301611065865 0.025936560705304146 0.040814299136400223
v -0.002225629985332489 0.0237233005464077 0.04115334153175354
v -4.926000110572204e-05 0.023616619408130646 0.041235718876123428
v -0.002428439911454916 0.026060439646244049 0.040874309837818146
v -4.0219998481916264e-05 0.025938110426068306 0.041022639721632004
v -0.005128330085426569 0.02851979061961174 0.039991278201341629
v -0.0054007698781788349 0.031273618340492249 0.038556970655918121
v -0.0025317498948425055 0.028645550832152367 0.040116291493177414
v -0.0025333298835903406 0.031413048505783081 0.038747448474168777
v -0.0087483599781990051 0.033587291836738586 0.036280978471040726
v -0.0091092400252819061 0.036128439009189606 0.033243689686059952
v -0.0055959601886570454 0.0340227410197258 0.036400619894266129
v -0.005705889780074358 0.036591820418834686 0.033411428332328796
v -0.0024541399907320738 0.034176480025053024 0.036645811051130295
v -0.0023151799105107784 0.036749400198459625 0.033689528703689575
v 0.0027517699636518955 -0.034999068826436996 -0.031452801078557968
v 0.0026505501009523869 -0.037374738603830338 -0.026294590905308723
v 0.0067181400954723358 -0.034668758511543274 -0.031177230179309845
v 0.010565740056335926 -0.033783409744501114 -0.030911820009350777
v 0.0068793101236224174 -0.036824408918619156 -0.02591468021273613
v 0.011047719977796078 -0.036085080355405807 -0.025661880150437355
v 0.0027446399908512831 -0.029817739501595497 -0.039695441722869873
v 0.0027922498993575573 -0.032572269439697266 -0.036018911749124527
v 0.0026567599270492792 -0.027068810537457466 -0.042523898184299469
v 0.00014504000137094408 -0.022077420726418495 -0.0461571104824543
v 0.002556180115789175 -0.024447690695524216 -0.044451989233493805
v 0.0024588399101048708 -0.021870449185371399 -0.045611429959535599
v 0.0051860199309885502 -0.023983269929885864 -0.044173739850521088
v 0.006422670092433691 -0.032049071043729782 -0.035684719681739807
v 0.006036240141838789 -0.029295710846781731 -0.039388101547956467
v 0.0099613098427653313 -0.031246809288859367 -0.035495538264513016
v 0.0092452596873044968 -0.028536750003695488 -0.039251949638128281
v 0.005607719998806715 -0.02655751071870327 -0.042235180735588074
v 0.0077599100768566132 -0.023303709924221039 -0.044075228273868561
v 0.0084880003705620766 -0.025830090045928955 -0.042129140347242355
v 0.010228870436549187 -0.022358540445566177 -0.044048808515071869
v 0.015023339539766312 -0.034709468483924866 -0.025421680882573128
v 0.018836550414562225 -0.032932918518781662 -0.025275509804487228
v 0.013356749899685383 -0.030081959441304207 -0.035400360822677612
v 0.012324100360274315 -0.027455670759081841 -0.039208009839057922
v 0.016617119312286377 -0.028579069301486015 -0.035417139530181885
v 0.011251620016992092 -0.024818560108542442 -0.042109299451112747
v 0.013914169743657112 -0.023559620603919029 -0.042252030223608017
v 0.016491150483489037 -0.022089950740337372 -0.042633701115846634
v 0.015287299640476704 -0.026084240525960922 -0.039299789816141129
v 0.018149450421333313 -0.024454209953546524 -0.039570778608322144
v 0.019750559702515602 -0.026762630790472031 -0.0355638787150383
v 0.020866729319095612 -0.022517450153827667 -0.039917930960655212
v 0.014260039664804935 -0.032509520649909973 -0.03074176050722599
v 0.017804170027375221 -0.030866289511322975 -0.030673960223793983
v 0.021201249212026596 -0.028872940689325333 -0.030715290457010269
v 0.0024676800239831209 -0.039348531514406204 -0.020541440695524216
v 0.0022535400930792093 -0.041169639676809311 -0.01446233969181776
v 0.0019474000437185168 -0.04243059828877449 -0.0081203002482652664
v 0.0069614900276064873 -0.038836508989334106 -0.020170899108052254
v 0.0069622797891497612 -0.040679298341274261 -0.014115629717707634
v 0.0015829399926587939 -0.043077800422906876 -0.0016874900320544839
v 0.0011872600298374891 -0.043533820658922195 0.0046805101446807384
v 0.0068136099725961685 -0.041893098503351212 -0.0077686700969934464
v 0.006563850212842226 -0.04270273819565773 -0.0013321399455890059
v 0.011590410023927689 -0.039717260748147964 -0.01378319039940834
v 0.016059750691056252 -0.038240030407905579 -0.013488450087606907
v 0.011396430432796478 -0.038090329617261887 -0.019906830042600632
v 0.01563601940870285 -0.036652989685535431 -0.019629599526524544
v 0.019702350720763206 -0.034765958786010742 -0.019427049905061722
v 0.020347870886325836 -0.036268938332796097 -0.013249830342829227
v 0.01153670996427536 -0.04066476970911026 -0.0074025201611220837
v 0.016194460913538933 -0.039204061031341553 -0.0071024298667907715
v 0.011416650377213955 -0.041461300104856491 -0.00095943000633269548
v 0.016183100640773773 -0.039918720722198486 -0.00064505002228543162
v 0.020648110657930374 -0.037182241678237915 -0.0068469401448965073
v 0.020758310332894325 -0.03786696121096611 -0.00038330000825226307
v 0.00036994001129642129 -0.019365210086107254 -0.046636741608381271
v 0.0023806700482964516 -0.01925312913954258 -0.046133939176797867
v 0.0005919099785387516 -0.016755949705839157 -0.046498801559209824
v 0.0023174199741333723 -0.016731670126318932 -0.046051818877458572
v 0.004782519768923521 -0.021477429196238518 -0.045343831181526184
v 0.0040683201514184475 -0.01651562936604023 -0.045825041830539703
v 0.004408590029925108 -0.018944390118122101 -0.045885499566793442
v 0.00080879998859018087 -0.014394829981029034 -0.045785531401634216
v 0.0022648300509899855 -0.014441980049014091 -0.045397371053695679
v 0.00099799002055078745 -0.0123981898650527 -0.04468052089214325
v 0.0022235698997974396 -0.01250080019235611 -0.044355958700180054
v 0.0021943200845271349 -0.01102485042065382 -0.043112948536872864
v 0.0037657499779015779 -0.014322609640657902 -0.045188721269369125
v 0.0052479100413620472 -0.014032850041985512 -0.045064318925142288
v 0.0035141899716109037 -0.012470150366425514 -0.044174090027809143
v 0.0048020198009908199 -0.01229947991669178 -0.044064838439226151
v 0.0033269301056861877 -0.011063110083341599 -0.042978718876838684
v 0.0044654100202023983 -0.010982139967381954 -0.042911700904369354
v 0.0070625399239361286 -0.020864870399236679 -0.045239541679620743
v 0.0063974298536777496 -0.018420839682221413 -0.045771371573209763
v 0.0082909204065799713 -0.017664309591054916 -0.045671459287405014
v 0.0092454301193356514 -0.019999250769615173 -0.045183770358562469
v 0.010060760192573071 -0.016679350286722183 -0.045739870518445969
v 0.0057855402119457722 -0.016100529581308365 -0.045702401548624039
v 0.0074100801721215248 -0.015479070134460926 -0.045567851513624191
v 0.0066476599313318729 -0.013568829745054245 -0.044928938150405884
v 0.0079158395528793335 -0.012882020324468613 -0.044906269758939743
v 0.006019270047545433 -0.011982000432908535 -0.0439581498503685
v 0.0071136602200567722 -0.011450960300862789 -0.043939400464296341
v 0.008900810033082962 -0.014629559591412544 -0.045573491603136063
v 0.0090033300220966339 -0.011923880316317081 -0.045119989663362503
v 0.010216710157692432 -0.013530340045690536 -0.045871429145336151
v 0.00015875999815762043 -0.010681879706680775 -0.043661471456289291
v 0.0011368299601599574 -0.010882359929382801 -0.043367378413677216
v 0.0012430199421942234 -0.0097189303487539291 -0.041984140872955322
v 0.00038191999192349613 -0.0095177404582500458 -0.042223189026117325
v 0.00055873999372124672 -0.0086022103205323219 -0.040847290307283401
v 0.0021740600932389498 -0.0098786195740103722 -0.04180154949426651
v 0.0031769999768584967 -0.0099678495898842812 -0.041716251522302628
v 0.0055404799059033394 -0.010766980238258839 -0.042858920991420746
v 0.0041882800869643688 -0.0099544897675514221 -0.041692901402711868
v 0.0051442999392747879 -0.0098064197227358818 -0.041696179658174515
v 0.0013341800076887012 -0.008779509924352169 -0.0406687892973423
v 0.0021597400773316622 -0.0089266104623675346 -0.040555000305175781
v 0.00068055000156164169 -0.0078527200967073441 -0.039655718952417374
v 0.0013928799889981747 -0.0080079501494765282 -0.039516981691122055
v 6.9820001954212785e-05 -0.0069586802273988724 -0.039005950093269348
v 0.0007386599900200963 -0.0071866801008582115 -0.038770411163568497
v 7.3520001024007797e-05 -0.0063184299506247044 -0.038341481238603592
v 1.1490000360936392e-05 -0.0056711998768150806 -0.037819560617208481
v 0.00062104000244289637 -0.0058639501221477985 -0.037584409117698669
v 0.00072239997098222375 -0.0065438398160040379 -0.03810780867934227
v 0.001342009985819459 -0.006711999885737896 -0.037929009646177292
v 0.0021310700103640556 -0.0081358896568417549 -0.039442788809537888
v 0.0014016800560057163 -0.0073481099680066109 -0.038624320179224014
v 0.0020677400752902031 -0.0074735698290169239 -0.038534410297870636
v 0.0019465800141915679 -0.00683178985491395 -0.037798788398504257
v 0.0027457498945295811 -0.0075936699286103249 -0.038467410951852798
v 0.0025503200013190508 -0.0069121001288294792 -0.037710849195718765
v 0.0011953100329264998 -0.0060116401873528957 -0.037369288504123688
v 0.0017444300465285778 -0.0061027300544083118 -0.037204861640930176
v 0.0022785300388932228 -0.0061256601475179195 -0.037121780216693878
v 0.0030374100897461176 -0.0090507902204990387 -0.04050033912062645
v 0.0028972800355404615 -0.0082725202664732933 -0.039395790547132492
v 0.0039208400994539261 -0.0090901898220181465 -0.040496431291103363
v 0.003663910087198019 -0.0083365803584456444 -0.039390340447425842
v 0.0047636600211262703 -0.0089829899370670319 -0.040534880012273788
v 0.004403349943459034 -0.0082468399778008461 -0.039440739899873734
v 0.0055245100520551205 -0.0087019698694348335 -0.040618259459733963
v 0.0034183301031589508 -0.0076410099864006042 -0.038442671298980713
v 0.0031409300863742828 -0.0069150100462138653 -0.037671279162168503
v 0.0040681501850485802 -0.0075481599196791649 -0.0384795181453228
v 0.0037061700131744146 -0.0068026101216673851 -0.037686161696910858
v 0.0050798798911273479 -0.0080029303207993507 -0.039529401808977127
v 0.0046684499830007553 -0.0073330099694430828 -0.038545470684766769
v 0.0051924898289144039 -0.007013420108705759 -0.038608040660619736
v 0.0042284401133656502 -0.0066052698530256748 -0.037723489105701447
v 0.0046902201138436794 -0.0063533098436892033 -0.037751268595457077
v 0.0050605698488652706 -0.0060111400671303272 -0.037813268601894379
v 0.0053086001425981522 -0.0055431099608540535 -0.037953261286020279
v 0.0027885700110346079 -0.0060701300390064716 -0.037094030529260635
v 0.0032654800452291965 -0.0059258700348436832 -0.037095628678798676
v 0.0036980300210416317 -0.005732750054448843 -0.037120498716831207
v 0.0040749399922788143 -0.005530649796128273 -0.03716253861784935
v 0.0025065899826586246 -0.00058225000975653529 -0.040818840265274048
v 0.0025641599204391241 -0.00059949001297354698 -0.040873199701309204
v 0.0025652700569480658 -0.00067461997969076037 -0.040800329297780991
v 0.0026044300757348537 -0.00038534999475814402 -0.041009631007909775
v 0.0025264900177717209 -0.00048158000572584569 -0.040880940854549408
v 0.0024862999562174082 -0.00045751998550258577 -0.040808029472827911
v 0.0025017398875206709 -0.00034455998684279621 -0.040843650698661804
v 0.0025818001013249159 -0.00050338002620264888 -0.040944628417491913
v 0.0025453600101172924 -0.00036346999695524573 -0.04093421995639801
v 0.0026467300485819578 -0.00064220000058412552 -0.040863391011953354
v 0.0026462599635124207 -0.00052639999194070697 -0.040974568575620651
v 0.0026186299510300159 -0.00059334997786208987 -0.040905941277742386
v 0.002713850000873208 -0.00055414001690223813 -0.040946230292320251
v 0.0027629600372165442 -0.00058155000442638993 -0.040868751704692841
v 0.0026773700956255198 -0.00040633999742567539 -0.041049148887395859
v 0.0027625700458884239 -0.00042257999302819371 -0.041032038629055023
v 0.0025132999289780855 -0.00021743000252172351 -0.040876559913158417
v 0.0025580700021237135 -0.0002293900033691898 -0.040978729724884033
v 0.0025644600391387939 -8.6289997852873057e-05 -0.041006959974765778
v 0.0025205600541085005 -8.2090002251788974e-05 -0.040901169180870056
v 0.0026948100421577692 -0.00025658999220468104 -0.041111230850219727
v 0.0026182199362665415 -0.00024448000476695597 -0.041063219308853149
v 0.0026995500084012747 -9.144999785348773e-05 -0.041146259754896164
v 0.0026236199773848057 -9.1200003225822002e-05 -0.04109485074877739
v 0.0028317500837147236 -0.00043419998837634921 -0.040962748229503632
v 0.0028566000983119011 -0.00044134000199846923 -0.040845718234777451
v 0.0027888400945812464 -0.00025963998632505536 -0.041104000061750412
v 0.0028696299996227026 -0.00025690000620670617 -0.041041500866413116
v 0.0029065399430692196 -0.00025166000705212355 -0.040923770517110825
v 0.0027937400154769421 -8.1680002040229738e-05 -0.041142608970403671
v 0.0028768801130354404 -6.6590000642463565e-05 -0.041081089526414871
v 0.0029196699615567923 -5.0850001571234316e-05 -0.040958940982818604
v 0.00060869002481922507 -0.003101469948887825 -0.040242958813905716
v 0.00067772000329568982 -0.0032249900978058577 -0.040366269648075104
v 0.00064106000354513526 -0.003203399945050478 -0.040275968611240387
v 0.00066821998916566372 -0.0031423100735992193 -0.040348999202251434
v 0.00067606999073177576 -0.0030820900574326515 -0.040331430733203888
v 0.00055694999173283577 -0.0030728399287909269 -0.040132589638233185
v 0.00062269001500681043 -0.0031778900884091854 -0.040173958986997604
v 0.00062920001801103354 -0.0031391698867082596 -0.040052078664302826
v 0.00052128999959677458 -0.0029637198895215988 -0.040085379034280777
v 0.0005110700149089098 -0.0028679599054157734 -0.040038399398326874
v 0.00052166997920721769 -0.0028029500972479582 -0.03999771922826767
v 0.00059983000392094254 -0.0030105700716376305 -0.040211491286754608
v 0.0006964100175537169 -0.00304969004355371 -0.04032408818602562
v 0.00060999998822808266 -0.0029478599317371845 -0.040183480829000473
v 0.000530290009919554 -0.0030434099026024342 -0.040003780275583267
v 0.0006335600046440959 -0.0029144100844860077 -0.040168479084968567
v 0.0006649100105278194 -0.0029112501069903374 -0.040176011621952057
v 0.0005856900243088603 -0.0027612899430096149 -0.039974711835384369
v 0.00063595001120120287 -0.002770350081846118 -0.039996150881052017
v 0.00032736000139266253 -0.0027913900557905436 -0.039718259125947952
v 0.00028680000104941428 -0.0027715100441128016 -0.039523698389530182
v 0.0003237999917473644 -0.0027501299045979977 -0.03930383175611496
v 0.00041981000686064363 -0.0029048901051282883 -0.039789788424968719
v 0.00045461000991053879 -0.0029314099811017513 -0.039947379380464554
v 0.00041057000635191798 -0.0028177700005471706 -0.039883580058813095
v 0.00043226999696344137 -0.0028621000237762928 -0.039597880095243454
v 0.0005371699808165431 -0.0030026899185031652 -0.039852399379014969
v 0.00067014002706855536 -0.0030707500409334898 -0.039902381598949432
v 0.00059279002016410232 -0.0029278199654072523 -0.039658971130847931
v 0.00054817000636830926 -0.0027677200268954039 -0.039973199367523193
v 0.00051693001296371222 -0.0028053401038050652 -0.039365950971841812
v 0.00082429999019950628 -0.0034248300362378359 -0.040624521672725677
v 0.00083708000602200627 -0.0034805301111191511 -0.040614530444145203
v 0.00083809997886419296 -0.0035036499612033367 -0.040575750172138214
v 0.00079447001917287707 -0.0034436900168657303 -0.04053419828414917
v 0.00081239000428467989 -0.0034723400603979826 -0.040507901459932327
v 0.00083915999857708812 -0.0034688499290496111 -0.040451649576425552
v 0.0010442399652674794 -0.0035858599003404379 -0.040709208697080612
v 0.00089935999130830169 -0.0035532698966562748 -0.040625330060720444
v 0.00089568999828770757 -0.0035283199977129698 -0.040672868490219116
v 0.00095617998158559203 -0.0035671698860824108 -0.040591560304164886
v 0.00094086001627147198 -0.0034939199686050415 -0.040735740214586258
v 0.00091694999719038606 -0.003419369924813509 -0.040703769773244858
v 0.00087973999325186014 -0.0034713500645011663 -0.04068610817193985
v 0.0010302499867975712 -0.0035519800148904324 -0.040758479386568069
v 0.000961710000410676 -0.0035532799083739519 -0.040723130106925964
v 0.0010366500355303288 -0.0035767299123108387 -0.040626149624586105
v 0.00096998002845793962 -0.0035826400853693485 -0.040672779083251953
v 0.0010037400061264634 -0.0034908601082861423 -0.040768411010503769
v 0.0009737699874676764 -0.0034182800445705652 -0.040733490139245987
v 0.00087951001478359103 -0.0035302899777889252 -0.040548961609601974
v 0.00092280999524518847 -0.0035141999833285809 -0.040488921105861664
v 0.0010103899985551834 -0.0035300999879837036 -0.040519740432500839
v 0.00096834002761170268 -0.0034514800645411015 -0.040400430560112
v 0.0008724000072106719 -0.0034309900365769863 -0.0403742715716362
v 0.0010964400134980679 -0.0035209900233894587 -0.040772091597318649
v 0.0011164200259372592 -0.0035570799373090267 -0.040725741535425186
v 0.0011151699582114816 -0.0035526698920875788 -0.040643159300088882
v 0.0010644199792295694 -0.0034605099353939295 -0.040779091417789459
v 0.0011794200399890542 -0.0035042099189013243 -0.040723811835050583
v 0.0011841700179502368 -0.0035008199047297239 -0.040644519031047821
v 0.0011553199728950858 -0.0034678298979997635 -0.040765028446912766
v 0.0010962199885398149 -0.0035108299925923347 -0.040535159409046173
v 0.0010630299802869558 -0.0034346301108598709 -0.040412548929452896
v 0.0011730199912562966 -0.0034596798941493034 -0.040537569671869278
v 0.0012261699885129929 -0.0034351700451225042 -0.040704861283302307
v 0.001236050040461123 -0.0034270100295543671 -0.04063216969370842
v 0.00086272001499310136 -0.0033982999157160521 -0.040659569203853607
v 0.00081474997568875551 -0.003358389949426055 -0.040605980902910233
v 0.00083978002658113837 -0.0033072300720959902 -0.040595691651105881
v 0.00077277002856135368 -0.0033539400901645422 -0.040549520403146744
v 0.00078368000686168671 -0.0034128499682992697 -0.040546029806137085
v 0.00076512002851814032 -0.0033997900318354368 -0.040416888892650604
v 0.00076144997728988528 -0.0034020799212157726 -0.040477108210325241
v 0.00077093002619221807 -0.0032462000381201506 -0.040513720363378525
v 0.00077034998685121536 -0.0032940499950200319 -0.040537219494581223
v 0.0007233099895529449 -0.0032582699786871672 -0.040459681302309036
v 0.00073331000749021769 -0.0033282199874520302 -0.04046529158949852
v 0.00070864998269826174 -0.0033156299032270908 -0.040387488901615143
v 0.00079939997522160411 -0.0032760798931121826 -0.040554098784923553
v 0.00074256001971662045 -0.0031665600836277008 -0.040443938225507736
v 0.00076924997847527266 -0.0031727899331599474 -0.04046408087015152
v 0.00072682998143136501 -0.0031997200567275286 -0.040447518229484558
v 0.00080605997936800122 -0.0031962099019438028 -0.040496889501810074
v 0.00085216999286785722 -0.003214620053768158 -0.040531288832426071
v 0.00086620001820847392 -0.0030916600953787565 -0.040430158376693726
v 0.00080956000601872802 -0.0030843398999422789 -0.040397990494966507
v 0.00094067002646625042 -0.0033295799512416124 -0.040661521255970001
v 0.00088802998652681708 -0.0033271100837737322 -0.040633510798215866
v 0.0010294800158590078 -0.0033917499240487814 -0.0407436303794384
v 0.00099420000333338976 -0.0033085099421441555 -0.040673650801181793
v 0.0009047799976542592 -0.0032200799323618412 -0.040560338646173477
v 0.00092941999901086092 -0.0030808399897068739 -0.040453370660543442
v 0.0010186400031670928 -0.0031757799442857504 -0.040583491325378418
v 0.00096107000717893243 -0.0032046400010585785 -0.040577050298452377
v 0.00078136002412065864 -0.0033784599509090185 -0.040341269224882126
v 0.00070143002085387707 -0.0032991599291563034 -0.040308620780706406
v 0.00071004999335855246 -0.0032661999575793743 -0.040210511535406113
v 0.00081055000191554427 -0.0033251100685447454 -0.040243271738290787
v 0.00074291997589170933 -0.0032041100785136223 -0.040091559290885925
v 0.00086371001088991761 -0.0032305899076163769 -0.040117580443620682
v 0.00091721001081168652 -0.0033489500638097525 -0.040266841650009155
v 0.0010230899788439274 -0.0033320300281047821 -0.040275830775499344
v 0.00098381005227565765 -0.0032109699677675962 -0.040125500410795212
v 0.0009966300567612052 -0.0030588700901716948 -0.040468711405992508
v 0.00076158001320436597 -0.0030676799360662699 -0.040364541113376617
v 0.00072438002098351717 -0.0030505100730806589 -0.040337521582841873
v 0.00076036999234929681 -0.0029386798851191998 -0.040234480053186417
v 0.00070639001205563545 -0.0029241000302135944 -0.040200028568506241
v 0.00082503998419269919 -0.002946190070360899 -0.040271218866109848
v 0.00077790999785065651 -0.0027867800090461969 -0.040072731673717499
v 0.00070069002686068416 -0.0027815699577331543 -0.040031418204307556
v 0.0008656000136397779 -0.002777809975668788 -0.040112309157848358
v 0.00089856999693438411 -0.0029378500767052174 -0.04030212014913559
v 0.0009773599449545145 -0.0029202599544078112 -0.040326658636331558
v 0.00095865002367645502 -0.0027611299883574247 -0.040146969258785248
v 0.0011200399603694677 -0.0034094098955392838 -0.040768839418888092
v 0.0010817700531333685 -0.0033466999884694815 -0.040735919028520584
v 0.0011282899649813771 -0.0032901200465857983 -0.040712069720029831
v 0.0010461099445819855 -0.0032715399283915758 -0.040672171860933304
v 0.0011677800212055445 -0.0033441400155425072 -0.040738731622695923
v 0.0012018999550491571 -0.0034000200685113668 -0.04073835164308548
v 0.0012059099972248077 -0.0032705001067370176 -0.040686510503292084
v 0.0011494399514049292 -0.0033827899023890495 -0.040413361042737961
v 0.0011297600576654077 -0.0031901500187814236 -0.04063832014799118
v 0.0010939099593088031 -0.0032263000030070543 -0.040659401565790176
v 0.0011646499624475837 -0.0032224298920482397 -0.040666960179805756
v 0.0011864400003105402 -0.0031440500169992447 -0.040595460683107376
v 0.0011308699613437057 -0.0031229099258780479 -0.040582180023193359
v 0.0010750900255516171 -0.0031410099472850561 -0.040581688284873962
v 0.0012454199604690075 -0.0033709299750626087 -0.040673680603504181
v 0.0012638600310310721 -0.0033437400124967098 -0.040618039667606354
v 0.0012368099996820092 -0.0033283301163464785 -0.040689028799533844
v 0.0012606499949470162 -0.0032635100651532412 -0.040614049881696701
v 0.0012335199862718582 -0.0033799200318753719 -0.040529400110244751
v 0.0012700400548055768 -0.0032850899733603001 -0.040518950670957565
v 0.0012205300154164433 -0.0032982800621539354 -0.040405619889497757
v 0.0012327199801802635 -0.0031942999921739101 -0.040609948337078094
v 0.001274910056963563 -0.0031887099612504244 -0.040514539927244186
v 0.0012674099998548627 -0.003195029916241765 -0.040396120399236679
v 0.0012505099875852466 -0.0031049700919538736 -0.040509659796953201
v 0.0012811400229111314 -0.0030869999900460243 -0.040391631424427032
v 0.0011209499789401889 -0.0032768698874861002 -0.040273338556289673
v 0.0012036199914291501 -0.0031859700102359056 -0.040262460708618164
v 0.0010950600262731314 -0.0031486100051552057 -0.04011894017457962
v 0.0012612199643626809 -0.0030741500668227673 -0.040249790996313095
v 0.0010652400087565184 -0.0030327599961310625 -0.040477238595485687
v 0.0011992499930784106 -0.0030480599962174892 -0.040497768670320511
v 0.0011333900038152933 -0.0030225000809878111 -0.040484938770532608
v 0.0012615900486707687 -0.0029919201042503119 -0.04038625955581665
v 0.0012086699716746807 -0.0029275501146912575 -0.040374089032411575
v 0.0011892899638041854 -0.0030468599870800972 -0.040101520717144012
v 0.0010577799985185266 -0.0029000500217080116 -0.040344309061765671
v 0.0011361199431121349 -0.0028961698990315199 -0.040358871221542358
v 0.0012172199785709381 -0.0027799899689853191 -0.040216241031885147
v 0.0011399900540709496 -0.0027431598864495754 -0.040195450186729431
v 0.0010519500356167555 -0.0027432299684733152 -0.040173519402742386
v 0.0012838599504902959 -0.0029562399722635746 -0.040241919457912445
v 0.001256739953532815 -0.0029229999054223299 -0.040080208331346512
v 0.0012697899946942925 -0.0028516899328678846 -0.040232758969068527
v 0.0012876399559900165 -0.002794249914586544 -0.040062021464109421
v 0.0008098399848677218 -0.0030978398863226175 -0.039934370666742325
v 0.00094742997316643596 -0.0030727200210094452 -0.039943039417266846
v 0.00075763999484479427 -0.0029521600808948278 -0.039698980748653412
v 0.00091614999109879136 -0.0029185800813138485 -0.039709918200969696
v 0.00071208999725058675 -0.0028200300876051188 -0.039405141025781631
v 0.00089456001296639442 -0.0027748800348490477 -0.039413008838891983
v 0.0010736699914559722 -0.0030000500846654177 -0.039932191371917725
v 0.0011793499579653144 -0.0028844599146395922 -0.039905641227960587
v 0.0010586800053715706 -0.0028332399670034647 -0.039695069193840027
v 0.0012559699825942516 -0.0027465200982987881 -0.039870958775281906
v 0.00010445000225445256 -0.0028454700950533152 -0.038364209234714508
v 0.00044860999332740903 -0.0027333300095051527 -0.039027940481901169
v 0.00040315999649465084 -0.0027371500618755817 -0.038676369935274124
v 0.00039592001121491194 -0.0028421198949217796 -0.038342669606208801
v 0.00012466999760363251 -0.0033775800839066505 -0.037757590413093567
v 0.00010117999772774056 -0.0030614500865340233 -0.038067098706960678
v 0.00049691001186147332 -0.0033728398848325014 -0.037684518843889236
v 0.0004270999925211072 -0.0030525799375027418 -0.038015749305486679
v 0.00069577997783198953 -0.0028018499724566936 -0.038298841565847397
v 0.00087124999845400453 -0.0033310400322079659 -0.037607621401548386
v 0.00076254998566582799 -0.003007079940289259 -0.037947610020637512
v 0.0012176899472251534 -0.0032589898910373449 -0.037554308772087097
v 0.0010741000296548009 -0.0029320600442588329 -0.037884529680013657
v 0.0013445500517264009 -0.0028297400567680597 -0.037829600274562836
v 0.00047366999206133187 -0.005162420216947794 -0.037282969802618027
v 0.00031934998696669936 -0.0044546499848365784 -0.037286251783370972
v 0.0010002600029110909 -0.0052708801813423634 -0.037059560418128967
v 0.00079557002754881978 -0.0045135701075196266 -0.037114240229129791
v 0.0012513600522652268 -0.0045221899636089802 -0.036977510899305344
v 0.00019176999921910465 -0.0038299399893730879 -0.037481911480426788
v 0.00061613001162186265 -0.0038455899339169264 -0.037375260144472122
v 0.00011991999781457707 -0.002769069978967309 -0.037078678607940674
v 0.00015838000399526209 -0.0027514700777828693 -0.036924701184034348
v 0.00046626999392174184 -0.0027765000704675913 -0.036932520568370819
v 0.00055107998196035624 -0.0027594000566750765 -0.036777518689632416
v 0.0010311199584975839 -0.0038204900920391083 -0.037282899022102356
v 0.00080203998368233442 -0.0027713999152183533 -0.036814700812101364
v 0.00090207997709512711 -0.0027713000308722258 -0.036675948649644852
v 0.0011006200220435858 -0.0027572999242693186 -0.036648210138082504
v 0.0014998300466686487 -0.0053212400525808334 -0.036886479705572128
v 0.0019726499449461699 -0.0052914200350642204 -0.036820780485868454
v 0.0016749500064179301 -0.0044664698652923107 -0.036928460001945496
v 0.0020469101145863533 -0.0043462999165058136 -0.036918420344591141
v 0.0024082299787551165 -0.0051870201714336872 -0.036810051649808884
v 0.00234780996106565 -0.0041615599766373634 -0.036898709833621979
v 0.0014138199621811509 -0.0037544500082731247 -0.037240929901599884
v 0.0017370099667459726 -0.0036374700721353292 -0.03721943125128746
v 0.001973399892449379 -0.0034595299512147903 -0.037188518792390823
v 0.0015109099913388491 -0.0031500000040978193 -0.037513379007577896
v 0.0017255200073122978 -0.002997369971126318 -0.037473570555448532
v 0.0018476400291547179 -0.0028119899798184633 -0.03742029145359993
v 0.0019813799299299717 -0.0027972799725830555 -0.037134431302547455
v 0.0020687100477516651 -0.0028903100173920393 -0.03703615814447403
v 0.0025929401163011789 -0.0039837900549173355 -0.036888469010591507
v 0.0021114801056683064 -0.0031966499518603086 -0.037141710519790649
v 0.0023126199375838041 -0.0032649100758135319 -0.037038661539554596
v 0.002424940001219511 -0.0032331598922610283 -0.037032198160886765
v 0.0021295500919222832 -0.0028998199850320816 -0.037015840411186218
v 0.0021681101061403751 -0.002841779962182045 -0.037045199424028397
v 0.002517390064895153 -0.0031223800033330917 -0.037064798176288605
v 0.0025682700797915459 -0.0028737799730151892 -0.037164840847253799
v 0.0002444300043862313 -0.0025766598992049694 -0.039567768573760986
v 0.00026914000045508146 -0.0026761800982058048 -0.03964151069521904
v 0.00016852999397087842 -0.0026650100480765104 -0.039443191140890121
v 0.00014740000187885016 -0.0026737500447779894 -0.039227131754159927
v 8.9599998318590224e-05 -0.0025515200104564428 -0.039363089948892593
v 5.3050000133225694e-05 -0.0024514500983059406 -0.039287261664867401
v 0.00025251001352444291 -0.0025101799983531237 -0.039505291730165482
v 0.00028859000303782523 -0.0024725000839680433 -0.039463009685277939
v 0.00034791999496519566 -0.0024593900889158249 -0.039449900388717651
v 6.1890001234132797e-05 -0.0023852200247347355 -0.039219528436660767
v 0.00010715000098571181 -0.0023467401042580605 -0.039170261472463608
v 0.00039485999150201678 -0.0027194099966436625 -0.039820991456508636
v 0.00040414000977762043 -0.00265323999337852 -0.039768170565366745
v 0.00043439998989924788 -0.0026166199240833521 -0.039734359830617905
v 0.00048161001177504659 -0.0026069199666380882 -0.039728768169879913
v 0.00062658998649567366 -0.002616930054500699 -0.03977946937084198
v 0.00054570002248510718 -0.0026113099884241819 -0.039745710790157318
v 0.00042969000060111284 -0.0024583600461483002 -0.039459798485040665
v 0.00053312000818550587 -0.0024569300003349781 -0.039486538618803024
v 0.00065240002004429698 -0.0024479900021106005 -0.039527390152215958
v 0.0004152999899815768 -0.0023137601092457771 -0.039160549640655518
v 0.00056731002405285835 -0.0022936901077628136 -0.039185721427202225
v 0.0011459100060164928 -0.0025627200957387686 -0.03998618945479393
v 0.0012789099710062146 -0.0026808199472725391 -0.040042199194431305
v 0.0012274399632588029 -0.0026028798893094063 -0.040016010403633118
v 0.00072149001061916351 -0.0026165300514549017 -0.039823919534683228
v 0.00082761002704501152 -0.0026028500869870186 -0.039872981607913971
v 0.00078176002716645598 -0.0024244401138275862 -0.039579611271619797
v 0.00093829998513683677 -0.0025826299097388983 -0.039919279515743256
v 0.00091389002045616508 -0.0023944398853927851 -0.039632659405469894
v 0.0010415200376883149 -0.0023661500308662653 -0.039675980806350708
v 0.00072523002745583653 -0.0022540099453181028 -0.039227709174156189
v 0.00088294997112825513 -0.0022062000352889299 -0.039276190102100372
v 0.0010343400062993169 -0.002161750104278326 -0.039320841431617737
v 0.0010469700209796429 -0.0025626199785619974 -0.03995547816157341
v 0.0011756300227716565 -0.0027022399008274078 -0.039657678455114365
v 0.0012949999654665589 -0.0026068000588566065 -0.039835710078477859
v 0.0012916399864479899 -0.002485400065779686 -0.039798341691493988
v 0.0012609199620783329 -0.0025496699381619692 -0.039605610072612762
v 0.0012410799972712994 -0.002402439946308732 -0.039757311344146729
v 0.001056620036251843 -0.0026781000196933746 -0.039393149316310883
v 0.0011904999846592546 -0.0025379299186170101 -0.039349101483821869
v 0.0013084700331091881 -0.0023996299132704735 -0.039546739310026169
v 0.0011541099520400167 -0.0023614999372512102 -0.039715539664030075
v 0.0011648200452327728 -0.0021461499854922295 -0.039367999881505966
v 0.0013106700498610735 -0.0022715500090271235 -0.039484921842813492
v 0.0012890700018033385 -0.0023777598980814219 -0.039284750819206238
v 0.0013452100101858377 -0.0022209999151527882 -0.039203979074954987
v 0.0012598600005730987 -0.0021849100012332201 -0.039424020797014236
v 2.550000090195681e-06 -0.0025791299995034933 -0.039144251495599747
v 1.7759999536792748e-05 -0.0026420399080961943 -0.038921680301427841
v 0.0002210200036643073 -0.0026995099615305662 -0.038985539227724075
v 0.00014191999798640609 -0.0027260300703346729 -0.038665000349283218
v 1.4029999874765053e-05 -0.0022454499267041683 -0.038829430937767029
v 0.00013559999933931977 -0.0022333299275487661 -0.038816530257463455
v 0.00017985000158660114 -0.0023299599997699261 -0.039149820804595947
v 0.000281919987173751 -0.0023229399230331182 -0.039149489253759384
v 0.00029830000130459666 -0.002216600114479661 -0.038807760924100876
v 2.390000008745119e-05 -0.0022178299259394407 -0.038462679833173752
v 0.00020725000649690628 -0.0021946299821138382 -0.038434449583292007
v 0.0006781499832868576 -0.0027279800269752741 -0.039046589285135269
v 0.00066849001450464129 -0.0027104399632662535 -0.038664199411869049
v 0.00048340001376345754 -0.0021846101153641939 -0.038810659199953079
v 0.00067217001924291253 -0.0021266799885779619 -0.038832768797874451
v 0.00041792000411078334 -0.0021516799461096525 -0.038413971662521362
v 0.0006367000169120729 -0.0020775599405169487 -0.038410268723964691
v 3.4899999263870995e-06 -0.0025557898916304111 -0.037527039647102356
v 0.00016516000323463231 -0.0022501600906252861 -0.038066968321800232
v 4.7999998287195922e-07 -0.0023400899954140186 -0.03758653998374939
v 3.527000080794096e-05 -0.0023193699307739735 -0.037527561187744141
v 0.00019505999807734042 -0.0023855299223214388 -0.037731710821390152
v 0.00039907998871058226 -0.002202159957960248 -0.038022361695766449
v 0.00064405001467093825 -0.002118309959769249 -0.03799210861325264
v 0.00045508000766858459 -0.0023433300666511059 -0.03766259178519249
v 0.00039823001134209335 -0.0021055201068520546 -0.037678349763154984
v 0.00041455999598838389 -0.0021059298887848854 -0.037627048790454865
v 0.00040252998587675393 -0.0020605600439012051 -0.037579648196697235
v 0.0002892299962695688 -0.0019135599723085761 -0.037732381373643875
v 7.7559998317155987e-05 -0.001379149965941906 -0.03757471963763237
v 0.00019706999592017382 -0.0016956200124695897 -0.037693358957767487
v 0.00035571001353673637 -0.0020458800718188286 -0.037718478590250015
v 0.0003652700106613338 -0.0019698599353432655 -0.037533249706029892
v 0.00066134997177869081 -0.0016486999811604619 -0.037878021597862244
v 0.00068088999250903726 -0.001611570012755692 -0.037626400589942932
v 0.00055389001499861479 -0.0014260800089687109 -0.0378597192466259
v 0.00058690999867394567 -0.0014196200063452125 -0.037585891783237457
v 0.00088727998081594706 -0.0026679299771785736 -0.039039149880409241
v 0.00090802001068368554 -0.0026380699127912521 -0.038635071367025375
v 0.00085845997091382742 -0.0020582398865371943 -0.038867529481649399
v 0.0010740100406110287 -0.0025645599234849215 -0.039011970162391663
v 0.0012363799614831805 -0.0024292399175465107 -0.038971368223428726
v 0.0011225399794057012 -0.0025326800532639027 -0.038597941398620605
v 0.0013128099963068962 -0.002406940096989274 -0.038561791181564331
v 0.0013579600490629673 -0.0022760799620300531 -0.038908939808607101
v 0.0013500499771907926 -0.0020881700329482555 -0.039116911590099335
v 0.00097058998653665185 -0.0027256000321358442 -0.038247488439083099
v 0.00071941001806408167 -0.002260599983856082 -0.037610169500112534
v 0.00097300001652911305 -0.0021591999102383852 -0.037587199360132217
v 0.00121391995344311 -0.0026225200854241848 -0.038197468966245651
v 0.0012008700286969543 -0.0020610298961400986 -0.037606380879878998
v 0.0010360999731346965 -0.0019946899265050888 -0.03890841081738472
v 0.00085332000162452459 -0.0019908798858523369 -0.038424309343099594
v 0.0011874299962073565 -0.0019654000643640757 -0.038961689919233322
v 0.0012947700452059507 -0.0019997700583189726 -0.039033669978380203
v 0.001057520043104887 -0.0019102300284430385 -0.038457028567790985
v 0.0013567899586632848 -0.0018965400522574782 -0.038603790104389191
v 0.0012313199695199728 -0.0018679900094866753 -0.038514748215675354
v 0.00088552001398056746 -0.0020194300450384617 -0.037984788417816162
v 0.00074067001696676016 -0.0017899599624797702 -0.037844639271497726
v 0.00080630002776160836 -0.0018746600253507495 -0.037737831473350525
v 0.00078931002644822001 -0.001862440025433898 -0.037793189287185669
v 0.0007472800207324326 -0.0017465299461036921 -0.037656068801879883
v 0.00079066999023780227 -0.0018351200269535184 -0.037692669779062271
v 0.0011089800391346216 -0.0019263500580564141 -0.038008950650691986
v 0.0012984100030735135 -0.0018728099530562758 -0.038068860769271851
v 0.0013906100066378713 -0.0019988201092928648 -0.037665709853172302
v 0.0011286200024187565 -0.0015695700421929359 -0.037933368235826492
v 0.0010626099538058043 -0.0014911399921402335 -0.037998169660568237
v 0.0011557999532669783 -0.0015842899447306991 -0.037870608270168304
v 0.0011419400107115507 -0.0015410099877044559 -0.037824790924787521
v 0.0010933999437838793 -0.0014456800417974591 -0.037795770913362503
v 0.00025601999368518591 -0.00076775997877120972 -0.037668280303478241
v 0.00042083000880666077 -0.0011094999499619007 -0.037756100296974182
v 0.00068413000553846359 -0.00081702001625671983 -0.037964288145303726
v 5.3290001233108342e-05 -0.00046966999070718884 -0.03769737109541893
v 0.0001371200050925836 -3.8899997889529914e-06 -0.037951420992612839
v 0.00011244999768678099 -3.7639998481608927e-05 -0.037775229662656784
v 4.3500000174390152e-05 -0.0001547900028526783 -0.037719361484050751
v 0.00033022000570781529 -0.00022443999478127807 -0.037890680134296417
v 0.00028388999635353684 -7.5459996878635138e-05 -0.037649728357791901
v 0.00051814998732879758 -0.00049705000128597021 -0.037880178540945053
v 0.000361509999493137 -0.00043628001003526151 -0.037634711712598801
v 0.00041298000724054873 -0.0004479300114326179 -0.037577331066131592
v 0.00037751998752355576 -0.00045687999227084219 -0.037600811570882797
v 0.00037125998642295599 -0.00038774000131525099 -0.037672549486160278
v 0.00046164999366737902 -0.00040782001451589167 -0.03757074847817421
v 0.0006884500035084784 -0.00056193000636994839 -0.037724681198596954
v 0.00065254000946879387 -0.00053781998576596379 -0.037790119647979736
v 0.00066123000578954816 -0.00056536000920459628 -0.037755928933620453
v 0.00061538000591099262 -0.00056883000070229173 -0.037655320018529892
v 0.00066789000993594527 -0.00048238001181744039 -0.037817738950252533
v 0.00045362001401372254 -0.00022195999918039888 -0.037758748978376389
v 0.00040315999649465084 -0.00031504000071436167 -0.037714000791311264
v 0.00045627000508829951 -0.00031015998683869839 -0.037635229527950287
v 0.0005194799741730094 -0.00034055000287480652 -0.03757563978433609
v 0.00051704002544283867 -0.00011159000132465735 -0.037803839892148972
v 0.00058246997650712729 -0.00025010001263581216 -0.037586558610200882
v 0.00064837001264095306 -0.00014119000115897506 -0.037598241120576859
v 0.0008305999799631536 -0.0011204100446775556 -0.03805147111415863
v 0.00096000998746603727 -0.0013432699488475919 -0.038050148636102676
v 0.0010165700223296881 -0.0013042499776929617 -0.037783399224281311
v 0.00090976001229137182 -0.0011081800330430269 -0.037762768566608429
v 0.0010227799648419023 -0.00075498997466638684 -0.038250859826803207
v 0.00077129999408498406 -0.000848939991556108 -0.037708960473537445
v 0.00089458998991176486 -0.00068474997533485293 -0.037923149764537811
v 0.00091992999659851193 -0.00068538001505658031 -0.037880491465330124
v 0.001289410050958395 -0.0011116799432784319 -0.038171060383319855
v 0.0013710700441151857 -0.0011856399942189455 -0.038101181387901306
v 0.0013430200051516294 -0.0010336500126868486 -0.037962470203638077
v 0.0011684199562296271 -0.00096684001618996263 -0.038232710212469101
v 0.0011152999941259623 -0.00078820000635460019 -0.038046550005674362
v 0.0011138999834656715 -0.00074892002157866955 -0.038084760308265686
v 0.0011379900388419628 -0.00079262000508606434 -0.03799721971154213
v 0.0011354399612173438 -0.00068390998058021069 -0.037952430546283722
v 0.0011783000081777573 -0.00075621000723913312 -0.037953559309244156
v 0.0012549100210890174 -0.00088197999866679311 -0.037958469241857529
v 0.0013258700491860509 -0.00086586002726107836 -0.038129828870296478
v 0.0013461200287565589 -0.00087420997442677617 -0.038078270852565765
v 0.0013295799726620317 -0.00082204001955688 -0.038166731595993042
v 0.0013596999924629927 -0.0007507900008931756 -0.038170281797647476
v 0.0013879199977964163 -0.00083903997438028455 -0.038030751049518585
v 0.0012323500122874975 -0.00068789999932050705 -0.037913799285888672
v 0.00099001999478787184 -9.1909998445771635e-05 -0.038425330072641373
v 0.0013011300470679998 -0.00052215001778677106 -0.038428649306297302
v 0.0011481699766591191 -0.00033117001294158399 -0.038458019495010376
v 0.001372799975797534 -1.1950000043725595e-05 -0.038640968501567841
v 0.00086720997933298349 -0.00048005999997258186 -0.038190290331840515
v 0.00088854000205174088 -0.00065062998328357935 -0.037960648536682129
v 0.00090694997925311327 -0.00058728997828438878 -0.037979461252689362
v 0.00094523001462221146 -0.00050020002527162433 -0.037986189126968384
v 0.00099881005007773638 -0.00039478001417592168 -0.037987440824508667
v 0.00072866998380050063 -0.00052444002358242869 -0.037705890834331512
v 0.00070317002246156335 -0.00040359000558964908 -0.037841979414224625
v 0.00077888998202979565 -0.00045851001050323248 -0.037696018815040588
v 0.0008360799984075129 -0.00036976998671889305 -0.037691511213779449
v 0.00095935002900660038 -0.00064818002283573151 -0.037846188992261887
v 0.0010099799837917089 -0.00058066000929102302 -0.037818159908056259
v 0.00098770996555685997 -0.00043819000711664557 -0.03791964054107666
v 0.00070520001463592052 -0.00019334000535309315 -0.03812301903963089
v 0.00075424998067319393 -0.0003060000017285347 -0.037866018712520599
v 0.00082875997759401798 -0.00017945999570656568 -0.037882320582866669
v 0.00081654998939484358 -0.00019427000370342284 -0.037888199090957642
v 0.00071493000723421574 -1.8549999367678538e-05 -0.037605438381433487
v 0.00089840998407453299 -0.00026375000015832484 -0.037689700722694397
v 0.00088546000188216567 -7.3080002039205283e-05 -0.037906859070062637
v 0.00096401997143402696 -0.00014596999972127378 -0.037687920033931732
v 0.0010286100441589952 -2.5850000383798033e-05 -0.037686809897422791
v 0.001137549988925457 -0.00068076001480221748 -0.038095079362392426
v 0.0011814399622380733 -0.0005883200210519135 -0.038086820393800735
v 0.0012407399481162429 -0.00047617999371141195 -0.038069300353527069
v 0.0013083600206300616 -0.00035295000998303294 -0.038045089691877365
v 0.0010689799673855305 -0.00049030000809580088 -0.037794340401887894
v 0.0011342399520799518 -0.0003833599912468344 -0.037774570286273956
v 0.0012963199988007545 -0.00059668999165296555 -0.0378761887550354
v 0.0013664299622178078 -0.00048922997666522861 -0.03784295916557312
v 0.0010629999451339245 -0.0002774599997792393 -0.037983540445566177
v 0.0011330499546602368 -0.00015468000492546707 -0.037974830716848373
v 0.0012051200028508902 -3.5649998608278111e-05 -0.037961248308420181
v 0.0013772100210189819 -0.00022722000721842051 -0.038016758859157562
v 0.0012742399703711271 -0.00016805999621283263 -0.038156628608703613
v 0.0012036700500175357 -0.00026612999499775469 -0.037758741527795792
v 0.0012720399536192417 -0.00014759000623598695 -0.037747640162706375
v 0.0013341100420802832 -3.6779998481506482e-05 -0.037742078304290771
v 0.0018589700339362025 -0.0014230000087991357 -0.03923536092042923
v 0.0019736399408429861 -0.0014004700351506472 -0.039267908781766891
v 0.0014223200269043446 -0.0021192200947552919 -0.038816269487142563
v 0.0014540699776262045 -0.0022647399455308914 -0.038505371659994125
v 0.0015215900493785739 -0.0021100100129842758 -0.038407441228628159
v 0.0014193300157785416 -0.0025017599109560251 -0.038157649338245392
v 0.0015566699439659715 -0.0027023600414395332 -0.03778592124581337
v 0.0016932199941948056 -0.0025529901031404734 -0.037728749215602875
v 0.0015639299526810646 -0.0023638100828975439 -0.038101211190223694
v 0.0016247900202870369 -0.0022091499995440245 -0.038001310080289841
v 0.0017370099667459726 -0.0023847001139074564 -0.037633318454027176
v 0.0017085700528696179 -0.0022435600403696299 -0.037520628422498703
v 0.0016105399699881673 -0.0020766900852322578 -0.037880968302488327
v 0.0019203800475224853 -0.002102759899571538 -0.037978529930114746
v 0.0018059000140056014 -0.0020675798878073692 -0.037913080304861069
v 0.0018464300082996488 -0.0022019399330019951 -0.037643019109964371
v 0.0018426600145176053 -0.0020877900533378124 -0.037578258663415909
v 0.0019582400564104319 -0.0022467100061476231 -0.037722200155258179
v 0.0014238100266084075 -0.0019841799512505531 -0.038709260523319244
v 0.0017402899684384465 -0.0017210999503731728 -0.03839154914021492
v 0.0017371999565511942 -0.0016058000037446618 -0.038654778152704239
v 0.001756689976900816 -0.0018240000354126096 -0.038448259234428406
v 0.0018710499862208962 -0.0018299800576642156 -0.038488641381263733
v 0.002045369939878583 -0.0017230099765583873 -0.038499288260936737
v 0.0017947000451385975 -0.0015673299785703421 -0.03896871954202652
v 0.0019082799553871155 -0.0015498000429943204 -0.039000671356916428
v 0.0017606000183150172 -0.0014825500547885895 -0.038917981088161469
v 0.002042979933321476 -0.0015757499495521188 -0.038749638944864273
v 0.0020689899101853371 -0.0014289399841800332 -0.039011009037494659
v 0.0017621599836274981 -0.0016997000202536583 -0.038708370178937912
v 0.0018758500227704644 -0.0016922199865803123 -0.038742560893297195
v 0.0017983999568969011 -0.0014319899491965771 -0.038591448217630386
v 0.0014378300402313471 -0.0018925899639725685 -0.038168810307979584
v 0.0015159799950197339 -0.0019751500803977251 -0.038288451731204987
v 0.0015298300422728062 -0.0020053000189363956 -0.037763170897960663
v 0.0017736300360411406 -0.0019441200420260429 -0.038182329386472702
v 0.0018886199686676264 -0.001965339994058013 -0.038233991712331772
v 0.0017642800230532885 -0.001834050053730607 -0.038122899830341339
v 0.0020705698989331722 -0.0018721399828791618 -0.038258589804172516
v 0.0018010999774560332 -0.0019533699378371239 -0.037851069122552872
v 0.0018943400355055928 -0.0017726999940350652 -0.037794299423694611
v 0.0019346800399944186 -0.0019110500579699874 -0.037527699023485184
v 0.0018172400305047631 -0.0015422699507325888 -0.038327418267726898
v 0.0018522100290283561 -0.0016528000123798847 -0.038061290979385376
v 0.00202907994389534 -0.0014180799480527639 -0.038003068417310715
v 0.0020740099716931581 -0.0015381600242108107 -0.037744559347629547
v 0.0022146198898553848 -0.0023539899848401546 -0.037565179169178009
v 0.0021473700180649757 -0.0021816899534314871 -0.037789691239595413
v 0.0024702099617570639 -0.0021474899258464575 -0.037613429129123688
v 0.0022416301071643829 -0.0014870200539007783 -0.038466840982437134
v 0.0021080800797790289 -0.0020245600026100874 -0.038023430854082108
v 0.0023324699141085148 -0.0017986600287258625 -0.038023781031370163
v 0.0023830500431358814 -0.0019664799328893423 -0.037819419056177139
v 0.0022808399517089128 -0.0016389300581067801 -0.038236860185861588
v 0.0027623099740594625 -0.0018002500291913748 -0.037659838795661926
v 0.0025882900226861238 -0.0014555499656125903 -0.03801456093788147
v 0.0026544800493866205 -0.0016229000175371766 -0.037842638790607452
v 0.0020013600587844849 -0.0010830500395968556 -0.039713829755783081
v 0.0020584999583661556 -0.0011491000186651945 -0.03976031020283699
v 0.0018981599714607 -0.0012082400498911738 -0.039453979581594467
v 0.0018160799518227577 -0.0013457200257107615 -0.039186540991067886
v 0.0019141599768772721 -0.0010598700027912855 -0.039400018751621246
v 0.0019489299738779664 -0.0012793700443580747 -0.039501499384641647
v 0.0020653998944908381 -0.0012553599663078785 -0.039536528289318085
v 0.0020058499649167061 -0.00094475998776033521 -0.039662681519985199
v 0.0020722199697047472 -0.0007515900069847703 -0.039610199630260468
v 0.0019979900680482388 -0.0008521500276401639 -0.039345640689134598
v 0.0021736600901931524 -0.0010360400192439556 -0.040001809597015381
v 0.0023690001107752323 -0.00086711999028921127 -0.040398448705673218
v 0.002413199981674552 -0.00068285001907497644 -0.040609650313854218
v 0.0024299200158566236 -0.00079939002171158791 -0.040544550865888596
v 0.002368059940636158 -0.00074372999370098114 -0.040496550500392914
v 0.002215550048276782 -0.0008845399715937674 -0.040170188993215561
v 0.0022018400486558676 -0.00076105998596176505 -0.040120471268892288
v 0.0022803600877523422 -0.00094403000548481941 -0.040216028690338135
v 0.0023997700773179531 -0.00092373997904360294 -0.040261339396238327
v 0.0022935299202799797 -0.0010140700032934546 -0.040043961256742477
v 0.0023038899526000023 -0.00080961000639945269 -0.040351931005716324
v 0.0022843100596219301 -0.00069251999957486987 -0.04030190035700798
v 0.0024686600081622601 -0.00073397002415731549 -0.040659349411725998
v 0.0025383299216628075 -0.00079163000918924809 -0.040595788508653641
v 0.002563779940828681 -0.00073619000613689423 -0.040712408721446991
v 0.0024849800392985344 -0.0008508400060236454 -0.0404466912150383
v 0.0026710499078035355 -0.00068639998789876699 -0.040778860449790955
v 0.0026625900063663721 -0.00072488002479076385 -0.04066108912229538
v 0.0026199899148195982 -0.00076977000571787357 -0.040507640689611435
v 0.0024400099646300077 -0.00091614999109879136 -0.040090460330247879
v 0.0025418999139219522 -0.00083323998842388391 -0.040316041558980942
v 0.002581720007583499 -0.00075048999860882759 -0.040149398148059845
v 0.0021770501043647528 -0.0011255800491198897 -0.039798781275749207
v 0.002128989901393652 -0.0012811099877581 -0.039284780621528625
v 0.002216740045696497 -0.001141509972512722 -0.039562340825796127
v 0.0022939299233257771 -0.001067899982444942 -0.039286598563194275
v 0.0021117799915373325 -0.00097389001166447997 -0.039955940097570419
v 0.0021063799504190683 -0.00084445002721622586 -0.03990643098950386
v 0.0023260200396180153 -0.0010193800553679466 -0.039835058152675629
v 0.0023721000179648399 -0.00094311998691409826 -0.039582211524248123
v 0.0024744200054556131 -0.00083740998525172472 -0.039874959737062454
v 0.0025154598988592625 -0.0006925400230102241 -0.039590921252965927
v 0.0024583300109952688 -0.00079477997496724129 -0.039273601025342941
v 0.0024238999467343092 -0.00055065000196918845 -0.040655210614204407
v 0.0023458199575543404 -0.00063674000557512045 -0.040447819977998734
v 0.0023908698931336403 -0.000590519979596138 -0.040563751012086868
v 0.0024262899532914162 -0.00044659001287072897 -0.040630999952554703
v 0.0023950999602675438 -0.00046469998778775334 -0.040522079914808273
v 0.0023562998976558447 -0.00049050000961869955 -0.040394358336925507
v 0.0022357699926942587 -0.00058938999427482486 -0.04006354883313179
v 0.0023048499133437872 -0.00053005997324362397 -0.040243100374937057
v 0.0023430800065398216 -0.00035384998773224652 -0.040177088230848312
v 0.0022921499330550432 -0.00040205000550486147 -0.03999646008014679
v 0.0024391200859099627 -0.0003245999978389591 -0.040619350969791412
v 0.0024112400133162737 -0.00032505000126548111 -0.04048636183142662
v 0.0024246200919151306 -0.00019121999503113329 -0.04045829176902771
v 0.0024345300626009703 -5.8149998949375004e-05 -0.040447849780321121
v 0.0023810099810361862 -0.00033149000955745578 -0.04033965989947319
v 0.0024015000090003014 -0.00018613999418448657 -0.040287181735038757
v 0.0023765598889440298 -0.00019551999866962433 -0.040105391293764114
v 0.0024148800875991583 -4.5900000259280205e-05 -0.040254201740026474
v 0.0023970699403434992 -4.3460000597406179e-05 -0.040050089359283447
v 0.0024907700717449188 -0.00066398998023942113 -0.040747880935668945
v 0.0024445198941975832 -0.0006228900165297091 -0.040696840733289719
v 0.0024474500678479671 -0.00051684002391993999 -0.040714669972658157
v 0.0024671698920428753 -0.00055180001072585583 -0.040761750191450119
v 0.0024549700319766998 -0.0004421900084707886 -0.040725018829107285
v 0.0027719798963516951 -0.000603599997702986 -0.040751278400421143
v 0.0027421999257057905 -0.00063289998797699809 -0.040592249482870102
v 0.0026748799718916416 -0.0006820900016464293 -0.040390059351921082
v 0.0027848700992763042 -0.00048919999971985817 -0.040463648736476898
v 0.0027026699390262365 -0.00054037000518292189 -0.040203899145126343
v 0.002468140097334981 -0.00033085999893955886 -0.040738500654697418
v 0.0024789099115878344 -0.00020751000556629151 -0.040755771100521088
v 0.0024498999118804932 -0.00019854999845847487 -0.040615420788526535
v 0.0024868899490684271 -7.6809999882243574e-05 -0.040773998945951462
v 0.0024583700578659773 -6.8640001700259745e-05 -0.040622010827064514
v 0.0027867800090461969 -0.0003090699901804328 -0.040237080305814743
v 0.0021559300366789103 -0.00066456000786274672 -0.039853360503911972
v 0.0022336000110954046 -0.00046554001164622605 -0.039789348840713501
v 0.0021728400606662035 -0.00053374998969957232 -0.03954726830124855
v 0.0021220899652689695 -0.00061168998945504427 -0.039283059537410736
v 0.0022589100990444422 -0.0003650900034699589 -0.039204470813274384
v 0.0023458299692720175 -0.0002315500023541972 -0.039916258305311203
v 0.0023125798907130957 -0.00027871000929735601 -0.039707001298666
v 0.0023787699174135923 -6.2439998146146536e-05 -0.039844539016485214
v 0.0023615900427103043 -8.4359999164007604e-05 -0.039625450968742371
v 0.0022801000159233809 -0.00032148999162018299 -0.039464801549911499
v 0.0023471699096262455 -9.0759996965061873e-05 -0.039380699396133423
v 0.002604879904538393 -0.00060794001910835505 -0.039907008409500122
v 0.0027000599075108767 -0.00035924999974668026 -0.039919711649417877
v 0.0026308200322091579 -0.00042209000093862414 -0.039583258330821991
v 0.0026120499242097139 -0.00049569999100640416 -0.039246018975973129
v 0.0027504300232976675 -9.873999806586653e-05 -0.039896730333566666
v 0.0027133699040859938 -0.00017631999799050391 -0.039197828620672226
v 0.0027002301067113876 -0.00013647000014316291 -0.039546851068735123
v 0.0018047200283035636 -0.0013158300425857306 -0.038857381790876389
v 0.0018452099757269025 -0.0011876800563186407 -0.039129249751567841
v 0.0019257500534877181 -0.0010875699808821082 -0.03879585862159729
v 0.0019431900000199676 -0.0011997299734503031 -0.038528069853782654
v 0.001946590025909245 -0.00096793001284822822 -0.03907129168510437
v 0.0014084599679335952 -0.001193530042655766 -0.038036160171031952
v 0.0013966499827802181 -0.0011401900555938482 -0.037989150732755661
v 0.0015365600120276213 -0.0008593199891038239 -0.038210850208997726
v 0.0015289100119844079 -0.00090788002125918865 -0.038176711648702621
v 0.0015478299465030432 -0.00092064001364633441 -0.038127031177282333
v 0.0015228199772536755 -0.00071216997457668185 -0.038297589868307114
v 0.0015667900443077087 -0.00070535001577809453 -0.038234539330005646
v 0.0014459999511018395 -0.00077071000123396516 -0.037985410541296005
v 0.0017253999831154943 -0.00086923001799732447 -0.038234971463680267
v 0.0017151300562545657 -0.00092144001973792911 -0.038205210119485855
v 0.0017333900323137641 -0.00093805999495089054 -0.038160458207130432
v 0.0015906599583104253 -0.00088718999177217484 -0.038080498576164246
v 0.001573379966430366 -0.00078540999675169587 -0.038210760802030563
v 0.0016312299994751811 -0.00068856001598760486 -0.038188640028238297
v 0.0016509500565007329 -0.00081951002357527614 -0.038035470992326736
v 0.0017222400056198239 -0.00072960997931659222 -0.037990301847457886
v 0.0019829599186778069 -0.001308529986999929 -0.038264840841293335
v 0.0018867800245061517 -0.00086021999595686793 -0.038256961852312088
v 0.0018930999794974923 -0.00093257002299651504 -0.038195498287677765
v 0.0018752099713310599 -0.00091373000759631395 -0.038233350962400436
v 0.0017767100362107158 -0.00090619002003222704 -0.038117729127407074
v 0.0017677400028333068 -0.00079432001803070307 -0.038232728838920593
v 0.0018316099885851145 -0.00069864001125097275 -0.03821101039648056
v 0.0018380000256001949 -0.00083947001257911325 -0.038076169788837433
v 0.0019102400401607156 -0.00075155997183173895 -0.038034930825233459
v 0.0019362600287422538 -0.00090153998462483287 -0.03815734013915062
v 0.0020113200880587101 -0.00088895001681521535 -0.038258269429206848
v 0.0020274799317121506 -0.000908799993339926 -0.038228381425142288
v 0.0020711100660264492 -0.00087787001393735409 -0.038196161389350891
v 0.0019319499842822552 -0.00078727002255618572 -0.038252409547567368
v 0.0019996799528598785 -0.00069617002736777067 -0.038232121616601944
v 0.0020244799088686705 -0.00083629001164808869 -0.038275398313999176
v 0.0020688299555331469 -0.00076878000982105732 -0.038269329816102982
v 0.0019979700446128845 -0.00083572999574244022 -0.03811969980597496
v 0.0020714700222015381 -0.00075026002014055848 -0.038083378225564957
v 0.0014317400055006146 -0.00065305997850373387 -0.038365688174962997
v 0.0015003000153228641 -0.00011675999849103391 -0.038584470748901367
v 0.0016332999803125858 -0.00012271999730728567 -0.038465801626443863
v 0.0015900100115686655 -0.00015069000073708594 -0.038523580878973007
v 0.0016215699724853039 -4.1819999751169235e-05 -0.038418669253587723
v 0.0014105200534686446 -0.00065532000735402107 -0.038151700049638748
v 0.0015560999745503068 -0.00063849997241050005 -0.038186758756637573
v 0.0014985300367698073 -0.00052092998521402478 -0.038158848881721497
v 0.0014763299841433764 -0.00053879001643508673 -0.038122199475765228
v 0.0015150799881666899 -0.00067958998261019588 -0.037940409034490585
v 0.0014018700458109379 -0.00036194000858813524 -0.038155380636453629
v 0.0015467599732801318 -0.00041169000905938447 -0.038085930049419403
v 0.0017019399674609303 -0.00057118001859635115 -0.038156721740961075
v 0.0014389100251719356 -0.00037217000499367714 -0.037816330790519714
v 0.001589369960129261 -0.0005726100062020123 -0.037899531424045563
v 0.0016630700556561351 -0.00045670999679714441 -0.037866570055484772
v 0.00144550995901227 -0.00010856999870156869 -0.037987161427736282
v 0.0015114500420168042 -6.6200000219396316e-06 -0.037959128618240356
v 0.0016114100581035018 -0.00028449000092223287 -0.038047019392251968
v 0.001671419944614172 -0.00016693999350536615 -0.038009669631719589
v 0.0017279000021517277 -6.8829998781438917e-05 -0.037978049367666245
v 0.0015083099715411663 -0.00025437999283894897 -0.037797331809997559
v 0.001730829942971468 -0.00034048000816255808 -0.037842690944671631
v 0.0015691999578848481 -0.0001446899987058714 -0.037786979228258133
v 0.0016185300191864371 -4.7749999794177711e-05 -0.037785328924655914
v 0.0019064700463786721 -0.00058408000040799379 -0.038182329386472702
v 0.0017974500078707933 -0.00062478997278958559 -0.037948928773403168
v 0.0017723100027069449 -0.0004446399980224669 -0.038119129836559296
v 0.0020788500551134348 -0.00058822002029046416 -0.038208488374948502
v 0.0019851299002766609 -0.00065017997985705733 -0.037997309118509293
v 0.0020544400904327631 -0.00054307002574205399 -0.037966590374708176
v 0.0019760800059884787 -0.00046179999480955303 -0.038149528205394745
v 0.0020241299644112587 -0.00034296000376343727 -0.038115430623292923
v 0.0018694399623200297 -0.00051236001309007406 -0.037915319204330444
v 0.0019329700153321028 -0.00040017999708652496 -0.037890538573265076
v 0.0018290999578312039 -0.00032026000553742051 -0.038079999387264252
v 0.0018767899600788951 -0.00020725000649690628 -0.038042940199375153
v 0.0020582699216902256 -0.00023601000430062413 -0.038082469254732132
v 0.0019198099616914988 -0.0001147599978139624 -0.038011539727449417
v 0.0019590100273489952 -4.6950000978540629e-05 -0.037982240319252014
v 0.0019952100701630116 -7.9600004028179683e-06 -0.037951529026031494
v 0.0020861600060015917 -0.00014940000255592167 -0.038053080439567566
v 0.001787340035662055 -0.0002324800007045269 -0.037829048931598663
v 0.0018310199957340956 -0.00013679999392479658 -0.037824619561433792
v 0.0018603199860081077 -5.7450000895187259e-05 -0.037828400731086731
v 0.0019827100913971663 -0.00029612000798806548 -0.037875648587942123
v 0.0020184400491416454 -0.00020353999570943415 -0.037869449704885483
v 0.0020398600026965141 -0.00012583000352606177 -0.037870738655328751
v 0.0020475499331951141 -6.410000059986487e-05 -0.03788004070520401
v 0.0020420299842953682 -1.9459999748505652e-05 -0.037897918373346329
v 0.0022444799542427063 -0.0012037600390613079 -0.038996908813714981
v 0.0022282800637185574 -0.0013427200028672814 -0.038721930235624313
v 0.0024338399525731802 -0.0010285000316798687 -0.038676951080560684
v 0.0020935800857841969 -0.00070432998472824693 -0.039009518921375275
v 0.0024317300412803888 -0.00090873998124152422 -0.038965471088886261
v 0.0021385399159044027 -0.00090663001174107194 -0.038469258695840836
v 0.002096130046993494 -0.00080490001710131764 -0.038735348731279373
v 0.0024635700974613428 -0.0011577899567782879 -0.038418959826231003
v 0.0027149301022291183 -0.00077104999218136072 -0.038383301347494125
v 0.0022531899157911539 -0.0011181000154465437 -0.037953391671180725
v 0.0022995800245553255 -0.00123844004701823 -0.037706490606069565
v 0.0021370300091803074 -0.0008713799761608243 -0.038255359977483749
v 0.0021983699407428503 -0.001010649953968823 -0.038209270685911179
v 0.002142379991710186 -0.00080142001388594508 -0.038288861513137817
v 0.0021255700848996639 -0.00085132999811321497 -0.038277149200439453
v 0.0021345799323171377 -0.0008126900065690279 -0.038163881748914719
v 0.0021358700469136238 -0.00068637001095339656 -0.038251720368862152
v 0.002226969925686717 -0.00080218998482450843 -0.03828677162528038
v 0.0022108301054686308 -0.00082577997818589211 -0.038268789649009705
v 0.0022515601012855768 -0.00077470001997426152 -0.038206540048122406
v 0.0021830499172210693 -0.00083981000352650881 -0.038231000304222107
v 0.0022507898975163698 -0.0007539300131611526 -0.038296189159154892
v 0.0021811400074511766 -0.00074339000275358558 -0.038282979279756546
v 0.0022101500071585178 -0.00072975998045876622 -0.038133818656206131
v 0.0022686501033604145 -0.00079293001908808947 -0.038260661065578461
v 0.0022820399608463049 -0.00070400000549852848 -0.038291510194540024
v 0.0023245299234986305 -0.00074281002162024379 -0.038283899426460266
v 0.0023459501098841429 -0.00072657997952774167 -0.038244288414716721
v 0.0023304598871618509 -0.00069411000004038215 -0.038184430450201035
v 0.0023600601125508547 -0.00069209997309371829 -0.03829621896147728
v 0.0025198599323630333 -0.0013003300409764051 -0.038202408701181412
v 0.0027880501002073288 -0.00089096999727189541 -0.038188870996236801
v 0.0025306099560111761 -0.00086222001118585467 -0.037684731185436249
v 0.0024828200694173574 -0.00074111000867560506 -0.037917390465736389
v 0.0022595201153308153 -0.00041472000884823501 -0.038940791040658951
v 0.0023513799533247948 -0.00055027002235874534 -0.038419660180807114
v 0.0022882400080561638 -0.00047493999591097236 -0.038677830249071121
v 0.0023459999356418848 -9.18200021260418e-05 -0.039124779403209686
v 0.0023685800842940807 -9.7739997727330774e-05 -0.038872208446264267
v 0.0024165899958461523 -0.00011893999908352271 -0.038622591644525528
v 0.0026277101133018732 -0.00057839002693071961 -0.038923751562833786
v 0.0026617499534040689 -0.00066851999145001173 -0.038632221519947052
v 0.0027637500315904617 -0.00022252000053413212 -0.038869578391313553
v 0.0024917300324887037 -0.00016582000534981489 -0.038375500589609146
v 0.0022406000643968582 -0.00067447999026626348 -0.038269530981779099
v 0.0022171600721776485 -0.00058902002638205886 -0.038234241306781769
v 0.0021469099447131157 -0.00065324001479893923 -0.0380508191883564
v 0.0022144101094454527 -0.0005528000183403492 -0.038024421781301498
v 0.0021491700317710638 -0.00047321998863480985 -0.038181979209184647
v 0.0021903300657868385 -0.00036100001307204366 -0.038153029978275299
v 0.0021126300562173128 -0.00043697000364772975 -0.037943370640277863
v 0.0023019099608063698 -0.00066248001530766487 -0.03828062117099762
v 0.002319500083103776 -0.00059193000197410583 -0.038258571177721024
v 0.0023779699113219976 -0.00060680002206936479 -0.038279011845588684
v 0.0023846901021897793 -0.00064346997532993555 -0.038293071091175079
v 0.0024148100055754185 -0.000673100003041327 -0.038273729383945465
v 0.0024270000867545605 -0.00064720999216660857 -0.038229018449783325
v 0.0024048699997365475 -0.0006062299944460392 -0.038163658231496811
v 0.0024244100786745548 -0.00063942000269889832 -0.038166210055351257
v 0.0022858099546283484 -0.00063742999918758869 -0.038107059895992279
v 0.0023495100904256105 -0.00054403999820351601 -0.03808467835187912
v 0.0022885201033204794 -0.00048427999718114734 -0.038214601576328278
v 0.0023257299326360226 -0.00037967998650856316 -0.038190539926290512
v 0.0023910100571811199 -0.00050035002641379833 -0.038245491683483124
v 0.0024283500388264656 -0.00040431000525131822 -0.038225699216127396
v 0.0022677399683743715 -0.00045429999590851367 -0.038003690540790558
v 0.0023006799165159464 -0.00036309999995864928 -0.037988089025020599
v 0.0023956599179655313 -0.00045399001101031899 -0.038065530359745026
v 0.0024186300579458475 -0.00037170998984947801 -0.03804846853017807
v 0.0022125199902802706 -0.00025976001052185893 -0.038123741745948792
v 0.0022259498946368694 -0.00017773000581655651 -0.038096200674772263
v 0.0021116200368851423 -8.7100001110229641e-05 -0.038024000823497772
v 0.0021630499977618456 -4.7419998736586422e-05 -0.037962179630994797
v 0.0021384500432759523 -5.3070001740707085e-05 -0.037991918623447418
v 0.0022378601133823395 -0.00011899999663000926 -0.038067910820245743
v 0.0022555000614374876 -8.7619999249000102e-05 -0.038036361336708069
v 0.0021818799432367086 -7.0280002546496689e-05 -0.037940099835395813
v 0.0023397998884320259 -0.00028375998954288661 -0.038164399564266205
v 0.0023417100310325623 -0.00020502999541349709 -0.038138478994369507
v 0.0024271300062537193 -0.00017891000607050955 -0.038151368498802185
v 0.0024359500966966152 -0.00023653000243939459 -0.038177501410245895
v 0.0023167498875409365 -0.00028099998598918319 -0.037978198379278183
v 0.002319419989362359 -0.00020983000285923481 -0.037974569946527481
v 0.0024245299864560366 -0.00029764001374132931 -0.03803601861000061
v 0.0024057100526988506 -0.00017735999426804483 -0.038032028824090958
v 0.0024194300640374422 -0.00023224999313242733 -0.038030721247196198
v 0.0023417100310325623 -0.00014786000247113407 -0.038111280649900436
v 0.0023500800598412752 -0.0001166299989563413 -0.038081269711256027
v 0.0023114699870347977 -0.00015127999358810484 -0.037977840751409531
v 0.0022956801112741232 -0.00010702999861678109 -0.037988621741533279
v 0.002275780076161027 -8.3630002336576581e-05 -0.038007829338312149
v 0.0024343500845134258 -0.00013746999320574105 -0.038099758327007294
v 0.0024259400088340044 -0.00014506999286822975 -0.038123100996017456
v 0.0023652899544686079 -0.00011203000030945987 -0.038055110722780228
v 0.0023857399355620146 -0.00013477999891620129 -0.038039430975914001
v 0.002154200104996562 -0.00033864000579342246 -0.037928201258182526
v 0.0021804398857057095 -0.00025070999981835485 -0.037920441478490829
v 0.0021926299668848515 -0.00017579000268597156 -0.037919461727142334
v 0.0021925300825387239 -0.00011521000124048442 -0.037925820797681808
v 0.0024574100971221924 -0.0006187299732118845 -0.038289740681648254
v 0.0024729999713599682 -0.00056791998213157058 -0.038287259638309479
v 0.0024535499978810549 -0.00052652001613751054 -0.038270950317382812
v 0.0024944199249148369 -0.00059295998653396964 -0.038261391222476959
v 0.0024965200573205948 -0.00056265998864546418 -0.038212399929761887
v 0.0024599200114607811 -0.00051923998398706317 -0.038143239915370941
v 0.0025299699045717716 -0.00053661997662857175 -0.038277588784694672
v 0.0024971100501716137 -0.00043789998744614422 -0.038254678249359131
v 0.0025138799101114273 -0.00035074999323114753 -0.038233160972595215
v 0.0025744999293237925 -0.00045325999963097274 -0.038259640336036682
v 0.0025532001163810492 -0.00050977000501006842 -0.03824508935213089
v 0.0025309200864285231 -0.00048347000847570598 -0.03827366977930069
v 0.0025392300449311733 -0.00048074999358505011 -0.038192030042409897
v 0.0025810198858380318 -0.00043091998668387532 -0.038222998380661011
v 0.0025599899236112833 -0.00039883999852463603 -0.038254011422395706
v 0.0025877200532704592 -0.00037614000029861927 -0.038235768675804138
v 0.0025849200319498777 -0.00036147999344393611 -0.038196031004190445
v 0.0025581400841474533 -0.00040670001180842519 -0.038168780505657196
v 0.0025562800001353025 -0.00034575001336634159 -0.038143530488014221
v 0.0024937500711530447 -0.00043782999273389578 -0.038122918456792831
v 0.0025045000948011875 -0.00036669999826699495 -0.038102470338344574
v 0.0026872600428760052 -0.00045168001088313758 -0.037673551589250565
v 0.0024403699208050966 -0.0003132399870082736 -0.038202080875635147
v 0.0025091399438679218 -0.00027489999774843454 -0.038209319114685059
v 0.0024954900145530701 -0.00021528000070247799 -0.03818323090672493
v 0.0024854498915374279 -0.0001768100046319887 -0.038155000656843185
v 0.0025797199923545122 -0.00031000998569652438 -0.038206480443477631
v 0.0025481199845671654 -0.00026013000751845539 -0.038201909512281418
v 0.00256175990216434 -0.00032279000151902437 -0.038229968398809433
v 0.0025605699047446251 -0.00025961999199353158 -0.038172278553247452
v 0.0025719800032675266 -0.00030650998814962804 -0.038165111094713211
v 0.0025310299824923277 -0.00021569000091403723 -0.03817015141248703
v 0.0025009599048644304 -0.00030385999707505107 -0.038087230175733566
v 0.002502429997548461 -0.00018374000501353294 -0.038132928311824799
v 0.0024766100104898214 -0.00019847000658046454 -0.038084309548139572
v 0.0024919100105762482 -0.0002473499916959554 -0.038082540035247803
v 0.0025361899752169847 -0.00030548000358976424 -0.03812054917216301
v 0.002541279885917902 -0.00026786001399159431 -0.038128018379211426
v 0.0025714999064803123 -0.00023705000057816505 -0.038131680339574814
v 0.0025272299535572529 -0.00022308000188786536 -0.038131970912218094
v 0.0024753001052886248 -0.00016363999748136848 -0.038129888474941254
v 0.0024543399922549725 -0.00015855999663472176 -0.038088440895080566
v 0.0026334100402891636 -0.00033127001370303333 -0.037891849875450134
v 0.0026897198986262083 -4.8980000428855419e-05 -0.037667218595743179
v 6.2179999076761305e-05 -0.0026909699663519859 -0.037282280623912811
v 0.00027101000887341797 -0.002550200093537569 -0.037428088486194611
v 0.00015387999883387238 -0.00261264992877841 -0.036806650459766388
v 3.715999991982244e-05 -0.0022553498856723309 -0.03747263178229332
v 7.9999999798019417e-06 -0.0021493700332939625 -0.037417210638523102
v 0.00036716999602504075 -0.0026936400681734085 -0.03715553879737854
v 0.00055817002430558205 -0.0025194599293172359 -0.03733602911233902
v 0.00068062002537772059 -0.0026748001109808683 -0.037044059485197067
v 0.00036008999450132251 -0.0022904700599610806 -0.036704078316688538
v 0.00066911999601870775 -0.0026254800613969564 -0.036688279360532761
v 0.00030591999529860914 -0.0018342899857088923 -0.037484988570213318
v 0.00010450999980093911 -0.0013965399703010917 -0.03734821081161499
v 0.00022036999871488661 -0.0016458400059491396 -0.03742619976401329
v 0.0005197700229473412 -0.0018739600200206041 -0.036688659340143204
v 0.00083452998660504818 -0.0024451699573546648 -0.037269309163093567
v 0.00096118997316807508 -0.0026127600576728582 -0.036974389106035233
v 0.0010622600093483925 -0.0027284501120448112 -0.036756869405508041
v 0.0012102200416848063 -0.0025216699577867985 -0.036951441317796707
v 0.0012833100045099854 -0.0026426198892295361 -0.036742590367794037
v 0.001089869998395443 -0.0023475100751966238 -0.037239950150251389
v 0.0013139699585735798 -0.0022466699592769146 -0.037259921431541443
v 0.00086793000809848309 -0.002357840072363615 -0.036662530153989792
v 0.0010580100351944566 -0.0026562700513750315 -0.036624401807785034
v 0.0012584399664774537 -0.0026712699327617884 -0.036634288728237152
v 0.0012859799899160862 -0.0024215399753302336 -0.036652039736509323
v 0.001111689954996109 -0.0019492900464683771 -0.036722321063280106
v 0.0013645800063386559 -0.0013926699757575989 -0.036889728158712387
v 0.00031249001040123403 -0.00087374000577256083 -0.037457641214132309
v 0.00046070999815128744 -0.0011600400321185589 -0.037516791373491287
v 0.00067157001467421651 -0.0013205199502408504 -0.036748271435499191
v 0.00015243000234477222 -0.00060162000590935349 -0.037446990609169006
v 6.2999999499879777e-05 -0.00036900999839417636 -0.037485949695110321
v 5.7399997785978485e-06 -0.00038616001256741583 -0.037513729184865952
v 0.00013365999620873481 -0.00032118000672198832 -0.037478819489479065
v 1.6499999446750735e-06 -5.8320001699030399e-05 -0.03740755096077919
v 0.000212180006201379 -0.00024587000370956957 -0.037485290318727493
v 0.00029296000138856471 -0.00014627999917138368 -0.037498310208320618
v 0.00037351998616941273 -2.6510000679991208e-05 -0.03751010075211525
v 0.00040702000842429698 -0.00014422000094782561 -0.036758970469236374
v 0.00079273001756519079 -0.00062672997592017055 -0.036787699908018112
v 0.0011836800258606672 -9.1399997472763062e-06 -0.036810010671615601
v 0.0014290099497884512 -0.002415680093690753 -0.03698015958070755
v 0.0014980799751356244 -0.0025161600206047297 -0.03678257018327713
v 0.0017203399911522865 -0.0024276000913232565 -0.036845248192548752
v 0.0014968200121074915 -0.0021776899229735136 -0.037320181727409363
v 0.001729269977658987 -0.0023444099351763725 -0.037139110267162323
v 0.0016284299781545997 -0.0021756100468337536 -0.037411671131849289
v 0.0016059200279414654 -0.0023411400616168976 -0.037047158926725388
v 0.0017047299770638347 -0.0023147300817072392 -0.036764189600944519
v 0.0016554800095036626 -0.0020544698927551508 -0.036782879382371902
v 0.001863340032286942 -0.002604739973321557 -0.037338919937610626
v 0.0018110700184479356 -0.0024305700790137053 -0.037241268903017044
v 0.0020134600345045328 -0.0024016199167817831 -0.037483870983123779
v 0.0019451699918136001 -0.0024862899444997311 -0.037197090685367584
v 0.0019013299606740475 -0.0025902900379151106 -0.037053711712360382
v 0.0018207200337201357 -0.0024759199004620314 -0.036964278668165207
v 0.0018911700462922454 -0.002534329891204834 -0.036905989050865173
v 0.0018694800091907382 -0.0024011500645428896 -0.036861728876829147
v 0.0019967400003224611 -0.002702109981328249 -0.036955218762159348
v 0.0019626400899142027 -0.0026752699632197618 -0.036968789994716644
v 0.0019872700795531273 -0.0026088301092386246 -0.037055499851703644
v 0.0019456599839031696 -0.0025798100978136063 -0.036942921578884125
v 0.0020053999032825232 -0.0026873799506574869 -0.03698170930147171
v 0.0019297200487926602 -0.0024982199538499117 -0.03699474036693573
v 0.0019347600173205137 -0.0025566299445927143 -0.036915220320224762
v 0.0018934500403702259 -0.0023429200518876314 -0.03739631175994873
v 0.0018813000060617924 -0.0022304500453174114 -0.037329360842704773
v 0.001909289974719286 -0.0023745100479573011 -0.037129200994968414
v 0.0019643499981611967 -0.0020608101040124893 -0.037284981459379196
v 0.0019127900013700128 -0.002209420083090663 -0.036849938333034515
v 0.00194390001706779 -0.0023837699554860592 -0.036929719150066376
v 0.0019744799938052893 -0.0022148799616843462 -0.037089571356773376
v 0.0020641300361603498 -0.0021198599133640528 -0.036953631788492203
v 0.0014732199488207698 -0.0024962099269032478 -0.036682620644569397
v 0.0020612999796867371 -0.0019188299775123596 -0.036941878497600555
v 0.001956139924004674 -0.0014624800533056259 -0.037077870219945908
v 0.0021641200874000788 -0.0027284200768917799 -0.037131600081920624
v 0.0020973300561308861 -0.0025719499681144953 -0.037282411009073257
v 0.0023360499180853367 -0.0025519700720906258 -0.037357699126005173
v 0.0026316300500184298 -0.0023467999417334795 -0.037395499646663666
v 0.0021298900246620178 -0.0018305899575352669 -0.037265129387378693
v 0.0021255200263112783 -0.0019856400322169065 -0.037089001387357712
v 0.0022708799224346876 -0.0018250100547447801 -0.037050768733024597
v 0.0021101599559187889 -0.0016785400221124291 -0.037491120398044586
v 0.0023495899513363838 -0.0016902299830690026 -0.037151191383600235
v 0.0023341700434684753 -0.0013811100507155061 -0.037473469972610474
v 0.002352369949221611 -0.0015353099443018436 -0.037279851734638214
v 0.0023552100174129009 -0.0014890700113028288 -0.037208791822195053
v 0.0025762899313122034 -0.0014523100107908249 -0.037282709032297134
v 0.0015841999556869268 -0.00076669000554829836 -0.03702792152762413
v 0.0017280799802392721 -0.00015004999295342714 -0.037000048905611038
v 0.0023183999583125114 -0.00082312000449746847 -0.037363588809967041
v 0.002606250112876296 -0.001170499948784709 -0.037339158356189728
v 0.0026338601019233465 -0.0013320900034159422 -0.03729981929063797
v 0.0026588900946080685 -0.0010566000128164887 -0.037481870502233505
v 0.0025717900134623051 -0.0010096100158989429 -0.037479721009731293
v 0.002240440109744668 -0.00016647999291308224 -0.037200108170509338
v 0.0027428700122982264 -0.00060148001648485661 -0.03749433159828186
v 0.0027241099160164595 -0.00048593999235890806 -0.037509918212890625
v 0.0025766598992049694 -2.7359999876352958e-05 -0.037307191640138626
v 0.0027672299183905125 -0.00019411000539548695 -0.037501741200685501
v 0.0055258302018046379 -0.0049990499392151833 -0.038055378943681717
v 0.0027960599400103092 -0.0050136200152337551 -0.036801848560571671
v 0.0031339600682258606 -0.0048230499960482121 -0.03681572899222374
v 0.003419739892706275 -0.0046671400777995586 -0.036871250718832016
v 0.0036662300117313862 -0.0044883601367473602 -0.03693787008523941
v 0.0038862600922584534 -0.0042292000725865364 -0.036985039710998535
v 0.0027976299170404673 -0.0038845399394631386 -0.036906830966472626
v 0.0029746699146926403 -0.0037855301052331924 -0.036939430981874466
v 0.0031368599738925695 -0.00360850989818573 -0.036971919238567352
v 0.0033289298880845308 -0.0033539698924869299 -0.037010278552770615
v 0.0041060298681259155 -0.0038967600557953119 -0.037031911313533783
v 0.0035956099163740873 -0.0030224500223994255 -0.03706049919128418
v 0.0043871002271771431 -0.0052730501629412174 -0.037227891385555267
v 0.0046254000626504421 -0.0049134599976241589 -0.03732265904545784
v 0.0048419898375868797 -0.0044775297865271568 -0.03740449994802475
v 0.0043517001904547215 -0.0034981700591742992 -0.037097588181495667
v 0.0046039298176765442 -0.0029972998891025782 -0.037144038826227188
v 0.0050890701822936535 -0.0039908997714519501 -0.03743106871843338
v 0.0053396997973322868 -0.003413110040128231 -0.037409849464893341
v 0.0032800401095300913 -0.0014969899784773588 -0.037532668560743332
v 0.0028400199953466654 -0.00045575998956337571 -0.040679760277271271
v 0.0029019000940024853 -0.00025387000641785562 -0.040749408304691315
v 0.0028580198995769024 -0.00027347001014277339 -0.040517080575227737
v 0.0029228799976408482 -4.220999835524708e-05 -0.04077465832233429
v 0.0028872799593955278 -4.8429999878862873e-05 -0.040526758879423141
v 0.0028255700599402189 -6.7829998442903161e-05 -0.040229398757219315
v 0.0028703000862151384 -0.0010257200337946415 -0.038030728697776794
v 0.0029508499428629875 -0.0011727400124073029 -0.03789065033197403
v 0.0030730001162737608 -0.0013303799787536263 -0.037735641002655029
v 0.0028367000631988049 -0.00075790000846609473 -0.037592291831970215
v 0.0033015299122780561 -0.00079870002809911966 -0.03779057040810585
v 0.002898429986089468 -0.0003511300019454211 -0.038345500826835632
v 0.0028252699412405491 -0.00027925000176765025 -0.038582000881433487
v 0.0030754799954593182 -0.00054964999435469508 -0.038035590201616287
v 0.0029837500769644976 -0.00044268000056035817 -0.038170471787452698
v 0.002969489898532629 -0.00067413999931886792 -0.037594888359308243
v 0.0031008999794721603 -6.7790002503897995e-05 -0.037992458790540695
v 0.002905610017478466 -0.00028844000189565122 -0.037533130496740341
v 0.0031678699888288975 -0.00066771998535841703 -0.037919551134109497
v 0.0032012700103223324 -0.00015951000386849046 -0.037885420024394989
v 0.0033471100032329559 -0.0002659900055732578 -0.037774361670017242
v 0.0035170100163668394 -0.00094439997337758541 -0.037616889923810959
v 0.0035790801048278809 -0.00039077000110410154 -0.037633340805768967
v 0.0029718899168074131 -0.0026199501007795334 -0.037199798971414566
v 0.0033078999258577824 -0.0022299499250948429 -0.037238098680973053
v 0.0029557300731539726 -0.0019854700658470392 -0.037439309060573578
v 0.003891980042681098 -0.0025850699748843908 -0.037113241851329803
v 0.0036280499771237373 -0.0017115300288423896 -0.037325821816921234
v 0.0041731097735464573 -0.0020129599142819643 -0.037159189581871033
v 0.0028519600164145231 -0.0010519600473344326 -0.037510428577661514
v 0.0028695301152765751 -0.00093663000734522939 -0.037445828318595886
v 0.0028027698863297701 -0.00076750997686758637 -0.037402361631393433
v 0.0029477800708264112 -0.00052921002497896552 -0.03750012069940567
v 0.0028531600255519152 -0.00035767999361269176 -0.037428788840770721
v 0.0028961300849914551 -0.00011600000289035961 -0.037466429173946381
v 0.0038619099650532007 -0.0011300500482320786 -0.037414249032735825
v 0.003939060028642416 -0.00055093999253585935 -0.037454690784215927
v 0.0048433700576424599 -0.0023580798879265785 -0.037133209407329559
v 0.0043838201090693474 -0.0013808800140395761 -0.037198349833488464
v 0.005566990002989769 -0.0027036999817937613 -0.037348330020904541
v 0.0050298701971769333 -0.0016644899733364582 -0.037105921655893326
v 0.004468970000743866 -0.00076359999366104603 -0.037230730056762695
v 0.0044234199449419975 -0.00017565999587532133 -0.037237081676721573
v 0.0051232301630079746 -0.0010005199583247304 -0.037103049457073212
v 0.0050991401076316833 -0.00038159001269377768 -0.037114240229129791
v 0.0080329496413469315 -0.010639590211212635 -0.044093970209360123
v 0.0065020602196455002 -0.010350589640438557 -0.042874101549386978
v 0.0059995199553668499 -0.0094709200784564018 -0.041752878576517105
v 0.0067084198817610741 -0.008895309641957283 -0.041889779269695282
v 0.007300020195543766 -0.0096659697592258453 -0.043010968714952469
v 0.0079646799713373184 -0.0087909800931811333 -0.043174609541893005
v 0.0066789900884032249 -0.0075732502155005932 -0.040890801697969437
v 0.007291330024600029 -0.0081395097076892853 -0.042041201144456863
v 0.0077685997821390629 -0.0072634099051356316 -0.042141459882259369
v 0.0070780501700937748 -0.006798159796744585 -0.041006438434123993
v 0.0074768899939954281 -0.0059919501654803753 -0.040967240929603577
v 0.0082503696903586388 -0.0063646701164543629 -0.042064201086759567
v 0.0088111897930502892 -0.0096338298171758652 -0.044292561709880829
v 0.0094823995605111122 -0.008519589900970459 -0.044405870139598846
v 0.0099430298432707787 -0.010774199850857258 -0.045396558940410614
v 0.010767919942736626 -0.0095127895474433899 -0.045562438666820526
v 0.010135609656572342 -0.0073896800167858601 -0.044286619871854782
v 0.008526340126991272 -0.0078035099431872368 -0.043270070105791092
v 0.0090884603559970856 -0.0068006198853254318 -0.04316297173500061
v 0.0097544603049755096 -0.005879370030015707 -0.042718909680843353
v 0.0088467895984649658 -0.0055408799089491367 -0.041683051735162735
v 0.010859849862754345 -0.0063368901610374451 -0.043787531554698944
v 0.0061620501801371574 -0.0082199499011039734 -0.040749151259660721
v 0.0056577902287244797 -0.0076044602319598198 -0.039638701826334
v 0.0061207800172269344 -0.007061659824103117 -0.039763100445270538
v 0.0064526200294494629 -0.0063846800476312637 -0.039897050708532333
v 0.0067737200297415257 -0.0056644300930202007 -0.039905380457639694
v 0.0056098899804055691 -0.0065741399303078651 -0.038697801530361176
v 0.0058902399614453316 -0.0059999199584126472 -0.038845360279083252
v 0.0094202198088169098 -0.004693369846791029 -0.04120728000998497
v 0.010373540222644806 -0.004935740027576685 -0.04219852015376091
v 0.0098329996690154076 -0.0037233999464660883 -0.040846150368452072
v 0.010794820263981819 -0.0038657099939882755 -0.041862420737743378
v 0.010010950267314911 -0.0016331200022250414 -0.040809500962495804
v 0.011000609956681728 -0.0027238000184297562 -0.041751950979232788
v 0.010973170399665833 -0.0015645000385120511 -0.041908461600542068
v 0.0097658103331923485 -0.00060517998645082116 -0.04112141951918602
v 0.010726430453360081 -0.00043230000301264226 -0.042250588536262512
v 0.006146550178527832 -0.0053640701808035374 -0.038911879062652588
v 0.0058037601411342621 -0.0044287801720201969 -0.038003768771886826
v 0.0064918301068246365 -0.0047399098984897137 -0.038758538663387299
v 0.0060900300741195679 -0.0037831799127161503 -0.03787710890173912
v 0.0068456297740340233 -0.0040581999346613884 -0.038512278348207474
v 0.0063322801142930984 -0.0030131300445646048 -0.037754088640213013
v 0.0072045400738716125 -0.0049917898140847683 -0.039652910083532333
v 0.0076390900649130344 -0.0042778500355780125 -0.03929843008518219
v 0.0079931700602173805 -0.0052518998272716999 -0.04064439982175827
v 0.0071275299414992332 -0.0032496699132025242 -0.038300011307001114
v 0.0079714097082614899 -0.0034336799290031195 -0.039000730961561203
v 0.0065164500847458839 -0.002201650058850646 -0.037641361355781555
v 0.0066285300999879837 -0.0014317800523713231 -0.037545580416917801
v 0.0066146501339972019 -0.00071251002373173833 -0.037540320307016373
v 0.006420929916203022 -5.2840001444565132e-05 -0.037699170410633087
v 0.0073187397792935371 -0.002392499940469861 -0.038148470222949982
v 0.0074004600755870342 -0.0015648499829694629 -0.038084369152784348
v 0.0081708999350667 -0.0025303100701421499 -0.038821730762720108
v 0.0082069896161556244 -0.0016387799987569451 -0.038823399692773819
v 0.0073408200405538082 -0.00077792000956833363 -0.03814345970749855
v 0.0071079297922551632 -4.2910000047413632e-05 -0.038361471146345139
v 0.0080802496522665024 -0.00077690999023616314 -0.03897630050778389
v 0.0057471101172268391 -0.0019485299708321691 -0.037273719906806946
v 0.005856269970536232 -0.0012334600323811173 -0.037213239818811417
v 0.0058484901674091816 -0.00057047000154852867 -0.037206288427114487
v 0.0085030002519488335 -0.004481819923967123 -0.04021868109703064
v 0.0088825495913624763 -0.0035854799207299948 -0.039870850741863251
v 0.0090898703783750534 -0.0026243100874125957 -0.039687808603048325
v 0.0090830298140645027 -0.0016597199719399214 -0.039756458252668381
v 0.0088861696422100067 -0.00071967998519539833 -0.039999470114707947
v 0.010043730027973652 -0.0026852299924939871 -0.04068509116768837
v 0.012597139924764633 -0.021182950586080551 -0.044204000383615494
v 0.011318570002913475 -0.018905710428953171 -0.04531387984752655
v 0.013269339688122272 -0.017609370872378349 -0.045767199248075485
v 0.014868989586830139 -0.019812099635601044 -0.044650349766016006
v 0.011678639799356461 -0.015470470301806927 -0.046130690723657608
v 0.013152150437235832 -0.014065179973840714 -0.04661840945482254
v 0.011382579803466797 -0.01224151998758316 -0.046250540763139725
v 0.015083489939570427 -0.016100389882922173 -0.046325460076332092
v 0.014488830231130123 -0.012490970082581043 -0.046977471560239792
v 0.018933739513158798 -0.020348779857158661 -0.043104160577058792
v 0.017008339986205101 -0.018202349543571472 -0.045197028666734695
v 0.021193059161305428 -0.018275320529937744 -0.043513249605894089
v 0.016746740788221359 -0.014368929900228977 -0.046770431101322174
v 0.018979160115122795 -0.016310039907693863 -0.045653171837329865
v 0.01816960982978344 -0.012441660277545452 -0.046874981373548508
v 0.020656220614910126 -0.014141639694571495 -0.045799281448125839
v 0.02191426046192646 -0.011703560128808022 -0.045415829867124557
v 0.012423279695212841 -0.010823220014572144 -0.046499680727720261
v 0.011536319740116596 -0.0082216998562216759 -0.04545820876955986
v 0.013353469781577587 -0.0093417996540665627 -0.046441849321126938
v 0.012306580320000648 -0.0069829700514674187 -0.044924449175596237
v 0.012957889586687088 -0.0057100001722574234 -0.044347390532493591
v 0.01564997062087059 -0.010795090347528458 -0.047001641243696213
v 0.016596799716353416 -0.0090248296037316322 -0.046484660357236862
v 0.014187839813530445 -0.0078636202961206436 -0.045900039374828339
v 0.014854259788990021 -0.0063327797688543797 -0.04531501978635788
v 0.013369450345635414 -0.0043161800131201744 -0.044113248586654663
v 0.013570239767432213 -0.0028558699414134026 -0.044124338775873184
v 0.011505319736897945 -0.0052582002244889736 -0.043232019990682602
v 0.011922230012714863 -0.0040505900979042053 -0.042943499982357025
v 0.012122199870646 -0.0027705100364983082 -0.042895879596471786
v 0.013589270412921906 -0.0013834199635311961 -0.044282969087362289
v 0.012116869911551476 -0.0014744099462404847 -0.043063059449195862
v 0.01189533993601799 -0.00020744999346788973 -0.043399099260568619
v 0.015280649997293949 -0.004693369846791029 -0.045127548277378082
v 0.015497439540922642 -0.0029947999864816666 -0.045177079737186432
v 0.015535010024905205 -0.00128649000544101 -0.045303039252758026
v 0.019262580201029778 -0.010345250368118286 -0.046412009745836258
v 0.017317460849881172 -0.0071681397967040539 -0.045905280858278275
v 0.020071219652891159 -0.0081182802096009254 -0.045862361788749695
v 0.02064104937016964 -0.0057993298396468163 -0.045706860721111298
v 0.017800049856305122 -0.0052130101248621941 -0.045742258429527283
v 0.01805650070309639 -0.0032022199593484402 -0.045793808996677399
v 0.018098710104823112 -0.001178579987026751 -0.045858100056648254
v 0.020949980244040489 -0.0034264700952917337 -0.045726090669631958
v 0.020975880324840546 -0.0010377400321885943 -0.045700609683990479
v 0.022725420072674751 -0.024606319144368172 -0.03577813133597374
v 0.025510039180517197 -0.022083809599280357 -0.035997480154037476
v 0.022484829649329185 -0.030773740261793137 -0.025229780003428459
v 0.025948619470000267 -0.028222259134054184 -0.025254800915718079
v 0.024427959695458412 -0.026513399556279182 -0.030824540182948112
v 0.027460960671305656 -0.023771639913320541 -0.030960509553551674
v 0.029208309948444366 -0.025268729776144028 -0.025320909917354584
v 0.024432290345430374 -0.03382531926035881 -0.013085680082440376
v 0.024989010766148567 -0.034844990819692612 -0.0066792499274015427
v 0.025102540850639343 -0.035262610763311386 -0.000182400006451644
v 0.023584630340337753 -0.032453678548336029 -0.019312089309096336
v 0.027261659502983093 -0.029716439545154572 -0.019266560673713684
v 0.028296459466218948 -0.030928909778594971 -0.012988310307264328
v 0.031923878937959671 -0.027599450200796127 -0.012949979864060879
v 0.03071225993335247 -0.026554500684142113 -0.019272299483418465
v 0.029015779495239258 -0.03183354064822197 -0.0065539800561964512
v 0.032831490039825439 -0.028411300852894783 -0.0064952201209962368
v 0.029375189915299416 -0.032383069396018982 -4.6239998482633382e-05
v 0.033353891223669052 -0.02892242930829525 3.3309999707853422e-05
v 0.033732309937477112 -0.022907590493559837 -0.019269699230790138
v 0.035126291215419769 -0.023780779913067818 -0.012933029793202877
v 0.036232229322195053 -0.024498259648680687 -0.0064769499003887177
v 0.03693196177482605 -0.024967560544610023 6.2560000515077263e-05
v 0.02339538000524044 -0.020225809887051582 -0.040238209068775177
v 0.025568550452589989 -0.017543299123644829 -0.040371421724557877
v 0.023119350895285606 -0.015855379402637482 -0.04366718977689743
v 0.024562869220972061 -0.01307476032525301 -0.043372251093387604
v 0.027219409123063087 -0.014433880336582661 -0.040157411247491837
v 0.027920709922909737 -0.019139649346470833 -0.036094419658184052
v 0.029773710295557976 -0.015718329697847366 -0.035941418260335922
v 0.028426330536603928 -0.01105199009180069 -0.039832420647144318
v 0.031115030869841576 -0.011988149955868721 -0.035683091729879379
v 0.030092669650912285 -0.02057868055999279 -0.031018640846014023
v 0.032115541398525238 -0.016865529119968414 -0.030894409865140915
v 0.032043538987636566 -0.021841090172529221 -0.025343829765915871
v 0.022839229553937912 -0.0090853599831461906 -0.044930469244718552
v 0.023517070338129997 -0.0063765500672161579 -0.044770840555429459
v 0.025623589754104614 -0.010064790025353432 -0.0429677814245224
v 0.026401499286293983 -0.0069567598402500153 -0.042793139815330505
v 0.023880450055003166 -0.0036158498842269182 -0.044725500047206879
v 0.023862050846219063 -0.00084197998512536287 -0.044583041220903397
v 0.026792610064148903 -0.0037970698904246092 -0.042665731161832809
v 0.026692930608987808 -0.00063212000532075763 -0.042402949184179306
v 0.029267700389027596 -0.0075520598329603672 -0.03963271901011467
v 0.031990669667720795 -0.0081174103543162346 -0.035464018583297729
v 0.029631130397319794 -0.0039968099445104599 -0.039420489221811295
v 0.02940421923995018 -0.00044897000771015882 -0.039057940244674683
v 0.03229667991399765 -0.0041883001103997231 -0.035190969705581665
v 0.031929101794958115 -0.00028301001293584704 -0.034770689904689789
v 0.034233879297971725 -0.017867289483547211 -0.025239329785108566
v 0.033557221293449402 -0.012814469635486603 -0.030678469687700272
v 0.035783018916845322 -0.013533719815313816 -0.025064149871468544
v 0.034445371478796005 -0.008607739582657814 -0.030461499467492104
v 0.036694571375846863 -0.0090267695486545563 -0.02487500011920929
v 0.034689918160438538 -0.0043447199277579784 -0.03017834946513176
v 0.034200750291347504 -0.00012474000686779618 -0.029763869941234589
v 0.036894399672746658 -0.0044638100080192089 -0.024624470621347427
v 0.036117691546678543 -0.01871538907289505 -0.019199160858988762
v 0.037505831569433212 -0.019331479445099831 -0.012849270366132259
v 0.03782254084944725 -0.014148670248687267 -0.019085710868239403
v 0.039383109658956528 -0.014593349769711494 -0.012800480239093304
v 0.03876568004488945 -0.019890179857611656 -0.0064243101514875889
v 0.039635039865970612 -0.020279180258512497 9.5429997600149363e-05
v 0.040817771106958389 -0.014996039681136608 -0.0064291399903595448
v 0.041844859719276428 -0.015263640321791172 5.0940001528942958e-05
v 0.038801010698080063 -0.0093781696632504463 -0.018954390659928322
v 0.038993701338768005 -0.0045432900078594685 -0.018771190196275711
v 0.040457800030708313 -0.0096363704651594162 -0.01273936964571476
v 0.040675900876522064 -0.0046062399633228779 -0.012642090208828449
v 0.042024500668048859 -0.0098652597516775131 -0.0064375801011919975
v 0.043402049690485001 -0.010042009875178337 -6.733000191161409e-05
v 0.042298860847949982 -0.0046410202048718929 -0.006433660164475441
v 0.043748911470174789 -0.0046261600218713284 -0.00015663000522181392
v 0.00074177997885271907 -0.043490078300237656 0.010899240151047707
v 0.00022839999292045832 -0.04292650893330574 0.01683381013572216
v 0.0052347900345921516 -0.04235348105430603 0.017293479293584824
v 0.0062400801107287407 -0.043167900294065475 0.0050679100677371025
v 0.005761090200394392 -0.042902648448944092 0.011299730278551579
v 0.011146419681608677 -0.04182795062661171 0.0054506100714206696
v 0.010763100348412991 -0.04177812859416008 0.011694920249283314
v 0.010210510343313217 -0.041290890425443649 0.017729070037603378
v 0.0046164197847247124 -0.041279841214418411 0.022898159921169281
v 0.0039108600467443466 -0.039658110588788986 0.028027249500155449
v 0.0095297796651721001 -0.040312130004167557 0.023353569209575653
v 0.0087028201669454575 -0.038772691041231155 0.02853764034807682
v 0.015987759456038475 -0.040257349610328674 0.005777949932962656
v 0.015693370252847672 -0.04042522981762886 0.012066390365362167
v 0.020634600892663002 -0.038188658654689789 0.0060487599112093449
v 0.020280230790376663 -0.038140188902616501 0.012343520298600197
v 0.015133730135858059 -0.039979219436645508 0.018131500110030174
v 0.01439203042536974 -0.039061669260263443 0.0238463394343853
v 0.013467329554259777 -0.037594888359308243 0.029107300564646721
v 0.018913250416517258 -0.036827690899372101 0.024165039882063866
v 0.019707979634404182 -0.037709448486566544 0.018419230356812477
v 0.018007669597864151 -0.03562048077583313 0.02952050045132637
v 0.022252680733799934 -0.03297068178653717 0.02983413077890873
v 0.0025557801127433777 -0.035291101783514023 0.036616761237382889
v 0.0031988099217414856 -0.037578601390123367 0.032597050070762634
v 0.0078061101958155632 -0.036760509014129639 0.033151671290397644
v 0.006917209830135107 -0.034515440464019775 0.037197049707174301
v 0.0019658899400383234 -0.032562799751758575 0.039857320487499237
v 0.00144597003236413 -0.029641080647706985 0.042326599359512329
v 0.0051404400728642941 -0.0288897305727005 0.042824048548936844
v 0.00097678997553884983 -0.02666826918721199 0.044091928750276566
v 0.0060157901607453823 -0.031808480620384216 0.040425468236207962
v 0.010012890212237835 -0.030543370172381401 0.040936421602964401
v 0.0087675098329782486 -0.027664430439472198 0.04325823113322258
v 0.00053913000738248229 -0.023786699399352074 0.045220609754323959
v 0.0043001300655305386 -0.025922719389200211 0.044479310512542725
v 0.0035038599744439125 -0.023071000352501869 0.045477710664272308
v 0.0075438502244651318 -0.024759380146861076 0.044805310666561127
v 0.0063914298079907894 -0.021996719762682915 0.045679401606321335
v 0.0106435501947999 -0.023183360695838928 0.045063141733407974
v 0.012404420413076878 -0.035646639764308929 0.033779039978981018
v 0.011230429634451866 -0.03322765976190567 0.03773811087012291
v 0.01678645983338356 -0.033733021467924118 0.034236900508403778
v 0.013841520063579082 -0.028730869293212891 0.041345611214637756
v 0.015390310436487198 -0.031397808343172073 0.038217209279537201
v 0.012237139977514744 -0.025953369215130806 0.043601971119642258
v 0.015459209680557251 -0.023744739592075348 0.043828088790178299
v 0.020866239443421364 -0.031138669699430466 0.034566249698400497
v 0.019227830693125725 -0.028881169855594635 0.038521051406860352
v 0.017386050894856453 -0.026334419846534729 0.041608411818742752
v 0.020655550062656403 -0.023487560451030731 0.041836060583591461
v 0.0001681099965935573 -0.021058570593595505 0.045815210789442062
v 0.0022414498962461948 -0.017944559454917908 0.045997969806194305
v 0.0028011300601065159 -0.020392360165715218 0.045942749828100204
v 0.0053703100420534611 -0.0194234699010849 0.046024151146411896
v 0.0045405998826026917 -0.01708666980266571 0.045983299612998962
v 0.0018245900282636285 -0.015733970329165459 0.04573490098118782
v 0.0015503000468015671 -0.013766930438578129 0.045244958251714706
v 0.001388720003888011 -0.012020920403301716 0.044580049812793732
v 0.0038912699092179537 -0.014985529705882072 0.045650430023670197
v 0.0034113200381398201 -0.013119240291416645 0.045118998736143112
v 0.003062909934669733 -0.011464299634099007 0.044434230774641037
v 0.0052139698527753353 -0.012288049794733524 0.045000851154327393
v 0.0078249303624033928 -0.018166240304708481 0.046081569045782089
v 0.0091490801423788071 -0.02057654969394207 0.04583624005317688
v 0.010114249773323536 -0.01663501001894474 0.046137109398841858
v 0.0067422599531710148 -0.015985649079084396 0.04595952108502388
v 0.0058792200870811939 -0.01402841042727232 0.045566979795694351
v 0.0068944701924920082 -0.011287259869277477 0.044900968670845032
v 0.0077289100736379623 -0.012874769978225231 0.045505430549383163
v 0.0087923500686883926 -0.014654769562184811 0.045951720327138901
v 0.0094306403771042824 -0.011533870361745358 0.045447669923305511
v 0.010688950307667255 -0.013109739869832993 0.045937731862068176
v 0.0013099400093778968 -0.010473419912159443 0.043792061507701874
v 1.0200000360782724e-05 -0.009314410388469696 0.04303663969039917
v 0.0012936400016769767 -0.0090696504339575768 0.042878638952970505
v 0.0026233301032334566 -0.0086675500497221947 0.042736779898405075
v 0.0004100700025446713 -0.0066276001743972301 0.040777668356895447
v 0.0013745699543505907 -0.0064880400896072388 0.040679089725017548
v 0.0023798900656402111 -0.0062226699665188789 0.04058833047747612
v 0.00020044000120833516 -0.0079413698986172676 0.041970338672399521
v 0.0013195100473240018 -0.0077548399567604065 0.041837491095066071
v 0.0024845299776643515 -0.0074247801676392555 0.041718188673257828
v 0.0028081799391657114 -0.0099972197785973549 0.043641138821840286
v 0.0042855800129473209 -0.0093699498102068901 0.043501991778612137
v 0.0033964100293815136 -0.005839610006660223 0.040499750524759293
v 0.0039467401802539825 -0.0081258201971650124 0.042604889720678329
v 0.0036542399320751429 -0.0069658202119171619 0.04160550981760025
v 0.0052113700658082962 -0.0074622198008000851 0.042476758360862732
v 0.0047873901203274727 -0.0063925599679350853 0.041492529213428497
v 0.0004360899911262095 -0.0029418200720101595 0.036730270832777023
v 0.0010204999707639217 -0.002896490041166544 0.036720521748065948
v 0.0016119099454954267 -0.0027886200696229935 0.036694258451461792
v 0.00068012002157047391 -0.00099110999144613743 0.034198831766843796
v 0.00044750000233761966 -0.00016460999904666096 0.033066131174564362
v 0.0012555799912661314 -0.00079423002898693085 0.034077659249305725
v 0.0018218900077044964 -0.00071807001950219274 0.034148208796977997
v 0.0021639899350702763 -0.00082557997666299343 0.034424219280481339
v 0.0024659999180585146 -0.00040052999975159764 0.034077070653438568
v 0.00014781999925617129 -0.0019509299891069531 0.035472679883241653
v 0.00062110001454129815 -0.0018827300518751144 0.035400349646806717
v 0.001164749963209033 -0.0017869699513539672 0.035362008959054947
v 0.00030307000270113349 -0.001244270009920001 0.034508101642131805
v 0.0017069099703803658 -0.0016790799563750625 0.035358179360628128
v 0.0021731399465352297 -0.0015740100061520934 0.03539280965924263
v 0.0021943401079624891 -0.0026154499500989914 0.03665504977107048
v 0.0027754900511354208 -0.0023572500795125961 0.036601819097995758
v 0.0026223799213767052 -0.0012748900335282087 0.035258080810308456
v 0.0033640700858086348 -0.0019945399835705757 0.036532159894704819
v 0.0039312099106609821 -0.0015417500399053097 0.036444999277591705
v 0.0031190800946205854 -0.00088658998720347881 0.035151660442352295
v 0.0036019799299538136 -0.00046234999899752438 0.035073671489953995
v 0.0040075401775538921 -5.4979998822091147e-05 0.035027351230382919
v 0.0044473200105130672 -0.0010131699964404106 0.036340061575174332
v 0.0049199201166629791 -0.00041278998833149672 0.036229450255632401
v 0.00016299000708386302 -0.0041180402040481567 0.038124039769172668
v 0.00062682997668161988 -0.0053393798880279064 0.039475779980421066
v 0.0008354199817404151 -0.0040909298695623875 0.038108691573143005
v 0.002297509927302599 -0.0050149098969995975 0.03935014083981514
v 0.0014458500081673265 -0.0052283098921179771 0.039414018392562866
v 0.0015270600561052561 -0.0039902902208268642 0.03807486966252327
v 0.0022360899019986391 -0.0038097500801086426 0.038030199706554413
v 0.0031615500338375568 -0.0046968599781394005 0.039283528923988342
v 0.0040177297778427601 -0.0042718797922134399 0.039213608950376511
v 0.0029529500752687454 -0.0035363601054996252 0.037977900356054306
v 0.0036680700723081827 -0.0031572200823575258 0.037921160459518433
v 0.0043945098295807838 -0.005347010213881731 0.040407929569482803
v 0.0053462102077901363 -0.0047395098954439163 0.040322501212358475
v 0.0048392098397016525 -0.0037361199501901865 0.039145369082689285
v 0.0043572499416768551 -0.0026748699601739645 0.037857498973608017
v 0.0049986201338469982 -0.0020923300180584192 0.037781361490488052
v 0.0062312302179634571 -0.0098722204566001892 0.044176459312438965
v 0.0056814299896359444 -0.0086096497252583504 0.043369870632886887
v 0.0076455702073872089 -0.0088542895391583443 0.044060278683900833
v 0.0058582997880876064 -0.0057011600583791733 0.041388280689716339
v 0.0063954801298677921 -0.00667526014149189 0.042357750236988068
v 0.0069776899181306362 -0.0077159898355603218 0.043246001005172729
v 0.0074772899970412254 -0.0057634799741208553 0.042253289371728897
v 0.0081563498824834824 -0.0066886101849377155 0.043131459504365921
v 0.0089266998693346977 -0.0076899002306163311 0.043946970254182816
v 0.0092367604374885559 -0.005522219929844141 0.043028298765420914
v 0.010094010271131992 -0.0063788201659917831 0.043836958706378937
v 0.0055962298065423965 -0.0014185600448399782 0.037700608372688293
v 0.0061534098349511623 -0.00066229997901245952 0.037624210119247437
v 0.0055992100387811661 -0.0030857599340379238 0.039083801209926605
v 0.006223559845238924 -0.0040117697790265083 0.04025321826338768
v 0.0070405798032879829 -0.0031705200672149658 0.040195651352405548
v 0.0068413000553846359 -0.0048877699300646782 0.041301801800727844
v 0.0077539100311696529 -0.0039520198479294777 0.041230428963899612
v 0.0063100699335336685 -0.0023314999416470528 0.039023701101541519
v 0.0069826501421630383 -0.0014837400522083044 0.038962021470069885
v 0.0078141298145055771 -0.0022230399772524834 0.040141649544239044
v 0.007595050148665905 -0.00056911999126896262 0.038881238549947739
v 0.0084757404401898384 -0.004720690194517374 0.042164668440818787
v 0.0086136301979422569 -0.0028935100417584181 0.04117165133357048
v 0.0094098104164004326 -0.0035407100804150105 0.04209325835108757
v 0.010238279588520527 -0.0042115100659430027 0.042938608676195145
v 0.011112329550087452 -0.0027896000538021326 0.042852681130170822
v 0.0085152201354503632 -0.0011930899927392602 0.04007050022482872
v 0.0091079398989677429 -0.00010309999925084412 0.039970669895410538
v 0.0093799298629164696 -0.0017396099865436554 0.041109740734100342
v 0.010233259759843349 -0.0022563498932868242 0.042025290429592133
v 0.010018879547715187 -0.00051894999342039227 0.041020400822162628
v 0.010904249735176563 -0.00090128998272120953 0.041941221803426743
v 0.0046986900269985199 -0.010742579586803913 0.04429968073964119
v 0.0084397001191973686 -0.010121160186827183 0.044808018952608109
v 0.010974709875881672 -0.010014910250902176 0.045375611633062363
v 0.0098365303128957748 -0.0087940497323870659 0.044710598886013031
v 0.011104550212621689 -0.007312689907848835 0.044606238603591919
v 0.018439030274748802 -0.021134320646524429 0.043997440487146378
v 0.021181900054216385 -0.018217969685792923 0.044170819222927094
v 0.013534770347177982 -0.021199749782681465 0.045246031135320663
v 0.011724090203642845 -0.018823249265551567 0.045958809554576874
v 0.01412460021674633 -0.016775429248809814 0.04603293165564537
v 0.016225049272179604 -0.018869269639253616 0.045364011079072952
v 0.012243850156664848 -0.014854880049824715 0.046169161796569824
v 0.012430110014975071 -0.011366269551217556 0.045895278453826904
v 0.016358749940991402 -0.014471679925918579 0.04604450985789299
v 0.014219270087778568 -0.012850940227508545 0.046156119555234909
v 0.018721850588917732 -0.016252640634775162 0.045427169650793076
v 0.018376069143414497 -0.011983180418610573 0.04606064036488533
v 0.02096112072467804 -0.013439970090985298 0.045514490455389023
v 0.011166869662702084 -0.0049208998680114746 0.043730668723583221
v 0.012092430144548416 -0.0033474999945610762 0.043625019490718842
v 0.011810329742729664 -0.0012896399712190032 0.042760811746120453
v 0.012817890383303165 -0.001690029981546104 0.043516848236322403
v 0.014006709679961205 -0.0021083599422127008 0.044248420745134354
v 0.014596870169043541 -0.00023901999520603567 0.043976258486509323
v 0.012374820187687874 -0.0083340397104620934 0.045288648456335068
v 0.01226332038640976 -0.0056838397867977619 0.044492501765489578
v 0.013644649647176266 -0.0065074497833848 0.045186180621385574
v 0.014011270366609097 -0.0094530899077653885 0.045836661010980606
v 0.016012240201234818 -0.01066954992711544 0.046133048832416534
v 0.015427879989147186 -0.0073988400399684906 0.045774009078741074
v 0.013251249678432941 -0.0039386698044836521 0.044372189790010452
v 0.014709769748151302 -0.004566580057144165 0.045067060738801956
v 0.016589010134339333 -0.0052347001619637012 0.045682318508625031
v 0.015495689585804939 -0.0025428698863834143 0.044930141419172287
v 0.016086019575595856 -0.00048014998901635408 0.044622480869293213
v 0.017594520002603531 -0.0083570396527647972 0.046135030686855316
v 0.018862159922719002 -0.0059410599060356617 0.046095598489046097
v 0.020126139745116234 -0.0093810800462961197 0.046148419380187988
v 0.021502429619431496 -0.006683690007776022 0.04618455097079277
v 0.017403749749064445 -0.0029917899519205093 0.045536600053310394
v 0.017974529415369034 -0.00071266002487391233 0.045184250921010971
v 0.01971122995018959 -0.0034492400009185076 0.045948300510644913
v 0.02025412954390049 -0.00092685001436620951 0.045546509325504303
v 0.025066830217838287 -0.035555321723222733 0.0062659401446580887
v 0.024746660143136978 -0.035495288670063019 0.01257614977657795
v 0.024137750267982483 -0.035044819116592407 0.01867624931037426
v 0.02325901947915554 -0.034156009554862976 0.024449039250612259
v 0.029430439695715904 -0.032652650028467178 0.0064345798455178738
v 0.02901775948703289 -0.032393038272857666 0.012770690023899078
v 0.033298950642347336 -0.029102470725774765 0.012988580390810966
v 0.027403540909290314 -0.031014589592814445 0.024735430255532265
v 0.026269450783729553 -0.02983240969479084 0.030160469934344292
v 0.028375869616866112 -0.031919840723276138 0.018914010375738144
v 0.03249707818031311 -0.028463199734687805 0.019186729565262794
v 0.031437009572982788 -0.027566710487008095 0.025109289214015007
v 0.03013605996966362 -0.026387270539999008 0.030610399320721626
v 0.033521749079227448 -0.029176479205489159 0.0065575400367379189
v 0.037227630615234375 -0.025198390707373619 0.0066295699216425419
v 0.037080559879541397 -0.025127880275249481 0.013135110028088093
v 0.036294020712375641 -0.024531060829758644 0.019446359947323799
v 0.035173509269952774 -0.023682050406932831 0.025486569851636887
v 0.033660471439361572 -0.022507470101118088 0.031069530174136162
v 0.024686550721526146 -0.02804969996213913 0.034899979829788208
v 0.022789390757679939 -0.0258804801851511 0.038813840597867966
v 0.026073679327964783 -0.022526310756802559 0.039198238402605057
v 0.028272930532693863 -0.024607310071587563 0.035348501056432724
v 0.040315710008144379 -0.02059192955493927 0.0066446801647543907
v 0.040269218385219574 -0.020525569096207619 0.013206809759140015
v 0.042603660374879837 -0.015484330244362354 0.0065916599705815315
v 0.042650621384382248 -0.015410879626870155 0.013178999535739422
v 0.038545370101928711 -0.019357519224286079 0.025825979188084602
v 0.039676889777183533 -0.020111609250307083 0.019668739289045334
v 0.042170770466327667 -0.015083549544215202 0.019704379141330719
v 0.041038539260625839 -0.014448509551584721 0.025936869904398918
v 0.044047098606824875 -0.010084100067615509 0.0064650001004338264
v 0.044149398803710938 -0.0099796503782272339 0.013024879619479179
v 0.044465899467468262 -0.0045633502304553986 0.0062935301102697849
v 0.044615671038627625 -0.0044146198779344559 0.012773109599947929
v 0.04367658868432045 -0.0096869897097349167 0.019533749669790268
v 0.04251553863286972 -0.0091723296791315079 0.025752080604434013
v 0.044140871614217758 -0.0041535701602697372 0.0191960409283638
v 0.0410008504986763 -0.0032694600522518158 0.030907599255442619
v 0.042962320148944855 -0.0037739300169050694 0.02532120980322361
v 0.023659119382500648 -0.020323809236288071 0.042139731347560883
v 0.026333430781960487 -0.016911260783672333 0.042502731084823608
v 0.031559698283672333 -0.02084651030600071 0.035867240279912949
v 0.02904772013425827 -0.018906289711594582 0.039670109748840332
v 0.02861516922712326 -0.013317979872226715 0.042908281087875366
v 0.031599190086126328 -0.015006190165877342 0.040131691843271255
v 0.023625729605555534 -0.015085919760167599 0.044389691203832626
v 0.025708399713039398 -0.011828349903225899 0.044695489108562469
v 0.030380029231309891 -0.0095706097781658173 0.043124351650476456
v 0.031503651291131973 -0.0056958100758492947 0.04291880875825882
v 0.028836080804467201 -0.0015260899672284722 0.044121891260147095
v 0.031978510320186615 -0.0018237699987366796 0.042283099144697189
v 0.022878749296069145 -0.010521369986236095 0.045704968273639679
v 0.024368779733777046 -0.0075079998932778835 0.045819681137800217
v 0.027320200577378273 -0.0084593798965215683 0.044871579855680466
v 0.022398440167307854 -0.0039093401283025742 0.046045638620853424
v 0.022916629910469055 -0.0011129899648949504 0.045594159513711929
v 0.025325210765004158 -0.0044109798036515713 0.045679628849029541
v 0.025823449715971947 -0.0013023100327700377 0.045171279460191727
v 0.028351390734314919 -0.0049930699169635773 0.044701341539621353
v 0.034398108720779419 -0.016693709418177605 0.036330901086330414
v 0.036749649792909622 -0.018181180581450462 0.031471189111471176
v 0.036589551717042923 -0.0122189000248909 0.036547981202602386
v 0.03912832960486412 -0.013451940380036831 0.031645480543375015
v 0.037935469299554825 -0.0074920901097357273 0.036326851695775986
v 0.033571630716323853 -0.010874439962208271 0.040362011641263962
v 0.034808661788702011 -0.0065594501793384552 0.040140170603990555
v 0.038392871618270874 -0.0027273499872535467 0.03571217879652977
v 0.035274751484394073 -0.002234830055385828 0.039491910487413406
v 0.040553130209445953 -0.0084018697962164879 0.031440310180187225
v 0.0025643999688327312 5.8919998991768807e-05 -0.041011378169059753
v 0.0025231000036001205 5.5500000598840415e-05 -0.040911860764026642
v 0.0026110499165952206 0.00020525000581983477 -0.041054978966712952
v 0.002520289970561862 0.00018279999494552612 -0.040894180536270142
v 0.0025115099269896746 0.00028725000447593629 -0.040833659470081329
v 0.0025581200607120991 0.00019311999494675547 -0.04098111018538475
v 0.0025942299980670214 0.00031624000985175371 -0.040972080081701279
v 0.0025458401069045067 0.00030320000951178372 -0.040905248373746872
v 0.0026925199199467897 7.4800002039410174e-05 -0.04113968089222908
v 0.0026210399810224771 6.4070001826621592e-05 -0.04109400138258934
v 0.0027783699333667755 9.491999662714079e-05 -0.041128378361463547
v 0.0026748599484562874 0.00022323000303003937 -0.041091378778219223
v 0.002647710032761097 0.00033494000672362745 -0.041001260280609131
v 0.0027453401125967503 0.00025111998547799885 -0.04106593132019043
v 0.0025314500089734793 0.00039301998913288116 -0.040794141590595245
v 0.0025794000830501318 0.00040300001273863018 -0.040861308574676514
v 0.0026972598861902952 0.00036783999530598521 -0.040959890931844711
v 0.002621940104290843 0.00039612999535165727 -0.040904708206653595
v 0.0026389800477772951 0.00044224999146535993 -0.040840670466423035
v 0.0027340399101376534 0.00041027000406756997 -0.040853679180145264
v 0.0028537600301206112 0.00011980999988736585 -0.041057579219341278
v 0.0028938399627804756 0.00014478999946732074 -0.040924780070781708
v 0.0028046600054949522 0.00028464000206440687 -0.040979068726301193
v 0.0028350099455565214 0.00031949998810887337 -0.040831249207258224
v 0.0052773901261389256 0.0048239901661872864 -0.040932539850473404
v 0.0013864800566807389 0.0013493100414052606 -0.039162620902061462
v 0.00069205998443067074 0.00037811000947840512 -0.038377441465854645
v 0.00055697001516819 0.00055984000209718943 -0.038396440446376801
v 8.8150001829490066e-05 0.00013272000069264323 -0.037699848413467407
v 0.00019345000328030437 9.8949996754527092e-05 -0.037826601415872574
v 0.00028264999855309725 0.00024316000053659081 -0.037861041724681854
v 8.7209999037440866e-05 0.00050546001875773072 -0.038226298987865448
v 7.3999999585794285e-06 0.00058580999029800296 -0.038198128342628479
v 4.5669999963138252e-05 0.0006216500187292695 -0.038053009659051895
v 0.00016357999993488193 0.00055955001153051853 -0.037971120327711105
v 0.00021780999668408185 0.00039975999970920384 -0.03820217028260231
v 0.00011790999997174367 0.00064242997905239463 -0.037766370922327042
v 0.00033189999521709979 0.00043688999721780419 -0.03790707141160965
v 0.00037642000825144351 0.00025410001398995519 -0.03815678134560585
v 0.00054024002747610211 5.388999852584675e-05 -0.03812113031744957
v 0.00051459000678732991 0.00026560001424513757 -0.037868421524763107
v 0.00058779999380931258 1.2970000170753337e-05 -0.03784630075097084
v 0.00067562999902293086 5.7640001614345238e-05 -0.037862710654735565
v 0.00066138000693172216 0.00014180000289343297 -0.037877470254898071
v 0.00067465001484379172 0.00066687999060377479 -0.038116518408060074
v 0.00037622000672854483 0.00038317000144161284 -0.037866171449422836
v 0.0004645200097002089 0.00050552998436614871 -0.037843648344278336
v 0.00053789000958204269 0.00059676001546904445 -0.037795189768075943
v 0.00059508997946977615 0.0006515400018543005 -0.037729509174823761
v 0.00065275997621938586 0.00057895999634638429 -0.037538290023803711
v 0.00063483999110758305 0.00066449999576434493 -0.037655338644981384
v 0.00065484002698212862 0.00063914002384990454 -0.037586871534585953
v 0.00031634999322704971 0.00078807998215779662 -0.038430370390415192
v 0.00024481999571435153 0.00086294999346137047 -0.038398981094360352
v 0.00022548000561073422 0.000908799993339926 -0.038340151309967041
v 0.00042607000796124339 0.00069176999386399984 -0.038421809673309326
v 0.00067328999284654856 0.00092230999143794179 -0.038669869303703308
v 0.00046231001033447683 0.0011370900319889188 -0.038691721856594086
v 0.00042555000982247293 0.0011770899873226881 -0.038428958505392075
v 0.00047500000800937414 0.0010538799688220024 -0.038373101502656937
v 0.00039917998947203159 0.0012118800077587366 -0.038659051060676575
v 0.0003808799956459552 0.0012629400007426739 -0.038602538406848907
v 0.00041827998938970268 0.0013077399926260114 -0.038460001349449158
v 0.00041951998719014227 0.0012847100151702762 -0.038532901555299759
v 0.00050468998961150646 0.0012712000170722604 -0.038465201854705811
v 0.00055812997743487358 0.0010441200574859977 -0.038689818233251572
v 0.00066036998759955168 0.0011794499587267637 -0.038541339337825775
v 0.00059070001589134336 0.0012867599725723267 -0.038604121655225754
v 0.00062594999326393008 0.0012164399959146976 -0.038414541631937027
v 0.00027233999571762979 0.00091802002862095833 -0.038266390562057495
v 0.0003008499916177243 0.0010187099687755108 -0.038182318210601807
v 0.00033783999970182776 0.00090742000611498952 -0.03811873123049736
v 9.8659998911898583e-05 0.00094659999012947083 -0.037564210593700409
v 0.0002800599904730916 0.00082111998926848173 -0.037777271121740341
v 0.00022595000336878002 0.00074809999205172062 -0.037694938480854034
v 0.00031343000591732562 0.00081500998931005597 -0.037609860301017761
v 0.00019767999765463173 0.0008818299975246191 -0.037847168743610382
v 0.00017521000700071454 0.00098016997799277306 -0.037913668900728226
v 0.00031602001399733126 0.0011450400343164802 -0.038225658237934113
v 0.00021800000104121864 0.001097189961001277 -0.037965439260005951
v 0.0003313999914098531 0.0012139700120314956 -0.037991158664226532
v 8.8289998529944569e-05 0.0010371600510552526 -0.03762735053896904
v 0.00015654999879188836 0.0011467300355434418 -0.037682428956031799
v 0.00030419000540859997 0.0012589700054377317 -0.037717390805482864
v 0.00051639997400343418 0.00079909001942723989 -0.038144700229167938
v 0.00041521000093780458 0.00083327002357691526 -0.038045689463615417
v 0.00037334000808186829 0.00088374002370983362 -0.038195360451936722
v 0.00052787002641707659 0.00079298997297883034 -0.037980988621711731
v 0.00067072000820189714 0.00078335998114198446 -0.037942428141832352
v 0.00054898997768759727 0.00096183997811749578 -0.03830232098698616
v 0.00064330000896006823 0.00090027000987902284 -0.03823528066277504
v 0.00041475999751128256 0.00079359998926520348 -0.037719991058111191
v 0.00037833998794667423 0.00083580997306853533 -0.037522550672292709
v 0.0005941700073890388 0.00079487997572869062 -0.037691358476877213
v 0.00039508999907411635 0.0012643199879676104 -0.038237970322370529
v 0.00050119002116844058 0.0013199100503697991 -0.037997230887413025
v 0.00051376997726038098 0.001363459974527359 -0.037736520171165466
v 0.00083515001460909843 0.00015728999278508127 -0.038381509482860565
v 0.00092601001961156726 0.00056875002337619662 -0.038640320301055908
v 0.0012245200341567397 0.00014968999312259257 -0.038673050701618195
v 0.0013883899664506316 0.00050866999663412571 -0.038851410150527954
v 0.0012513999827206135 0.00063969002803787589 -0.038883119821548462
v 0.0010724799940362573 0.00035411000135354698 -0.038660690188407898
v 0.0011934000067412853 0.00061031000223010778 -0.03837256133556366
v 0.0013364499900490046 0.00041810001130215824 -0.038377128541469574
v 0.00096723000751808286 0.00028139998903498054 -0.038124710321426392
v 0.0007786300266161561 0.00010730000212788582 -0.03760942816734314
v 0.00073322001844644547 0.00026492998586036265 -0.037888720631599426
v 0.0008359299972653389 0.00022577999334316701 -0.037611499428749084
v 0.0009563000057823956 4.8339999921154231e-05 -0.037917781621217728
v 0.0010244300356134772 0.00016080999921541661 -0.037916738539934158
v 0.00088191998656839132 0.00033010001061484218 -0.037620190531015396
v 0.0008212400134652853 0.00048997002886608243 -0.038112889975309372
v 0.00079853000352159142 0.00037108999094925821 -0.03787878155708313
v 0.00085249001858755946 0.00044897000771015882 -0.037846378982067108
v 0.00089279998792335391 0.00049346999730914831 -0.037797749042510986
v 0.0009171200217679143 0.00049950997345149517 -0.037739120423793793
v 0.00091172999236732721 0.00041345000499859452 -0.037644051015377045
v 0.0009239200153388083 0.00047138999798335135 -0.037683539092540741
v 0.0011237999424338341 5.4219999583438039e-05 -0.038142841309309006
v 0.0012753299670293927 7.0419999246951193e-05 -0.037942711263895035
v 0.0010878599714487791 8.7230000644922256e-05 -0.037686999887228012
v 0.0010855799773707986 0.00025516998721286654 -0.037902481853961945
v 0.0011355200549587607 0.00032225999166257679 -0.037873759865760803
v 0.0011898600496351719 0.00032535000354982913 -0.037741988897323608
v 0.0011371399741619825 0.00018709999858401716 -0.037693530321121216
v 0.001171780051663518 0.00026758998865261674 -0.037711448967456818
v 0.0013856500154361129 6.1059996369294822e-05 -0.037744119763374329
v 0.0013387700309976935 0.00015628000255674124 -0.037918608635663986
v 0.0013904699590057135 0.00021467999613378197 -0.037888359278440475
v 0.0011711800470948219 0.00035769000533036888 -0.037833958864212036
v 0.0011894799536094069 0.0003570500120986253 -0.037786431610584259
v 0.00097301002824679017 0.00099550001323223114 -0.038887731730937958
v 0.00079443998401984572 0.00076099997386336327 -0.03864838182926178
v 0.0010454499861225486 0.00080075999721884727 -0.038368508219718933
v 0.00091562001034617424 0.0010040899505838752 -0.038398031145334244
v 0.00090379000175744295 0.00097498000832274556 -0.038369249552488327
v 0.0010155900381505489 0.00098463997710496187 -0.038379158824682236
v 0.00084895000327378511 0.0011609100038185716 -0.038910221308469772
v 0.00073606002843007445 0.0013028699904680252 -0.038938678801059723
v 0.00073949998477473855 0.001096519990824163 -0.038477238267660141
v 0.00076507998164743185 0.0011183900060132146 -0.038382139056921005
v 0.00082408997695893049 0.0010397200239822268 -0.038430098444223404
v 0.0007948600105009973 0.0013628699816763401 -0.038701221346855164
v 0.00086263997945934534 0.0012866499600932002 -0.038654819130897522
v 0.0010124000255018473 0.001181200030259788 -0.038594260811805725
v 0.00093427998945116997 0.0012270900188013911 -0.038618799299001694
v 0.0011100600240752101 0.00081186002353206277 -0.038886960595846176
v 0.0013529000570997596 0.00098463997710496187 -0.039041720330715179
v 0.0011249099625274539 0.00097584998002275825 -0.03836749866604805
v 0.0013455000007525086 0.00099514005705714226 -0.038596108555793762
v 0.0012445000465959311 0.00097216002177447081 -0.038357041776180267
v 0.0013675099471583962 0.00097693002317100763 -0.038350660353899002
v 0.0010981799568980932 0.001235150033608079 -0.039094749838113785
v 0.001148390001617372 0.0013249299954622984 -0.038753878325223923
v 0.0012284299591556191 0.0010909000411629677 -0.039075370877981186
v 0.0012342899572104216 0.0012950400123372674 -0.038747500628232956
v 0.001098320004530251 0.0011468799784779549 -0.038577761501073837
v 0.0012154900468885899 0.0011580799473449588 -0.038594849407672882
v 0.0011933499481528997 0.0011220000451430678 -0.038565840572118759
v 0.0010797999566420913 0.0013141599483788013 -0.038599841296672821
v 0.0012953300029039383 0.0011111999629065394 -0.03855900838971138
v 0.001330579980276525 0.0012894199462607503 -0.038746170699596405
v 0.00075373001163825393 0.00086845998885110021 -0.038190659135580063
v 0.00087727000936865807 0.00085925997700542212 -0.038163438439369202
v 0.0010109399445354939 0.00086546997772529721 -0.038148649036884308
v 0.00083383999299257994 0.00079518998973071575 -0.037922091782093048
v 0.00079990999074652791 0.00081445998512208462 -0.03768099844455719
v 0.0010073200101032853 0.00081932998728007078 -0.03791201114654541
v 0.0010136299533769488 0.00084186997264623642 -0.037678539752960205
v 0.0011536299716681242 0.00087872002040967345 -0.038139909505844116
v 0.0013043000362813473 0.00089060998288914561 -0.038130868226289749
v 0.0011871099704876542 0.00084584997966885567 -0.037906840443611145
v 0.0013691700296476483 0.00086485000792890787 -0.037901189178228378
v 0.0012279499787837267 0.00086764997104182839 -0.037680119276046753
v 0.00059995002811774611 0.0018540499731898308 -0.039166480302810669
v 0.00066771998535841703 0.0017671800451353192 -0.039175588637590408
v 0.00068673997884616256 0.0020756800659000874 -0.039341039955615997
v 0.00063427002169191837 0.0021520100999623537 -0.039324071258306503
v 0.00067063997266814113 0.0023763999342918396 -0.039427310228347778
v 0.00060859002405777574 0.0022213701158761978 -0.03928745910525322
v 0.00061008997727185488 0.0022757700644433498 -0.039236098527908325
v 0.00063918001251295209 0.0023072499316185713 -0.039174869656562805
v 0.00065816001733765006 0.0024369799066334963 -0.039391990751028061
v 0.00066854001488536596 0.002486740006133914 -0.039345059543848038
v 0.00069523998536169529 0.0025105699896812439 -0.039287261664867401
v 0.00075594999361783266 0.0016628799494355917 -0.03916449099779129
v 0.00084890000289306045 0.0018741900566965342 -0.039323300123214722
v 0.00076020002597942948 0.0019853999838232994 -0.039340179413557053
v 0.000951400026679039 0.0017477599903941154 -0.039297550916671753
v 0.001043690019287169 0.0019296900136396289 -0.039399109780788422
v 0.0011838800273835659 0.0014871000312268734 -0.039239011704921722
v 0.0010662500280886889 0.0016118199564516544 -0.039270110428333282
v 0.0012946400092914701 0.0013943100348114967 -0.039202291518449783
v 0.0013197900261729956 0.0016681000124663115 -0.039284981787204742
v 0.0013681299751624465 0.0016943400260061026 -0.039252590388059616
v 0.0011459799716249108 0.0018120399909093976 -0.039363209158182144
v 0.0012096699792891741 0.0019517199834808707 -0.039397120475769043
v 0.0012418800033628941 0.0017160900169983506 -0.039323508739471436
v 0.0012730399612337351 0.0018556299619376659 -0.039347849786281586
v 0.0013924400554969907 0.0017588100163266063 -0.039219219237565994
v 0.0012906499905511737 0.0019336900440976024 -0.0393483005464077
v 0.0012351799523457885 0.0020230899099260569 -0.039179898798465729
v 0.0013113999739289284 0.0020045998971909285 -0.03932126984000206
v 0.00085364002734422684 0.0021620700135827065 -0.039450090378522873
v 0.00077608000719919801 0.002253510057926178 -0.039458628743886948
v 0.00071251002373173833 0.0023200900759547949 -0.039450280368328094
v 0.00094341998919844627 0.002052040072157979 -0.039428859949111938
v 0.0010377999860793352 0.0021799900569021702 -0.039476379752159119
v 0.00095120997866615653 0.0022932500578463078 -0.039503630250692368
v 0.00087216001702472568 0.0023889299482107162 -0.039519030600786209
v 0.00090679997811093926 0.0023275499697774649 -0.039160270243883133
v 0.00099126005079597235 0.0023651400115340948 -0.039206031709909439
v 0.00074173999018967152 0.002500130096450448 -0.039503689855337143
v 0.00070595002034679055 0.0024904299061745405 -0.039468318223953247
v 0.00080189999425783753 0.0024601700715720654 -0.039519928395748138
v 0.00074122002115473151 0.0025166599079966545 -0.039233431220054626
v 0.00084970000898465514 0.002461560070514679 -0.039175089448690414
v 0.00080943998182192445 0.002513200044631958 -0.039198409765958786
v 0.00082572997780516744 0.0025347799528390169 -0.039181359112262726
v 0.00077111000427976251 0.002615500008687377 -0.039501659572124481
v 0.00073064002208411694 0.002619229955598712 -0.039415560662746429
v 0.00071142998058348894 0.0025700700934976339 -0.039458699524402618
v 0.00083605997497215867 0.0025983799714595079 -0.039524149149656296
v 0.00087027001427486539 0.002671550028026104 -0.039481639862060547
v 0.00079894001828506589 0.0026746999938040972 -0.039459090679883957
v 0.00082357000792399049 0.0026862300001084805 -0.039390880614519119
v 0.00077604001853615046 0.0026047599967569113 -0.039299331605434418
v 0.00075534998904913664 0.0026347399689257145 -0.039356939494609833
v 0.00083155999891459942 0.0026368200778961182 -0.039302248507738113
v 0.000855589983984828 0.0025670900940895081 -0.039194829761981964
v 0.00080502999480813742 0.0026057499926537275 -0.039179548621177673
v 0.00083173997700214386 0.0027133799158036709 -0.039201691746711731
v 0.00084465002873912454 0.0026496399659663439 -0.039204370230436325
v 0.00086839002324268222 0.0026827699039131403 -0.039217181503772736
v 0.00078920001396909356 0.0026643199380487204 -0.039162751287221909
v 0.00090519001241773367 0.0025438300799578428 -0.039529468864202499
v 0.00097847997676581144 0.0024597200099378824 -0.039519600570201874
v 0.0010132399620488286 0.0025526098906993866 -0.039483271539211273
v 0.00094166997587308288 0.0024532000534236431 -0.039203740656375885
v 0.00087543000699952245 0.0023962499108165503 -0.039167698472738266
v 0.00090144999558106065 0.0025234899949282408 -0.039201781153678894
v 0.00089235999621450901 0.0024905400350689888 -0.039175700396299362
v 0.00098248000722378492 0.0024390299804508686 -0.039158791303634644
v 0.0009992700070142746 0.0025226399302482605 -0.039236061275005341
v 0.00094148999778553843 0.0026281999889761209 -0.039489220827817917
v 0.00089627999113872647 0.0026831200812011957 -0.039402719587087631
v 0.0010435200529173017 0.0025730601046234369 -0.039401121437549591
v 0.0009698200155980885 0.0026434799656271935 -0.039406079798936844
v 0.00090624997392296791 0.002625359920784831 -0.039297398179769516
v 0.00087310001254081726 0.0025681999977678061 -0.03920045867562294
v 0.00094500998966395855 0.0026031299494206905 -0.039230931550264359
v 0.00095216999761760235 0.0027020000852644444 -0.039229121059179306
v 0.00090062001254409552 0.002658989978954196 -0.039224479347467422
v 0.00098514999262988567 0.0025827200151979923 -0.039291970431804657
v 0.0010127699933946133 0.0026292200200259686 -0.039233081042766571
v 0.0010235899826511741 0.0026891599409282207 -0.039190918207168579
v 0.0011259400052949786 0.0020618999842554331 -0.039439968764781952
v 0.0012130599934607744 0.002102989936247468 -0.039414878934621811
v 0.0011102899443358183 0.0021699699573218822 -0.03920799121260643
v 0.0011784100206568837 0.002084679901599884 -0.039202418178319931
v 0.0011992199579253793 0.0022119700442999601 -0.039223328232765198
v 0.0010559100192040205 0.0023539199028164148 -0.039496548473834991
v 0.0011349399574100971 0.0022328600753098726 -0.039461299777030945
v 0.0011599999852478504 0.0023305600043386221 -0.039434250444173813
v 0.0011881099781021476 0.0023606598842889071 -0.039365880191326141
v 0.0010476900497451425 0.002267099916934967 -0.039208319038152695
v 0.0011284300126135349 0.0023185799364000559 -0.039236579090356827
v 0.0012192899594083428 0.0023042298853397369 -0.039262730628252029
v 0.0012345099821686745 0.0021881898865103722 -0.039389610290527344
v 0.0012662799563258886 0.0020900799427181482 -0.039188098162412643
v 0.0012852799845859408 0.0021808200981467962 -0.039247959852218628
v 0.0012999499449506402 0.0021687999833375216 -0.03916693851351738
v 0.0013253400102257729 0.0020535399671643972 -0.039276748895645142
v 0.0013306400505825877 0.0020554100628942251 -0.039225451648235321
v 0.0012564699864014983 0.0022255999501794577 -0.039334140717983246
v 0.0012300800299271941 0.0023022699169814587 -0.039208780974149704
v 0.0012479800498113036 0.0023636799305677414 -0.039162211120128632
v 0.0010861699702218175 0.0024527199566364288 -0.03946521133184433
v 0.0011167100165039301 0.002477630041539669 -0.039387959986925125
v 0.0010610900353640318 0.0024249700363725424 -0.03923938050866127
v 0.0010655800579115748 0.0025121900252997875 -0.039284888654947281
v 0.0010817500296980143 0.002533729886636138 -0.039234280586242676
v 0.0011448500445112586 0.0024170300457626581 -0.039275091141462326
v 0.001155409961938858 0.0024224501103162766 -0.039227809756994247
v 0.0011749699478968978 0.0024832100607454777 -0.039178889244794846
v 0.0010981099912896752 0.002594650024548173 -0.039187509566545486
v 0.00049581000348553061 0.0015834199730306864 -0.03892190009355545
v 0.00048146999324671924 0.0016389800002798438 -0.038866639137268066
v 0.00051411997992545366 0.0016690200427547097 -0.03879941999912262
v 0.00054888002341613173 0.0015074399998411536 -0.038955409079790115
v 0.00063250999664887786 0.001416150014847517 -0.038957368582487106
v 0.00066646002233028412 0.0015715999761596322 -0.03880561888217926
v 0.00061281002126634121 0.0016990000149235129 -0.038831189274787903
v 0.00047083999379538 0.0014221100136637688 -0.038456328213214874
v 0.00051306997193023562 0.0015455400571227074 -0.03866305947303772
v 0.00053447001846507192 0.0014167099725455046 -0.03864733874797821
v 0.00057243998162448406 0.0015122300246730447 -0.038430698215961456
v 0.00058599002659320831 0.0016695399535819888 -0.038732279092073441
v 0.00054788001580163836 0.0016494500450789928 -0.038643360137939453
v 0.00068930000998079777 0.0016365400515496731 -0.03867730125784874
v 0.00058870000066235662 0.0018186799716204405 -0.038829430937767029
v 0.0005600400036200881 0.0019283799920231104 -0.039131071418523788
v 0.0005528099718503654 0.0019848900847136974 -0.039077229797840118
v 0.00058306998107582331 0.0020182998850941658 -0.039012838155031204
v 0.00067053001839667559 0.0019942598883062601 -0.038973350077867508
v 0.00068346998887136579 0.0019623399712145329 -0.038746669888496399
v 0.00061544997151941061 0.0019084400264546275 -0.038796178996562958
v 0.00064560002647340298 0.0020263900514692068 -0.038948219269514084
v 0.00062850001268088818 0.0017218999564647675 -0.038603179156780243
v 0.00052633997984230518 0.0013670000480487943 -0.038228839635848999
v 0.00065093999728560448 0.0020986399613320827 -0.038956530392169952
v 0.00067557999864220619 0.0021716500632464886 -0.038915220648050308
v 0.00069388997508212924 0.002317019971087575 -0.039114698767662048
v 0.00085721997311338782 0.0015362199628725648 -0.039139270782470703
v 0.00072830001590773463 0.0014587099431082606 -0.038756899535655975
v 0.00082264997763559222 0.0016669100150465965 -0.038890771567821503
v 0.00097136001568287611 0.0013920400524511933 -0.039111990481615067
v 0.00093730998924002051 0.0015001699794083834 -0.03881378099322319
v 0.0010012099519371986 0.0014312700368463993 -0.038786191493272781
v 0.00087854999583214521 0.0015782499685883522 -0.038849689066410065
v 0.0010411000112071633 0.0016335200052708387 -0.038929130882024765
v 0.00081251002848148346 0.0015661399811506271 -0.038636580109596252
v 0.00071230001049116254 0.001570089953020215 -0.038395840674638748
v 0.00094408000586554408 0.0014544300502166152 -0.038612261414527893
v 0.00088081997819244862 0.0015928599750623107 -0.038356449455022812
v 0.00071557000046595931 0.0018775600474327803 -0.038965750485658646
v 0.0007673000218346715 0.0017675600247457623 -0.038933839648962021
v 0.0008360799984075129 0.0019762199372053146 -0.039029370993375778
v 0.00073516997508704662 0.0020069400779902935 -0.038893710821866989
v 0.00084361998597159982 0.0019561098888516426 -0.038851160556077957
v 0.00092875998234376311 0.0017952700145542622 -0.038971010595560074
v 0.0009818800026550889 0.0017109799664467573 -0.038947209715843201
v 0.00096281000878661871 0.0018701000371947885 -0.038822390139102936
v 0.00088094000238925219 0.0018835100345313549 -0.038999550044536591
v 0.0010142100509256124 0.0019025800283998251 -0.039059031754732132
v 0.00096164998831227422 0.0019915499724447727 -0.039071671664714813
v 0.00074452999979257584 0.0017563300207257271 -0.03855745866894722
v 0.00078315002610906959 0.0019744699820876122 -0.038696091622114182
v 0.00088728999253362417 0.0017543799476698041 -0.038510549813508987
v 0.00090673001250252128 0.0019493800355121493 -0.038647301495075226
v 0.0010712400544434786 0.0013725300086662173 -0.038766399025917053
v 0.0011830800212919712 0.0015164900105446577 -0.038911968469619751
v 0.0011071700137108564 0.0015657299663871527 -0.038917738944292068
v 0.0012090599630028009 0.0016255700029432774 -0.038795750588178635
v 0.0012718000216409564 0.0014946999726817012 -0.038910739123821259
v 0.0013587200082838535 0.0015107200015336275 -0.038905158638954163
v 0.0013248800532892346 0.001483630039729178 -0.038795791566371918
v 0.0012151099508628249 0.0016517899930477142 -0.038429509848356247
v 0.0013345299521461129 0.0017042399849742651 -0.03854341059923172
v 0.0013764499453827739 0.0015618300531059504 -0.03840186819434166
v 0.0010739699937403202 0.0018188799731433392 -0.039050839841365814
v 0.0011434799525886774 0.0017512500053271651 -0.039046410471200943
v 0.0010866699740290642 0.001757150050252676 -0.038804788142442703
v 0.0011172599624842405 0.0019749701023101807 -0.039144840091466904
v 0.0011906300205737352 0.0019123400561511517 -0.039142630994319916
v 0.0011884300038218498 0.0019976599141955376 -0.038976129144430161
v 0.0013065700186416507 0.0017100799595937133 -0.039038430899381638
v 0.0012252900050953031 0.0017104899743571877 -0.039045028388500214
v 0.0012893100501969457 0.0018704199464991689 -0.038974680006504059
v 0.0013744699535891414 0.0017635199474170804 -0.039018351584672928
v 0.0013769300421699882 0.0017396300099790096 -0.03898278996348381
v 0.0012625500094145536 0.0018927300116047263 -0.039135579019784927
v 0.0013788100332021713 0.0019079600460827351 -0.039143171161413193
v 0.0013224199647083879 0.0019379099830985069 -0.039119351655244827
v 0.0013272300129756331 0.0020194300450384617 -0.039130568504333496
v 0.0013592400355264544 0.002017660066485405 -0.039092019200325012
v 0.0012918900465592742 0.0020359300542622805 -0.038801029324531555
v 0.0013841700274497271 0.001909659942612052 -0.038804400712251663
v 0.001192330033518374 0.0018077499698847532 -0.038567289710044861
v 0.0010480999480932951 0.001717759994789958 -0.038466811180114746
v 0.0010464299703016877 0.0018916400149464607 -0.038603149354457855
v 0.0011840399820357561 0.0019815200939774513 -0.038695279508829117
v 0.0013088800478726625 0.0018666799878701568 -0.038676470518112183
v 0.00069800001801922917 0.0014435299672186375 -0.038207840174436569
v 0.00071312999352812767 0.0014043999835848808 -0.03799004852771759
v 0.00089833000674843788 0.0014863100368529558 -0.038179419934749603
v 0.00095085997600108385 0.0014562299475073814 -0.037973880767822266
v 0.0007678199908696115 0.0014497899683192372 -0.037744138389825821
v 0.0010431699920445681 0.0015039800200611353 -0.037743318825960159
v 0.0011155899846926332 0.0014877599896863103 -0.038148019462823868
v 0.0011980100534856319 0.0014641700545325875 -0.037952940911054611
v 0.0010683899745345116 0.0015777100343257189 -0.038317210972309113
v 0.0012604199582710862 0.0015293699689209461 -0.038281291723251343
v 0.0013326300540938973 0.001452689990401268 -0.038117058575153351
v 0.0013166000135242939 0.0015120599418878555 -0.037737131118774414
v 0.00075135001679882407 0.0021737599745392799 -0.039072670042514801
v 0.00079186999937519431 0.0020739301107823849 -0.039056990295648575
v 0.00073609000537544489 0.0022075599990785122 -0.038863059133291245
v 0.00082409998867660761 0.0022006100043654442 -0.03881371021270752
v 0.00071759999264031649 0.0022728201001882553 -0.039066668599843979
v 0.00077228998998180032 0.0023062799591571093 -0.039066508412361145
v 0.00070560997119173408 0.0023568898905068636 -0.039041798561811447
v 0.00084262999007478356 0.0022535300813615322 -0.039122369140386581
v 0.00086726999143138528 0.0022702699061483145 -0.039029620587825775
v 0.00080899999011307955 0.0023417000193148851 -0.039136208593845367
v 0.00091609999071806669 0.002081400016322732 -0.039087500423192978
v 0.0008773700101301074 0.0021677399054169655 -0.039105270057916641
v 0.00099692994263023138 0.002152459928765893 -0.039149168878793716
v 0.00097171997185796499 0.0022042200434952974 -0.039003338664770126
v 0.00093290000222623348 0.0021564499475061893 -0.038768108934164047
v 0.00094772997545078397 0.0022441500332206488 -0.039153918623924255
v 0.00095953000709414482 0.0023541999980807304 -0.038874391466379166
v 0.00077932002022862434 0.0024274201132357121 -0.039139539003372192
v 0.00073029997292906046 0.0024117000866681337 -0.039000891149044037
v 0.00075637997360900044 0.0025057999882847071 -0.039125129580497742
v 0.00078505999408662319 0.0024315800983458757 -0.038954269140958786
v 0.00086322997231036425 0.002410809975117445 -0.038912270218133926
v 0.00075201998697593808 0.0025684300344437361 -0.039098050445318222
v 0.00077807001071050763 0.0026068799197673798 -0.039063379168510437
v 0.00082904001465067267 0.0026145600713789463 -0.039027310907840729
v 0.00078954000491648912 0.0027083000168204308 -0.039138130843639374
v 0.00098551996052265167 0.0025213300250470638 -0.038968108594417572
v 0.00089948001550510526 0.0025849000085145235 -0.038996029645204544
v 0.00093178002862259746 0.0027026699390262365 -0.03906920924782753
v 0.0010097300400957465 0.0026365399826318026 -0.039051279425621033
v 0.0010248599573969841 0.0026943199336528778 -0.039125140756368637
v 0.0010530600557103753 0.0020588699262589216 -0.039146590977907181
v 0.0010804899502545595 0.0021120400633662939 -0.038986049592494965
v 0.0011822199448943138 0.002157330047339201 -0.038814090192317963
v 0.0010756800184026361 0.0023611199576407671 -0.039146311581134796
v 0.0011678800219669938 0.0022592600435018539 -0.039136860519647598
v 0.0010686400346457958 0.0022665699943900108 -0.038840100169181824
v 0.0011841700179502368 0.0023134900256991386 -0.03892245888710022
v 0.0012535699643194675 0.0021423900034278631 -0.039131328463554382
v 0.0013620100216940045 0.0021017598919570446 -0.039051670581102371
v 0.0013317100238054991 0.002196860034018755 -0.039017941802740097
v 0.0012799199903383851 0.0021906699985265732 -0.038913540542125702
v 0.0013575999764725566 0.0020677400752902031 -0.038921069353818893
v 0.0013035299489274621 0.0022725099697709084 -0.039079580456018448
v 0.0012590199476107955 0.0023736399598419666 -0.039092991501092911
v 0.0012693100143224001 0.0023096099030226469 -0.039010480046272278
v 0.0013120300136506557 0.0022364100441336632 -0.039124220609664917
v 0.0010557899950072169 0.0020807699766010046 -0.038727231323719025
v 0.0010977799538522959 0.0025411699898540974 -0.039033640176057816
v 0.0011872199829667807 0.0024282899685204029 -0.039019111543893814
v 0.0011859399965032935 0.0024890799541026354 -0.03910445049405098
v 0.001083220005966723 0.0024272799491882324 -0.038942120969295502
v 0.0011051399633288383 0.0025997799821197987 -0.039115250110626221
v 0.0024363999255001545 0.0003334800130687654 -0.040447179228067398
v 0.0024182400666177273 9.7830001323018223e-05 -0.04025799036026001
v 0.0023964298889040947 0.00011395000183256343 -0.040033221244812012
v 0.0024139699526131153 0.00024039999698288739 -0.040262911468744278
v 0.0023831101134419441 0.00027414999203756452 -0.040023788809776306
v 0.0024382499977946281 0.00043288001324981451 -0.040419399738311768
v 0.0024044399615377188 0.00037719999090768397 -0.040233291685581207
v 0.0024035200476646423 0.00049395998939871788 -0.040206719189882278
v 0.0023655600380152464 0.00043457001447677612 -0.039990749210119247
v 0.0024250899441540241 0.00057635997654870152 -0.040220800787210464
v 0.0023833399172872305 0.00066801998764276505 -0.039980631321668625
v 0.0024915901012718678 5.6600001698825508e-05 -0.040790390223264694
v 0.0024643400683999062 6.4990003011189401e-05 -0.04064192995429039
v 0.002440260024741292 7.9220000770874321e-05 -0.040464971214532852
v 0.0024916001129895449 0.00018021999858319759 -0.040786031633615494
v 0.0024661000352352858 0.00019130000146105886 -0.040648490190505981
v 0.0024854799266904593 0.00028156000189483166 -0.040741998702287674
v 0.0024619200266897678 0.00029928999720141292 -0.040614958852529526
v 0.0024411201011389494 0.00021254000603221357 -0.040475979447364807
v 0.0024982399772852659 0.0003714800113812089 -0.040735110640525818
v 0.002481440082192421 0.00034679000964388251 -0.040688619017601013
v 0.0025188599247485399 0.00046643998939543962 -0.040658120065927505
v 0.0024819399695843458 0.0004380999889690429 -0.040603321045637131
v 0.0025753600057214499 0.00047145999269559979 -0.040738660842180252
v 0.002463360084220767 0.00038340000901371241 -0.040585268288850784
v 0.002458800096064806 0.00050158001249656081 -0.040433488786220551
v 0.0025017200969159603 0.00053676002426072955 -0.040489301085472107
v 0.00257067009806633 0.00053561001550406218 -0.040586680173873901
v 0.0025538499467074871 0.00060940999537706375 -0.040387958288192749
v 0.0026524900458753109 0.00049462000606581569 -0.040712520480155945
v 0.0027491599321365356 0.00045752999722026289 -0.040688328444957733
v 0.0027415200602263212 0.00050662999274209142 -0.040467418730258942
v 0.0026506499852985144 0.00055534002603963017 -0.040529429912567139
v 0.0024736900813877583 0.00061724998522549868 -0.040279798209667206
v 0.0027534400578588247 0.00039902000571601093 -0.040043901652097702
v 0.0026335099246352911 0.00062255002558231354 -0.040298178791999817
v 0.0027099899016320705 0.00055460998555645347 -0.040194518864154816
v 0.0023729701060801744 0.00012073000107193366 -0.03980289027094841
v 0.0023469799198210239 0.00031308000325225294 -0.039773121476173401
v 0.0023493899498134851 0.00013720999413635582 -0.039563830941915512
v 0.0023272300604730844 0.00018243999511469156 -0.039312880486249924
v 0.0023192900698632002 0.00050970999291166663 -0.039737038314342499
v 0.0023601700086146593 0.00057319999905303121 -0.039965808391571045
v 0.0023092199116945267 0.0006771900225430727 -0.039715241640806198
v 0.002308510011062026 0.0003695499908644706 -0.039516888558864594
v 0.0022706598974764347 0.00045595000847242773 -0.039261080324649811
v 0.0022714401129633188 0.00059619999956339598 -0.039479371160268784
v 0.0027464600279927254 0.00016616999346297234 -0.039821740239858627
v 0.0027057300321757793 0.00015964999329298735 -0.039469309151172638
v 0.0026997600216418505 0.0004196499940007925 -0.039707500487565994
v 0.0026662200689315796 0.00060112000210210681 -0.039888128638267517
v 0.0026219000574201345 0.00064585998188704252 -0.039566740393638611
v 0.0026641699951142073 0.00044274001265875995 -0.039365008473396301
v 0.0024379300884902477 0.0007107399869710207 -0.040040619671344757
v 0.0025268099270761013 0.00069309002719819546 -0.040151190012693405
v 0.0026010998990386724 0.00069443002576008439 -0.040025521069765091
v 0.0023976101074367762 0.00082009000470861793 -0.039782781153917313
v 0.0023360899649560452 0.00078209000639617443 -0.039728328585624695
v 0.0022586500272154808 0.00078216998372226954 -0.039461061358451843
v 0.0022278700489550829 0.00068762002047151327 -0.039225000888109207
v 0.0022164599504321814 0.00086437998106703162 -0.03920929878950119
v 0.0022540499921888113 0.00097319000633433461 -0.039218619465827942
v 0.0022905899677425623 0.0008924999856390059 -0.039471719413995743
v 0.0023586798924952745 0.00092511001275852323 -0.039517618715763092
v 0.0023271599784493446 0.0010056099854409695 -0.039256539195775986
v 0.0024222899228334427 0.0009532300173304975 -0.039326600730419159
v 0.0024914499372243881 0.00078689999645575881 -0.039885051548480988
v 0.0025621200911700726 0.00076517998240888119 -0.03972988948225975
v 0.0024544100742787123 0.00087792001431807876 -0.039605028927326202
v 0.0025252699851989746 0.00082899001426994801 -0.039429698139429092
v 0.0025923799257725477 0.00068927998654544353 -0.039248310029506683
v 0.0015623900108039379 8.1979997048620135e-05 -0.038387581706047058
v 0.0014634099788963795 0.00023864000104367733 -0.038377929478883743
v 0.0015055700205266476 0.00043230000301264226 -0.038803588598966599
v 0.0015875200042501092 0.00042406999273225665 -0.038751408457756042
v 0.0016264499863609672 0.00047152000479400158 -0.038699939846992493
v 0.001614560023881495 0.00056221999693661928 -0.03865424171090126
v 0.0015711799496784806 7.2909999289549887e-05 -0.037931028753519058
v 0.0014224499464035034 0.00014063999697100371 -0.037755798548460007
v 0.0014267800142988563 0.00024215999292209744 -0.037853021174669266
v 0.0014440800296142697 0.00023523000709246844 -0.037813670933246613
v 0.0014425499830394983 0.00019951000285800546 -0.037778519093990326
v 0.0016532399458810687 3.1830000807531178e-05 -0.037792440503835678
v 0.0016208300366997719 0.00012425999739207327 -0.037901200354099274
v 0.0016561800148338079 0.00014485999417956918 -0.037869859486818314
v 0.0016730399802327156 0.00013212999328970909 -0.037837211042642593
v 0.0016718900296837091 9.2349997430574149e-05 -0.037809379398822784
v 0.0017791499849408865 5.1400002121226862e-06 -0.037949100136756897
v 0.0018234499730169773 5.0279999413760379e-05 -0.037919759750366211
v 0.0018563499907031655 6.4920001022983342e-05 -0.037890851497650146
v 0.0018746299901977181 4.3300001379975583e-06 -0.037841051816940308
v 0.001873350003734231 4.7360001190099865e-05 -0.037863250821828842
v 0.0020242698956280947 1.4600000213249587e-06 -0.037922408431768417
v 0.0014580299612134695 0.00092918000882491469 -0.038999229669570923
v 0.0015302400570362806 0.0009373700013384223 -0.038953341543674469
v 0.0015647100517526269 0.00099453004077076912 -0.038906920701265335
v 0.0014642099849879742 0.00083431001985445619 -0.038602501153945923
v 0.0015583200147375464 0.00068639998789876699 -0.03861989825963974
v 0.0014870800077915192 0.00099355005659162998 -0.038351200520992279
v 0.0015566200017929077 0.0010859799804165959 -0.038862820714712143
v 0.0014289800310507417 0.001339619979262352 -0.038805440068244934
v 0.0015100300079211593 0.0012036899570375681 -0.038827009499073029
v 0.0014020700473338366 0.0011191000230610371 -0.0385577492415905
v 0.0014976400416344404 0.001157060032710433 -0.038557831197977066
v 0.0014215599512681365 0.0013184499694034457 -0.038742668926715851
v 0.0015661499928683043 0.0012364099966362119 -0.038555018603801727
v 0.0015882400330156088 0.0010351300006732345 -0.038357269018888474
v 0.0016559900250285864 0.0011148200137540698 -0.038367491215467453
v 0.0015890999929979444 0.0013432600535452366 -0.038548670709133148
v 0.0016210000030696392 0.0013367199571803212 -0.038379419595003128
v 0.0016727800248190761 0.0012196700554341078 -0.038376618176698685
v 0.0014521799748763442 0.00090420001652091742 -0.038126610219478607
v 0.001694589969702065 0.00096124998526647687 -0.038147579878568649
v 0.0015864700544625521 0.00092255999334156513 -0.038132209330797195
v 0.0015408700564876199 0.00087995000649243593 -0.037901498377323151
v 0.001435499987564981 0.00088236998999491334 -0.037681881338357925
v 0.0016895800363272429 0.00089482002658769488 -0.037914179265499115
v 0.0016251399647444487 0.00089113001013174653 -0.037689961493015289
v 0.0015992199769243598 0.0013552299933508039 -0.038229331374168396
v 0.0017164800083264709 0.0012450499925762415 -0.038214098662137985
v 0.0017016200581565499 0.0012962099863216281 -0.038066118955612183
v 0.0018055900000035763 0.00092727999435737729 -0.037939801812171936
v 0.0018792300252243876 0.00099518999923020601 -0.037978939712047577
v 0.0019101599464192986 0.00092507997760549188 -0.037744969129562378
v 0.0017857600469142199 0.00089902000036090612 -0.03771049901843071
v 0.0018727199640125036 0.00092361000133678317 -0.037522200495004654
v 0.0019911699928343296 0.00098835001699626446 -0.037794850766658783
v 0.0020073701161891222 0.00094615999842062593 -0.037563998252153397
v 0.0017639299621805549 0.0010358799481764436 -0.038172639906406403
v 0.0017770399572327733 0.0011344699887558818 -0.038197949528694153
v 0.0018274999456480145 0.0011920999968424439 -0.038044828921556473
v 0.0018925199983641505 0.0010872200364246964 -0.038018349558115005
v 0.0018204300431534648 0.0012842799769714475 -0.037894789129495621
v 0.0019471700070425868 0.001181269995868206 -0.037874240428209305
v 0.0020098399836570024 0.0010775099508464336 -0.037843488156795502
v 0.0019546200055629015 0.0013214399805292487 -0.037719499319791794
v 0.0020745301153510809 0.0012124199420213699 -0.03770596906542778
v 0.0023209101054817438 0.00022863000049255788 -0.03905893862247467
v 0.0023449200671166182 0.0002480100083630532 -0.038810919970273972
v 0.0023956799414008856 0.00024188999668695033 -0.038568910211324692
v 0.0022504199296236038 0.00053372001275420189 -0.039009198546409607
v 0.0022647499572485685 0.00056428997777402401 -0.038764789700508118
v 0.0023067600559443235 0.00056219997350126505 -0.038529209792613983
v 0.0027205499354749918 0.00015766000433359295 -0.039122998714447021
v 0.0027711200527846813 0.00014909000310581177 -0.038800768554210663
v 0.0026687299832701683 0.00047187000745907426 -0.039035879075527191
v 0.0027046799659729004 0.0004926599794998765 -0.038732200860977173
v 0.0027632201090455055 0.00049073999980464578 -0.03846609964966774
v 0.0023695400450378656 0.00054193002870306373 -0.038303829729557037
v 0.0025500699412077665 0.00015423999866470695 -0.038101740181446075
v 0.0024695999454706907 0.0002115399984177202 -0.038333028554916382
v 0.0025985799729824066 0.00031599000794813037 -0.037667099386453629
v 0.0026203799061477184 6.7280001530889422e-05 -0.037873510271310806
v 0.0024431399069726467 0.00049690000014379621 -0.038084380328655243
v 0.0025175900664180517 0.00042056999518536031 -0.037866640836000443
v 0.0024744200054556131 0.00061329000163823366 -0.03767453134059906
v 0.0022012400440871716 0.00076085998443886638 -0.038977820426225662
v 0.002189170103520155 0.0009220200008712709 -0.038966339081525803
v 0.002401330042630434 0.0010134000331163406 -0.039061211049556732
v 0.002204270102083683 0.00079283001832664013 -0.038741741329431534
v 0.002231149934232235 0.00079664000077173114 -0.03851592168211937
v 0.0021833400242030621 0.00095328997122123837 -0.038738571107387543
v 0.0021959799341857433 0.00096466997638344765 -0.038521960377693176
v 0.00222995993681252 0.0010291499784216285 -0.038976311683654785
v 0.00222180993296206 0.0010653700446709991 -0.038752071559429169
v 0.0023064101114869118 0.0010652600321918726 -0.039007890969514847
v 0.002299850108101964 0.001107729971408844 -0.038780048489570618
v 0.0023976899683475494 0.0010590299498289824 -0.038820318877696991
v 0.002228389959782362 0.0010857200250029564 -0.038540240377187729
v 0.0023067500442266464 0.0011360100470483303 -0.038567081093788147
v 0.0024094199761748314 0.0010918000480160117 -0.038598760962486267
v 0.0023262999020516872 0.0011531099444255233 -0.038363020867109299
v 0.002434510039165616 0.0011133600492030382 -0.038391381502151489
v 0.0025930400006473064 0.00073188997339457273 -0.038950800895690918
v 0.002501149894669652 0.00088444998254999518 -0.039140090346336365
v 0.0025003899354487658 0.00093014002777636051 -0.03887614980340004
v 0.0025192899629473686 0.00096422998467460275 -0.038635820150375366
v 0.0025541500654071569 0.0009848700137808919 -0.038417041301727295
v 0.0026192199438810349 0.00076443998841568828 -0.038678761571645737
v 0.0026662100572139025 0.00077770999632775784 -0.038436759263277054
v 0.0022241300903260708 0.00096262997249141335 -0.038312479853630066
v 0.0022648000158369541 0.0009440199937671423 -0.038105551153421402
v 0.0022760999854654074 0.00078543997369706631 -0.038299500942230225
v 0.0023337800521403551 0.00075338000897318125 -0.038087639957666397
v 0.0020990599878132343 0.0010101699735969305 -0.037622280418872833
v 0.0023988699540495872 0.00069463998079299927 -0.037875499576330185
v 0.0023765501100569963 0.00085268000839278102 -0.037692449986934662
v 0.0023150099441409111 0.00090575002832338214 -0.037896580994129181
v 0.0024237800389528275 0.0010176199721172452 -0.037530221045017242
v 0.0022485200315713882 0.0010940199717879295 -0.038335181772708893
v 0.0023543599527329206 0.0011593099916353822 -0.038162849843502045
v 0.0022790499497205019 0.001089200028218329 -0.03813214972615242
v 0.0023867299314588308 0.0011548700276762247 -0.037961568683385849
v 0.0021280399523675442 0.001103100017644465 -0.037676461040973663
v 0.0022461600601673126 0.0011617400450631976 -0.037520330399274826
v 0.0022086100652813911 0.0012854200322180986 -0.037543650716543198
v 0.0023168199695646763 0.001070150057785213 -0.037926390767097473
v 0.0024270399007946253 0.0011494100326672196 -0.037765871733427048
v 0.0023642599117010832 0.0010439299512654543 -0.037723779678344727
v 0.0026001099031418562 0.00099371001124382019 -0.038216259330511093
v 0.0027274501044303179 0.00077440001768991351 -0.038225848227739334
v 0.0026523501146584749 0.00099238997790962458 -0.038029961287975311
v 0.0027144600171595812 0.00099238997790962458 -0.03786361962556839
v 0.0024685598909854889 0.0011247500078752637 -0.038193080574274063
v 0.0025071799755096436 0.0011269500246271491 -0.037998780608177185
v 0.0025544099044054747 0.0011314799776300788 -0.037816058844327927
v 0.0024789099115878344 0.0011525199515745044 -0.037582460790872574
v 0.0026142899878323078 0.0011498200474306941 -0.037652499973773956
v 0.0013982700183987617 0.0018255499890074134 -0.039177741855382919
v 0.0014473700430244207 0.0013679000549018383 -0.039122641086578369
v 0.0014770600246265531 0.0014293000567704439 -0.039081688970327377
v 0.001475329976528883 0.0015126899816095829 -0.039039101451635361
v 0.0014420199440792203 0.0016166199930012226 -0.039003308862447739
v 0.0014292399864643812 0.0015749699668958783 -0.038886360824108124
v 0.0014644799521192908 0.0016718700062483549 -0.038858991116285324
v 0.0014915299834683537 0.0013925100211054087 -0.038729790598154068
v 0.0015212600119411945 0.0014968100003898144 -0.038710620254278183
v 0.0015480000292882323 0.0014636899577453732 -0.038538139313459396
v 0.0015168499667197466 0.0014545699814334512 -0.038384851068258286
v 0.0014914999483153224 0.0016165600391104817 -0.038688231259584427
v 0.001458070008084178 0.0015874500386416912 -0.03853313997387886
v 0.0014125499874353409 0.0018512200331315398 -0.038988031446933746
v 0.0014455800410360098 0.0017858699429780245 -0.038827691227197647
v 0.0014043799601495266 0.001953609986230731 -0.03895074874162674
v 0.0014160999562591314 0.0017428300343453884 -0.038673289120197296
v 0.0014422800159081817 0.0014526000013574958 -0.038251858204603195
v 0.0014361599460244179 0.0014339500339701772 -0.037931248545646667
v 0.0015323200495913625 0.001385960029438138 -0.038089979439973831
v 0.0016468600369989872 0.0013712500222027302 -0.037912830710411072
v 0.0015697999624535441 0.0014799300115555525 -0.037729848176240921
v 0.00178441999014467 0.0014135099481791258 -0.03772570937871933
v 0.0019435200374573469 0.0015177599852904677 -0.037533920258283615
v 0.0021031699143350124 0.0014097000239416957 -0.037544410675764084
v 0.00010307999764336273 7.5930001912638545e-05 -0.037413481622934341
v 0.0002005400019697845 0.00022885999351274222 -0.037405721843242645
v 0.00015983000048436224 0.00018966000061482191 -0.036778848618268967
v 0.0001023700024234131 0.00050402001943439245 -0.03725104033946991
v 0.00028822998865507543 0.00038462999509647489 -0.037390131503343582
v 0.00019459000031929463 0.00066165998578071594 -0.037217270582914352
v 0.00045138999121263623 0.00010933000157820061 -0.037512831389904022
v 0.00052274001063778996 0.00024826001026667655 -0.037510059773921967
v 0.00036033999640494585 0.00052737997611984611 -0.037372581660747528
v 0.00040950998663902283 0.0006508100195787847 -0.037368688732385635
v 0.00058377999812364578 0.00037729000905528665 -0.037505339831113815
v 0.00062895001610741019 0.00048976001562550664 -0.03751073032617569
v 0.0004268100019544363 0.00048262000200338662 -0.03673085942864418
v 8.3200000517535955e-05 0.00096700002904981375 -0.037419430911540985
v 0.00025487001403234899 0.00079797999933362007 -0.037197630852460861
v 0.0001868599938461557 0.00089138001203536987 -0.037505041807889938
v 0.00018325999553781003 0.00099721003789454699 -0.037328191101551056
v 0.00034199000219814479 0.00086651998572051525 -0.037462469190359116
v 0.0002473900094628334 0.00097686005756258965 -0.037255790084600449
v 0.00017891000607050955 0.0010100699728354812 -0.037236951291561127
v 0.00027185998624190688 0.0009067499777302146 -0.037211369723081589
v 0.0003475499979685992 0.00097617000574246049 -0.037218611687421799
v 4.7440000344067812e-05 0.00083397998241707683 -0.036934338510036469
v 8.9339999249204993e-05 0.00076794001506641507 -0.037063241004943848
v 8.1979997048620135e-05 0.00082170998211950064 -0.036833908408880234
v 0.00016183999832719564 0.00092437997227534652 -0.037024360150098801
v 0.00012718999641947448 0.0010230500483885407 -0.03687572106719017
v 0.00020607000624295324 0.00069304002681747079 -0.036765281111001968
v 0.00032935998751781881 0.00094637001166120172 -0.036706630140542984
v 7.9789999290369451e-05 0.0011654100380837917 -0.037327699363231659
v 8.4899998910259455e-05 0.0010712499497458339 -0.037275630980730057
v 0.00016398000298067927 0.001276180031709373 -0.037379700690507889
v 3.0130000595818274e-05 0.0011604999890550971 -0.037104308605194092
v 0.00017340999329462647 0.0010492600267753005 -0.037020448595285416
v 0.00012815000081900507 0.0011316300369799137 -0.037048198282718658
v 0.0001735700061544776 0.001099359942600131 -0.036740019917488098
v 0.00012296999921090901 0.001171929994598031 -0.036851629614830017
v 0.00011113000073237345 0.0012252000160515308 -0.037006400525569916
v 0.00010401000326965004 0.0013410400133579969 -0.037034500390291214
v 4.3989999539917335e-05 0.0012776999501511455 -0.036856058984994888
v 0.0001051500003086403 0.0012855400564149022 -0.036714129149913788
v 0.00021306000417098403 0.001143760047852993 -0.036994989961385727
v 0.00024617000599391758 0.0012590100523084402 -0.03680114820599556
v 0.00042831999599002302 0.00074858998414129019 -0.037394091486930847
v 0.0004176399961579591 0.00081287999637424946 -0.037446219474077225
v 0.00055310997413471341 0.00086704001296311617 -0.037449169903993607
v 0.00057656998978927732 0.0009638299816288054 -0.037227578461170197
v 0.00056984002003446221 0.00078652001684531569 -0.036702129989862442
v 0.0003957499866373837 0.0010889499681070447 -0.037004359066486359
v 0.00045088000479154289 0.0011712400009855628 -0.036835659295320511
v 0.00064511998789384961 0.0010530099971219897 -0.037038568407297134
v 0.00020823000522796065 0.0012722000246867537 -0.036645751446485519
v 0.00021209000260569155 0.0013556700432673097 -0.036611888557672501
v 0.00024985001073218882 0.0013575500342994928 -0.036662448197603226
v 0.00030094999237917364 0.0013059399789199233 -0.036626700311899185
v 0.00057915999786928296 0.0010233400389552116 -0.036691159009933472
v 0.00035324000054970384 0.001145850052125752 -0.036663688719272614
v 0.00047137998626567423 0.0012052699457854033 -0.036701418459415436
v 0.0007513000164180994 0.00022515999444294721 -0.036733031272888184
v 0.00092153000878170133 0.00062314997194334865 -0.036732718348503113
v 0.00079338002251461148 0.00088251999113708735 -0.037452410906553268
v 0.00083213998004794121 0.00096480001229792833 -0.037248540669679642
v 0.0010359600419178605 0.00090253999223932624 -0.037459511309862137
v 0.00092551001580432057 0.00090618000831454992 -0.036748349666595459
v 0.00073930999496951699 0.0011023300467059016 -0.036894120275974274
v 0.00083937001181766391 0.0010679899714887142 -0.036796588450670242
v 0.00090778997400775552 0.001032560016028583 -0.037080381065607071
v 0.0010119799990206957 0.0010571000166237354 -0.036958921700716019
v 0.0010803999612107873 0.00097081001149490476 -0.037266191095113754
v 0.0012733699986711144 0.0009188799886032939 -0.037468791007995605
v 0.0013205800205469131 0.00097433000337332487 -0.037281878292560577
v 0.0013480799971148372 0.0010165199637413025 -0.037123989313840866
v 0.0012160399928689003 0.0010088899871334434 -0.036882691085338593
v 0.0012704000109806657 0.00083269999595358968 -0.036811448633670807
v 0.0011303899809718132 0.0010242300340905786 -0.037112541496753693
v 0.0011693600099533796 0.0010403400519862771 -0.037012498825788498
v 0.0013343000318855047 0.0010279599810019135 -0.036999698728322983
v 0.00033785001141950488 0.0013871999690309167 -0.037418149411678314
v 0.00013203000708017498 0.0013779100263491273 -0.036781471222639084
v 0.00011526999878697097 0.0015401899581775069 -0.036767531186342239
v 0.00019844000053126365 0.0014678200241178274 -0.03706992045044899
v 0.00021806999575346708 0.0017039600061252713 -0.036765750497579575
v 0.00058081001043319702 0.0014901800313964486 -0.037447400391101837
v 0.0006820900016464293 0.0016835300484672189 -0.0371418297290802
v 0.00040109999827109277 0.0015821600100025535 -0.037103280425071716
v 0.00046263000695034862 0.0018273199675604701 -0.03678257018327713
v 0.00010458999895490706 0.0014009099686518312 -0.036617148667573929
v 0.00012955999409314245 0.0015065600164234638 -0.036619171500205994
v 0.00013139999646227807 0.0014690799871459603 -0.036570969969034195
v 3.1750001653563231e-05 0.0016037500463426113 -0.036528948694467545
v 8.5669998952653259e-05 0.0015883699525147676 -0.036537788808345795
v 9.3590002506971359e-05 0.0017067999579012394 -0.036568440496921539
v 0.00019571000302676111 0.0014411000302061439 -0.03658590093255043
v 1.9020000763703138e-05 0.0017847999697551131 -0.036478869616985321
v 0.00017460000526625663 0.0020230698864907026 -0.036481190472841263
v 0.00021240999922156334 0.002566030016168952 -0.036322221159934998
v 0.0005284699727781117 0.0021668099798262119 -0.036491591483354568
v 0.00060463999398052692 0.0026447400450706482 -0.036265891045331955
v 0.00087221001740545034 0.001576820039190352 -0.037471771240234375
v 0.0010114599717780948 0.0017714300192892551 -0.037192840129137039
v 0.00079737999476492405 0.0019269699696451426 -0.0368318110704422
v 0.0011800599750131369 0.0016309700440615416 -0.037491228431463242
v 0.00135091005358845 0.0018238000338897109 -0.037243369966745377
v 0.0011706999503076077 0.0020195599645376205 -0.036927279084920883
v 0.0009231200092472136 0.0022579699289053679 -0.036536511033773422
v 0.0013457100139930844 0.0023401300422847271 -0.036673169583082199
v 0.0010557699715718627 0.0027140199672430754 -0.036275111138820648
v 0.0013987199636176229 0.00053042999934405088 -0.03680390864610672
v 0.0018381699919700623 0.00037138999323360622 -0.036927729845046997
v 0.0014981400454416871 0.00092330999905243516 -0.03747858852148056
v 0.0015519399894401431 0.00096779002342373133 -0.037296958267688751
v 0.0017010100418701768 0.00092262000543996692 -0.037494521588087082
v 0.0015793199418112636 0.00099920004140585661 -0.037140291184186935
v 0.0014919999521225691 0.00084126001456752419 -0.036856640130281448
v 0.0015627100365236402 0.001000939984805882 -0.037011869251728058
v 0.0015257300110533834 0.0009544700151309371 -0.036915909498929977
v 0.001672019949182868 0.00076040002750232816 -0.036873281002044678
v 0.0017644600011408329 0.00095931999385356903 -0.037317678332328796
v 0.0018055100226774812 0.00098367000464349985 -0.037164889276027679
v 0.0019481700146570802 0.00095706002321094275 -0.037350330501794815
v 0.0020080499816685915 0.00098131003323942423 -0.037201259285211563
v 0.0017748699756339192 0.00091341999359428883 -0.036945190280675888
v 0.0018141800537705421 0.00097811000887304544 -0.037041559815406799
v 0.0019563799723982811 0.00071180000668391585 -0.036932598799467087
v 0.0020404800307005644 0.00090336997527629137 -0.036991521716117859
v 0.0020482700783759356 0.00097831001039594412 -0.037081360816955566
v 0.0022123400121927261 0.00035380999906919897 -0.037042800337076187
v 0.0027420900296419859 0.00016215999494306743 -0.037347808480262756
v 0.002691800007596612 0.00018625000666361302 -0.037502259016036987
v 0.0027420900296419859 0.00029687999631278217 -0.037348490208387375
v 0.0025635201018303633 0.00051338999764993787 -0.037496209144592285
v 0.0025951799470931292 0.00067992997355759144 -0.037242989987134933
v 0.002592999953776598 0.00066298001911491156 -0.037144631147384644
v 0.002656090073287487 0.00040468000224791467 -0.037375781685113907
v 0.0024600799661129713 0.00045061000855639577 -0.037110019475221634
v 0.0020963300485163927 0.00098208000417798758 -0.037397820502519608
v 0.0021772400941699743 0.0010156399803236127 -0.037254299968481064
v 0.0022455800790339708 0.00071280001429840922 -0.037000838667154312
v 0.0023259199224412441 0.00097805995028465986 -0.037052251398563385
v 0.0022021899931132793 0.0010554699692875147 -0.037463109940290451
v 0.0022502499632537365 0.0010296299587935209 -0.037141300737857819
v 0.0023033800534904003 0.0011101600248366594 -0.037328951060771942
v 0.0024053899105638266 0.0011601500445976853 -0.037231400609016418
v 0.0023698699660599232 0.001242100028321147 -0.037390198558568954
v 0.0024512200616300106 0.00078970997128635645 -0.037500038743019104
v 0.0025278299581259489 0.00072830001590773463 -0.037342499941587448
v 0.0024918499402701855 0.001000939984805882 -0.037364780902862549
v 0.0025649101007729769 0.001003629993647337 -0.037246569991111755
v 0.0024401000700891018 0.0007807500078342855 -0.03704427182674408
v 0.0024944199249148369 0.001023510005325079 -0.037073951214551926
v 0.002570450073108077 0.00092214002506807446 -0.037089448422193527
v 0.0025499300099909306 0.0011683900374919176 -0.037424799054861069
v 0.0025054300203919411 0.0012037799460813403 -0.037174701690673828
v 0.0025047899689525366 0.0013328100321814418 -0.037301149219274521
v 0.0026007299311459064 0.0012393799843266606 -0.037163030356168747
v 0.0027038499247282743 0.001176410005427897 -0.037504740059375763
v 0.0026282300241291523 0.0010447700042277575 -0.037178359925746918
v 0.0026670699007809162 0.0011434799525886774 -0.037162929773330688
v 0.0026477500796318054 0.0012011600192636251 -0.037306360900402069
v 0.002663780003786087 0.0012311999453231692 -0.037168428301811218
v 0.0027384699787944555 0.0012551200343295932 -0.037237681448459625
v 0.0027882400900125504 0.00133453996386379 -0.037229318171739578
v 0.0025785199832171202 0.001060419948771596 -0.037106338888406754
v 0.0014723000349476933 0.0016365000046789646 -0.037505760788917542
v 0.001732329954393208 0.0015974299749359488 -0.037518829107284546
v 0.0016621500253677368 0.0018185999942943454 -0.037280451506376266
v 0.00192910002078861 0.0017628599889576435 -0.037313338369131088
v 0.0018831699853762984 0.0020394700113683939 -0.037082850933074951
v 0.0015451300423592329 0.002069070003926754 -0.037025470286607742
v 0.001759910024702549 0.0023703998886048794 -0.036824289709329605
v 0.0021356900688260794 0.0016635799547657371 -0.037351280450820923
v 0.0022799998987466097 0.0015343299601227045 -0.037384461611509323
v 0.0023600698914378881 0.0013886600499972701 -0.03740306943655014
v 0.0021654199808835983 0.0019526500254869461 -0.037128530442714691
v 0.0023725200444459915 0.001830530003644526 -0.037191618233919144
v 0.0025395599659532309 0.0015105200000107288 -0.037300009280443192
v 0.0024990199599415064 0.0016806400381028652 -0.037254620343446732
v 0.002631709910929203 0.0014044699491932988 -0.037252079695463181
v 0.00273142009973526 0.0014277000445872545 -0.037241879850625992
v 0.0027161398902535439 0.001595419947989285 -0.037243079394102097
v 0.0026510199531912804 0.0020330299157649279 -0.037065450102090836
v 0.0021293701138347387 0.0023059200029820204 -0.036912601441144943
v 0.0024333400651812553 0.0021817600354552269 -0.036979261785745621
v 0.0023947900626808405 0.0026247699279338121 -0.036769341677427292
v 0.0027248300611972809 0.0024651400744915009 -0.036880418658256531
v 0.00086269999155774713 0.0027549299411475658 -0.039214950054883957
v 0.00081759999739006162 0.0027628398966044188 -0.039159439504146576
v 0.00082118000136688352 0.0027588100638240576 -0.039183370769023895
v 0.0008574199746362865 0.0027996799908578396 -0.039190869778394699
v 0.00090159999672323465 0.0027459498960524797 -0.03922291100025177
v 0.00090163998538628221 0.0027962599415332079 -0.039191611111164093
v 0.00095756998052820563 0.0027578999288380146 -0.039191950112581253
v 0.00084486999548971653 0.0027991400565952063 -0.03915385901927948
v 0.00081732997205108404 0.0027354499325156212 -0.039112869650125504
v 0.00086671998724341393 0.002736629918217659 -0.039089169353246689
v 0.00089269998716190457 0.0027973500546067953 -0.0391429103910923
v 0.00095338001847267151 0.0027612899430096149 -0.039133850485086441
v 0.00014150999777484685 0.0053559602238237858 -0.038123000413179398
v 0.0023493599146604538 0.0054614502005279064 -0.037834428250789642
v 0.00022745000023860484 0.0031632999889552593 -0.036359518766403198
v 0.00069035997148603201 0.0032593801151961088 -0.036234371364116669
v 0.00023535999935120344 0.0038750299718230963 -0.036706209182739258
v 0.0012054600520059466 0.0033093099482357502 -0.036196589469909668
v 0.00078485999256372452 0.0040090000256896019 -0.03652593120932579
v 0.001382300048135221 0.0040579698979854584 -0.036449950188398361
v 0.00021406999439932406 0.0046297498047351837 -0.037311099469661713
v 0.00085125002078711987 0.0047999098896980286 -0.037094101309776306
v 0.0015322699910029769 0.002752040047198534 -0.036428578197956085
v 0.0019924999214708805 0.0027314100880175829 -0.036626558750867844
v 0.0017430499428883195 0.0032877800986170769 -0.036348380148410797
v 0.0019907099194824696 0.0039798198267817497 -0.036587469279766083
v 0.0026977900415658951 0.0030316400807350874 -0.036782428622245789
v 0.0022561498917639256 0.003195110009983182 -0.036580178886651993
v 0.0025641599204391241 0.0038045400287955999 -0.036833051592111588
v 0.0015335599891841412 0.0048520700074732304 -0.036990471184253693
v 0.0022134101018309593 0.0047353301197290421 -0.03709857165813446
v 0.0028979999478906393 0.00016420999600086361 -0.040728960186243057
v 0.0028656099457293749 0.00017239000590052456 -0.040469110012054443
v 0.0028105101082473993 0.00017211999511346221 -0.040161330252885818
v 0.002834969898685813 0.00035171999479644001 -0.04062299057841301
v 0.0028031500987708569 0.00037729999166913331 -0.04035479947924614
v 0.0028376600239425898 0.00012279000657144934 -0.03852057084441185
v 0.0029168399050831795 7.7680000686086714e-05 -0.038291189819574356
v 0.0030053299851715565 1.2710000191873405e-05 -0.038121439516544342
v 0.0031133200973272324 0.00031383000896312296 -0.037825141102075577
v 0.0028374199755489826 0.00046849000500515103 -0.038243580609560013
v 0.0029203500598669052 0.00042831999599002302 -0.038070671260356903
v 0.0030122499447315931 0.00037511999835260212 -0.03793523833155632
v 0.0032632600050419569 0.00023862000671215355 -0.037719529122114182
v 0.0033205000218003988 0.00063854001928120852 -0.037525031715631485
v 0.0027963800821453333 0.00075718999141827226 -0.038047049194574356
v 0.0028752600774168968 0.00073438999243080616 -0.037897810339927673
v 0.002790059894323349 0.0010051799472421408 -0.037722740322351456
v 0.0029046700801700354 0.0010179600212723017 -0.037588160485029221
v 0.0029663299210369587 0.00071430002572014928 -0.037775598466396332
v 0.0031034599523991346 0.00068598001962527633 -0.037658609449863434
v 0.0035017500631511211 0.00014364000526256859 -0.037597540766000748
v 0.0040404098108410835 0.0025268399622291327 -0.037635680288076401
v 0.0050084898248314857 0.0010743599850684404 -0.037604238837957382
v 0.005274670198559761 0.0024366800207644701 -0.039318948984146118
v 0.0046263299882411957 0.0015598000027239323 -0.037723589688539505
v 0.0048199198208749294 0.0022121500223875046 -0.038440670818090439
v 0.0043142298236489296 0.0020579700358211994 -0.037722770124673843
v 0.0051877000369131565 0.0016356599517166615 -0.038406688719987869
v 0.0027925600297749043 3.9530001231469214e-05 -0.037419550120830536
v 0.0030838099773973227 0.0010178900556638837 -0.0374407097697258
v 0.0028401399031281471 0.0012056699488312006 -0.037369441241025925
v 0.0029579899273812771 0.0012658300111070275 -0.037275850772857666
v 0.003359959926456213 0.0010538200149312615 -0.037281390279531479
v 0.003315869951620698 0.0013374000554904342 -0.037233680486679077
v 0.0036794000770896673 0.00054251000983640552 -0.037372391670942307
v 0.0038735501002520323 1.1389999599487055e-05 -0.03744233027100563
v 0.003796030068770051 0.0012337400112301111 -0.03716978058218956
v 0.004005929920822382 0.00084584002615883946 -0.037160288542509079
v 0.0027886698953807354 0.0014039099914953113 -0.037243358790874481
v 0.0029550900217145681 0.0015101799508556724 -0.037256550043821335
v 0.0028588599525392056 0.001587799983099103 -0.037240881472826004
v 0.002992219990119338 0.0013850900577381253 -0.037253208458423615
v 0.0028080800548195839 0.0018359300447627902 -0.037158720195293427
v 0.0030530099757015705 0.0017229400109499693 -0.037195820361375809
v 0.003208559937775135 0.0015581500483676791 -0.037228461354970932
v 0.0033838700037449598 0.0018363799899816513 -0.037142500281333923
v 0.0029682999011129141 0.0022855100687593222 -0.036983281373977661
v 0.0031722900457680225 0.0020784200169146061 -0.037072468549013138
v 0.0033378200605511665 0.0025839500594884157 -0.037081439048051834
v 0.003594609908759594 0.0015559600433334708 -0.03717954084277153
v 0.0038160600233823061 0.0019430799875408411 -0.037258841097354889
v 0.0040787002071738243 0.0015432999935001135 -0.037285890430212021
v 0.0035744300112128258 0.0022993299644440413 -0.037181559950113297
v 0.0042420597746968269 0.00036842998815700412 -0.037198159843683243
v 0.0046761701814830303 0.00067878997651860118 -0.037164151668548584
v 0.0043783499859273434 0.001128070056438446 -0.037235349416732788
v 0.0049332799389958382 0.00017687999934423715 -0.037129189819097519
v 0.0053844200447201729 0.00057335000019520521 -0.037436529994010925
v 0.0038575599901378155 0.0037743099965155125 -0.037893619388341904
v 0.0034021500032395124 0.0041714701801538467 -0.037609729915857315
v 0.0030468599870800972 0.0051968898624181747 -0.038029279559850693
v 0.0041767098009586334 0.0043249600566923618 -0.038639500737190247
v 0.0036643398925662041 0.0048148501664400101 -0.038312021642923355
v 0.0048964000307023525 0.0030931700021028519 -0.039221160113811493
v 0.0052818600088357925 0.0034826099872589111 -0.040222939103841782
v 0.0045033399946987629 0.0027838300447911024 -0.038345359265804291
v 0.0042035900987684727 0.0033081599976867437 -0.03815092146396637
v 0.0045589101500809193 0.0037368300836533308 -0.038968611508607864
v 0.0044704698957502842 0.0049313898198306561 -0.039512071758508682
v 0.0048973900265991688 0.0042341700755059719 -0.039909198880195618
v 0.0030607499647885561 0.0028202899266034365 -0.036950919777154922
v 0.0034619499929249287 0.0032647200860083103 -0.037309698760509491
v 0.003056779969483614 0.0035621500574052334 -0.037081211805343628
v 0.003773069940507412 0.0029243500903248787 -0.037496261298656464
v 0.0028499199543148279 0.0044937701895833015 -0.037333350628614426
v 0.00082183000631630421 0.0079648997634649277 -0.040915179997682571
v 0.00085273000877350569 0.0089902700856328011 -0.041894208639860153
v 0.0009059499716386199 0.010211929678916931 -0.042830191552639008
v 0.0019178600050508976 0.0090501699596643448 -0.041639398783445358
v 0.002078179968520999 0.010248179547488689 -0.042584531009197235
v 0.0051635601557791233 0.0063625997863709927 -0.041508469730615616
v 0.0044624400325119495 0.0070548797957599163 -0.041086781769990921
v 0.0048274998553097248 0.0079227704554796219 -0.042149890214204788
v 0.0029531200416386127 0.0088664600625634193 -0.041642218828201294
v 0.0039318702183663845 0.0084777697920799255 -0.04183495044708252
v 0.0032057799398899078 0.010004130192101002 -0.042654410004615784
v 0.0042780698277056217 0.0095534399151802063 -0.042911671102046967
v 0.005284349899739027 0.0089697903022170067 -0.043228138238191605
v 0.0047083599492907524 0.010912260040640831 -0.044001020491123199
v 4.5979999413248152e-05 0.0060885599814355373 -0.039089761674404144
v 0.00085263000801205635 0.0055384300649166107 -0.037892438471317291
v 0.00082779000513255596 0.006278530228883028 -0.038844950497150421
v 0.00081552000483497977 0.0070741698145866394 -0.039875641465187073
v 0.0016064300434663892 0.0055836201645433903 -0.03777347132563591
v 0.0016488999826833606 0.0063194897957146168 -0.038706239312887192
v 0.0024548000656068325 0.0062052998691797256 -0.038716759532690048
v 0.0017088999738916755 0.007126539945602417 -0.039696060121059418
v 0.0017955199582502246 0.0080287698656320572 -0.040691059082746506
v 0.0025859801098704338 0.0070139598101377487 -0.039667300879955292
v 0.002749789971858263 0.0078976200893521309 -0.040653359144926071
v 0.0034135500900447369 0.0067253098823130131 -0.039793789386749268
v 0.0041583999991416931 0.0062494399026036263 -0.04007992148399353
v 0.0032147900201380253 0.0059340200386941433 -0.038867279887199402
v 0.0038981500547379255 0.0055036898702383041 -0.039148580282926559
v 0.0036502201110124588 0.0075726201757788658 -0.040789458900690079
v 0.0047899000346660614 0.0056083500385284424 -0.040476050227880478
v 0.0067889001220464706 0.0023882200475782156 -0.041411019861698151
v 0.0074172802269458771 0.0016902299830690026 -0.041125781834125519
v 0.0081161996349692345 0.0020455298945307732 -0.042376630008220673
v 0.0068204798735678196 0.0036915598902851343 -0.042677421122789383
v 0.0062248301692306995 0.0031597299966961145 -0.041471350938081741
v 0.0057219900190830231 0.0039799301885068417 -0.041310589760541916
v 0.0062533700838685036 0.0045949500054121017 -0.042459141463041306
v 0.0069125499576330185 0.0053374501876533031 -0.043643660843372345
v 0.0074390899389982224 0.0028322699945420027 -0.042655568569898605
v 0.0082525704056024551 0.0034103801008313894 -0.043910078704357147
v 0.007565690204501152 0.0043603498488664627 -0.043907750397920609
v 0.010830339975655079 0.0021067999769002199 -0.044356439262628555
v 0.0087751904502511024 0.0012490400113165379 -0.041959449648857117
v 0.0093394797295331955 0.00036050999187864363 -0.041522890329360962
v 0.0089767295867204666 0.0025174799375236034 -0.043624710291624069
v 0.0096725299954414368 0.0016129999421536922 -0.04317815974354744
v 0.010274330154061317 0.0006283000111579895 -0.042696978896856308
v 0.0085476301610469818 0.0052549601532518864 -0.045091580599546432
v 0.0093263201415538788 0.0041942000389099121 -0.045096900314092636
v 0.010105379857122898 0.003160649910569191 -0.044810611754655838
v 0.010757380165159702 0.0052553899586200714 -0.046138368546962738
v 0.0060841599479317665 0.00054953002836555243 -0.037948131561279297
v 0.0062308600172400475 0.0012199500342831016 -0.038999158889055252
v 0.0056410999968647957 0.0010969099821522832 -0.038213241845369339
v 0.006728889886289835 0.00062732998048886657 -0.038669638335704803
v 0.0057130497880280018 0.0018010400235652924 -0.039249211549758911
v 0.0062356698326766491 0.002052919939160347 -0.040250778198242188
v 0.0068116402253508568 0.0014241699827834964 -0.039968010038137436
v 0.0073613100685179234 0.00077954999869689345 -0.039598051458597183
v 0.0077912700362503529 3.7530000554397702e-05 -0.039250999689102173
v 0.0080241002142429352 0.00097900000400841236 -0.040730360895395279
v 0.005677809938788414 2.8439999368856661e-05 -0.037292301654815674
v 0.0057268501259386539 0.0027473000809550285 -0.040336281061172485
v 0.0085234595462679863 0.0001677999971434474 -0.040339518338441849
v 0.0077748098410665989 0.0063095302321016788 -0.044807460159063339
v 0.0070133698172867298 0.0073245000094175339 -0.044257339090108871
v 0.0062895300798118114 0.0063117397949099541 -0.043143749237060547
v 0.005730810109525919 0.0055139497853815556 -0.042017709463834763
v 0.0056200302205979824 0.0072009298019111156 -0.042586371302604675
v 0.0058637200854718685 0.010312610305845737 -0.044280428439378738
v 0.0069571598432958126 0.0095700798556208611 -0.04467352107167244
v 0.0079622101038694382 0.0086594102904200554 -0.045305129140615463
v 0.0062032397836446762 0.0082334103062748909 -0.043658480048179626
v 0.0089154401794075966 0.0076132500544190407 -0.045893818140029907
v 0.0098534096032381058 0.0064642601646482944 -0.046158120036125183
v 0.0091579398140311241 0.010343589819967747 -0.046051871031522751
v 0.010354010388255119 0.0092662898823618889 -0.046666968613862991
v 0.0010634199716150761 0.013502329587936401 -0.044466059654951096
v 0.002524479990825057 0.013446870259940624 -0.044397961348295212
v 0.00097918999381363392 0.011691519990563393 -0.043740581721067429
v 0.0022787300404161215 0.011680229566991329 -0.043569900095462799
v 0.001149579999037087 0.015717629343271255 -0.044847290962934494
v 0.0039136498235166073 0.013138890266418457 -0.044601641595363617
v 0.0052626701071858406 0.012641459703445435 -0.044895179569721222
v 0.0035175799857825041 0.011394309811294079 -0.043710440397262573
v 0.0028204100672155619 0.015648659318685532 -0.04487115889787674
v 0.0044191800989210606 0.015339760109782219 -0.045119311660528183
v 0.0012232899898663163 0.018254660069942474 -0.044642839580774307
v 0.0012701899977400899 0.021030660718679428 -0.043611269444227219
v 0.0031441599130630493 0.018197739496827126 -0.044726580381393433
v 0.005000079981982708 0.017898710444569588 -0.044977210462093353
v 0.0034733500797301531 0.021006250753998756 -0.043701291084289551
v 0.0066032498143613338 0.012017659842967987 -0.045096691697835922
v 0.0079100998118519783 0.011255660094320774 -0.045413229614496231
v 0.0059808897785842419 0.014828230254352093 -0.045386340469121933
v 0.0075406101532280445 0.014151380397379398 -0.04546688124537468
v 0.0090904301032423973 0.013334809802472591 -0.045659378170967102
v 0.01062249019742012 0.012404169887304306 -0.046262279152870178
v 0.010414090007543564 0.0157008096575737 -0.045218691229820251
v 0.0068152500316500664 0.017366589978337288 -0.04518745094537735
v 0.0056223301216959953 0.02071755938231945 -0.043889120221138
v 0.0077179698273539543 0.020150549709796906 -0.044011488556861877
v 0.0086138695478439331 0.016610369086265564 -0.0451500304043293
v 0.0097611201927065849 0.019291240721940994 -0.043905150145292282
v 0.013399889692664146 6.2990002334117889e-05 -0.044579051434993744
v 0.012975459918379784 0.0014451999450102448 -0.045002501457929611
v 0.011446749791502953 0.00098520005121827126 -0.043858081102371216
v 0.011608620174229145 0.0040295799262821674 -0.045874930918216705
v 0.012362750247120857 0.0027663400396704674 -0.045464180409908295
v 0.013520999811589718 0.0051544001325964928 -0.046619940549135208
v 0.014945079572498798 0.0020374499727040529 -0.045866459608078003
v 0.015361510217189789 0.000401080003939569 -0.045525990426540375
v 0.014320099726319313 0.0036220599431544542 -0.046254448592662811
v 0.011505540460348129 0.0080085396766662598 -0.046912871301174164
v 0.012574049644172192 0.0066210301592946053 -0.046870291233062744
v 0.013526559807360172 0.0099081303924322128 -0.047161318361759186
v 0.01587706059217453 0.0065652099438011646 -0.04684792086482048
v 0.014804629608988762 0.0083182202652096748 -0.047128438949584961
v 0.017901629209518433 0.00082885997835546732 -0.045975450426340103
v 0.017440250143408775 0.0027910599019378424 -0.046186178922653198
v 0.016752660274505615 0.0047043901868164539 -0.046480320394039154
v 0.020718419924378395 0.0013351000379770994 -0.045694731175899506
v 0.020177239552140236 0.0036602700129151344 -0.045772790908813477
v 0.019398370757699013 0.0059315301477909088 -0.045980788767337799
v 0.018427779898047447 0.0081425998359918594 -0.046364791691303253
v 0.01721579022705555 0.010197300463914871 -0.046677380800247192
v 0.021995130926370621 0.0072216899134218693 -0.044594880193471909
v 0.020924119278788567 0.0097671700641512871 -0.044976439327001572
v 0.012110110372304916 0.01128632016479969 -0.046891089528799057
v 0.012234089896082878 0.014708699658513069 -0.045747168362140656
v 0.014018690213561058 0.013514700345695019 -0.046357370913028717
v 0.015712669119238853 0.011999449692666531 -0.046671170741319656
v 0.015914710238575935 0.015792779624462128 -0.044856999069452286
v 0.013870970346033573 0.017124749720096588 -0.044317349791526794
v 0.011797030456364155 0.018246889114379883 -0.043897859752178192
v 0.013139509595930576 0.020820239558815956 -0.041576381772756577
v 0.015441459603607655 0.019539099186658859 -0.041877578943967819
v 0.017860079184174538 0.014118949882686138 -0.045210149139165878
v 0.01957416906952858 0.012108620256185532 -0.045281670987606049
v 0.019888570532202721 0.016193730756640434 -0.042677398771047592
v 0.021800940856337547 0.013979969546198845 -0.042803168296813965
v 0.017713610082864761 0.018037030473351479 -0.042315270751714706
v 0.016853909939527512 0.021838530898094177 -0.038332611322402954
v 0.019330769777297974 0.020163899287581444 -0.038657471537590027
v 0.021717939525842667 0.018150899559259415 -0.038972098380327225
v 0.0012801999691873789 0.023871010169386864 -0.041609421372413635
v 0.0037688401062041521 0.023875139653682709 -0.04165957123041153
v 0.0012432800140231848 0.026601109653711319 -0.03849409893155098
v 0.003991520032286644 0.026605309918522835 -0.038465671241283417
v 0.0011506000300869346 0.029279379174113274 -0.03455284982919693
v 0.0041418001055717468 0.029264219105243683 -0.034437801688909531
v 0.0062108701094985008 0.023578280583024025 -0.041743889451026917
v 0.0085863098502159119 0.022960240021348 -0.041764549911022186
v 0.010875159874558449 0.022000750526785851 -0.041623711585998535
v 0.0066907098516821861 0.026262920349836349 -0.038430400192737579
v 0.0093175601214170456 0.025575749576091766 -0.038352739065885544
v 0.0070755300112068653 0.028847919777035713 -0.034288588911294937
v 0.00099325994960963726 0.031964261084794998 -0.030073199421167374
v 0.0042201201431453228 0.031919289380311966 -0.029894130304455757
v 0.007379049900919199 0.031409759074449539 -0.029658440500497818
v 0.0099357198923826218 0.028071990236639977 -0.034122008830308914
v 0.010464820079505444 0.030523870140314102 -0.0294183399528265
v 0.00077499001054093242 0.03467123955488205 -0.025171950459480286
v 0.0042391200549900532 0.034589860588312149 -0.02494443953037262
v 0.0076272701844573021 0.033987149596214294 -0.024649379774928093
v 0.010941349901258945 0.032984711229801178 -0.024355029687285423
v 0.011848789639770985 0.024545609951019287 -0.038197170943021774
v 0.014341769739985466 0.023268019780516624 -0.038133770227432251
v 0.012706349603831768 0.026977930217981339 -0.033954840153455734
v 0.015427529811859131 0.025617359206080437 -0.033878680318593979
v 0.013472230173647404 0.02934982068836689 -0.029226059094071388
v 0.016420479863882065 0.027895359322428703 -0.029119830578565598
v 0.014183299615979195 0.031704101711511612 -0.024129649624228477
v 0.018139349296689034 0.024041950702667236 -0.033985141664743423
v 0.019328819587826729 0.026168230921030045 -0.02913782000541687
v 0.020795129239559174 0.022183170542120934 -0.034190569072961807
v 0.022135630249977112 0.024104610085487366 -0.029221519827842712
v 0.017353510484099388 0.030124610289931297 -0.023981869220733643
v 0.020452350378036499 0.028225500136613846 -0.023920319974422455
v 0.0004994599730707705 0.037415750324726105 -0.019965929910540581
v 0.0042114998213946819 0.037295248359441757 -0.019698509946465492
v 0.00018752999312710017 0.039845388382673264 -0.014414680190384388
v 0.0041332999244332314 0.039759669452905655 -0.014129869639873505
v 0.0039675501175224781 0.041558600962162018 -0.0081638004630804062
v 0.0078461999073624611 0.036618851125240326 -0.019370879977941513
v 0.0080027403309941292 0.039063651114702225 -0.013788820244371891
v 0.0037429500371217728 0.042804770171642303 -0.0020192000083625317
v 0.0034751200582832098 0.043560199439525604 0.0040939901955425739
v 0.0080347200855612755 0.040930550545454025 -0.0078233303502202034
v 0.0079500898718833923 0.042284451425075531 -0.0016669000033289194
v 0.0077594202011823654 0.043133001774549484 0.0044795800931751728
v 0.018285499885678291 0.032370008528232574 -0.018608169630169868
v 0.021570349112153053 0.030261600390076637 -0.018479900434613228
v 0.011401769705116749 0.035507861524820328 -0.019045390188694
v 0.014900580048561096 0.034126859158277512 -0.0188035499304533
v 0.011801670305430889 0.037889931350946426 -0.013452439568936825
v 0.015494920313358307 0.036330420523881912 -0.013167199678719044
v 0.019076839089393616 0.034388210624456406 -0.012936149723827839
v 0.015912950038909912 0.038153838366270065 -0.0072009800933301449
v 0.012034489773213863 0.039788480848073959 -0.0074924398213624954
v 0.012085320428013802 0.041172739118337631 -0.0013293899828568101
v 0.011996409855782986 0.042155109345912933 0.0048395497724413872
v 0.016107020899653435 0.039500489830970764 -0.0010396200232207775
v 0.01966501958668232 0.036062940955162048 -0.0069606900215148926
v 0.020009109750390053 0.037345491349697113 -0.0008132000220939517
v 0.02350999042391777 0.0019085699459537864 -0.044451121240854263
v 0.022872380912303925 0.0045993099920451641 -0.04443741962313652
v 0.026210110634565353 0.0024957899004220963 -0.042153768241405487
v 0.0244621392339468 0.0085043301805853844 -0.042180590331554413
v 0.025451799854636192 0.005544350016862154 -0.042067121714353561
v 0.027841610834002495 0.0064315698109567165 -0.03854890912771225
v 0.026718610897660255 0.0097089502960443497 -0.038595911115407944
v 0.028752520680427551 0.0030432399362325668 -0.038711830973625183
v 0.03110015019774437 0.0035446200054138899 -0.034366969019174576
v 0.033215880393981934 0.0039936001412570477 -0.029360849410295486
v 0.030022049322724342 0.0072407699190080166 -0.034143611788749695
v 0.028748860582709312 0.01080291997641325 -0.034122399985790253
v 0.031973328441381454 0.007951740175485611 -0.02911205030977726
v 0.023285329341888428 0.011366520076990128 -0.042531751096248627
v 0.023817280307412148 0.01573915034532547 -0.039103738963603973
v 0.025430679321289062 0.012868329882621765 -0.038879599422216415
v 0.02733461931347847 0.014228549785912037 -0.034325148910284042
v 0.023348180577158928 0.019972510635852814 -0.03441137820482254
v 0.025595620274543762 0.017343219369649887 -0.03450407087802887
v 0.024779310449957848 0.021640650928020477 -0.029312379658222198
v 0.027108440175652504 0.018749220296740532 -0.029324889183044434
v 0.030537210404872894 0.011753610335290432 -0.029041599482297897
v 0.028971660882234573 0.015403149649500847 -0.029173590242862701
v 0.032153669744729996 0.012599569745361805 -0.023567870259284973
v 0.030439669266343117 0.016451440751552582 -0.023650409653782845
v 0.028471369296312332 0.020024869590997696 -0.023789500817656517
v 0.035183500498533249 0.0044120298698544502 -0.023908160626888275
v 0.036308389157056808 3.7800000427523628e-05 -0.024265119805932045
v 0.033766768872737885 0.0085928598418831825 -0.02366475947201252
v 0.029800059273838997 0.021237889304757118 -0.018121210858225822
v 0.031836479902267456 0.017432710155844688 -0.017981110140681267
v 0.033104170113801956 0.018326260149478912 -0.012191950343549252
v 0.0383412204682827 0.00021657999604940414 -0.018502090126276016
v 0.037086810916662216 0.0048217400908470154 -0.018223609775304794
v 0.038813840597867966 0.005201379768550396 -0.012358630076050758
v 0.035473719239234924 0.0091925198212265968 -0.018012259155511856
v 0.037014409899711609 0.0097383195534348488 -0.012203649617731571
v 0.039970871061086655 0.00035911001032218337 -0.012481239624321461
v 0.038309060037136078 0.01021789014339447 -0.0062880399636924267
v 0.041537288576364517 0.00049619999481365085 -0.0063897101208567619
v 0.04274136945605278 0.00063328997930511832 -0.00017677999858278781
v 0.040034860372543335 0.0054627601057291031 -0.0063211699016392231
v 0.041153378784656525 0.005758100189268589 -0.00021852999634575099
v 0.039323359727859497 0.010636479593813419 -0.00028581000515259802
v 0.033668201416730881 0.013379350304603577 -0.017915580421686172
v 0.035032059997320175 0.014085790142416954 -0.012129610404372215
v 0.036196470260620117 0.014711709693074226 -0.0062548099085688591
v 0.037104178220033646 0.015244400128722191 -0.0003125400107819587
v 0.034184809774160385 0.019111389294266701 -0.0063092201016843319
v 0.035002060234546661 0.019758110865950584 -0.00036298000486567616
v 0.023394690826535225 0.025938719511032104 -0.023896589875221252
v 0.026095360517501831 0.02319624088704586 -0.023862270638346672
v 0.027380470186471939 0.024680189788341522 -0.018248269334435463
v 0.024647530168294907 0.027734169736504555 -0.018379140645265579
v 0.022525759413838387 0.032071080058813095 -0.012766379863023758
v 0.025556359440088272 0.029170800000429153 -0.012570549733936787
v 0.028366340324282646 0.025876140221953392 -0.012411830015480518
v 0.031012440100312233 0.022343410179018974 -0.01232623029500246
v 0.026398159563541412 0.030473960563540459 -0.0066011701710522175
v 0.026941420510411263 0.031465049833059311 -0.00052097998559474945
v 0.029340270906686783 0.027034299448132515 -0.0064803599379956722
v 0.032026398926973343 0.023296529427170753 -0.0064108301885426044
v 0.032757911831140518 0.024056490510702133 -0.00042237000889144838
v 0.029977880418300629 0.02790364995598793 -0.00045227000373415649
v 0.02325236052274704 0.033566821366548538 -0.0067848800681531429
v 0.023701749742031097 0.034707129001617432 -0.0006554899737238884
v 0.00017049000598490238 0.0019886600784957409 0.030748579651117325
v 0.00044065999099984765 0.0015639200573787093 0.031066499650478363
v 0.00044085999252274632 0.001824619947001338 0.030788259580731392
v 0.00032757999724708498 0.0026538199745118618 0.029842549934983253
v 0.00031343998853117228 0.0026580099947750568 0.029874809086322784
v 0.00014321999333333224 0.0026165700983256102 0.030319780111312866
v 0.00016849000530783087 0.002702109981328249 0.030184350907802582
v 0.0001913900050567463 0.0026949099265038967 0.030135640874505043
v 0.00024684000527486205 0.0026645900215953588 0.030317859724164009
v 0.00043272000038996339 0.00232935999520123 0.030326789245009422
v 0.00039833999471738935 0.0025466301012784243 0.029768269509077072
v 0.00039080998976714909 0.0026515999343246222 0.029681650921702385
v 0.00046772000496275723 0.0026582099962979555 0.029802929610013962
v 0.00050255999667569995 0.0026610998902469873 0.029854059219360352
v 0.00043365001329220831 0.0024791799951344728 0.030126750469207764
v 0.00055058998987078667 0.0026683099567890167 0.03003481961786747
v 0.00068911997368559241 0.0026772099081426859 0.030150830745697021
v 2.8369999199640006e-05 0.0022150299046188593 0.030612990260124207
v 0.00015916000120341778 0.0024940399453043938 0.030458800494670868
v 0.00044626000453718007 0.0020912201143801212 0.030506040900945663
v 0.00073610001709312201 0.0019807899370789528 0.030722089111804962
v 0.0012431100476533175 0.0018169699469581246 0.030850300565361977
v 0.00078692001989111304 0.0024622499477118254 0.03034747950732708
v 0.00071181001840159297 0.002617750084027648 0.030233530327677727
v 0.00078010000288486481 0.0026815300807356834 0.030175119638442993
v 0.00087612000061199069 0.0026865201070904732 0.030215250328183174
v 0.00091065000742673874 0.0026883399114012718 0.030229650437831879
v 0.00089809001656249166 0.0026897399220615625 0.030295249074697495
v 0.0012098599690943956 0.0026771300472319126 0.030313460156321526
v 0.00083713000640273094 0.0021786999423056841 0.030515210703015327
v 0.001236859941855073 0.0022297999821603298 0.030577739700675011
v 0.0019559899810701609 0.0019912100397050381 0.030907390639185905
v 0.0019123599631711841 0.0027238600887358189 0.030446900054812431
v 0.002533819992095232 0.0022627399303019047 0.031131669878959656
v 0.0011889199959114194 0.0027816600631922483 0.030232120305299759
v 0.0011739400215446949 0.0028101999778300524 0.030183529481291771
v 0.0012508600484579802 0.0028498999308794737 0.030206000432372093
v 0.001375050051137805 0.0029138000681996346 0.030240630730986595
v 0.0013365399790927768 0.0054350597783923149 0.031094919890165329
v 0.0014147900510579348 0.0029342700727283955 0.030251670628786087
v 0.0014660799643024802 0.0029603100847452879 0.030262600630521774
v 0.0014751000562682748 0.0029707299545407295 0.030260130763053894
v 0.0014850300503894687 0.0029817300383001566 0.030257750302553177
v 0.0016843300545588136 0.0031947600655257702 0.030181499198079109
v 0.0020170100033283234 0.0033411700278520584 0.030303800478577614
v 0.001894650049507618 0.0034284899011254311 0.030133830383419991
v 0.0018955100094899535 0.0034207499120384455 0.030100390315055847
v 0.001891960040666163 0.0034170900471508503 0.030101589858531952
v 0.001900780014693737 0.003427889896556735 0.030105169862508774
v 0.0019340700237080455 0.0035446099936962128 0.03010810911655426
v 0.0019693099893629551 0.0036693098954856396 0.030110800638794899
v 0.0020344299264252186 0.0038841299246996641 0.030096590518951416
v 0.0020880100782960653 0.0040010600350797176 0.03001135028898716
v 0.0020981200505048037 0.0032834101002663374 0.030395599082112312
v 0.0024921600706875324 0.0029078898951411247 0.030721139162778854
v 0.0021556098945438862 0.0038484600372612476 0.030252570286393166
v 0.0020915900822728872 0.0040086200460791588 0.030005339533090591
v 0.0021053499076515436 0.0040491498075425625 0.029996359720826149
v 0.0021067000925540924 0.0040409797802567482 0.029979389160871506
v 0.0021105699706822634 0.0040486901998519897 0.029973480850458145
v 0.0022753500379621983 0.0038167999591678381 0.030393999069929123
v 0.0025335000827908516 0.003472290001809597 0.030587639659643173
v 0.0025564099196344614 0.0039136800915002823 0.03050914965569973
v 0.0027342499233782291 0.0040245098061859608 0.030640419572591782
v 0.0020849299617111683 0.0043020602315664291 0.029929649084806442
v 0.0020631900988519192 0.0043407301418483257 0.029992980882525444
v 0.0020286100916564465 0.0044247801415622234 0.030080549418926239
v 0.001981779932975769 0.0046867798082530499 0.030112830922007561
v 0.0019658699166029692 0.0047757900319993496 0.030123790726065636
v 0.001562469988130033 0.0054217102006077766 0.030319349840283394
v 0.0015442100120708346 0.0054509597830474377 0.03032970055937767
v 0.0018979000160470605 0.0049136299639940262 0.030074559152126312
v 0.0018982100300490856 0.0049129398539662361 0.030074749141931534
v 0.0020088599994778633 0.0049423300661146641 0.03025544062256813
v 0.0017450499581173062 0.0051456699147820473 0.030185140669345856
v 0.0021459499839693308 0.0042116697877645493 0.029801739379763603
v 0.0021267998963594437 0.0041847899556159973 0.029816659167408943
v 0.0021277000196278095 0.0041949697770178318 0.029806330800056458
v 0.0021275400649756193 0.0042115198448300362 0.029796760529279709
v 0.0021171099506318569 0.004240809939801693 0.029824839904904366
v 0.0023662799503654242 0.0041585699655115604 0.030091319233179092
v 0.0021532799582928419 0.004453049972653389 0.030282139778137207
v 0.0022550199646502733 0.004471450112760067 0.03036784939467907
v 0.0025120999198406935 0.0041541401296854019 0.030211340636014938
v 0.0025843901094049215 0.0044326097704470158 0.030515529215335846
v 0.0027103701140731573 0.0041376100853085518 0.030398709699511528
v 0.002787840086966753 0.0043492699041962624 0.030655749142169952
v 0.0020979400724172592 0.0049815298989415169 0.030342470854520798
v 0.0026039800141006708 0.0047923298552632332 0.030529649928212166
v 0.0027310999576002359 0.0053809802047908306 0.030705509707331657
v 0.0029948300216346979 0.0030958300922065973 0.031133249402046204
v 0.0030221699271351099 0.0036569999065250158 0.03094886988401413
v 0.0028736700769513845 0.0041704298928380013 0.030703630298376083
v 0.0031020198948681355 0.0042090499773621559 0.030898930504918098
v 0.0031579800415784121 0.0047392002306878567 0.030917279422283173
v 0.0032830298878252506 0.0051983301527798176 0.031075440347194672
v 0.00031137999030761421 0.0059236101806163788 0.030331140384078026
v 0.00011983000149484724 0.0060366601683199406 0.030483970418572426
v 9.5169998530764133e-05 0.0060512102209031582 0.030503639951348305
v 0.00033810001332312822 0.005940570030361414 0.030377689749002457
v 0.0002841500099748373 0.0060567702166736126 0.03059563972055912
v 0.00017431000014767051 0.0058812201023101807 0.030939610674977303
v 0.00038186999154277146 0.0059683402068912983 0.030453529208898544
v 0.00043899999582208693 0.0060075498186051846 0.030558669939637184
v 0.00051525997696444392 0.0060542100109159946 0.030610110610723495
v 0.00053931999718770385 0.006068709772080183 0.03062283992767334
v 0.00065032998099923134 0.0060303700156509876 0.030592320486903191
v 0.00046335000661201775 0.0060473200865089893 0.030965300276875496
v 0.00026666998746804893 0.0061568999662995338 0.030692720785737038
v 0.00037158001214265823 0.0066734198480844498 0.03094979003071785
v 0.0011888199951499701 0.0057547800242900848 0.03034977987408638
v 0.0012698100181296468 0.0056947199627757072 0.03030548058450222
v 0.0012599299661815166 0.0057466002181172371 0.030362660065293312
v 0.001240379991941154 0.0057215499691665173 0.030303230509161949
v 0.00092704000417143106 0.0059410999529063702 0.03052159957587719
v 0.00080644001718610525 0.0059225298464298248 0.030983379110693932
v 0.0011443699477240443 0.0057833301834762096 0.030390249565243721
v 0.0011083199642598629 0.0058092297986149788 0.030413040891289711
v 0.001269230036996305 0.0058887498453259468 0.030483359470963478
v 0.0012965600471943617 0.0064810700714588165 0.03076528012752533
v 0.00099068996496498585 0.0070847398601472378 0.031183319166302681
v 0.0014967200113460422 0.0054923100396990776 0.030328759923577309
v 0.0019952401053160429 0.0055362400598824024 0.030401799827814102
v 0.0021152400877326727 0.0063224500045180321 0.030710980296134949
v 0.0017884599510580301 0.0070340200327336788 0.031184490770101547
v 0.0029216299299150705 0.0059412000700831413 0.031018320471048355
v 0.000473980006063357 0.0008592400117777288 0.031816150993108749
v 0.0012842799769714475 0.00099348998628556728 0.031737938523292542
v 0.0012972999829798937 0.00011939000251004472 0.032865781337022781
v 0.00061291002202779055 0.0027216000016778708 0.031785029917955399
v 0.0020223699975758791 0.0012323099654167891 0.031749021261930466
v 0.0027718900237232447 0.00089104002108797431 0.032809600234031677
v 0.0021111599635332823 0.00028964001103304327 0.032978661358356476
v 0.0026337499730288982 0.0016066200332716107 0.031855851411819458
v 0.0011678199516609311 0.0029859400819987059 0.031724721193313599
v 0.00034908999805338681 0.002745320089161396 0.033142529428005219
v 0.00059360999148339033 0.0030224700458347797 0.034455921500921249
v 0.00088071997743099928 0.0030042000580579042 0.033090341836214066
v 0.0012680400395765901 0.0034790299832820892 0.03299228847026825
v 0.00096039997879415751 0.0034979800693690777 0.034358751028776169
v 0.0013149000005796552 0.0047627799212932587 0.032644990831613541
v 0.00096579000819474459 0.0053819799795746803 0.032455701380968094
v 0.0005950499908067286 0.005328889936208725 0.033816460520029068
v 0.00095785997109487653 0.0047463597729802132 0.034007661044597626
v 0.0011077800299972296 0.0041033602319657803 0.034209109842777252
v 0.0015756599605083466 0.0034600899089127779 0.031625848263502121
v 0.0017668800428509712 0.0040793898515403271 0.031480878591537476
v 0.0014373300364241004 0.0040913801640272141 0.032844990491867065
v 0.0016719399718567729 0.0047792000696063042 0.031282331794500351
v 8.5259998741094023e-05 0.0027690499555319548 0.034500051289796829
v 0.00034232999314554036 0.0030248500406742096 0.03556210920214653
v 0.00067549000959843397 0.0034916300792247057 0.035474050790071487
v 0.00079605000792071223 0.0040788301266729832 0.035332459956407547
v 9.1050002083647996e-05 0.0030272200237959623 0.036668319255113602
v 0.00039058999391272664 0.0034852700773626566 0.036589380353689194
v 0.00048431998584419489 0.0040542897768318653 0.036455780267715454
v 0.00063639000291004777 0.0046884301118552685 0.035140838474035263
v 0.00028132999432273209 0.0052307802252471447 0.034956358373165131
v 0.00031492000562138855 0.0046304799616336823 0.036274019628763199
v 0.0029268800280988216 6.7779998062178493e-05 0.033910539001226425
v 0.0034005499910563231 0.00043971001286990941 0.033922620117664337
v 0.0037376000545918941 0.0005762699875049293 0.034115709364414215
v 0.0038686098996549845 0.0011008899891749024 0.033764831721782684
v 0.0031015900894999504 0.0020049700979143381 0.032010551542043686
v 0.0030143100302666426 0.0025449700187891722 0.031478118151426315
v 0.0034082799684256315 0.0023160600103437901 0.032166320830583572
v 0.0036844899877905846 0.0020947300363332033 0.032723989337682724
v 0.0033688799012452364 0.0013987199636176229 0.032887838780879974
v 0.004096160177141428 0.0017010800074785948 0.033564310520887375
v 0.0043758298270404339 0.0022238800302147865 0.033538028597831726
v 0.004672009963542223 0.0025146100670099258 0.033697988837957382
v 0.0053840000182390213 0.0027288300916552544 0.034354761242866516
v 0.0043294201605021954 0.00049150001723319292 0.034839261323213577
v 0.0046507897786796093 0.0010997899807989597 0.03469562903046608
v 0.0053560598753392696 0.00025548000121489167 0.036125868558883667
v 0.0049563501961529255 0.0016966400435194373 0.034598611295223236
v 0.005230950191617012 0.0022088401019573212 0.034550290554761887
v 0.003431560005992651 0.0027489499188959599 0.031906809657812119
v 0.0034619299694895744 0.0032430998980998993 0.031653899699449539
v 0.0039491099305450916 0.0027432700153440237 0.032637249678373337
v 0.003987510222941637 0.0033381099347025156 0.032301899045705795
v 0.0035069899167865515 0.0037655900232493877 0.031458329409360886
v 0.0040497998706996441 0.0038494900800287724 0.032099079340696335
v 0.0035748600494116545 0.0042833499610424042 0.031370051205158234
v 0.0036299899220466614 0.004736890085041523 0.031351000070571899
v 0.0041270800866186619 0.0043452698737382889 0.031980838626623154
v 0.003637220012024045 0.0050666001625359058 0.031362529844045639
v 0.0039692102000117302 0.0052710198797285557 0.031703591346740723
v 0.0046210498549044132 0.0028994700405746698 0.033367589116096497
v 0.0046628899872303009 0.0033697700127959251 0.033099658787250519
v 0.0047468198463320732 0.0038725701160728931 0.032887071371078491
v 0.0055222599767148495 0.0032660600263625383 0.03412817046046257
v 0.0048221698962152004 0.0043549099937081337 0.032722640782594681
v 0.0042224298231303692 0.0048698801547288895 0.031941760331392288
v 0.0047690798528492451 0.0052633797749876976 0.032408200204372406
v 0.0049159401096403599 0.0047705899924039841 0.032644908875226974
v 0.0050558000802993774 0.0050732600502669811 0.032691650092601776
v 0.00016646999574732035 0.0059319501742720604 0.032301679253578186
v 0.00045510000200010836 0.0058376798406243324 0.032340478152036667
v 0.00022122000518720597 0.0056807398796081543 0.033574379980564117
v 0.00018312000611331314 0.007209360133856535 0.031305588781833649
v 0.00020815999596379697 0.0079613495618104935 0.032012168318033218
v 0.00097505998564884067 0.0078762499615550041 0.031941171735525131
v 0.0026409300044178963 0.006773069966584444 0.031287930905818939
v 0.0017288499511778355 0.0077568800188601017 0.031922001391649246
v 0.0022749800700694323 0.0070724198594689369 0.031351041048765182
v 0.002352139912545681 0.0076208100654184818 0.031976368278264999
v 0.00018421000277157873 0.0088829295709729195 0.033020928502082825
v 0.00098014995455741882 0.0088312597945332527 0.032987359911203384
v 6.9870002334937453e-05 0.0099504198879003525 0.034186329692602158
v 0.0009409500053152442 0.0099329100921750069 0.034184031188488007
v 0.0017545799491927028 0.0087008103728294373 0.032967839390039444
v 0.0024697999469935894 0.0085042901337146759 0.03296826034784317
v 0.0017830500146374106 0.0098226601257920265 0.034178771078586578
v 0.0025782999582588673 0.0096255401149392128 0.034163739532232285
v 0.002635889919474721 0.010885760188102722 0.035389389842748642
v 0.0031864300835877657 0.0064716897904872894 0.031490020453929901
v 0.0036228001117706299 0.0056628198362886906 0.031479291617870331
v 0.003744310000911355 0.0062496699392795563 0.031803488731384277
v 0.0041472199372947216 0.0061884499154984951 0.032074708491563797
v 0.0029100999236106873 0.0073720300570130348 0.032010141760110855
v 0.0034939299803227186 0.0071053900755941868 0.032153349369764328
v 0.0040426198393106461 0.0068442700430750847 0.032348040491342545
v 0.0038071000017225742 0.0079763401299715042 0.033048368990421295
v 0.0044852602295577526 0.0055617000907659531 0.032185409218072891
v 0.0042593898251652718 0.0058946399949491024 0.032061710953712463
v 0.0044954498298466206 0.0066119399853050709 0.032535750418901443
v 0.0048307799734175205 0.0063009499572217464 0.032657239586114883
v 0.0051603200845420361 0.0059509100392460823 0.03282121941447258
v 0.0054524000734090805 0.0055822897702455521 0.033025648444890976
v 0.0044295000843703747 0.0076572899706661701 0.033137369900941849
v 0.0049935202114284039 0.0072968201711773872 0.033264569938182831
v 0.0055041499435901642 0.0068948999978601933 0.033428620547056198
v 0.0055742100812494755 0.0081745004281401634 0.03417837992310524
v 0.0031468900851905346 0.0082575101405382156 0.032993540167808533
v 0.003348540049046278 0.0093565201386809349 0.034139461815357208
v 0.0041154501959681511 0.0090306000784039497 0.034106571227312088
v 0.0048627401702105999 0.0086393998935818672 0.034105978906154633
v 0.003518030047416687 0.010594920255243778 0.035341639071702957
v 0.0044119101949036121 0.010213599540293217 0.035255040973424911
v 0.0053024599328637123 0.0097408201545476913 0.03518546000123024
v 0.0057492898777127266 0.00094986002659425139 0.036017391830682755
v 0.0066605801694095135 0.00014177999400999397 0.037531889975070953
v 0.0060927798040211201 0.0016286099562421441 0.035892728716135025
v 0.0063772602006793022 0.0022959900088608265 0.035722400993108749
v 0.007107200101017952 0.00095923000480979681 0.03740479052066803
v 0.0074784299358725548 0.0017786800162866712 0.037211470305919647
v 0.0077595398761332035 0.0025887300726026297 0.03692048043012619
v 0.0056325201876461506 0.0038017600309103727 0.033889081329107285
v 0.0057025901041924953 0.0043169502168893814 0.033654700964689255
v 0.0057203401811420918 0.0047941701486706734 0.033442698419094086
v 0.005675080232322216 0.0052156099118292332 0.033268831670284271
v 0.0066197398118674755 0.0054244901984930038 0.03416936844587326
v 0.006593720056116581 0.0029561601113528013 0.035476561635732651
v 0.0067369900643825531 0.0036048900801688433 0.035177681595087051
v 0.0068033598363399506 0.0042376099154353142 0.034846208989620209
v 0.0067734299227595329 0.0048463097773492336 0.034500479698181152
v 0.0079421298578381538 0.0033886199817061424 0.036545708775520325
v 0.0079561304301023483 0.0049532400444149971 0.03564026951789856
v 0.0080172903835773468 0.004177669994533062 0.036101680248975754
v 0.009220159612596035 0.0042012501507997513 0.037248130887746811
v 0.0091532599180936813 0.0051404600962996483 0.036678988486528397
v 0.010314419865608215 0.0053820298053324223 0.037601698189973831
v 0.0081242499873042107 0.00038591999327763915 0.038765519857406616
v 0.0085618402808904648 0.001355309970676899 0.038567289710044861
v 0.0095962304621934891 0.0010105599649250507 0.039773199707269669
v 0.008899100124835968 0.0023129899054765701 0.038239359855651855
v 0.010547240264713764 0.00072973000351339579 0.040816698223352432
v 0.009982990100979805 0.0021117199212312698 0.039410620927810669
v 0.010979330167174339 0.0019681700505316257 0.040415000170469284
v 0.0091230804100632668 0.0032609300687909126 0.037794958800077438
v 0.010249519720673561 0.003203120082616806 0.038900088518857956
v 0.010375339537858963 0.0042878799140453339 0.038261000066995621
v 0.0059663997963070869 0.0064515001140534878 0.033628098666667938
v 0.0063482499681413174 0.0059627899900078773 0.033872678875923157
v 0.0062406500801444054 0.0076466901227831841 0.034321729093790054
v 0.0068530701100826263 0.007066700141876936 0.034533858299255371
v 0.0073645501397550106 0.0064252400770783424 0.034827541559934616
v 0.0077379802241921425 0.00571108004078269 0.035202521830797195
v 0.0077797300182282925 0.0077978097833693027 0.035453289747238159
v 0.0061739902012050152 0.0091756898909807205 0.035189419984817505
v 0.005727509967982769 0.010863220319151878 0.036280948668718338
v 0.0067648701369762421 0.010204809717833996 0.036220841109752655
v 0.0070060598663985729 0.0085256397724151611 0.035276249051094055
v 0.0077690999023616314 0.0094391200691461563 0.036233291029930115
v 0.0088913403451442719 0.0060839601792395115 0.03615964949131012
v 0.0084298700094223022 0.0069859898649156094 0.035740930587053299
v 0.0094920499250292778 0.007582350168377161 0.036588791757822037
v 0.010025960393249989 0.0065005701035261154 0.03702361136674881
v 0.010499020107090473 0.0081516299396753311 0.037346959114074707
v 0.0087098302319645882 0.0085632503032684326 0.036339469254016876
v 0.0095985298976302147 0.0092830304056406021 0.037156548351049423
v 0.0085006998851895332 0.010294049978256226 0.037130881100893021
v 0.011088039726018906 0.0069184098392724991 0.03777720034122467
v 0.01044198963791132 0.0099758198484778404 0.037902768701314926
v 0.0007988800061866641 0.011163139715790749 0.03538484126329422
v 0.00057720998302102089 0.012415040284395218 0.036506790667772293
v 0.0002880200045183301 0.013583900406956673 0.037481870502233505
v 0.0017385500250384212 0.011077900417149067 0.035402338951826096
v 0.0026495200581848621 0.012166599743068218 0.036547839641571045
v 0.0016321600414812565 0.012352730147540569 0.036548271775245667
v 0.0014722800115123391 0.013533860445022583 0.03752966970205307
v 0.0026262800674885511 0.013349699787795544 0.037541501224040985
v 0.0036583999171853065 0.011855210177600384 0.036498110741376877
v 0.0037752999924123287 0.013019399717450142 0.03750339150428772
v 0.0046879597939550877 0.011417089961469173 0.036391548812389374
v 0.0049403500743210316 0.012531810440123081 0.037407089024782181
v 0.0012703499523922801 0.014670420438051224 0.038376841694116592
v 0.0010431200498715043 0.015810539945960045 0.039112761616706848
v 0.0025767600163817406 0.014479850418865681 0.038390271365642548
v 0.0024989200755953789 0.015604330226778984 0.039130650460720062
v 0.0051780198700726032 0.013594189658761024 0.03830019012093544
v 0.0038747000508010387 0.01412735041230917 0.038369711488485336
v 0.0039533698000013828 0.015220699831843376 0.039121460169553757
v 0.0040072998963296413 0.016371360048651695 0.039800249040126801
v 0.00540588004514575 0.014641489833593369 0.039075039327144623
v 0.00079666997771710157 0.017018770799040794 0.03975943848490715
v 0.00053707999177277088 0.018359709531068802 0.040338888764381409
v 0.0023966399021446705 0.016791230067610741 0.039790749549865723
v 0.0022750899661332369 0.018108399584889412 0.040396921336650848
v 0.00028899000608362257 0.019876560196280479 0.040811538696289062
v 0.0021713799796998501 0.019599270075559616 0.040905360132455826
v 7.7019998570904136e-05 0.021612489596009254 0.041137918829917908
v 0.0021225500386208296 0.02130730077624321 0.041272230446338654
v 0.0040419301949441433 0.017649369314312935 0.040435120463371277
v 0.0041019897907972336 0.01909882016479969 0.04098169133067131
v 0.0042321798391640186 0.020763810724020004 0.041395608335733414
v 0.0061236200854182243 0.011906890198588371 0.037288729101419449
v 0.0073258299380540848 0.01116492971777916 0.037186559289693832
v 0.0065047601237893105 0.012904279865324497 0.038193929940462112
v 0.0078674796968698502 0.012082589790225029 0.038070309907197952
v 0.0068796100094914436 0.013888809829950333 0.038988549262285233
v 0.0056284600868821144 0.015742890536785126 0.039765581488609314
v 0.007264419924467802 0.014925559982657433 0.039697259664535522
v 0.0076762698590755463 0.01607942022383213 0.040343489497900009
v 0.0092026796191930771 0.011111860163509846 0.03796067088842392
v 0.0083957100287079811 0.012985199689865112 0.038862068206071854
v 0.009876529686152935 0.011914010159671307 0.038714688271284103
v 0.010565469972789288 0.01275910995900631 0.039407789707183838
v 0.0089389896020293236 0.013935299590229988 0.039579909294843674
v 0.0095255803316831589 0.014995500445365906 0.040242191404104233
v 0.010171649977564812 0.016201000660657883 0.040815789252519608
v 0.0058474899269640446 0.016968129202723503 0.040409721434116364
v 0.0061009600758552551 0.01836010068655014 0.040971681475639343
v 0.0081346696242690086 0.017391499131917953 0.040906850248575211
v 0.0064269900321960449 0.019961699843406677 0.04141559824347496
v 0.0068850400857627392 0.02182387001812458 0.041654109954833984
v 0.0086629996076226234 0.018902180716395378 0.041361808776855469
v 0.010896190069615841 0.017586490139365196 0.041263870894908905
v 0.0093144401907920837 0.020657839253544807 0.041620958596467972
v 0.011461189948022366 0.00048365999828092754 0.041726201772689819
v 0.012383019551634789 0.00024342999677173793 0.042531989514827728
v 0.011931000277400017 0.001859980053268373 0.041280638426542282
v 0.013399169780313969 4.2100000428035855e-06 0.043270271271467209
v 0.01287935022264719 0.0017650299705564976 0.042037568986415863
v 0.013909700326621532 0.0016845200443640351 0.042726080864667892
v 0.01128746010363102 0.0031971801072359085 0.039840620011091232
v 0.012275800108909607 0.0032254799734801054 0.040640830993652344
v 0.011440729722380638 0.0044181901030242443 0.039122968912124634
v 0.012452729977667332 0.0045790001749992371 0.039849851280450821
v 0.01344648003578186 0.0047573898918926716 0.040459118783473969
v 0.013252049684524536 0.0032706800848245621 0.041326940059661865
v 0.015106890350580215 0.0016197300283238292 0.043386898934841156
v 0.016570480540394783 0.0015765599673613906 0.043983090668916702
v 0.01450021006166935 0.0049676601774990559 0.040985219180583954
v 0.014298309572041035 0.0033413099590688944 0.041939828544855118
v 0.015493620187044144 0.0034464900381863117 0.042524658143520355
v 0.015685940161347389 0.0052253198809921741 0.041470810770988464
v 0.01138933002948761 0.0056519699282944202 0.038393430411815643
v 0.01240702997893095 0.0059437397867441177 0.039062689989805222
v 0.012089559808373451 0.0073418100364506245 0.038426969200372696
v 0.013396509923040867 0.0062507698312401772 0.039618100970983505
v 0.013042530044913292 0.0077751697972416878 0.038979299366474152
v 0.011447509750723839 0.0087083801627159119 0.038020521402359009
v 0.012334199622273445 0.0092671401798725128 0.03861473873257637
v 0.011235719546675682 0.010660399682819843 0.03857726976275444
v 0.01323006022721529 0.0098687903955578804 0.039155341684818268
v 0.014432840049266815 0.0065938797779381275 0.040087219327688217
v 0.015584169887006283 0.0069951801560819149 0.040506720542907715
v 0.014021609909832478 0.0082486802712082863 0.039460498839616776
v 0.015092119574546814 0.0087943803519010544 0.039909221231937408
v 0.014198379591107368 0.010555660352110863 0.039678279310464859
v 0.016280600801110268 0.0094275297597050667 0.040308620780706406
v 0.016917560249567032 0.0035920299123972654 0.043045051395893097
v 0.018653489649295807 0.0037829501088708639 0.043459519743919373
v 0.020715650171041489 0.0040279901586472988 0.043649360537528992
v 0.016880009323358536 0.0074670999310910702 0.04086809977889061
v 0.017058109864592552 0.0055384300649166107 0.041891381144523621
v 0.018672959879040718 0.0059147197753190994 0.042220048606395721
v 0.018361469730734825 0.008019779808819294 0.041147541254758835
v 0.017625190317630768 0.010161140002310276 0.040626469999551773
v 0.0205646101385355 0.0063654300756752491 0.042351730167865753
v 0.020079569891095161 0.0086681097745895386 0.041254270821809769
v 0.022100569680333138 0.0094240102916955948 0.04107724130153656
v 0.018403729423880577 0.0015601300401613116 0.044472601264715195
v 0.020603310316801071 0.0015808600001037121 0.044743560254573822
v 0.012038780376315117 0.011387569829821587 0.039199560880661011
v 0.012903030030429363 0.012209540233016014 0.039798568934202194
v 0.013847580179572105 0.01315028965473175 0.040336780250072479
v 0.011309309862554073 0.013706370256841183 0.040059160441160202
v 0.012118729762732983 0.014785880222916603 0.040632288902997971
v 0.013010250404477119 0.016026539728045464 0.041082970798015594
v 0.015263830311596394 0.011347049847245216 0.040156509727239609
v 0.016464689746499062 0.012259569950401783 0.040544938296079636
v 0.014897500164806843 0.014232589863240719 0.040768731385469437
v 0.016113689169287682 0.015484940260648727 0.041000090539455414
v 0.011744379997253418 0.019196350127458572 0.04151470959186554
v 0.012765459716320038 0.021074200049042702 0.041491128504276276
v 0.014047520235180855 0.017464730888605118 0.041320309042930603
v 0.016639890149235725 0.021024979650974274 0.040839601308107376
v 0.015281260013580322 0.019139330834150314 0.041270848363637924
v 0.017859179526567459 0.013313990086317062 0.040745191276073456
v 0.019182469695806503 0.011012420058250427 0.040770299732685089
v 0.019517850130796432 0.014528620056807995 0.040642410516738892
v 0.021023660898208618 0.011995740234851837 0.040628369897603989
v 0.021330809220671654 0.01588929072022438 0.040122918784618378
v 0.017566369846463203 0.016933949664235115 0.040924239903688431
v 0.019154369831085205 0.018564049154520035 0.040454559028148651
v 0.02076319046318531 0.020362280309200287 0.039522081613540649
v 0.0031542798969894648 0.043641351163387299 0.010049969889223576
v 0.0027866100426763296 0.043021209537982941 0.01570218987762928
v 0.0074478001333773136 0.043363619595766068 0.010481200180947781
v 0.0069922399707138538 0.042809538543224335 0.016196250915527344
v 0.0023789301048964262 0.041907530277967453 0.021017560735344887
v 0.0019418400479480624 0.040560580790042877 0.025956500321626663
v 0.0015039399731904268 0.038843709975481033 0.030356969684362411
v 0.0051752100698649883 0.038506940007209778 0.030855679884552956
v 0.0064452900551259518 0.041757039725780487 0.021555399522185326
v 0.010513350367546082 0.041181240230798721 0.022095629945397377
v 0.0058229700662195683 0.04033714160323143 0.026492590084671974
v 0.0097111295908689499 0.03971090167760849 0.027038399130105972
v 0.011700790375471115 0.042499639093875885 0.01089010015130043
v 0.016108399257063866 0.040464960038661957 0.0051369499415159225
v 0.015843220055103302 0.040840499103069305 0.01121142040938139
v 0.011183639988303185 0.042117670178413391 0.016678459942340851
v 0.015312240459024906 0.040616899728775024 0.017041990533471107
v 0.020068809390068054 0.038184110075235367 0.0053592999465763569
v 0.01983083039522171 0.038545519113540649 0.011435650289058685
v 0.019284289330244064 0.038392718881368637 0.017280729487538338
v 0.014547159895300865 0.039801251143217087 0.022502100095152855
v 0.013560900464653969 0.038351718336343765 0.027461079880595207
v 0.018451929092407227 0.037692870944738388 0.022767979651689529
v 0.022204229608178139 0.035070020705461502 0.022918930277228355
v 0.017328169196844101 0.036369219422340393 0.027760390192270279
v 0.021002249792218208 0.033910728991031647 0.027952669188380241
v 0.0021880699787288904 0.023285510018467903 0.041418168693780899
v 0.0024273900780826807 0.025586960837244987 0.041263829916715622
v 0.0044962200336158276 0.022698439657688141 0.041593421250581741
v 0.0049578300677239895 0.024956829845905304 0.041491609066724777
v 9.991999831981957e-05 0.028513899073004723 0.040340311825275421
v 0.00036701999488286674 0.031280938535928726 0.039030369371175766
v 0.0028204699046909809 0.028142189607024193 0.040636289864778519
v 0.0033472999930381775 0.030881809070706367 0.039362721145153046
v 0.0075345099903643131 0.023997599259018898 0.041599839925765991
v 0.0083489501848816872 0.026413140818476677 0.041079450398683548
v 0.010142159648239613 0.022704850882291794 0.041596859693527222
v 0.011124970391392708 0.024985570460557938 0.041129488497972488
v 0.0055850800126791 0.027464069426059723 0.040913008153438568
v 0.0063460599631071091 0.03014523908495903 0.039680499583482742
v 0.0093018701300024986 0.029000759124755859 0.03991968184709549
v 0.010340549983084202 0.031628478318452835 0.038028299808502197
v 0.00071399001171812415 0.034047100692987442 0.036975070834159851
v 0.0010938199702650309 0.036620289087295532 0.0340568907558918
v 0.0039453101344406605 0.033633161336183548 0.037346858531236649
v 0.0045519801788032055 0.036223571747541428 0.034492488950490952
v 0.0071755801327526569 0.032853879034519196 0.037713740020990372
v 0.0080084297806024551 0.035443499684333801 0.03493247926235199
v 0.0088513698428869247 0.037775401026010513 0.031364701688289642
v 0.013926019892096519 0.023177500814199448 0.041057068854570389
v 0.015192650258541107 0.025463709607720375 0.040076401084661484
v 0.014762350358068943 0.032393608242273331 0.035604048520326614
v 0.012241720221936703 0.027442280203104019 0.040058791637420654
v 0.013463729992508888 0.02995247021317482 0.038258939981460571
v 0.016568619757890701 0.02782135084271431 0.038374070078134537
v 0.018063530325889587 0.023094030097126961 0.039916228502988815
v 0.019577229395508766 0.025250690057873726 0.038287818431854248
v 0.018057210370898247 0.030138999223709106 0.035774998366832733
v 0.021206080913543701 0.027399169281125069 0.035741418600082397
v 0.019557539373636246 0.032221339643001556 0.032291531562805176
v 0.011412319727241993 0.034164298325777054 0.035313110798597336
v 0.012493629939854145 0.036456100642681122 0.031786549836397171
v 0.016072269529104233 0.034590821713209152 0.032101929187774658
v 0.032405208796262741 0.019213089719414711 0.02745245024561882
v 0.043723821640014648 0.0008759099873714149 0.0061070597730576992
v 0.043943438678979874 0.0010716400574892759 0.012453310191631317
v 0.039816170930862427 0.01089509017765522 0.0057935798540711403
v 0.042137369513511658 0.0061060399748384953 0.0059289699420332909
v 0.042400259524583817 0.0063399700447916985 0.012119799852371216
v 0.036958888173103333 0.010748329572379589 0.028272969648241997
v 0.043510138988494873 0.0012851000064983964 0.018730370327830315
v 0.040448270738124847 0.0017068099696189165 0.030099380761384964
v 0.042364809662103653 0.0015016900142654777 0.024693850427865982
v 0.040921580046415329 0.0065379100851714611 0.023992689326405525
v 0.042008809745311737 0.0064935898408293724 0.018222160637378693
v 0.039097130298614502 0.0064440001733601093 0.029187949374318123
v 0.037491161376237869 0.015566839836537838 0.0056868698447942734
v 0.037640661001205444 0.015822550281882286 0.011628320440649986
v 0.037222318351268768 0.015836240723729134 0.017378279939293861
v 0.0354795902967453 0.020236430689692497 0.005616690032184124
v 0.035525288432836533 0.020488470792770386 0.01153378002345562
v 0.035047061741352081 0.020456340163946152 0.017292199656367302
v 0.040046889334917068 0.011146889999508858 0.01183789037168026
v 0.039661221206188202 0.011226239614188671 0.017716409638524055
v 0.036238361150026321 0.015576750040054321 0.022801470011472702
v 0.03863602876663208 0.011107590049505234 0.023283820599317551
v 0.034696530550718307 0.014993100427091122 0.027663679793477058
v 0.033873710781335831 0.019976560026407242 0.022615710273385048
v 0.023117199540138245 0.0043360898271203041 0.043497249484062195
v 0.025938939303159714 0.0017460200469940901 0.044181030243635178
v 0.025710629299283028 0.0046943100169301033 0.042907129973173141
v 0.022779969498515129 0.0068993098102509975 0.042164620012044907
v 0.024298010393977165 0.010270389728248119 0.040476281195878983
v 0.027596050873398781 0.0081666698679327965 0.040416471660137177
v 0.025177519768476486 0.0075029199942946434 0.041547801345586777
v 0.028808340430259705 0.0018448899500072002 0.043070420622825623
v 0.028363300487399101 0.0050868201069533825 0.041763179004192352
v 0.031797051429748535 0.0019153699977323413 0.041208479553461075
v 0.032583128660917282 0.0096202101558446884 0.036044880747795105
v 0.030057340860366821 0.0088769802823662758 0.038629259914159775
v 0.031107319518923759 0.0054921098053455353 0.039916660636663437
v 0.023159479722380638 0.0016504100058227777 0.044692579656839371
v 0.026992989704012871 0.015607669949531555 0.037370648235082626
v 0.023030569776892662 0.013095290400087833 0.040065731853246689
v 0.025022480636835098 0.014307489618659019 0.039030488580465317
v 0.026488490402698517 0.011201290413737297 0.039386749267578125
v 0.024930499494075775 0.018990650773048401 0.037519849836826324
v 0.026721369475126266 0.020637160167098045 0.035061419010162354
v 0.023135039955377579 0.017392199486494064 0.039143599569797516
v 0.028676200658082962 0.012204109691083431 0.037672031670808792
v 0.030869390815496445 0.013265459798276424 0.03519006073474884
v 0.032971888780593872 0.01426990982145071 0.031894039362668991
v 0.028943620622158051 0.0169695895165205 0.034923698753118515
v 0.03082696907222271 0.018254140391945839 0.031654331833124161
v 0.037918731570243835 0.0018612400162965059 0.034748569130897522
v 0.034934420138597488 0.0019257899839431047 0.038443058729171753
v 0.033974818885326385 0.0058887000195682049 0.037218939512968063
v 0.035003650933504105 0.010309809818863869 0.032628558576107025
v 0.036720011383295059 0.0062236501835286617 0.033649541437625885
v 0.027133110910654068 0.032108750194311142 0.0055774999782443047
v 0.026963949203491211 0.032398488372564316 0.011589810252189636
v 0.026426190510392189 0.032326079905033112 0.017408300191164017
v 0.033122941851615906 0.024582499638199806 0.0055917198769748211
v 0.033069301396608353 0.024833749979734421 0.011532840318977833
v 0.032357968389987946 0.02463947981595993 0.017258079722523689
v 0.030247809365391731 0.028480399399995804 0.0055970600806176662
v 0.030126290395855904 0.028744250535964966 0.011562289670109749
v 0.029545970261096954 0.028646789491176605 0.017338670790195465
v 0.025516929104924202 0.031803268939256668 0.022903570905327797
v 0.024403009563684464 0.030897349119186401 0.027971340343356133
v 0.027417249977588654 0.027325570583343506 0.027783149853348732
v 0.031377598643302917 0.024202290922403336 0.022655339911580086
v 0.029958449304103851 0.023316219449043274 0.027510620653629303
v 0.028595209121704102 0.028165420517325401 0.022789139300584793
v 0.023825839161872864 0.035449288785457611 0.005495930090546608
v 0.023621030151844025 0.035775378346443176 0.01155846007168293
v 0.023079110309481621 0.035670120269060135 0.017409589141607285
v 0.024118160828948021 0.024172790348529816 0.035418771207332611
v 0.025810809805989265 0.025925090536475182 0.032040130347013474
v 0.022411549463868141 0.022256059572100639 0.037914328277111053
v 0.022840149700641632 0.029336489737033844 0.032292049378156662
v 0.028472190722823143 0.022170029580593109 0.031754609197378159
f 8 46 10
f 1 111 9
f 1 107 111
f 1 9 10
f 1 10 46
f 3 4 96
f 4 95 96
f 3 12 4
f 7 13 9
f 7 158 6
f 7 6 13
f 13 6 5
f 10 13 11
f 3 8 11
f 8 10 11
f 9 13 10
f 11 13 5
f 11 5 12
f 3 11 12
f 14 95 16
f 4 15 16
f 4 12 15
f 4 16 95
f 14 16 18
f 14 18 17
f 17 18 703
f 16 19 18
f 15 22 19
f 15 19 16
f 18 19 704
f 5 20 12
f 5 21 20
f 6 158 148
f 6 148 21
f 5 6 21
f 20 21 23
f 22 23 708
f 15 20 22
f 20 23 22
f 19 22 707
f 21 2 23
f 21 148 2
f 2 700 23
f 15 12 20
f 60 24 25
f 26 25 28
f 26 60 25
f 26 27 64
f 27 1198 64
f 27 28 29
f 28 83 29
f 79 1184 29
f 26 28 27
f 27 29 1182
f 32 37 52
f 32 34 31
f 35 33 31
f 30 33 184
f 35 184 33
f 34 35 31
f 32 54 34
f 34 179 35
f 41 93 97
f 36 92 93
f 36 93 41
f 39 62 40
f 37 41 40
f 37 47 41
f 37 62 52
f 37 40 62
f 40 97 38
f 39 40 38
f 39 38 24
f 40 41 97
f 36 41 47
f 36 47 42
f 42 44 45
f 43 172 107
f 43 46 44
f 1 43 107
f 43 44 30
f 30 44 33
f 42 33 44
f 43 30 172
f 44 46 45
f 8 92 45
f 36 45 92
f 8 45 46
f 36 42 45
f 1 46 43
f 42 31 33
f 42 47 31
f 32 31 47
f 32 47 37
f 49 61 63
f 48 52 62
f 48 49 55
f 48 61 49
f 50 63 64
f 50 64 1188
f 64 1198 1188
f 49 50 56
f 49 63 50
f 50 1191 56
f 50 1188 1191
f 53 55 57
f 51 54 53
f 34 201 179
f 51 201 54
f 51 53 57
f 48 53 52
f 52 53 54
f 32 52 54
f 48 55 53
f 34 54 201
f 56 59 55
f 56 1191 58
f 57 59 207
f 57 55 59
f 59 58 209
f 56 58 59
f 49 56 55
f 39 60 61
f 39 61 62
f 61 60 63
f 26 63 60
f 48 62 61
f 39 24 60
f 26 64 63
f 24 66 67
f 24 38 66
f 68 69 76
f 67 69 68
f 70 78 68
f 66 65 69
f 66 90 65
f 66 69 67
f 70 71 84
f 71 77 728
f 70 77 71
f 71 729 85
f 73 74 76
f 72 75 73
f 65 73 69
f 65 94 72
f 65 72 73
f 74 732 77
f 72 17 75
f 74 75 733
f 17 702 75
f 73 75 74
f 73 76 69
f 70 76 77
f 70 68 76
f 76 74 77
f 83 78 80
f 78 84 80
f 79 83 80
f 79 81 1215
f 80 86 81
f 79 80 81
f 67 82 25
f 67 68 82
f 82 83 28
f 25 82 28
f 82 78 83
f 24 67 25
f 68 78 82
f 79 29 83
f 84 85 86
f 70 84 78
f 84 86 80
f 86 85 88
f 85 747 88
f 84 71 85
f 86 88 87
f 81 86 87
f 88 749 89
f 87 88 89
f 93 91 97
f 90 97 91
f 92 96 93
f 93 96 91
f 3 96 92
f 91 96 95
f 91 95 94
f 90 91 94
f 65 90 94
f 90 38 97
f 66 38 90
f 3 92 8
f 14 72 94
f 14 94 95
f 14 17 72
f 98 115 119
f 116 146 159
f 98 146 116
f 98 164 146
f 110 176 99
f 100 124 115
f 100 104 124
f 101 129 104
f 100 102 105
f 103 186 105
f 103 102 99
f 103 99 176
f 103 105 102
f 100 105 104
f 101 104 105
f 101 105 186
f 112 156 155
f 106 159 156
f 106 156 112
f 108 200 110
f 107 200 108
f 107 108 111
f 109 99 113
f 108 109 112
f 106 109 113
f 108 110 109
f 109 110 99
f 108 112 111
f 9 111 155
f 111 112 155
f 106 112 109
f 100 114 102
f 113 102 114
f 113 114 116
f 98 114 115
f 100 115 114
f 98 116 114
f 106 116 159
f 106 113 116
f 99 102 113
f 121 126 136
f 117 122 136
f 115 118 119
f 118 126 121
f 118 120 119
f 118 121 120
f 119 161 164
f 98 119 164
f 119 120 161
f 120 166 161
f 123 2450 166
f 120 121 123
f 121 136 122
f 121 122 123
f 122 2415 123
f 120 123 166
f 125 130 127
f 118 124 126
f 104 125 124
f 124 125 126
f 126 127 136
f 125 127 126
f 125 129 130
f 101 237 129
f 128 129 237
f 128 130 129
f 130 132 131
f 131 132 138
f 127 130 131
f 128 132 130
f 132 241 138
f 104 129 125
f 127 131 135
f 131 133 135
f 133 137 135
f 133 134 137
f 127 135 136
f 117 136 135
f 117 135 137
f 131 138 133
f 133 138 139
f 138 241 254
f 138 254 139
f 139 254 141
f 133 139 134
f 134 139 140
f 139 141 140
f 140 141 2423
f 115 124 118
f 143 158 157
f 142 147 143
f 142 143 157
f 145 144 147
f 145 160 144
f 146 145 159
f 142 159 145
f 146 164 160
f 146 160 145
f 142 145 147
f 143 149 158
f 148 158 149
f 143 147 151
f 143 151 149
f 148 150 2
f 148 149 150
f 149 153 150
f 149 151 153
f 151 147 152
f 144 152 147
f 151 154 153
f 152 169 154
f 151 152 154
f 155 156 157
f 7 155 157
f 7 9 155
f 142 156 159
f 142 157 156
f 7 157 158
f 160 164 162
f 161 162 164
f 160 162 163
f 144 160 163
f 162 167 163
f 161 166 165
f 161 165 162
f 166 2451 165
f 162 165 167
f 165 2452 167
f 144 163 168
f 144 168 152
f 163 170 168
f 152 168 169
f 168 171 169
f 163 167 170
f 167 2455 170
f 168 170 171
f 170 2455 2456
f 170 2456 171
f 174 200 172
f 173 181 174
f 30 173 172
f 30 184 173
f 173 174 172
f 175 190 176
f 110 200 175
f 174 175 200
f 110 175 176
f 174 177 175
f 174 181 177
f 175 177 190
f 179 203 180
f 182 181 178
f 177 181 192
f 182 192 181
f 182 178 183
f 180 183 178
f 180 203 183
f 182 183 213
f 35 180 184
f 173 184 178
f 173 178 181
f 180 178 184
f 35 179 180
f 188 186 189
f 185 189 190
f 177 191 190
f 185 190 191
f 185 188 189
f 101 186 187
f 187 186 188
f 101 187 237
f 185 196 188
f 187 188 197
f 187 197 238
f 103 176 189
f 176 190 189
f 103 189 186
f 177 192 191
f 191 192 193
f 185 191 195
f 191 193 195
f 182 194 192
f 192 194 193
f 182 213 194
f 193 194 218
f 188 196 197
f 185 195 196
f 196 247 197
f 193 198 195
f 195 199 196
f 195 198 199
f 193 218 198
f 196 199 247
f 198 272 199
f 107 172 200
f 179 201 204
f 179 204 203
f 201 202 204
f 51 202 201
f 51 57 208
f 51 208 202
f 203 204 205
f 183 203 214
f 203 205 214
f 202 208 210
f 202 210 206
f 202 206 204
f 204 206 205
f 57 207 208
f 207 211 208
f 59 209 207
f 207 209 212
f 208 211 210
f 206 210 227
f 210 211 226
f 207 212 211
f 209 1255 212
f 211 212 228
f 183 214 213
f 213 214 215
f 205 217 214
f 194 213 219
f 194 219 218
f 214 217 215
f 213 215 219
f 206 216 205
f 205 216 217
f 206 227 216
f 217 216 223
f 215 224 219
f 218 219 220
f 219 224 220
f 198 218 221
f 198 221 272
f 218 220 221
f 220 277 221
f 215 217 222
f 215 222 224
f 217 223 222
f 216 230 223
f 222 225 224
f 220 224 278
f 224 225 278
f 222 223 231
f 222 231 225
f 210 226 227
f 216 227 230
f 226 229 227
f 211 228 226
f 212 1262 228
f 226 228 234
f 226 234 229
f 228 1262 1265
f 228 1265 234
f 227 229 230
f 223 230 232
f 229 233 230
f 223 232 231
f 230 233 232
f 229 234 235
f 234 1265 236
f 229 235 233
f 234 236 235
f 128 237 239
f 128 239 240
f 237 238 239
f 238 245 239
f 239 245 242
f 187 238 237
f 128 240 132
f 132 240 241
f 240 243 241
f 239 242 240
f 240 242 243
f 241 243 255
f 197 244 238
f 238 244 245
f 245 244 246
f 197 247 244
f 244 247 249
f 199 248 247
f 199 272 248
f 247 248 249
f 244 249 246
f 246 249 283
f 242 245 250
f 245 246 250
f 242 250 251
f 242 251 243
f 243 251 259
f 246 253 250
f 250 252 251
f 250 253 252
f 251 252 261
f 246 283 253
f 252 253 286
f 252 286 341
f 241 255 254
f 141 254 256
f 254 255 256
f 243 259 255
f 255 259 260
f 255 260 256
f 256 260 266
f 141 256 257
f 141 257 2423
f 257 2471 2423
f 256 266 257
f 257 266 258
f 257 258 2471
f 258 2473 2471
f 251 261 259
f 259 262 260
f 259 261 262
f 260 263 266
f 260 262 263
f 261 264 262
f 252 341 261
f 261 341 264
f 262 265 263
f 262 264 265
f 258 266 267
f 263 267 266
f 258 268 2473
f 258 267 268
f 263 269 267
f 267 269 270
f 263 265 269
f 265 347 269
f 269 348 270
f 267 270 268
f 268 270 271
f 270 351 271
f 271 351 2503
f 248 272 275
f 221 273 272
f 221 277 273
f 272 273 275
f 248 274 249
f 248 275 274
f 249 274 283
f 273 281 275
f 274 275 276
f 274 276 285
f 275 281 276
f 220 278 277
f 273 277 280
f 277 278 282
f 277 282 280
f 225 279 278
f 225 231 300
f 225 300 279
f 278 279 282
f 273 280 281
f 276 281 289
f 280 291 281
f 281 291 289
f 280 282 292
f 279 308 282
f 282 308 292
f 280 292 291
f 274 285 283
f 283 285 284
f 253 283 284
f 276 290 285
f 284 285 287
f 285 290 287
f 253 284 286
f 284 288 286
f 284 287 288
f 288 287 296
f 286 288 343
f 288 358 343
f 288 296 358
f 276 289 290
f 291 292 314
f 287 290 295
f 289 293 290
f 290 293 295
f 291 294 289
f 291 314 294
f 289 294 293
f 293 294 320
f 287 295 296
f 295 297 296
f 296 359 358
f 296 297 359
f 293 298 295
f 295 298 297
f 293 320 298
f 298 320 322
f 298 299 297
f 297 299 362
f 298 322 299
f 232 301 231
f 231 301 300
f 279 300 309
f 300 301 310
f 232 233 302
f 232 302 301
f 301 302 305
f 300 310 309
f 301 305 310
f 233 303 302
f 233 235 303
f 302 303 306
f 235 304 303
f 235 236 304
f 303 304 307
f 302 306 305
f 305 306 327
f 303 307 306
f 306 307 329
f 279 309 308
f 292 308 315
f 308 309 311
f 308 311 315
f 309 310 312
f 309 312 311
f 310 313 312
f 310 305 313
f 305 327 313
f 306 329 327
f 292 315 314
f 294 314 316
f 314 315 317
f 311 318 315
f 315 318 317
f 314 317 316
f 294 316 320
f 316 317 324
f 311 312 319
f 311 319 318
f 312 328 319
f 317 318 323
f 317 323 324
f 319 332 318
f 318 332 323
f 316 321 320
f 320 321 322
f 316 324 321
f 299 322 390
f 321 325 322
f 322 325 390
f 321 324 326
f 324 323 336
f 321 326 325
f 324 336 326
f 312 313 328
f 313 327 330
f 313 330 328
f 319 328 333
f 319 333 332
f 328 330 334
f 328 334 333
f 327 329 331
f 327 331 330
f 329 1302 331
f 330 331 335
f 323 332 337
f 332 333 338
f 332 338 337
f 333 339 338
f 330 335 334
f 333 334 339
f 331 1306 335
f 334 335 340
f 334 340 339
f 323 337 336
f 326 336 402
f 336 337 403
f 337 338 404
f 335 1307 340
f 264 345 265
f 265 345 347
f 286 343 341
f 341 343 342
f 264 341 342
f 343 358 344
f 342 343 344
f 342 344 346
f 264 342 345
f 345 350 347
f 342 346 345
f 345 346 350
f 346 344 365
f 346 365 366
f 346 366 350
f 269 347 348
f 270 348 351
f 347 349 348
f 347 350 349
f 348 349 352
f 350 355 349
f 350 366 355
f 349 355 356
f 349 356 352
f 348 352 351
f 351 352 353
f 351 353 2503
f 352 356 357
f 352 357 353
f 353 354 2506
f 353 357 354
f 355 373 356
f 356 380 357
f 354 357 382
f 344 358 360
f 358 359 360
f 359 363 360
f 344 360 365
f 360 361 365
f 360 363 361
f 297 362 359
f 359 362 363
f 299 389 362
f 363 362 364
f 362 389 364
f 361 363 370
f 363 364 370
f 365 368 366
f 361 368 365
f 366 367 355
f 366 368 367
f 361 369 368
f 368 371 367
f 367 371 374
f 361 370 369
f 369 370 395
f 368 369 371
f 369 372 371
f 369 395 372
f 371 372 375
f 372 437 375
f 367 373 355
f 367 374 373
f 373 374 377
f 356 373 380
f 373 377 380
f 377 383 380
f 374 376 377
f 371 375 374
f 374 375 376
f 376 375 438
f 376 438 420
f 377 376 378
f 377 378 383
f 376 420 378
f 378 420 379
f 385 378 379
f 357 380 382
f 380 383 382
f 382 383 384
f 354 382 381
f 382 384 381
f 381 384 2517
f 383 378 385
f 383 385 384
f 385 387 384
f 385 379 386
f 385 386 387
f 387 386 388
f 384 387 2517
f 387 2519 2517
f 387 388 2519
f 388 2520 2519
f 299 390 389
f 389 390 392
f 364 389 391
f 364 394 370
f 364 391 394
f 389 392 391
f 325 393 390
f 390 393 392
f 325 326 401
f 325 401 393
f 391 392 399
f 392 393 408
f 370 394 395
f 391 398 394
f 394 396 395
f 394 398 396
f 372 395 397
f 372 397 437
f 395 396 397
f 391 399 398
f 392 408 399
f 397 396 445
f 396 400 445
f 396 398 400
f 398 399 412
f 398 412 400
f 326 402 401
f 336 403 402
f 337 404 403
f 401 402 410
f 393 401 409
f 393 409 408
f 401 410 409
f 402 403 406
f 402 406 410
f 338 339 405
f 338 405 404
f 339 340 407
f 339 407 405
f 403 404 414
f 404 405 415
f 403 414 406
f 404 415 414
f 405 407 1335
f 405 1335 415
f 399 408 411
f 408 409 413
f 408 413 411
f 409 416 413
f 409 410 416
f 399 411 412
f 411 534 412
f 411 413 535
f 413 416 541
f 413 541 535
f 406 417 410
f 406 414 418
f 410 417 416
f 406 418 417
f 414 415 419
f 414 419 418
f 415 1335 1338
f 415 1338 419
f 416 417 542
f 417 418 544
f 416 542 541
f 417 544 542
f 418 545 544
f 418 546 545
f 418 419 546
f 419 1338 1385
f 419 1385 546
f 379 440 386
f 386 440 421
f 386 421 388
f 388 421 422
f 421 454 422
f 388 422 2520
f 422 453 2520
f 422 454 455
f 422 455 453
f 458 426 423
f 464 431 426
f 454 423 424
f 423 434 424
f 424 434 2762
f 425 488 2758
f 423 426 430
f 423 430 427
f 423 427 434
f 427 429 428
f 427 428 435
f 429 496 436
f 428 429 436
f 427 430 429
f 430 426 432
f 426 431 432
f 431 474 432
f 430 500 429
f 430 432 500
f 432 474 433
f 432 433 500
f 434 435 2763
f 427 435 434
f 428 436 435
f 436 425 435
f 425 2763 435
f 375 437 438
f 437 439 438
f 438 441 420
f 397 444 437
f 437 444 439
f 438 439 441
f 379 420 442
f 420 441 442
f 379 442 440
f 439 447 441
f 441 448 442
f 440 442 443
f 442 448 443
f 397 445 444
f 439 444 449
f 444 445 449
f 400 446 445
f 449 445 446
f 400 533 446
f 400 412 533
f 439 449 447
f 441 447 448
f 443 448 460
f 447 459 448
f 447 449 450
f 449 446 450
f 446 533 537
f 450 446 537
f 447 450 459
f 440 451 452
f 440 452 421
f 440 443 451
f 421 452 454
f 454 424 455
f 443 456 451
f 451 456 457
f 451 457 458
f 443 460 456
f 448 459 460
f 456 460 462
f 451 458 452
f 452 423 454
f 452 458 423
f 457 464 458
f 456 461 457
f 456 462 461
f 457 461 464
f 458 464 426
f 460 459 467
f 450 571 459
f 459 571 467
f 460 463 462
f 461 462 466
f 460 470 463
f 461 465 464
f 461 466 465
f 462 463 468
f 462 468 466
f 464 465 431
f 460 467 470
f 463 469 468
f 463 470 473
f 466 472 465
f 466 468 475
f 463 473 469
f 469 476 468
f 455 424 2777
f 465 471 431
f 465 472 471
f 431 471 474
f 466 475 472
f 469 473 586
f 470 503 473
f 471 479 474
f 469 586 591
f 469 591 476
f 468 476 475
f 471 472 478
f 472 475 590
f 472 590 478
f 433 474 477
f 474 479 477
f 433 477 588
f 471 478 479
f 478 604 479
f 477 600 588
f 477 480 600
f 477 479 481
f 479 604 481
f 477 481 480
f 480 481 2780
f 486 2813 2858
f 436 496 487
f 482 487 496
f 482 483 484
f 492 483 505
f 486 492 489
f 486 484 492
f 485 2858 2859
f 485 2859 488
f 486 2858 484
f 486 489 2814
f 485 484 2858
f 482 485 487
f 436 487 425
f 484 483 492
f 482 484 485
f 485 488 487
f 425 487 488
f 489 493 490
f 489 492 493
f 490 2818 2814
f 489 490 2814
f 490 491 2818
f 490 494 491
f 490 493 494
f 492 505 493
f 493 505 509
f 493 509 494
f 494 509 495
f 491 494 2862
f 494 495 2862
f 495 510 2867
f 429 500 496
f 496 500 497
f 482 496 497
f 483 497 498
f 482 497 483
f 483 498 505
f 497 502 498
f 498 499 505
f 433 502 500
f 497 500 502
f 433 588 502
f 502 588 504
f 502 504 498
f 498 504 499
f 501 513 503
f 499 509 505
f 501 594 514
f 504 588 507
f 506 504 507
f 499 504 506
f 503 512 589
f 506 507 508
f 589 512 2877
f 601 2877 2878
f 508 507 2875
f 495 509 510
f 499 510 509
f 499 506 510
f 510 511 2867
f 506 511 510
f 506 508 511
f 503 513 512
f 501 514 513
f 513 514 2888
f 514 617 2887
f 517 523 654
f 518 517 515
f 518 515 516
f 643 520 519
f 518 516 1360
f 518 523 517
f 661 519 525
f 519 520 526
f 677 521 2930
f 654 523 522
f 661 525 524
f 518 1367 523
f 519 526 525
f 520 1374 526
f 528 522 523
f 528 523 1367
f 521 522 2933
f 530 2933 522
f 687 531 527
f 687 527 3440
f 528 530 522
f 524 531 687
f 525 526 532
f 524 525 532
f 528 1373 530
f 526 1374 2936
f 524 532 531
f 530 1373 2934
f 1374 2935 2936
f 526 2936 532
f 533 534 536
f 412 534 533
f 411 535 534
f 534 535 538
f 535 541 539
f 535 539 538
f 537 533 536
f 534 538 536
f 450 537 571
f 537 536 572
f 536 574 572
f 540 538 539
f 536 538 574
f 540 574 538
f 543 541 542
f 544 548 542
f 539 541 543
f 543 542 548
f 544 545 547
f 545 546 550
f 545 549 547
f 545 550 549
f 544 547 548
f 546 1391 550
f 547 549 553
f 549 550 554
f 539 543 551
f 543 548 552
f 543 552 551
f 540 539 551
f 551 552 622
f 552 631 622
f 547 556 548
f 548 559 552
f 548 556 563
f 548 563 559
f 547 553 556
f 549 554 553
f 550 555 554
f 553 554 562
f 553 561 556
f 554 557 562
f 553 562 561
f 554 555 557
f 555 558 564
f 555 564 557
f 552 559 631
f 559 639 631
f 569 636 635
f 560 569 635
f 556 565 563
f 556 561 565
f 557 568 562
f 559 563 642
f 557 564 570
f 561 562 569
f 558 1395 566
f 558 567 564
f 558 566 567
f 559 642 639
f 563 644 642
f 560 565 561
f 564 567 650
f 564 650 570
f 560 640 565
f 563 565 644
f 565 640 644
f 566 1395 643
f 566 641 567
f 562 568 569
f 557 570 568
f 560 561 569
f 568 570 651
f 568 636 569
f 537 572 571
f 467 571 594
f 467 501 470
f 467 594 501
f 571 572 594
f 572 575 594
f 572 574 575
f 540 619 580
f 540 580 574
f 574 580 575
f 573 610 577
f 578 577 610
f 573 577 576
f 576 577 579
f 578 585 582
f 578 582 577
f 577 582 579
f 578 611 585
f 576 579 612
f 575 580 672
f 579 582 581
f 581 582 585
f 579 581 584
f 581 583 620
f 581 585 583
f 581 620 584
f 579 584 612
f 613 583 585
f 613 627 583
f 584 674 612
f 470 501 503
f 473 589 586
f 475 476 587
f 475 587 590
f 476 592 587
f 473 503 589
f 586 589 601
f 586 601 602
f 586 602 591
f 476 591 592
f 587 592 595
f 591 606 592
f 587 597 593
f 587 593 590
f 478 590 603
f 590 593 603
f 593 598 603
f 587 595 596
f 595 609 610
f 592 607 595
f 592 606 607
f 595 607 609
f 587 596 597
f 596 576 597
f 573 596 610
f 573 576 596
f 595 610 596
f 593 597 599
f 593 599 598
f 588 600 507
f 591 602 606
f 589 2877 601
f 601 3411 602
f 600 2875 507
f 600 3408 2875
f 480 3408 600
f 478 603 604
f 603 605 604
f 603 598 605
f 481 604 3410
f 604 605 3410
f 605 608 3410
f 602 3412 606
f 606 3412 607
f 601 2878 3411
f 602 3411 3412
f 607 3412 614
f 598 599 605
f 599 608 605
f 575 617 594
f 594 617 514
f 611 609 615
f 578 610 609
f 576 612 597
f 597 612 599
f 578 609 611
f 599 612 608
f 575 672 617
f 611 618 613
f 613 618 673
f 611 613 585
f 612 674 616
f 607 614 609
f 609 614 615
f 611 615 618
f 608 612 616
f 618 3419 673
f 615 3420 618
f 616 674 679
f 540 551 619
f 551 622 619
f 621 623 620
f 620 623 626
f 619 622 654
f 621 628 624
f 621 624 623
f 623 625 626
f 624 633 623
f 623 633 625
f 624 629 634
f 580 619 675
f 583 621 620
f 583 627 621
f 584 620 626
f 621 627 628
f 584 626 674
f 627 671 628
f 626 630 674
f 628 676 629
f 619 654 675
f 628 671 676
f 625 630 626
f 624 628 629
f 625 637 630
f 631 639 515
f 634 645 640
f 622 631 517
f 631 515 517
f 634 632 645
f 624 634 633
f 635 637 633
f 560 633 640
f 634 640 633
f 560 635 633
f 635 636 637
f 625 633 637
f 629 632 634
f 636 638 637
f 636 656 638
f 636 651 656
f 639 642 515
f 567 641 646
f 567 646 650
f 648 647 641
f 640 645 644
f 566 643 648
f 642 644 516
f 566 648 641
f 648 661 647
f 641 647 657
f 641 657 646
f 650 646 653
f 632 659 645
f 642 516 515
f 649 644 645
f 516 644 649
f 643 519 648
f 649 645 659
f 568 651 636
f 570 650 652
f 570 652 651
f 650 653 652
f 651 665 656
f 651 652 665
f 622 517 654
f 629 655 632
f 632 655 658
f 629 676 655
f 655 688 658
f 630 637 638
f 638 656 683
f 630 638 683
f 648 519 661
f 647 661 660
f 647 660 662
f 632 658 659
f 646 657 663
f 646 663 653
f 647 662 657
f 653 663 664
f 653 664 666
f 658 1411 659
f 660 661 524
f 657 684 663
f 657 662 684
f 663 684 664
f 658 685 1411
f 666 664 686
f 666 686 670
f 652 653 666
f 652 667 665
f 652 666 667
f 667 669 665
f 656 665 692
f 656 692 683
f 666 670 667
f 667 670 668
f 667 668 669
f 669 692 665
f 668 670 1412
f 668 1412 669
f 580 675 672
f 627 673 671
f 613 673 627
f 630 679 674
f 654 522 675
f 672 675 521
f 671 680 676
f 675 522 521
f 676 680 682
f 617 672 677
f 671 673 678
f 617 677 2887
f 673 3419 678
f 672 521 677
f 671 678 680
f 678 3438 680
f 630 681 679
f 655 676 682
f 655 682 688
f 630 683 681
f 660 689 662
f 658 688 685
f 660 524 687
f 660 687 689
f 662 695 684
f 664 684 690
f 664 690 686
f 670 686 1418
f 662 689 695
f 684 695 690
f 685 688 529
f 690 696 691
f 685 529 1368
f 686 690 691
f 686 691 1417
f 691 1422 1417
f 669 1419 692
f 683 692 694
f 680 693 682
f 687 3440 689
f 682 693 688
f 689 3439 695
f 680 3438 693
f 689 3440 3439
f 681 683 694
f 690 695 696
f 688 693 529
f 691 696 697
f 691 697 1422
f 695 3439 696
f 696 3439 3441
f 696 3441 697
f 697 3442 1422
f 692 698 694
f 19 707 704
f 704 707 709
f 706 709 717
f 17 703 702
f 702 703 705
f 18 704 703
f 703 704 706
f 703 706 705
f 705 713 711
f 699 702 705
f 699 705 711
f 699 711 741
f 704 709 706
f 705 706 713
f 706 717 713
f 707 708 710
f 22 708 707
f 700 708 23
f 700 701 708
f 707 710 709
f 709 710 718
f 709 718 717
f 701 710 708
f 710 719 718
f 701 719 710
f 711 712 741
f 712 762 741
f 711 713 714
f 713 722 714
f 711 714 712
f 712 715 762
f 714 723 716
f 712 714 716
f 712 716 715
f 715 716 725
f 715 725 777
f 717 718 720
f 717 720 722
f 718 719 831
f 718 831 720
f 720 721 722
f 720 831 832
f 720 832 721
f 721 846 726
f 713 717 722
f 714 722 723
f 722 721 723
f 716 723 724
f 716 724 725
f 721 726 723
f 723 726 724
f 725 785 777
f 724 727 725
f 725 727 785
f 724 726 849
f 724 849 727
f 727 788 785
f 727 849 851
f 727 851 788
f 728 730 729
f 71 728 729
f 729 730 731
f 730 736 731
f 731 736 737
f 74 733 732
f 728 732 734
f 702 733 75
f 732 733 735
f 699 733 702
f 732 735 734
f 730 734 738
f 734 740 738
f 699 735 733
f 735 741 740
f 699 741 735
f 734 735 740
f 728 77 732
f 728 734 730
f 730 738 736
f 736 744 737
f 737 744 754
f 738 742 739
f 740 741 762
f 740 762 742
f 738 740 742
f 742 762 763
f 742 763 743
f 739 742 743
f 739 743 746
f 743 776 746
f 736 738 739
f 736 739 744
f 739 746 744
f 744 746 745
f 744 745 754
f 745 761 754
f 745 765 761
f 745 746 764
f 729 747 85
f 731 748 747
f 747 749 88
f 749 748 751
f 747 748 749
f 729 731 747
f 737 753 748
f 748 753 751
f 753 757 751
f 731 737 748
f 749 751 750
f 89 749 750
f 750 751 752
f 751 757 752
f 752 757 759
f 753 755 757
f 737 754 753
f 753 754 755
f 754 761 755
f 755 761 756
f 755 756 758
f 756 769 760
f 757 758 759
f 757 755 758
f 759 758 1587
f 758 760 1587
f 760 1590 1587
f 756 760 758
f 760 767 1590
f 756 761 768
f 715 763 762
f 743 763 775
f 715 777 763
f 763 777 775
f 743 775 776
f 746 776 764
f 745 764 765
f 765 766 768
f 764 781 765
f 765 781 766
f 760 769 767
f 767 1610 1590
f 765 768 761
f 768 771 769
f 756 768 769
f 769 771 770
f 766 771 768
f 766 796 771
f 771 796 797
f 770 771 797
f 770 797 773
f 767 769 770
f 767 770 772
f 767 772 1610
f 772 1612 1610
f 770 773 772
f 772 773 774
f 772 774 1612
f 774 1614 1612
f 775 779 776
f 776 779 780
f 775 777 778
f 777 785 778
f 775 778 779
f 779 784 780
f 778 786 779
f 779 786 784
f 764 776 780
f 764 780 781
f 780 783 781
f 766 781 782
f 766 782 796
f 781 783 782
f 782 799 796
f 780 784 783
f 783 784 790
f 783 790 791
f 782 783 791
f 782 791 799
f 778 785 787
f 785 788 787
f 778 787 786
f 784 786 792
f 788 882 787
f 786 787 789
f 786 789 792
f 787 882 789
f 789 886 792
f 784 792 790
f 791 795 799
f 790 794 791
f 791 794 795
f 790 792 793
f 790 793 794
f 792 886 793
f 793 899 794
f 795 794 900
f 794 899 900
f 796 798 797
f 773 797 800
f 797 798 800
f 796 799 798
f 798 799 805
f 798 806 800
f 773 801 774
f 773 800 801
f 774 801 802
f 774 802 1614
f 800 807 801
f 801 803 802
f 802 804 1621
f 795 805 799
f 800 806 807
f 801 807 803
f 802 803 804
f 798 805 806
f 805 809 806
f 806 810 807
f 806 809 810
f 807 810 811
f 795 808 805
f 805 808 809
f 795 900 808
f 808 907 809
f 810 915 811
f 809 909 810
f 810 909 915
f 803 807 811
f 803 811 812
f 803 812 804
f 804 812 813
f 804 813 1629
f 811 814 812
f 811 915 814
f 812 814 815
f 812 815 813
f 813 815 816
f 2 818 700
f 2 150 818
f 700 818 819
f 817 818 150
f 817 150 153
f 817 820 818
f 700 819 701
f 701 823 719
f 701 819 823
f 818 820 819
f 819 825 823
f 819 820 825
f 817 153 821
f 153 154 821
f 817 821 822
f 154 834 821
f 817 822 820
f 820 822 827
f 821 835 822
f 719 823 824
f 823 825 826
f 823 826 824
f 824 828 833
f 824 826 828
f 822 838 827
f 827 839 829
f 820 827 825
f 825 829 826
f 825 827 829
f 826 829 830
f 826 830 828
f 828 830 845
f 829 840 830
f 719 824 831
f 831 833 832
f 824 833 831
f 832 833 847
f 721 832 846
f 832 847 846
f 828 854 833
f 154 169 834
f 169 836 834
f 169 171 836
f 821 834 835
f 822 835 838
f 834 837 835
f 834 836 837
f 835 837 841
f 171 2456 3762
f 171 3762 836
f 836 3763 837
f 836 3762 3763
f 827 838 839
f 835 841 838
f 838 841 843
f 838 843 839
f 839 843 864
f 829 839 840
f 839 864 840
f 837 842 841
f 837 3763 842
f 841 842 844
f 841 844 843
f 864 843 866
f 843 844 866
f 828 845 854
f 830 863 845
f 833 854 847
f 846 847 848
f 847 855 848
f 726 846 850
f 726 850 849
f 849 850 852
f 849 852 851
f 846 848 850
f 850 858 852
f 848 858 850
f 851 852 853
f 852 858 860
f 852 860 853
f 847 854 855
f 854 856 855
f 848 855 859
f 845 856 854
f 845 869 856
f 855 856 857
f 855 857 859
f 848 859 858
f 858 859 861
f 858 861 860
f 853 860 889
f 860 862 889
f 859 873 861
f 857 873 859
f 861 873 874
f 860 861 862
f 861 874 862
f 830 840 863
f 840 865 863
f 845 863 869
f 840 864 865
f 863 865 871
f 863 871 869
f 864 867 865
f 864 866 867
f 865 867 868
f 866 3785 867
f 865 868 871
f 867 3789 868
f 856 869 870
f 856 870 857
f 857 870 875
f 869 872 870
f 869 871 872
f 870 878 875
f 870 872 878
f 857 875 873
f 873 875 876
f 862 874 954
f 873 876 874
f 875 880 876
f 875 878 880
f 874 876 956
f 871 877 872
f 868 877 871
f 872 879 878
f 872 877 879
f 868 3790 877
f 877 3792 879
f 878 881 880
f 878 879 881
f 876 967 956
f 876 880 967
f 880 881 970
f 880 970 967
f 879 3796 881
f 879 3792 3796
f 881 3813 970
f 881 3796 3813
f 788 851 883
f 788 883 882
f 882 883 885
f 789 882 884
f 789 884 886
f 882 885 884
f 851 853 883
f 853 888 883
f 883 888 885
f 884 885 890
f 884 890 887
f 793 886 898
f 793 898 899
f 884 887 886
f 886 887 898
f 898 887 903
f 853 889 888
f 888 889 893
f 885 888 891
f 885 891 890
f 888 893 891
f 890 891 896
f 889 892 893
f 862 892 889
f 891 893 894
f 891 894 896
f 892 955 893
f 893 955 894
f 887 890 895
f 887 895 903
f 890 896 895
f 895 896 897
f 894 960 896
f 896 960 897
f 898 902 899
f 899 901 900
f 898 903 902
f 899 902 901
f 901 902 923
f 902 903 904
f 902 904 923
f 895 905 903
f 903 905 904
f 895 897 905
f 904 905 906
f 897 949 905
f 905 949 906
f 946 1000 948
f 948 1001 1778
f 808 900 908
f 808 908 907
f 900 901 908
f 907 908 910
f 809 907 909
f 909 913 915
f 907 912 909
f 909 912 913
f 901 911 908
f 908 911 910
f 901 923 911
f 910 911 926
f 907 910 912
f 912 914 913
f 910 925 912
f 913 914 919
f 912 925 914
f 814 915 916
f 814 917 815
f 814 916 917
f 913 916 915
f 815 917 918
f 815 918 816
f 816 918 1758
f 917 922 918
f 918 921 1758
f 913 919 916
f 916 919 920
f 916 920 917
f 917 920 922
f 919 936 920
f 920 934 922
f 918 922 921
f 921 1762 1758
f 921 922 937
f 921 938 1762
f 921 937 938
f 911 923 924
f 911 924 926
f 904 928 923
f 923 928 924
f 924 930 926
f 910 926 925
f 914 925 927
f 925 926 931
f 914 927 935
f 925 931 927
f 904 906 928
f 924 928 929
f 924 929 930
f 906 1091 928
f 928 1091 929
f 926 930 931
f 927 931 932
f 930 933 931
f 929 985 930
f 930 985 933
f 931 933 932
f 914 935 919
f 919 935 936
f 920 936 934
f 935 942 936
f 934 936 941
f 922 934 937
f 937 939 938
f 934 941 945
f 934 945 937
f 937 945 939
f 938 939 940
f 927 943 935
f 935 943 942
f 927 932 943
f 936 942 941
f 932 994 943
f 943 994 995
f 942 943 995
f 944 941 942
f 944 942 995
f 941 947 945
f 939 945 946
f 939 948 940
f 939 946 948
f 940 948 1778
f 944 947 941
f 945 947 946
f 862 954 892
f 874 956 954
f 897 960 962
f 897 962 949
f 906 949 983
f 949 962 950
f 949 950 983
f 962 951 950
f 950 951 989
f 951 966 1020
f 966 1023 1020
f 892 954 957
f 892 957 955
f 894 955 961
f 955 957 963
f 955 963 961
f 954 958 957
f 954 956 958
f 956 968 958
f 957 959 963
f 957 958 959
f 894 961 960
f 960 961 965
f 960 965 962
f 961 963 964
f 961 964 965
f 959 974 963
f 963 974 964
f 962 965 951
f 951 965 966
f 964 966 965
f 964 976 966
f 956 967 968
f 967 970 971
f 967 971 968
f 958 968 969
f 958 969 959
f 968 971 972
f 968 972 969
f 970 973 971
f 970 3813 973
f 971 979 972
f 971 973 979
f 959 975 974
f 959 969 975
f 964 974 976
f 969 972 978
f 969 978 975
f 974 975 977
f 974 977 976
f 966 976 1023
f 975 981 977
f 952 976 977
f 952 1023 976
f 972 980 978
f 975 978 981
f 972 979 980
f 978 980 982
f 977 981 953
f 952 977 953
f 978 982 981
f 981 982 1031
f 953 981 1031
f 906 983 1091
f 929 1091 986
f 950 988 983
f 983 988 984
f 1091 983 984
f 1091 984 986
f 929 986 985
f 933 985 987
f 933 987 996
f 985 986 991
f 984 990 986
f 985 991 987
f 950 989 988
f 984 988 992
f 951 1020 989
f 988 989 1021
f 988 1021 992
f 986 990 991
f 984 992 990
f 990 993 991
f 991 993 1008
f 987 991 1008
f 990 992 1028
f 990 1028 993
f 993 1069 1008
f 932 996 994
f 994 998 995
f 944 995 997
f 994 996 1009
f 987 1007 996
f 996 1007 1009
f 1019 997 998
f 994 1009 998
f 995 998 997
f 944 1002 947
f 946 947 999
f 944 997 1002
f 947 1002 999
f 946 999 1000
f 948 1000 1001
f 999 1002 1017
f 997 1018 1002
f 1002 1018 1017
f 999 1017 1003
f 1000 1003 1004
f 999 1003 1000
f 1000 1004 1001
f 1010 1006 1071
f 1005 1072 1006
f 1006 1072 1071
f 987 1008 1007
f 1006 1009 1007
f 1010 998 1009
f 1010 1019 998
f 1010 1009 1006
f 1005 1007 1008
f 1005 1006 1007
f 1005 1008 1069
f 1019 1013 1018
f 1016 1017 1018
f 1016 1015 1017
f 1011 1003 1015
f 1011 1826 1004
f 1013 1081 1016
f 1012 1078 1013
f 1010 1012 1019
f 1019 1012 1013
f 1013 1016 1018
f 1010 1071 1012
f 1016 1081 1080
f 1014 1015 1080
f 1014 1832 1011
f 1016 1080 1015
f 1011 1832 1826
f 1014 1011 1015
f 1019 1018 997
f 1015 1003 1017
f 1011 1004 1003
f 989 1020 1022
f 1020 1024 1022
f 1021 1022 1029
f 989 1022 1021
f 1020 1023 1024
f 952 1030 1023
f 1023 1030 1024
f 1022 1024 1036
f 1025 1026 1083
f 992 1021 1027
f 992 1027 1028
f 1021 1029 1027
f 993 1028 1070
f 993 1070 1069
f 1025 1028 1027
f 1025 1070 1028
f 1022 1036 1029
f 1026 1027 1029
f 1033 1029 1036
f 1025 1027 1026
f 1026 1029 1033
f 952 1032 1030
f 952 953 1032
f 1024 1037 1036
f 1030 1038 1037
f 1024 1030 1037
f 1030 1032 1038
f 953 3836 1032
f 953 1031 3836
f 1032 3842 1038
f 1032 3836 3842
f 1026 1033 1084
f 1033 1087 1084
f 1033 1034 1087
f 1034 1088 1087
f 1034 1035 1088
f 1035 3878 1088
f 1033 1036 1034
f 1034 1036 1037
f 1035 1037 1038
f 1034 1037 1035
f 1038 3842 3839
f 1035 1038 3839
f 1076 1077 1059
f 1014 1039 1870
f 1040 1081 1047
f 1078 1048 1047
f 1040 1039 1080
f 1076 1042 1082
f 1079 1082 1041
f 1079 1041 1048
f 1076 1059 1042
f 1062 1041 1042
f 1041 1082 1042
f 1039 1043 1877
f 1047 1046 1045
f 1048 1061 1046
f 1044 1880 1043
f 1044 1046 1063
f 1044 1045 1046
f 1044 1043 1045
f 1047 1048 1046
f 1040 1047 1045
f 1040 1043 1039
f 1040 1045 1043
f 1041 1061 1048
f 1077 1085 1060
f 1085 1086 1068
f 1085 1068 1060
f 1086 1089 1049
f 1086 1049 1068
f 1050 1089 1090
f 1049 1089 1050
f 1050 1090 3852
f 1063 1064 1912
f 1064 1053 1912
f 1064 1051 1053
f 1065 1053 1051
f 1053 1052 1056
f 1065 1052 1053
f 1056 1052 1054
f 1056 1054 3856
f 1054 1055 3856
f 1057 1062 1042
f 1057 1059 1058
f 1077 1060 1059
f 1057 1042 1059
f 1058 1059 1060
f 1062 1051 1061
f 1062 1061 1041
f 1064 1046 1061
f 1063 1046 1064
f 1064 1061 1051
f 1057 1065 1062
f 1062 1065 1051
f 1058 1052 1065
f 1057 1058 1065
f 1066 1068 1067
f 1058 1066 1054
f 1058 1060 1066
f 1067 1049 3861
f 1066 1067 1055
f 1067 3864 1055
f 1066 1060 1068
f 1067 1068 1049
f 1049 1050 3861
f 1058 1054 1052
f 1066 1055 1054
f 1005 1069 1073
f 1069 1070 1074
f 1069 1074 1073
f 1076 1082 1072
f 1071 1072 1082
f 1076 1072 1073
f 1005 1073 1072
f 1074 1075 1085
f 1025 1075 1070
f 1070 1075 1074
f 1025 1083 1075
f 1077 1073 1074
f 1076 1073 1077
f 1077 1074 1085
f 1012 1071 1079
f 1013 1078 1081
f 1012 1079 1078
f 1071 1082 1079
f 1078 1079 1048
f 1040 1080 1081
f 1014 1080 1039
f 1014 1870 1832
f 1078 1047 1081
f 1075 1083 1086
f 1086 1083 1089
f 1089 1083 1084
f 1026 1084 1083
f 1075 1086 1085
f 1090 1084 1087
f 1089 1084 1090
f 1087 1088 3877
f 1090 1087 3877
f 932 933 996
f 27 1182 1198
f 1182 1183 1199
f 29 1184 1182
f 1184 1185 1183
f 1184 1215 1185
f 1184 1183 1182
f 1185 1218 1186
f 1183 1185 1201
f 1201 1185 1186
f 1206 1186 1187
f 1188 1198 1189
f 1189 1198 1199
f 1188 1189 1192
f 1188 1192 1191
f 1189 1199 1190
f 1190 1199 1200
f 1190 1200 1196
f 1196 1200 1202
f 1191 1192 1193
f 58 1193 1253
f 58 1191 1193
f 1192 1194 1193
f 1192 1195 1194
f 1189 1195 1192
f 1195 1197 1258
f 1194 1195 1258
f 1189 1190 1195
f 1190 1197 1195
f 1190 1196 1197
f 1196 1203 1197
f 1182 1199 1198
f 1183 1200 1199
f 1183 1201 1200
f 1200 1201 1202
f 1202 1201 1206
f 1201 1186 1206
f 1196 1202 1204
f 1196 1204 1203
f 1203 1204 1281
f 1204 1210 1205
f 1204 1205 1281
f 1205 1211 1283
f 1202 1206 1210
f 1206 1207 1210
f 1206 1187 1207
f 1207 1187 1208
f 1207 1208 1213
f 1213 1208 1209
f 1202 1210 1204
f 1207 1211 1210
f 1205 1210 1211
f 1207 1213 1211
f 1211 1212 1283
f 1211 1213 1212
f 1212 1213 1214
f 1212 1214 1529
f 1213 1209 1214
f 1214 1209 1236
f 1215 1216 1218
f 81 87 1216
f 1216 1220 1217
f 81 1216 1215
f 1218 1216 1217
f 1218 1217 1219
f 1219 1217 1224
f 1217 1222 1224
f 79 1215 1184
f 1215 1218 1185
f 1186 1218 1219
f 1186 1219 1187
f 87 1220 1216
f 87 89 1220
f 1220 1221 1222
f 89 1221 1220
f 89 750 1221
f 750 1583 1221
f 1221 1583 1223
f 1220 1222 1217
f 1222 1223 1229
f 1222 1229 1224
f 1222 1221 1223
f 1229 1223 1231
f 1223 1585 1231
f 1224 1229 1226
f 1219 1224 1225
f 1219 1225 1187
f 1187 1225 1208
f 1225 1227 1208
f 1225 1226 1227
f 1225 1224 1226
f 1227 1228 1235
f 1230 1228 1226
f 1227 1226 1228
f 1228 1233 1241
f 1229 1231 1230
f 1229 1230 1226
f 1230 1231 1232
f 1231 1595 1232
f 1232 1597 1234
f 1230 1233 1228
f 1230 1232 1233
f 1233 1234 1238
f 1233 1232 1234
f 1227 1209 1208
f 1227 1235 1209
f 1209 1235 1236
f 1228 1241 1235
f 1214 1531 1529
f 1214 1236 1531
f 1236 1237 1531
f 1233 1238 1241
f 1238 1239 1246
f 1234 1599 1239
f 1238 1234 1239
f 1239 1653 1248
f 1235 1240 1236
f 1235 1241 1240
f 1238 1242 1241
f 1240 1241 1242
f 1240 1242 1243
f 1242 1246 1245
f 1240 1237 1236
f 1240 1243 1237
f 1237 1243 1533
f 1243 1244 1533
f 1243 1242 1245
f 1243 1245 1244
f 1244 1245 1250
f 1238 1246 1242
f 1246 1239 1248
f 1246 1247 1245
f 1246 1248 1247
f 1248 1656 1249
f 1247 1248 1249
f 1247 1250 1245
f 1247 1251 1250
f 1247 1249 1251
f 1249 1657 1252
f 1250 1251 1557
f 1251 1252 1563
f 1251 1249 1252
f 1563 1252 1564
f 1252 1669 1564
f 58 1253 209
f 1193 1254 1253
f 209 1253 1255
f 1253 1254 1256
f 1193 1194 1254
f 1194 1260 1254
f 1253 1256 1255
f 212 1255 1262
f 1255 1256 1263
f 1254 1257 1256
f 1254 1260 1257
f 1194 1258 1260
f 1258 1261 1260
f 1197 1259 1258
f 1258 1259 1261
f 1203 1279 1259
f 1257 1260 1271
f 1260 1261 1271
f 1259 1272 1261
f 1259 1279 1272
f 1197 1203 1259
f 1255 1263 1262
f 1262 1266 1265
f 1262 1263 1266
f 1256 1257 1264
f 1256 1264 1263
f 1263 1264 1268
f 1257 1274 1264
f 1265 1266 1267
f 1263 1268 1266
f 236 1265 1267
f 1266 1269 1267
f 1266 1268 1269
f 1264 1270 1268
f 1264 1274 1270
f 1268 1295 1269
f 1268 1270 1295
f 1257 1271 1274
f 1261 1273 1271
f 1271 1275 1274
f 1271 1273 1275
f 1261 1272 1273
f 1272 1277 1273
f 1274 1275 1276
f 1270 1274 1276
f 1270 1276 1317
f 1275 1318 1276
f 1275 1278 1318
f 1273 1278 1275
f 1273 1277 1278
f 1277 1320 1278
f 1203 1281 1279
f 1205 1282 1281
f 1205 1283 1282
f 1279 1281 1280
f 1281 1282 1280
f 1282 1287 1280
f 1212 1285 1283
f 1282 1283 1284
f 1282 1284 1287
f 1283 1285 1284
f 1272 1279 1286
f 1279 1280 1286
f 1272 1286 1277
f 1280 1289 1286
f 1280 1287 1289
f 1277 1286 1288
f 1286 1289 1288
f 1277 1288 1320
f 1288 1289 1502
f 1287 1290 1289
f 1289 1290 1502
f 1284 1291 1287
f 1287 1291 1290
f 1290 1291 1507
f 1291 1508 1507
f 1291 1292 1508
f 1284 1285 1292
f 1284 1292 1291
f 1285 1526 1292
f 1292 1527 1508
f 1212 1529 1285
f 236 1293 304
f 236 1267 1293
f 304 1293 1296
f 1267 1294 1293
f 1267 1269 1294
f 1293 1294 1297
f 304 1296 307
f 1269 1295 1298
f 1269 1298 1294
f 1270 1317 1295
f 1295 1300 1298
f 1295 1317 1300
f 1300 1317 1322
f 1293 1297 1296
f 307 1296 1301
f 307 1301 329
f 1296 1303 1301
f 1294 1299 1297
f 1296 1297 1303
f 1297 1299 1310
f 1297 1310 1303
f 1294 1298 1299
f 1298 1312 1299
f 1298 1300 1312
f 329 1301 1302
f 1301 1304 1302
f 1301 1303 1304
f 331 1302 1306
f 1302 1304 1308
f 1303 1310 1305
f 1303 1305 1304
f 1302 1308 1306
f 335 1306 1307
f 1304 1305 1309
f 1306 1308 1330
f 1306 1330 1307
f 1304 1309 1308
f 1308 1333 1330
f 1308 1309 1333
f 1305 1355 1309
f 1299 1312 1311
f 1299 1311 1310
f 1310 1311 1314
f 1305 1310 1314
f 1300 1313 1312
f 1300 1322 1313
f 1311 1312 1315
f 1313 1315 1312
f 1311 1316 1314
f 1305 1314 1355
f 1314 1316 1346
f 1313 1347 1315
f 1311 1315 1316
f 1315 1348 1316
f 1276 1319 1317
f 1276 1318 1319
f 1317 1319 1322
f 1318 1321 1324
f 1318 1324 1319
f 1320 1501 1327
f 1278 1321 1318
f 1278 1320 1321
f 1320 1327 1321
f 1319 1323 1322
f 1323 1325 1322
f 1323 1324 1326
f 1319 1324 1323
f 1323 1476 1325
f 1324 1329 1326
f 1326 1329 1478
f 1323 1326 1476
f 1328 1327 1501
f 1327 1481 1329
f 1328 1481 1327
f 1321 1329 1324
f 1321 1327 1329
f 1329 1481 1478
f 1313 1322 1325
f 1313 1325 1347
f 340 1307 1331
f 340 1331 407
f 1307 1330 1332
f 1307 1332 1331
f 407 1331 1336
f 407 1336 1335
f 1330 1342 1332
f 1331 1332 1337
f 1330 1333 1342
f 1309 1334 1333
f 1309 1355 1334
f 1333 1343 1342
f 1333 1334 1343
f 1331 1337 1336
f 1335 1336 1339
f 1332 1340 1337
f 1335 1339 1338
f 1338 1339 1386
f 1336 1341 1339
f 1336 1337 1341
f 1337 1340 1389
f 1337 1389 1341
f 1340 1390 1389
f 1332 1342 1340
f 1340 1342 1344
f 1342 1343 1344
f 1334 1345 1343
f 1343 1405 1344
f 1340 1344 1390
f 1345 1404 1405
f 1345 1357 1404
f 1343 1345 1405
f 1314 1346 1355
f 1316 1353 1346
f 1315 1347 1348
f 1347 1495 1351
f 1347 1351 1348
f 1316 1348 1353
f 1346 1353 1349
f 1350 1349 1353
f 1350 1468 1349
f 1348 1351 1354
f 1352 1351 1495
f 1351 1459 1354
f 1352 1459 1351
f 1348 1354 1353
f 1354 1350 1353
f 1354 1457 1350
f 1334 1355 1356
f 1355 1346 1356
f 1334 1356 1345
f 1346 1349 1356
f 1345 1356 1357
f 1356 1349 1357
f 1357 1349 1468
f 1409 1358 1362
f 516 649 1360
f 520 1409 1362
f 649 1361 1360
f 1358 1359 1366
f 1358 1366 1362
f 1360 1361 1364
f 1361 1411 1365
f 1359 1363 1370
f 1359 1370 1366
f 1364 1372 1367
f 518 1360 1367
f 1360 1364 1367
f 520 1362 1374
f 685 1369 1411
f 1411 1369 1365
f 1361 1365 1364
f 1362 1366 1375
f 1362 1375 1374
f 685 1368 1369
f 1364 1365 1377
f 1365 1369 1378
f 1375 1366 1381
f 1380 1369 1368
f 1363 1371 1370
f 1363 1415 1371
f 1370 1381 1366
f 1365 1378 1377
f 528 1367 1372
f 528 1372 1373
f 1364 1377 1372
f 1372 4070 1373
f 1378 1369 1380
f 1376 1380 1368
f 1374 1375 2935
f 529 4067 1368
f 1376 1368 4067
f 1375 1381 4068
f 1379 1377 1378
f 1372 4071 4070
f 1372 1377 4071
f 1379 1378 1380
f 1379 4071 1377
f 1379 1380 4072
f 1370 1382 1381
f 1370 1371 1382
f 1376 4072 1380
f 1382 1371 4075
f 1371 1383 4075
f 1415 1383 1371
f 1383 1384 4113
f 546 1385 1391
f 1338 1386 1385
f 1339 1387 1386
f 1339 1341 1387
f 1385 1392 1391
f 1385 1386 1392
f 1392 1386 1393
f 1393 1386 1387
f 1393 1387 1388
f 1387 1389 1388
f 1341 1389 1387
f 1389 1390 1388
f 1390 1399 1388
f 1390 1403 1399
f 550 1391 555
f 555 1391 558
f 1391 1392 1396
f 558 1391 1395
f 1391 1396 1395
f 1392 1397 1396
f 1392 1393 1397
f 1393 1394 1397
f 1393 1388 1394
f 1395 1396 1409
f 1396 1397 1358
f 1394 1398 1397
f 1394 1401 1398
f 1397 1398 1358
f 1398 1401 1410
f 1394 1388 1399
f 1394 1399 1401
f 1399 1403 1400
f 1401 1399 1400
f 1401 1402 1410
f 1401 1400 1402
f 1402 1400 1407
f 1344 1403 1390
f 1344 1405 1403
f 1403 1405 1406
f 1405 1404 1406
f 1400 1403 1406
f 1400 1406 1407
f 1406 1408 1407
f 1407 1408 1440
f 1404 1408 1406
f 1404 1469 1408
f 1408 1469 1443
f 643 1395 1409
f 1396 1358 1409
f 643 1409 520
f 1398 1359 1358
f 1398 1410 1359
f 1410 1363 1359
f 649 659 1361
f 659 1411 1361
f 669 1412 1419
f 1402 1413 1410
f 1410 1413 1363
f 1402 1414 1413
f 1402 1407 1414
f 1363 1413 1415
f 1413 1416 1415
f 1413 1414 1416
f 1416 1414 1441
f 1416 1441 1435
f 686 1417 1418
f 1418 1417 1421
f 1417 1422 1423
f 1417 1423 1421
f 670 1418 1412
f 1412 1418 1420
f 1412 1420 1419
f 1418 1421 1420
f 692 1419 1426
f 692 1426 698
f 1420 1430 1419
f 1419 1430 1426
f 1421 1423 1429
f 1420 1421 1430
f 1422 1424 1423
f 1423 1424 1427
f 1422 3442 1424
f 1424 3442 4711
f 1424 4711 1425
f 1424 1425 1427
f 698 1426 1431
f 698 1431 4713
f 1423 1427 1429
f 1425 1428 1427
f 1421 1429 1430
f 1426 1430 1432
f 1429 1427 1433
f 1429 1432 1430
f 1426 1432 1431
f 1427 1428 1433
f 1429 1433 1432
f 1433 4735 1432
f 1431 1432 4735
f 1415 1416 1434
f 1415 1434 1383
f 1416 1435 1434
f 1434 1435 1436
f 1435 1438 1436
f 1434 1384 1383
f 1434 1436 1384
f 1384 1436 4724
f 1433 1428 4733
f 1436 1438 1437
f 1436 1437 4724
f 1437 4743 4724
f 1437 1438 4743
f 1438 1439 4743
f 1407 1440 1414
f 1414 1440 1441
f 1441 1442 1445
f 1440 1442 1441
f 1408 1443 1440
f 1440 1443 1442
f 1443 1470 1444
f 1442 1444 1453
f 1442 1443 1444
f 1435 1441 1445
f 1435 1445 1438
f 1438 1445 1439
f 1439 1445 1446
f 1439 1446 4750
f 1446 1447 4750
f 1442 1453 1445
f 1445 1453 1450
f 1445 1450 1446
f 1446 1450 1449
f 1446 1449 1447
f 1447 1449 1448
f 1448 1452 4800
f 1448 1449 1452
f 1449 1450 1451
f 1449 1451 1452
f 1452 4804 4800
f 1452 1454 4804
f 1451 1454 1452
f 1450 1453 1455
f 1444 1472 1453
f 1453 1472 1455
f 1450 1455 1451
f 1451 1455 1454
f 1454 1455 1456
f 1455 1472 1456
f 1456 1473 4806
f 1350 1458 1468
f 1350 1457 1458
f 1457 1462 1458
f 1458 1462 1471
f 1352 1496 1460
f 1352 1460 1459
f 1459 1460 1461
f 1460 1496 1463
f 1460 1463 1464
f 1354 1459 1457
f 1457 1459 1461
f 1461 1460 1464
f 1457 1461 1462
f 1462 1465 1474
f 1461 1465 1462
f 1461 1464 1465
f 1464 1466 1465
f 1464 1463 1467
f 1463 1499 1467
f 1464 1467 1466
f 1466 1467 4916
f 1467 1499 4908
f 1467 4908 4916
f 1357 1468 1469
f 1357 1469 1404
f 1468 1470 1469
f 1468 1458 1470
f 1443 1469 1470
f 1470 1458 1471
f 1444 1470 1471
f 1444 1471 1472
f 1471 1474 1472
f 1471 1462 1474
f 1474 1475 1473
f 1474 1473 1472
f 1456 1472 1473
f 1473 1475 4910
f 1474 1465 1475
f 1475 1465 1466
f 1475 1466 4912
f 1325 1476 1495
f 1476 1479 1495
f 1476 1477 1479
f 1326 1478 1477
f 1326 1477 1476
f 1352 1495 1479
f 1477 1485 1479
f 1352 1479 1496
f 1479 1485 1496
f 1478 1480 1477
f 1478 1484 1480
f 1480 1484 1486
f 1477 1480 1485
f 1481 1482 1484
f 1328 1482 1481
f 1328 1511 1482
f 1482 1490 1484
f 1482 1511 1483
f 1482 1483 1490
f 1478 1481 1484
f 1484 1490 1486
f 1485 1497 1496
f 1485 1487 1497
f 1487 1498 1497
f 1480 1486 1487
f 1480 1487 1485
f 1486 1488 1487
f 1486 1492 1488
f 1487 1488 1498
f 1488 1492 1489
f 1488 1489 1500
f 1483 1491 1490
f 1483 1514 1491
f 1486 1490 1492
f 1490 1491 1492
f 1491 1493 1492
f 1491 1494 1493
f 1492 1493 1489
f 1491 1514 1494
f 1494 1514 1516
f 1325 1495 1347
f 1463 1496 1497
f 1497 1498 1499
f 1463 1497 1499
f 1498 5016 1499
f 1498 1500 5016
f 1499 5016 4908
f 1488 1500 1498
f 1288 1501 1320
f 1288 1502 1501
f 1501 1502 1504
f 1290 1503 1502
f 1290 1507 1503
f 1502 1503 1504
f 1328 1501 1504
f 1328 1504 1511
f 1504 1505 1511
f 1503 1505 1504
f 1503 1507 1506
f 1503 1506 1505
f 1507 1508 1510
f 1508 1527 1509
f 1508 1509 1510
f 1506 1507 1510
f 1506 1510 1520
f 1510 1521 1520
f 1509 1521 1510
f 1509 1539 1521
f 1505 1513 1512
f 1505 1512 1511
f 1483 1511 1512
f 1512 1513 1515
f 1505 1506 1513
f 1506 1520 1513
f 1513 1520 1518
f 1483 1512 1514
f 1512 1515 1514
f 1514 1515 1516
f 1515 1517 1516
f 1513 1518 1515
f 1515 1518 1517
f 1518 1523 1519
f 1517 1518 1519
f 1520 1521 1523
f 1518 1520 1523
f 1521 1522 1523
f 1521 1539 1522
f 1522 1524 1523
f 1519 1523 1524
f 1519 1524 5084
f 1524 1525 5090
f 1522 1525 1524
f 1522 1544 1525
f 1525 1545 5091
f 1285 1529 1526
f 1292 1526 1527
f 1526 1530 1528
f 1526 1528 1527
f 1527 1528 1540
f 1528 1535 1541
f 1528 1541 1540
f 1529 1531 1530
f 1530 1531 1532
f 1526 1529 1530
f 1530 1532 1535
f 1237 1532 1531
f 1532 1537 1535
f 1237 1533 1532
f 1532 1533 1537
f 1537 1533 1534
f 1528 1530 1535
f 1535 1537 1536
f 1535 1536 1541
f 1536 1537 1538
f 1536 1538 1550
f 1537 1534 1538
f 1538 1534 1558
f 1538 1558 1551
f 1551 1558 1569
f 1509 1540 1539
f 1539 1542 1544
f 1509 1527 1540
f 1540 1541 1542
f 1541 1543 1542
f 1539 1540 1542
f 1542 1543 1546
f 1546 1543 1548
f 1522 1539 1544
f 1544 1546 1545
f 1525 1544 1545
f 1542 1546 1544
f 1546 1548 1547
f 1545 1546 1547
f 1545 1547 5148
f 1547 1548 1549
f 1547 1549 5150
f 1536 1543 1541
f 1536 1550 1543
f 1538 1551 1550
f 1550 1548 1543
f 1550 1552 1548
f 1550 1551 1552
f 1551 1554 1552
f 1548 1552 1549
f 1552 1553 1549
f 1552 1554 1553
f 1549 1553 5152
f 1553 5160 5152
f 1553 1555 5160
f 1551 1569 1554
f 1554 1569 1570
f 1553 1554 1555
f 1554 1570 1555
f 1555 1570 1573
f 1555 5165 5160
f 1555 1573 5165
f 1573 5182 5165
f 1244 1534 1533
f 1244 1556 1534
f 1244 1250 1556
f 1534 1556 1558
f 1250 1557 1556
f 1556 1557 1559
f 1559 1557 1561
f 1556 1559 1558
f 1558 1559 1569
f 1559 1560 1569
f 1559 1561 1560
f 1560 1561 1562
f 1251 1563 1557
f 1563 1564 1565
f 1557 1563 1561
f 1563 1565 1561
f 1564 2343 1566
f 1565 1564 1566
f 1565 1562 1561
f 1565 1567 1562
f 1562 1567 1572
f 1565 1566 1567
f 1567 1566 1568
f 1566 2345 1568
f 1567 1568 1577
f 1568 2347 1578
f 1560 1570 1569
f 1560 1571 1570
f 1570 1571 1573
f 1560 1562 1571
f 1562 1572 1571
f 1571 1572 1574
f 1573 1574 5182
f 1571 1574 1573
f 1574 5184 5182
f 1574 1572 1575
f 1574 1575 5184
f 1575 1576 5184
f 1567 1577 1572
f 1572 1577 1575
f 1577 1579 1575
f 1577 1568 1578
f 1577 1578 1579
f 1579 1578 1581
f 1575 1579 1576
f 1576 1579 1580
f 1579 1581 1580
f 1580 1581 1582
f 750 752 1583
f 752 1584 1583
f 1583 1584 1585
f 752 759 1584
f 759 1588 1584
f 1584 1588 1586
f 1583 1585 1223
f 1585 1584 1586
f 1585 1586 1595
f 1588 1592 1586
f 1586 1592 1596
f 759 1587 1588
f 1588 1587 1589
f 1587 1590 1589
f 1589 1590 1591
f 1590 1610 1591
f 1588 1589 1592
f 1592 1589 1593
f 1592 1593 1601
f 1589 1591 1593
f 1591 1594 1593
f 1591 1611 1594
f 1593 1594 1602
f 1594 1616 1604
f 1585 1595 1231
f 1586 1596 1595
f 1595 1597 1232
f 1595 1596 1597
f 1597 1596 1598
f 1592 1601 1596
f 1596 1601 1598
f 1601 1603 1598
f 1597 1598 1599
f 1598 1603 1600
f 1597 1599 1234
f 1599 1598 1600
f 1603 1607 1600
f 1601 1593 1602
f 1601 1602 1603
f 1603 1602 1606
f 1594 1604 1602
f 1602 1604 1606
f 1604 1618 1605
f 1604 1605 1606
f 1603 1606 1607
f 1607 1606 1608
f 1605 1608 1606
f 1605 1609 1608
f 1605 1620 1609
f 1608 1609 1660
f 1609 1641 1661
f 1591 1610 1611
f 1611 1616 1594
f 1610 1612 1611
f 1611 1612 1613
f 1611 1613 1616
f 1612 1614 1613
f 1613 1614 1615
f 1613 1615 1617
f 1616 1613 1617
f 1616 1618 1604
f 1616 1617 1618
f 1617 1619 1618
f 1615 1623 1617
f 1617 1623 1619
f 1605 1618 1620
f 1618 1619 1620
f 1620 1638 1641
f 1620 1619 1638
f 1620 1641 1609
f 802 1621 1614
f 1614 1621 1615
f 1615 1621 1622
f 1615 1622 1623
f 1621 1629 1622
f 1622 1630 1625
f 1622 1625 1623
f 1619 1623 1624
f 1623 1625 1624
f 1624 1625 1626
f 1630 1635 1625
f 1625 1635 1626
f 1626 1635 1627
f 1626 1627 1640
f 1627 1637 1645
f 1628 1645 1637
f 804 1629 1621
f 1622 1629 1630
f 813 1631 1629
f 1629 1631 1630
f 1630 1632 1635
f 1630 1631 1632
f 813 816 1631
f 816 1633 1631
f 1631 1633 1632
f 1632 1633 1634
f 1632 1634 1636
f 1634 1766 1636
f 1632 1636 1635
f 1635 1636 1627
f 1627 1636 1637
f 1636 1766 1637
f 1637 1766 1767
f 1628 1637 1767
f 1638 1639 1642
f 1619 1624 1638
f 1624 1626 1639
f 1624 1639 1638
f 1626 1640 1639
f 1639 1644 1642
f 1639 1640 1644
f 1641 1638 1642
f 1641 1642 1673
f 1641 1673 1661
f 1642 1644 1643
f 1642 1643 1673
f 1644 1649 1643
f 1627 1645 1640
f 1640 1645 1646
f 1646 1645 1647
f 1640 1646 1644
f 1628 1647 1645
f 1628 1784 1647
f 1646 1647 1650
f 1647 1784 1648
f 1647 1648 1650
f 1643 1649 1674
f 1649 1651 1674
f 1644 1646 1649
f 1646 1650 1649
f 1649 1650 1651
f 1648 1652 1650
f 1650 1652 1651
f 1651 1652 2373
f 1599 1600 1653
f 1599 1653 1239
f 1653 1654 1656
f 1600 1607 1654
f 1600 1654 1653
f 1607 1655 1654
f 1654 1655 1658
f 1607 1608 1655
f 1608 1660 1655
f 1609 1661 1660
f 1653 1656 1248
f 1655 1663 1658
f 1656 1658 1657
f 1249 1656 1657
f 1654 1658 1656
f 1658 1663 1659
f 1657 1658 1659
f 1659 1663 1665
f 1655 1660 1663
f 1663 1660 1664
f 1661 1673 1662
f 1660 1661 1664
f 1661 1662 1664
f 1662 1675 1667
f 1663 1664 1665
f 1665 1664 1666
f 1662 1666 1664
f 1665 1666 1671
f 1662 1667 1666
f 1667 1672 1666
f 1667 1677 1668
f 1667 1668 1672
f 1657 1669 1252
f 1657 1659 1669
f 1669 2343 1564
f 1669 1670 2343
f 1659 1670 1669
f 1659 1665 1670
f 1665 1671 1670
f 1670 2344 2343
f 1670 1671 2344
f 1671 2349 2344
f 1671 1666 1672
f 1671 1672 2349
f 1668 2351 1672
f 1643 1675 1673
f 1662 1673 1675
f 1643 1674 1675
f 1675 1674 1677
f 1651 1676 1674
f 1651 2373 1676
f 1677 1674 1676
f 1675 1677 1667
f 1677 1676 2377
f 1668 1677 2377
f 1918 1678 1688
f 1680 1702 1688
f 1678 1680 1688
f 1678 1679 1680
f 1680 1679 5274
f 1703 1702 5292
f 1680 5274 5291
f 1680 5291 5292
f 1680 5292 1702
f 1703 5292 5279
f 1918 1688 1681
f 1681 1692 1926
f 1926 1692 1682
f 1926 1682 1930
f 1682 1683 1930
f 1682 1705 1684
f 1684 1705 1709
f 1682 1684 1683
f 1684 1709 1708
f 1684 1708 1710
f 1684 1710 1686
f 1684 1686 1683
f 1683 1686 1685
f 1703 1687 1690
f 1681 1688 1702
f 1681 1702 1692
f 1691 1703 1689
f 1691 1692 1702
f 1691 1702 1703
f 1703 1690 1689
f 1691 1696 1693
f 1691 1693 1695
f 1691 1705 1692
f 1682 1692 1705
f 1691 1694 1705
f 1691 1695 1694
f 1691 1689 1696
f 1703 1697 1687
f 1703 1698 1697
f 1703 1701 1699
f 1703 1699 1698
f 1703 5279 1701
f 1705 1706 1704
f 1705 1694 1706
f 1705 1704 1707
f 1705 1707 1709
f 1710 1711 1712
f 1710 1712 1713
f 1710 1708 1711
f 1710 1713 1714
f 1710 1714 1715
f 1686 1710 1715
f 1715 1714 1717
f 1715 1717 1716
f 1715 1716 1718
f 1715 1718 1721
f 1718 1719 1721
f 1715 1721 1725
f 1686 1715 1725
f 1685 1686 1725
f 1685 1725 1720
f 1725 1721 1722
f 1725 1722 1723
f 1725 1723 1724
f 1725 1724 1727
f 1720 1732 2088
f 1720 1725 1731
f 1725 1727 1731
f 1732 1740 2088
f 1731 1727 1728
f 1731 1728 1729
f 1720 1731 1732
f 1731 1729 1732
f 1732 1729 1730
f 1732 1730 1741
f 1741 1730 1734
f 1741 1734 1735
f 1741 1735 1737
f 1741 1737 1736
f 1741 1736 1738
f 1732 1742 1740
f 1732 1741 1742
f 1742 1743 1740
f 1778 1813 1779
f 1745 1779 1814
f 1745 1815 1746
f 1747 1751 1781
f 1746 1823 1747
f 1746 1747 1781
f 1748 1751 1747
f 1748 1747 1824
f 1749 1783 1751
f 1744 1782 1750
f 1749 1750 1782
f 1744 1750 1794
f 1750 1795 1794
f 1749 1755 1750
f 1750 1755 1795
f 1749 1751 1752
f 1749 1752 1755
f 1752 1754 1755
f 1748 1752 1751
f 1748 1753 1752
f 1752 1753 1754
f 1753 1854 1754
f 1754 1756 1755
f 1755 1756 1795
f 1757 1756 1754
f 1757 1754 1854
f 1757 1800 1756
f 1757 1856 1800
f 816 1758 1633
f 1633 1758 1759
f 1633 1759 1634
f 1758 1762 1759
f 1759 1763 1760
f 1634 1759 1760
f 1634 1760 1766
f 1760 1761 1766
f 1759 1762 1763
f 1762 1772 1763
f 938 1772 1762
f 1763 1773 1764
f 1763 1772 1773
f 1760 1763 1764
f 1760 1764 1761
f 1761 1764 1765
f 1764 1776 1765
f 1761 1767 1766
f 1761 1769 1767
f 1628 1767 1768
f 1767 1769 1768
f 1768 1771 1785
f 1761 1765 1769
f 1769 1770 1771
f 1765 1770 1769
f 1765 1777 1770
f 1770 1782 1771
f 1768 1769 1771
f 1744 1785 1771
f 1744 1771 1782
f 938 940 1772
f 1772 1774 1773
f 1773 1775 1776
f 940 1774 1772
f 1773 1774 1775
f 1764 1773 1776
f 1765 1776 1777
f 1776 1780 1777
f 1775 1780 1776
f 1777 1781 1783
f 1777 1780 1781
f 940 1778 1774
f 1774 1778 1779
f 1774 1779 1775
f 1775 1745 1780
f 1775 1779 1745
f 1745 1746 1780
f 1746 1781 1780
f 1770 1777 1783
f 1770 1783 1782
f 1781 1751 1783
f 1749 1782 1783
f 1628 1768 1784
f 1768 1785 1784
f 1784 1785 1786
f 1648 1784 1786
f 1648 1786 1790
f 1786 1788 1790
f 1744 1787 1785
f 1785 1787 1786
f 1744 1794 1787
f 1787 1794 1789
f 1786 1787 1788
f 1787 1789 1788
f 1788 1789 1792
f 1648 1790 1652
f 1652 1790 1791
f 1652 1791 2373
f 1790 1793 1791
f 1788 1793 1790
f 1788 1792 1793
f 1791 1793 2374
f 1792 1804 1793
f 1793 1804 2374
f 1794 1795 1796
f 1789 1794 1796
f 1795 1799 1796
f 1796 1799 1802
f 1789 1796 1797
f 1789 1797 1792
f 1796 1802 1797
f 1797 1802 1807
f 1800 1856 1798
f 1800 1798 1803
f 1756 1799 1795
f 1756 1800 1799
f 1800 1803 1799
f 1803 2294 1801
f 1798 2294 1803
f 1801 2294 2303
f 1803 1802 1799
f 1803 1801 1802
f 1801 1807 1802
f 1792 1797 1805
f 1797 1807 1805
f 1792 1805 1804
f 1804 1805 2381
f 1805 1808 2381
f 1801 2303 1806
f 1801 1806 1807
f 1807 1806 1808
f 1806 2306 1808
f 1805 1807 1808
f 1833 1869 1836
f 1834 1836 1873
f 1835 1874 1875
f 1834 1874 1835
f 1809 1875 1905
f 1835 1875 1809
f 1809 1905 1810
f 1810 1900 1811
f 1810 1905 1900
f 1811 1900 1906
f 1907 1812 1906
f 1907 1908 1844
f 1810 1811 1839
f 1840 1811 1812
f 1840 1812 1841
f 1812 1811 1906
f 1907 1844 1812
f 1828 1818 1817
f 1819 1818 1829
f 1819 1830 1820
f 1813 1817 1814
f 1001 1813 1778
f 1779 1813 1814
f 1001 1816 1813
f 1815 1814 1818
f 1819 1823 1815
f 1745 1814 1815
f 1001 1004 1816
f 1813 1816 1817
f 1814 1817 1818
f 1819 1815 1818
f 1820 1837 1821
f 1821 1822 1825
f 1822 1850 1825
f 1820 1824 1823
f 1746 1815 1823
f 1747 1823 1824
f 1748 1824 1825
f 1819 1820 1823
f 1820 1821 1824
f 1821 1825 1824
f 1833 1828 1827
f 1827 1816 1826
f 1827 1828 1817
f 1836 1829 1828
f 1834 1830 1829
f 1835 1837 1830
f 1828 1829 1818
f 1819 1829 1830
f 1831 1826 1832
f 1831 1833 1827
f 1833 1836 1828
f 1831 1868 1833
f 1831 1827 1826
f 1834 1829 1836
f 1834 1835 1830
f 1004 1826 1816
f 1827 1817 1816
f 1809 1838 1837
f 1810 1839 1838
f 1820 1830 1837
f 1821 1837 1838
f 1822 1838 1839
f 1822 1839 1851
f 1840 1851 1839
f 1840 1839 1811
f 1821 1838 1822
f 1835 1809 1837
f 1809 1810 1838
f 1841 1843 1861
f 1861 1843 1846
f 1908 1842 1844
f 1812 1844 1841
f 1843 1844 1842
f 1841 1844 1843
f 2075 1845 1842
f 2075 1847 1845
f 1843 1842 1845
f 1843 1845 1846
f 1846 1848 1862
f 1862 1848 2290
f 1845 1847 1848
f 1845 1848 1846
f 1847 1849 1848
f 1847 2078 1849
f 1848 1849 2290
f 1849 2291 2290
f 1854 1850 1853
f 1854 1853 1855
f 1851 1853 1850
f 1822 1851 1850
f 1851 1860 1853
f 1852 1853 1860
f 1852 1860 1861
f 1852 1861 1857
f 1852 1855 1853
f 1748 1825 1753
f 1753 1850 1854
f 1753 1825 1850
f 1757 1854 1855
f 1757 1855 1856
f 1855 1859 1856
f 1856 1859 2292
f 1852 1857 1859
f 1852 1859 1855
f 1857 1862 1858
f 1857 1858 1859
f 1859 1858 2292
f 1840 1860 1851
f 1841 1861 1860
f 1840 1841 1860
f 1857 1861 1846
f 1857 1846 1862
f 1858 1862 2298
f 1880 1909 1881
f 1882 1911 1864
f 1863 1910 1911
f 1881 1910 1863
f 1882 1863 1911
f 1864 1866 1883
f 1866 1867 1884
f 1872 1867 1865
f 1866 1911 1914
f 1866 1914 1867
f 1864 1911 1866
f 1865 1867 1915
f 1867 1914 1915
f 1865 1915 1889
f 1871 1876 1878
f 1879 1868 1878
f 1879 1883 1869
f 1831 1871 1868
f 1832 1870 1871
f 1833 1868 1869
f 1039 1877 1870
f 1870 1876 1871
f 1868 1871 1878
f 1879 1869 1868
f 1872 1875 1874
f 1884 1874 1873
f 1883 1884 1873
f 1872 1874 1884
f 1872 1902 1875
f 1836 1869 1873
f 1834 1873 1874
f 1883 1873 1869
f 1881 1876 1877
f 1870 1877 1876
f 1879 1878 1882
f 1879 1864 1883
f 1882 1876 1863
f 1882 1878 1876
f 1879 1882 1864
f 1880 1881 1877
f 1881 1863 1876
f 1044 1909 1880
f 1043 1880 1877
f 1866 1884 1883
f 1872 1884 1867
f 1872 1865 1902
f 1903 1894 1904
f 1903 1891 1894
f 1885 1893 1898
f 1904 1893 1885
f 1886 1887 1885
f 1886 1885 1898
f 1886 1899 1888
f 1888 2074 1887
f 1886 1888 1887
f 1890 1929 1896
f 1891 1892 1890
f 1902 1892 1891
f 1865 1892 1902
f 1891 1890 1894
f 1894 1890 1893
f 1904 1894 1893
f 1865 1889 1892
f 1889 1890 1892
f 1893 1890 1896
f 1895 2066 1899
f 1897 1895 1896
f 1897 1896 1929
f 1897 2066 1895
f 1886 1898 1895
f 1893 1896 1898
f 1895 1898 1896
f 1886 1895 1899
f 1902 1905 1875
f 1901 1900 1905
f 1901 1903 1900
f 1903 1904 1906
f 1903 1906 1900
f 1901 1902 1891
f 1901 1891 1903
f 1901 1905 1902
f 1904 1885 1907
f 1904 1907 1906
f 1908 1885 1887
f 1907 1885 1908
f 1908 1887 2074
f 1917 1911 1913
f 1917 1913 1919
f 1881 1909 1910
f 1063 1912 1909
f 1910 1909 1912
f 1910 1913 1911
f 1910 1912 1913
f 1053 1913 1912
f 1053 1919 1913
f 1917 1914 1911
f 1916 1914 1917
f 1916 1918 1915
f 1916 1915 1914
f 1916 1917 1921
f 1916 1921 1678
f 1916 1678 1918
f 1919 1920 1921
f 1917 1919 1921
f 1056 1920 1919
f 1056 3856 1920
f 1920 1679 1921
f 1920 5400 1679
f 1053 1056 1919
f 1678 1921 1679
f 1044 1063 1909
f 1918 1924 1915
f 1889 1924 1925
f 1889 1915 1924
f 1924 1926 1925
f 1889 1925 1890
f 1890 1925 1929
f 1918 1681 1924
f 1681 1926 1924
f 1925 1930 1929
f 1897 1929 2083
f 1929 1930 2083
f 1925 1926 1930
f 1930 1683 2083
f 1683 1685 2083
f 1831 1832 1871
f 1888 2064 2074
f 1888 2069 2064
f 2064 2069 2065
f 2064 2065 2076
f 1897 2067 2066
f 2067 2070 2066
f 2067 2068 2070
f 2068 2071 2070
f 1888 1899 2069
f 1899 2066 2069
f 2069 2066 2070
f 2065 2069 2070
f 2068 2086 2071
f 2065 2070 2072
f 2070 2071 2072
f 2065 2072 2079
f 2071 2086 2073
f 2072 2071 2073
f 2072 2073 2077
f 1908 2074 1842
f 2074 2075 1842
f 2074 2064 2075
f 2064 2076 2075
f 2075 2076 1847
f 2065 2079 2076
f 2072 2077 2079
f 2073 2109 2077
f 2076 2078 1847
f 2076 2079 2078
f 2079 2080 2078
f 2080 2081 2078
f 1849 2078 2081
f 1849 2081 2291
f 2080 2313 2081
f 2079 2077 2080
f 2077 2109 2082
f 2080 2077 2082
f 2080 2082 2313
f 1897 2083 2067
f 2067 2083 2068
f 2068 2083 2084
f 2068 2084 2086
f 1685 1720 2083
f 2083 1720 2088
f 2083 2085 2084
f 2083 2088 2085
f 2084 2087 2086
f 2086 2087 2108
f 2084 2085 2087
f 2085 2100 2087
f 2087 2100 2111
f 2073 2086 2108
f 2085 2088 2099
f 2088 1740 2099
f 1743 2099 1740
f 2085 2099 2100
f 2099 2101 2100
f 1743 2101 2099
f 1743 5474 2101
f 2100 2101 2102
f 2101 5475 2102
f 2073 2108 2109
f 2108 2110 2109
f 2087 2111 2108
f 2108 2111 2110
f 2100 2112 2111
f 2100 2102 2112
f 2102 5475 5481
f 2102 5481 2112
f 2111 2112 2113
f 2110 2111 2113
f 2112 5481 5483
f 2112 5483 2113
f 2082 2109 2114
f 2109 2110 2114
f 2114 2110 2318
f 2110 2113 2318
f 2113 2319 2318
f 2113 5483 2319
f 1798 1856 2292
f 1798 2292 2295
f 1858 2298 2293
f 1858 2293 2292
f 2292 2293 2295
f 1798 2295 2294
f 2294 2295 2297
f 2294 2297 2303
f 2293 2296 2295
f 2295 2296 2297
f 2296 2307 2297
f 1862 2290 2298
f 2290 2299 2298
f 2293 2298 2300
f 2299 2300 2298
f 2290 2291 2299
f 2299 2302 2300
f 2291 2322 2299
f 2299 2322 2302
f 2293 2300 2296
f 2296 2300 2301
f 2296 2301 2307
f 2300 2302 2301
f 2301 2302 2324
f 1806 2303 2305
f 2303 2304 2305
f 2297 2304 2303
f 2297 2307 2304
f 2304 2310 2305
f 1806 2305 2306
f 2305 2390 2306
f 2305 2310 2390
f 2301 2309 2307
f 2307 2309 2308
f 2304 2307 2308
f 2301 2324 2309
f 2308 2309 2335
f 2304 2308 2310
f 2308 2335 2311
f 2308 2311 2310
f 2310 2311 2392
f 2081 2312 2291
f 2081 2313 2312
f 2082 2315 2313
f 2312 2313 2314
f 2313 2315 2314
f 2312 2314 2325
f 2082 2114 2315
f 2114 2316 2315
f 2114 2318 2316
f 2315 2316 2317
f 2314 2315 2317
f 2314 2317 2327
f 2316 2320 2317
f 2318 2321 2316
f 2318 2319 2321
f 2319 5570 2321
f 2316 2321 2320
f 2321 5571 2320
f 2317 2320 2329
f 2291 2312 2322
f 2322 2312 2325
f 2302 2322 2323
f 2322 2325 2323
f 2302 2323 2324
f 2324 2323 2333
f 2325 2326 2323
f 2314 2327 2325
f 2325 2327 2326
f 2323 2326 2333
f 2326 2338 2333
f 2317 2329 2327
f 2327 2329 2328
f 2326 2327 2328
f 2326 2328 2338
f 2320 2330 2329
f 2320 5571 2330
f 2329 2331 2328
f 2328 2331 2339
f 2329 2330 2331
f 2309 2324 2332
f 2324 2333 2332
f 2309 2332 2335
f 2332 2336 2335
f 2332 2333 2334
f 2333 2338 2334
f 2332 2334 2336
f 2335 2336 2337
f 2336 2342 2337
f 2311 2335 2337
f 2328 2339 2338
f 2338 2339 2340
f 2334 2338 2340
f 2334 2340 2341
f 2331 5590 2339
f 2339 5591 2340
f 2340 5591 5594
f 2334 2341 2336
f 2336 2341 2342
f 2340 5594 2341
f 2341 5594 5596
f 2341 5596 2342
f 1668 2377 2350
f 2344 2349 2346
f 2343 2344 2345
f 2343 2345 1566
f 2345 2344 2346
f 2349 2353 2346
f 2345 2346 2347
f 2345 2347 1568
f 2347 2348 2358
f 2347 2346 2348
f 2346 2353 2348
f 2353 2356 2348
f 2348 2356 2359
f 2349 2351 2353
f 1672 2351 2349
f 2353 2351 2352
f 1668 2350 2351
f 2378 2354 2350
f 2350 2352 2351
f 2350 2354 2352
f 2352 2354 2357
f 2354 2355 2357
f 2354 2387 2355
f 2355 2388 2364
f 2353 2352 2356
f 2356 2352 2357
f 2356 2357 2365
f 2355 2367 2357
f 2347 2358 1578
f 1578 2358 1581
f 2358 2360 1581
f 2358 2359 2360
f 2348 2359 2358
f 2360 2359 2362
f 2359 2365 2362
f 1581 2360 1582
f 2360 2362 2361
f 1582 2360 2361
f 2366 2363 2362
f 2361 2362 2363
f 2363 2370 5694
f 2364 2409 2369
f 2365 2357 2367
f 2356 2365 2359
f 2366 2367 2368
f 2365 2366 2362
f 2365 2367 2366
f 2355 2364 2367
f 2364 2368 2367
f 2364 2369 2368
f 2411 2372 2369
f 2366 2370 2363
f 2366 2368 2370
f 2370 2368 2371
f 2370 2371 5697
f 2368 2369 2371
f 2369 2372 2371
f 2371 2372 5698
f 1676 2373 2376
f 2373 2375 2376
f 1791 2375 2373
f 1791 2374 2375
f 2374 2380 2375
f 1676 2376 2377
f 2377 2376 2378
f 2377 2378 2350
f 2375 2379 2376
f 2375 2380 2379
f 2378 2379 2387
f 2378 2376 2379
f 1804 2381 2382
f 1804 2382 2374
f 2374 2382 2380
f 2380 2382 2386
f 2381 2384 2382
f 2382 2384 2386
f 1808 2383 2381
f 2381 2383 2384
f 1808 2306 2383
f 2383 2394 2384
f 2380 2385 2379
f 2380 2386 2385
f 2379 2385 2387
f 2386 2389 2385
f 2386 2395 2389
f 2384 2395 2386
f 2384 2394 2395
f 2378 2387 2354
f 2385 2388 2387
f 2388 2389 2409
f 2385 2389 2388
f 2355 2387 2388
f 2306 2391 2383
f 2390 2393 2391
f 2306 2390 2391
f 2383 2391 2394
f 2391 2396 2394
f 2310 2392 2390
f 2390 2392 2393
f 2311 2398 2392
f 2391 2393 2396
f 2392 2399 2393
f 2393 2399 2404
f 2389 2395 2408
f 2394 2397 2395
f 2394 2396 2397
f 2395 2397 2408
f 2393 2404 2396
f 2396 2404 2405
f 2396 2405 2397
f 2397 2405 2410
f 2311 2337 2398
f 2392 2398 2399
f 2337 2400 2398
f 2398 2400 2402
f 2398 2402 2399
f 2399 2402 2406
f 2337 2342 2400
f 2342 2401 2400
f 2342 5596 2401
f 2400 2401 2403
f 2402 2403 5723
f 2400 2403 2402
f 2399 2406 2404
f 2404 2406 2407
f 2404 2407 2405
f 2405 2407 2412
f 2402 5723 2406
f 2406 5723 5724
f 2406 5724 2407
f 2407 5724 5735
f 2389 2408 2409
f 2388 2409 2364
f 2409 2408 2411
f 2397 2410 2408
f 2411 2408 2410
f 2409 2411 2369
f 2405 2412 2410
f 2413 2410 2412
f 2411 2413 2372
f 2411 2410 2413
f 2407 5735 2412
f 2412 5735 5736
f 2413 5699 2372
f 2413 2412 5736
f 117 2421 2414
f 2416 2421 2427
f 2415 2453 2450
f 122 2414 2415
f 117 2414 122
f 2414 2418 2415
f 2414 2421 2416
f 2414 2416 2418
f 123 2415 2450
f 2415 2418 2453
f 2416 2427 2417
f 2416 2417 2419
f 2416 2419 2418
f 2418 2461 2453
f 2418 2419 2461
f 134 2420 137
f 134 2422 2420
f 2422 2431 2428
f 117 137 2421
f 137 2420 2421
f 2420 2428 2427
f 2420 2427 2421
f 2420 2422 2428
f 134 140 2422
f 140 2424 2422
f 140 2423 2424
f 2423 2425 2424
f 2422 2424 2431
f 2424 2426 2431
f 2424 2425 2426
f 2425 2475 2426
f 2427 2428 2429
f 2428 2431 2430
f 2428 2430 2429
f 2430 2437 2429
f 2426 2433 2431
f 2430 2431 2433
f 2426 2475 2432
f 2432 2475 2489
f 2432 2489 2434
f 2426 2432 2433
f 2432 2440 2433
f 2433 2440 2438
f 2432 2434 2440
f 2430 2433 2438
f 2417 2427 2429
f 2417 2447 2435
f 2419 2462 2461
f 2419 2435 2462
f 2417 2435 2419
f 2435 2447 2436
f 2435 2463 2462
f 2435 2436 2463
f 2436 3699 2463
f 2430 2438 2437
f 2438 2443 2439
f 2438 2439 2437
f 2440 2441 2443
f 2434 2441 2440
f 2434 3643 2441
f 2441 3643 2442
f 2441 2442 2444
f 2438 2440 2443
f 2441 2444 2443
f 2443 2444 2445
f 2443 2445 2439
f 2442 2446 2444
f 2444 3689 2445
f 2444 2446 3689
f 2417 2429 2447
f 2429 2437 2447
f 2437 2448 2447
f 2437 2439 2448
f 2436 2447 2448
f 2439 2449 2448
f 2445 2449 2439
f 2448 2449 3691
f 2445 3693 2449
f 2436 2448 3691
f 2436 3691 3699
f 2445 3689 3693
f 166 2450 2451
f 2450 2453 2454
f 2450 2454 2451
f 165 2451 2452
f 2451 2454 2457
f 2451 2457 2452
f 2453 2461 2459
f 2453 2459 2454
f 2454 2465 2457
f 2454 2459 2465
f 167 2452 2455
f 2452 2457 2458
f 2452 2458 2455
f 2455 2458 3765
f 2455 3765 2456
f 2457 2467 2458
f 2457 2465 2467
f 2458 3767 3765
f 2458 2467 3767
f 2459 2461 2460
f 2459 2466 2465
f 2459 2460 2466
f 2460 2461 2462
f 2460 2462 2464
f 2462 2463 2464
f 2463 3696 2464
f 2460 2469 2466
f 2460 2464 2469
f 2464 3697 2469
f 2465 2468 2467
f 2465 2466 2468
f 2467 3774 3767
f 2467 2468 3774
f 2466 2470 2468
f 2468 2470 3776
f 2468 3776 3774
f 2466 2469 2470
f 2469 3698 2470
f 2470 3969 3776
f 2423 2471 2425
f 2425 2471 2472
f 2471 2473 2472
f 2472 2473 2474
f 2425 2472 2475
f 2472 2477 2475
f 2475 2477 2489
f 2472 2474 2477
f 2474 2476 2477
f 2476 2490 2477
f 2476 2494 2490
f 268 2478 2473
f 2473 2478 2474
f 2478 2480 2479
f 2474 2478 2479
f 2479 2481 2483
f 268 271 2478
f 271 2480 2478
f 271 2503 2480
f 2479 2480 2481
f 2480 2504 2481
f 2480 2503 2504
f 2481 2504 2482
f 2481 2482 2485
f 2474 2479 2476
f 2476 2479 2483
f 2476 2483 2494
f 2483 2484 2494
f 2481 2485 2483
f 2483 2485 2484
f 2484 2485 2486
f 2484 2486 2496
f 2482 2487 2485
f 2485 2487 2486
f 2487 2488 2486
f 2486 2488 2498
f 2488 2510 2498
f 2477 2490 2489
f 2489 2490 2492
f 2490 2494 2491
f 2490 2491 2492
f 2491 2494 2495
f 2434 2489 2492
f 2434 2492 3643
f 2492 3644 3643
f 2491 3644 2492
f 2491 2495 2493
f 2491 2493 3644
f 2484 2495 2494
f 2484 2496 2495
f 2495 2496 2500
f 2496 2497 2500
f 2486 2498 2496
f 2496 2498 2497
f 2497 2498 2499
f 2497 2499 2501
f 2499 3574 2501
f 2498 2510 2499
f 2493 2495 2500
f 2497 2502 2500
f 2493 2500 3647
f 2500 2502 3647
f 2497 2501 2502
f 2501 3574 3588
f 2501 3649 2502
f 2501 3588 3649
f 2503 2506 2504
f 353 2506 2503
f 2504 2506 2505
f 354 2507 2506
f 2505 2506 2507
f 2505 2507 2513
f 2482 2504 2505
f 2482 2508 2487
f 2482 2505 2508
f 2508 2514 2509
f 2505 2513 2508
f 2508 2513 2514
f 2487 2509 2488
f 2487 2508 2509
f 2509 2533 2511
f 2488 2509 2511
f 2509 2514 2533
f 2511 2533 2535
f 2488 2511 2510
f 2511 2535 2512
f 2511 2512 2510
f 2512 2535 2537
f 2512 2537 3576
f 2537 2539 3576
f 354 381 2507
f 2507 2515 2513
f 2513 2515 2516
f 2513 2516 2514
f 2514 2516 2524
f 2514 2524 2533
f 2524 2534 2533
f 381 2515 2507
f 381 2517 2515
f 2515 2518 2516
f 2515 2517 2518
f 2516 2518 2525
f 2518 2522 2525
f 2525 2522 2523
f 2517 2519 2518
f 2518 2519 2522
f 2519 2520 2522
f 453 2521 2520
f 2520 2521 2522
f 2521 2523 2522
f 2521 2530 2523
f 2516 2525 2524
f 2525 2526 2524
f 2525 2523 2526
f 2526 2523 2527
f 2526 2534 2524
f 2526 2528 2534
f 2526 2527 2528
f 2528 2527 2529
f 2523 2530 2527
f 2527 2531 2529
f 2521 2772 2530
f 2530 2772 2774
f 2530 2774 2531
f 2530 2531 2527
f 2531 2774 2787
f 2531 2787 2532
f 2532 2787 2788
f 2529 2531 2532
f 2529 2532 2541
f 2532 2551 2541
f 2532 2788 2551
f 2551 2788 2791
f 2533 2534 2535
f 2535 2536 2537
f 2535 2534 2536
f 2536 2538 2537
f 2537 2538 2539
f 2539 2538 2544
f 2528 2536 2534
f 2528 2540 2536
f 2528 2529 2540
f 2529 2541 2540
f 2536 2540 2538
f 2538 2540 2542
f 2542 2540 2541
f 2542 2541 2543
f 2542 2543 2545
f 2545 3597 2544
f 2538 2542 2544
f 2542 2545 2544
f 2545 2543 2547
f 2545 2547 2546
f 2545 2546 3597
f 2553 2548 2547
f 2546 2547 2548
f 2554 2549 2548
f 2546 2548 3601
f 2549 3602 3601
f 2548 2549 3601
f 2549 3521 2550
f 2549 2550 3602
f 2541 2551 2543
f 2551 2552 2543
f 2551 2791 2552
f 2552 3510 2553
f 2552 2547 2543
f 2552 2553 2547
f 2553 2554 2548
f 2554 3521 2549
f 2555 3144 2559
f 2556 2566 2564
f 2556 2557 2555
f 2556 2564 2557
f 2556 2562 2566
f 2556 2559 2562
f 2556 2555 2559
f 2559 2560 2563
f 3144 2560 2559
f 2563 2560 2561
f 2560 3145 2561
f 2562 2558 2565
f 2559 2563 2562
f 2562 2563 2558
f 3105 2564 2567
f 3105 2557 2564
f 2564 2565 2567
f 2564 2566 2565
f 2562 2565 2566
f 3105 2567 2568
f 2568 2567 2570
f 2569 2565 2558
f 2569 2558 2576
f 2569 2570 2567
f 2569 2575 2570
f 2569 2567 2565
f 2568 2570 2579
f 2558 2572 2576
f 2576 2572 2573
f 2561 2571 2572
f 2561 3151 2571
f 2558 2563 2572
f 2563 2561 2572
f 2571 2573 2572
f 2576 2573 2578
f 2578 2573 4039
f 2571 3152 2574
f 3152 3154 2574
f 2574 3154 4040
f 2571 2574 2573
f 2574 4039 2573
f 2569 2576 2575
f 2575 2576 2578
f 2570 2575 2581
f 2575 2577 2581
f 2575 2578 2577
f 2577 2578 4048
f 2577 2584 2581
f 2577 4047 2584
f 2568 2579 3146
f 2570 2581 2579
f 3146 2579 2580
f 2579 2582 2580
f 2580 2583 3529
f 2579 2581 2582
f 2581 2584 2582
f 2585 2583 2582
f 2580 2582 2583
f 2583 2586 3530
f 2584 2585 2582
f 2584 4049 2585
f 2585 2586 2583
f 3530 2586 3532
f 2588 2590 2663
f 2588 2665 2589
f 2587 2589 2592
f 2590 2591 2663
f 2588 2589 2587
f 2592 2589 2683
f 2592 2683 2593
f 2588 2587 2590
f 2590 2587 2598
f 2593 2684 2601
f 2594 2601 2684
f 2594 2686 2613
f 2592 2610 2595
f 2595 2611 2596
f 2587 2595 2598
f 2590 2600 2591
f 2599 2602 2693
f 2590 2598 2600
f 2591 2602 2599
f 2602 2603 2693
f 2591 2600 2602
f 2587 2592 2595
f 2592 2593 2610
f 2593 2601 2610
f 2597 2600 2598
f 2595 2596 2598
f 2596 2597 2598
f 2602 2600 2616
f 2597 2616 2600
f 2603 2616 2604
f 2602 2616 2603
f 2603 2604 2695
f 2604 2605 2695
f 2606 2609 2607
f 2606 2810 2611
f 2606 2607 2811
f 2607 2612 2608
f 2607 2608 2812
f 2686 2614 2613
f 2601 2609 2606
f 2595 2610 2611
f 2610 2601 2606
f 2609 2613 2612
f 2610 2606 2611
f 2611 2810 2820
f 2596 2611 2820
f 2596 2820 2821
f 2596 2821 2597
f 2607 2609 2612
f 2594 2609 2601
f 2594 2613 2609
f 2612 2613 2614
f 2614 2748 2615
f 2612 2614 2615
f 2615 2750 2617
f 2608 2612 2615
f 2608 2615 2617
f 2608 2617 2860
f 2617 2750 2752
f 2617 2752 2759
f 2759 2752 2869
f 2620 2619 2626
f 2618 2619 2658
f 2630 2619 2618
f 2630 2626 2619
f 2630 2618 2655
f 2621 2660 2658
f 2622 2625 2637
f 2620 2625 2622
f 2620 2622 2660
f 2620 2660 2621
f 2619 2621 2658
f 2620 2621 2619
f 2622 2637 2659
f 2623 2659 2637
f 2638 2641 2682
f 2623 2638 2682
f 2628 2632 2626
f 2627 2637 2634
f 2625 2634 2637
f 2620 2626 2625
f 2632 2625 2626
f 2632 2634 2625
f 2630 2628 2626
f 2628 2629 2635
f 2630 2654 2628
f 2628 2654 2629
f 2631 2635 2645
f 2628 2635 2632
f 2631 2632 2635
f 2631 2634 2632
f 2624 2634 2631
f 2624 2633 2627
f 2624 2627 2634
f 2629 2636 2635
f 2635 2636 2645
f 2636 2676 2645
f 2623 2627 2638
f 2623 2637 2627
f 2639 2640 2641
f 2639 2641 2638
f 2633 2639 2638
f 2627 2633 2638
f 2639 2649 2640
f 2640 2649 2650
f 2624 2631 2642
f 2624 2642 2643
f 2631 2645 2642
f 2642 2648 2643
f 2624 2643 2633
f 2644 2647 2649
f 2633 2644 2639
f 2643 2644 2633
f 2642 2645 2703
f 2642 2703 2648
f 2645 2676 2703
f 2643 2646 2644
f 2643 2648 2646
f 2646 2647 2644
f 2646 2648 2708
f 2646 2708 2652
f 2646 2652 2653
f 2647 2653 2721
f 2646 2653 2647
f 2639 2644 2649
f 2649 2651 2650
f 2651 2710 2650
f 2649 2647 2651
f 2647 2721 2651
f 2630 2655 2654
f 2618 2662 2655
f 2654 2655 2666
f 2654 2666 2656
f 2657 2658 2664
f 2658 2660 2664
f 2622 2659 2665
f 2622 2665 2660
f 2660 2665 2664
f 2623 2683 2659
f 2657 2669 2662
f 2657 2664 2663
f 2657 2663 2669
f 2588 2664 2665
f 2588 2663 2664
f 2618 2658 2657
f 2618 2657 2662
f 2656 2666 2668
f 2656 2670 2675
f 2670 2671 2675
f 2661 2655 2662
f 2661 2666 2655
f 2661 2667 2666
f 2661 2662 2667
f 2666 2667 2668
f 2591 2669 2663
f 2662 2669 2667
f 2599 2668 2667
f 2670 2668 2693
f 2599 2667 2669
f 2670 2693 2692
f 2656 2668 2670
f 2671 2673 2678
f 2670 2692 2671
f 2671 2692 2673
f 2672 2678 2673
f 2629 2675 2636
f 2629 2654 2656
f 2629 2656 2675
f 2636 2675 2674
f 2674 2678 2677
f 2677 2678 2681
f 2671 2674 2675
f 2636 2674 2676
f 2676 2674 2677
f 2676 2677 2704
f 2704 2677 2706
f 2677 2681 2706
f 2671 2678 2674
f 2680 2706 2681
f 2672 2681 2678
f 2672 2679 2681
f 2680 2681 2679
f 2680 2679 2691
f 2680 2691 2733
f 2623 2682 2683
f 2589 2659 2683
f 2589 2665 2659
f 2593 2682 2684
f 2593 2683 2682
f 2641 2684 2682
f 2641 2685 2684
f 2685 2688 2686
f 2594 2684 2685
f 2686 2688 2687
f 2599 2693 2668
f 2591 2599 2669
f 2594 2685 2686
f 2686 2687 2614
f 2687 2748 2614
f 2641 2640 2685
f 2640 2688 2685
f 2687 2688 2689
f 2650 2689 2688
f 2640 2650 2688
f 2689 2729 2690
f 2687 2689 2690
f 2687 2690 2748
f 2690 2749 2748
f 2690 2731 2749
f 2749 2731 2754
f 2679 2700 2691
f 2672 2696 2679
f 2691 2739 2733
f 2673 2692 2695
f 2603 2692 2693
f 2603 2695 2692
f 2673 2695 2694
f 2672 2673 2694
f 2672 2694 2696
f 2694 2698 2696
f 2696 2697 2700
f 2605 2694 2695
f 2696 2698 2697
f 2605 2698 2694
f 2697 2699 2700
f 2679 2696 2700
f 2691 2700 2701
f 2691 2701 2739
f 2701 2700 2699
f 2701 2699 2702
f 2701 2743 2739
f 2701 2702 2743
f 2676 2704 2703
f 2703 2704 2707
f 2704 2705 2707
f 2704 2706 2705
f 2705 2706 2712
f 2705 2712 2713
f 2648 2703 2707
f 2648 2707 2708
f 2707 2709 2708
f 2708 2709 2719
f 2705 2709 2707
f 2705 2713 2709
f 2651 2721 2723
f 2651 2723 2710
f 2711 2712 2715
f 2712 2716 2715
f 2706 2716 2712
f 2680 2716 2706
f 2711 2713 2712
f 2709 2713 2724
f 2713 2714 2724
f 2711 2714 2713
f 2711 2715 2714
f 2715 2716 2735
f 2680 2733 2716
f 2714 2734 2727
f 2715 2734 2714
f 2652 2708 2719
f 2652 2719 2717
f 2653 2718 2722
f 2652 2718 2653
f 2652 2717 2718
f 2719 2720 2717
f 2717 2720 2718
f 2709 2724 2719
f 2719 2724 2720
f 2653 2722 2721
f 2718 2720 2725
f 2718 2725 2722
f 2721 2726 2723
f 2721 2722 2726
f 2720 2724 2727
f 2720 2727 2725
f 2722 2725 2728
f 2722 2728 2726
f 2714 2727 2724
f 2725 2727 2736
f 2725 2736 2728
f 2689 2710 2729
f 2650 2710 2689
f 2710 2730 2729
f 2710 2723 2730
f 2729 2730 2738
f 2690 2729 2731
f 2729 2738 2731
f 2723 2726 2732
f 2723 2732 2730
f 2726 2728 2744
f 2726 2744 2732
f 2716 2733 2735
f 2733 2740 2735
f 2733 2739 2740
f 2715 2735 2734
f 2734 2735 2737
f 2735 2740 2737
f 2727 2734 2736
f 2734 2737 2736
f 2731 2755 2754
f 2730 2745 2738
f 2731 2738 2755
f 2739 2742 2740
f 2739 2743 2742
f 2737 2740 2741
f 2740 2742 2741
f 2730 2732 2745
f 2728 2736 2746
f 2737 2746 2736
f 2728 2746 2744
f 2732 2744 2747
f 2732 2747 2745
f 2738 2745 2757
f 2737 2741 2746
f 2744 2746 2832
f 2741 2832 2746
f 2744 2832 2747
f 2745 2747 2845
f 2748 2751 2750
f 2615 2748 2750
f 2750 2751 2753
f 2749 2751 2748
f 2749 2754 2756
f 2749 2756 2751
f 2751 2756 2849
f 2750 2753 2752
f 2752 2895 2869
f 2752 2753 2895
f 2751 2849 2753
f 2754 2755 2756
f 2738 2757 2755
f 2755 2757 2844
f 2756 2844 2849
f 2755 2844 2756
f 2745 2845 2757
f 424 2762 2777
f 2777 2762 2764
f 2778 2764 2767
f 2759 2760 2861
f 488 2861 2758
f 2760 2761 2861
f 2758 2861 2761
f 2617 2759 2860
f 2759 2869 2760
f 2760 2766 2761
f 2760 2870 2766
f 2762 2763 2765
f 434 2763 2762
f 425 2758 2763
f 2758 2765 2763
f 2758 2761 2765
f 2762 2765 2764
f 2765 2768 2764
f 2761 2768 2765
f 2761 2766 2768
f 2766 2870 2904
f 2764 2768 2767
f 2768 2770 2767
f 2766 2770 2768
f 2766 2904 2770
f 2770 2769 2767
f 2771 2796 2769
f 2770 2904 2771
f 2770 2771 2769
f 2771 2797 2796
f 2771 3028 2797
f 2797 3028 2798
f 453 2772 2521
f 453 2773 2772
f 453 455 2773
f 455 2777 2773
f 2772 2773 2775
f 2773 2778 2775
f 2772 2775 2774
f 2774 2776 2787
f 2774 2775 2776
f 2775 2783 2776
f 2773 2777 2778
f 2777 2764 2778
f 480 2779 3408
f 480 2780 2779
f 2779 2780 2781
f 2779 2781 3413
f 2780 2782 2781
f 2781 2784 3415
f 2781 2782 2784
f 2775 2778 2783
f 2778 2767 2783
f 2783 2767 2769
f 2776 2783 2793
f 2783 2769 2793
f 2782 2785 2784
f 2784 2785 2786
f 2784 2786 3424
f 2769 2796 2793
f 2787 2789 2788
f 2776 2789 2787
f 2776 2793 2789
f 2788 2789 2790
f 2789 2794 2790
f 2788 2790 2791
f 2790 3510 2791
f 2790 2792 3510
f 2792 3511 3510
f 2792 2801 3511
f 2789 2793 2794
f 2793 2796 2794
f 2794 2796 2795
f 2790 2794 2792
f 2792 2794 2795
f 2795 2796 2797
f 2795 2797 2802
f 2797 2798 2802
f 2798 3458 2799
f 2798 2799 2802
f 2799 2800 2802
f 2800 3466 2805
f 2799 3467 2800
f 2805 3466 3470
f 2800 3467 3466
f 2792 2795 2801
f 2795 2802 2801
f 2802 2803 3515
f 2802 3515 2801
f 2803 2804 3516
f 2803 3516 3515
f 2800 2803 2802
f 2803 2805 2804
f 2807 3484 2808
f 2800 2805 2803
f 2804 2805 2806
f 2805 3470 2806
f 2804 2806 2807
f 2806 3484 2807
f 2804 2807 3516
f 2807 2808 3517
f 2606 2811 2810
f 2810 2809 2820
f 2809 2815 2820
f 2815 2816 2821
f 2811 2858 2813
f 2811 2812 2858
f 2814 2809 2813
f 486 2814 2813
f 2814 2818 2809
f 2815 2818 2819
f 2607 2812 2811
f 2810 2813 2809
f 2810 2811 2813
f 2608 2860 2812
f 2809 2818 2815
f 2816 2819 2817
f 2815 2819 2816
f 2817 2864 2826
f 2817 2819 2864
f 2826 2864 2865
f 2616 2822 2604
f 2597 2822 2616
f 2604 2822 2823
f 2597 2821 2822
f 2815 2821 2820
f 2816 2823 2822
f 2816 2822 2821
f 2817 2825 2823
f 2604 2823 2605
f 2605 2823 2825
f 2605 2825 2698
f 2698 2825 2824
f 2824 2825 2826
f 2824 2827 2834
f 2824 2826 2827
f 2827 2828 2834
f 2816 2817 2823
f 2817 2826 2825
f 2826 2829 2827
f 2827 2830 2828
f 2826 2865 2829
f 2827 2829 2830
f 2828 2830 2836
f 2830 2840 2836
f 2697 2834 2699
f 2699 2835 2702
f 2702 2835 2837
f 2702 2843 2743
f 2702 2837 2843
f 2743 2831 2742
f 2743 2843 2831
f 2741 2742 2833
f 2742 2831 2833
f 2741 2833 2832
f 2697 2698 2824
f 2697 2824 2834
f 2699 2834 2835
f 2835 2836 2837
f 2828 2835 2834
f 2828 2836 2835
f 2843 2837 2839
f 2836 2838 2837
f 2837 2838 2839
f 2753 2849 2898
f 2836 2840 2838
f 2838 2840 2841
f 2838 2841 2839
f 2839 2841 2842
f 2843 2852 2831
f 2843 2839 2852
f 2831 2848 2833
f 2831 2852 2848
f 2747 2832 2846
f 2832 2833 2846
f 2747 2846 2845
f 2757 2845 2847
f 2757 2847 2844
f 2833 2848 2846
f 2845 2846 2851
f 2845 2851 2847
f 2844 2847 2850
f 2844 2850 2849
f 2849 2850 2898
f 2847 2855 2850
f 2847 2851 2855
f 2850 2855 2899
f 2839 2842 2852
f 2848 2852 2857
f 2846 2848 2854
f 2846 2854 2851
f 2842 2853 2852
f 2852 2853 2857
f 2842 2909 2853
f 2848 2857 2854
f 2851 2854 2856
f 2851 2856 2855
f 2854 2857 2903
f 2853 2912 2857
f 2857 2912 2903
f 2854 2903 2856
f 2812 2859 2858
f 2812 2860 2859
f 2859 2860 2861
f 2759 2861 2860
f 488 2859 2861
f 491 2864 2819
f 491 2819 2818
f 2864 2862 2865
f 491 2862 2864
f 2865 2862 2863
f 2865 2866 2829
f 2865 2863 2866
f 495 2863 2862
f 495 2867 2863
f 2863 2867 2868
f 2863 2868 2866
f 2866 2868 2873
f 2760 2869 2870
f 2829 2871 2830
f 2866 2871 2829
f 2830 2871 2840
f 2872 2840 2871
f 2866 2873 2871
f 2872 2871 2873
f 2872 2873 2874
f 508 2875 2879
f 2879 2875 3409
f 2879 3409 2882
f 511 2876 2867
f 2867 2876 2868
f 508 2876 511
f 2876 2879 2880
f 2868 2876 2880
f 2868 2880 2873
f 508 2879 2876
f 512 2889 2877
f 2877 2883 2878
f 512 513 2886
f 2878 2885 3411
f 2877 2889 2883
f 512 2886 2889
f 2878 2883 2884
f 2878 2884 2885
f 3411 2885 2890
f 2873 2880 2874
f 2874 2880 2881
f 2879 2882 2880
f 2880 2882 2881
f 2881 2882 2905
f 3414 2905 2882
f 513 2888 2886
f 514 2887 2888
f 2887 2931 2888
f 2883 2889 2919
f 2886 2917 2889
f 2885 2920 2890
f 2886 2888 2891
f 3418 2890 2920
f 2889 2917 2919
f 2883 2919 2918
f 2883 2918 2884
f 2884 2921 2885
f 2884 2918 2921
f 2885 2921 2920
f 2886 2891 2917
f 3418 2920 2892
f 2891 2888 2893
f 3420 2892 2894
f 2893 2888 2931
f 2869 2896 2870
f 2869 2895 2896
f 2753 2898 2895
f 2895 2898 2900
f 2895 2900 2896
f 2870 2896 2904
f 2896 2907 2904
f 2872 2841 2840
f 2872 2897 2841
f 2841 2897 2842
f 2842 2897 2909
f 2872 2874 2897
f 2850 2899 2898
f 2898 2899 2900
f 2896 2900 2907
f 2899 2901 2900
f 2900 2901 3027
f 2855 2902 2899
f 2855 2856 2902
f 2899 2902 2901
f 2856 2903 3024
f 2856 3024 2902
f 2901 2902 3025
f 2874 2881 2910
f 2881 2905 2916
f 2905 2906 2916
f 2771 2904 2907
f 2771 2907 3028
f 2900 3027 2907
f 2906 2908 2922
f 2897 2874 2910
f 2897 2910 2909
f 2909 2910 2913
f 2853 2909 2911
f 2853 2911 2912
f 2909 2913 2911
f 2903 2912 3040
f 2911 2914 2912
f 2912 2914 3040
f 2911 2913 2915
f 2911 2915 2914
f 2914 2915 3054
f 2881 2916 2910
f 2910 2916 2913
f 2916 2922 2913
f 2906 2922 2916
f 2917 2925 2919
f 2918 2919 2927
f 2918 2928 2921
f 2891 2893 2958
f 2891 2958 2926
f 2891 2926 2917
f 2892 2920 2929
f 2892 2959 2894
f 2919 2925 2927
f 2918 2927 2928
f 2917 2926 2925
f 2928 2929 2921
f 2929 2920 2921
f 2892 2929 2959
f 2915 2913 2922
f 2915 2922 2923
f 2915 2923 3054
f 2908 2923 2922
f 2908 2924 2923
f 2925 2926 2966
f 2925 3180 2927
f 2927 3181 2928
f 677 2930 2887
f 2887 2930 2931
f 2893 2932 2957
f 2894 2960 3436
f 2893 2931 2932
f 3435 3436 2962
f 2931 2930 2939
f 2931 2939 2932
f 3435 2962 2948
f 521 2933 2930
f 527 531 2943
f 527 2942 3440
f 3439 3440 2941
f 2930 2933 2939
f 2937 2939 2933
f 531 2951 2943
f 527 2943 2940
f 527 2940 2942
f 3440 2942 2941
f 3441 2941 2944
f 2934 4078 2937
f 530 2937 2933
f 693 2938 529
f 531 532 2951
f 693 3438 2938
f 532 2936 2951
f 530 2934 2937
f 529 2938 4067
f 2950 2951 2936
f 3438 2952 2938
f 3443 2953 3444
f 2935 2950 2936
f 2935 4068 2954
f 2932 2939 2997
f 3435 2948 2952
f 2943 2951 2991
f 2949 2940 2943
f 2947 2942 2940
f 2945 2941 2942
f 2945 2944 2941
f 2946 2947 2940
f 2945 2942 2947
f 2946 2940 2949
f 2949 2943 2991
f 2944 2990 2953
f 2953 2990 2992
f 2945 2990 2944
f 2953 2992 2955
f 2937 2997 2939
f 2937 4078 2997
f 2950 2991 2951
f 3443 2944 2953
f 3444 2953 2955
f 2935 2954 2950
f 3444 2955 3445
f 2938 2952 4079
f 3445 2956 4717
f 2950 2954 2998
f 2950 2998 2991
f 2954 3000 2998
f 2948 4081 2952
f 2955 2993 2956
f 2954 4080 3000
f 3445 2955 2956
f 2956 3001 4717
f 2968 2982 3215
f 2893 2957 2958
f 2957 2968 2958
f 2894 2959 2960
f 3436 2960 2962
f 2932 2985 2957
f 2957 2961 2968
f 2957 2985 2961
f 2969 2986 2970
f 2963 2986 2969
f 2963 2971 2964
f 2960 2972 2962
f 2964 2973 2994
f 2926 2958 2965
f 2958 2968 2965
f 2925 2966 3180
f 2926 2965 2966
f 2927 3180 3181
f 2928 2967 2929
f 2929 2967 2959
f 2959 2974 2960
f 2959 2967 2974
f 2928 3181 2967
f 2961 2982 2968
f 2970 2986 3006
f 2964 2971 2973
f 2963 2969 2971
f 2975 2969 2970
f 2969 2976 2971
f 2978 2970 3006
f 2965 2968 3215
f 2977 2970 2978
f 2978 3006 3220
f 2975 2970 2977
f 2971 2976 2979
f 2975 2976 2969
f 2971 2979 2973
f 2973 3187 2980
f 2967 3222 2974
f 2973 2979 3187
f 2960 2974 2972
f 2973 2980 2994
f 2980 3187 3012
f 2961 2983 2982
f 2961 2981 2983
f 2984 3215 2982
f 2981 4138 2983
f 2982 2983 4138
f 2984 2982 4138
f 2932 2997 2985
f 2986 2987 3006
f 2987 2988 3007
f 2961 2985 2981
f 2988 2998 2989
f 2945 2947 2964
f 2946 2949 2987
f 2946 2963 2947
f 2945 2964 2990
f 2946 2986 2963
f 2947 2963 2964
f 2964 2994 2990
f 2948 2962 2996
f 2949 2988 2987
f 2946 2987 2986
f 2994 2992 2990
f 2949 2991 2988
f 2991 2998 2988
f 2948 2996 2999
f 2955 2992 2993
f 2994 2995 2992
f 2972 2996 2962
f 2995 2993 2992
f 3010 3002 2993
f 2995 3010 2993
f 3010 3011 3002
f 2985 2997 4136
f 2989 3000 3014
f 2996 4158 2999
f 2985 4136 2981
f 3003 3015 3014
f 3003 4148 3015
f 2948 2999 4081
f 2989 2998 3000
f 2956 2993 3002
f 3000 4080 3003
f 2956 3002 3001
f 3001 3002 3004
f 3001 3004 4145
f 3000 3003 3014
f 3011 3004 3002
f 3004 3005 4145
f 2987 3007 3006
f 2988 3008 3007
f 2972 3018 2996
f 2988 2989 3008
f 2989 3014 3009
f 2989 3009 3008
f 3006 3007 3220
f 2972 2974 3225
f 3007 3008 3223
f 2974 3222 3225
f 3007 3223 3220
f 2972 3225 3018
f 3008 3009 3226
f 2980 2995 2994
f 2980 3010 2995
f 2980 3012 3010
f 3010 3012 3011
f 3012 3224 3013
f 3011 3012 3013
f 3011 3013 3019
f 3013 3228 3019
f 2996 3018 4158
f 3009 3014 3015
f 3015 4148 3016
f 3009 3015 3017
f 3018 3225 4143
f 3015 3016 3017
f 3016 3231 3017
f 3016 4159 3231
f 3011 3019 3004
f 3019 3020 3005
f 3019 3005 3004
f 3020 4160 3005
f 3019 3228 3020
f 3020 3021 4160
f 3020 3236 3021
f 3022 3023 3047
f 3022 3084 3023
f 3023 3112 3050
f 2903 3040 3024
f 2902 3024 3025
f 2901 3025 3030
f 3025 3024 3026
f 3024 3040 3026
f 2907 3027 3028
f 2901 3030 3027
f 3027 3030 3029
f 3027 3029 3028
f 2798 3028 3029
f 3029 3030 3032
f 3025 3031 3030
f 3025 3026 3031
f 3026 3055 3034
f 3026 3034 3031
f 2924 3454 3056
f 3030 3031 3032
f 3031 3033 3032
f 3031 3034 3033
f 3033 3056 3454
f 3034 3056 3033
f 3029 3032 3458
f 3039 3473 3037
f 3039 3037 3035
f 3036 3035 3037
f 3036 3037 3038
f 3039 3460 3473
f 3039 3069 3460
f 3039 3035 3072
f 3039 3072 3069
f 2914 3055 3040
f 2914 3054 3055
f 3040 3055 3026
f 3044 3043 3051
f 3044 3051 3052
f 3051 3043 3041
f 3044 3058 3043
f 3044 3052 3045
f 3044 3045 3060
f 3046 3052 3051
f 3042 3046 3051
f 3042 3048 3046
f 3046 3047 3052
f 3022 3046 3048
f 3022 3048 3082
f 3048 3175 3082
f 3022 3047 3046
f 3048 3053 3175
f 3047 3049 3052
f 3023 3050 3047
f 3047 3050 3049
f 3042 3051 3041
f 3042 3041 3064
f 3042 3053 3048
f 3042 3064 3053
f 3053 3064 3178
f 3045 3052 3049
f 2923 3056 3054
f 3034 3055 3054
f 3034 3054 3056
f 2923 2924 3056
f 3057 3043 3058
f 3036 3061 3057
f 3057 3061 3059
f 3035 3057 3058
f 3036 3057 3035
f 3041 3043 3059
f 3057 3059 3043
f 3041 3059 3065
f 3059 3062 3065
f 3044 3060 3058
f 3058 3060 3072
f 3035 3058 3072
f 3036 3038 3061
f 3061 3063 3062
f 3038 3063 3061
f 3059 3061 3062
f 3062 3063 3067
f 3067 3063 3491
f 3041 3065 3064
f 3064 3065 3196
f 3062 3066 3065
f 3065 3066 3196
f 3062 3067 3066
f 3460 3069 3068
f 3069 3072 3074
f 3069 3070 3068
f 3069 3074 3070
f 3070 3076 3487
f 3050 3265 3049
f 3049 3265 3266
f 3045 3049 3266
f 3045 3071 3060
f 3045 3266 3071
f 3071 3272 3075
f 3060 3075 3072
f 3072 3075 3073
f 3072 3073 3074
f 3071 3075 3060
f 3073 3075 3295
f 3075 3272 3295
f 3067 3491 3275
f 3491 3493 3275
f 3070 3074 3076
f 3074 3073 3078
f 3074 3078 3076
f 3073 3077 3078
f 3073 3295 3077
f 3077 3536 3078
f 3080 3084 3081
f 3080 3085 3084
f 3089 3080 3079
f 3080 3081 3079
f 3079 3083 3086
f 3081 3084 3082
f 3022 3082 3084
f 3081 3082 3176
f 3081 3176 3083
f 3023 3084 3085
f 3023 3085 3112
f 3079 3081 3083
f 3083 3176 3088
f 3115 3079 3086
f 3115 3086 3116
f 3086 3157 3116
f 3086 3087 3157
f 3083 3087 3086
f 3083 3088 3087
f 3088 3176 3179
f 3087 3088 3159
f 3088 3179 3160
f 3091 3101 3093
f 3093 3100 3123
f 3093 3099 3100
f 3090 3092 3104
f 3090 3099 3092
f 3092 3099 3093
f 3092 3093 3101
f 3091 3093 3123
f 3094 3115 3116
f 3089 3096 3098
f 3089 3115 3096
f 3094 3096 3115
f 3099 3094 3095
f 3099 3095 3100
f 3094 3116 3095
f 3095 3116 3128
f 3090 3097 3096
f 3090 3094 3099
f 3090 3096 3094
f 3090 3104 3097
f 3096 3097 3098
f 3097 3108 3098
f 3098 3108 3117
f 3092 3101 3102
f 3103 3101 3141
f 3103 3102 3101
f 3091 3141 3101
f 3103 2557 3105
f 3103 3141 2557
f 3102 3106 3107
f 3103 3106 3102
f 3092 3102 3104
f 3102 3107 3104
f 3104 3107 3109
f 3103 3105 3106
f 3107 3106 3146
f 3109 3147 3148
f 3109 3107 3147
f 3097 3104 3109
f 3097 3109 3108
f 3108 3110 3117
f 3109 3148 3108
f 3108 3148 3110
f 3110 3150 3119
f 3089 3079 3115
f 3089 3111 3080
f 3089 3098 3111
f 3098 3117 3111
f 3080 3111 3085
f 3085 3111 3113
f 3111 3117 3113
f 3085 3113 3112
f 3050 3112 3114
f 3112 3113 3118
f 3112 3118 3114
f 3128 3116 3157
f 3113 3117 3119
f 3113 3119 3118
f 3114 3118 3120
f 3114 3121 3265
f 3114 3120 3121
f 3110 3119 3117
f 3118 3119 3168
f 3118 3168 3120
f 3121 3171 3269
f 3091 3124 3142
f 3122 3124 3125
f 3142 3124 3122
f 3091 3123 3124
f 3124 3123 3126
f 3123 3127 3126
f 3145 3122 3125
f 3125 3126 3132
f 3124 3126 3125
f 3126 3127 3133
f 3126 3133 3132
f 3127 3136 3133
f 3095 3129 3100
f 3095 3128 3129
f 3100 3127 3123
f 3100 3129 3127
f 3127 3129 3136
f 3129 3130 3136
f 3128 3130 3129
f 3128 3131 3130
f 3132 3133 3153
f 3133 3136 3134
f 3133 3134 3153
f 3134 3135 3155
f 3134 3137 3135
f 3135 3139 4491
f 3130 3137 3136
f 3136 3137 3134
f 3130 3138 3137
f 3130 3131 3138
f 3131 3162 3138
f 3135 3137 3139
f 3137 3138 3139
f 3138 3140 3139
f 3138 3162 3140
f 3141 2555 2557
f 3141 3142 2555
f 3091 3142 3141
f 3142 3144 2555
f 3142 3122 3144
f 3143 3144 3122
f 3143 3122 3145
f 3143 2560 3144
f 3143 3145 2560
f 3145 3125 3151
f 3145 3151 2561
f 3151 3125 3132
f 3105 2568 3106
f 3106 2568 3146
f 3107 3146 3147
f 3148 3529 3149
f 3147 3529 3148
f 3149 3531 3150
f 3150 3168 3119
f 3110 3148 3149
f 3110 3149 3150
f 3150 3531 3156
f 3150 3156 3168
f 3156 3169 3168
f 3151 3132 3152
f 2571 3151 3152
f 3152 3132 3153
f 3152 3153 3154
f 3154 3153 3155
f 3154 3155 4489
f 3134 3155 3153
f 3135 4490 3155
f 3156 3534 3169
f 3169 3534 3172
f 3128 3157 3131
f 3087 3158 3157
f 3087 3159 3158
f 3131 3157 3158
f 3158 3159 3163
f 3159 3166 3163
f 3131 3158 3162
f 3088 3160 3159
f 3268 3161 3160
f 3159 3160 3166
f 3160 3161 3166
f 3158 3163 3162
f 3162 3163 3164
f 3163 3166 3165
f 3140 3162 3164
f 3163 3165 3164
f 3164 3165 4515
f 3161 3167 3166
f 3161 3302 3167
f 3165 3166 3167
f 3165 3167 4517
f 3167 3302 4518
f 3120 3168 3169
f 3120 3169 3170
f 3120 3170 3121
f 3121 3170 3171
f 3170 3174 3171
f 3169 3172 3170
f 3170 3172 3174
f 3172 4525 3174
f 3171 3174 3173
f 3174 4526 3173
f 3082 3175 3176
f 3053 3177 3175
f 3175 3179 3176
f 3175 3177 3179
f 3053 3178 3177
f 3178 3064 3196
f 3178 3271 3177
f 3178 3196 3270
f 3177 3268 3179
f 3177 3271 3268
f 3179 3268 3160
f 3178 3270 3271
f 2966 3186 3180
f 2965 3185 2966
f 2977 3182 3183
f 2975 2977 3183
f 2975 3183 3184
f 2966 3185 3186
f 3180 3221 3181
f 2975 3184 2976
f 2976 3191 2979
f 2967 3181 3222
f 2976 3184 3191
f 2965 3215 3185
f 2977 3192 3182
f 2977 2978 3192
f 2978 3220 3193
f 3180 3186 3221
f 2978 3193 3192
f 2979 3191 3194
f 2979 3194 3187
f 3181 3221 3222
f 3187 3194 3224
f 3182 3189 3183
f 3184 3183 3190
f 3182 3188 3189
f 3184 3190 3200
f 3183 3189 3190
f 3184 3200 3191
f 3191 3200 3203
f 3182 3192 3201
f 3182 3201 3188
f 3192 3202 3201
f 3192 3193 3202
f 3194 3195 3224
f 3194 3203 3195
f 3191 3203 3194
f 3066 3277 3196
f 3188 3197 3199
f 3188 3199 3189
f 3189 3199 3198
f 3189 3198 3190
f 3190 3205 3200
f 3190 3198 3205
f 3200 3205 3213
f 3200 3213 3203
f 3188 3201 3209
f 3188 3209 3197
f 3201 3210 3209
f 3201 3202 3210
f 3195 3203 3204
f 3195 3204 3241
f 3213 3204 3203
f 3197 3211 3206
f 3197 3206 3199
f 3199 3206 3207
f 3198 3207 3208
f 3198 3208 3205
f 3198 3199 3207
f 3206 3211 3279
f 3206 3279 3276
f 3207 3206 3276
f 3207 3276 3208
f 3205 3208 3280
f 3197 3212 3211
f 3197 3209 3212
f 3211 3212 3278
f 3205 3280 3213
f 3209 3281 3212
f 3209 3210 3281
f 3213 3214 3204
f 3204 3214 3244
f 3213 3280 3214
f 3214 3311 3244
f 3218 3186 3185
f 3216 3185 3215
f 2984 3216 3215
f 3216 3218 3185
f 3217 3186 3218
f 3217 3219 3186
f 3220 3223 3227
f 3012 3187 3224
f 3221 4549 3222
f 3008 3226 3223
f 3193 3220 3227
f 3195 3229 3224
f 3223 3242 3227
f 3195 3241 3229
f 3186 3219 3221
f 3223 3226 3242
f 3226 3233 3242
f 3233 3250 3242
f 3013 3224 3229
f 3013 3229 3228
f 3228 3229 3230
f 3228 3230 3236
f 3229 3241 3230
f 3230 3237 3236
f 3222 4550 3225
f 3009 3017 3226
f 3017 3231 3233
f 3017 3233 3226
f 3222 4549 4550
f 3231 4159 3232
f 3231 3232 3234
f 3221 3219 4549
f 3231 3234 3233
f 3233 3234 3250
f 3232 3235 3234
f 3232 4555 3235
f 3020 3228 3236
f 3021 3236 3238
f 3021 3238 4166
f 3238 3239 4166
f 3236 3237 3238
f 3237 3257 3238
f 3238 3257 3239
f 3239 3259 4560
f 3193 3240 3202
f 3193 3227 3240
f 3227 3246 3240
f 3204 3244 3241
f 3241 3244 3248
f 3227 3242 3246
f 3242 3250 3246
f 3202 3240 3243
f 3202 3243 3210
f 3240 3313 3243
f 3248 3244 3245
f 3244 3311 3245
f 3240 3246 3313
f 3246 3247 3313
f 3246 3250 3247
f 3245 3315 3249
f 3230 3241 3248
f 3230 3248 3237
f 3237 3248 3249
f 3248 3245 3249
f 3260 3315 3360
f 3249 3315 3260
f 3234 3251 3250
f 3247 3250 3251
f 3234 3235 3251
f 3235 4565 3253
f 3235 3253 3251
f 3253 4565 3254
f 3247 3251 3252
f 3251 3253 3252
f 3247 3252 3314
f 3253 3254 3256
f 3254 4566 3255
f 3252 3253 3256
f 3254 3336 3256
f 3254 3255 3336
f 3255 3338 3336
f 3255 4570 3338
f 3237 3249 3257
f 3249 3260 3257
f 3257 3260 3258
f 3239 3257 3258
f 3259 4568 4560
f 3239 3258 3259
f 3258 3262 3259
f 3258 3260 3261
f 3260 3360 3261
f 3258 3261 3262
f 3263 4569 4568
f 3263 3264 4569
f 3259 3263 4568
f 3259 3262 3263
f 3261 3362 3262
f 3264 3341 4570
f 3050 3114 3265
f 3265 3269 3266
f 3266 3269 3267
f 3071 3266 3267
f 3071 3267 3272
f 3121 3269 3265
f 3270 3301 3271
f 3270 3277 3300
f 3267 3269 3305
f 3267 3306 3272
f 3306 3273 3272
f 3267 3305 3306
f 3270 3196 3277
f 3066 3274 3277
f 3067 3274 3066
f 3067 3275 3274
f 3274 3275 3298
f 3493 3297 3275
f 3208 3276 3285
f 3212 3287 3278
f 3211 3278 3279
f 3278 3282 3279
f 3276 3283 3285
f 3276 3279 3283
f 3208 3285 3280
f 3212 3281 3287
f 3278 3286 3282
f 3279 3282 3283
f 3283 3289 3285
f 3282 3289 3283
f 3284 3285 3289
f 3280 3285 3284
f 3280 3284 3288
f 3287 3309 3290
f 3286 3287 3290
f 3278 3287 3286
f 3287 3281 3309
f 3284 3293 3288
f 3214 3280 3288
f 3214 3288 3311
f 3274 3323 3277
f 3282 3291 3289
f 3286 3319 3294
f 3286 3290 3319
f 3286 3294 3291
f 3282 3286 3291
f 3284 3289 3292
f 3277 3323 3300
f 3291 3292 3289
f 3284 3292 3293
f 3288 3293 3324
f 3291 3294 3320
f 3291 3320 3292
f 3292 3321 3293
f 3274 3298 3323
f 3298 3275 3297
f 3295 3272 3273
f 3077 3295 3296
f 3077 3296 3535
f 3493 3503 3297
f 3295 3273 3296
f 3297 3503 3385
f 3502 3538 3558
f 3503 3505 3385
f 3268 3271 3299
f 3271 3301 3299
f 3268 3299 3161
f 3270 3300 3301
f 3301 3300 3304
f 3161 3299 3302
f 3299 3303 3302
f 3299 3301 3303
f 3301 3304 3303
f 3304 3300 3308
f 3304 3308 4617
f 3269 3171 3305
f 3171 3173 3305
f 3305 3307 3306
f 3306 3541 3273
f 3306 3307 3541
f 3305 3173 3307
f 3173 4621 3307
f 3307 4622 3541
f 3210 3310 3281
f 3210 3243 3310
f 3243 3313 3326
f 3309 3310 3317
f 3281 3310 3309
f 3243 3326 3310
f 3245 3311 3312
f 3288 3324 3311
f 3324 3312 3311
f 3247 3314 3313
f 3313 3314 3326
f 3245 3312 3315
f 3315 3330 3360
f 3312 3330 3315
f 3330 3331 3360
f 3290 3318 3319
f 3290 3316 3318
f 3290 3309 3316
f 3316 3317 3318
f 3309 3317 3316
f 3293 3322 3324
f 3317 3326 3328
f 3310 3326 3317
f 3294 3365 3364
f 3294 3319 3365
f 3294 3364 3320
f 3292 3320 3321
f 3293 3321 3322
f 3319 3366 3365
f 3318 3366 3319
f 3318 3328 3366
f 3318 3317 3328
f 3324 3322 3369
f 3324 3325 3312
f 3312 3325 3330
f 3324 3369 3325
f 3326 3327 3329
f 3314 3327 3326
f 3300 3323 3308
f 3328 3329 3371
f 3326 3329 3328
f 3327 3386 3329
f 3325 3332 3330
f 3330 3332 3331
f 3325 3369 3383
f 3325 3383 3332
f 3332 3383 3333
f 3331 3332 3333
f 3314 3334 3327
f 3252 3334 3314
f 3256 3335 3334
f 3252 3256 3334
f 3331 3361 3360
f 3334 3335 3342
f 3361 3347 3362
f 3256 3336 3335
f 3336 3338 3339
f 3337 3338 4570
f 3337 4570 3341
f 3338 3340 3339
f 3335 3336 3339
f 3363 3353 3341
f 3341 3353 3354
f 3362 3353 3363
f 3337 3355 3340
f 3337 3340 3338
f 3337 3341 3354
f 3337 3354 3355
f 3327 3334 3342
f 3327 3342 3386
f 3342 3343 3386
f 3344 3345 3351
f 3343 3351 3345
f 3343 3345 3386
f 3331 3333 3346
f 3331 3346 3361
f 3335 3343 3342
f 3347 3349 3353
f 3362 3347 3353
f 3361 3346 3347
f 3346 3350 3347
f 3333 3348 3346
f 3346 3348 3350
f 3349 3350 3398
f 3347 3350 3349
f 3335 3339 3343
f 3343 3339 3351
f 3351 3339 3340
f 3351 3340 3352
f 3340 3355 3352
f 3352 3355 3358
f 3355 3359 3358
f 3349 3354 3353
f 3354 3359 3355
f 3351 3352 3357
f 3344 3351 3357
f 3356 3357 3352
f 3356 3352 3358
f 3356 3358 3359
f 3356 3359 3405
f 3349 3405 3359
f 3349 3359 3354
f 3261 3360 3361
f 3261 3361 3362
f 3262 3362 3363
f 3262 3363 3263
f 3264 3363 3341
f 3263 3363 3264
f 3320 3364 3367
f 3321 3320 3367
f 3321 3368 3322
f 3321 3367 3368
f 3364 3375 3370
f 3364 3365 3375
f 3364 3370 3367
f 3370 3374 3367
f 3368 3367 3374
f 3322 3368 3376
f 3322 3376 3369
f 3368 3374 3376
f 3298 3402 3323
f 3328 3371 3366
f 3365 3371 3375
f 3365 3366 3371
f 3369 3376 3381
f 3369 3381 3383
f 3329 3372 3371
f 3371 3372 3375
f 3323 3402 3308
f 3329 3386 3372
f 3370 3378 3373
f 3370 3375 3378
f 3373 3377 3374
f 3370 3373 3374
f 3376 3377 3381
f 3376 3374 3377
f 3372 3378 3375
f 3373 3392 3379
f 3373 3378 3392
f 3373 3379 3377
f 3372 3387 3378
f 3379 3390 3380
f 3377 3379 3380
f 3377 3380 3381
f 3384 3381 3382
f 3380 3382 3381
f 3333 3383 3384
f 3383 3381 3384
f 3333 3384 3348
f 3298 3406 3402
f 3298 3297 3406
f 3297 3385 3406
f 3505 3407 3385
f 3345 3387 3372
f 3345 3372 3386
f 3387 3388 3392
f 3344 3389 3388
f 3344 3388 3387
f 3344 3387 3345
f 3397 3395 3404
f 3389 3404 3395
f 3389 3395 3391
f 3388 3389 3391
f 3390 3395 3393
f 3390 3391 3395
f 3388 3391 3392
f 3379 3391 3390
f 3379 3392 3391
f 3378 3387 3392
f 3380 3390 3394
f 3390 3393 3394
f 3393 3401 3394
f 3400 3394 3401
f 3382 3394 3400
f 3380 3394 3382
f 3397 3403 3393
f 3397 3393 3395
f 3393 3403 3401
f 3384 3382 3396
f 3401 3399 3396
f 3400 3401 3396
f 3348 3384 3396
f 3348 3399 3350
f 3348 3396 3399
f 3397 3405 3398
f 3397 3398 3403
f 3403 3398 3399
f 3401 3403 3399
f 3349 3398 3405
f 3350 3399 3398
f 3382 3400 3396
f 3357 3404 3389
f 3344 3357 3389
f 3402 4628 3308
f 3356 3404 3357
f 3356 3405 3404
f 3397 3404 3405
f 3402 3406 4627
f 3406 4630 4627
f 3406 3385 4630
f 3505 3508 3407
f 3385 3407 4630
f 2875 3408 3409
f 2779 3413 3408
f 3409 3408 3413
f 481 3410 2780
f 2780 3410 2782
f 3411 2890 3412
f 608 3416 3410
f 608 616 3416
f 3409 3413 3414
f 3409 3414 2882
f 3413 3415 3414
f 3415 3422 3414
f 2781 3415 3413
f 2782 3410 3417
f 3410 3416 3429
f 3410 3429 3417
f 614 3418 615
f 614 3412 2890
f 615 3418 3420
f 614 2890 3418
f 616 3421 3416
f 618 3420 3419
f 3420 2894 3419
f 616 679 3421
f 3416 3421 3433
f 3418 2892 3420
f 679 3437 3421
f 3414 3422 2905
f 3422 3423 3427
f 2784 3423 3415
f 3415 3423 3422
f 2782 3417 2785
f 2784 3424 3423
f 3422 2906 2905
f 3422 3427 2906
f 3423 3424 3425
f 2786 3426 3424
f 3424 3426 3425
f 3427 3423 3425
f 3431 3450 3426
f 3427 3425 3449
f 3425 3450 3449
f 3425 3426 3450
f 2906 3427 2908
f 2908 3427 3428
f 3427 3449 3428
f 2908 3428 2924
f 3429 3433 3457
f 2785 3417 3430
f 2785 3430 2786
f 3417 3432 3430
f 3417 3429 3432
f 3416 3433 3429
f 2786 3431 3426
f 2786 3430 3431
f 3430 3481 3431
f 3430 3432 3481
f 3429 3457 3432
f 3421 3437 3433
f 3433 3434 3457
f 3433 3437 3434
f 678 3419 3436
f 678 3436 3435
f 679 681 3437
f 678 3435 3438
f 3419 2894 3436
f 681 3447 3437
f 3435 2952 3438
f 3439 2941 3441
f 681 694 3447
f 697 3441 3443
f 697 3443 3442
f 3442 3443 3444
f 3442 3444 4711
f 3441 2944 3443
f 3444 3445 4711
f 694 698 3446
f 694 3446 3447
f 3434 3437 3447
f 3434 3447 3497
f 3446 3448 3447
f 3447 3498 3497
f 3447 3448 3498
f 3481 3451 3450
f 3449 3450 3451
f 3455 3449 3451
f 3455 3451 3463
f 3481 3456 3451
f 3428 3455 3452
f 3428 3452 2924
f 2924 3452 3454
f 3033 3454 3459
f 3454 3452 3453
f 3452 3455 3453
f 3454 3453 3459
f 3428 3449 3455
f 3432 3457 3456
f 3455 3463 3453
f 2798 3029 3458
f 2799 3458 3462
f 3032 3459 3458
f 3453 3462 3459
f 3458 3459 3462
f 3461 3475 3473
f 3461 3485 3484
f 3468 3461 3484
f 3460 3485 3473
f 3461 3473 3485
f 3462 3463 3467
f 3463 3464 3467
f 3453 3463 3462
f 3451 3464 3463
f 3451 3465 3464
f 3464 3465 3472
f 3465 3478 3472
f 2799 3462 3467
f 3470 3466 3469
f 3468 3470 3469
f 3468 3469 3471
f 3464 3466 3467
f 3464 3472 3466
f 3466 3472 3469
f 2806 3470 3468
f 3468 3471 3461
f 3471 3469 3478
f 3469 3472 3478
f 3461 3471 3475
f 3471 3478 3475
f 3032 3033 3459
f 3473 3474 3037
f 3473 3475 3474
f 3037 3474 3038
f 3038 3474 3476
f 3474 3475 3479
f 3474 3479 3476
f 3456 3477 3465
f 3451 3456 3465
f 3465 3477 3478
f 3456 3457 3477
f 3457 3482 3477
f 3475 3478 3479
f 3477 3480 3478
f 3479 3478 3489
f 3489 3478 3480
f 3477 3482 3480
f 3431 3481 3450
f 3432 3456 3481
f 3434 3483 3457
f 3038 3476 3063
f 3476 3491 3063
f 3476 3479 3488
f 3479 3489 3488
f 3476 3488 3491
f 3483 3482 3457
f 3460 3486 3485
f 3460 3068 3486
f 2808 3485 3486
f 2808 3484 3485
f 2806 3468 3484
f 3486 3068 3070
f 2808 3486 3487
f 2808 3487 3552
f 3486 3070 3487
f 3489 3494 3488
f 3489 3492 3494
f 3490 3480 3482
f 3489 3480 3492
f 3490 3492 3480
f 3490 3482 3495
f 3488 3493 3491
f 3488 3494 3493
f 3490 3501 3492
f 3490 3495 3496
f 3492 3500 3494
f 3483 3495 3482
f 3487 3076 3554
f 3490 3496 3501
f 3492 3501 3500
f 3434 3497 3483
f 3483 3497 3499
f 3497 3504 3499
f 3497 3498 3504
f 3483 3499 3495
f 3493 3494 3503
f 3494 3500 3503
f 3495 3502 3496
f 3495 3499 3502
f 3496 3559 3501
f 3496 3502 3558
f 3500 3501 3560
f 3496 3558 3559
f 3499 3538 3502
f 3500 3505 3503
f 3501 3559 3560
f 3499 3506 3538
f 3500 3560 3505
f 3499 3504 3506
f 3505 3560 3508
f 3504 3507 3506
f 3506 3507 3546
f 3508 3562 4839
f 3562 4955 4839
f 3507 4838 3546
f 2550 3522 3509
f 3522 3523 3509
f 3523 3613 3509
f 3523 3526 3613
f 3526 3527 3615
f 2552 2791 3510
f 2553 3510 3511
f 2801 3512 3511
f 2801 3515 3512
f 3512 3515 3513
f 2553 3511 2554
f 2554 3511 3512
f 3512 3513 3521
f 2554 3512 3521
f 3514 3513 3517
f 3514 3522 3513
f 2807 3517 3516
f 3513 3515 3516
f 3513 3516 3517
f 3514 3517 3518
f 2808 3518 3517
f 2808 3552 3518
f 3518 3552 3520
f 3514 3518 3519
f 3518 3520 3519
f 3519 3520 3524
f 3520 3555 3524
f 3513 3522 3521
f 2550 3521 3522
f 3514 3523 3522
f 3514 3519 3523
f 3519 3526 3523
f 3519 3524 3526
f 3524 3555 3525
f 3524 3525 3527
f 3524 3527 3526
f 3525 3568 3527
f 3078 3537 3076
f 3076 3537 3554
f 3078 3536 3537
f 3554 3537 3528
f 3146 2580 3147
f 3147 2580 3529
f 3149 3529 3530
f 3529 2583 3530
f 3530 3532 3531
f 3149 3530 3531
f 3156 3531 3533
f 3532 3533 3531
f 3156 3533 3534
f 3077 3535 3536
f 3536 3539 3537
f 3296 3543 3535
f 3535 3547 3536
f 3535 3542 3547
f 3558 3538 3544
f 3558 3544 3561
f 3528 3537 3539
f 3528 3539 3550
f 3536 3547 3539
f 3273 3541 3540
f 3541 4622 4932
f 3541 4932 3540
f 3540 4932 4933
f 3296 3273 3540
f 3296 3540 3543
f 3535 3543 3542
f 3538 3546 3544
f 3506 3546 3538
f 3561 3544 3563
f 3544 3546 3563
f 3540 4933 3543
f 3543 4934 3542
f 3542 3545 3548
f 3542 4934 3545
f 3543 4933 4934
f 3542 3548 3547
f 3539 3547 3549
f 3547 3548 3549
f 3539 3549 3550
f 3549 3551 3550
f 3548 4939 3549
f 3549 4939 3551
f 3551 4939 4947
f 3550 3551 3564
f 3551 4947 3565
f 3487 3554 3552
f 3552 3554 3553
f 3520 3552 3553
f 3553 3554 3528
f 3553 3528 3556
f 3528 3550 3556
f 3520 3553 3555
f 3553 3556 3555
f 3555 3556 3557
f 3556 3564 3557
f 3557 3564 3567
f 3559 3562 3560
f 3558 3561 3559
f 3559 3561 3562
f 3508 3560 3562
f 3561 4955 3562
f 3561 3563 4955
f 3546 4838 3563
f 3556 3550 3564
f 3564 3551 3565
f 3564 3565 3567
f 3565 4947 4962
f 3565 4962 3570
f 3525 3555 3557
f 3525 3557 3566
f 3557 3567 3566
f 3566 3567 3569
f 3525 3566 3568
f 3566 3634 3568
f 3566 3569 3634
f 3569 3635 3634
f 3565 3570 3567
f 3567 3570 3569
f 3569 3570 3572
f 3570 4962 3571
f 3570 3571 3572
f 3571 4983 3573
f 3569 3572 3635
f 3571 3573 3572
f 3572 3573 3636
f 3573 4983 5064
f 3573 5064 3636
f 2510 2512 3575
f 2499 2510 3575
f 3575 3576 3578
f 2512 3576 3575
f 2539 3577 3576
f 2539 3596 3577
f 3576 3577 3578
f 3577 3596 3581
f 2499 3575 3574
f 3575 3578 3574
f 3578 3586 3574
f 3577 3579 3578
f 3578 3579 3586
f 3579 3581 3591
f 3577 3581 3579
f 3581 3596 3580
f 3581 3582 3591
f 3581 3580 3582
f 3582 3580 3583
f 3585 3583 3584
f 3582 3583 3585
f 3585 3584 3594
f 3594 3584 3620
f 3574 3586 3588
f 3587 3589 3586
f 3588 3589 3660
f 3588 3586 3589
f 3587 3661 3589
f 3579 3587 3586
f 3579 3591 3587
f 3587 3590 3661
f 3590 3595 3663
f 3582 3592 3591
f 3587 3591 3590
f 3591 3592 3590
f 3582 3585 3592
f 3585 3593 3592
f 3585 3594 3593
f 3592 3595 3590
f 3592 3593 3595
f 3593 3671 3595
f 2539 2544 3596
f 3596 3597 3580
f 2544 3597 3596
f 3580 3597 3598
f 2546 3598 3597
f 3580 3598 3583
f 2546 3601 3598
f 3598 3601 3599
f 3602 3612 3600
f 3598 3599 3583
f 3599 3600 3584
f 3602 3600 3599
f 3601 3602 3599
f 2550 3612 3602
f 3599 3584 3583
f 3600 3620 3584
f 3594 3620 3603
f 3594 3604 3593
f 3594 3603 3604
f 3593 3604 3671
f 3604 3603 3606
f 3604 3606 3672
f 3606 3603 3605
f 3608 3605 3642
f 3606 3605 3608
f 3641 5046 3610
f 3609 3642 3607
f 3608 3642 3609
f 3611 3607 3610
f 3611 3610 5049
f 3609 3607 3611
f 3600 3612 3618
f 3509 3614 3612
f 2550 3509 3612
f 3509 3613 3614
f 3612 3614 3618
f 3614 3613 3616
f 3526 3615 3613
f 3616 3613 3615
f 3527 3617 3615
f 3616 3615 3621
f 3615 3617 3621
f 3617 3627 3621
f 3600 3618 3620
f 3614 3619 3618
f 3620 3618 3637
f 3618 3619 3637
f 3619 3638 3637
f 3614 3616 3619
f 3619 3622 3638
f 3616 3621 3622
f 3616 3622 3619
f 3622 3621 3629
f 3527 3568 3617
f 3568 3623 3617
f 3617 3623 3627
f 3623 3624 3628
f 3624 3625 3631
f 3625 3626 3632
f 3621 3627 3629
f 3623 3628 3627
f 3630 3627 3628
f 3629 3627 3630
f 3633 5062 5066
f 3633 3628 3631
f 3624 3631 3628
f 3631 3632 5062
f 3625 3632 3631
f 3630 3628 3633
f 3633 3631 5062
f 3568 3634 3623
f 3634 3635 3624
f 3634 3624 3623
f 3572 3636 3635
f 3635 3636 3625
f 3636 5064 3626
f 3624 3635 3625
f 3636 3626 3625
f 3620 3637 3603
f 3637 3605 3603
f 3622 3639 3638
f 3622 3629 3639
f 3637 3638 3605
f 3638 3639 3642
f 3638 3642 3605
f 3629 3640 3639
f 3639 3607 3642
f 3639 3640 3607
f 3629 3630 3640
f 3630 3633 3641
f 3630 3641 3640
f 3641 5066 5046
f 3633 5066 3641
f 3640 3641 3610
f 3640 3610 3607
f 3643 3644 3646
f 2493 3647 3645
f 2493 3645 3644
f 3644 3645 3646
f 3645 3647 3650
f 2442 3643 3646
f 3645 3653 3646
f 3645 3650 3653
f 2502 3648 3647
f 3647 3648 3650
f 2502 3649 3648
f 3588 3660 3649
f 3648 3649 3651
f 3649 3660 3651
f 3648 3655 3650
f 3648 3651 3655
f 3651 3660 3665
f 3651 3657 3655
f 3651 3665 3657
f 3646 3653 3652
f 2442 3646 3652
f 2442 3652 2446
f 3650 3656 3653
f 3653 3656 3654
f 3652 3653 3654
f 2446 3652 3712
f 3652 3654 3712
f 3654 3656 3714
f 3650 3655 3656
f 3655 3658 3656
f 3657 3665 3680
f 3655 3657 3658
f 3656 3658 3714
f 3657 3659 3658
f 3657 3680 3659
f 3589 3662 3660
f 3589 3661 3662
f 3660 3662 3665
f 3661 3667 3662
f 3590 3663 3661
f 3595 3664 3663
f 3661 3663 3667
f 3663 3668 3667
f 3663 3664 3668
f 3595 3671 3664
f 3662 3666 3665
f 3662 3667 3666
f 3664 3677 3668
f 3667 3668 3681
f 3666 3667 3681
f 3668 3684 3681
f 3664 3669 3677
f 3604 3672 3671
f 3671 3672 3669
f 3606 3673 3672
f 3672 3673 3670
f 3606 3608 3673
f 3664 3671 3669
f 3672 3670 3669
f 3608 3675 3673
f 3608 3609 3675
f 3609 3611 3676
f 3609 3676 3675
f 3675 3676 5107
f 3673 3674 3670
f 3673 3675 3674
f 3675 5107 3674
f 3669 3670 3678
f 3669 3678 3677
f 3668 3677 3684
f 3677 3678 3685
f 3670 3674 3679
f 3670 3679 3678
f 3674 5107 5114
f 3674 5114 3679
f 3678 3679 3686
f 3679 5114 5121
f 3665 3666 3680
f 3666 3682 3680
f 3666 3681 3682
f 3681 3683 3682
f 3681 3684 3683
f 3680 3682 3724
f 3659 3680 3724
f 3682 3725 3724
f 3682 3683 3725
f 3677 3685 3684
f 3684 3685 3687
f 3678 3686 3685
f 3679 5121 3686
f 3685 3686 3688
f 3683 3684 3687
f 3683 3687 3728
f 3685 3688 3687
f 3686 5124 3688
f 3687 3688 3729
f 2446 3690 3689
f 2449 3693 3692
f 3691 3700 3699
f 2449 3692 3691
f 3691 3692 3700
f 3689 3694 3693
f 3693 3694 3695
f 3689 3690 3694
f 3690 3721 3694
f 3692 3693 3695
f 3692 3703 3700
f 3694 3721 3723
f 3692 3695 3703
f 3694 3723 3695
f 3695 3708 3703
f 3695 3723 3708
f 2463 3699 3696
f 2464 3696 3697
f 3696 3704 3697
f 2469 3697 3698
f 3697 3706 3698
f 3697 3704 3706
f 2470 3698 3969
f 3698 3973 3969
f 3698 3706 3973
f 3696 3699 3701
f 3699 3700 3701
f 3696 3701 3704
f 3700 3702 3701
f 3700 3703 3702
f 3701 3705 3704
f 3701 3702 3705
f 3702 3703 3709
f 3703 3708 3709
f 3704 3707 3706
f 3704 3705 3707
f 3706 3982 3973
f 3706 3707 3982
f 3708 3747 3709
f 3702 3710 3705
f 3702 3709 3710
f 3709 3750 3710
f 3705 3711 3707
f 3707 3983 3982
f 3705 3710 3711
f 3710 3751 3711
f 3707 3711 3983
f 3711 3992 3983
f 3711 3751 3992
f 3654 3713 3712
f 3654 3714 3713
f 2446 3712 3690
f 3690 3712 3717
f 3690 3717 3721
f 3712 3713 3717
f 3713 3718 3717
f 3658 3715 3714
f 3714 3715 3716
f 3658 3659 3715
f 3659 3726 3715
f 3713 3714 3716
f 3715 3726 3719
f 3715 3719 3716
f 3713 3716 3718
f 3717 3718 3722
f 3716 3720 3718
f 3716 3719 3720
f 3717 3722 3721
f 3721 3722 3738
f 3721 3738 3723
f 3718 3739 3722
f 3718 3720 3739
f 3720 3741 3739
f 3659 3724 3726
f 3724 3727 3726
f 3724 3725 3727
f 3719 3726 3732
f 3725 3730 3727
f 3726 3727 3732
f 3683 3728 3725
f 3725 3728 3730
f 3687 3729 3728
f 3728 3729 3731
f 3727 3730 3734
f 3728 3731 3730
f 3730 3731 3735
f 3719 3732 3733
f 3719 3733 3720
f 3727 3734 3732
f 3732 3736 3733
f 3730 3735 3734
f 3732 3734 3736
f 3734 3735 3737
f 3734 3737 3736
f 3720 3733 3741
f 3733 3736 3743
f 3736 3737 3744
f 3708 3723 3746
f 3723 3738 3746
f 3738 3748 3746
f 3722 3739 3740
f 3722 3740 3738
f 3738 3740 3748
f 3739 3742 3740
f 3739 3741 3742
f 3733 3743 3741
f 3741 3743 3745
f 3741 3745 3742
f 3740 3742 3754
f 3742 3745 3755
f 3736 3744 3743
f 3743 3744 5235
f 3743 5235 3745
f 3745 5235 5240
f 3708 3746 3747
f 3746 3749 3747
f 3709 3747 3750
f 3747 3752 3750
f 3746 3748 3749
f 3740 3754 3748
f 3748 3754 3756
f 3748 3756 3749
f 3747 3749 3752
f 3749 3758 3752
f 3749 3756 3758
f 3710 3750 3751
f 3750 3753 3751
f 3750 3752 3753
f 3751 3994 3992
f 3751 3753 3994
f 3752 3759 3753
f 3752 3758 3759
f 3753 4000 3994
f 3759 4000 3753
f 3742 3755 3754
f 3745 5240 3755
f 3754 3757 3756
f 3754 3755 3757
f 3756 3760 3758
f 3756 3757 3760
f 3755 5245 3757
f 3755 5240 5245
f 3757 5247 3760
f 3757 5245 5247
f 3758 3761 3759
f 3758 3760 3761
f 3759 4002 4000
f 3759 3761 4002
f 3760 5248 3761
f 3760 5247 5248
f 3761 5757 4002
f 3761 5248 5757
f 2456 3766 3762
f 2456 3765 3766
f 3762 3764 3763
f 3762 3766 3764
f 3765 3768 3766
f 3765 3767 3768
f 3766 3769 3764
f 3766 3768 3769
f 842 3763 3770
f 842 3770 3771
f 3763 3764 3770
f 842 3771 844
f 844 3786 866
f 844 3771 3786
f 3764 3772 3770
f 3764 3769 3772
f 3770 3773 3771
f 3770 3772 3773
f 3771 3773 3787
f 3772 3780 3773
f 3767 3775 3768
f 3767 3774 3775
f 3768 3778 3769
f 3768 3775 3778
f 3774 3776 3777
f 3774 3777 3775
f 3775 3777 3782
f 3775 3782 3778
f 3776 3970 3777
f 3777 3971 3782
f 3769 3778 3779
f 3769 3779 3772
f 3778 3781 3779
f 3772 3779 3780
f 3773 3780 3802
f 3779 3783 3780
f 3780 3783 3804
f 3778 3782 3781
f 3782 3972 3781
f 3779 3781 3783
f 3781 3784 3783
f 3781 3972 3784
f 866 3786 3785
f 867 3785 3789
f 3771 3787 3786
f 3786 3788 3785
f 3785 3793 3789
f 3785 3788 3793
f 3786 3787 3788
f 3773 3802 3787
f 3787 3803 3788
f 3787 3802 3803
f 868 3789 3790
f 877 3790 3792
f 3790 3797 3792
f 3789 3791 3790
f 3789 3793 3791
f 3790 3791 3797
f 3788 3794 3793
f 3791 3793 3795
f 3793 3794 3795
f 3788 3803 3794
f 3794 3807 3795
f 3791 3799 3797
f 3791 3795 3799
f 3795 3807 3801
f 3792 3798 3796
f 3796 3798 3815
f 3792 3797 3798
f 3797 3800 3798
f 3797 3799 3800
f 3799 3826 3800
f 3795 3801 3799
f 3799 3801 3826
f 3802 3806 3803
f 3780 3804 3802
f 3802 3804 3806
f 3783 3809 3804
f 3783 3784 3809
f 3794 3803 3805
f 3803 3806 3805
f 3794 3805 3807
f 3805 3806 3811
f 3805 3808 3807
f 3807 3808 3933
f 3805 3811 3808
f 3804 3810 3806
f 3804 3809 3810
f 3809 3989 3810
f 3806 3810 3811
f 3810 3812 3811
f 3808 3811 3931
f 3811 3812 3931
f 3810 3989 3812
f 3801 3807 3933
f 982 3835 1031
f 3820 3823 3845
f 3796 3815 3813
f 973 3813 3814
f 3813 3815 3814
f 973 3818 979
f 973 3814 3818
f 3798 3816 3815
f 3798 3800 3816
f 3814 3815 3817
f 3814 3817 3821
f 3815 3816 3817
f 3816 3828 3817
f 979 3818 3819
f 979 3819 980
f 3814 3821 3818
f 3818 3822 3819
f 980 3820 982
f 980 3819 3820
f 982 3820 3835
f 3819 3823 3820
f 3819 3822 3823
f 3818 3821 3822
f 3817 3829 3821
f 3821 3829 3824
f 3821 3824 3822
f 3822 3926 3823
f 3822 3824 3926
f 3824 3893 3926
f 3800 3825 3816
f 3800 3826 3825
f 3816 3825 3828
f 3801 3934 3826
f 3825 3826 3827
f 3825 3827 3832
f 3826 3934 3827
f 3817 3828 3829
f 3828 3831 3829
f 3825 3832 3828
f 3828 3832 3831
f 3824 3829 3830
f 3829 3831 3830
f 3824 3830 3893
f 3830 3831 3927
f 3827 3834 3832
f 3827 3937 3834
f 3831 3832 3833
f 3832 3834 3833
f 3831 3833 3927
f 3833 3834 3928
f 1031 3837 3836
f 1031 3835 3837
f 3836 3843 3842
f 3837 3843 3836
f 3820 3845 3835
f 3835 3845 3838
f 3837 3838 3844
f 3835 3838 3837
f 1035 3839 3878
f 3839 3881 3878
f 3839 3840 3881
f 3840 3880 3881
f 3840 3841 3880
f 3841 3844 3847
f 3839 3842 3840
f 3840 3842 3843
f 3837 3844 3843
f 3841 3843 3844
f 3840 3843 3841
f 3823 3846 3845
f 3823 3926 3846
f 3838 3845 3848
f 3845 3846 3848
f 3926 3894 3846
f 3926 3893 3894
f 3846 3850 3848
f 3846 3894 3850
f 3841 3847 3884
f 3847 3849 3888
f 3851 3889 3888
f 3838 3849 3844
f 3838 3848 3849
f 3848 3851 3849
f 3847 3844 3849
f 3848 3850 3851
f 3849 3851 3888
f 3850 3896 3851
f 3851 3896 3889
f 1090 3877 3852
f 3877 3879 3853
f 3877 3853 3852
f 3879 3882 3854
f 3853 3879 3854
f 3882 3883 3867
f 3854 3882 3867
f 3883 3868 3867
f 3883 3886 3868
f 1055 3864 3856
f 3856 3864 3855
f 3856 3855 5402
f 3855 3857 5402
f 3857 5406 5402
f 3857 3858 5406
f 3858 3859 5406
f 3859 3860 5406
f 3869 5433 3860
f 1050 3862 3861
f 1067 3861 3864
f 3862 3855 3864
f 3861 3862 3864
f 3862 3852 3863
f 3863 3853 3865
f 3862 3863 3857
f 1050 3852 3862
f 3863 3852 3853
f 3862 3857 3855
f 3863 3865 3858
f 3865 3854 3866
f 3866 3867 3869
f 3865 3853 3854
f 3866 3854 3867
f 3869 3867 3868
f 3863 3858 3857
f 3865 3859 3858
f 3865 3866 3859
f 3866 3869 3859
f 3859 3869 3860
f 3886 3887 3870
f 3872 5434 5433
f 3869 3868 3872
f 3868 3886 3870
f 3872 3868 3870
f 3887 3871 3870
f 3887 3891 3871
f 3869 3872 5433
f 3872 3870 3873
f 3872 3873 5434
f 3873 3870 3871
f 3873 3871 3874
f 3874 3871 3875
f 3871 3891 3875
f 3891 3892 3875
f 3874 3875 5446
f 3875 3876 5446
f 3892 3876 3875
f 3892 3904 3876
f 3876 3904 5448
f 1088 3878 3879
f 1088 3879 3877
f 3882 3878 3881
f 3879 3878 3882
f 3882 3881 3883
f 3883 3881 3880
f 3883 3880 3886
f 3841 3884 3880
f 3880 3884 3886
f 3847 3885 3884
f 3847 3888 3885
f 3886 3884 3887
f 3887 3884 3885
f 3887 3885 3891
f 3885 3888 3890
f 3888 3889 3890
f 3885 3890 3891
f 3890 3892 3891
f 3890 3906 3892
f 3889 3906 3890
f 3892 3906 3904
f 3893 3898 3894
f 3893 3895 3898
f 3895 3927 3901
f 3850 3894 3897
f 3894 3898 3897
f 3850 3897 3896
f 3897 3898 3899
f 3896 3897 3909
f 3897 3899 3909
f 3895 3900 3898
f 3895 3901 3900
f 3899 3900 3915
f 3898 3900 3899
f 3929 3903 3901
f 3900 3901 3902
f 3900 3902 3915
f 3901 3903 3902
f 3903 3930 3944
f 3904 3905 5448
f 3889 3896 3907
f 3896 3909 3907
f 3889 3907 3906
f 3906 3907 3911
f 3909 3908 3907
f 3907 3908 3911
f 3909 3910 3908
f 3908 3910 3913
f 3910 3916 3913
f 3899 3910 3909
f 3899 3915 3910
f 3910 3915 3916
f 3906 3911 3904
f 3904 3911 3905
f 3905 3911 3912
f 3908 3912 3911
f 3905 3912 5516
f 3912 3913 3914
f 3908 3913 3912
f 3913 3916 3920
f 3912 3914 5516
f 3914 3920 5537
f 3913 3920 3914
f 3902 3917 3915
f 3902 3918 3917
f 3916 3915 3917
f 3902 3903 3918
f 3903 3944 3918
f 3917 3918 3923
f 3918 3919 3923
f 3918 3944 3919
f 3916 3922 3920
f 3922 3921 3920
f 3920 3921 5537
f 3922 3924 3921
f 3916 3917 3922
f 3922 3917 3923
f 3922 3923 3924
f 3919 3925 3923
f 3924 3923 3925
f 3924 3925 5541
f 3830 3895 3893
f 3830 3927 3895
f 3833 3929 3927
f 3927 3929 3901
f 3833 3928 3929
f 3928 3930 3929
f 3929 3930 3903
f 3812 3932 3931
f 3812 4009 3932
f 3801 3933 3934
f 3827 3934 3937
f 3933 3935 3934
f 3934 3935 3937
f 3808 3936 3933
f 3808 3931 3936
f 3933 3936 3935
f 3935 3936 3939
f 3935 3940 3937
f 3834 3937 3938
f 3834 3938 3928
f 3937 3940 3938
f 3938 3940 3953
f 3935 3939 3940
f 3940 3954 3953
f 3939 3954 3940
f 3936 3931 3941
f 3936 3941 3939
f 3931 3932 3941
f 3939 3941 3942
f 3941 3943 3942
f 3939 3942 3954
f 3932 3943 3941
f 3932 4015 3943
f 3942 3943 3963
f 3943 4021 3963
f 3951 3945 3944
f 3951 3956 3945
f 3919 3944 3945
f 3945 3956 3947
f 3919 3946 3925
f 3919 3945 3946
f 3945 3947 3946
f 3925 3946 5624
f 3946 5625 5624
f 3946 3947 5625
f 3956 3948 3947
f 3947 5627 5625
f 3947 3948 5627
f 3948 3949 5627
f 3928 3938 3950
f 3928 3950 3930
f 3938 3953 3950
f 3930 3950 3951
f 3930 3951 3944
f 3950 3952 3951
f 3950 3953 3952
f 3953 3954 3955
f 3954 3961 3955
f 3952 3953 3955
f 3952 3955 3957
f 3955 3961 3958
f 3955 3958 3957
f 3951 3952 3956
f 3952 3957 3956
f 3956 3957 3948
f 3957 3959 3948
f 3957 3958 3959
f 3958 3965 3959
f 3948 3959 3949
f 3959 3965 3960
f 3949 3959 3960
f 3942 3961 3954
f 3942 3963 3961
f 3958 3961 3962
f 3961 3963 3962
f 3963 4021 3964
f 3962 3963 3964
f 3958 3962 3965
f 3962 3967 3965
f 3960 3965 3966
f 3965 3967 3966
f 3966 3967 3968
f 3966 3968 5668
f 3962 3964 3967
f 3967 4024 3968
f 3964 4024 3967
f 3968 4024 4025
f 3968 4025 5669
f 3776 3969 3970
f 3969 3974 3970
f 3969 3973 3974
f 3777 3970 3971
f 3970 3974 3978
f 3970 3978 3971
f 3782 3971 3972
f 3971 3976 3972
f 3973 3975 3974
f 3973 3982 3975
f 3974 3979 3978
f 3974 3975 3979
f 3971 3978 3976
f 3784 3972 3977
f 3972 3976 3977
f 3978 3980 3976
f 3978 3979 3980
f 3976 3980 3981
f 3976 3981 3977
f 3979 3986 3980
f 3980 3986 3987
f 3980 3987 3981
f 3975 3982 3984
f 3975 3985 3979
f 3982 3983 3984
f 3983 3993 3984
f 3975 3984 3985
f 3984 3997 3985
f 3984 3993 3997
f 3983 3992 3993
f 3979 3985 3986
f 3985 3996 3986
f 3784 3988 3809
f 3784 3977 3988
f 3809 3988 3989
f 3988 3977 3991
f 3988 3990 3989
f 3988 3991 3990
f 3812 3989 4009
f 3989 3990 4009
f 3991 4012 3990
f 3977 3981 3991
f 3981 4011 3991
f 3981 3987 4011
f 3992 3995 3993
f 3992 3994 3995
f 3993 3998 3997
f 3993 3995 3998
f 3994 4001 3995
f 3994 4000 4001
f 3995 4004 3998
f 3995 4001 4004
f 3985 3997 3996
f 3986 4030 3987
f 3986 3996 4030
f 3996 4032 4030
f 3997 3999 3996
f 3997 3998 3999
f 3998 4005 3999
f 3998 4004 4005
f 3996 3999 4032
f 3999 4038 4032
f 4000 4003 4001
f 4000 4002 4003
f 4001 4006 4004
f 4001 4003 4006
f 4002 5757 5758
f 4002 5758 4003
f 4003 5758 5763
f 4003 5763 4006
f 4004 4006 4008
f 4004 4008 4005
f 3999 4005 4038
f 4005 4007 4038
f 4006 5763 5765
f 4006 5765 4008
f 4008 5764 4007
f 4005 4008 4007
f 4008 5765 5764
f 3932 4009 4015
f 4009 4010 4015
f 3990 4012 4010
f 3990 4010 4009
f 4010 4016 4015
f 4010 4013 4016
f 4016 4013 4023
f 3991 4011 4012
f 3987 4029 4011
f 4011 4029 4014
f 4012 4011 4014
f 4012 4014 4013
f 4010 4012 4013
f 4014 4017 4013
f 4014 4029 4034
f 4014 4034 4017
f 3943 4015 4021
f 4015 4016 4021
f 4013 4017 4023
f 4023 4017 4028
f 4017 4018 4028
f 4017 4034 4018
f 4018 4034 4035
f 4018 4019 4028
f 4019 4020 5788
f 4018 4020 4019
f 4018 4035 4020
f 4020 4037 5790
f 3964 4021 4022
f 4016 4022 4021
f 3964 4022 4024
f 4016 4023 4022
f 4022 4023 4026
f 4023 4028 4026
f 4024 4026 4025
f 4022 4026 4024
f 4025 4026 4027
f 4025 4027 5794
f 4026 4028 4027
f 4027 4028 4019
f 4027 4019 5782
f 3987 4030 4029
f 4030 4031 4029
f 4030 4032 4031
f 4032 4033 4031
f 4029 4031 4034
f 4031 4033 4035
f 4038 4036 4033
f 4031 4035 4034
f 4033 4036 4037
f 4020 4035 4037
f 4035 4033 4037
f 4037 4036 5808
f 4032 4038 4033
f 4038 4007 4036
f 4007 5807 4036
f 2578 4039 4048
f 4048 4039 4044
f 4041 4048 4044
f 3154 4489 4040
f 4040 4489 4042
f 4489 4492 4042
f 2574 4040 4039
f 4040 4044 4039
f 4040 4042 4044
f 4042 4492 4043
f 4042 4043 4046
f 4041 4044 4046
f 4042 4046 4044
f 4041 4046 4045
f 4045 4046 4053
f 4046 4043 4053
f 2577 4048 4047
f 4041 4047 4048
f 4041 4050 4047
f 2584 4047 4049
f 4047 4050 4049
f 4041 4045 4050
f 4050 4051 4055
f 4050 4045 4051
f 4049 4050 4052
f 4050 4055 4052
f 4052 4058 4061
f 4045 4054 4051
f 4045 4053 4054
f 4054 4501 4056
f 4501 4057 4056
f 4051 4057 4055
f 4051 4056 4057
f 4051 4054 4056
f 4055 4507 4058
f 4055 4057 4507
f 4052 4055 4058
f 4058 4508 4061
f 2585 4049 4059
f 4049 4052 4059
f 2585 4059 2586
f 2586 4059 4060
f 2586 4060 3532
f 3532 4060 4927
f 4052 4061 4059
f 4059 4061 4060
f 4060 4061 4062
f 4060 4062 4927
f 4508 4062 4061
f 4991 4063 5038
f 4063 5070 5038
f 4187 4230 4232
f 4074 4091 4094
f 4172 4065 4066
f 1373 4074 2934
f 2934 4074 4077
f 1375 4068 2935
f 1381 4069 4068
f 1376 4067 4076
f 2938 4079 4067
f 4076 4067 4079
f 1373 4070 4074
f 1376 4073 4072
f 4070 4071 4092
f 4074 4094 4077
f 4070 4091 4074
f 4073 4076 4123
f 1381 1382 4069
f 1376 4076 4073
f 1382 4075 4084
f 1382 4084 4069
f 4075 4085 4084
f 4075 4113 4085
f 2934 4077 4078
f 2997 4078 4136
f 4077 4065 4078
f 4078 4065 4136
f 4079 4081 4083
f 2954 4068 4080
f 4068 4069 4080
f 4069 4082 4080
f 4069 4084 4082
f 2952 4081 4079
f 3001 4718 4717
f 3001 4145 4718
f 4082 4084 4146
f 4718 4145 4721
f 4077 4094 4066
f 4076 4079 4083
f 4076 4083 4123
f 4077 4066 4065
f 4085 4113 4086
f 4084 4085 4146
f 4085 4086 4152
f 4085 4152 4146
f 4721 4147 4722
f 4086 4087 4153
f 4070 4092 4091
f 4099 4091 4092
f 4100 4092 4093
f 4099 4092 4100
f 4100 4093 4108
f 4104 4094 4091
f 4096 4104 4091
f 4095 4172 4066
f 4095 4066 4094
f 4095 4094 4104
f 4179 4129 4128
f 4096 4099 4326
f 4095 4104 4178
f 4096 4330 4104
f 4096 4329 4330
f 4104 4330 4178
f 4096 4091 4099
f 4100 4108 4102
f 4102 4125 4103
f 4106 4098 4097
f 4103 4125 4107
f 4106 4097 4335
f 4101 4097 4117
f 4101 4133 4333
f 4101 4335 4097
f 4105 4128 4098
f 4105 4098 4106
f 4105 4179 4128
f 4105 4106 4354
f 1379 4093 4071
f 1379 4072 4093
f 4071 4093 4092
f 4072 4073 4108
f 4072 4108 4093
f 4073 4125 4108
f 4110 4115 4116
f 4110 4124 4115
f 4110 4116 4109
f 1383 4113 4075
f 1384 4114 4113
f 4116 4115 4120
f 4115 4111 4120
f 4112 4115 4124
f 4112 4130 4726
f 4726 4130 4728
f 4112 4111 4115
f 4112 4726 4111
f 4109 4117 4097
f 4109 4116 4118
f 4109 4118 4117
f 4117 4118 4119
f 4117 4119 4133
f 4116 4120 4121
f 4120 4740 4121
f 4116 4121 4118
f 4118 4121 4122
f 4118 4122 4119
f 4121 4742 4122
f 4073 4123 4125
f 4112 4124 4126
f 4110 4128 4124
f 4110 4109 4098
f 4123 4107 4125
f 4110 4098 4128
f 4129 4126 4124
f 4129 4202 4127
f 4129 4127 4126
f 4128 4129 4124
f 4083 4180 4123
f 4112 4126 4130
f 4126 4132 4130
f 4086 4113 4114
f 4086 4114 4087
f 4087 4114 4089
f 4130 4132 4756
f 4728 4130 4756
f 4089 4114 4131
f 4126 4127 4132
f 4127 4206 4132
f 4089 4131 4090
f 4132 4771 4756
f 4109 4097 4098
f 4102 4108 4125
f 4101 4117 4133
f 4133 4349 4333
f 4133 4134 4349
f 4119 4134 4133
f 4123 4180 4107
f 4119 4122 4135
f 4119 4135 4134
f 4135 4122 4788
f 4134 4135 4414
f 2981 4136 4141
f 4137 4136 4065
f 4137 4065 4172
f 4137 4141 4136
f 4137 4186 4141
f 2981 4141 4138
f 2984 4138 4140
f 4140 4141 4186
f 2984 4140 4139
f 4138 4141 4140
f 4189 4142 4143
f 4189 4143 4550
f 2999 4151 4081
f 2999 4158 4144
f 2999 4144 4151
f 3003 4080 4082
f 4082 4146 4148
f 3003 4082 4148
f 4146 4152 4149
f 4721 4145 4147
f 4146 4149 4148
f 3005 4147 4145
f 3005 4160 4147
f 4149 4152 4161
f 4147 4160 4150
f 4150 4160 4164
f 4150 4165 4156
f 4081 4151 4083
f 4144 4173 4151
f 4086 4153 4152
f 4722 4147 4150
f 4722 4156 4088
f 4722 4150 4156
f 4088 4156 4157
f 4087 4154 4153
f 4087 4155 4154
f 4089 4090 4157
f 4088 4157 4090
f 4087 4089 4155
f 4089 4157 4155
f 4152 4153 4161
f 4153 4154 4162
f 4153 4162 4161
f 4154 4155 4170
f 4163 4157 4156
f 4155 4157 4163
f 3016 4148 4149
f 3016 4149 4159
f 4144 4158 4142
f 3018 4143 4158
f 3232 4159 4167
f 4149 4161 4159
f 3021 4164 4160
f 4161 4162 4167
f 4163 4156 4165
f 4150 4164 4165
f 3021 4166 4164
f 4161 4167 4159
f 4166 4556 4164
f 4162 4168 4167
f 4162 4169 4168
f 4163 4559 4170
f 4169 4170 4558
f 4163 4165 4559
f 4165 4556 4559
f 4168 4169 4557
f 4169 4558 4557
f 4170 4559 4558
f 4164 4556 4165
f 4158 4143 4142
f 4144 4142 4173
f 4154 4169 4162
f 4154 4170 4169
f 4155 4163 4170
f 4137 4171 4186
f 4171 4172 4177
f 4095 4177 4172
f 4179 4181 4202
f 4137 4172 4171
f 4095 4178 4177
f 4177 4178 4353
f 4171 4177 4356
f 4177 4353 4356
f 4171 4356 4192
f 4179 4183 4181
f 4363 4180 4175
f 4105 4182 4179
f 4105 4354 4182
f 4179 4182 4183
f 4361 4107 4180
f 4183 4185 4181
f 4185 4176 4174
f 4185 4174 4181
f 4199 4175 4173
f 4184 4176 4185
f 4183 4357 4185
f 4184 4358 4196
f 4184 4185 4357
f 4199 4363 4175
f 4140 4186 4194
f 4171 4192 4186
f 4139 4140 4194
f 4139 4194 4187
f 4197 4173 4142
f 4189 4197 4142
f 4198 4191 4190
f 4186 4192 4194
f 4192 4230 4194
f 4187 4194 4230
f 4187 4232 4571
f 4064 4571 4232
f 4198 4193 4200
f 4184 4196 4188
f 4197 4199 4173
f 4184 4188 4176
f 4196 4198 4190
f 4196 4190 4188
f 4196 4380 4198
f 4196 4358 4380
f 4198 4380 4193
f 4189 4574 4386
f 4200 4195 4580
f 4198 4200 4191
f 4200 4576 4191
f 4193 4195 4200
f 4189 4386 4197
f 4195 4201 4580
f 4083 4151 4175
f 4127 4202 4205
f 4202 4203 4205
f 4083 4175 4180
f 4179 4202 4129
f 4202 4181 4203
f 4151 4173 4175
f 4203 4207 4205
f 4203 4204 4207
f 4174 4204 4203
f 4174 4203 4181
f 4174 4176 4204
f 4127 4205 4206
f 4132 4206 4771
f 4205 4207 4208
f 4205 4208 4206
f 4206 4208 4773
f 4206 4773 4771
f 4204 4211 4207
f 4176 4209 4204
f 4176 4188 4209
f 4188 4190 4209
f 4204 4209 4211
f 4209 4210 4211
f 4209 4190 4210
f 4190 4191 4210
f 4191 4589 4210
f 4210 4212 4211
f 4210 4589 4212
f 4207 4213 4208
f 4207 4211 4213
f 4208 4780 4773
f 4208 4213 4780
f 4211 4212 4213
f 4212 4593 4213
f 4213 4593 4780
f 4214 4341 4219
f 4214 4216 4215
f 4214 4217 4216
f 4216 4217 4245
f 4341 4220 4219
f 4214 4219 4217
f 4217 4218 4245
f 4217 4222 4218
f 4217 4219 4222
f 4219 4223 4222
f 4219 4220 4223
f 4220 4221 4223
f 4224 4221 4352
f 4218 4222 4261
f 4222 4223 4260
f 4218 4261 4253
f 4223 4221 4224
f 4226 4353 4225
f 4192 4356 4231
f 4228 4356 4353
f 4228 4231 4356
f 4215 4227 4225
f 4226 4225 4227
f 4226 4227 4243
f 4215 4216 4227
f 4226 4228 4353
f 4228 4229 4231
f 4226 4243 4246
f 4228 4246 4229
f 4226 4246 4228
f 4192 4231 4230
f 4230 4231 4235
f 4230 4235 4232
f 4064 4232 4237
f 4064 4233 4687
f 4232 4235 4237
f 4064 4237 4233
f 4233 4234 4687
f 4235 4296 4237
f 4229 4235 4231
f 4229 4296 4235
f 4236 4237 4296
f 4236 4296 4297
f 4393 4298 4394
f 4394 4299 4401
f 4233 4237 4236
f 4233 4236 4238
f 4233 4238 4234
f 4234 4238 4240
f 4234 4240 4239
f 4236 4240 4238
f 4236 4297 4240
f 4240 4297 4242
f 4401 4299 4241
f 4401 4241 4309
f 4239 4240 4242
f 4239 4242 4312
f 4239 4312 4686
f 4402 4686 4313
f 4402 4313 4310
f 4313 4686 4312
f 4402 4310 4404
f 4216 4244 4227
f 4216 4245 4244
f 4227 4244 4243
f 4244 4245 4254
f 4243 4244 4249
f 4244 4254 4249
f 4243 4248 4246
f 4229 4246 4247
f 4246 4248 4247
f 4251 4456 4437
f 4243 4249 4248
f 4248 4249 4276
f 4247 4248 4301
f 4248 4276 4301
f 4280 4440 4250
f 4278 4437 4440
f 4251 4305 4456
f 4251 4283 4305
f 4251 4437 4278
f 4245 4252 4254
f 4218 4253 4252
f 4218 4252 4245
f 4252 4253 4259
f 4253 4261 4259
f 4222 4260 4261
f 4249 4254 4275
f 4252 4262 4254
f 4254 4262 4275
f 4224 4352 4255
f 4352 4257 4255
f 4223 4224 4260
f 4224 4255 4267
f 4434 4258 4256
f 4288 4257 4281
f 4255 4257 4268
f 4289 4256 4269
f 4289 4279 4256
f 4442 4270 4258
f 4256 4258 4269
f 4252 4259 4262
f 4259 4261 4264
f 4260 4264 4261
f 4260 4267 4264
f 4259 4263 4262
f 4259 4264 4263
f 4263 4264 4265
f 4263 4265 4285
f 4264 4267 4265
f 4265 4268 4285
f 4224 4267 4260
f 4255 4266 4267
f 4255 4268 4266
f 4265 4267 4266
f 4265 4266 4268
f 4268 4257 4288
f 4272 4273 4289
f 4272 4289 4269
f 4442 4274 4270
f 4272 4258 4270
f 4272 4269 4258
f 4271 4896 4273
f 4271 4273 4272
f 4274 4897 4898
f 4271 4270 4898
f 4270 4274 4898
f 4271 4272 4270
f 4249 4275 4276
f 4276 4317 4301
f 4276 4277 4317
f 4275 4277 4276
f 4278 4440 4280
f 4280 4250 4279
f 4293 4281 4282
f 4278 4280 4292
f 4280 4279 4289
f 4283 4319 4305
f 4251 4278 4290
f 4320 4282 4459
f 4286 4293 4320
f 4293 4282 4320
f 4283 4294 4319
f 4251 4290 4283
f 4262 4263 4284
f 4262 4284 4275
f 4275 4284 4277
f 4263 4285 4284
f 4284 4285 4287
f 4285 4288 4287
f 4277 4284 4287
f 4277 4287 4286
f 4286 4287 4293
f 4287 4288 4293
f 4288 4281 4293
f 4278 4292 4290
f 4273 4292 4280
f 4273 4280 4289
f 4268 4288 4285
f 4290 4900 4291
f 4290 4292 4900
f 4292 4896 4900
f 4273 4896 4292
f 4294 4295 4325
f 4283 4291 4294
f 4283 4290 4291
f 4291 4295 4294
f 4291 4902 4295
f 4455 4295 4902
f 4229 4247 4296
f 4247 4302 4296
f 4296 4302 4297
f 4297 4302 4308
f 4393 4456 4305
f 4393 4305 4298
f 4241 4299 4300
f 4394 4298 4299
f 4299 4306 4300
f 4298 4306 4299
f 4247 4301 4302
f 4301 4317 4303
f 4301 4303 4302
f 4302 4303 4308
f 4303 4304 4308
f 4303 4318 4304
f 4298 4305 4319
f 4298 4319 4306
f 4322 4459 4460
f 4307 4460 4463
f 4307 4304 4322
f 4307 4322 4460
f 4315 4323 4316
f 4300 4323 4315
f 4300 4306 4323
f 4242 4297 4308
f 4242 4314 4312
f 4403 4309 4311
f 4241 4300 4309
f 4242 4308 4314
f 4310 4312 4314
f 4404 4310 4307
f 4300 4315 4309
f 4404 4307 4463
f 4315 4311 4309
f 4310 4313 4312
f 4304 4314 4308
f 4307 4314 4304
f 4307 4310 4314
f 4315 4471 4311
f 4315 4316 4471
f 4303 4317 4318
f 4277 4286 4317
f 4286 4318 4317
f 4318 4320 4322
f 4320 4459 4322
f 4306 4321 4323
f 4306 4319 4321
f 4286 4320 4318
f 4321 4325 4324
f 4294 4321 4319
f 4304 4318 4322
f 4323 4324 4316
f 4321 4324 4323
f 4324 4325 4475
f 4294 4325 4321
f 4295 4477 4325
f 4096 4326 4329
f 4099 4327 4326
f 4106 4332 4331
f 4326 4341 4329
f 4330 4215 4225
f 4329 4215 4330
f 4332 4335 4340
f 4099 4100 4327
f 4100 4102 4327
f 4101 4334 4335
f 4102 4103 4328
f 4102 4328 4327
f 4101 4333 4334
f 4334 4333 4338
f 4106 4335 4332
f 4103 4339 4337
f 4106 4331 4354
f 4103 4107 4339
f 4333 4349 4336
f 4338 4333 4336
f 4336 4349 4362
f 4334 4340 4335
f 4103 4337 4328
f 4334 4338 4346
f 4338 4336 4348
f 4376 4336 4362
f 4348 4336 4376
f 4326 4327 4342
f 4327 4328 4342
f 4329 4214 4215
f 4329 4341 4214
f 4326 4342 4341
f 4328 4337 4343
f 4334 4346 4340
f 4332 4344 4331
f 4337 4339 4368
f 4332 4340 4350
f 4331 4344 4365
f 4328 4343 4342
f 4337 4347 4343
f 4337 4368 4347
f 4332 4350 4344
f 4340 4351 4350
f 4340 4346 4351
f 4345 4427 4346
f 4338 4348 4345
f 4338 4345 4346
f 4348 4376 4345
f 4134 4413 4349
f 4349 4413 4362
f 4134 4414 4413
f 4135 4788 4793
f 4135 4417 4414
f 4135 4793 4417
f 4341 4342 4220
f 4342 4343 4220
f 4343 4347 4221
f 4343 4221 4220
f 4347 4352 4221
f 4344 4350 4431
f 4346 4427 4351
f 4350 4351 4443
f 4350 4443 4431
f 4178 4225 4353
f 4178 4330 4225
f 4182 4354 4355
f 4182 4355 4359
f 4331 4366 4354
f 4355 4354 4366
f 4183 4359 4357
f 4358 4371 4380
f 4357 4370 4358
f 4359 4370 4357
f 4360 4380 4371
f 4358 4370 4371
f 4339 4107 4361
f 4182 4359 4183
f 4361 4180 4363
f 4376 4362 4378
f 4378 4362 4364
f 4184 4357 4358
f 4199 4392 4363
f 4361 4363 4372
f 4363 4392 4372
f 4378 4364 4421
f 4378 4421 4409
f 4355 4367 4373
f 4355 4366 4367
f 4331 4365 4366
f 4339 4369 4368
f 4355 4373 4359
f 4366 4365 4426
f 4365 4425 4426
f 4344 4429 4365
f 4366 4426 4367
f 4367 4436 4373
f 4345 4377 4427
f 4370 4435 4371
f 4360 4371 4375
f 4360 4375 4374
f 4359 4373 4370
f 4361 4372 4369
f 4371 4435 4375
f 4370 4373 4435
f 4373 4436 4435
f 4374 4437 4390
f 4390 4437 4456
f 4374 4375 4440
f 4369 4372 4438
f 4372 4392 4457
f 4339 4361 4369
f 4376 4378 4377
f 4345 4376 4377
f 4377 4378 4379
f 4377 4379 4428
f 4379 4409 4410
f 4378 4409 4379
f 4379 4410 4439
f 4410 4472 4439
f 4193 4380 4360
f 4193 4360 4382
f 4193 4382 4195
f 4195 4382 4381
f 4360 4374 4382
f 4381 4382 4390
f 4381 4391 4384
f 4384 4391 4397
f 4381 4390 4391
f 4201 4381 4384
f 4195 4381 4201
f 4384 4385 4582
f 4201 4384 4582
f 4384 4397 4385
f 4385 4397 4396
f 4385 4396 4399
f 4383 4386 4398
f 4385 4399 4691
f 4386 4578 4398
f 4398 4578 4400
f 4197 4383 4199
f 4199 4383 4392
f 4409 4421 4422
f 4409 4422 4387
f 4197 4386 4383
f 4387 4422 4389
f 4408 4387 4389
f 4388 4408 4389
f 4374 4390 4382
f 4390 4456 4391
f 4393 4394 4397
f 4391 4393 4397
f 4383 4395 4392
f 4391 4456 4393
f 4395 4457 4392
f 4394 4396 4397
f 4394 4401 4396
f 4396 4401 4403
f 4400 4690 4404
f 4402 4404 4690
f 4396 4403 4399
f 4399 4405 4699
f 4383 4398 4395
f 4398 4400 4463
f 4401 4309 4403
f 4395 4398 4463
f 4399 4403 4405
f 4405 4701 4699
f 4403 4311 4405
f 4400 4404 4463
f 4405 4464 4701
f 4464 4467 4701
f 4412 4406 4458
f 4406 4702 4407
f 4407 4701 4467
f 4406 4407 4466
f 4409 4387 4410
f 4408 4410 4387
f 4408 4472 4410
f 4408 4411 4472
f 4388 4411 4408
f 4388 4412 4411
f 4388 4698 4412
f 4411 4412 4458
f 4412 4702 4406
f 4413 4364 4362
f 4413 4415 4364
f 4413 4414 4415
f 4415 4414 4416
f 4415 4419 4364
f 4415 4416 4420
f 4364 4419 4421
f 4414 4417 4416
f 4793 4809 4417
f 4417 4418 4416
f 4417 4809 4418
f 4418 4809 4812
f 4419 4423 4421
f 4415 4420 4419
f 4421 4423 4422
f 4422 4703 4389
f 4422 4423 4703
f 4419 4704 4423
f 4419 4420 4704
f 4416 4418 4424
f 4416 4424 4420
f 4418 4812 4424
f 4420 4424 4707
f 4424 4812 4874
f 4365 4429 4425
f 4347 4368 4430
f 4425 4434 4426
f 4347 4430 4352
f 4344 4431 4429
f 4367 4432 4436
f 4367 4426 4432
f 4368 4433 4430
f 4377 4428 4427
f 4368 4369 4433
f 4352 4430 4257
f 4425 4444 4442
f 4425 4442 4434
f 4425 4429 4444
f 4351 4445 4443
f 4432 4279 4436
f 4426 4434 4432
f 4432 4256 4279
f 4432 4434 4256
f 4430 4433 4281
f 4427 4428 4445
f 4351 4427 4445
f 4428 4446 4445
f 4375 4435 4250
f 4375 4250 4440
f 4435 4436 4250
f 4369 4438 4433
f 4374 4440 4437
f 4372 4457 4438
f 4441 4439 4472
f 4436 4279 4250
f 4433 4438 4282
f 4438 4457 4459
f 4438 4459 4282
f 4428 4439 4446
f 4441 4446 4439
f 4441 4472 4461
f 4441 4461 4451
f 4379 4439 4428
f 4429 4447 4444
f 4429 4431 4447
f 4431 4443 4448
f 4442 4444 4274
f 4431 4448 4447
f 4443 4449 4448
f 4443 4445 4449
f 4430 4281 4257
f 4434 4442 4258
f 4445 4446 4449
f 4446 4452 4449
f 4444 4450 4274
f 4444 4447 4450
f 4447 4448 4904
f 4449 4452 4905
f 4447 4904 4450
f 4450 4897 4274
f 4448 4449 4905
f 4448 4905 4904
f 4433 4282 4281
f 4451 4476 4454
f 4441 4452 4446
f 4441 4451 4452
f 4451 4453 4452
f 4453 4905 4452
f 4454 4473 4455
f 4451 4454 4453
f 4453 4454 4907
f 4454 4455 4907
f 4395 4463 4460
f 4395 4460 4457
f 4411 4461 4472
f 4406 4462 4458
f 4411 4458 4461
f 4457 4460 4459
f 4462 4466 4474
f 4461 4458 4476
f 4462 4476 4458
f 4405 4311 4464
f 4464 4465 4467
f 4311 4471 4464
f 4464 4471 4465
f 4465 4470 4467
f 4466 4467 4470
f 4406 4466 4462
f 4407 4467 4466
f 4468 4471 4316
f 4465 4468 4469
f 4465 4469 4470
f 4468 4316 4469
f 4466 4470 4474
f 4465 4471 4468
f 4462 4473 4476
f 4473 4474 4477
f 4454 4476 4473
f 4469 4324 4475
f 4470 4475 4474
f 4462 4474 4473
f 4474 4475 4477
f 4451 4461 4476
f 4475 4325 4477
f 4455 4473 4477
f 4455 4477 4295
f 4316 4324 4469
f 4469 4475 4470
f 4479 4496 4491
f 4478 4496 4484
f 3139 4479 4491
f 3139 3140 4479
f 4479 4480 4481
f 3140 4480 4479
f 3140 3164 4480
f 4479 4481 4496
f 4481 4484 4496
f 4480 4482 4481
f 4481 4482 4486
f 4478 4485 4483
f 4478 4484 4485
f 4483 4485 4487
f 4481 4486 4484
f 4484 4520 4485
f 4484 4486 4520
f 4485 4488 4487
f 4485 4520 4488
f 4487 4488 4531
f 3155 4490 4489
f 4489 4490 4492
f 4492 4490 4493
f 3135 4491 4490
f 4490 4491 4493
f 4491 4496 4493
f 4492 4494 4043
f 4492 4495 4494
f 4492 4493 4495
f 4043 4494 4497
f 4494 4498 4497
f 4494 4502 4498
f 4494 4495 4502
f 4478 4493 4496
f 4478 4495 4493
f 4512 4525 4929
f 4043 4497 4053
f 4497 4499 4053
f 4497 4500 4499
f 4498 4500 4497
f 4498 4502 4500
f 4053 4499 4054
f 4054 4499 4501
f 4501 4505 4057
f 4501 4499 4504
f 4483 4502 4495
f 4478 4483 4495
f 4499 4500 4504
f 4500 4503 4504
f 4502 4503 4500
f 4483 4503 4502
f 4501 4504 4505
f 4505 4504 4511
f 4503 4511 4504
f 4507 4505 4506
f 4505 4511 4506
f 4507 4510 4058
f 4057 4505 4507
f 4058 4510 4508
f 4508 4509 4062
f 4509 4514 4930
f 4514 4931 4930
f 4508 4510 4513
f 4507 4506 4510
f 4508 4513 4509
f 4483 4487 4503
f 4487 4511 4503
f 4506 4511 4531
f 4506 4531 4532
f 4487 4531 4511
f 4506 4532 4510
f 4510 4532 4513
f 4514 4528 4931
f 4512 4931 4528
f 4509 4533 4514
f 4509 4513 4533
f 4514 4533 4545
f 3164 4515 4480
f 4480 4515 4482
f 3165 4517 4515
f 4482 4515 4516
f 4516 4517 4522
f 4515 4517 4516
f 3167 4518 4517
f 3302 4615 4518
f 4517 4518 4522
f 4518 4523 4522
f 4518 4615 4523
f 4482 4516 4519
f 4482 4519 4486
f 4516 4522 4524
f 4516 4524 4519
f 4486 4521 4520
f 4486 4519 4521
f 4520 4521 4535
f 4520 4535 4488
f 4519 4536 4521
f 4522 4523 4537
f 4522 4537 4524
f 4519 4524 4536
f 3172 4929 4525
f 3174 4525 4526
f 4512 4527 4525
f 4525 4527 4526
f 3173 4526 4621
f 4526 4527 4530
f 4526 4530 4621
f 4512 4529 4527
f 4512 4528 4529
f 4514 4545 4528
f 4530 4623 4621
f 4527 4529 4548
f 4527 4548 4530
f 4530 4548 4651
f 4531 4534 4532
f 4513 4532 4544
f 4513 4544 4533
f 4488 4534 4531
f 4488 4535 4534
f 4521 4540 4535
f 4534 4541 4544
f 4534 4535 4541
f 4535 4540 4541
f 4541 4546 4544
f 4524 4538 4536
f 4524 4537 4538
f 4536 4538 4539
f 4521 4536 4540
f 4536 4539 4540
f 4540 4542 4541
f 4541 4542 4546
f 4542 4543 4546
f 4539 4542 4540
f 4542 4643 4543
f 4539 4643 4542
f 4532 4534 4544
f 4533 4544 4546
f 4533 4546 4545
f 4528 4545 4547
f 4528 4547 4529
f 4543 4547 4545
f 4529 4547 4652
f 4529 4652 4548
f 4543 4545 4546
f 4543 4636 4547
f 4547 4636 4652
f 2984 4139 3216
f 3216 4551 3218
f 3216 4139 4551
f 3218 4551 4552
f 3217 3218 4552
f 3217 4554 3219
f 3217 4552 4553
f 3217 4553 4554
f 3219 4575 4549
f 4139 4187 4551
f 4551 4571 4552
f 4552 4572 4553
f 4574 4550 4549
f 4574 4549 4575
f 3219 4554 4575
f 3225 4550 4143
f 3232 4167 4555
f 3235 4555 4565
f 4167 4168 4555
f 4166 4560 4556
f 3239 4560 4166
f 4168 4561 4555
f 4557 4562 4561
f 4556 4564 4559
f 4168 4557 4561
f 4557 4558 4563
f 4558 4559 4564
f 4558 4564 4563
f 4556 4560 4564
f 4555 4561 4565
f 4561 4566 4565
f 4563 4564 4568
f 4560 4568 4564
f 4561 4562 4566
f 4562 4563 4569
f 4557 4563 4562
f 3254 4565 4566
f 4563 4568 4569
f 4562 4567 4566
f 4562 4569 4567
f 3255 4566 4567
f 3255 4567 4570
f 3264 4567 4569
f 3264 4570 4567
f 4187 4571 4551
f 4552 4571 4572
f 4554 4577 4579
f 4553 4572 4573
f 4553 4573 4577
f 4554 4579 4575
f 4189 4550 4574
f 4574 4575 4578
f 4553 4577 4554
f 4064 4572 4571
f 4572 4687 4573
f 4575 4579 4578
f 4064 4687 4572
f 4573 4687 4688
f 4573 4688 4689
f 4573 4689 4577
f 4577 4690 4579
f 4201 4581 4580
f 4200 4580 4576
f 4580 4581 4584
f 4580 4584 4576
f 4581 4583 4584
f 4201 4582 4581
f 4386 4574 4578
f 4581 4582 4693
f 4581 4693 4583
f 4583 4694 4586
f 4583 4585 4584
f 4583 4586 4585
f 4586 4588 4585
f 4586 4587 4588
f 4191 4591 4589
f 4191 4576 4591
f 4212 4589 4592
f 4589 4594 4592
f 4576 4584 4590
f 4576 4590 4591
f 4589 4591 4594
f 4591 4590 4599
f 4591 4599 4594
f 4212 4592 4593
f 4592 4595 4593
f 4780 4593 4820
f 4593 4595 4820
f 4592 4602 4595
f 4592 4594 4602
f 4820 4595 4822
f 4595 4603 4822
f 4590 4584 4585
f 4590 4585 4606
f 4585 4588 4606
f 4588 4607 4606
f 4587 4596 4597
f 4587 4597 4588
f 4588 4597 4607
f 4596 4598 4597
f 4596 4705 4598
f 4598 4705 4706
f 4598 4706 4610
f 4590 4606 4599
f 4599 4606 4600
f 4600 4609 4604
f 4594 4599 4601
f 4594 4601 4602
f 4599 4600 4601
f 4595 4602 4603
f 4601 4605 4602
f 4602 4605 4603
f 4600 4604 4601
f 4601 4604 4605
f 4604 4662 4605
f 4605 4662 4846
f 4597 4608 4607
f 4600 4606 4607
f 4600 4607 4609
f 4607 4608 4609
f 4608 4612 4609
f 4597 4598 4608
f 4598 4610 4611
f 4598 4611 4608
f 4610 4706 4708
f 4610 4708 4613
f 4604 4609 4612
f 4608 4611 4612
f 4604 4612 4662
f 4611 4614 4671
f 4611 4671 4612
f 4612 4671 4662
f 4610 4614 4611
f 4610 4613 4614
f 4613 4673 4614
f 4613 4710 4673
f 3302 3303 4615
f 3303 4616 4615
f 3303 3304 4616
f 4615 4616 4618
f 3304 4617 4616
f 4617 4628 4620
f 4523 4618 4634
f 4523 4634 4537
f 4618 4619 4637
f 4523 4615 4618
f 4616 4619 4618
f 4616 4617 4619
f 4617 4620 4619
f 4620 4628 4626
f 4619 4620 4638
f 4620 4626 4638
f 3307 4621 4622
f 4621 4623 4622
f 3308 4628 4617
f 4622 4624 4932
f 4622 4623 4624
f 4530 4651 4623
f 4623 4656 4624
f 4623 4651 4656
f 4624 4625 4932
f 4624 4656 4625
f 4625 4656 4657
f 4625 4657 4936
f 4631 4661 4660
f 4626 4631 4660
f 4631 4632 4661
f 4632 4663 4661
f 3402 4627 4628
f 4626 4628 4627
f 4630 4632 4631
f 4627 4630 4631
f 3407 4632 4630
f 3407 4629 4632
f 3508 4629 3407
f 3508 4839 4629
f 4626 4627 4631
f 4657 4678 4936
f 4632 4629 4663
f 4629 4839 4633
f 4839 4841 4633
f 4629 4633 4663
f 4633 4841 4664
f 4537 4635 4538
f 4537 4634 4635
f 4618 4637 4634
f 4634 4637 4639
f 4538 4635 4641
f 4538 4641 4539
f 4539 4641 4643
f 4634 4639 4635
f 4635 4642 4641
f 4635 4639 4642
f 4543 4643 4636
f 4636 4645 4652
f 4619 4638 4637
f 4637 4638 4640
f 4638 4660 4640
f 4637 4640 4639
f 4639 4640 4646
f 4640 4660 4658
f 4640 4658 4667
f 4638 4626 4660
f 4641 4642 4644
f 4636 4643 4644
f 4641 4644 4643
f 4636 4644 4645
f 4645 4648 4653
f 4639 4646 4642
f 4642 4646 4647
f 4640 4667 4646
f 4644 4647 4645
f 4642 4647 4644
f 4645 4647 4648
f 4647 4649 4648
f 4646 4649 4647
f 4646 4667 4649
f 4648 4649 4650
f 4548 4652 4653
f 4548 4653 4651
f 4651 4654 4656
f 4645 4653 4652
f 4651 4653 4654
f 4654 4657 4656
f 4648 4654 4653
f 4654 4650 4655
f 4654 4655 4657
f 4655 4678 4657
f 4648 4650 4654
f 4658 4659 4669
f 4658 4660 4661
f 4659 4661 4663
f 4659 4663 4665
f 4658 4661 4659
f 4659 4665 4674
f 4633 4665 4663
f 4633 4664 4665
f 4665 4664 4676
f 4665 4676 4674
f 4664 4855 4666
f 4676 4664 4666
f 4658 4669 4667
f 4667 4668 4649
f 4667 4669 4668
f 4649 4668 4650
f 4650 4668 4681
f 4659 4674 4669
f 4669 4674 4670
f 4669 4670 4668
f 4668 4670 4681
f 4662 4671 4850
f 4614 4672 4671
f 4671 4672 4850
f 4614 4673 4672
f 4674 4676 4675
f 4674 4675 4670
f 4676 4666 4684
f 4676 4684 4675
f 4677 4941 4678
f 4679 4942 4941
f 4655 4677 4678
f 4677 4679 4941
f 4679 4680 4942
f 4841 4855 4664
f 4650 4681 4655
f 4677 4681 4682
f 4655 4681 4677
f 4670 4682 4681
f 4677 4682 4679
f 4679 4682 4683
f 4670 4675 4682
f 4675 4683 4682
f 4675 4684 4683
f 4683 4684 4685
f 4684 4862 4685
f 4679 4683 4680
f 4680 4683 4685
f 4680 4685 4943
f 4862 4866 4685
f 4685 4866 4943
f 4234 4239 4688
f 4239 4686 4688
f 4234 4688 4687
f 4577 4689 4690
f 4400 4578 4579
f 4582 4691 4693
f 4400 4579 4690
f 4385 4691 4582
f 4692 4694 4693
f 4688 4686 4689
f 4402 4690 4689
f 4691 4692 4693
f 4691 4699 4692
f 4692 4700 4697
f 4692 4697 4694
f 4583 4693 4694
f 4586 4694 4695
f 4694 4697 4695
f 4389 4703 4696
f 4695 4696 4587
f 4695 4698 4696
f 4697 4702 4698
f 4695 4697 4698
f 4388 4696 4698
f 4388 4389 4696
f 4586 4695 4587
f 4402 4689 4686
f 4399 4699 4691
f 4692 4699 4700
f 4699 4701 4700
f 4407 4702 4700
f 4407 4700 4701
f 4697 4700 4702
f 4412 4698 4702
f 4423 4705 4703
f 4596 4696 4703
f 4596 4703 4705
f 4423 4704 4705
f 4705 4704 4706
f 4587 4696 4596
f 4420 4707 4704
f 4704 4707 4706
f 4424 4874 4707
f 4706 4707 4708
f 4707 4875 4708
f 4707 4874 4875
f 4708 4875 4709
f 4613 4708 4709
f 4613 4709 4710
f 1425 4711 4712
f 3445 4712 4711
f 3445 4717 4712
f 4712 4717 4715
f 698 4713 3446
f 1425 4714 1428
f 1425 4712 4714
f 1428 4714 4734
f 4714 4716 4734
f 4712 4715 4714
f 4715 4719 4716
f 4715 4716 4714
f 4716 4719 4725
f 4719 4720 4725
f 1431 4738 4713
f 1431 4735 4738
f 4713 4738 4723
f 4715 4717 4718
f 3446 4713 4769
f 4713 4723 4769
f 4715 4718 4719
f 4718 4721 4719
f 4719 4721 4720
f 4720 4088 4754
f 4720 4721 4722
f 4720 4722 4088
f 4088 4090 4754
f 4723 4758 4770
f 1384 4724 4114
f 4111 4741 4120
f 4111 4726 4741
f 4726 4730 4741
f 4716 4725 4736
f 4725 4754 4731
f 4724 4727 4114
f 4726 4728 4730
f 4114 4727 4131
f 4727 4729 4131
f 4729 4755 4131
f 4736 4725 4731
f 4729 4744 4731
f 4729 4731 4755
f 4728 4732 4730
f 1428 4734 4733
f 1433 4733 4735
f 4716 4736 4734
f 4734 4736 4737
f 4734 4737 4733
f 4736 4744 4737
f 4733 4746 4735
f 4735 4746 4738
f 4733 4737 4746
f 4723 4738 4739
f 4736 4731 4744
f 4738 4746 4739
f 4120 4741 4740
f 4724 4743 4727
f 4730 4748 4741
f 4727 4743 4745
f 4741 4748 4740
f 4121 4740 4742
f 4742 4740 4749
f 4740 4748 4749
f 4742 4749 4791
f 4727 4745 4729
f 4730 4732 4752
f 4742 4788 4122
f 4744 4747 4737
f 4730 4752 4748
f 4745 4750 4747
f 4744 4745 4747
f 4737 4747 4746
f 4747 4751 4746
f 1439 4745 4743
f 1439 4750 4745
f 4748 4752 4789
f 4748 4789 4749
f 1447 4751 4750
f 4747 4750 4751
f 4729 4745 4744
f 4732 4759 4752
f 4752 4759 4753
f 4752 4753 4789
f 4753 4760 4764
f 4720 4754 4725
f 4731 4754 4755
f 4090 4131 4755
f 4090 4755 4754
f 4728 4756 4757
f 4728 4757 4732
f 4732 4757 4761
f 4756 4772 4757
f 4723 4739 4758
f 4758 4766 4770
f 4732 4761 4759
f 4759 4761 4760
f 4759 4760 4753
f 4764 4760 4768
f 4761 4775 4760
f 4760 4775 4768
f 4766 4768 4774
f 4768 4775 4776
f 4746 4751 4762
f 4751 4797 4762
f 4739 4746 4762
f 4739 4762 4767
f 4762 4763 4767
f 4762 4797 4763
f 4763 4765 4767
f 4764 4768 4803
f 4765 4803 4768
f 4739 4767 4758
f 4758 4767 4766
f 4765 4766 4767
f 4765 4768 4766
f 3446 4769 3448
f 4723 4770 4769
f 4769 4770 4818
f 3448 4769 4818
f 4756 4771 4772
f 4757 4772 4777
f 4757 4777 4761
f 4771 4779 4772
f 4771 4773 4779
f 4772 4785 4777
f 4772 4779 4785
f 4766 4774 4770
f 4774 4776 4784
f 4761 4777 4775
f 4768 4776 4774
f 4775 4778 4776
f 4777 4778 4775
f 4777 4786 4778
f 4776 4778 4783
f 4773 4780 4781
f 4773 4781 4779
f 4779 4782 4785
f 4780 4821 4781
f 4779 4781 4782
f 4770 4774 4818
f 4774 4784 4818
f 4776 4783 4784
f 4784 4824 4818
f 4787 4826 4783
f 4783 4824 4784
f 4777 4785 4786
f 4786 4783 4778
f 4782 4786 4785
f 4782 4787 4786
f 4786 4787 4783
f 4742 4791 4788
f 4788 4791 4795
f 4749 4790 4791
f 4749 4789 4790
f 4753 4798 4789
f 4789 4798 4790
f 4791 4792 4795
f 4791 4790 4792
f 4788 4795 4793
f 4793 4795 4794
f 4795 4796 4794
f 4795 4792 4796
f 4794 4796 4811
f 4796 4807 4811
f 1447 1448 4797
f 1447 4797 4751
f 1448 4800 4799
f 1448 4799 4797
f 4763 4797 4799
f 4764 4801 4798
f 4799 4800 4803
f 4801 4804 4802
f 4800 4804 4801
f 4798 4802 4790
f 4798 4801 4802
f 4800 4801 4803
f 4790 4802 4792
f 4753 4764 4798
f 4763 4799 4765
f 4765 4799 4803
f 4764 4803 4801
f 4792 4802 4805
f 4802 4804 4805
f 1454 4805 4804
f 4792 4805 4796
f 4805 4807 4796
f 1454 1456 4805
f 1456 4806 4805
f 4805 4806 4807
f 4807 4808 4815
f 4806 4808 4807
f 4793 4794 4809
f 4794 4810 4809
f 4809 4810 4812
f 4794 4814 4810
f 4794 4811 4814
f 4812 4813 4874
f 4810 4813 4812
f 4810 4879 4813
f 4810 4814 4879
f 4811 4816 4814
f 4807 4815 4811
f 4811 4815 4816
f 4808 4817 4815
f 4815 4817 4918
f 4815 4918 4816
f 3448 4818 4819
f 3448 4819 3498
f 4818 4834 4819
f 4818 4827 4834
f 3498 4837 3504
f 3498 4819 4837
f 4848 4819 4834
f 4780 4820 4821
f 4781 4823 4782
f 4781 4821 4823
f 4820 4822 4828
f 4820 4828 4821
f 4821 4829 4823
f 4821 4828 4829
f 4823 4829 4833
f 4818 4824 4827
f 4782 4825 4787
f 4787 4825 4826
f 4782 4823 4825
f 4783 4826 4824
f 4824 4832 4827
f 4825 4823 4833
f 4825 4832 4826
f 4825 4833 4832
f 4824 4826 4832
f 4822 4830 4828
f 4822 4603 4830
f 4830 4831 4828
f 4828 4831 4829
f 4603 4605 4846
f 4603 4846 4830
f 4830 4846 4847
f 4829 4831 4836
f 4830 4847 4831
f 4835 4834 4827
f 4835 4827 4832
f 4833 4835 4832
f 4829 4836 4833
f 4833 4836 4835
f 3504 4837 3507
f 3507 4837 4845
f 4837 4819 4848
f 4837 4848 4859
f 4837 4859 4845
f 3507 4845 4838
f 4839 4955 4841
f 4841 4955 4844
f 4840 4844 4955
f 4838 4845 4843
f 4841 4844 4855
f 4844 4856 4855
f 4844 4842 4856
f 4845 4861 4843
f 4840 4842 4844
f 4838 4843 4840
f 4840 4843 4842
f 4662 4850 4846
f 4846 4850 4847
f 4831 4847 4851
f 4831 4851 4836
f 4848 4834 4849
f 4835 4849 4834
f 4835 4836 4849
f 4836 4851 4849
f 4848 4860 4859
f 4848 4849 4860
f 4850 4672 4852
f 4847 4850 4852
f 4847 4852 4851
f 4673 4710 4883
f 4672 4854 4852
f 4854 4853 4852
f 4851 4852 4853
f 4849 4851 4853
f 4849 4853 4863
f 4672 4673 4854
f 4673 4883 4854
f 4854 4864 4853
f 4855 4856 4857
f 4842 4858 4856
f 4842 4843 4867
f 4666 4855 4857
f 4857 4856 4858
f 4842 4867 4858
f 4843 4861 4868
f 4843 4868 4867
f 4845 4859 4861
f 4859 4860 4873
f 4859 4873 4861
f 4666 4857 4862
f 4666 4862 4684
f 4857 4869 4862
f 4857 4858 4869
f 4861 4873 4870
f 4860 4865 4873
f 4860 4863 4865
f 4854 4886 4864
f 4853 4864 4863
f 4863 4864 4888
f 4863 4888 4865
f 4862 4869 4866
f 4866 4869 4957
f 4858 4867 4871
f 4861 4870 4868
f 4858 4871 4869
f 4867 4868 4872
f 4873 4865 4870
f 4865 4888 4889
f 4865 4889 4870
f 4869 4871 4957
f 4867 4872 4871
f 4868 4870 4965
f 4870 4889 4965
f 4868 4965 4872
f 4849 4863 4860
f 4874 4876 4875
f 4813 4876 4874
f 4813 4878 4876
f 4813 4879 4878
f 4875 4877 4709
f 4709 4881 4710
f 4709 4877 4881
f 4875 4876 4877
f 4876 4878 4884
f 4876 4884 4877
f 4814 4880 4879
f 4814 4816 4880
f 4816 4919 4880
f 4878 4879 4892
f 4879 4880 4892
f 4880 4919 4894
f 4816 4918 4919
f 4710 4881 4882
f 4710 4882 4883
f 4854 4883 4886
f 4882 4887 4883
f 4881 4887 4882
f 4877 4885 4881
f 4877 4884 4885
f 4881 4885 4887
f 4884 4891 4885
f 4883 4887 4886
f 4864 4886 4890
f 4864 4890 4888
f 4888 4967 4889
f 4888 4890 4967
f 4886 4969 4890
f 4886 4887 4969
f 4885 4969 4887
f 4885 4891 4969
f 4878 4893 4884
f 4878 4892 4893
f 4884 4893 4891
f 4892 4895 4893
f 4880 4894 4892
f 4892 4894 4895
f 4891 4893 4973
f 4893 4895 4973
f 4894 4997 4895
f 4271 4899 4896
f 4903 4906 4899
f 4271 4898 4899
f 4903 4899 4898
f 4897 4903 4898
f 4291 4900 4902
f 4900 4901 4902
f 4896 4901 4900
f 4907 4902 4901
f 4906 4907 4901
f 4899 4906 4901
f 4896 4899 4901
f 4904 4905 4906
f 4903 4904 4906
f 4450 4904 4903
f 4450 4903 4897
f 4453 4907 4906
f 4453 4906 4905
f 4455 4902 4907
f 4908 5017 4917
f 4925 5017 5020
f 4926 5020 4909
f 4909 4987 5001
f 1473 4910 4806
f 4806 4910 4808
f 4808 4910 4911
f 1475 4912 4910
f 4910 4912 4911
f 4911 4912 4914
f 4808 4911 4817
f 4817 4911 4913
f 4817 4913 4920
f 4911 4914 4913
f 4913 4914 4915
f 1466 4916 4912
f 4912 4916 4914
f 4914 4916 4917
f 4916 4908 4917
f 4915 4917 4925
f 4914 4917 4915
f 4917 5017 4925
f 4817 4920 4918
f 4918 4923 4919
f 4918 4920 4923
f 4913 4915 4920
f 4915 4921 4920
f 4920 4921 4923
f 4894 4919 4922
f 4894 4922 4997
f 4923 4924 4922
f 4919 4923 4922
f 4922 4924 4999
f 4921 4924 4923
f 4921 4925 4926
f 4915 4925 4921
f 4925 5020 4926
f 4921 4926 4924
f 4924 4926 5001
f 4926 4909 5001
f 3532 4927 3533
f 3533 4928 3534
f 3533 4927 4928
f 4927 4930 4928
f 4927 4062 4930
f 4928 4930 4931
f 3534 4928 4929
f 3172 3534 4929
f 4928 4931 4929
f 4512 4929 4931
f 4509 4930 4062
f 4625 4933 4932
f 4933 4936 4934
f 4934 4936 4937
f 3545 4934 4937
f 3545 4937 4938
f 3545 4938 4935
f 4625 4936 4933
f 4678 4937 4936
f 4678 4941 4937
f 4937 4941 4938
f 4938 4941 4942
f 4938 4942 4945
f 4935 4938 4945
f 4935 4945 4946
f 3545 4935 3548
f 3548 4935 4939
f 4939 4940 4947
f 4935 4946 4939
f 4939 4946 4940
f 4942 4943 4945
f 4680 4943 4942
f 4943 4944 4945
f 4945 4944 4946
f 4944 4956 4946
f 4866 4944 4943
f 4940 4946 4956
f 4977 4948 4953
f 4982 4951 4949
f 4984 4949 5056
f 4949 4954 5056
f 4950 5065 5058
f 4978 4953 4951
f 4951 4953 4952
f 4951 4952 4954
f 4952 4992 4990
f 4948 4992 4953
f 4953 4992 4952
f 4954 5058 5056
f 4950 5058 4954
f 4949 4951 4954
f 4950 4954 4952
f 4950 4952 4990
f 3563 4840 4955
f 3563 4838 4840
f 4866 4957 4944
f 4944 4957 4956
f 4956 4957 4958
f 4871 4958 4957
f 4871 4872 4958
f 4872 4968 4958
f 4956 4958 4959
f 4958 4968 4959
f 4940 4956 4959
f 4940 4959 4961
f 4959 4968 4960
f 4947 4961 4962
f 4940 4961 4947
f 4961 4980 4962
f 3571 4962 4980
f 4961 4964 4980
f 4959 4964 4961
f 4959 4960 4963
f 4959 4963 4964
f 4963 4982 4964
f 4963 4978 4982
f 4872 4965 4968
f 4889 4966 4965
f 4889 4967 4966
f 4965 4966 4968
f 4890 4970 4967
f 4960 4968 4966
f 4966 4967 4971
f 4967 4970 4971
f 4890 4969 4970
f 4969 4972 4970
f 4969 4974 4972
f 4891 4974 4969
f 4960 4966 4971
f 4970 4976 4971
f 4960 4971 4976
f 4970 4972 4976
f 4972 4974 4977
f 4891 4973 4974
f 4895 4975 4973
f 4895 4997 4975
f 4973 4979 4974
f 4973 4975 4979
f 4960 4976 4963
f 4963 4976 4978
f 4972 4978 4976
f 4972 4977 4978
f 4977 4953 4978
f 4974 4979 4977
f 4977 4979 4948
f 4975 5000 4979
f 4979 5000 4948
f 4964 4981 4980
f 3571 4980 4983
f 4980 4981 4983
f 4964 4982 4981
f 4981 4982 4949
f 4981 4984 4983
f 4983 4984 5064
f 4981 4949 4984
f 4978 4951 4982
f 4998 4985 5000
f 4948 5000 4993
f 5000 4985 4993
f 4998 4986 4985
f 4988 4993 4985
f 5001 4987 4986
f 4986 4987 4989
f 4987 5029 4989
f 4985 4986 4989
f 4988 4985 4989
f 4989 5029 5030
f 4988 5030 4995
f 4988 4989 5030
f 4994 4996 4990
f 4991 5038 5065
f 4950 4990 4991
f 4950 4991 5065
f 4991 4990 4996
f 4994 4992 4993
f 4994 4990 4992
f 4948 4993 4992
f 4988 4994 4993
f 4994 4995 4996
f 4995 5032 4996
f 4991 4996 4063
f 4063 4996 5032
f 4988 4995 4994
f 4922 4999 4997
f 4975 4997 4998
f 4998 4997 4999
f 4999 5001 4986
f 4924 5001 4999
f 4998 4999 4986
f 4975 4998 5000
f 1493 5002 1489
f 1493 1494 5003
f 1493 5003 5002
f 5003 5024 5002
f 5003 5004 5005
f 1494 5004 5003
f 1494 1516 5004
f 5004 5082 5006
f 5003 5005 5024
f 5005 5026 5024
f 5005 5010 5026
f 5005 5006 5010
f 5006 5083 5012
f 5004 5006 5005
f 5006 5012 5010
f 5010 5031 5026
f 5011 5008 5031
f 5007 5032 5008
f 4063 5032 5007
f 4063 5007 5070
f 5007 5071 5070
f 5009 5014 5071
f 5007 5008 5009
f 5009 5008 5011
f 5007 5009 5071
f 5011 5012 5013
f 5010 5012 5011
f 5010 5011 5031
f 5013 5087 5015
f 5012 5087 5013
f 5009 5013 5014
f 5009 5011 5013
f 5013 5015 5014
f 5014 5015 5072
f 1500 5018 5016
f 1500 5019 5018
f 4908 5016 5017
f 5016 5018 5017
f 5018 5021 5020
f 5018 5020 5017
f 5018 5019 5021
f 1500 1489 5019
f 1489 5002 5019
f 5002 5023 5019
f 5019 5023 5021
f 5022 5023 5025
f 4909 5020 5021
f 5021 5023 5022
f 4909 5021 5022
f 4909 5022 4987
f 5022 5025 5029
f 5024 5025 5023
f 5002 5024 5023
f 5024 5026 5025
f 5025 5027 5029
f 5029 5027 5030
f 4995 5030 5028
f 5028 5030 5027
f 4987 5022 5029
f 5026 5027 5025
f 5026 5031 5027
f 5028 5027 5031
f 5028 5031 5008
f 4995 5028 5032
f 5028 5008 5032
f 5037 5033 5059
f 5060 5033 5034
f 5041 5034 5033
f 5035 5034 5041
f 5035 5045 5063
f 5035 5063 5034
f 5040 5067 5043
f 5042 5043 5050
f 5043 5067 5050
f 5037 5065 5038
f 5037 5038 5039
f 5037 5036 5033
f 5037 5039 5036
f 5036 5039 5040
f 5040 5039 5069
f 5039 5038 5070
f 5036 5043 5041
f 5035 5041 5042
f 5042 5041 5043
f 5036 5041 5033
f 5036 5040 5043
f 5048 5052 5044
f 5045 5046 5066
f 5045 5066 5063
f 5045 5048 5046
f 5035 5047 5045
f 5035 5042 5047
f 5045 5047 5048
f 5047 5052 5048
f 5046 5048 5049
f 3611 5049 5109
f 5049 5044 5109
f 3610 5046 5049
f 5048 5044 5049
f 5042 5051 5047
f 5047 5051 5052
f 5042 5050 5051
f 5050 5077 5051
f 5044 5052 5110
f 5051 5077 5053
f 5051 5053 5052
f 5052 5053 5110
f 5055 5060 5057
f 5057 5060 5061
f 4984 5054 5064
f 3626 5064 5054
f 5055 5054 5056
f 4984 5056 5054
f 3626 5054 5057
f 3626 5057 3632
f 5055 5057 5054
f 5055 5058 5059
f 5037 5059 5065
f 5059 5058 5065
f 5059 5033 5060
f 5055 5059 5060
f 5055 5056 5058
f 5060 5034 5061
f 5063 5061 5034
f 5063 5066 5062
f 5063 5062 5061
f 3632 5057 5061
f 3632 5061 5062
f 5040 5068 5067
f 5067 5068 5074
f 5067 5074 5076
f 5039 5070 5069
f 5069 5070 5071
f 5040 5069 5068
f 5069 5071 5075
f 5014 5075 5071
f 5069 5075 5068
f 5068 5075 5073
f 5073 5075 5072
f 5073 5072 5095
f 5068 5073 5074
f 5073 5096 5074
f 5074 5096 5078
f 5014 5072 5075
f 5050 5076 5077
f 5050 5067 5076
f 5076 5079 5077
f 5053 5077 5116
f 5077 5079 5116
f 5074 5078 5076
f 5076 5078 5079
f 5078 5100 5079
f 1517 5082 1516
f 1517 5080 5082
f 5080 5081 5083
f 1516 5082 5004
f 5006 5082 5083
f 5081 5087 5083
f 5080 5083 5082
f 1517 1519 5080
f 1519 5084 5080
f 5080 5084 5081
f 5081 5084 5088
f 5015 5087 5085
f 5081 5085 5087
f 5015 5085 5086
f 5015 5086 5072
f 5012 5083 5087
f 5081 5088 5085
f 5085 5088 5089
f 5085 5089 5086
f 5086 5089 5097
f 5089 5093 5097
f 1524 5090 5084
f 5084 5090 5088
f 5088 5090 5092
f 5090 5091 5092
f 1525 5091 5090
f 5091 5094 5092
f 5088 5092 5089
f 5092 5094 5093
f 5089 5092 5093
f 5093 5094 5103
f 5072 5086 5095
f 5086 5097 5095
f 5073 5095 5096
f 5095 5098 5096
f 5096 5098 5099
f 5095 5097 5098
f 5097 5102 5098
f 5098 5102 5105
f 5078 5096 5099
f 5078 5099 5100
f 5079 5100 5131
f 5098 5105 5099
f 5099 5105 5101
f 5099 5101 5100
f 5100 5101 5132
f 5093 5102 5097
f 5093 5103 5102
f 5102 5104 5105
f 5102 5103 5104
f 5103 5154 5104
f 5101 5105 5106
f 5104 5106 5105
f 5101 5106 5137
f 5104 5155 5106
f 5106 5155 5156
f 5106 5156 5137
f 3676 5109 5108
f 5044 5111 5109
f 5108 5109 5111
f 3676 5108 5107
f 5107 5108 5113
f 5108 5111 5115
f 3611 5109 3676
f 5110 5112 5111
f 5044 5110 5111
f 5053 5117 5110
f 5111 5112 5115
f 5110 5117 5112
f 5107 5113 5114
f 5108 5115 5113
f 5113 5122 5114
f 5112 5119 5115
f 5113 5115 5123
f 5113 5123 5122
f 5115 5119 5123
f 5053 5116 5117
f 5116 5118 5117
f 5112 5117 5120
f 5079 5131 5116
f 5116 5131 5118
f 5117 5118 5120
f 5112 5120 5119
f 5118 5134 5120
f 5119 5120 5128
f 5120 5134 5128
f 5114 5122 5121
f 3686 5121 5124
f 5121 5122 5125
f 5122 5123 5126
f 5122 5126 5125
f 5121 5125 5124
f 3688 5124 5208
f 5124 5125 5209
f 5125 5129 5209
f 5119 5127 5123
f 5123 5127 5126
f 5119 5128 5127
f 5127 5128 5141
f 5125 5126 5129
f 5126 5127 5130
f 5126 5130 5129
f 5127 5141 5130
f 5129 5130 5221
f 5100 5132 5131
f 5118 5131 5133
f 5131 5132 5133
f 5101 5137 5132
f 5132 5136 5133
f 5118 5133 5134
f 5133 5135 5134
f 5133 5136 5135
f 5134 5135 5140
f 5132 5137 5136
f 5137 5138 5136
f 5137 5156 5138
f 5135 5136 5139
f 5135 5139 5144
f 5136 5138 5139
f 5139 5145 5144
f 5138 5170 5139
f 5139 5170 5145
f 5128 5134 5140
f 5128 5140 5141
f 5135 5144 5140
f 5140 5142 5141
f 5140 5144 5142
f 5130 5141 5143
f 5130 5143 5221
f 5141 5142 5143
f 5142 5147 5143
f 5142 5144 5146
f 5144 5145 5146
f 5142 5146 5147
f 5146 5178 5147
f 5147 5178 5225
f 1545 5148 5091
f 5091 5148 5094
f 5094 5148 5149
f 5094 5149 5103
f 5103 5149 5154
f 1547 5150 5148
f 5148 5150 5149
f 5149 5150 5151
f 5149 5151 5154
f 1549 5152 5150
f 5150 5152 5151
f 5151 5152 5153
f 5151 5153 5157
f 5104 5154 5155
f 5154 5157 5155
f 5151 5157 5154
f 5155 5157 5158
f 5157 5159 5158
f 5155 5158 5156
f 5156 5158 5169
f 5158 5163 5169
f 5157 5153 5159
f 5158 5159 5163
f 5152 5160 5153
f 5153 5161 5159
f 5160 5161 5153
f 5161 5166 5162
f 5159 5162 5163
f 5161 5162 5159
f 5162 5164 5163
f 5163 5164 5171
f 5162 5167 5164
f 5164 5167 5168
f 5160 5165 5161
f 5165 5182 5166
f 5161 5165 5166
f 5166 5183 5167
f 5166 5182 5183
f 5162 5166 5167
f 5167 5183 5187
f 5167 5187 5168
f 5138 5156 5169
f 5138 5169 5170
f 5163 5171 5169
f 5169 5171 5170
f 5145 5170 5172
f 5170 5171 5172
f 5146 5145 5176
f 5145 5172 5176
f 5146 5176 5178
f 5172 5174 5176
f 5171 5173 5172
f 5164 5173 5171
f 5172 5173 5174
f 5164 5168 5173
f 5168 5175 5173
f 5173 5175 5174
f 5174 5175 5180
f 5175 5197 5180
f 5176 5177 5178
f 5174 5177 5176
f 5178 5179 5225
f 5178 5177 5179
f 5177 5181 5179
f 5179 5181 5258
f 5174 5180 5177
f 5177 5180 5181
f 5180 5194 5181
f 5181 5195 5258
f 5168 5196 5175
f 5182 5184 5183
f 5183 5185 5187
f 5183 5184 5185
f 1576 5185 5184
f 1576 5186 5185
f 5185 5186 5188
f 5168 5187 5196
f 5187 5188 5196
f 5188 5198 5196
f 5185 5188 5187
f 5188 5186 5191
f 5188 5191 5198
f 5191 5202 5198
f 1576 1580 5186
f 1580 5189 5186
f 5186 5189 5191
f 1580 1582 5189
f 1582 5190 5189
f 5189 5190 5192
f 5189 5192 5191
f 5191 5192 5202
f 5192 5203 5202
f 5192 5190 5193
f 5192 5193 5203
f 5203 5193 5204
f 5180 5197 5194
f 5181 5194 5195
f 5194 5200 5195
f 5195 5200 5262
f 5175 5196 5197
f 5196 5198 5197
f 5194 5197 5199
f 5197 5198 5199
f 5198 5202 5199
f 5199 5202 5201
f 5194 5199 5200
f 5199 5201 5200
f 5200 5201 5206
f 5200 5206 5262
f 5206 5272 5262
f 5201 5202 5203
f 5201 5203 5205
f 5203 5204 5205
f 5205 5204 5706
f 5201 5205 5206
f 5205 5207 5206
f 5206 5207 5272
f 5207 5710 5273
f 5205 5706 5207
f 5207 5706 5710
f 3688 5208 3729
f 5124 5209 5208
f 3729 5208 5210
f 5208 5209 5212
f 5208 5212 5210
f 3729 5210 3731
f 3731 5210 5215
f 5210 5212 5213
f 5210 5213 5215
f 5129 5211 5209
f 5209 5211 5212
f 5129 5221 5211
f 5211 5221 5223
f 5211 5214 5212
f 5212 5214 5213
f 5211 5223 5214
f 5213 5214 5219
f 3731 5215 3735
f 3735 5215 5216
f 5215 5218 5216
f 3735 5216 3737
f 5213 5218 5215
f 5213 5219 5218
f 3737 5217 3744
f 3737 5216 5217
f 5216 5220 5217
f 5218 5219 5229
f 5216 5218 5220
f 5218 5229 5220
f 5217 5220 5236
f 5220 5229 5231
f 5220 5231 5236
f 5143 5222 5221
f 5221 5222 5223
f 5143 5147 5222
f 5222 5226 5223
f 5214 5223 5224
f 5214 5224 5219
f 5223 5226 5224
f 5147 5225 5222
f 5222 5225 5226
f 5224 5228 5230
f 5225 5227 5226
f 5224 5226 5228
f 5226 5227 5228
f 5227 5259 5228
f 5228 5259 5233
f 5219 5224 5230
f 5219 5230 5229
f 5229 5230 5232
f 5229 5232 5231
f 5231 5252 5236
f 5231 5232 5238
f 5228 5233 5230
f 5230 5233 5232
f 5233 5237 5232
f 3744 5234 5235
f 3744 5217 5234
f 5234 5241 5235
f 5217 5236 5234
f 5234 5236 5243
f 5231 5238 5252
f 5238 5239 5252
f 5232 5237 5238
f 5237 5265 5238
f 5238 5265 5239
f 5239 5265 5269
f 5239 5269 5256
f 5235 5241 5240
f 5240 5241 5242
f 5234 5243 5241
f 5236 5252 5243
f 5241 5243 5244
f 5241 5244 5242
f 5242 5244 5246
f 5240 5242 5245
f 5245 5249 5247
f 5242 5249 5245
f 5242 5246 5249
f 5247 5250 5248
f 5247 5249 5250
f 5248 5760 5757
f 5248 5250 5760
f 5249 5251 5250
f 5246 5251 5249
f 5250 5759 5760
f 5250 5251 5759
f 5243 5252 5253
f 5243 5253 5244
f 5244 5253 5254
f 5239 5253 5252
f 5253 5256 5254
f 5244 5254 5246
f 5239 5256 5253
f 5246 5254 5255
f 5246 5255 5251
f 5251 5769 5759
f 5251 5255 5769
f 5254 5257 5255
f 5254 5256 5257
f 5256 5270 5257
f 5255 5257 5772
f 5257 5815 5772
f 5255 5772 5769
f 5179 5227 5225
f 5179 5258 5227
f 5227 5258 5259
f 5258 5261 5259
f 5233 5259 5260
f 5259 5261 5260
f 5260 5261 5263
f 5260 5263 5264
f 5195 5261 5258
f 5195 5262 5261
f 5261 5262 5263
f 5263 5272 5266
f 5262 5272 5263
f 5263 5266 5264
f 5233 5260 5237
f 5237 5260 5264
f 5237 5264 5265
f 5264 5268 5265
f 5265 5268 5269
f 5264 5266 5268
f 5266 5267 5268
f 5266 5273 5267
f 5268 5271 5269
f 5256 5269 5270
f 5269 5271 5270
f 5270 5271 5818
f 5270 5818 5815
f 5267 5271 5268
f 5271 5812 5818
f 5267 5812 5271
f 5207 5273 5272
f 5266 5272 5273
f 5267 5273 5827
f 5273 5710 5827
f 5267 5827 5812
f 5257 5270 5815
f 5274 5276 5291
f 5276 5293 5291
f 1679 5275 5274
f 5276 5303 5293
f 5276 5294 5303
f 5274 5275 5276
f 5276 5275 5294
f 5284 5277 5278
f 5284 5278 5281
f 5279 5280 1701
f 5279 5281 5280
f 5279 5288 5284
f 5279 5292 5288
f 5288 5292 5283
f 5279 5284 5281
f 5284 5286 5285
f 5284 5285 5277
f 5284 5287 5286
f 5284 5289 5287
f 5284 5288 5289
f 5288 5283 5297
f 5283 5296 5297
f 5288 5297 5289
f 5297 5290 5289
f 5291 5293 5283
f 5291 5283 5292
f 5293 5296 5283
f 5293 5303 5296
f 5294 5275 5295
f 5294 5295 5304
f 5297 5298 5290
f 5297 5299 5298
f 5297 5300 5299
f 5297 5296 5302
f 5297 5308 5300
f 5297 5302 5308
f 5294 5304 5303
f 5303 5304 5296
f 5302 5296 5304
f 5295 5404 5305
f 5295 5306 5304
f 5295 5305 5306
f 5302 5304 5327
f 5305 5307 5328
f 5305 5328 5306
f 5308 5309 5300
f 5308 5310 5309
f 5308 5311 5310
f 5308 5313 5311
f 5308 5314 5313
f 5302 5327 5308
f 5308 5327 5314
f 5327 5315 5314
f 5327 5316 5315
f 5318 5317 5316
f 5318 5316 5327
f 5318 5321 5317
f 5318 5320 5321
f 5318 5322 5320
f 5304 5306 5327
f 5318 5323 5322
f 5318 5324 5323
f 5318 5329 5324
f 5329 5325 5324
f 5306 5328 5335
f 5306 5335 5327
f 5307 5364 5328
f 5328 5365 5335
f 5318 5327 5334
f 5318 5334 5329
f 5329 5326 5325
f 5329 5354 5326
f 5354 5330 5326
f 5354 5332 5330
f 5354 5333 5332
f 5329 5334 5357
f 5329 5357 5354
f 5327 5335 5336
f 5327 5336 5334
f 5335 5365 5337
f 5335 5337 5336
f 5334 5336 5357
f 5336 5359 5357
f 5336 5366 5359
f 5336 5337 5366
f 5355 5340 5339
f 5355 5341 5340
f 5347 5341 5355
f 5347 5344 5343
f 5347 5392 5344
f 5347 5348 5345
f 5347 5342 5341
f 5347 5345 5346
f 5347 5346 5342
f 5347 5355 5361
f 5347 5343 5348
f 5347 5361 5392
f 5349 5351 5350
f 5349 5352 5351
f 5349 5353 5352
f 5349 5350 5354
f 5354 5338 5353
f 5349 5354 5353
f 5354 5339 5338
f 5354 5350 5333
f 5354 5355 5339
f 5354 5356 5355
f 5354 5357 5356
f 5355 5356 5361
f 5357 5358 5356
f 5356 5358 5361
f 5358 5362 5361
f 5357 5359 5358
f 5358 5359 5360
f 5358 5368 5362
f 5361 5363 5396
f 5361 5362 5363
f 5328 5364 5365
f 5337 5365 5367
f 5365 5457 5367
f 5359 5366 5360
f 5337 5367 5366
f 5360 5366 5368
f 5366 5367 5368
f 5358 5360 5368
f 5367 5458 5368
f 5362 5368 5369
f 5362 5369 5363
f 5368 5460 5369
f 5363 5369 5491
f 5371 1738 5372
f 1741 1738 5371
f 1741 5371 5374
f 5373 5371 5370
f 5374 5371 5373
f 5374 5373 5376
f 5374 5377 5382
f 5374 5376 5377
f 5382 5377 5378
f 5382 5378 5379
f 5382 5379 5392
f 1741 5374 1742
f 1742 5374 5382
f 1742 5382 5383
f 1742 5383 1743
f 5382 5392 5383
f 5386 5390 5384
f 5386 5387 5385
f 5386 5384 5387
f 5386 5385 5395
f 5379 5380 5388
f 5392 5379 5388
f 5386 5391 5390
f 5386 5395 5392
f 5392 5388 5391
f 5386 5392 5391
f 5383 5392 5393
f 5383 5393 5394
f 1743 5383 5474
f 5383 5394 5474
f 5393 5398 5394
f 5392 5395 5344
f 5361 5396 5392
f 5392 5396 5397
f 5392 5397 5393
f 5393 5397 5398
f 5397 5479 5398
f 5396 5399 5397
f 5363 5399 5396
f 5397 5477 5479
f 5397 5399 5490
f 5397 5490 5477
f 5363 5491 5399
f 1920 3856 5400
f 1679 5400 5275
f 3856 5402 5400
f 5400 5402 5401
f 5400 5401 5275
f 5401 5295 5275
f 5401 5402 5406
f 5401 5404 5295
f 5401 5406 5404
f 5404 5406 5405
f 5404 5405 5407
f 3860 5405 5406
f 3860 5433 5405
f 5404 5407 5305
f 5305 5407 5307
f 5407 5437 5307
f 5407 5405 5441
f 5433 5434 5441
f 5405 5433 5441
f 3873 5435 5434
f 5436 5441 5435
f 5434 5435 5441
f 5436 5435 5446
f 5436 5446 5442
f 5407 5441 5437
f 5437 5441 5439
f 5307 5437 5438
f 5307 5438 5364
f 5437 5439 5438
f 5438 5439 5451
f 5439 5441 5440
f 5439 5440 5453
f 5439 5453 5451
f 5436 5440 5441
f 5436 5442 5440
f 5442 5453 5440
f 5442 5443 5453
f 5442 5446 5447
f 5442 5447 5443
f 5447 5449 5443
f 5443 5444 5453
f 5444 5462 5453
f 5443 5449 5444
f 5444 5449 5450
f 5444 5445 5462
f 5444 5450 5445
f 3873 3874 5435
f 3874 5446 5435
f 3876 5447 5446
f 3876 5448 5447
f 5447 5448 5449
f 5449 5448 5515
f 5449 5515 5450
f 5450 5517 5445
f 5438 5451 5364
f 5364 5451 5452
f 5365 5364 5452
f 5365 5452 5455
f 5365 5455 5457
f 5452 5451 5453
f 5452 5453 5454
f 5452 5454 5455
f 5454 5456 5455
f 5455 5456 5459
f 5367 5457 5458
f 5368 5458 5460
f 5455 5459 5457
f 5457 5467 5458
f 5457 5459 5467
f 5458 5467 5460
f 5369 5460 5491
f 5460 5461 5491
f 5460 5467 5461
f 5454 5453 5462
f 5454 5463 5456
f 5456 5463 5464
f 5456 5464 5459
f 5454 5462 5463
f 5445 5463 5462
f 5445 5465 5463
f 5463 5465 5464
f 5464 5522 5466
f 5464 5465 5522
f 5459 5466 5467
f 5459 5464 5466
f 5467 5466 5469
f 5461 5467 5468
f 5461 5468 5498
f 5467 5470 5468
f 5467 5469 5470
f 5468 5470 5503
f 5466 5523 5469
f 5466 5522 5523
f 5469 5523 5524
f 5469 5524 5470
f 5470 5524 5525
f 5470 5525 5503
f 2101 5474 5475
f 5474 5476 5475
f 5474 5394 5476
f 5394 5478 5476
f 5394 5398 5478
f 5398 5479 5478
f 5476 5478 5485
f 5478 5479 5480
f 5477 5494 5479
f 5479 5494 5480
f 5478 5480 5486
f 5480 5508 5486
f 5475 5482 5481
f 5475 5476 5482
f 5476 5485 5482
f 5481 5482 5484
f 5482 5487 5484
f 5481 5484 5483
f 5478 5486 5485
f 5482 5485 5487
f 5485 5488 5487
f 5485 5486 5488
f 2319 5483 5569
f 5483 5484 5569
f 5484 5572 5569
f 5484 5487 5572
f 5487 5489 5572
f 5487 5488 5489
f 5399 5491 5492
f 5477 5490 5495
f 5399 5492 5490
f 5461 5498 5491
f 5491 5498 5499
f 5491 5493 5492
f 5491 5499 5493
f 5490 5492 5496
f 5490 5496 5495
f 5492 5493 5496
f 5477 5495 5494
f 5494 5495 5497
f 5480 5494 5508
f 5494 5497 5508
f 5495 5496 5504
f 5495 5504 5497
f 5493 5499 5501
f 5498 5502 5499
f 5499 5502 5501
f 5493 5501 5500
f 5493 5500 5496
f 5468 5503 5498
f 5498 5503 5502
f 5500 5501 5506
f 5501 5502 5547
f 5501 5547 5506
f 5496 5500 5505
f 5496 5505 5504
f 5497 5504 5511
f 5500 5506 5505
f 5504 5505 5507
f 5504 5507 5511
f 5486 5508 5509
f 5486 5509 5488
f 5497 5510 5508
f 5508 5510 5509
f 5497 5511 5510
f 5509 5510 5513
f 5488 5509 5512
f 5488 5512 5489
f 5509 5513 5512
f 5510 5511 5514
f 5507 5554 5511
f 5511 5554 5514
f 5510 5514 5513
f 5512 5513 5579
f 5513 5514 5555
f 5513 5555 5579
f 3905 5515 5448
f 3905 5516 5515
f 5515 5516 5517
f 5516 5519 5517
f 5450 5515 5517
f 5445 5517 5518
f 5517 5519 5518
f 5527 5518 5520
f 5518 5519 5520
f 5527 5520 5521
f 5521 5520 5538
f 5522 5528 5523
f 5523 5529 5524
f 5503 5525 5526
f 5525 5524 5530
f 5524 5529 5530
f 5525 5530 5526
f 5445 5518 5465
f 5465 5527 5522
f 5465 5518 5527
f 5522 5527 5528
f 5528 5529 5523
f 5527 5521 5528
f 5528 5531 5529
f 5529 5531 5533
f 5528 5521 5531
f 5521 5540 5531
f 5531 5544 5533
f 5529 5533 5530
f 5530 5533 5532
f 5526 5530 5532
f 5526 5532 5552
f 5552 5532 5535
f 5531 5540 5544
f 5533 5544 5534
f 5533 5534 5532
f 5532 5534 5535
f 5535 5534 5546
f 5535 5546 5536
f 3914 5519 5516
f 3914 5537 5519
f 5519 5537 5520
f 5520 5537 5538
f 3921 5538 5537
f 3921 3924 5539
f 3921 5539 5538
f 5540 5538 5539
f 5521 5538 5540
f 5540 5539 5542
f 5540 5542 5544
f 3924 5541 5539
f 5539 5541 5542
f 5541 5624 5543
f 5542 5543 5545
f 5541 5543 5542
f 3925 5624 5541
f 5544 5545 5534
f 5542 5545 5544
f 5534 5545 5546
f 5546 5545 5630
f 5546 5630 5632
f 5543 5630 5545
f 5546 5632 5536
f 5536 5632 5642
f 5502 5503 5548
f 5502 5548 5547
f 5503 5526 5548
f 5506 5547 5550
f 5526 5552 5548
f 5547 5548 5551
f 5547 5551 5550
f 5505 5506 5549
f 5506 5550 5549
f 5505 5549 5507
f 5507 5549 5557
f 5549 5550 5553
f 5548 5552 5551
f 5550 5551 5560
f 5551 5552 5559
f 5551 5559 5560
f 5549 5553 5557
f 5550 5560 5553
f 5507 5557 5554
f 5514 5554 5556
f 5514 5556 5555
f 5554 5558 5556
f 5555 5556 5602
f 5554 5557 5558
f 5553 5564 5557
f 5557 5564 5558
f 5556 5566 5602
f 5556 5558 5566
f 5566 5609 5602
f 5552 5535 5559
f 5535 5536 5559
f 5536 5562 5559
f 5559 5562 5560
f 5553 5560 5561
f 5553 5561 5564
f 5560 5562 5561
f 5561 5563 5564
f 5536 5642 5562
f 5561 5562 5567
f 5561 5567 5563
f 5558 5564 5565
f 5563 5565 5564
f 5558 5565 5566
f 5565 5568 5566
f 5566 5568 5609
f 5563 5647 5565
f 5565 5647 5568
f 5562 5642 5567
f 5568 5649 5609
f 2319 5569 5570
f 5569 5572 5574
f 5569 5574 5570
f 2321 5570 5571
f 5570 5574 5575
f 5570 5575 5571
f 5489 5573 5572
f 5572 5573 5574
f 5574 5576 5575
f 5573 5576 5574
f 5489 5512 5577
f 5512 5579 5577
f 5489 5577 5573
f 5573 5577 5578
f 5573 5578 5576
f 5577 5580 5578
f 5577 5579 5580
f 5555 5601 5579
f 5579 5601 5580
f 2330 5571 5581
f 5571 5575 5581
f 2330 5582 2331
f 2331 5582 5590
f 2330 5581 5582
f 5575 5583 5581
f 5575 5576 5583
f 5581 5583 5584
f 5581 5584 5582
f 5582 5584 5592
f 5576 5578 5586
f 5578 5585 5586
f 5578 5580 5585
f 5580 5603 5585
f 5576 5586 5583
f 5583 5586 5587
f 5583 5587 5584
f 5584 5587 5588
f 5584 5588 5592
f 5585 5589 5586
f 5586 5589 5587
f 5587 5589 5606
f 5587 5606 5588
f 5588 5606 5616
f 2339 5590 5591
f 5590 5593 5591
f 5582 5592 5590
f 5590 5592 5593
f 5591 5593 5595
f 5591 5595 5594
f 5594 5595 5597
f 5594 5597 5596
f 5588 5598 5592
f 5592 5598 5593
f 5593 5598 5599
f 5593 5599 5595
f 5588 5616 5598
f 5598 5616 5617
f 5598 5617 5599
f 5595 5599 5600
f 5595 5600 5597
f 5597 5600 5721
f 5599 5617 5619
f 5599 5619 5600
f 5600 5620 5721
f 5555 5602 5601
f 5580 5601 5603
f 5601 5602 5604
f 5585 5603 5605
f 5601 5604 5603
f 5602 5609 5604
f 5603 5604 5610
f 5603 5610 5605
f 5605 5610 5613
f 5585 5605 5589
f 5589 5605 5607
f 5589 5607 5606
f 5606 5607 5608
f 5606 5608 5616
f 5605 5613 5607
f 5607 5614 5608
f 5604 5609 5611
f 5604 5611 5610
f 5610 5611 5612
f 5610 5612 5613
f 5609 5649 5611
f 5611 5649 5670
f 5611 5670 5612
f 5612 5673 5613
f 5607 5613 5614
f 5608 5614 5615
f 5613 5673 5614
f 5614 5673 5674
f 5614 5674 5615
f 5616 5618 5617
f 5608 5618 5616
f 5617 5618 5621
f 5617 5621 5619
f 5600 5619 5620
f 5619 5621 5623
f 5619 5623 5620
f 5608 5615 5618
f 5615 5622 5618
f 5618 5622 5621
f 5621 5622 5680
f 5620 5623 5729
f 5621 5680 5623
f 5623 5681 5729
f 5543 5626 5630
f 5626 5624 5625
f 5626 5625 5628
f 5543 5624 5626
f 5626 5628 5631
f 5625 5627 5628
f 5627 5629 5628
f 5635 5628 5629
f 5626 5631 5630
f 5630 5631 5632
f 5631 5633 5632
f 5632 5633 5642
f 5633 5643 5642
f 5631 5635 5633
f 5633 5635 5634
f 5633 5634 5643
f 5634 5638 5645
f 5631 5628 5635
f 5635 5629 5639
f 5635 5639 5634
f 3949 5629 5627
f 3949 5636 5629
f 3949 3960 5636
f 5629 5636 5639
f 3960 5637 5636
f 5636 5637 5640
f 5636 5640 5639
f 5638 5639 5640
f 5634 5639 5638
f 5638 5640 5641
f 5640 5657 5641
f 5637 5657 5640
f 5641 5657 5661
f 5567 5642 5643
f 5567 5643 5644
f 5567 5644 5563
f 5563 5644 5647
f 5644 5646 5647
f 5644 5643 5645
f 5634 5645 5643
f 5644 5645 5646
f 5645 5651 5646
f 5646 5651 5653
f 5568 5647 5648
f 5646 5648 5647
f 5568 5648 5649
f 5648 5650 5649
f 5649 5650 5670
f 5646 5653 5648
f 5648 5653 5650
f 5650 5655 5670
f 5638 5651 5645
f 5638 5641 5651
f 5641 5652 5651
f 5651 5652 5653
f 5652 5654 5653
f 5652 5660 5654
f 5641 5661 5652
f 5652 5661 5660
f 5650 5653 5654
f 5650 5654 5655
f 5654 5656 5655
f 5655 5656 5676
f 5654 5660 5656
f 5656 5664 5676
f 5637 5668 5657
f 5668 5669 5658
f 5668 5658 5657
f 5657 5658 5661
f 5658 5662 5661
f 5658 5659 5662
f 5658 5669 5659
f 5659 5665 5662
f 5659 5781 5665
f 5660 5661 5662
f 5660 5662 5663
f 5663 5662 5665
f 5656 5660 5663
f 5656 5663 5664
f 5664 5666 5686
f 5663 5666 5664
f 5663 5665 5666
f 5665 5781 5784
f 5666 5665 5784
f 5667 5688 5686
f 5666 5667 5686
f 5666 5784 5667
f 3960 3966 5637
f 3966 5668 5637
f 3968 5669 5668
f 4025 5794 5669
f 5669 5794 5659
f 5612 5670 5671
f 5612 5671 5673
f 5655 5671 5670
f 5671 5672 5673
f 5672 5674 5673
f 5615 5674 5675
f 5672 5678 5674
f 5674 5678 5675
f 5655 5676 5671
f 5671 5676 5672
f 5672 5676 5677
f 5672 5677 5678
f 5664 5677 5676
f 5677 5685 5678
f 5675 5678 5679
f 5678 5685 5679
f 5675 5679 5682
f 5615 5675 5622
f 5622 5682 5680
f 5622 5675 5682
f 5682 5684 5680
f 5623 5680 5681
f 5684 5681 5680
f 5679 5690 5682
f 5682 5690 5684
f 5684 5683 5681
f 5683 5742 5681
f 5664 5686 5677
f 5677 5686 5685
f 5685 5686 5688
f 5685 5688 5687
f 5679 5685 5687
f 5679 5687 5690
f 5687 5689 5690
f 5687 5688 5796
f 5687 5796 5689
f 5684 5690 5691
f 5689 5691 5690
f 5684 5691 5683
f 5683 5691 5692
f 5683 5692 5748
f 5689 5801 5691
f 5691 5801 5692
f 1582 2361 5190
f 2361 5693 5190
f 5190 5693 5193
f 2361 2363 5693
f 2363 5694 5693
f 5693 5694 5695
f 5694 5697 5696
f 5693 5695 5193
f 5193 5695 5204
f 5695 5705 5204
f 5695 5694 5696
f 5695 5696 5705
f 5696 5708 5705
f 2370 5697 5694
f 2371 5698 5697
f 5697 5701 5696
f 5697 5698 5701
f 2372 5699 5698
f 5698 5699 5703
f 5701 5698 5703
f 5699 5700 5703
f 5696 5701 5708
f 5701 5703 5702
f 5701 5702 5708
f 5700 5704 5703
f 5700 5741 5704
f 5702 5703 5704
f 5741 5714 5704
f 5752 5833 5822
f 5752 5822 5718
f 5204 5705 5706
f 5706 5705 5707
f 5705 5708 5707
f 5707 5708 5709
f 5710 5711 5827
f 5711 5712 5828
f 5712 5829 5828
f 5706 5707 5710
f 5707 5711 5710
f 5707 5709 5711
f 5711 5709 5712
f 5741 5754 5714
f 5715 5714 5717
f 5754 5755 5717
f 5754 5717 5714
f 5702 5713 5709
f 5702 5704 5713
f 5702 5709 5708
f 5709 5713 5712
f 5713 5714 5715
f 5713 5704 5714
f 5715 5717 5716
f 5715 5829 5712
f 5715 5716 5829
f 5752 5718 5755
f 5755 5718 5717
f 5716 5717 5718
f 5713 5715 5712
f 2401 5596 5719
f 5596 5597 5719
f 2401 5719 5720
f 2403 5720 5725
f 2401 5720 2403
f 5597 5721 5719
f 5719 5721 5722
f 5720 5731 5725
f 5720 5719 5722
f 5720 5722 5731
f 2403 5725 5723
f 5723 5725 5726
f 5723 5726 5724
f 5724 5726 5737
f 5725 5732 5726
f 5725 5731 5732
f 5726 5739 5737
f 5620 5727 5721
f 5721 5727 5722
f 5620 5729 5727
f 5722 5727 5728
f 5722 5728 5731
f 5730 5727 5729
f 5728 5730 5745
f 5728 5727 5730
f 5728 5733 5731
f 5731 5733 5732
f 5726 5732 5739
f 5732 5734 5739
f 5728 5745 5733
f 5732 5733 5734
f 5733 5746 5734
f 2413 5736 5699
f 5736 5700 5699
f 5736 5735 5738
f 5738 5735 5737
f 5738 5737 5740
f 5736 5738 5700
f 5724 5737 5735
f 5740 5737 5739
f 5738 5741 5700
f 5738 5740 5741
f 5740 5753 5754
f 5734 5753 5739
f 5740 5739 5753
f 5740 5754 5741
f 5730 5742 5743
f 5681 5742 5729
f 5730 5729 5742
f 5730 5743 5745
f 5683 5748 5742
f 5742 5748 5743
f 5743 5747 5745
f 5734 5744 5753
f 5734 5746 5744
f 5746 5747 5750
f 5746 5750 5744
f 5733 5745 5746
f 5746 5745 5747
f 5747 5749 5751
f 5749 5832 5830
f 5749 5830 5751
f 5743 5748 5749
f 5743 5749 5747
f 5692 5832 5748
f 5748 5832 5749
f 5747 5751 5750
f 5752 5744 5750
f 5750 5751 5833
f 5752 5750 5833
f 5753 5755 5754
f 5744 5755 5753
f 5752 5755 5744
f 5804 5779 5806
f 5774 5824 5780
f 5756 5834 5806
f 5756 5825 5834
f 5756 5806 5779
f 5780 5825 5756
f 5757 5760 5761
f 5757 5761 5758
f 5758 5761 5767
f 5758 5767 5763
f 5760 5775 5761
f 5759 5775 5760
f 5761 5776 5767
f 5761 5775 5776
f 5811 5764 5768
f 5762 5768 5766
f 5778 5762 5766
f 5762 5810 5768
f 5763 5767 5766
f 5763 5766 5765
f 5765 5766 5768
f 5765 5768 5764
f 5767 5778 5766
f 5767 5776 5778
f 5759 5769 5770
f 5771 5776 5775
f 5770 5771 5775
f 5769 5772 5773
f 5769 5773 5770
f 5770 5773 5774
f 5770 5774 5771
f 5759 5770 5775
f 5777 5778 5776
f 5771 5777 5776
f 5777 5779 5778
f 5804 5810 5762
f 5804 5762 5779
f 5778 5779 5762
f 5771 5780 5777
f 5771 5774 5780
f 5777 5780 5756
f 5777 5756 5779
f 5794 5782 5781
f 5659 5794 5781
f 5781 5782 5783
f 5781 5783 5784
f 4019 5788 5782
f 5783 5788 5789
f 5782 5788 5783
f 5667 5784 5787
f 5783 5787 5784
f 5667 5785 5688
f 5667 5787 5785
f 5783 5789 5787
f 5786 5787 5789
f 5785 5787 5786
f 5785 5786 5798
f 5790 5793 5789
f 5790 5789 5788
f 4020 5790 5788
f 5790 5808 5793
f 5793 5808 5809
f 5792 5791 5802
f 5792 5809 5791
f 5786 5789 5793
f 5786 5793 5792
f 5786 5792 5798
f 5792 5802 5798
f 5792 5793 5809
f 4027 5782 5794
f 5688 5785 5796
f 5785 5798 5796
f 5796 5798 5797
f 5689 5796 5797
f 5689 5797 5801
f 5797 5795 5801
f 5797 5798 5802
f 5797 5802 5795
f 5800 5832 5799
f 5805 5799 5795
f 5800 5799 5805
f 5692 5801 5799
f 5795 5799 5801
f 5692 5799 5832
f 5803 5795 5802
f 5803 5805 5795
f 5803 5810 5804
f 5791 5803 5802
f 5791 5810 5803
f 5803 5804 5805
f 5800 5805 5806
f 5800 5806 5834
f 5804 5806 5805
f 5807 5809 5808
f 5807 5811 5809
f 4036 5807 5808
f 5807 5764 5811
f 4037 5808 5790
f 5791 5809 5811
f 5791 5811 5810
f 5810 5811 5768
f 4007 5764 5807
f 5813 5814 5819
f 5815 5818 5819
f 5815 5819 5816
f 5816 5820 5817
f 5813 5819 5818
f 5812 5813 5818
f 5819 5814 5820
f 5816 5819 5820
f 5831 5825 5823
f 5814 5821 5820
f 5821 5822 5826
f 5822 5833 5823
f 5718 5822 5821
f 5826 5822 5823
f 5831 5823 5833
f 5817 5820 5826
f 5824 5826 5823
f 5774 5817 5824
f 5780 5824 5825
f 5817 5826 5824
f 5831 5834 5825
f 5824 5823 5825
f 5821 5826 5820
f 5812 5827 5828
f 5711 5828 5827
f 5812 5828 5813
f 5813 5828 5829
f 5813 5829 5814
f 5716 5821 5814
f 5716 5814 5829
f 5716 5718 5821
f 5772 5815 5816
f 5772 5816 5773
f 5773 5816 5817
f 5773 5817 5774
f 5800 5830 5832
f 5751 5830 5831
f 5800 5834 5830
f 5830 5834 5831
f 5751 5831 5833
f 1100 1093 1097
f 1093 1092 2123
f 1093 2123 1098
f 1093 1112 1092
f 1094 1099 1132
f 1096 1098 2127
f 1154 1095 2116
f 1096 1095 1099
f 1096 2127 1095
f 1099 1095 1154
f 1097 1098 1096
f 1093 1098 1097
f 1097 1096 1094
f 1094 1096 1099
f 1099 1154 1160
f 1132 1099 1160
f 1129 1130 1101
f 1101 1112 1100
f 1102 1106 1105
f 1101 1102 1105
f 1102 1103 1106
f 1103 1113 1106
f 1129 1101 1100
f 1130 1102 1101
f 1102 1134 1103
f 1130 1134 1102
f 1103 1104 1113
f 1103 1134 1104
f 1105 1110 1108
f 1105 1108 1112
f 1106 1113 1111
f 1106 1111 1110
f 1105 1106 1110
f 1113 1107 1111
f 1108 1110 2136
f 1111 2137 1110
f 1111 1107 1109
f 1110 2137 2136
f 1111 1109 2137
f 1101 1105 1112
f 1100 1112 1093
f 1112 1108 1092
f 1107 1114 1109
f 1107 1115 1114
f 1109 1114 1116
f 1109 1116 2138
f 1114 1115 1116
f 1116 1117 2138
f 1116 1115 1120
f 1116 1120 1121
f 1116 1121 1117
f 1113 1118 1107
f 1107 1118 1119
f 1113 1104 1118
f 1104 1144 1118
f 1118 1144 1127
f 1107 1119 1115
f 1119 1125 1115
f 1119 1127 1125
f 1125 1120 1115
f 1120 1124 1121
f 1121 1122 2159
f 1122 2160 2159
f 1121 1124 1122
f 1124 2160 1122
f 1124 1123 2160
f 1125 1124 1120
f 1125 1123 1124
f 1125 1126 1123
f 1119 1118 1127
f 1125 1127 1145
f 1125 1145 1126
f 1145 2163 1126
f 1145 2169 2163
f 1128 1131 1137
f 1129 1128 1137
f 1129 1100 1128
f 1100 1097 1128
f 1128 1094 1131
f 1097 1094 1128
f 1131 1132 1166
f 1094 1132 1131
f 1129 1133 1130
f 1129 1137 1133
f 1130 1133 1135
f 1135 1133 1140
f 1130 1135 1134
f 1134 1135 1136
f 1134 1136 1104
f 1135 1140 1136
f 1137 1131 1138
f 1133 1137 1139
f 1137 1138 1139
f 1133 1139 1140
f 1131 1166 1138
f 1139 1142 1140
f 1139 1167 1142
f 1139 1138 1167
f 1136 1140 1141
f 1141 1140 1142
f 1167 1143 1142
f 1167 1170 1143
f 1141 1142 1143
f 1143 1170 1148
f 1104 1136 1144
f 1136 1141 1144
f 1141 1147 1144
f 1144 1147 1146
f 1127 1144 1145
f 1145 1144 1146
f 1145 2170 2169
f 1145 1146 2170
f 1146 1150 2170
f 1141 1143 1147
f 1147 1148 1149
f 1143 1148 1147
f 1148 1175 1149
f 1147 1149 1146
f 1146 1149 1150
f 2170 1150 2175
f 1151 2175 1150
f 1175 1151 1149
f 1149 1151 1150
f 1151 1177 2175
f 1132 1160 1164
f 1154 1155 1160
f 1160 1155 1157
f 1154 1153 1155
f 1154 2116 1152
f 1154 1152 1153
f 1155 1153 1156
f 1156 1153 2271
f 1156 1158 1157
f 1155 1156 1157
f 1156 2271 1158
f 1162 1158 1159
f 1157 1158 1162
f 1163 1159 2281
f 1162 1159 1163
f 1163 2281 2273
f 1160 1157 1162
f 1160 1162 1161
f 1164 1160 1161
f 1162 1173 1161
f 1162 1163 1173
f 1163 1174 1173
f 1163 2273 1174
f 1164 1161 1165
f 1166 1132 1164
f 1166 1164 1169
f 1164 1165 1169
f 1138 1166 1168
f 1166 1169 1168
f 1138 1168 1167
f 1167 1168 1170
f 1168 1171 1170
f 1175 1170 1171
f 1168 1169 1171
f 1169 1172 1171
f 1169 1165 1172
f 1165 1161 1173
f 1173 1174 1179
f 1165 1173 1179
f 1174 2273 2287
f 1181 2287 2289
f 1179 1174 1181
f 1174 2287 1181
f 1148 1170 1175
f 1175 1171 1176
f 1175 1176 1151
f 1171 1172 1176
f 1176 1172 1180
f 1151 1176 1177
f 2176 1177 1178
f 1176 1180 1177
f 1180 1178 1177
f 1165 1179 1172
f 1172 1179 1180
f 1179 1181 1180
f 1181 2289 1178
f 1180 1181 1178
f 1935 1689 1690
f 1935 1696 1689
f 1935 1695 1693
f 1936 1694 1695
f 1936 1704 1706
f 1936 1706 1694
f 1935 1693 1696
f 1700 1687 1697
f 1700 1697 1698
f 1700 1698 1699
f 1700 1690 1687
f 1700 1699 1701
f 1700 1701 5282
f 1700 1937 1690
f 1700 5282 1922
f 1936 1707 1704
f 1936 1931 1707
f 1931 1709 1707
f 1931 1708 1709
f 1931 1711 1708
f 1931 1712 1711
f 1942 1714 1713
f 1931 1713 1712
f 1931 1942 1713
f 1942 1718 1716
f 1942 1719 1718
f 1942 1721 1719
f 1942 1717 1714
f 1942 1716 1717
f 1942 1722 1721
f 1942 1723 1722
f 1942 1726 1723
f 1726 1724 1723
f 1726 1727 1724
f 1726 1728 1727
f 1726 1733 1728
f 1733 1730 1729
f 1733 1729 1728
f 1733 1734 1730
f 1739 1737 1735
f 1737 1738 1736
f 1739 1738 1737
f 1739 5372 1738
f 1733 1735 1734
f 1733 1739 1735
f 1928 1932 1927
f 1928 1927 1940
f 1936 1927 1931
f 1927 1932 1931
f 1928 1933 1932
f 1932 1933 1943
f 1933 1934 1943
f 1933 1950 1934
f 1934 1951 1945
f 1937 1935 1690
f 1937 1939 1935
f 1939 1938 1935
f 1935 1936 1695
f 1935 1938 1936
f 1936 1938 1927
f 1700 1922 1937
f 1937 1923 1939
f 1937 1922 1923
f 1941 1938 1939
f 1941 1940 1938
f 1941 1939 1957
f 1938 1940 1927
f 1939 1923 1957
f 1923 5423 1957
f 1932 1942 1931
f 1942 1943 1726
f 1932 1943 1942
f 1943 1944 1726
f 1934 1944 1943
f 1934 1945 1944
f 1953 2092 1945
f 1953 2103 2092
f 1928 1940 1946
f 1928 1946 1947
f 1928 1947 1933
f 1947 1949 1950
f 1949 1955 1950
f 1947 1946 1948
f 1947 1948 1949
f 1948 1946 1960
f 1948 2011 1949
f 2012 1948 1960
f 2012 2011 1948
f 2013 1955 1949
f 2011 2013 1949
f 2010 1955 2013
f 1947 1950 1933
f 1950 1951 1934
f 1950 1955 1951
f 1951 1955 1952
f 1951 1953 1945
f 1951 1952 1953
f 1953 1952 1954
f 2010 1952 1955
f 1952 2020 1954
f 2010 2020 1952
f 2020 2022 1954
f 1954 2022 1963
f 2022 2023 1963
f 1941 1956 1940
f 1940 1956 1946
f 1941 1958 1956
f 1960 1946 1956
f 1956 1958 1961
f 1941 1957 1958
f 1957 1959 1958
f 1957 5423 1959
f 1958 1959 1962
f 1960 1956 1961
f 1960 1961 1991
f 1961 1958 1962
f 1962 1959 5427
f 1961 1962 2031
f 1962 5427 2032
f 1953 1954 2103
f 2103 1954 1963
f 2107 5431 2106
f 2107 1964 5431
f 2023 2104 1963
f 2104 2039 2107
f 2023 2039 2104
f 2040 2107 2039
f 2041 5432 2042
f 2040 1964 2107
f 2042 5432 1964
f 2040 2042 1964
f 1974 1969 1970
f 1965 2003 1969
f 1965 1969 1974
f 1966 2196 1977
f 2194 1966 1971
f 1971 1966 1970
f 1967 2197 1971
f 1967 2003 1968
f 1971 1970 1969
f 1967 1969 2003
f 1967 1971 1969
f 1965 1974 2017
f 1974 1972 2017
f 1974 1973 1972
f 1974 1970 1973
f 1973 1970 1976
f 1973 1975 2019
f 1973 2019 1972
f 1975 2026 2019
f 1973 1976 1975
f 1975 1976 1979
f 1975 1979 1985
f 1985 1979 1981
f 1966 1976 1970
f 1977 1979 1976
f 2181 1978 1977
f 2245 1980 1978
f 1966 1977 1976
f 1977 1978 1979
f 1978 1981 1979
f 1978 1980 1981
f 1980 1982 1981
f 1983 2058 1982
f 1980 1983 1982
f 1983 1984 2058
f 1975 1985 2026
f 1985 1981 2054
f 1981 1982 2054
f 2012 1991 1990
f 2012 1990 1987
f 1986 1987 1990
f 1986 1990 1988
f 1988 1990 1989
f 1995 1989 1990
f 1995 1990 2008
f 1991 2031 1992
f 1990 1991 1992
f 1990 1992 2008
f 1992 2059 2008
f 1965 2016 1993
f 1993 1986 1994
f 1994 1988 1996
f 1993 2016 1986
f 1994 1986 1988
f 1965 1993 2003
f 1993 1999 2003
f 1993 1994 1999
f 1994 1996 2004
f 1996 1997 2004
f 1996 1995 1997
f 1988 1989 1996
f 1996 1989 1995
f 1997 1995 1998
f 1995 2008 1998
f 1998 2008 2009
f 1997 1998 2006
f 1998 2009 2007
f 1968 2003 1999
f 1999 2004 2000
f 2000 2004 2005
f 1968 1999 2000
f 2001 2000 2005
f 2001 2005 2002
f 2005 2006 2002
f 1994 2004 1999
f 1997 2005 2004
f 1997 2006 2005
f 1998 2007 2006
f 2009 2050 2007
f 2006 2007 2260
f 2002 2006 2260
f 2260 2007 2261
f 2007 2050 2261
f 2008 2059 2009
f 2014 2015 2013
f 2010 2013 2015
f 2010 2018 2020
f 2010 2015 2018
f 2012 1987 2011
f 2014 2011 1987
f 2014 2013 2011
f 2016 2015 2014
f 2016 2017 2015
f 2016 2014 1986
f 2017 2018 2015
f 1972 2025 2018
f 1972 2018 2017
f 1972 2019 2025
f 2014 1987 1986
f 2020 2025 2022
f 2018 2025 2020
f 2022 2025 2021
f 2022 2021 2023
f 2023 2024 2039
f 2023 2021 2024
f 2024 2030 2039
f 2019 2021 2025
f 2026 2024 2021
f 2019 2026 2021
f 2026 2027 2024
f 2029 2045 2028
f 2027 2030 2024
f 2028 2045 2030
f 2027 2028 2030
f 2012 1960 1991
f 1961 2031 1991
f 1962 2032 2031
f 2032 5427 2033
f 2031 2032 2035
f 2032 2033 2037
f 2037 2033 2038
f 2038 2034 2046
f 2038 2033 2034
f 2031 2035 1992
f 1992 2035 2059
f 2059 2035 2060
f 2060 2037 2062
f 2036 2038 2046
f 2062 2038 2036
f 2032 2037 2035
f 2035 2037 2060
f 2062 2037 2038
f 2030 2040 2039
f 2040 2045 2042
f 2030 2045 2040
f 2042 2045 2043
f 2041 2042 2043
f 2041 2043 2046
f 2041 2046 2034
f 2029 2043 2045
f 2043 2044 2046
f 2029 2044 2043
f 2036 2046 2044
f 1965 2017 2016
f 2063 2047 2052
f 2047 2057 2053
f 1984 2048 2058
f 1984 2049 2048
f 2269 2053 2049
f 2269 2265 2052
f 2049 2053 2048
f 2061 2051 2050
f 2261 2050 2270
f 2265 2051 2052
f 2270 2051 2265
f 2050 2051 2270
f 2057 2048 2053
f 2063 2052 2051
f 2047 2053 2052
f 2269 2052 2053
f 1985 2027 2026
f 1985 2054 2027
f 2027 2054 2028
f 2054 2055 2028
f 1982 2058 2055
f 1982 2055 2054
f 2055 2058 2056
f 2055 2029 2028
f 2055 2056 2029
f 2056 2057 2044
f 2029 2056 2044
f 2056 2048 2057
f 2056 2058 2048
f 2059 2060 2061
f 2009 2059 2061
f 2009 2061 2050
f 2061 2060 2063
f 2061 2063 2051
f 2063 2062 2047
f 2047 2062 2036
f 2047 2036 2057
f 2063 2060 2062
f 2036 2044 2057
f 1726 1944 1733
f 1733 1944 2089
f 1733 2089 1739
f 2089 2090 1739
f 2090 5375 1739
f 2090 2091 5375
f 2092 2090 2089
f 2093 2091 2090
f 2094 5471 2091
f 1944 1945 2089
f 1945 2092 2089
f 2092 2103 2093
f 2103 2096 2093
f 2103 2097 2096
f 2092 2093 2090
f 2093 2094 2091
f 2093 2097 2094
f 2094 2095 5471
f 2094 2097 2095
f 2096 2097 2093
f 2105 2098 2097
f 2098 5473 2095
f 2098 2106 5473
f 2097 2098 2095
f 2103 2105 2097
f 2103 1963 2105
f 2105 1963 2104
f 2105 2106 2098
f 2105 2104 2106
f 2104 2107 2106
f 2128 2120 2118
f 2208 2116 2115
f 2127 2118 2115
f 1095 2115 2116
f 2117 2115 2118
f 2208 2115 2117
f 2117 2119 2214
f 2117 2118 2119
f 2119 2120 2122
f 2119 2118 2120
f 2120 2121 2122
f 2121 2131 2219
f 2121 2219 2122
f 1092 2125 2123
f 1108 2124 1092
f 1092 2124 2125
f 2124 2126 2125
f 2124 2150 2126
f 2126 2150 2133
f 2150 2151 2133
f 2127 2128 2118
f 1098 2123 2128
f 1098 2128 2127
f 2128 2129 2120
f 2123 2129 2128
f 2123 2125 2129
f 2125 2130 2129
f 2127 2115 1095
f 2125 2126 2130
f 2129 2121 2120
f 2129 2130 2121
f 2126 2132 2130
f 2130 2131 2121
f 2132 2277 2131
f 2130 2132 2131
f 2132 2134 2277
f 2126 2133 2132
f 2151 2135 2133
f 2133 2134 2132
f 2134 2135 2280
f 2133 2135 2134
f 2284 2280 2135
f 1108 2136 2124
f 2136 2140 2149
f 2137 1109 2138
f 2137 2138 2139
f 2137 2140 2136
f 2137 2139 2140
f 2138 2153 2139
f 2153 2142 2139
f 2139 2141 2140
f 2142 2146 2141
f 2140 2141 2145
f 2139 2142 2141
f 2153 2143 2142
f 2142 2143 2146
f 2143 2147 2146
f 2143 2144 2147
f 2147 2144 2158
f 2136 2150 2124
f 2136 2149 2150
f 2141 2146 2145
f 2140 2145 2149
f 2146 2147 2145
f 2147 2148 2145
f 2147 2158 2148
f 2149 2151 2150
f 2149 2152 2151
f 2145 2152 2149
f 2148 2152 2145
f 2148 2158 2152
f 2138 1117 2153
f 2153 2155 2143
f 2153 1117 2155
f 1117 2154 2155
f 1117 1121 2154
f 2154 1121 2159
f 2154 2161 2155
f 2161 2156 2155
f 2161 2162 2156
f 2162 2157 2156
f 2143 2155 2156
f 2143 2156 2144
f 2156 2157 2144
f 2144 2157 2158
f 2154 2159 2160
f 2154 2160 2161
f 2160 2162 2161
f 2160 1123 2162
f 2162 1123 2163
f 2162 2163 2164
f 1123 1126 2163
f 2157 2166 2158
f 2162 2164 2157
f 2157 2164 2166
f 2163 2165 2164
f 2164 2165 2173
f 2163 2169 2165
f 2158 2166 2152
f 2164 2173 2166
f 2166 2174 2152
f 2166 2173 2174
f 2152 2167 2151
f 2152 2174 2167
f 2174 2168 2167
f 2167 2168 2284
f 2169 2170 2172
f 2169 2172 2165
f 2170 2175 2172
f 2165 2172 2171
f 2173 2178 2174
f 2174 2178 2168
f 2165 2171 2173
f 2173 2171 2178
f 2172 2175 2176
f 2172 2176 2171
f 2171 2176 2177
f 2175 1177 2176
f 2178 2288 2168
f 2177 2288 2178
f 2171 2177 2178
f 2151 2167 2135
f 2167 2284 2135
f 2195 2188 2179
f 2203 2184 2179
f 2205 2179 2188
f 2195 2180 2196
f 2180 2181 2196
f 2180 2185 2181
f 2185 2245 2181
f 2185 2241 2245
f 2204 2182 2184
f 2213 2183 2182
f 2180 2179 2184
f 2180 2184 2185
f 2184 2182 2185
f 2195 2179 2180
f 2185 2182 2241
f 2241 2182 2183
f 2186 2197 2187
f 2195 2186 2188
f 2186 2187 2189
f 2187 2201 2191
f 2206 2188 2189
f 2188 2186 2189
f 2187 2191 2189
f 2192 2191 2201
f 2192 2202 2193
f 2192 2190 2191
f 2192 2193 2190
f 2202 2233 2193
f 2194 1971 2197
f 2195 2194 2186
f 2195 2196 2194
f 2186 2194 2197
f 2194 2196 1966
f 2181 1977 2196
f 1967 2198 2197
f 2198 2000 2199
f 1967 1968 2198
f 1968 2000 2198
f 2199 2000 2200
f 2187 2197 2198
f 2198 2199 2201
f 2187 2198 2201
f 2201 2199 2200
f 2192 2201 2200
f 2192 2200 2202
f 2202 2262 2233
f 2233 2262 2234
f 2234 2263 2238
f 2230 2237 2254
f 2237 2238 2264
f 2237 2264 2254
f 2207 2203 2209
f 2204 2184 2203
f 2208 2204 2207
f 2208 2213 2204
f 2208 2117 2213
f 2207 2204 2203
f 2209 2203 2205
f 2209 2205 2210
f 2210 2205 2206
f 2210 2206 2224
f 2205 2203 2179
f 2205 2188 2206
f 2208 2207 2116
f 2207 2209 1152
f 2116 2207 1152
f 2209 1153 1152
f 2209 2210 1153
f 2210 2224 2212
f 2212 2224 2211
f 2210 2271 1153
f 2210 2212 2271
f 2211 1158 2271
f 2212 2211 2271
f 2211 2227 1159
f 2211 1159 1158
f 2227 2281 1159
f 2204 2213 2182
f 2117 2214 2213
f 2213 2214 2183
f 2183 2214 2243
f 2214 2215 2243
f 2215 2216 2244
f 2119 2215 2214
f 2119 2122 2215
f 2122 2216 2215
f 2219 2217 2216
f 2215 2244 2243
f 2216 2217 2255
f 2217 2218 2256
f 2122 2219 2216
f 2219 2220 2217
f 2131 2220 2219
f 2131 2277 2220
f 2220 2277 2222
f 2278 2221 2222
f 2279 2239 2221
f 2220 2222 2218
f 2220 2218 2217
f 2218 2222 2231
f 2231 2222 2221
f 2211 2224 2223
f 2227 2223 2225
f 2224 2189 2191
f 2206 2189 2224
f 2224 2190 2223
f 2224 2191 2190
f 2225 2190 2193
f 2223 2190 2225
f 2225 2226 2228
f 2225 2193 2226
f 2193 2233 2226
f 2226 2233 2235
f 2211 2223 2227
f 2227 2225 2228
f 2227 2228 2281
f 2226 2229 2228
f 2235 2240 2229
f 2282 2228 2229
f 2226 2235 2229
f 2218 2230 2256
f 2231 2237 2230
f 2218 2231 2230
f 2231 2232 2237
f 2233 2234 2235
f 2234 2238 2236
f 2234 2236 2235
f 2236 2238 2232
f 2232 2238 2237
f 2239 2232 2221
f 2236 2239 2240
f 2236 2232 2239
f 2231 2221 2232
f 2235 2236 2240
f 2241 2246 2245
f 2241 2242 2246
f 2241 2183 2242
f 2243 2250 2242
f 2183 2243 2242
f 2243 2244 2250
f 2181 2245 1978
f 2245 2246 1980
f 2242 2247 2246
f 2242 2250 2247
f 2250 2248 2247
f 2246 1983 1980
f 2246 2247 1983
f 2248 2251 2249
f 2249 2253 2267
f 2252 2266 2267
f 2247 1984 1983
f 2247 2248 1984
f 2248 2049 1984
f 2248 2249 2049
f 2250 2251 2248
f 2244 2255 2251
f 2244 2251 2250
f 2255 2256 2253
f 2256 2230 2252
f 2255 2253 2251
f 2249 2251 2253
f 2252 2254 2266
f 2252 2267 2253
f 2256 2252 2253
f 2230 2254 2252
f 2216 2255 2244
f 2255 2217 2256
f 2001 2257 2200
f 2001 2200 2000
f 2001 2002 2257
f 2257 2002 2258
f 2202 2200 2257
f 2257 2258 2262
f 2002 2260 2258
f 2258 2260 2259
f 2258 2259 2263
f 2259 2261 2268
f 2259 2268 2264
f 2259 2260 2261
f 2202 2257 2262
f 2262 2258 2263
f 2234 2262 2263
f 2259 2264 2263
f 2254 2264 2268
f 2238 2263 2264
f 2249 2267 2269
f 2269 2267 2265
f 2266 2270 2265
f 2254 2268 2266
f 2267 2266 2265
f 2268 2270 2266
f 2249 2269 2049
f 2268 2261 2270
f 2272 2276 2283
f 2284 2285 2275
f 2273 2274 2287
f 2274 2276 2286
f 2274 2283 2276
f 2275 2276 2272
f 2275 2285 2276
f 2278 2222 2277
f 2134 2278 2277
f 2134 2280 2278
f 2278 2280 2279
f 2278 2279 2221
f 2272 2239 2279
f 2275 2272 2279
f 2275 2279 2280
f 2284 2275 2280
f 2281 2228 2282
f 2273 2281 2282
f 2282 2229 2283
f 2272 2283 2240
f 2283 2229 2240
f 2274 2282 2283
f 2273 2282 2274
f 2272 2240 2239
f 2289 2286 2288
f 2168 2285 2284
f 2168 2288 2285
f 2288 2286 2285
f 2274 2286 2287
f 2289 2287 2286
f 2286 2276 2285
f 2177 2289 2288
f 2176 1178 2177
f 2177 1178 2289
f 5282 5281 5278
f 5282 5278 5277
f 5282 5280 5281
f 5285 5286 5277
f 5286 5287 5277
f 5289 5277 5287
f 5282 5277 5289
f 5282 5289 5290
f 5282 5290 5298
f 5282 5298 5301
f 5282 5301 5403
f 5301 5298 5299
f 5301 5299 5300
f 5301 5300 5309
f 5282 1701 5280
f 5301 5309 5310
f 5301 5310 5311
f 5301 5311 5408
f 5408 5313 5314
f 5408 5311 5313
f 5319 5317 5321
f 5419 5314 5315
f 5419 5315 5316
f 5419 5316 5317
f 5419 5317 5319
f 5320 5322 5321
f 5319 5321 5322
f 5319 5322 5323
f 5420 5319 5323
f 5419 5319 5420
f 5420 5323 5324
f 5420 5324 5325
f 5420 5325 5326
f 5420 5330 5331
f 5420 5326 5330
f 5331 5330 5332
f 5331 5332 5333
f 5331 5338 5339
f 5331 5339 5422
f 5420 5331 5422
f 5422 5340 5341
f 5422 5341 5342
f 5422 5339 5340
f 5348 5346 5345
f 5422 5346 5312
f 5312 5348 5343
f 5312 5343 5344
f 5312 5344 5395
f 5312 5346 5348
f 5422 5342 5346
f 5350 5353 5333
f 5351 5352 5353
f 5350 5351 5353
f 5353 5338 5333
f 5331 5333 5338
f 5375 5371 5372
f 5375 5373 5370
f 5375 5370 5371
f 5375 5376 5373
f 5375 5377 5376
f 1739 5375 5372
f 5375 5378 5377
f 5381 5379 5378
f 5381 5380 5379
f 5375 5381 5378
f 5381 5389 5380
f 5384 5385 5387
f 5389 5388 5380
f 5389 5391 5388
f 5389 5390 5391
f 5389 5385 5384
f 5312 5395 5385
f 5389 5312 5385
f 5389 5384 5390
f 5282 5403 1922
f 1922 5403 5409
f 1923 1922 5409
f 5409 5403 5411
f 5301 5408 5403
f 5403 5408 5411
f 5408 5419 5412
f 5411 5408 5412
f 1923 5409 5423
f 5409 5411 5410
f 5409 5410 5423
f 5411 5412 5413
f 5411 5413 5410
f 5418 5412 5421
f 5413 5412 5418
f 5415 5422 5312
f 5415 5414 5422
f 5417 5416 5431
f 5421 5414 5417
f 5418 5417 5430
f 5418 5421 5417
f 5417 5414 5416
f 5415 5416 5414
f 5408 5314 5419
f 5419 5420 5421
f 5419 5421 5412
f 5420 5422 5414
f 5420 5414 5421
f 5423 5410 5424
f 5423 5424 1959
f 5410 5425 5424
f 1959 5424 5427
f 5424 5425 5428
f 5426 5429 5425
f 5410 5413 5425
f 5413 5426 5425
f 5413 5418 5426
f 5427 5424 5428
f 5427 5428 2033
f 5428 5425 5429
f 5428 5429 2034
f 5426 5432 5429
f 5426 5430 5432
f 2106 5431 5416
f 5430 5417 5431
f 5430 5431 1964
f 5430 1964 5432
f 5426 5418 5430
f 2041 5429 5432
f 2041 2034 5429
f 5428 2034 2033
f 5375 2091 5381
f 5381 2091 5471
f 5381 5472 5389
f 5381 5471 5472
f 2095 5472 5471
f 5473 5415 5472
f 5389 5472 5312
f 5472 5415 5312
f 5473 5472 2095
f 5473 5416 5415
f 2106 5416 5473
