# Generated by benchmark/pick_up_apple/mujoco_src/export.py
v -0.013782994821667671 -0.032499969005584717 -0.17094103991985321
v -0.026372624561190605 -0.020640585571527481 -0.16440866887569427
v -0.023853765800595284 -0.029364734888076782 -0.037254612892866135
v 0.0017598752165213227 -0.021492619067430496 -0.12531587481498718
v -0.0025219200178980827 0.0067095095291733742 -0.10518810898065567
v 0.022457681596279144 -0.027283897623419762 -0.13632236421108246
v 0.013266719877719879 -0.032495390623807907 -0.15901333093643188
v -0.021169928833842278 0.031683973968029022 -0.172366663813591
v 0.0062316176481544971 -0.014698131941258907 -0.066768385469913483
v -0.042029362171888351 0.0041763321496546268 -0.058614462614059448
v -0.0019762744195759296 -0.0055432561784982681 -0.10918617993593216
v -0.036893263459205627 -0.01613209955394268 -0.0016632048645988107
v -0.036745190620422363 -0.0085446657612919807 -0.10244165360927582
v -0.0010835783323273063 -0.028045317158102989 -0.087185591459274292
v -0.036831565201282501 -0.0075576771050691605 -0.097760826349258423
v -0.042312502861022949 0.00033789454028010368 -0.059263303875923157
v -0.036950133740901947 -0.00511190015822649 -0.094460465013980865
v -0.038331780582666397 0.0013880043989047408 -0.083704493939876556
v -0.038961306214332581 0.0043530240654945374 -0.080382682383060455
v 0.0036415671929717064 -0.005337235052138567 -0.12555763125419617
v -0.036674797534942627 -0.015301269479095936 -0.12838302552700043
v -0.036696892231702805 -0.013386719860136509 -0.12498728930950165
v -0.03653857484459877 -0.0032549339812248945 -0.11324187368154526
v -0.034590981900691986 -0.031562134623527527 -0.10918930172920227
v -0.036507733166217804 -0.0004846584633924067 -0.10634567588567734
v -0.036540225148200989 0.0023517552763223648 -0.10379841178655624
v -0.036748692393302917 0.007120001595467329 -0.099481016397476196
v -0.036814078688621521 0.013805714435875416 -0.11450018733739853
v -0.036719255149364471 0.011039169505238533 -0.11739456653594971
v -0.036621201783418655 0.0079585686326026917 -0.12037569284439087
v -0.037522520869970322 0.0067287259735167027 -0.088956639170646667
v -0.036872353404760361 0.0021696928888559341 -0.094866238534450531
v -0.036664221435785294 0.0078727658838033676 -0.1111767590045929
v -0.036684006452560425 0.013280274346470833 -0.12622679769992828
v -0.039870928972959518 0.002851920435205102 -0.076423011720180511
v -0.039206031709909439 -0.00024833122733980417 -0.079542063176631927
v -0.037756294012069702 0.0030035108793526888 -0.08708973228931427
v -0.0033010200131684542 -0.033161178231239319 -0.14331178367137909
v -0.036558721214532852 -0.0039954334497451782 -0.10895254462957382
v -0.036828387528657913 0.010281231254339218 -0.10146848112344742
v -0.036616422235965729 0.0029473414178937674 -0.099581442773342133
v -0.036606878042221069 0.0065535157918930054 -0.1157476007938385
v -0.036802370101213455 0.015174971893429756 -0.11818370968103409
v -0.037283945828676224 0.0023828144185245037 -0.090664960443973541
v -0.036807838827371597 0.01219632476568222 -0.11086220294237137
v 0.026916522532701492 0.0055857598781585693 0.00018523061589803547
v -0.036724518984556198 0.01029614545404911 -0.11394740641117096
v -0.036565367132425308 0.0042892913334071636 -0.10770606994628906
v -0.035396110266447067 -0.030111335217952728 -0.095138654112815857
v -0.036696508526802063 0.01782928965985775 -0.12828254699707031
v -0.036620069295167923 0.0090070497244596481 -0.12449390441179276
v -0.036536712199449539 0.0036482792347669601 -0.11957294493913651
v -0.030876688659191132 0.032348264008760452 -0.095203034579753876
v -0.036531765013933182 -0.0028648998122662306 -0.11693691462278366
v 0.0045838062651455402 0.029275322332978249 -0.12470915168523788
v -0.0024448439944535494 0.025232981890439987 -0.099265210330486298
v -0.013817495666444302 0.032499998807907104 -0.11900200694799423
v 0.027052570134401321 -0.020825369283556938 -0.16255281865596771
v -0.00030158698791638017 -0.0019039778271690011 -0.11875089257955551
v -0.0017914585769176483 -0.02524915523827076 -0.11183086037635803
v -0.027282183989882469 0.028568178415298462 -0.14487262070178986
v -0.027798628434538841 0.02649625763297081 -0.032438274472951889
v -0.028213297948241234 0.026597669348120689 -0.01250915415585041
v -0.027820732444524765 -0.028819825500249863 -0.057546980679035187
v -0.027330968528985977 -0.026898402720689774 -0.036201119422912598
v 0.0064779156818985939 -0.01010566484183073 -0.066050328314304352
v -0.032273449003696442 -0.031342204660177231 -0.11780474334955215
v 0.0013978235656395555 -0.028478469699621201 -0.12108758836984634
v 0.013861723244190216 -0.0030366247519850731 -0.0097162146121263504
v -0.042417842894792557 0.00084732635878026485 -0.055028323084115982
v -0.017942272126674652 0.031567569822072983 -0.17467273771762848
v 0.024652160704135895 -0.014251986518502235 -0.00054650433594360948
v -0.024347750470042229 -0.025712460279464722 -0.16847190260887146
v 0.011764884926378727 -0.03130050003528595 -0.003813115181401372
v 0.0078237475827336311 -0.039101794362068176 -0.15245445072650909
v -0.039854049682617188 -0.012018512934446335 -0.0028115410823374987
v -0.040960032492876053 -0.0069769700057804585 -0.0020795133896172047
v 0.011082441546022892 -0.0033840571995824575 -0.046734873205423355
v -0.026904497295618057 0.0012217252515256405 0.00024975716951303184
v -0.035367485135793686 0.030461886897683144 -0.10061637312173843
v -0.029710058122873306 0.030477432534098625 -0.069564945995807648
v -0.027582012116909027 0.03250151127576828 -0.098413802683353424
v -0.025215810164809227 0.028437225148081779 -0.021855227649211884
v -0.026287436485290527 0.03214128315448761 -0.16091732680797577
v -0.032214675098657608 0.032266393303871155 -0.099431119859218597
v 0.000104636957985349 0.019482411444187164 -0.1178082674741745
v -0.024982824921607971 -0.028486253693699837 -0.032132159918546677
v -0.025021055713295937 -0.012067567557096481 0.00012237251212354749
v 0.0020681172609329224 0.029222365468740463 -0.1821473091840744
v -0.032154180109500885 -0.024137958884239197 -0.055545084178447723
v -0.0019921553321182728 0.019304206594824791 -0.093367390334606171
v -0.042315199971199036 0.0021374484058469534 -0.02743138000369072
v -0.032217312604188919 0.0231793113052845 -0.048755340278148651
v -0.030150976032018661 -0.0077695134095847607 -0.13503870368003845
v -0.029130060225725174 -0.025983979925513268 -0.0039574019610881805
v -0.025644594803452492 0.012101003900170326 -0.00024616735754534602
v -0.0081005152314901352 -0.039208568632602692 -0.15429636836051941
v -0.03402203693985939 0.021185090765357018 -0.017454458400607109
v -0.033611644059419632 0.029324037954211235 -0.079123541712760925
v -0.0024520533625036478 0.010307206772267818 -0.10585964471101761
v -0.018424399197101593 -0.021488601341843605 -0.17543795704841614
v -0.0025741274002939463 0.017921075224876404 -0.10435065627098083
v -0.031035054475069046 0.024539260193705559 -0.0077523374930024147
v -0.002100829966366291 0.014523399993777275 -0.0949053093791008
v 0.012260850518941879 0.023591417819261551 -0.030704338103532791
v -0.021988283842802048 -0.027617612853646278 -0.17180523276329041
v -0.027624420821666718 0.012182745151221752 -0.1373426765203476
v -0.0016940466593950987 -0.020453514531254768 -0.1119927242398262
v 0.013435971923172474 -0.025137340649962425 -0.011456173844635487
v -0.036513552069664001 0.018435260280966759 -0.0033976067788898945
v 0.01298909354954958 -0.020040931180119514 -0.017207495868206024
v 0.025228705257177353 0.0094452649354934692 0.00025000001187436283
v -0.018179221078753471 0.027533696964383125 -0.00087038811761885881
v 0.01201045885682106 -0.028635881841182709 -0.036187697201967239
v 0.011615684255957603 -0.024608524516224861 -0.041988003998994827
v 0.012749556452035904 -0.022761344909667969 -0.020097570493817329
v -0.00087690679356455803 -0.016265314072370529 -0.11723136901855469
v 0.012628361582756042 0.022472316399216652 -0.021545261144638062
v 0.014855558052659035 -0.023382287472486496 -0.0075132166966795921
v 0.012924362905323505 -0.024696135893464088 -0.015797663480043411
v -0.0019345926120877266 0.0014974322402849793 -0.093583755195140839
v 0.014191394671797752 0.021249609068036079 -0.009465227834880352
v -0.017649482935667038 -0.011815719306468964 0.00025000001187436283
v -0.015226427465677261 -0.032136756926774979 -0.01037729624658823
v 0.01379835419356823 -0.0067911106161773205 -0.010019682347774506
v -0.031338702887296677 0.025060424581170082 -0.055831767618656158
v -0.034184809774160385 0.030482321977615356 -0.087850600481033325
v -0.02589830756187439 -0.026961898431181908 -0.0015358246164396405
v -0.03079569898545742 -0.024022845551371574 -0.028904128819704056
v -0.036311037838459015 0.018278047442436218 -0.017364196479320526
v -0.035906463861465454 0.018635863438248634 -0.021584469825029373
v -0.033635172992944717 -0.023059718310832977 -0.059592027217149734
v -0.030945476144552231 0.023997530341148376 -0.025644624605774879
v 0.0067584896460175514 -0.029097277671098709 -0.065204456448554993
v -0.0066733560524880886 0.032499998807907104 -0.16554200649261475
v -0.020542720332741737 0.032497290521860123 -0.16716401278972626
v -0.027335666120052338 0.031976137310266495 -0.15712063014507294
v -0.02088659442961216 -0.031844161450862885 -0.052088107913732529
v -0.0074215042404830456 -0.033050544559955597 -0.14508365094661713
v -0.013445804826915264 -0.032499998807907104 -0.068558923900127411
v -0.011633203364908695 -0.032499976456165314 -0.1105707660317421
v -0.014548866078257561 -0.032500002533197403 -0.064387261867523193
v -0.017488325014710426 -0.031861510127782822 -0.03224317729473114
v -0.017350764945149422 -0.032499998807907104 -0.10307766497135162
v -0.018853973597288132 -0.032348953187465668 -0.057440660893917084
v -0.0077757826074957848 -0.038081500679254532 -0.15044218301773071
v -0.0098484586924314499 -0.032499998807907104 -0.12752187252044678
v -0.01821635477244854 -0.032489500939846039 -0.062262188643217087
v -0.019899563863873482 -0.031085751950740814 -0.025129728019237518
v -0.015785954892635345 -0.032499998807907104 -0.11254610121250153
v -0.013431851752102375 -0.032499998807907104 -0.12295565009117126
v -0.027163425460457802 -0.032486893236637115 -0.089851319789886475
v -0.023141616955399513 -0.032499987632036209 -0.091590628027915955
v -0.014484690502285957 -0.032499998807907104 -0.09459976851940155
v -0.021258115768432617 -0.032499998807907104 -0.11245014518499374
v -0.013603799045085907 -0.032499998807907104 -0.099383093416690826
v -0.018196288496255875 -0.031941622495651245 -0.042737990617752075
v -0.016522815451025963 -0.032493572682142258 -0.1733991950750351
v -0.027168812230229378 -0.032462548464536667 -0.084962621331214905
v -0.022409195080399513 -0.032499995082616806 -0.095819354057312012
v -0.018127726390957832 -0.032499998807907104 -0.097678884863853455
v -0.023778211325407028 -0.032499998807907104 -0.087826408445835114
v -0.037685122340917587 -0.015166477300226688 -0.084026627242565155
v -0.0044277794659137726 -0.039948102086782455 -0.16007265448570251
v -0.032725498080253601 -0.022521328181028366 -0.0026012570597231388
v -0.0002779192291200161 -0.0054627112112939358 -0.11921847611665726
v -0.0018392463680356741 0.028344336897134781 -0.090216316282749176
v -0.025513924658298492 -0.032518040388822556 -0.15223881602287292
v 0.026357168331742287 0.02470126748085022 -0.16444005072116852
v 0.0026590083725750446 0.023457219824194908 -0.076231345534324646
v 0.026386281475424767 0.012157997116446495 -0.16436980664730072
v -0.0021466645412147045 -0.012189564295113087 -0.095558516681194305
v -0.035716403275728226 0.030192960053682327 -0.11189112812280655
v -0.031054107472300529 0.023707142099738121 -0.037328258156776428
v -0.0024121603928506374 0.0076031642965972424 -0.098942428827285767
v 2.1549640223383904e-05 -0.039669033139944077 -0.14583255350589752
v -0.032452434301376343 0.022953568026423454 -0.013069387525320053
v 0.021589137613773346 -0.031775727868080139 -0.13563305139541626
v -0.041983906179666519 0.0050519476644694805 -0.05499490350484848
v -0.030122330412268639 0.025332557037472725 -0.13557043671607971
v 0.015917781740427017 0.0082093887031078339 -0.0020239164587110281
v 0.0099782049655914307 -0.0324978306889534 -0.1313721090555191
v -0.022139480337500572 -0.02862931601703167 -0.0018547863001003861
v -0.038851451128721237 0.01157327089458704 -0.001420547952875495
v -0.027873575687408447 0.017613604664802551 -0.13804852962493896
v -0.0021899216808378696 -0.026636881753802299 -0.093963488936424255
v 0.019498754292726517 -0.032500475645065308 -0.14182749390602112
v 0.010522826574742794 -0.032498665153980255 -0.14357617497444153
v -0.017159059643745422 0.031610749661922455 -0.0033509528730064631
v 0.012367334216833115 -0.032503362745046616 -0.14688588678836823
v -0.0044547016732394695 -0.022110277786850929 -0.18183499574661255
v 0.0096290959045290947 -0.034382611513137817 -0.15262569487094879
v 0.015559328719973564 -0.032499998807907104 -0.14335371553897858
v 0.012280820868909359 -0.012764090672135353 -0.030209286138415337
v -0.030346279963850975 -0.024939097464084625 -0.012418991886079311
v -0.013652436435222626 -0.021349914371967316 -0.17873339354991913
v -0.013567405752837658 -0.032150071114301682 -0.0030806213617324829
v -0.026701370254158974 -0.0013927127001807094 -0.1439540833234787
v -0.033721059560775757 0.02115497924387455 -0.044458691030740738
v -0.042353648692369461 0.0016866351943463087 -0.024045545607805252
v -0.04246574267745018 0.00018317736976314336 -0.030573861673474312
v 0.027687739580869675 -0.028444148600101471 -0.16021357476711273
v -0.036531578749418259 -0.026990519836544991 -0.099272787570953369
v -0.036580592393875122 -0.023898940533399582 -0.090182773768901825
v -0.04200788214802742 -0.0048869093880057335 -0.047053534537553787
v -0.042214516550302505 0.0032622595317661762 -0.040714804083108902
v -0.0092463288456201553 -0.023461887612938881 -0.18065753579139709
v -0.042385641485452652 -0.0013622313272207975 -0.026757765561342239
v -0.012523666024208069 0.03248247504234314 -0.0077209821902215481
v 0.0027503569144755602 0.032464310526847839 -0.068471461534500122
v 0.019507663324475288 0.032499998807907104 -0.14972999691963196
v -0.011793078854680061 0.032497476786375046 -0.013108335435390472
v -0.024645458906888962 -0.021560259163379669 -0.16792336106300354
v -0.0024464065209031105 0.032499998807907104 -0.054415028542280197
v -0.0064568305388092995 0.032499998807907104 -0.032235287129878998
v 0.019168231636285782 0.032499998807907104 -0.15305303037166595
v -0.013878952711820602 0.032363917678594589 -0.017412109300494194
v -0.035329055041074753 0.030260082334280014 -0.096433497965335846
v 0.00064665294485166669 0.03249002993106842 -0.064705826342105865
v 0.023241797462105751 0.032499998807907104 -0.16747373342514038
v -0.0022940980270504951 0.032499957829713821 -0.060217462480068207
v 0.018634874373674393 0.032499998807907104 -0.14609257876873016
v 0.015585200861096382 0.032499998807907104 -0.14206430315971375
v -0.0060777212493121624 0.032499998807907104 -0.042567379772663116
v -0.0070735947228968143 0.032499991357326508 -0.035826835781335831
v 0.00060451263561844826 -0.022923130542039871 -0.18216700851917267
v -0.014538976363837719 0.032288260757923126 -0.024402415379881859
v -0.0065632606856524944 0.032499998807907104 -0.066297009587287903
v -0.0099204340949654579 0.032499998807907104 -0.060975328087806702
v 0.00078344566281884909 0.032500367611646652 -0.12686479091644287
v -0.023896325379610062 0.031416624784469604 -0.16919901967048645
v -0.020332915708422661 0.032499998807907104 -0.092975348234176636
v -0.022797832265496254 0.032499946653842926 -0.089630387723445892
v 0.026269601657986641 -0.023784657940268517 -0.1646772176027298
v -0.016760688275098801 0.032499998807907104 -0.07606438547372818
v 0.022313719615340233 -0.031662233173847198 -0.17102077603340149
v -0.0069583049044013023 0.032497871667146683 -0.092657454311847687
v -0.0035660804715007544 0.032455530017614365 -0.08258240669965744
v -0.0072154407389461994 0.032499916851520538 -0.076069511473178864
v -0.011766248382627964 0.032499644905328751 -0.045325003564357758
v 0.010743890888988972 0.032499954104423523 -0.1338191032409668
v -0.024737559258937836 0.032461125403642654 -0.076283760368824005
v -0.0034343304578214884 0.032499931752681732 -0.064369350671768188
v -0.0066054416820406914 0.032499998807907104 -0.062147315591573715
v -0.010030203498899937 0.032502070069313049 -0.026995958760380745
v -0.033549867570400238 0.032073881477117538 -0.10344557464122772
v -0.0078247720375657082 0.032499998807907104 -0.057208213955163956
v -0.012787338346242905 0.032499998807907104 -0.063163764774799347
v -0.017235303297638893 0.032443724572658539 -0.056111525744199753
v -0.013226350769400597 0.032499965280294418 -0.10029269009828568
v -0.012270611710846424 0.032499998807907104 -0.076136291027069092
v -0.0041180942207574844 0.032161165028810501 -0.10318597406148911
v -0.014333700761198997 0.032422970980405807 -0.042144384235143661
v -0.010874434374272823 0.032071363180875778 -0.17898531258106232
v -0.0073664248920977116 0.032499998807907104 -0.046373177319765091
v 0.027657167986035347 -0.031570252031087875 -0.15819846093654633
v -0.02028966136276722 0.03242260217666626 -0.063453078269958496
v -0.013630196452140808 0.032499998807907104 -0.087186619639396667
v -0.02111964114010334 0.032499995082616806 -0.076185218989849091
v 0.01523966621607542 -0.019303480163216591 -0.0041891308501362801
v -0.0082069067284464836 0.032483726739883423 -0.098446637392044067
v 0.0072596492245793343 -0.021849183365702629 -0.18125723302364349
v 0.013147378340363503 -0.032499998807907104 -0.1685355007648468
v 0.028418680652976036 -0.0049841608852148056 -0.15436914563179016
v 0.0068473457358777523 -0.026687407866120338 -0.18137276172637939
v -0.013283398933708668 -0.032499998807907104 -0.16744071245193481
v 0.011390063911676407 -0.029816290363669395 -0.1797967404127121
v -0.035664219409227371 0.018507452681660652 -0.037890926003456116
v 0.027882132679224014 -0.023589722812175751 -0.14824770390987396
v 0.027905363589525223 -0.020101619884371758 -0.15924960374832153
v -0.037998579442501068 0.015577315352857113 -0.018950818106532097
v -0.037736911326646805 0.016195682808756828 -0.014977926388382912
v -0.037972018122673035 -0.015921318903565407 -0.011777817271649837
v -0.037845876067876816 -0.015936614945530891 -0.016660330817103386
v -0.037311427295207977 -0.016457395628094673 -0.025958053767681122
v -0.015858937054872513 0.032499998807907104 -0.14993332326412201
v -0.0034305364824831486 0.032499998807907104 -0.15246798098087311
v -0.0021212585270404816 0.032499998807907104 -0.15649420022964478
v -0.020915880799293518 0.032499998807907104 -0.15282487869262695
v -0.00079016835661605 0.019550532102584839 -0.086959563195705414
v 0.0040560713969171047 0.032499998807907104 -0.16028513014316559
v -0.0075711030513048172 0.032499995082616806 -0.010244796983897686
v -0.010797776281833649 0.032499998807907104 -0.14868550002574921
v -0.025052743032574654 0.032505132257938385 -0.14580371975898743
v -0.0041789896786212921 0.032499998807907104 -0.14923124015331268
v 0.013498499989509583 0.032499998807907104 -0.16425861418247223
v -0.018124856054782867 0.032499998807907104 -0.1608138233423233
v 0.0058218967169523239 -0.019828325137495995 -0.067926384508609772
v -0.022217391058802605 0.032498661428689957 -0.15865796804428101
v -0.0025557130575180054 0.0041057714261114597 -0.10160846263170242
v 0.015872765332460403 -0.0018807252636179328 -0.0019655213691294193
v 0.0054453513585031033 -0.011343222111463547 0.00025000001187436283
v -0.028334895148873329 -0.014291523024439812 -0.00076857296517118812
v 0.024839399382472038 -0.0051880520768463612 -0.16758084297180176
v 0.0052044382318854332 -0.025522943586111069 -0.069617517292499542
v -0.038564473390579224 0.015238434076309204 -0.0044050696305930614
v 0.028297113254666328 -0.027066905051469803 -0.15654462575912476
v -0.032322179526090622 -0.023281395435333252 -0.050986506044864655
v -0.0095142042264342308 -0.032499983906745911 -0.077438578009605408
v -0.033682439476251602 -0.021785473451018333 -0.011371380649507046
v -0.0020810631103813648 0.032499998807907104 -0.1646464467048645
v 0.011587087064981461 -0.024665601551532745 -0.12777154147624969
v 0.0072972653433680534 -0.035505842417478561 -0.15897910296916962
v -0.0019719216506928205 -0.021105948835611343 -0.093772716820240021
v 0.011815516278147697 -0.032496344298124313 -0.16371987760066986
v -0.010019554756581783 -0.032500009983778 -0.17030565440654755
v -0.04230199009180069 0.0022332838270813227 -0.034248556941747665
v 0.0097541520372033119 -0.013339480385184288 0.00024999992456287146
v -0.035736866295337677 -0.019196070730686188 -0.052595064043998718
v -0.010588632896542549 -0.011116691865026951 0.00025000001187436283
v 0.014803913421928883 -0.015811193734407425 0.00024994829436764121
v -0.03850121796131134 -0.014178640209138393 -0.034717179834842682
v -0.012806392274796963 -0.032501190900802612 -0.16285821795463562
v -0.010807055048644543 -0.023888962343335152 0.00024181218759622425
v -0.021361175924539566 -0.012006344273686409 0.00025625282432883978
v -0.03492404893040657 -0.019903440028429031 -0.048194665461778641
v 0.0072039696387946606 -0.026479914784431458 0.00024560082238167524
v -0.026761449873447418 0.015630153939127922 -0.00074178026989102364
v -0.017198534682393074 -0.032500002533197403 -0.16168095171451569
v 0.02513154037296772 0.027588201686739922 -0.16704808175563812
v 0.003595883259549737 0.032499998807907104 -0.16473688185214996
v -0.010214167647063732 0.032499998807907104 -0.1630580723285675
v 0.020807268097996712 -0.010754454880952835 -0.17312799394130707
v -0.030801523476839066 0.025000762194395065 -0.05190335214138031
v -0.01838262751698494 -0.031564302742481232 -0.020460886880755424
v -0.03031047061085701 -0.024885250255465508 -0.046885799616575241
v -0.028920507058501244 -0.025723414495587349 -0.025181092321872711
v 0.016540173441171646 -0.032500028610229492 -0.16201901435852051
v 0.012814232148230076 0.02683221735060215 -0.016078617423772812
v -0.0055356509983539581 -0.03249802440404892 -0.16901965439319611
v -0.036269273608922958 0.0074502965435385704 -0.00090642168652266264
v -0.028481222689151764 0.026785621419548988 -0.048561025410890579
v -0.010663105174899101 -0.020163333043456078 0.00024926819605752826
v -0.019102342426776886 -0.016003387048840523 0.00024892852525226772
v -0.011098047718405724 0.012734120711684227 0.00025000001187436283
v -0.014647210016846657 0.011930664069950581 0.00025000001187436283
v -0.018749630078673363 0.010927964933216572 0.00024999835295602679
v -0.020923662930727005 0.0313740074634552 -0.045416254550218582
v -0.024484589695930481 0.029605614021420479 -0.046568389981985092
v -0.014459253288805485 -0.013717090710997581 0.00025000001187436283
v -0.0026891494635492563 -0.021206298843026161 0.00024999998277053237
v -0.017312973737716675 0.014638586901128292 0.00024998764274641871
v -0.024848517030477524 -0.0019209205638617277 0.00025504466611891985
v 0.015421942807734013 -0.0038929057773202658 -0.0022067059762775898
v -0.041070077568292618 0.0088218366727232933 -0.057160660624504089
v -0.0017682625912129879 0.0056500560604035854 -0.092172294855117798
v 0.0085006486624479294 -0.010758930817246437 -0.059337034821510315
v 0.010800715535879135 0.032497067004442215 -0.044109318405389786
v -0.0020204256288707256 0.011933865025639534 -0.10893768817186356
v 0.028206571936607361 0.0018557525472715497 -0.15737587213516235
v -0.037172950804233551 0.018348537385463715 -0.091357193887233734
v -0.02620667964220047 -0.010923899710178375 -0.1427508145570755
v -0.0050172628834843636 -0.032313629984855652 -0.002825452946126461
v -0.0008551984210498631 -0.03249431774020195 -0.0047744396142661572
v -0.0055661373771727085 -0.032499998807907104 -0.020157070830464363
v 0.0041589350439608097 -0.032499998807907104 -0.037729926407337189
v 0.011987798847258091 -0.0080002499744296074 -0.036527737975120544
v -0.035628635436296463 0.019082026556134224 -0.049315497279167175
v -0.037876967340707779 0.0037988084368407726 -0.00091452349442988634
v 0.00055196561152115464 -0.032492253929376602 -0.071388512849807739
v -0.0042855925858020782 -0.032499942928552628 -0.071731828153133392
v -0.0024412814527750015 0.016013525426387787 -0.099621184170246124
v 0.0087736854329705238 -0.032486997544765472 -0.012813336215913296
v 0.0036155080888420343 -0.032499995082616806 -0.047581631690263748
v 0.00035273161483928561 0.030652327463030815 -0.081761948764324188
v 0.0025021454785019159 -0.032496321946382523 -0.067333295941352844
v 0.0037565701641142368 -0.032499987632036209 -0.029208533465862274
v 0.012047046795487404 0.011148972436785698 -0.035292483866214752
v -0.027665646746754646 0.027187984436750412 -0.0040480047464370728
v 0.020594349130988121 0.032505828887224197 -0.14154118299484253
v 0.0076214810833334923 -0.032500021159648895 -0.020976951345801353
v 0.0019241851987317204 -0.032499998807907104 -0.056231848895549774
v -0.004594466183334589 -0.032498903572559357 -0.0078030177392065525
v 0.010105999186635017 -0.032405480742454529 -0.0088624302297830582
v -0.0056877792812883854 -0.032499998807907104 -0.016576668247580528
v 0.0041624684818089008 -0.032499998807907104 -0.033578973263502121
v 0.0043595531024038792 -0.032499998807907104 -0.041341908276081085
v 0.0074149300344288349 -0.032486002892255783 -0.044524379074573517
v -0.0018366238800808787 -0.032499995082616806 -0.067757576704025269
v 0.011945301666855812 -0.016529291868209839 -0.037275645881891251
v 0.0058822655119001865 -0.032499950379133224 -0.015672601759433746
v -0.0054747257381677628 -0.032499998807907104 -0.0246261116117239
v -0.0074149854481220245 -0.032499998807907104 -0.035470608621835709
v 0.0025929366238415241 -0.032499998807907104 -0.051450185477733612
v 0.0021814489737153053 -0.032500233501195908 -0.061988767236471176
v 0.0076846983283758163 -0.032502662390470505 -0.026576902717351913
v 0.0068153142929077148 -0.032496228814125061 -0.04950563982129097
v -0.037030886858701706 -0.011231251060962677 -0.095927074551582336
v 0.010408985428512096 -0.032432056963443756 -0.016526095569133759
v 0.011945862323045731 0.020104730501770973 -0.037300754338502884
v -0.0059017864987254143 -0.03249141201376915 -0.081736475229263306
v 0.010918810032308102 -0.031829264014959335 -0.12753267586231232
v -0.01580718532204628 -0.032210167497396469 -0.03898286446928978
v -0.0016288113547489047 -0.0028535113669931889 -0.11174283176660538
v 0.013319690711796284 -0.010338930413126945 -0.014505512081086636
v 0.011915410868823528 0.032042771577835083 -0.039586018770933151
v 0.012345949187874794 -0.03136729821562767 -0.012718177400529385
v -0.0036686442326754332 -0.032499998807907104 -0.063501842319965363
v -0.0049928124062716961 -0.032499998807907104 -0.045481733977794647
v -0.00081870105350390077 -0.032499998807907104 -0.047997217625379562
v -0.0083653982728719711 -0.032499998807907104 -0.031336504966020584
v 0.012603065930306911 0.013505129143595695 -0.022410836070775986
v -0.029189808294177055 0.0069164140149950981 -0.13670910894870758
v -3.0979630537331104e-05 -0.032499998807907104 -0.12931361794471741
v -0.011019660159945488 -0.032501880079507828 -0.038361568003892899
v -0.036948613822460175 0.010066558606922626 -0.097094208002090454
v 0.0085472501814365387 -0.036719746887683868 -0.15573768317699432
v -0.0025067711248993874 -0.032500013709068298 -0.1717858612537384
v -0.00094844191335141659 -0.032340176403522491 -0.18023370206356049
v 0.0016859279712662101 -0.018367502838373184 0.00025000001187436283
v 0.0053665288724005222 -0.024092080071568489 0.000249993841862306
v 0.0019496536115184426 -0.022926423698663712 0.00024999998277053237
v -0.03755510225892067 0.015771042555570602 -0.039007004350423813
v -0.037206400185823441 -0.0163223035633564 -0.038374587893486023
v -0.0010592510225251317 -0.030563825741410255 -0.00063775345915928483
v 0.0073380172252655029 -0.030475765466690063 -0.00058458757121115923
v -0.010962005704641342 -0.032499998807907104 -0.11433687061071396
v 0.018813597038388252 -0.032500002533197403 -0.15699946880340576
v -0.037068635225296021 0.016584761440753937 -0.034630279988050461
v -0.0001069879945134744 0.0095365885645151138 -0.12251276522874832
v -0.021729709580540657 -0.032499998807907104 -0.12149932980537415
v 0.0086892936378717422 0.013282430358231068 -0.12668159604072571
v -0.036428410559892654 0.01768960990011692 -0.04523637518286705
v 0.027675077319145203 0.029379183426499367 -0.16002112627029419
v 0.027657411992549896 -0.012729166075587273 -0.16041567921638489
v -0.024893403053283691 -0.028667783364653587 -0.017380299046635628
v 2.2405822164728306e-05 0.032499998807907104 -0.16792184114456177
v -0.0025348274502903223 -0.026747709140181541 -0.10422533005475998
v -0.0025857666041702032 -0.00087124208221212029 -0.10363609343767166
v -0.028155889362096786 0.032500796020030975 -0.10952498763799667
v -0.025858636945486069 0.00031565962126478553 -0.16560032963752747
v 0.010826995596289635 -6.2895109294913709e-05 -0.18005990982055664
v 0.0065352274104952812 -0.0012474005343392491 -0.18139602243900299
v -0.025621861219406128 0.032501325011253357 -0.10613587498664856
v -0.00051027804147452116 0.032499998807907104 -0.13944084942340851
v -0.0009553599520586431 -0.013471563346683979 -0.11624293774366379
v 0.015876524150371552 -0.012754382565617561 -0.002819037064909935
v -0.036869030445814133 -0.016960352659225464 -0.042806927114725113
v -0.022807946428656578 -0.029821854084730148 -0.021361716091632843
v -0.019659589976072311 -0.031093820929527283 -0.010160760022699833
v -0.027604745700955391 -0.0097047435119748116 -0.00073175667785108089
v -0.037585340440273285 0.016966190189123154 -0.057954933494329453
v -0.0071381423622369766 0.0024738749489188194 -0.18127858638763428
v 0.001938982866704464 -0.0001187343877973035 -0.18214745819568634
v -0.016540642827749252 -0.025995813310146332 -0.17692239582538605
v 0.014689129777252674 0.003868849715217948 -0.0066397138871252537
v 0.011067983694374561 0.010737862437963486 -0.046836618334054947
v 0.004432362038642168 0.021609950810670853 -0.12567460536956787
v -0.024241290986537933 0.00095865793991833925 -0.16863423585891724
v 0.026218315586447716 0.0020520854741334915 -0.16480919718742371
v -0.0015101155731827021 -0.012140844017267227 0.00025000001187436283
v 0.0098314424976706505 -0.018443191424012184 0.00024983036564663053
v 0.00070222013164311647 -0.029487079009413719 -0.08094053715467453
v -0.024689953774213791 -0.032499998807907104 -0.12866483628749847
v -0.0015050118090584874 0.010778991505503654 -0.09021199494600296
v -0.021906239911913872 0.014586323872208595 0.00025531990104354918
v -0.041436683386564255 -0.007427433505654335 -0.055621933192014694
v -0.037187144160270691 -0.016908023506402969 -0.09229307621717453
v -0.040477890521287918 -0.010498054325580597 -0.058366764336824417
v -0.038049962371587753 -0.016546411439776421 -0.063697777688503265
v -0.039247971028089523 -0.012768064625561237 -0.038260024040937424
v -0.039721302688121796 -0.011831609532237053 -0.031570956110954285
v -0.041235968470573425 -0.0083084003999829292 -0.016318583860993385
v -0.041287779808044434 -0.0082365851849317551 -0.011535819619894028
v -0.036586955189704895 0.022617639973759651 -0.084112405776977539
v -0.036595612764358521 -0.026251919567584991 -0.11853517591953278
v -0.041407283395528793 0.0077472403645515442 -0.01208068523555994
v -0.042094461619853973 0.0044116652570664883 -0.030269013717770576
v -0.027060084044933319 0.0017309568356722593 -0.16245150566101074
v -0.041443701833486557 0.0070295319892466068 -0.034531239420175552
v -0.02225913479924202 0.00159269361756742 -0.17146618664264679
v -0.042289216071367264 0.002724961843341589 -0.01223764568567276
v -0.042455703020095825 0.00035485322587192059 -0.008409508503973484
v -0.0051791821606457233 -0.00250395224429667 -0.18170511722564697
v -0.026760896667838097 -0.0021498654969036579 -0.16333477199077606
v 0.002690173452720046 -0.004845939576625824 -0.1820635199546814
v -0.035250641405582428 0.018795251846313477 -0.13301002979278564
v -0.019915096461772919 0.027742708101868629 -0.17401687800884247
v 0.0074859308078885078 0.019225778058171272 -0.18120718002319336
v 0.00056587922153994441 0.0028331680223345757 -0.12312327325344086
v 0.0039987638592720032 -0.028717793524265289 -0.12465924769639969
v -0.00038612695061601698 0.011455145664513111 -0.11850947141647339
v 0.026936918497085571 -0.010026185773313046 -0.16282673180103302
v 0.028300069272518158 0.026583751663565636 -0.15113179385662079
v 0.028425533324480057 0.021252466365695 -0.1529901921749115
v 0.028425734490156174 0.0038717950228601694 -0.1535658985376358
v -0.026237292215228081 0.017661187797784805 -0.14282351732254028
v -0.0025464745704084635 -0.013870337046682835 -0.10443360358476639
v 0.021080680191516876 0.0052842632867395878 -0.17284095287322998
v -0.013388550840318203 0.032499998807907104 -0.14614218473434448
v 0.025093432515859604 0.0049159890040755272 -0.16709783673286438
v -0.024801980704069138 0.032505158334970474 -0.15426531434059143
v -0.036352630704641342 0.028724042698740959 -0.12748153507709503
v -0.033891160041093826 -0.030627831816673279 -0.13210974633693695
v -0.0028581402730196714 0.011156158521771431 -0.18204066157341003
v -0.036260131746530533 -0.023311320692300797 -0.081436440348625183
v -0.026040747761726379 0.028169261291623116 -0.14106225967407227
v -0.034983061254024506 -0.030889339745044708 -0.099888086318969727
v 0.0049282899126410484 -0.0069237379357218742 0.00025000001187436283
v -0.039123181253671646 0.013233993202447891 -0.027865303680300713
v 0.0036872946657240391 -0.029186638072133064 -0.073575600981712341
v 0.02756170928478241 0.0043153287842869759 -0.1608666330575943
v -0.034840337932109833 0.031290549784898758 -0.1075313612818718
v 0.0090438518673181534 -0.0085384063422679901 0.00025000001187436283
v 0.011767157353460789 0.032211430370807648 -0.02513979934155941
v 0.017324412241578102 0.032501071691513062 -0.13757868111133575
v 0.0029195079114288092 0.032493829727172852 -0.061289384961128235
v -0.02335006557404995 0.0046990285627543926 -0.16996578872203827
v -0.020318683236837387 0.0042662527412176132 -0.17362609505653381
v -0.027492538094520569 -0.022460130974650383 -0.00086860335431993008
v 0.0057426095008850098 0.032499969005584717 -0.030170120298862457
v -0.011312355287373066 0.0051914490759372711 -0.17986711859703064
v 0.015057439915835857 0.032300729304552078 -0.129831463098526
v -0.0025468622334301472 0.029461890459060669 -0.11170991510152817
v 0.0013133216416463256 0.032499998807907104 -0.050421401858329773
v 0.0055091646499931812 0.032498210668563843 -0.053354248404502869
v -0.022098686546087265 -0.032499998807907104 -0.10026165843009949
v 0.028264142572879791 0.006245829164981842 -0.15699315071105957
v -0.0062989653088152409 0.032499995082616806 -0.023504523560404778
v -0.005340223666280508 0.032499995082616806 -0.027502039447426796
v 0.0068191597238183022 0.032499931752681732 -0.045873284339904785
v 0.0068084057420492172 0.032499998807907104 -0.042344100773334503
v 0.0045850579626858234 0.032499998807907104 -0.039760179817676544
v -0.011523574590682983 0.032010845839977264 -0.0021916583646088839
v -0.00010563948308117688 0.032499998807907104 -0.015511880628764629
v 0.0034601206425577402 0.032500002533197403 -0.0088046249002218246
v 0.0061843283474445343 0.032500758767127991 -0.049574121832847595
v -0.003649913240224123 0.032499995082616806 -0.007827133871614933
v -0.0067182546481490135 0.032499998807907104 -0.019116343930363655
v 0.0049766264855861664 0.032480720430612564 -0.0047056605108082294
v -0.03547605499625206 -0.024655910208821297 -0.077903084456920624
v 0.0020670171361416578 0.022894399240612984 -0.1250404566526413
v -0.039298124611377716 -0.012927352450788021 -0.027408959344029427
v 0.0017290608957409859 0.032499998807907104 -0.012628859840333462
v 2.1055087927379645e-05 0.027720872312784195 0.00023949147725943476
v -0.0069099962711334229 0.02646123431622982 0.00025907283998094499
v -0.011141916736960411 0.024452140554785728 0.0002374539035372436
v -0.02872876264154911 0.01980658620595932 -0.00088502326980233192
v -0.021142149344086647 0.030575718730688095 -0.022247800603508949
v -0.0067848963662981987 0.032499998807907104 -0.15530963242053986
v 0.0069272336550056934 0.032499998807907104 -0.16159160435199738
v -0.0072613796219229698 0.032499998807907104 -0.15099002420902252
v 0.017820622771978378 -0.024458354339003563 -0.17592798173427582
v -0.019735295325517654 -0.025412982329726219 -0.17423936724662781
v -0.0010164377745240927 0.0067641190253198147 -0.11529221385717392
v -0.0011840482475236058 -0.01482634712010622 -0.088657468557357788
v -0.042047616094350815 -0.0045734136365354061 -0.030550045892596245
v -0.038645308464765549 0.014867909252643585 -0.0082538668066263199
v 0.02654302679002285 0.028891172260046005 -0.16392618417739868
v -0.0027662762440741062 -0.0085739763453602791 0.00025000001187436283
v 0.02845991775393486 -0.023321455344557762 -0.15334212779998779
v -0.036941844969987869 0.017025046050548553 -0.026583552360534668
v 0.028303194791078568 -0.019253771752119064 -0.15110750496387482
v 0.014898484572768211 0.0080833425745368004 -0.12953320145606995
v 0.016979990527033806 0.016382547095417976 -0.13093632459640503
v 0.0055619613267481327 0.015133993700146675 -0.068635515868663788
v 0.005433985497802496 0.011576487682759762 -0.068991623818874359
v 0.0064211986027657986 0.0017879399238154292 -0.066217675805091858
v 0.0064299576915800571 -0.0027730907313525677 -0.066195458173751831
v 0.022630682215094566 0.0071285581216216087 -0.13651853799819946
v 0.023257739841938019 -0.013786846771836281 -0.13738533854484558
v 0.023917051032185555 -0.0082952519878745079 -0.13836415112018585
v 0.023390213027596474 -0.0040217679925262928 -0.13757932186126709
v 0.024620285257697105 0.024348640814423561 -0.13955052196979523
v 0.011856530793011189 0.0058218580670654774 -0.12791834771633148
v 0.01206644345074892 0.0034852137323468924 -0.034930877387523651
v 0.018363438546657562 -0.015843305736780167 -0.13203972578048706
v 0.010621029883623123 0.02661987766623497 -0.049697447568178177
v 0.027080606669187546 -0.0039875921793282032 -0.14499001204967499
v 0.027483498677611351 -0.0003158732142765075 -0.14649008214473724
v 0.010972382500767708 0.0057834084145724773 -0.047484178096055984
v 0.0075996494852006435 0.0086165089160203934 -0.062524303793907166
v -0.034168340265750885 0.02064928412437439 -0.025926493108272552
v 0.019980788230895996 0.022548085078597069 -0.13350290060043335
v 0.020534932613372803 -0.013785573653876781 -0.13407669961452484
v 0.028145903721451759 -0.0033234280999749899 -0.1497541218996048
v 0.027735956013202667 0.025998838245868683 -0.14749646186828613
v -0.029405465349555016 0.011956128291785717 -0.00076445285230875015
v 0.013623388484120369 0.0022341653238981962 -0.12879501283168793
v 0.013353996910154819 0.013536350801587105 -0.12861624360084534
v 0.0060719982720911503 0.0086249364539980888 -0.067223355174064636
v 0.004744263831526041 -0.00049182114889845252 -0.070819415152072906
v 0.025018768385052681 0.0044432287104427814 -0.14023217558860779
v 0.020564448088407516 0.0049877427518367767 -0.13406553864479065
v 0.025337265804409981 -0.0041714771650731564 -0.14080521464347839
v 0.010259531438350677 0.0027760220691561699 -0.05170917883515358
v -0.00035779812606051564 0.014560706913471222 -0.085269726812839508
v -0.00076264131348580122 0.016097461804747581 -0.11553065478801727
v 0.022366032004356384 0.021090526133775711 -0.13620615005493164
v 0.022467780858278275 0.016543237492442131 -0.13632036745548248
v -0.0015643193619325757 0.0017371049616485834 -0.11216104775667191
v 0.011571461334824562 0.004685327410697937 -0.04239305853843689
v 0.015516947023570538 -0.0094862300902605057 -0.12993608415126801
v 0.026296908035874367 0.01195585448294878 -0.1429632157087326
v 0.0086381528526544571 -0.0024014774244278669 -0.058835692703723907
v 0.00028749092598445714 0.013195856474339962 -0.12278526276350021
v 0.019566120579838753 0.0036911200731992722 -0.0017500563990324736
v 0.012153012678027153 0.0070300251245498657 -0.033109407871961594
v 0.011499851942062378 0.0090103931725025177 -0.043118342757225037
v 0.010423894040286541 0.01031006220728159 -0.05079236626625061
v 0.0066529740579426289 0.012446096166968346 -0.065525472164154053
v 0.0042592626996338367 0.017442476004362106 -0.072089612483978271
v -0.00022723052825313061 -0.0083108413964509964 -0.084798723459243774
v -0.029218152165412903 -0.031144618988037109 -0.071059688925743103
v -0.02471490390598774 -0.028692096471786499 -0.026249963790178299
v 0.0103578120470047 -0.0016006110236048698 -0.051194489002227783
v 0.010470553301274776 -0.0052906572818756104 -0.05055999755859375
v 0.021308181807398796 -0.017335221171379089 -0.13492143154144287
v -0.0073136631399393082 0.022779138758778572 0.00025007256772369146
v 0.024811465293169022 -0.020823417231440544 -0.1398167610168457
v 0.026519818231463432 -0.021771665662527084 -0.14340654015541077
v 0.014129862189292908 0.012351204641163349 -0.0090562757104635239
v 0.017994541674852371 0.026814233511686325 -0.17577715218067169
v 0.00076792557956650853 -0.02420099638402462 -0.12055881321430206
v 0.00043277867371216416 -0.020047780126333237 -0.082383476197719574
v -0.0088392645120620728 -0.0047579570673406124 -0.18078596889972687
v -0.027433820068836212 0.026898389682173729 -0.025664558634161949
v 0.0002062514831777662 0.00076486344914883375 -0.083269760012626648
v -0.0017684320919215679 -0.0034705812577158213 -0.092255808413028717
v -0.032310850918292999 -0.022676490247249603 -0.024781553074717522
v 2.2298234398476779e-05 0.024530509486794472 -0.18219536542892456
v -0.0014361960347741842 -0.026003282517194748 0.00023516113287769258
v -0.02637244388461113 -0.0056875487789511681 0.0001581201795488596
v -0.013214489445090294 -0.027579175308346748 -0.00065936619648709893
v -0.039821907877922058 -0.012219691649079323 -0.014125651679933071
v -0.036437768489122391 0.018402121961116791 -0.054258391261100769
v -0.030744262039661407 -0.0064219711348414421 -0.00075322046177461743
v -0.031598415225744247 0.0079166265204548836 -0.00078511878382414579
v -0.01245217677205801 0.021344393491744995 -0.17933717370033264
v -0.023764647543430328 0.021630628034472466 -0.16941581666469574
v 0.014587727375328541 0.032352682203054428 -0.17623846232891083
v -0.0021471227519214153 0.021993812173604965 -0.10824396461248398
v -0.017140574753284454 0.0043389038182795048 0.00025000001187436283
v -0.021061895415186882 -0.0010371766984462738 0.00025000001187436283
v -0.030142929404973984 0.028677612543106079 -0.064895205199718475
v -0.011742235161364079 0.0089307613670825958 0.00025000001187436283
v 0.0089183179661631584 0.026567799970507622 0.00026083551347255707
v -0.004296544473618269 0.016510596498847008 0.00025000001187436283
v -0.00095556164160370827 0.015561224892735481 0.00025000001187436283
v -0.0129143251106143 0.0040850532241165638 0.00025000001187436283
v 0.006701701320707798 0.018600082024931908 0.00024999064044095576
v 0.0038397971075028181 0.014200488105416298 0.00025000001187436283
v -0.0041010584682226181 0.0084501570090651512 0.00025000001187436283
v 0.0074537666514515877 0.032499998807907104 -0.062342885881662369
v -0.023521652445197105 0.029431886970996857 -0.026040475815534592
v 0.0099517190828919411 0.021917127072811127 0.00026029569562524557
v -0.0042634140700101852 -0.032908353954553604 -0.16391339898109436
v 0.0086763650178909302 0.014663460664451122 0.00025000001187436283
v 0.0038116185460239649 0.0088362740352749825 0.00025000001187436283
v 0.01508689671754837 -0.0067668212577700615 -0.0048144771717488766
v -0.010079557076096535 0.028689788654446602 0.00012935542326886207
v -0.041511319577693939 0.0067511079832911491 -0.039469704031944275
v 0.0062539004720747471 0.03202454000711441 -0.065369926393032074
v 0.0020842272788286209 0.032489031553268433 -0.17866112291812897
v 0.0081788534298539162 -0.0042087431065738201 0.00025000001187436283
v 0.010906949639320374 -0.0017448716098442674 0.00025000001187436283
v 0.0047075427137315273 -0.0031426551286131144 0.00025000001187436283
v 0.0066753043793141842 0.032499998807907104 -0.17289787530899048
v -0.026769289746880531 0.031533822417259216 -0.066273145377635956
v 0.017295854166150093 0.015532947145402431 0.00025548672419972718
v -0.025262260809540749 0.017588064074516296 -0.1406157910823822
v -0.0042342999950051308 -0.0043425830081105232 0.00025000001187436283
v 0.0036727436818182468 0.0040502240881323814 0.00025000001187436283
v 0.014411496929824352 -0.0035035957116633654 -0.0066006649285554886
v 0.0020874170586466789 0.026016989722847939 -0.12497857213020325
v -0.0024411738850176334 -0.01531171053647995 -0.099736236035823822
v 0.015839820727705956 0.032499998807907104 -0.1598687469959259
v 0.019903978332877159 -0.0016633823979645967 0.00025000001187436283
v 0.0035621707793325186 0.0034750676713883877 -0.1255502849817276
v -0.036690209060907364 -0.025680204853415489 -0.11158519983291626
v -0.0039981999434530735 0.0033729609567672014 0.00025000001187436283
v 0.019318312406539917 0.0057884338311851025 0.00024999948800541461
v -0.012321169488132 -0.00042799668153747916 0.00025000001187436283
v -0.0018308293074369431 -0.008394874632358551 -0.092907711863517761
v -0.0090458160266280174 -0.003388391574844718 0.00025000001187436283
v -0.0024685852695256472 0.020583806559443474 -0.099907517433166504
v 0.023847963660955429 0.0010103576350957155 0.00024299320648424327
v 0.013477795757353306 0.0038397128228098154 -0.012968951836228371
v -0.0054959435947239399 -0.00071418745210394263 0.00025000001187436283
v -0.022240359336137772 -0.0048214946873486042 0.00024993988336063921
v -0.0017199295107275248 -0.00069853250170126557 0.00025000001187436283
v -0.026675300672650337 -0.010833933018147945 -0.16358119249343872
v -0.037627063691616058 0.013750750571489334 -0.086558088660240173
v 0.0035467268899083138 -0.02007075771689415 -0.18197201192378998
v 0.0054389596916735172 -0.0089292880147695541 -0.18159739673137665
v -0.02033483050763607 -0.0079425238072872162 -0.17360921204090118
v -0.020050141960382462 -0.032499998807907104 -0.12885753810405731
v 0.021077787503600121 -0.022672960534691811 -0.17286479473114014
v 0.028424030169844627 -0.00023368724214378744 -0.00044827075907960534
v 0.028395870700478554 -0.027788568288087845 -0.15176372230052948
v 0.0093711726367473602 0.020495904609560966 -0.055854450911283493
v -0.026371506974101067 0.029889428988099098 -0.16422021389007568
v 0.0065310238860547543 0.031925950199365616 -0.18028815090656281
v -0.026903051882982254 -0.021349512040615082 -0.13793016970157623
v -0.0058754202909767628 -0.012759010307490826 0.00025000001187436283
v 0.010006200522184372 0.013721778988838196 -0.052949003875255585
v -0.0015435802051797509 0.020478272810578346 -0.090178228914737701
v 0.0055739358067512512 -0.020445657894015312 0.00024999998277053237
v 0.014210599474608898 -0.022204253822565079 0.00019424245692789555
v 0.017662206664681435 -0.018929000943899155 0.0002344210515730083
v 0.011191352270543575 -0.027082802727818489 5.4424588597612455e-05
v 0.008853190578520298 -0.020108195021748543 -0.057992413640022278
v -0.034203227609395981 -0.018706366419792175 -0.0010059343185275793
v 0.022949639707803726 0.027819259092211723 -0.17053243517875671
v 0.015774855390191078 0.028123032301664352 -0.17741392552852631
v 0.006842566654086113 0.027458548545837402 -0.18135456740856171
v 0.0022071537096053362 0.032499998807907104 -0.021995984017848969
v 0.021706216037273407 0.032501272857189178 -0.16034190356731415
v 0.01597931794822216 -0.0071128304116427898 -0.0021838084794580936
v 0.0099176252260804176 0.029548591002821922 -0.053419508039951324
v -0.012061205692589283 0.032501544803380966 -0.038536984473466873
v -0.014035111293196678 0.028195124119520187 -0.00071562943048775196
v -0.0077814622782170773 0.032499562948942184 -0.10574491322040558
v -0.014536703005433083 0.031933899968862534 -0.17699387669563293
v 0.01207258366048336 0.032499998807907104 -0.13833670318126678
v 0.012257274240255356 0.028402470052242279 -0.030815271660685539
v 0.008721696212887764 0.028475938364863396 -0.058496162295341492
v -0.00056888716062530875 -0.022617682814598083 -0.11615986377000809
v 0.015379634685814381 -0.0004828779783565551 -0.004158427007496357
v 0.0045372736640274525 0.0025274378713220358 -0.18176457285881042
v 0.010065422393381596 -0.026567773893475533 -0.052668604999780655
v -0.036607421934604645 -0.0064621302299201488 -0.11576172709465027
v -0.022554444149136543 -0.024107694625854492 -0.00093366502551361918
v -0.036545753479003906 -0.0048192352987825871 -0.12466495484113693
v 0.0010660097468644381 -0.033768631517887115 -0.16394026577472687
v 0.012524472549557686 -0.021140465512871742 -0.023651361465454102
v 0.011627974919974804 0.023028358817100525 -0.041738837957382202
v 0.013210408389568329 0.015917489305138588 -0.014751330018043518
v 0.013287391513586044 -0.021154893562197685 -0.012498305179178715
v 0.00048346255789510906 -0.0016255007358267903 -0.12208566814661026
v -0.0018961798632517457 0.023505231365561485 -0.092199623584747314
v 0.012097308412194252 0.030066164210438728 -0.0018499162979424
v 0.012895666994154453 0.023182244971394539 -0.016755349934101105
v -0.036854293197393417 0.02101585827767849 -0.11475358903408051
v -0.0025597079657018185 0.031979762017726898 -0.18089379370212555
v -0.023644590750336647 0.019543001428246498 -0.00082819513045251369
v 0.01385194156318903 -0.012700608000159264 -0.0098532438278198242
v -0.0015728373546153307 -0.011793783865869045 -0.09087526798248291
v -0.018084770068526268 0.01920359767973423 0.00025713213835842907
v -0.0019231942715123296 -0.02864132821559906 -0.090781703591346741
v -0.015347926877439022 -0.032499998807907104 -0.12827320396900177
v 0.013265647925436497 -0.015822133049368858 -0.014449544250965118
v 0.00070688780397176743 -0.0047849342226982117 0.00025000001187436283
v 8.2365775597281754e-05 0.0025611140299588442 0.00025000001187436283
v -0.028015905991196632 0.032498877495527267 -0.11320467293262482
v 0.010108381509780884 -0.017205145210027695 -0.052459035068750381
v 0.012500246986746788 0.029885191470384598 -0.0173981674015522
v 0.012197916395962238 -0.031074779108166695 -0.02032766304910183
v -0.020885754376649857 0.032499998807907104 -0.11266103386878967
v 0.0040138252079486847 0.032499998807907104 -0.14004459977149963
v 0.013491366058588028 -0.028612894937396049 -0.0086424499750137329
v -0.0082427728921175003 0.032499998807907104 -0.12657015025615692
v -0.0021825358271598816 -0.016028121113777161 0.00025000001187436283
v -0.0065213441848754883 -0.018012039363384247 0.00024999998277053237
v 0.0050703771412372589 0.032499998807907104 -0.1536298394203186
v -0.02265143021941185 0.032499998807907104 -0.13097302615642548
v -0.018039867281913757 0.032499998807907104 -0.12914693355560303
v 0.013400600291788578 0.012430570088326931 -0.013282842002809048
v -0.00072388083208352327 0.032499998807907104 -0.14966398477554321
v -0.021274616941809654 0.032500002533197403 -0.12281467020511627
v -0.014552556909620762 0.032499998807907104 -0.13199520111083984
v 0.0087934229522943497 -0.032226499170064926 -0.057787206023931503
v 0.022682530805468559 -0.032338183373212814 -0.1675226092338562
v -0.022716529667377472 0.027107924222946167 -0.17085000872612
v -0.039468873292207718 0.007228438276797533 -0.077090650796890259
v -0.027586208656430244 -0.010018746368587017 -0.1468997597694397
v -0.027654839679598808 0.00087052467279136181 -0.14717274904251099
v -0.028440944850444794 -0.014503623358905315 -0.1532675176858902
v -0.028438873589038849 -0.011164936237037182 -0.15313330292701721
v -0.028368409723043442 -0.026156935840845108 -0.1557140052318573
v -0.028252972289919853 0.0078078536316752434 -0.15697504580020905
v -0.028378963470458984 -0.00045692408457398415 -0.15539909899234772
v -0.028334081172943115 0.016902795061469078 -0.1563643217086792
v -0.027985705062747002 -0.024016702547669411 -0.1588578075170517
v -0.028231056407094002 -0.0044339592568576336 -0.15715695917606354
v -0.006074060220271349 -0.032500047236680984 -0.13639047741889954
v -0.028190786018967628 -0.016532672569155693 -0.15745194256305695
v -0.032539661973714828 -0.020037202164530754 -0.13387741148471832
v -0.01348662655800581 -0.032499253749847412 -0.059606976807117462
v -0.028383128345012665 -0.023789903149008751 -0.15136924386024475
v -0.028054829686880112 0.0029668794013559818 -0.1583506166934967
v -0.028413230553269386 0.0074678054079413414 -0.15218161046504974
v -0.0088204750791192055 -0.0013132059248164296 -0.1807742565870285
v -0.008172440342605114 0.012948720715939999 -0.18099252879619598
v 0.0041630617342889309 -0.023594044148921967 -0.18189102411270142
v 0.0065201045945286751 -0.013754473999142647 -0.12606431543827057
v -0.0022633799817413092 -0.0067695616744458675 -0.096837274730205536
v 0.016618534922599792 0.024335417896509171 -0.1768108457326889
v 0.022240329533815384 -0.0058657643385231495 -0.17147630453109741
v 0.02419678121805191 -0.024042718112468719 -0.16871388256549835
v 0.026013821363449097 0.020428808405995369 -0.16528013348579407
v 0.027612322941422462 -0.024372251704335213 -0.16057080030441284
v -0.025830237194895744 0.032501298934221268 -0.093444541096687317
v -0.022629251703619957 -0.032255057245492935 -0.064845465123653412
v -0.039632491767406464 0.01214863546192646 -0.04603232815861702
v -0.039813071489334106 0.011917071416974068 -0.049751844257116318
v -0.037260152399539948 0.019254114478826523 -0.081228092312812805
v -0.018618416041135788 -0.021107383072376251 -0.00028242915868759155
v -0.026641175150871277 -0.018069211393594742 -0.00077129190322011709
v -0.0097737610340118408 -0.032499998807907104 -0.096658185124397278
v 0.0089034056290984154 -0.023099781945347786 0.00024986485368572176
v 0.001766198081895709 -0.013872802257537842 0.00025000001187436283
v -0.036858905106782913 0.017116360366344452 -0.11532154679298401
v -0.025800332427024841 -0.03241594135761261 -0.160870760679245
v -0.036604598164558411 -0.025581538677215576 -0.12339388579130173
v -0.0047284569591283798 -0.03241044282913208 -0.17946889996528625
v 0.0036411397159099579 -0.037347648292779922 -0.1613486111164093
v -0.0082252752035856247 -0.034601792693138123 -0.14900581538677216
v 0.0050240070559084415 -0.032499998807907104 -0.13011908531188965
v -0.010510447435081005 -0.032499995082616806 -0.055726662278175354
v -0.024850975722074509 -0.0325026735663414 -0.13698214292526245
v 0.010732989758253098 0.032499998807907104 -0.16084741055965424
v -0.016260677948594093 0.032499998807907104 -0.15642997622489929
v -0.0055483812466263771 0.032499998807907104 -0.160533607006073
v -0.041367996484041214 -0.005994211882352829 -0.064263202250003815
v -0.014381988905370235 0.032510530203580856 -0.17310115694999695
v 0.021908259019255638 0.032499440014362335 -0.14825932681560516
v -0.012104051187634468 -0.027076432481408119 -0.179485023021698
v -0.0066780396737158298 -0.027938168495893478 -0.18138936161994934
v -0.026689277961850166 0.0040212161839008331 -0.14395847916603088
v 0.012594648636877537 -0.0029966633301228285 -0.12826724350452423
v 0.013215085491538048 0.0089107286185026169 -0.015554381534457207
v 0.012918820604681969 -0.012328840792179108 -0.018596494570374489
v 0.0082338685169816017 0.0031453485134989023 -0.18099150061607361
v 0.0098208831623196602 0.025431998074054718 -0.18042187392711639
v 0.013163715600967407 0.025029376149177551 -0.17894534766674042
v 0.017943119630217552 -0.028935795649886131 -0.1758066713809967
v 0.016586659476161003 -0.0090134721249341965 -0.17683739960193634
v -0.026707861572504044 -0.032498158514499664 -0.10208983719348907
v 0.022279402241110802 -0.027707576751708984 -0.17140266299247742
v 0.025517949834465981 -0.027010481804609299 -0.16630439460277557
v 0.025096872821450233 -0.0010880028130486608 -0.16709084808826447
v 0.026756346225738525 -0.027622070163488388 -0.16334018111228943
v 0.027270294725894928 -0.017047015950083733 -0.16185776889324188
v 0.027458991855382919 0.025936057791113853 -0.16129574179649353
v -0.02692640945315361 0.026193113997578621 -0.16285733878612518
v -0.026913667097687721 -0.032498583197593689 -0.10693778842687607
v 0.0029889426659792662 -0.040998246520757675 -0.15262378752231598
v -0.038797494024038315 0.013655024580657482 -0.036873169243335724
v -0.029349042102694511 0.0016250025946646929 -0.13653844594955444
v -0.038139279931783676 0.015366357751190662 -0.051714394241571426
v -0.027527838945388794 -0.024183068424463272 -0.14659978449344635
v -0.038363844156265259 0.015258103609085083 -0.055158644914627075
v -0.039850689470767975 0.012122081592679024 -0.053945235908031464
v -0.039121713489294052 -0.013835178688168526 -0.057020716369152069
v -0.038942087441682816 -0.013414947316050529 -0.041969273239374161
v -0.040088340640068054 -0.011466074734926224 -0.054248079657554626
v -0.036806225776672363 -0.024811387062072754 -0.10354974865913391
v -0.033516570925712585 0.027626559138298035 -0.13351097702980042
v -0.028375361114740372 -0.028831649571657181 -0.15198089182376862
v 0.025730602443218231 -0.030597398057579994 -0.16576538980007172
v -0.0068072038702666759 0.032499998807907104 -0.14717322587966919
v -0.01680467277765274 0.032499991357326508 -0.14036118984222412
v -0.023748282343149185 0.032501306384801865 -0.13514508306980133
v -0.025202866643667221 0.032500714063644409 -0.15018919110298157
v 4.0800685383146629e-05 0.032499998807907104 -0.16058491170406342
v -0.025607528164982796 0.016677755862474442 -0.1661236584186554
v 0.023534752428531647 0.0002719970652833581 -0.0017519985558465123
v -0.021952982991933823 0.03250618651509285 -0.14233440160751343
v -0.028114570304751396 -0.03103545680642128 -0.15619060397148132
v -0.024307301267981529 -0.032512664794921875 -0.15645383298397064
v -0.014733674935996532 -0.032495252788066864 -0.15080928802490234
v -0.034382935613393784 0.021290069445967674 -0.0050038620829582214
v -0.016930544748902321 -0.031807221472263336 -0.0063990037888288498
v 0.010986967012286186 -0.015056189149618149 -0.17999601364135742
v 0.024198831990361214 -0.029039645567536354 -0.1686970442533493
v 0.028197957202792168 0.030913436785340309 -0.1552245020866394
v 0.01027813833206892 -0.010834571905434132 -0.051584020256996155
v -0.036682631820440292 0.025760799646377563 -0.11291768401861191
v 0.0058721099048852921 -0.040238216519355774 -0.14897467195987701
v -0.0071071046404540539 -0.038865983486175537 -0.15787133574485779
v -0.0050089643336832523 -0.040964040905237198 -0.15139125287532806
v 0.0010723132872954011 0.0040161730721592903 -0.18221278488636017
v -0.0152884591370821 -0.032500002533197403 -0.13791137933731079
v -0.038994438946247101 0.014507628045976162 -0.064328432083129883
v -0.036953750997781754 0.022561950609087944 -0.098509408533573151
v -0.0073032686486840248 0.032499998807907104 -0.13356794416904449
v -0.0098082162439823151 0.032499998807907104 -0.13073843717575073
v 0.021862681955099106 0.016358682885766029 -0.17192724347114563
v -0.01725144125521183 0.031749315559864044 -0.0089575564488768578
v 0.022225409746170044 0.032499998807907104 -0.16952748596668243
v -0.001940359128639102 0.016394995152950287 -0.11003077030181885
v -0.028132908046245575 0.029252894222736359 -0.14900577068328857
v -0.034232813864946365 0.023552929982542992 -0.13347914814949036
v -0.0099409855902194977 -0.032499998807907104 -0.10075198113918304
v -0.027950908988714218 -0.027299603447318077 -0.1484629213809967
v 0.0068228575401008129 -0.016907799988985062 -0.1813417375087738
v -0.00025919469771906734 -0.014190379530191422 -0.18220122158527374
v -0.022149723023176193 0.032499965280294418 -0.084835119545459747
v -0.0084239896386861801 0.032499998807907104 -0.084846474230289459
v -0.0018656247993931174 0.032499998807907104 -0.085757896304130554
v -0.0013511746656149626 0.032499998807907104 -0.084012486040592194
v -0.023483460769057274 -0.015628347173333168 -0.16977924108505249
v -0.009389498271048069 0.032499998807907104 -0.064056113362312317
v 0.0094730723649263382 0.032489698380231857 -0.17644968628883362
v 0.0076979533769190311 0.015215937979519367 -0.18113462626934052
v -0.016644949093461037 0.032499004155397415 -0.066687755286693573
v -0.011303509585559368 0.032499998807907104 -0.10780509561300278
v -0.012514244765043259 0.014213464222848415 -0.17929762601852417
v -0.0042683822102844715 0.032290838658809662 -0.10809531062841415
v -0.0098727820441126823 0.032499611377716064 -0.04230966791510582
v 0.015215056017041206 0.012513631023466587 -0.0048659350723028183
v -0.017690982669591904 0.032499998807907104 -0.095913708209991455
v -0.013714160770177841 0.032499969005584717 -0.096758298575878143
v -0.012924687936902046 0.032499998807907104 -0.058533690869808197
v -0.009810873307287693 0.032501291483640671 -0.03536759689450264
v -0.013599146157503128 0.032417397946119308 -0.035008326172828674
v 0.0072271092794835567 0.032499998807907104 -0.13695856928825378
v 0.014008999802172184 0.032499998807907104 -0.14581494033336639
v -0.019174860790371895 0.032499998807907104 -0.080210819840431213
v -0.014683128334581852 0.032499998807907104 -0.080015890300273895
v -0.016896981745958328 0.032498426735401154 -0.061093442142009735
v -0.014328561723232269 0.032499998807907104 -0.07186465710401535
v -0.019087392836809158 0.032499998807907104 -0.071858279407024384
v -0.0057902466505765915 0.032525304704904556 -0.11285749822854996
v -0.0078317467123270035 0.032498408108949661 -0.10270645469427109
v -0.011141813360154629 0.032499674707651138 -0.048645295202732086
v 0.015888797119259834 0.017057184129953384 -0.17733442783355713
v -0.0076050953939557076 0.032499998807907104 -0.038851264864206314
v -0.01120899710804224 0.032499998807907104 -0.10348103940486908
v -0.0066328314132988453 0.032499924302101135 -0.070859119296073914
v -0.010301321744918823 0.032499998807907104 -0.08015625923871994
v -0.0063371602445840836 0.032499700784683228 -0.080446332693099976
v -0.023609928786754608 0.03249761089682579 -0.079900451004505157
v -0.017731668427586555 0.032294586300849915 -0.051782164722681046
v -0.014495541341602802 0.032302595674991608 -0.02830839715898037
v 0.01087588258087635 0.032499998807907104 -0.14311577379703522
v 0.0010667672613635659 0.032451283186674118 -0.072037942707538605
v 0.016844719648361206 0.0023464029654860497 0.00025000001187436283
v -0.042160466313362122 -0.0032528827432543039 -0.057423517107963562
v 0.020945213735103607 -0.031757459044456482 -0.17251953482627869
v 0.028236182406544685 -0.031157812103629112 -0.15449699759483337
v 0.015201755799353123 -0.030548969283699989 -0.177594855427742
v -0.024105604737997055 -0.030347982421517372 -0.16866995394229889
v 0.014423344284296036 0.007101778406649828 0.00025000001187436283
v -0.020742455497384071 -0.03200298547744751 -0.17154765129089355
v -0.016148561611771584 0.015444408170878887 -0.17716071009635925
v -0.015785466879606247 0.032499998807907104 -0.13615228235721588
v 0.014405420050024986 -0.017196489498019218 -0.17827151715755463
v -0.036553081125020981 0.02692766860127449 -0.099901385605335236
v -0.014445729553699493 -0.0045434301719069481 0.00025000001187436283
v -0.027140885591506958 0.0085266297683119774 -0.0005114944651722908
v 0.014809282496571541 -0.0017408075509592891 0.00025000001187436283
v 0.022947706282138824 -0.015239646658301353 -0.00014038541121408343
v -0.042329803109169006 0.0020929193124175072 -0.0046666660346090794
v -0.037015564739704132 -0.019601181149482727 -0.10419371724128723
v -0.016694426536560059 0.0002187523350585252 0.00025000001187436283
v 0.012249009683728218 -0.0054100900888442993 0.00025000001187436283
v -0.0033632430713623762 -0.03153705969452858 -0.099677696824073792
v 0.011060640215873718 0.011012866161763668 0.00025000001187436283
v -0.029785659164190292 0.032381806522607803 -0.091570079326629639
v -0.02443370595574379 0.032500002533197403 -0.11425278335809708
v -0.017204755917191505 -0.032281924039125443 -0.049408882856369019
v -0.038078900426626205 0.015166755765676498 -0.047570958733558655
v -0.039511952549219131 0.012304057367146015 -0.033067476004362106
v -0.027665279805660248 -0.020477382466197014 -0.16036505997180939
v -0.027922848239541054 0.020364852622151375 -0.1590549498796463
v -0.028170278295874596 -0.012651301920413971 -0.14988353848457336
v -0.022451067343354225 -0.011460075154900551 -0.17120546102523804
v -0.027971766889095306 -0.0064005814492702484 -0.14843106269836426
v -0.019057737663388252 0.016766101121902466 -0.17485199868679047
v -0.028285486623644829 -0.0087722539901733398 -0.15094567835330963
v -0.025068098679184914 -0.011597652919590473 -0.1402757316827774
v -0.028349258005619049 -0.021600481122732162 -0.15607878565788269
v -0.025012131780385971 -0.015206092968583107 -0.14004780352115631
v -0.027144083753228188 -0.015333399176597595 -0.14520435035228729
v 0.00075158837717026472 0.015872545540332794 -0.18220563232898712
v -0.028465954586863518 -0.018723595887422562 -0.15270926058292389
v 0.0046836668625473976 0.017032463103532791 -0.18174098432064056
v 0.0024103233590722084 -0.018605239689350128 -0.076850302517414093
v -0.028169034048914909 -0.016194753348827362 -0.14985652267932892
v -0.028427468612790108 -0.0043744910508394241 -0.15225696563720703
v -0.027817875146865845 -0.0028402409516274929 -0.14782655239105225
v -0.024910306558012962 -0.0073208571411669254 -0.14001329243183136
v -0.028460467234253883 0.012197002768516541 -0.15312612056732178
v -0.0018326449207961559 -0.0089947488158941269 -0.11018643528223038
v 0.018519977107644081 0.031650137156248093 -0.13217654824256897
v -0.0064846077002584934 -0.03249933198094368 -0.11520395427942276
v 0.013667270541191101 -0.010139064863324165 0.00025000004097819328
v -0.0066539980471134186 -0.032498087733983994 -0.10028543323278427
v -0.023155307397246361 -0.032499101012945175 -0.1406390368938446
v -0.020628713071346283 -0.032499995082616806 -0.14493352174758911
v -0.027625126764178276 0.025282815098762512 -0.14704760909080505
v -0.036368906497955322 0.00086554442532360554 -0.13079641759395599
v -0.035755623131990433 0.0083932867273688316 -0.13234081864356995
v -0.025339020416140556 0.0085088210180401802 -0.14015999436378479
v -0.025379791855812073 -0.0006253856117837131 -0.14009164273738861
v -0.033437814563512802 -0.0011591165093705058 -0.13354568183422089
v -0.026454409584403038 0.0093725724145770073 -0.14335852861404419
v -0.02811797522008419 0.021597735583782196 -0.14935503900051117
v 0.027950802817940712 -0.0076292380690574646 -0.15890195965766907
v -0.036281850188970566 -0.0031460553873330355 -0.1310126781463623
v -0.035816732794046402 -0.019306683912873268 -0.0035953170154243708
v -0.024840047582983971 0.028829265385866165 -0.0061581339687108994
v -0.027141695842146873 0.0324849933385849 -0.088181130588054657
v -0.037386056035757065 0.015055811032652855 -0.089446075260639191
v -0.00082642614142969251 -0.031759742647409439 -0.084416881203651428
v -0.032655350863933563 -0.032223645597696304 -0.10437560081481934
v -0.037431709468364716 -0.014118310064077377 -0.088773638010025024
v -0.036641526967287064 0.022248329594731331 -0.12991079688072205
v -0.036356627941131592 -0.0221436507999897 -0.13172498345375061
v -0.040947411209344864 -0.0017236957792192698 -0.070933684706687927
v -0.028500000014901161 -0.031655021011829376 -0.14406517148017883
v -0.039303969591856003 -0.0054438002407550812 -0.078384079039096832
v -0.038393884897232056 -0.0079456577077507973 -0.082601189613342285
v 0.02281155064702034 -0.032497625797986984 -0.14252473413944244
v 0.017929395660758018 -0.0325021892786026 -0.13844850659370422
v -0.0005569816567003727 0.027063775807619095 -0.085361920297145844
v 0.009961242787539959 -0.033139005303382874 -0.14921514689922333
v -0.041194185614585876 0.0030652137938886881 -0.069005340337753296
v 0.011723939329385757 -0.028629008680582047 -0.040696673095226288
v -0.036807328462600708 -0.011923989281058311 -0.11027797311544418
v -0.030436033383011818 -0.018618235364556313 -0.00088110589422285557
v -0.0036113620735704899 0.028084348887205124 0.0002162956225220114
v -0.027466688305139542 0.016829242929816246 -0.16118912398815155
v -0.0026571501512080431 -0.029680408537387848 -0.11174321919679642
v 0.024502523243427277 -0.01203787699341774 -3.6531448131427169e-05
v -0.020401917397975922 -0.032499980181455612 -0.077963210642337799
v -0.040605392307043076 -0.0091039231047034264 -0.066246919333934784
v -0.03690033033490181 0.022069724276661873 -0.10955776274204254
v -0.03119930811226368 0.015350627712905407 -0.13422039151191711
v 0.0024641838390380144 -0.032499678432941437 -0.12646076083183289
v -0.03128163143992424 -0.03213689848780632 -0.087871484458446503
v -0.036935079842805862 -0.012176161631941795 -0.099473424255847931
v 0.0024991631507873535 -0.032441325485706329 -0.12229245156049728
v 0.012189467437565327 -0.028928207233548164 -0.032572928816080093
v -0.011431901715695858 0.00082243321230635047 -0.17981597781181335
v -0.036685783416032791 0.025144608691334724 -0.1174343004822731
v -0.0081887030974030495 0.006184636615216732 0.00025000001187436283
v 0.0071875802241265774 0.011011440306901932 0.00025000001187436283
v 0.010445841588079929 0.018039045855402946 0.00024995734565891325
v -0.0071026599034667015 -0.032499983906745911 -0.093770779669284821
v 0.0077424081973731518 -0.018271803855895996 -0.12639419734477997
v -0.02122240886092186 -0.030500508844852448 -0.0057739405892789364
v 0.0070866821333765984 -0.031108194962143898 -0.18109554052352905
v 0.0041109779849648476 -0.02958294004201889 -0.18190412223339081
v -0.036409646272659302 0.026687860488891602 -0.13073883950710297
v -0.0059711765497922897 -0.032498698681592941 -0.0969366654753685
v -0.0044291070662438869 -0.032499998807907104 -0.10740113258361816
v -0.0025905186776071787 0.0088696517050266266 -0.10223381966352463
v 0.00075252691749483347 -0.029933283105492592 -0.18212604522705078
v -0.0077030230313539505 -0.032504398375749588 -0.11103595793247223
v -0.040387406945228577 0.010222738608717918 -0.042457185685634613
v -0.0088891927152872086 -0.032499998807907104 -0.069895453751087189
v -0.042071420699357986 -0.0045304181985557079 -0.04175369068980217
v 0.013793332502245903 0.0083103962242603302 -0.010560894384980202
v -0.0096563398838043213 -0.032499998807907104 -0.064669892191886902
v -0.016764694824814796 0.03250277042388916 -0.16967855393886566
v -0.014509770087897778 -0.0093976370990276337 0.00025000001187436283
v -0.010891815647482872 -0.032500378787517548 -0.034098878502845764
v -0.0095971161499619484 -0.032499793916940689 -0.022179326042532921
v 0.0072071938775479794 0.010610244236886501 -0.12624363601207733
v 0.0071090883575379848 -0.032499995082616806 -0.13306635618209839
v 0.00075704033952206373 -0.019139798358082771 -0.12046309560537338
v -0.0028098176699131727 -0.030222777277231216 -0.18198899924755096
v 0.01248459704220295 -0.0044832676649093628 -0.024883434176445007
v -0.036552436649799347 0.0040029729716479778 -0.11217198520898819
v -0.036611888557672501 0.0091895461082458496 -0.12865792214870453
v -0.036618556827306747 -0.010620248503983021 -0.1285797655582428
v -0.014397311955690384 0.032499998807907104 -0.16148853302001953
v -0.037057962268590927 -0.0016016713343560696 -0.092670358717441559
v -0.036648858338594437 0.0061540477909147739 -0.10310926288366318
v -0.03651249036192894 0.0010987499263137579 -0.11546342074871063
v -0.036505464464426041 0.00025646603899076581 -0.11066742986440659
v -0.036629199981689453 -0.0048196935094892979 -0.10091491788625717
v -0.036720801144838333 -0.010104972869157791 -0.11415215581655502
v -0.040155421942472458 -0.0014481573598459363 -0.075271666049957275
v 0.0080183027312159538 -0.032499551773071289 -0.035726625472307205
v 0.010838485322892666 -0.02762787789106369 -0.04839300736784935
v -0.036828763782978058 -0.018684910610318184 -0.11848253011703491
v -0.0042201424948871136 -0.010809479281306267 -0.18189482390880585
v -0.022765792906284332 0.028818616643548012 -0.0021051382645964622
v -0.030582062900066376 0.032429873943328857 -0.1066996231675148
v -0.015588792972266674 0.011258618906140327 -0.17757003009319305
v -0.019106999039649963 -0.029461905360221863 -0.17483806610107422
v -0.026643166318535805 -0.032496422529220581 -0.094322256743907928
v -0.02250722236931324 -0.032499998807907104 -0.10488294810056686
v -0.018295032903552055 -0.032499998807907104 -0.12466176599264145
v 0.0098775336518883705 -0.033528070896863937 -0.15672753751277924
v -0.017283033579587936 -0.031868290156126022 -0.028407379984855652
v 0.00809500552713871 -0.012303374707698822 -0.18101412057876587
v -0.042278219014406204 -0.0025933410506695509 -0.0043307947926223278
v -0.040251027792692184 0.010513010434806347 -0.03773127868771553
v 0.010184308513998985 -0.007928864099085331 -0.052063159644603729
v -0.041023626923561096 0.0087132733315229416 -0.047053124755620956
v -0.041303589940071106 0.0079322643578052521 -0.0208273995667696
v 0.026242822408676147 0.0038468146231025457 0.00014162294974084944
v -0.013660083524882793 0.020846439525485039 0.00025711310445331037
v -0.0098644522950053215 0.019946159794926643 0.00024999983725138009
v 0.0017386852996423841 0.024279197677969933 0.00025000001187436283
v 0.027919968590140343 0.01777593232691288 -0.15906812250614166
v -0.019896946847438812 0.0067661255598068237 0.0002500000991858542
v 0.025580728426575661 0.01642230898141861 -0.16619010269641876
v -0.0024447476025670767 0.018951036036014557 0.00025000004097819328
v -0.0028359983116388321 0.023446548730134964 0.00025000746245495975
v -0.020041633397340775 -0.032499998807907104 -0.15032482147216797
v -0.028258517384529114 -0.031584110110998154 -0.13982643187046051
v -0.039248596876859665 0.013380343094468117 -0.016526751220226288
v -0.01081383042037487 -0.032937582582235336 -0.15091423690319061
v -0.031029380857944489 0.032145410776138306 -0.12148146331310272
v -0.038188084959983826 -0.011510196141898632 -0.082416526973247528
v -0.037042263895273209 -0.01699027419090271 -0.09996747225522995
v -0.0021480154246091843 0.0090862307697534561 -0.095302246510982513
v 0.028387749567627907 0.016104979440569878 -0.15511661767959595
v -0.0093878135085105896 -0.032496847212314606 -0.0059737632982432842
v 0.0027325521223247051 -0.032498862594366074 -0.0063967760652303696
v 0.00033278201590292156 -0.032499998807907104 -0.035566721111536026
v 0.0079249581322073936 -0.03250068798661232 -0.03970688208937645
v -8.9378860138822347e-05 -0.032499998807907104 -0.0094274813309311867
v 0.0050216042436659336 -0.032499782741069794 -0.010369289666414261
v -0.0012721099192276597 -0.032460931688547134 -0.079542294144630432
v -0.008210853673517704 -0.032500125467777252 -0.010788872838020325
v 0.0021777653601020575 -0.032499998807907104 -0.044307615607976913
v -0.036826968193054199 0.019991261884570122 -0.069725148379802704
v -0.0018217075848951936 -0.032499998807907104 -0.053086455911397934
v -0.025917986407876015 0.02416946180164814 -0.00097291683778166771
v -0.0042288522236049175 -0.032499998807907104 -0.041461482644081116
v 0.00087815866572782397 -0.032517082989215851 -0.14144137501716614
v -0.0057065258733928204 -0.032499998807907104 -0.067498721182346344
v 0.0066979308612644672 -0.032502427697181702 -0.0052379835397005081
v -0.0012082613538950682 -0.032499998807907104 -0.027611387893557549
v -0.003916268702596426 -0.032499998807907104 -0.012981127016246319
v 0.00070009427145123482 -0.032499998807907104 -0.031716011464595795
v -0.0094635253772139549 -0.032499246299266815 -0.026953939348459244
v 0.0011711196275427938 -0.032499998807907104 -0.014203181490302086
v -0.0069400342181324959 -0.032500002533197403 -0.039048660546541214
v -0.0063824900425970554 -0.032499998807907104 -0.054645925760269165
v -0.0036205267533659935 -0.032499998807907104 -0.037412066012620926
v -0.0015594253782182932 -0.032499998807907104 -0.043935615569353104
v 0.011892302893102169 0.027883939445018768 -0.038147971034049988
v 0.026666654273867607 -0.006451828870922327 -0.16359114646911621
v -0.038732379674911499 0.014947782270610332 -0.060563158243894577
v 0.011410708539187908 0.032499998807907104 -0.1674453467130661
v -0.040903043001890182 0.0089315194636583328 -0.029281577095389366
v -0.038277234882116318 0.014625130221247673 -0.04313279315829277
v -0.024299135431647301 0.0049710539169609547 0.00025671147159300745
v -0.036787282675504684 -0.022532669827342033 -0.11727619916200638
v 0.013366599567234516 -0.0061105862259864807 -0.1788330078125
v -0.0070372163318097591 0.032499995082616806 -0.014848492108285427
v -0.027440983802080154 -0.0059332926757633686 -0.13758307695388794
v 0.01477673277258873 0.024338738992810249 -0.0079261437058448792
v 0.019075235351920128 0.032499998807907104 -0.15675251185894012
v 0.015501381829380989 0.021526586264371872 -0.0021261973306536674
v 0.01189647801220417 -0.02475312165915966 -0.038160674273967743
v 0.011948402039706707 0.023884683847427368 -0.037217803299427032
v -0.042041420936584473 0.0047795488499104977 -0.017067182809114456
v -0.042071115225553513 -0.0046239881776273251 -0.018020650371909142
v 0.016422295942902565 0.023070666939020157 -0.0017499999376013875
v 0.0014412072487175465 0.020532600581645966 -0.12132193148136139
v 0.014100692234933376 0.02733580581843853 -0.0052636535838246346
v 0.0040376093238592148 0.030623050406575203 -0.07260403037071228
v -0.038672398775815964 -0.013663221150636673 -0.076165087521076202
v -0.037070319056510925 -0.019388753920793533 -0.095837518572807312
v -0.04110993817448616 -0.0085093341767787933 -0.050912301987409592
v -0.041393503546714783 -0.0072278310544788837 -0.04380132257938385
v -0.024684173986315727 0.032500002533197403 -0.11068993806838989
v 0.0058758328668773174 0.032499998807907104 -0.14419588446617126
v -0.016917373985052109 0.032499998807907104 -0.12406273931264877
v -0.0046951747499406338 -0.032499998807907104 -0.1286555677652359
v -0.0028824810869991779 -0.032505545765161514 -0.13861298561096191
v -0.0079921958968043327 -0.032499998807907104 -0.073764480650424957
v -0.031706783920526505 -0.014965847134590149 -0.13387496769428253
v -0.027816120535135269 -0.0010887287789955735 -0.15963101387023926
v -0.027363454923033714 0.0058619496412575245 -0.16158358752727509
v -0.028287503868341446 0.00022838551376480609 -0.1509661078453064
v -0.037102606147527695 -0.014928251504898071 -0.096046522259712219
v -0.036717243492603302 -0.024695679545402527 -0.11504195630550385
v -0.036371078342199326 -0.02870689332485199 -0.12709645926952362
v -0.041046693921089172 0.0071714366786181927 -0.065973296761512756
v -0.039705649018287659 0.0097887394949793816 -0.073763914406299591
v -0.037097170948982239 0.018287817016243935 -0.096223689615726471
v 0.017302485182881355 0.013103424571454525 -0.17630195617675781
v -0.017504539340734482 0.032499998807907104 -0.1155291423201561
v -0.0077099064365029335 -0.032499998807907104 -0.13260675966739655
v -0.013256868347525597 -0.032477192580699921 -0.043459907174110413
v -0.009864400140941143 -0.032500002533197403 -0.11886360496282578
v -0.0010480575729161501 0.026383368298411369 -0.11533986032009125
v -0.0012702902313321829 -0.0078593343496322632 -0.089063189923763275
v -0.031101059168577194 -0.032262705266475677 -0.092561587691307068
v -0.023109307512640953 -0.032499998807907104 -0.10879742354154587
v -0.011233456432819366 -0.032504502683877945 -0.14175079762935638
v -0.025654442608356476 -0.032498959451913834 -0.098099961876869202
v -0.034016460180282593 0.029895259067416191 -0.083539806306362152
v -0.012676062062382698 -0.032499998807907104 -0.13269096612930298
v -0.035496547818183899 0.019477542489767075 -0.013889648020267487
v -0.008858703076839447 -0.032499998807907104 -0.12282248586416245
v -0.00018098299915436655 -0.027712447568774223 -0.083927519619464874
v -0.013536605983972549 -0.032401364296674728 -0.018987458199262619
v -0.011641677469015121 -0.032490789890289307 -0.0096305143088102341
v -0.020074523985385895 -0.032499998807907104 -0.088757872581481934
v -0.033619757741689682 0.021101728081703186 -0.039562433958053589
v -0.01897924579679966 -0.032499998807907104 -0.09304548054933548
v -0.017395274713635445 -0.032499998807907104 -0.12076237052679062
v -0.03690711036324501 0.023423932492733002 -0.10394933074712753
v -0.039986319839954376 0.011322788894176483 -0.067467160522937775
v -0.0050038676708936691 -0.032499995082616806 -0.076581023633480072
v -0.013542445376515388 -0.032495137304067612 -0.048506259918212891
v -4.3895473936572671e-05 0.006593246478587389 -0.12045583128929138
v -0.015267175622284412 -0.031141920015215874 -0.17751571536064148
v -0.039499539881944656 -0.0092326104640960693 -0.075556062161922455
v -0.03168906643986702 0.025731312111020088 -0.060840200632810593
v -0.036869507282972336 -0.020908655598759651 -0.11350882798433304
v -0.036715246737003326 -0.02187800407409668 -0.12472911179065704
v -0.036757860332727432 -0.022130172699689865 -0.1209910586476326
v -0.040462780743837357 0.0081281848251819611 -0.070069514214992523
v -0.037192303687334061 0.013754969462752342 -0.093633055686950684
v -0.028768379241228104 0.025805266574025154 -0.039294645190238953
v -0.037045747041702271 0.018473749980330467 -0.10123848170042038
v -0.03679574653506279 0.021393684670329094 -0.1189456582069397
v -0.037014458328485489 0.014180096797645092 -0.098885364830493927
v -0.0090045221149921417 -0.032496988773345947 -0.16594050824642181
v -0.0022433777339756489 0.022355902940034866 -0.096092723309993744
v -0.039618209004402161 0.011834355071187019 -0.070876210927963257
v 0.017454545944929123 0.019527841359376907 0.00019728744518943131
v -0.038842979818582535 0.014086922630667686 -0.073721170425415039
v -0.022071395069360733 -0.022506678476929665 -0.17168255150318146
v -0.025862108916044235 -0.024053351953625679 -0.16556711494922638
v -0.012016752734780312 -0.032499998807907104 -0.073232747614383698
v 0.028385702520608902 -0.019515780732035637 -0.1553729921579361
v 0.025509392842650414 0.030337309464812279 -0.14134876430034637
v -0.010730111971497536 -0.032499998807907104 -0.091027416288852692
v -0.014932871796190739 -0.032496243715286255 -0.053471643477678299
v -0.015233846381306648 -0.0097889108583331108 -0.17778301239013672
v 0.023684430867433548 0.0058412589132785797 -0.0017516536172479391
v 0.012944848276674747 -0.008622308261692524 -0.018331877887248993
v 0.0029234637040644884 0.0098315533250570297 -0.075527369976043701
v -0.027433834969997406 -0.025953900068998337 -0.13759483397006989
v 0.015681276097893715 -0.032499998807907104 -0.1306816041469574
v -0.0018209968693554401 -0.015996748581528664 -0.092131100594997406
v 0.0088192969560623169 -0.032499998807907104 -0.13616897165775299
v -0.0006856885738670826 -0.010049091652035713 -0.11745138466358185
v 0.0076398150995373726 -0.018682356923818588 -0.062391836196184158
v 0.013083256781101227 -0.0095699140802025795 -0.17898744344711304
v 0.0084985755383968353 -0.028233565390110016 -0.12662303447723389
v 0.012249649502336979 0.010951546020805836 -0.030964190140366554
v 0.010780604556202888 0.014812227338552475 -0.048744138330221176
v 0.012181943282485008 -0.0096607217565178871 -0.032475076615810394
v 0.020829854533076286 0.013166634365916252 -0.0017501894617453218
v 0.012445490807294846 -0.012794961221516132 -0.025857266038656235
v 0.012079174630343914 -0.012720556929707527 -0.034648321568965912
v -0.03608674556016922 -0.027249805629253387 -0.091784067451953888
v -0.03606429323554039 0.027274364605545998 -0.091542288661003113
v 0.0017048512818291783 -0.022965913638472557 -0.07868117094039917
v -0.00043282337719574571 -0.024146698415279388 -0.085522092878818512
v 0.0016915247542783618 0.019646674394607544 -0.078764908015727997
v 0.013475729152560234 0.015424191020429134 -0.011614717543125153
v -0.0011325443629175425 0.023606320843100548 -0.088310137391090393
v 0.0082322107627987862 0.018731815740466118 -0.060318272560834885
v 0.012701458297669888 -0.01944715715944767 -0.020876189693808556
v 0.023309847339987755 -0.0052513908594846725 -0.0017506283475086093
v 0.012039485387504101 -0.021059652790427208 -0.035473410040140152
v 0.0094510186463594437 -0.023291947320103645 -0.055509567260742188
v 0.024311689659953117 -0.030468413606286049 -0.1390441358089447
v -0.034223150461912155 -0.023438764736056328 -0.064991652965545654
v 0.015822349116206169 -0.018219180405139923 -0.0017499999376013875
v 0.012495303526520729 0.019690804183483124 -0.024673938751220703
v 0.012085173279047012 0.022431047633290291 -0.034507691860198975
v 0.014978015795350075 0.020835097879171371 -0.0056966738775372505
v -0.037218432873487473 -0.012628322467207909 -0.092736341059207916
v 0.010743272490799427 0.019059646874666214 -0.048979990184307098
v 0.010117555968463421 0.017646057531237602 -0.052401237189769745
v -0.026522189378738403 -0.027745388448238373 -0.013140170834958553
v -0.00083140138303861022 -0.027816485613584518 -0.11655033379793167
v 0.015565999783575535 -0.023986583575606346 -0.0023168500047177076
v -0.034629706293344498 -0.029453199356794357 -0.085553370416164398
v 0.017816530540585518 -0.028416590765118599 -0.13157735764980316
v -0.034845277667045593 0.022148648276925087 -0.063207164406776428
v 0.012255500070750713 -0.02225089818239212 -0.03082357719540596
v 0.021264588460326195 -0.018861625343561172 -0.00084623915608972311
v 0.0096165388822555542 0.025131788104772568 -0.054776251316070557
v 0.0213974229991436 0.018713286146521568 -0.00096964725526049733
v 0.012310194782912731 -0.026715755462646484 -0.029632188379764557
v -0.02881893515586853 -0.0023292773403227329 -0.0005353179294615984
v 0.011372487060725689 -0.0269316416233778 -0.044445239007472992
v 0.012415670789778233 -0.023705048486590385 -0.026554564014077187
v -0.022461140528321266 -0.030033722519874573 -0.013816528953611851
v 0.011247646994888783 0.025938540697097778 -0.045476466417312622
v -0.042470108717679977 -0.00032533769262954593 -0.038429677486419678
v -0.034098975360393524 -0.028122711926698685 -0.078736677765846252
v -0.037912122905254364 0.010143784806132317 -0.085457198321819305
v -0.040340818464756012 0.0054664989002048969 -0.073235385119915009
v -0.035741884261369705 -0.01915225014090538 -0.014241845346987247
v 0.010343950241804123 -0.022188341245055199 -0.051253426820039749
v 0.010724353604018688 -0.014092499390244484 -0.049083013087511063
v -0.0028181616216897964 -0.027710990980267525 -0.10077401995658875
v -0.026991767808794975 -0.032171599566936493 -0.07346343994140625
v -0.00069093506317585707 -0.0036474042572081089 -0.08660849928855896
v 0.0047185975126922131 -0.020614240318536758 -0.12570945918560028
v 0.011404440738260746 0.013726104982197285 -0.044069208204746246
v -0.025162732228636742 0.020767837762832642 -0.14048232138156891
v 0.022468665614724159 -0.022063776850700378 -0.13629399240016937
v 0.0019577827770262957 -0.019605549052357674 -0.12533490359783173
v -0.032652061432600021 -0.022061740979552269 -0.037300191819667816
v 0.013199899345636368 -0.0058647296391427517 -0.01571279764175415
v 0.010880009271204472 -0.0087698092684149742 -0.048109006136655807
v -0.028188645839691162 0.026193620637059212 -0.035855241119861603
v -0.026052467525005341 0.030589655041694641 -0.059853725135326385
v -0.021783983334898949 0.032499995082616806 -0.12652309238910675
v -0.0080210873857140541 0.032499998807907104 -0.13716946542263031
v 0.0067113758996129036 0.032499998807907104 -0.1505560427904129
v 0.010149536654353142 0.032499998807907104 -0.15313149988651276
v 0.018753640353679657 0.032499998807907104 -0.16469848155975342
v 0.003203654894605279 -0.023985996842384338 -0.074815183877944946
v 0.018960591405630112 -0.020357841625809669 -0.13254575431346893
v -0.037109017372131348 0.0052789994515478611 -0.092707939445972443
v -0.036507975310087204 -0.00050093093886971474 -0.11976795643568039
v -0.036649160087108612 -0.0073818056844174862 -0.11158668249845505
v -0.036558844149112701 0.0061165741644799709 -0.12663248181343079
v -0.036540161818265915 -0.001136130653321743 -0.10214999318122864
v -0.037645008414983749 -0.0014260649913921952 -0.087793521583080292
v -0.030642317607998848 0.020396584644913673 -0.13455575704574585
v -0.031956389546394348 0.010037708096206188 -0.13395318388938904
v -0.029993334785103798 -0.0036695662420243025 -0.13516642153263092
v -0.036712635308504105 0.012421767227351665 -0.12153016775846481
v -0.036762095987796783 0.0099060246720910072 -0.10653829574584961
v -0.036631833761930466 -0.0091544119641184807 -0.1236673891544342
v -0.036552619189023972 0.0051016388460993767 -0.12336939573287964
v -0.036582097411155701 -0.0045806802809238434 -0.104668989777565
v -0.027792397886514664 0.0092517323791980743 -0.14776840806007385
v -0.027573848143219948 0.017539136111736298 -0.14685702323913574
v -0.03686048835515976 0.0060978531837463379 -0.096117511391639709
v -0.036702126264572144 -0.0021651061251759529 -0.097488909959793091
v -0.040598936378955841 0.0016456176526844501 -0.072985462844371796
v -0.037292614579200745 -0.0054974230006337166 -0.090806014835834503
v 0.0014258661540225148 -0.032499998807907104 -0.17172329127788544
v -0.036703899502754211 -0.0083643794059753418 -0.10710715502500534
v 0.0076245991513133049 -0.013028407469391823 -0.062444806098937988
v 0.012355896644294262 0.019371571019291878 -0.028275880962610245
v 0.015706408768892288 -0.0088696200400590897 -0.0018755436176434159
v 0.018507234752178192 0.026254530996084213 -0.13216646015644073
v -0.0010848958045244217 -0.019414501264691353 -0.088183984160423279
v -0.0025697972159832716 -0.023389600217342377 -0.10193846374750137
v 0.0090234540402889252 -0.015343080274760723 -0.057308577001094818
v -0.042461562901735306 -0.0005501514533534646 -0.016167892143130302
v 0.023319857195019722 0.028225095942616463 -0.13746324181556702
v 0.0038002049550414085 -0.016876008361577988 -0.12558646500110626
v 0.015308935195207596 -0.018170647323131561 -0.12979403138160706
v 0.011577165685594082 -0.0073782955296337605 -0.04233943298459053
v 0.0039712567813694477 -0.013080504722893238 -0.18186783790588379
v 0.0084079625084996223 0.023708241060376167 -0.059681516140699387
v 0.0084241284057497978 -0.023678159341216087 -0.059626583009958267
v -0.012919142842292786 0.028398994356393814 -0.17908686399459839
v 0.025009922683238983 -0.025432296097278595 -0.14024399220943451
v 0.015670375898480415 -0.0236200001090765 -0.12999337911605835
v 0.0099595328792929649 -0.013475498184561729 -0.053189095109701157
v 0.0094947135075926781 -0.0099890893325209618 -0.055323150008916855
v 0.011708642356097698 -0.020445609465241432 -0.12782499194145203
v 0.00097001832909882069 0.0072344872169196606 -0.1252213716506958
v 0.0057207043282687664 0.019528919830918312 -0.06820148229598999
v -0.0016177933430299163 0.032499998807907104 -0.044796176254749298
v 0.012484715320169926 0.028073696419596672 -0.024028338491916656
v 0.0018093992257490754 0.032499998807907104 -0.031270377337932587
v 0.0018452716758474708 0.03188687190413475 -0.078055478632450104
v 0.0032005540560930967 0.032499998807907104 -0.046753045171499252
v 0.0021774456836283207 0.032499998807907104 -0.027201347053050995
v 0.019884325563907623 0.018713511526584625 -0.13341160118579865
v 0.0038182905409485102 0.032499998807907104 -0.016839409247040749
v -0.0028610615991055965 0.032499998807907104 -0.012510725297033787
v -0.0059473472647368908 -0.032501958310604095 -0.089996583759784698
v -0.0090102031826972961 -0.032500099390745163 -0.017705105245113373
v 0.0079817529767751694 -0.032502532005310059 -0.031392086297273636
v 0.011286986991763115 -0.03223835676908493 -0.024277729913592339
v 0.0031353682279586792 -0.032499998807907104 -0.024301603436470032
v -0.00082170718815177679 -0.032486941665410995 -0.075318634510040283
v -0.0056100976653397083 -0.032499998807907104 -0.028611296787858009
v -0.0021833691280335188 -0.032499998807907104 -0.017564838752150536
v 0.012710079550743103 0.0052592223510146141 -0.020755833014845848
v -0.02060743048787117 0.032499998807907104 -0.10331138223409653
v -0.036460503935813904 -0.021690167486667633 -0.075747385621070862
v -0.041601106524467468 -0.0017840639920905232 -0.066344104707241058
v 0.028335917741060257 -0.0072056273929774761 -0.15146946907043457
v 0.027824539691209793 0.022240661084651947 -0.1478511244058609
v 0.015571014955639839 -0.0016076811589300632 -0.12997293472290039
v 0.0066315671429038048 0.0055623226799070835 -0.065590508282184601
v 0.024708615615963936 0.0096079325303435326 -0.13969089090824127
v -0.0015647741965949535 0.016514861956238747 -0.090121552348136902
v -0.0012530700769275427 0.0016966336406767368 -0.08883608877658844
v 0.011888230219483376 0.0068969903513789177 -0.038207132369279861
v 0.027771798893809319 -0.0078060571104288101 -0.14764392375946045
v 0.02631978876888752 -0.0081791738048195839 -0.14301884174346924
v -0.020927540957927704 -0.030752137303352356 -0.034267891198396683
v 0.025727299973368645 -0.016781264916062355 -0.14159511029720306
v 0.026293046772480011 0.01641453243792057 -0.14295420050621033
v 0.0198714230209589 0.014178269542753696 -0.13340987265110016
v 0.008584827184677124 0.0019845161586999893 -0.059043068438768387
v 0.026844028383493423 0.025584070011973381 -0.14430606365203857
v 0.00073535251431167126 -0.004796183668076992 -0.081432811915874481
v 0.010851770639419556 0.00092899880837649107 -0.048289984464645386
v 0.011373436078429222 0.0010185843566432595 -0.044327151030302048
v 0.012961211614310741 0.001761188730597496 -0.018176909536123276
v 0.016554959118366241 0.0017151162028312683 -0.0017499999376013875
v 0.0096549773588776588 -0.0048345853574573994 -0.05460960790514946
v 0.027500897645950317 -0.018249062821269035 -0.146571084856987
v 0.027466412633657455 0.0093663223087787628 -0.14642927050590515
v 0.010597546584904194 0.017428260296583176 -0.12734811007976532
v 0.0067055649124085903 -0.0065190326422452927 -0.065367206931114197
v 0.026272887364029884 0.0079144006595015526 -0.14290487766265869
v 0.0085282512009143829 0.0058465190231800079 -0.059251870959997177
v -0.03085743635892868 0.03152335062623024 -0.077272266149520874
v -0.025400193408131599 -0.023063035681843758 -0.140525221824646
v -0.02469906397163868 0.028708783909678459 -0.034231625497341156
v 0.0010467186802998185 0.010964382439851761 -0.080514021217823029
v 0.026443630456924438 0.020953815430402756 -0.1433207094669342
v 0.024636352434754372 0.018957359716296196 -0.13956792652606964
v 0.012112986296415329 0.00011955487570958212 -0.033945031464099884
v 0.012816036120057106 -0.011208418756723404 -0.12837447226047516
v 0.02550961822271347 -0.011973034590482712 -0.14110343158245087
v 0.028310433030128479 -0.011327828280627728 -0.15120582282543182
v -0.020622139796614647 0.03077072836458683 -0.015141848474740982
v 0.0033940395805984735 0.0045346063561737537 -0.074314139783382416
v 0.0053251464851200581 0.0047888192348182201 -0.069275930523872375
v 0.018628891557455063 -0.0027724346145987511 -0.13227736949920654
v 0.024154344573616982 -0.00042865527211688459 -0.13876432180404663
v 0.026192702353000641 -5.577050251304172e-05 -0.14271236956119537
v 0.016805322840809822 0.021272525191307068 -0.13079731166362762
v 0.015686377882957458 0.023265548050403595 -0.004091254435479641
v 0.028001405298709869 0.031027182936668396 -0.15075062215328217
v 0.00092036684509366751 -0.010003961622714996 -0.080865830183029175
v 0.015588138252496719 -0.0053095594048500061 -0.12998329102993011
v 0.011831706389784813 -0.0041518686339259148 -0.039025839418172836
v 0.01158293429762125 -0.0026359434705227613 -0.042249817401170731
v -0.000214653235161677 -0.013933969661593437 -0.12038124352693558
v 0.0086207287386059761 -0.006854307372123003 -0.058886602520942688
v 0.012279858812689781 -0.0028297561220824718 -0.030242152512073517
v 0.011326035484671593 -0.015122266486287117 -0.12765912711620331
v 0.011261994019150734 -0.011603621765971184 -0.17989271879196167
v -0.042457219213247299 7.0233676524367183e-05 -0.049916800111532211
v 0.0012491244124248624 -0.0020513373892754316 -0.12512776255607605
v -0.038233429193496704 -0.013474526815116405 -0.080348454415798187
v -0.041277982294559479 0.0074685905128717422 -0.061722852289676666
v -0.0044255992397665977 0.024060124531388283 -0.18183821439743042
v 0.0038133810739964247 -0.0096782492473721504 -0.073242492973804474
v 0.011785571463406086 0.012245629914104939 -0.039684347808361053
v 0.0098344264551997185 -0.0082754530012607574 -0.18041697144508362
v 0.013009307906031609 0.0058318506926298141 -0.017646994441747665
v -0.03658546507358551 0.025906745344400406 -0.096021495759487152
v -0.036312922835350037 0.028788389638066292 -0.10397757589817047
v 0.0284164659678936 -0.0086119547486305237 -0.15442474186420441
v 0.0019968012347817421 -0.027092320844531059 -0.077840976417064667
v 0.0024858168326318264 0.032499998807907104 -0.15696351230144501
v -0.024655243381857872 0.032502647489309311 -0.13871556520462036
v -0.021029654890298843 0.032499980181455612 -0.14762794971466064
v 0.0094034168869256973 0.03248852863907814 -0.03362366184592247
v 0.011048932559788227 0.032324112951755524 -0.011362602934241295
v -0.017059145495295525 0.032499980181455612 -0.1448095440864563
v 0.023841774091124535 0.013459871523082256 -0.16928350925445557
v -0.036429684609174728 -0.02825482003390789 -0.10728925466537476
v -0.013481168076395988 0.017785808071494102 -0.17877474427223206
v -0.020631752908229828 0.030897807329893112 -0.03444339707493782
v 0.001592396292835474 -0.012629440985620022 -0.12495564669370651
v -0.0074607362039387226 0.0079156868159770966 -0.18121324479579926
v 0.025680156424641609 0.032528851181268692 -0.15235888957977295
v -0.026305103674530983 0.0086647868156433105 -0.16456343233585358
v -0.029397744685411453 -0.032441761344671249 -0.12995029985904694
v -0.01906362920999527 -0.032499998807907104 -0.14076443016529083
v -0.028021501377224922 -0.032494213432073593 -0.12540861964225769
v -0.034182298928499222 -0.031563464552164078 -0.11345316469669342
v -0.022805638611316681 -0.032492801547050476 -0.07307751476764679
v -0.032364170998334885 -0.031281940639019012 -0.1263071745634079
v -0.015809031203389168 -0.032499998807907104 -0.14326936006546021
v -0.011422205716371536 -0.032499995082616806 -0.081873685121536255
v -0.014525605365633965 -0.032285556197166443 -0.024631666019558907
v -0.014562894590198994 -0.032499998807907104 -0.077510088682174683
v 0.014661412686109543 -0.010471897199749947 -0.0057659638114273548
v -0.024855723604559898 0.011759735643863678 -0.16754402220249176
v -0.0031878987792879343 0.030137639492750168 -0.098775960505008698
v 0.012227213941514492 -0.031936146318912506 -0.02927529439330101
v 0.011146789416670799 0.02914096787571907 -0.046257391571998596
v -0.028313662856817245 -0.017599757760763168 -0.13683496415615082
v 0.013512512668967247 -0.02822209894657135 -0.12874025106430054
v -0.035489395260810852 -0.030340941622853279 -0.12158358097076416
v 0.012449565343558788 0.028690749779343605 -0.12818184494972229
v 0.012204903177917004 -0.017230644822120667 -0.031972873955965042
v 0.00092234398471191525 -0.0096590509638190269 -0.18220499157905579
v -0.025276187807321548 0.030316626653075218 -0.055705748498439789
v -0.021898293867707253 0.030441027134656906 -0.038192752748727798
v 0.012164002284407616 0.01861303485929966 -0.032877292484045029
v -0.0085665453225374222 0.022891422733664513 -0.18088085949420929
v -0.036833267658948898 -0.014696699567139149 -0.11492201685905457
v -0.017199194058775902 -0.032500170171260834 -0.15457035601139069
v -0.018402334302663803 0.024038843810558319 -0.17544490098953247
v -0.036687776446342468 0.024113498628139496 -0.12226264923810959
v 0.028284046798944473 0.025130895897746086 -0.1569722443819046
v 0.0064595676958560944 0.025245910510420799 -0.12606008350849152
v 0.017980949953198433 0.020579040050506592 -0.17579370737075806
v 0.018522489815950394 0.0022881769109517336 -0.17535616457462311
v 0.014130823314189911 0.013986268080770969 -0.17841941118240356
v 0.0022014216519892216 -0.0075966743752360344 -0.077389486134052277
v 0.019473738968372345 -0.012490969151258469 -0.0017519553657621145
v 0.024672290310263634 -0.012530445121228695 -0.0017499999376013875
v 0.0084647424519062042 0.021282415837049484 -0.12661799788475037
v 0.012964184395968914 0.013713582418859005 -0.018038902431726456
v 0.011988358572125435 0.01557731069624424 -0.036531440913677216
v 0.01571173407137394 0.01758134551346302 -0.0024510528892278671
v 0.012344329617917538 0.0070502320304512978 -0.028588384389877319
v 0.027212508022785187 0.0033696629106998444 -0.0017499999376013875
v 0.012827998027205467 -0.016352782025933266 -0.019526120275259018
v 0.011715027503669262 -0.020335623994469643 -0.040744408965110779
v -0.029656607657670975 0.032492801547050476 -0.13067260384559631
v -0.030205655843019485 0.032399356365203857 -0.12658478319644928
v 0.0051402188837528229 0.0079593202099204063 -0.12579068541526794
v -0.0099036591127514839 0.032499998807907104 -0.14483141899108887
v 0.011847447603940964 0.032499998807907104 -0.15728268027305603
v 0.020428791642189026 -0.032019540667533875 -0.13425962626934052
v -0.037818502634763718 -0.01081849355250597 -0.085715115070343018
v 0.01021686103194952 -0.032106854021549225 -0.051674354821443558
v -0.033918973058462143 0.01173380296677351 -0.00087465997785329819
v 0.0082099111750721931 -0.022809857502579689 -0.12651288509368896
v 0.011893505230545998 -0.032174594700336456 -0.037920806556940079
v 0.011939676478505135 -0.032022930681705475 -0.033921889960765839
v 0.011088103987276554 -0.031811635941267014 -0.047518070787191391
v -0.003498454112559557 -0.031630907207727432 -0.10383722931146622
v 0.0023949116002768278 -0.012648317962884903 -0.076890707015991211
v 0.019657138735055923 -0.032500013709068298 -0.14523263275623322
v 0.019773628562688828 -0.032499998807907104 -0.14875622093677521
v 0.0047327792271971703 -0.031917832791805267 -0.071042351424694061
v 0.0016103239031508565 0.024032736197113991 -0.12196351587772369
v -0.002786298980936408 0.027748163789510727 -0.10228984802961349
v 0.011395536363124847 0.029571564868092537 -0.17979104816913605
v -0.021324111148715019 -0.030492037534713745 -0.017619507387280464
v -0.040708661079406738 0.001221967046149075 -0.0012784574646502733
v -0.02831556461751461 -0.032167579978704453 -0.077120624482631683
v -0.029721513390541077 -0.032137446105480194 -0.080872416496276855
v 0.012351342476904392 -0.008334738202393055 -0.028410512953996658
v -0.041292019188404083 0.0062520611099898815 -0.0021943002939224243
v -0.025087311863899231 -0.013335299678146839 -0.16711162030696869
v -0.027721403166651726 -0.012687806040048599 -0.1600671261548996
v 0.0016253892099484801 -0.00021012348588556051 -0.12533435225486755
v 0.0080459509044885635 0.013755491934716702 -0.060994688421487808
v 0.0030912107322365046 0.019591378048062325 -0.075090967118740082
v -0.026099786162376404 0.032067928463220596 -0.069991588592529297
v 0.0089671844616532326 0.032499998807907104 -0.16454838216304779
v -0.031032232567667961 0.023892533034086227 -0.0021040257997810841
v 0.023837603628635406 0.019055383279919624 -0.16928014159202576
v 0.0034753612708300352 -0.0047523686662316322 -0.074108660221099854
v 0.0024962048046290874 0.032499991357326508 -0.17427767813205719
v -0.017633257433772087 0.031738247722387314 -0.022486153990030289
v -0.018729774281382561 0.031516976654529572 -0.026539897546172142
v -0.00092511216644197702 -0.0022405972704291344 -0.11560551822185516
v 0.011893872171640396 0.031775888055562973 -0.037322677671909332
v -0.0008252029656432569 0.032499998807907104 -0.17164343595504761
v 0.019780907779932022 -0.025106776505708694 -0.13333791494369507
v 0.026304839178919792 -0.029880179092288017 -0.14301323890686035
v 0.02395341545343399 -0.014016643166542053 -0.16914381086826324
v 0.026338770985603333 -0.013720406219363213 -0.16454868018627167
v 0.026423005387187004 -0.0024221877101808786 -0.16428717970848083
v 0.011661806143820286 0.01724543608725071 -0.17968487739562988
v -0.012256712652742863 -0.011317968368530273 -0.17943690717220306
v -0.012742827646434307 -0.0065040690824389458 -0.17917686700820923
v 0.012767075560986996 -0.0053197671659290791 -0.020182408392429352
v 0.0024122809991240501 0.011161720380187035 -0.18213583528995514
v -0.018434526398777962 -0.01174535509198904 -0.17544007301330566
v -0.023885238915681839 -0.015315900556743145 -0.00057917501544579864
v -0.007345947902649641 -0.022415647283196449 0.00024999631568789482
v -0.014593713916838169 -0.018257202580571175 0.00024783794651739299
v -0.0049861213192343712 -0.024944348260760307 0.00024770310847088695
v -0.014349046163260937 -0.022833013907074928 0.00017044904234353453
v -0.041994854807853699 -0.0024976457934826612 -0.06179162859916687
v -0.0064412769861519337 0.031022807583212852 -0.00090017070760950446
v 0.026849059388041496 -0.025910805910825729 -0.14441482722759247
v 0.017091145738959312 -0.016714246943593025 -0.001850724802352488
v -0.036626085638999939 -0.024054169654846191 -0.12762412428855896
v -0.0018976558931171894 0.031245173886418343 -0.0011421156814321876
v 0.0054946755990386009 0.032499998807907104 -0.147939532995224
v 0.0024126984644681215 0.031273063272237778 -0.0010973158059641719
v -0.022914836183190346 0.032500002533197403 -0.12015010416507721
v 0.007017891388386488 0.031021649017930031 -0.00089444941841065884
v -0.0087186768651008606 0.032499991357326508 -0.11979246884584427
v 0.013503644615411758 -0.032485444098711014 -0.15465545654296875
v -0.03626507893204689 -0.02929307334125042 -0.11118952184915543
v -0.030367147177457809 -0.027620835229754448 -0.062665447592735291
v -0.032637007534503937 0.028843924403190613 -0.073990263044834137
v -0.03698788583278656 0.018239066004753113 -0.1062251552939415
v 0.0047734733670949936 -0.024633437395095825 -0.12572269141674042
v -0.023416846990585327 0.029923222959041595 -0.042320974171161652
v -0.02524932473897934 0.011698943562805653 -0.14092400670051575
v -0.027406442910432816 0.004724238533526659 -0.13852156698703766
v -0.035632818937301636 -0.012698212638497353 -0.13263724744319916
v -0.025292465463280678 0.00190526875667274 -0.14018245041370392
v -0.040704879909753799 0.0098690362647175789 -0.016453053802251816
v -0.036585938185453415 0.026997651904821396 -0.10830238461494446
v -0.028695108368992805 -0.032476373016834259 -0.11844463646411896
v -0.029441887512803078 -0.032483886927366257 -0.11465051770210266
v -0.026356443762779236 -0.032496418803930283 -0.12137119472026825
v -0.017198072746396065 0.032499998807907104 -0.099577605724334717
v 0.015209777280688286 0.032499998807907104 -0.15007100999355316
v 0.028265712782740593 -0.022857885807752609 -0.15704174339771271
v -0.02351711317896843 0.0011981857242062688 0.00024999637389555573
v 0.028152694925665855 -0.016132542863488197 -0.15780863165855408
v 0.025510577484965324 -0.009726489894092083 -0.16630688309669495
v 0.023603210225701332 -0.009094633162021637 -0.1696285605430603
v 0.02090403251349926 -0.016748931258916855 -0.17302949726581573
v 0.012369317933917046 -0.015845455229282379 -0.027884393930435181
v 0.014549649320542812 -0.021952100098133087 -0.1781923770904541
v 0.010909833945333958 -0.019545471295714378 -0.18001620471477509
v 0.012464848347008228 0.016014441847801208 -0.025464611127972603
v -0.031523611396551132 -0.032032251358032227 -0.084098979830741882
v 0.011905175633728504 0.032419104129076004 -0.021195385605096817
v 0.0012283532414585352 0.027497779577970505 -0.12034732103347778
v 0.0051030307076871395 0.032309625297784805 -0.12456046044826508
v -0.015106796287000179 -0.01309354230761528 -0.17785653471946716
v -0.0088085029274225235 -0.0089525831863284111 -0.18079651892185211
v -0.012780453078448772 0.032499998807907104 -0.083285562694072723
v -0.0064080585725605488 0.032499346882104874 -0.088846862316131592
v -0.010961215011775494 0.032499998807907104 -0.067901909351348877
v -0.016128811985254288 0.032344624400138855 -0.047168683260679245
v 0.0113867511972785 -0.012561546638607979 -0.044238660484552383
v 0.0092910025268793106 0.032500196248292923 -0.1304813027381897
v -0.0024302678648382425 0.032480895519256592 -0.073776736855506897
v -0.011934179812669754 0.032489363104104996 -0.031654320657253265
v 0.0010472119320183992 0.03236120194196701 -0.12143360078334808
v -0.0075453249737620354 0.032499998807907104 -0.051491405814886093
v 0.0080069368705153465 0.032499998807907104 -0.14052398502826691
v -0.036942996084690094 0.014228596352040768 -0.10367627441883087
v -0.010967358946800232 0.032501272857189178 -0.021340496838092804
v -0.0021269414573907852 0.032499965280294418 -0.068628892302513123
v -0.018464203923940659 0.032499998807907104 -0.08852279931306839
v -0.016814492642879486 0.032499998807907104 -0.084050081670284271
v -0.0036523407325148582 0.032485723495483398 -0.094037629663944244
v -0.012925312854349613 0.032501265406608582 -0.052951846271753311
v 0.011026764288544655 0.022491713985800743 -0.047098681330680847
v -0.022333020344376564 0.032409355044364929 -0.067687682807445526
v -0.024096798151731491 0.031934302300214767 -0.063108272850513458
v -0.028042785823345184 0.0287633016705513 -0.13789555430412292
v -0.021377440541982651 0.03179217129945755 -0.053727623075246811
v 0.016802245751023293 -0.020398952066898346 -0.0017499999376013875
v -0.019058056175708771 0.031776901334524155 -0.042076025158166885
v -0.017011901363730431 0.031997092068195343 -0.037469338625669479
v 0.0009659504285082221 0.014832920394837856 -0.12482915818691254
v 0.012373363599181175 0.027034809812903404 -0.02774306945502758
v -0.0022571010049432516 0.0012183547951281071 -0.18208999931812286
v -0.017505975440144539 -0.032500013709068298 -0.072347305715084076
v -0.021868132054805756 -0.032117880880832672 -0.06048191711306572
v -0.023683210834860802 -0.031330440193414688 -0.056882664561271667
v -0.021342387422919273 -0.032473348081111908 -0.069251678884029388
v -0.025959258899092674 -0.029438028112053871 -0.052964489907026291
v -0.024489132687449455 -0.029785739257931709 -0.047992754727602005
v -0.02307010255753994 -0.030113589018583298 -0.042498916387557983
v -0.017590910196304321 -0.031726915389299393 -0.01505439355969429
v -0.017684625461697578 0.0013319824356585741 -0.17601297795772552
v -0.036912385374307632 -0.013580591417849064 -0.10467245429754257
v -0.020295523107051849 -0.00014133431250229478 -0.17364907264709473
v -0.021026961505413055 0.031576868146657944 -0.049226772040128708
v 0.011269528418779373 0.018381806090474129 -0.045235008001327515
v 0.011295244097709656 -0.01729295589029789 -0.045023150742053986
v 0.012589706107974052 0.0027367817237973213 -0.022931799292564392
v -0.016800269484519958 0.031859211623668671 -0.013607724569737911
v -0.035029791295528412 -0.023415276780724525 -0.069638587534427643
v -0.0030684103257954121 0.0057893544435501099 -0.18202361464500427
v -0.0046039791777729988 0.016463702544569969 -0.18181894719600677
v 0.013345175422728062 0.028372758999466896 -0.0097242947667837143
v -0.0094305817037820816 0.018007013946771622 -0.18056830763816833
v -0.011750773526728153 0.0097860479727387428 -0.1796710342168808
v 0.0029722312465310097 -0.032012056559324265 -0.0022199340164661407
v -0.017265593633055687 0.00478371512144804 -0.17633023858070374
v -0.018359970301389694 0.0082405721768736839 -0.17547740042209625
v -0.022079670801758766 0.0092859650030732155 -0.17167247831821442
v 0.011200720444321632 -0.02249692939221859 -0.045824702829122543
v 0.01238337904214859 -0.019511375576257706 -0.027467628940939903
v -0.025721205398440361 0.0042954105883836746 -0.1659034937620163
v -0.024921480566263199 -0.0085528064519166946 -0.16743177175521851
v -0.026609050109982491 -0.0062478850595653057 -0.16377361118793488
v -0.026279730722308159 -0.028207525610923767 -0.16463492810726166
v 0.019479366019368172 0.015606624074280262 -0.0017526330193504691
v -0.036875531077384949 -0.019445979967713356 -0.067540720105171204
v -0.041372064501047134 -0.0076453192159533501 -0.020729506388306618
v -0.017490511760115623 0.032499998807907104 -0.10628409683704376
v 0.01244388148188591 0.011205465532839298 -0.026016242802143097
v -0.015831707045435905 0.032499998807907104 -0.11039149761199951
v -0.013510326854884624 0.032499998807907104 -0.11452193558216095
v -0.0072443080134689808 0.032499998807907104 -0.12297835946083069
v 0.022909931838512421 -0.010177925229072571 -0.001742260530591011
v 0.0012141312472522259 0.032499998807907104 -0.1316797137260437
v 0.01805383525788784 0.00010728029883466661 -0.0017499999376013875
v -0.0024060539435595274 -0.0087525397539138794 -0.105826735496521
v 0.0076125180348753929 -0.0086346389725804329 -0.062476560473442078
v 0.021079748868942261 -0.01015752274543047 -0.13466484844684601
v 0.0042213629931211472 0.012960270047187805 -0.072188407182693481
v 0.02817450650036335 0.0064006350003182888 -0.14994165301322937
v 0.0092446813359856606 0.0099468333646655083 -0.056387219578027725
v 0.019825175404548645 0.0014643275644630194 -0.13335491716861725
v 0.0075828856788575649 -0.00032940914388746023 -0.062595441937446594
v 0.011845117434859276 0.00073771935421973467 -0.038792982697486877
v 0.0057155904360115528 0.016855128109455109 -0.12589502334594727
v 0.010118613019585609 0.0067106778733432293 -0.052405137568712234
v 0.028125464916229248 -0.015423252247273922 -0.14961875975131989
v 0.027282390743494034 -0.012815230526030064 -0.14574746787548065
v -0.037993233650922775 0.014087093062698841 -0.082234650850296021
v 0.018281208351254463 -0.011750303208827972 -0.13196450471878052
v 0.005917238537222147 0.023680245503783226 -0.067652374505996704
v 0.021742492914199829 -0.0014594353269785643 -0.13544002175331116
v 0.00094571488443762064 0.015932563692331314 -0.08078368753194809
v 0.028293678537011147 0.011664088815450668 -0.15106086432933807
v 0.02749147079885006 0.014132058247923851 -0.14652727544307709
v 0.0094178784638643265 0.0045946948230266571 -0.055670183151960373
v 0.0052865524776279926 -0.0065118791535496712 -0.069381967186927795
v 0.001635001739487052 0.002702231053262949 -0.078883543610572815
v 0.013897905126214027 -0.026414308696985245 -0.0035083580296486616
v 0.00054140255087986588 0.0093126753345131874 -0.12532773613929749
v 0.02747378870844841 0.029715467244386673 -0.14678758382797241
v 0.019498860463500023 0.0090339882299304008 -0.133058100938797
v -0.0065308199264109135 -0.032498177140951157 -0.17425067722797394
v 0.023206423968076706 -0.032464273273944855 -0.16363275051116943
v 0.012578216381371021 -0.032499998807907104 -0.13953684270381927
v -0.0096028568223118782 -0.032499998807907104 -0.10734598338603973
v 0.016275784000754356 -0.032499998807907104 -0.1477968692779541
v 0.026632282882928848 -0.032080445438623428 -0.15105251967906952
v 0.014237088151276112 -0.032499495893716812 -0.1350797563791275
v 0.0066514047794044018 -0.032451257109642029 -0.064915895462036133
v 0.011706150136888027 -0.032011561095714569 -0.040856856852769852
v 0.0036819467786699533 -0.032501243054866791 -0.1676337867975235
v 0.002966772997751832 -0.032425735145807266 -0.17947566509246826
v -0.014882808551192284 -0.0325009785592556 -0.15855957567691803
v 0.012624086812138557 0.021419228985905647 -0.12827855348587036
v -0.0011549524497240782 0.0063348719850182533 -0.088442392647266388
v -0.023341665044426918 -0.018844209611415863 -0.16998112201690674
v 0.012513462454080582 0.0065760896541178226 -0.024267688393592834
v -0.025302104651927948 -0.032479148358106613 -0.080215044319629669
v -0.026824017986655235 0.013513260520994663 -0.14425796270370483
v -0.011883063241839409 -0.03248877078294754 -0.013859733939170837
v -0.0025572290178388357 -0.0053518465720117092 -0.10174823552370071
v -0.019100327044725418 0.012746937572956085 -0.17481160163879395
v -0.020395580679178238 0.020286919549107552 -0.17354841530323029
v 0.016932707279920578 -0.032396662980318069 -0.17438051104545593
v 0.015293119475245476 0.0054283975623548031 -0.0023293453268706799
v -0.016528042033314705 0.019973428919911385 -0.17688484489917755
v -0.0089364685118198395 -0.018812650814652443 -0.18075005710124969
v -0.0022872372064739466 0.01854284480214119 -0.096767418086528778
v -0.02831014059484005 -0.011388214305043221 -0.13748098909854889
v 0.00046620785724371672 0.0077994717285037041 -0.18220193684101105
v 0.0031217855866998434 0.020767604932188988 -0.18200777471065521
v -0.0036987604107707739 0.032500237226486206 -0.12469987571239471
v -0.0097357528284192085 0.032499998807907104 -0.115847148001194
v -0.014322247356176376 0.032499998807907104 -0.1062292754650116
v -0.04210793599486351 -0.0045209932141005993 -0.013921761885285378
v -0.036701593548059464 -0.02441016398370266 -0.09485509991645813
v 0.020285004749894142 -0.032499998807907104 -0.16147488355636597
v -0.010252581909298897 0.032501686364412308 -0.17421357333660126
v -0.040397472679615021 0.010426521301269531 -0.064119040966033936
v -0.0051917918026447296 0.032499998807907104 -0.17300954461097717
v -0.04241504892706871 -0.0011968770995736122 -0.012036637403070927
v 0.0068196440115571022 0.011209679767489433 -0.18133941292762756
v 0.021804116666316986 -0.032495561987161636 -0.15184979140758514
v 0.012476065196096897 -0.028169441968202591 -0.024732047691941261
v -0.0017720273463055491 -0.037148900330066681 -0.16198538243770599
v -0.028160456568002701 -0.032108698040246964 -0.1378428041934967
v 0.022791987285017967 0.017065053805708885 -0.00072715879650786519
v -0.014604737050831318 0.032251760363578796 -0.010834540240466595
v -0.0062621915712952614 -0.035659492015838623 -0.16014356911182404
v 0.015801742672920227 -0.032499987632036209 -0.16580048203468323
v 0.0103721609339118 -0.032499998807907104 -0.17210724949836731
v -0.017037298530340195 -0.032500036060810089 -0.16528737545013428
v -0.027595864608883858 -0.027100112289190292 -0.044329062104225159
v -0.032588236033916473 -0.022476609796285629 -0.045954786241054535
v -0.0019226011354476213 0.0074237650260329247 -0.10956506431102753
v -0.030632087960839272 0.024553216993808746 -0.017282221466302872
v -0.034523904323577881 0.031006624922156334 -0.12507611513137817
v -0.029617130756378174 -0.025081688538193703 -0.03984813392162323
v 0.0054259947501122952 -0.033331137150526047 -0.14433391392230988
v -0.0024232284631580114 0.013914108276367188 -0.10640223324298859
v -0.028769832104444504 -0.026052707806229591 -0.016969732940196991
v -0.027714215219020844 -0.026590626686811447 -0.028957098722457886
v -0.028492413461208344 -0.031152911484241486 -0.14792586863040924
v -0.01204964704811573 -0.032499998807907104 -0.10365255922079086
v -0.017423169687390327 -0.032499998807907104 -0.086226359009742737
v -0.016481770202517509 -0.03227904811501503 -0.046185880899429321
v -0.01582380011677742 -0.032499998807907104 -0.089954651892185211
v -0.021490326151251793 -0.03249981626868248 -0.084022030234336853
v -0.014418243430554867 -0.032499998807907104 -0.11774343997240067
v -0.019179260358214378 -0.032499998807907104 -0.1169440820813179
v -0.019011985510587692 -0.032499998807907104 -0.10821115225553513
v 0.011854579672217369 0.031927205622196198 -0.030931375920772552
v 0.0092949960380792618 0.032279562205076218 -0.056224234402179718
v -0.014216227456927299 -0.032499998807907104 -0.10756202042102814
v 0.0092991013079881668 0.032440971583127975 -0.12687204778194427
v -0.0026766534429043531 0.032499998807907104 -0.020877363160252571
v 0.0096755465492606163 0.032480720430612564 -0.051745939999818802
v -0.026952352374792099 -0.0017367866821587086 -0.13819164037704468
v 0.0048462329432368279 -0.032501116394996643 -0.13897065818309784
v 0.0046654539182782173 0.03249790146946907 -0.057563517242670059
v 0.0069632520899176598 0.032499581575393677 -0.020284175872802734
v -0.0039077447727322578 0.032499998807907104 -0.040449377149343491
v -0.0076071154326200485 0.032497566193342209 -0.0054273065179586411
v 5.5162274747999618e-07 0.032499998807907104 -0.018464233726263046
v -0.0019769049249589443 0.032499998807907104 -0.025129346176981926
v 0.0022915971931070089 0.028415324166417122 -0.077112078666687012
v -0.018127812072634697 -0.025804372504353523 -0.00082481722347438335
v -0.028443900868296623 -0.026932796463370323 -0.049507018178701401
v -0.021355433389544487 0.030469397082924843 -0.0069270632229745388
v -0.020823173224925995 0.030677655711770058 -0.011407057754695415
v -0.010166396386921406 0.032499998807907104 -0.16678549349308014
v 0.0032666211482137442 0.032499998807907104 -0.16998136043548584
v 0.015233065001666546 0.032499998807907104 -0.16825282573699951
v 0.012640981003642082 -0.02673608623445034 -0.020056182518601418
v -0.0023476295173168182 -0.00090897118207067251 -0.098027363419532776
v -0.020742444321513176 0.023901214823126793 -0.00085890106856822968
v 0.012992512434720993 -0.002467273036018014 -0.017829433083534241
v 0.0058620343916118145 -0.032499998807907104 -0.17183919250965118
v -0.034795209765434265 -0.020645787939429283 -0.0070173959247767925
v -0.0027811562176793814 -0.028557712212204933 -0.09728570282459259
v -0.029766911640763283 -0.029906364157795906 -0.06771223247051239
v -0.027537101879715919 0.032301537692546844 -0.078624151647090912
v -0.025316577404737473 -0.0037174872122704983 -0.14053018391132355
v -0.0093031143769621849 -0.032500013709068298 -0.046920470893383026
v -0.031926862895488739 -0.030634870752692223 -0.077803529798984528
v -0.032545186579227448 -0.022286064922809601 -0.041848622262477875
v -0.032690860331058502 -0.022596968337893486 -0.016540659591555595
v -0.034133333712816238 -0.020440487191081047 -0.034015312790870667
v -0.028645304962992668 0.028167134150862694 -0.057743571698665619
v -0.026757253333926201 0.02752181701362133 -0.017565205693244934
v -0.0050572562031447887 -0.032498415559530258 -0.12004406750202179
v -0.022802699357271194 0.029865646734833717 -0.018211135640740395
v -0.0086606331169605255 -0.032500009983778 -0.086157478392124176
v -0.025834565982222557 0.028084499761462212 -0.038804817944765091
v 0.0089396368712186813 -0.033111091703176498 -0.14665967226028442
v 0.012737921439111233 0.015153882093727589 0.00024999992456287146
v -0.042160172015428543 0.0037904332857578993 -0.037503853440284729
v -0.042393382638692856 0.0010597833897918463 -0.02022809162735939
v -0.03690197691321373 0.01430845633149147 -0.10771285742521286
v -0.025875808671116829 0.027922496199607849 -0.029669500887393951
v -0.028500000014901161 0.031726978719234467 -0.14139360189437866
v -0.035060867667198181 0.022864919155836105 -0.067544996738433838
v -0.034769654273986816 0.021326906979084015 -0.058127973228693008
v -0.033599533140659332 0.022081021219491959 -0.053041916340589523
v -0.032615240663290024 -0.026634562760591507 -0.06790662556886673
v -0.034671962261199951 -0.030293447896838188 -0.090189307928085327
v -0.033725593239068985 -0.026162829250097275 -0.071461573243141174
v -0.034903615713119507 -0.019506867974996567 -0.040194742381572723
v -0.0017320085316896439 0.032499372959136963 -0.17604993283748627
v -0.035071831196546555 -0.019253509119153023 -0.036746583878993988
v -0.00097609666408970952 -0.032499495893716812 -0.17600739002227783
v 0.013441989198327065 -0.0017903909320011735 -0.013339435681700706
v -0.0026837803889065981 0.027541793882846832 -0.10683145374059677
v -0.0076704705134034157 -0.032502427697181702 -0.10386177897453308
v -0.036773610860109329 0.018044270575046539 -0.12241081148386002
v -0.036755401641130447 -0.017872225493192673 -0.12372846156358719
v -0.025336688384413719 -0.028534345328807831 -0.0051378114148974419
v 0.014041654765605927 -0.017887016758322716 -0.0089622726663947105
v -0.027575716376304626 0.027020428329706192 -0.043150704354047775
v -0.0099808638915419579 -0.032156199216842651 -0.17891809344291687
v 0.017196573317050934 -0.032499995082616806 -0.15179902315139771
v -0.017053289338946342 -0.032502193003892899 -0.16931682825088501
v -0.000402122299419716 0.0017322653438895941 -0.11818630248308182
v -0.020268045365810394 -0.032500520348548889 -0.15853399038314819
v -0.040935710072517395 -0.0059392331168055534 -0.06862175464630127
v -0.041077837347984314 -0.008370937779545784 -0.032535530626773834
v -0.040304239839315414 -0.01040475070476532 -0.035658225417137146
v -0.033330205827951431 0.0045017777010798454 -0.13357584178447723
v -0.028349105268716812 0.027526099234819412 -0.15592293441295624
v -0.037078488618135452 -0.019981482997536659 -0.08297429233789444
v -0.037743445485830307 -0.016902079805731773 -0.079736776649951935
v -0.0014658217551186681 -0.040999848395586014 -0.15357646346092224
v -0.036977667361497879 -0.02206169068813324 -0.099599987268447876
v -0.011990176513791084 -0.0324818454682827 -0.14694279432296753
v -0.039376627653837204 -0.012861587107181549 -0.049992918968200684
v -0.038312308490276337 -0.014651983045041561 -0.046018898487091064
v 0.0086687542498111725 0.028149209916591644 -0.12666398286819458
v -0.036988340318202972 -0.020820079371333122 -0.092247374355792999
v -0.040435671806335449 -0.010168119333684444 -0.045769244432449341
v -0.037553798407316208 -0.018348600715398788 -0.075793899595737457
v -0.037808544933795929 -0.0064488467760384083 -0.086626224219799042
v -0.036573164165019989 -0.0061877192929387093 -0.12816783785820007
v -0.035954169929027557 0.029442770406603813 -0.12012533098459244
v -0.042021933943033218 0.0050428998656570911 -0.007719716988503933
v -0.024035194888710976 0.029213670641183853 -0.014088653959333897
v 0.0047393147833645344 0.012143422849476337 -0.12571977078914642
v -0.021910449489951134 0.032499998807907104 -0.11672757565975189
v 0.0052194129675626755 0.02715180441737175 -0.069562837481498718
v -0.030553711578249931 -0.032384414225816727 -0.098061248660087585
v 0.0056841187179088593 -0.015936832875013351 0.00024999934248626232
v -0.010433129034936428 -0.01566171832382679 0.00024999934248626232
v -0.024622973054647446 0.0077458429150283337 -0.16798654198646545
v -0.03516753762960434 -0.019509840756654739 -0.023524152114987373
v 0.0076077575795352459 0.032499998807907104 -0.16853544116020203
v -0.034570354968309402 -0.020035853609442711 -0.02929646335542202
v -0.035480927675962448 -0.019297352060675621 -0.018873825669288635
v -0.032457243651151657 0.022352850064635277 -0.029852209612727165
v -0.032961174845695496 0.025319360196590424 -0.065049819648265839
v -0.029272271320223808 0.025342699140310287 -0.029386790469288826
v -0.030974870547652245 0.023940017446875572 -0.041490919888019562
v -0.030104828998446465 -0.024573437869548798 -0.035708960145711899
v 0.026646250858902931 0.032393015921115875 -0.16001757979393005
v -0.031830683350563049 -0.028937779366970062 -0.071154035627841949
v -0.033247865736484528 -0.030242821201682091 -0.081399030983448029
v -0.03074343316257 -0.026048660278320312 -0.057858332991600037
v -0.0024151310790330172 0.011514323763549328 -0.098976284265518188
v -0.0023018214851617813 0.027038263157010078 -0.095115087926387787
v -0.035185981541872025 0.025420714169740677 -0.07743556797504425
v 0.010059819556772709 0.009037449024617672 -0.12715376913547516
v -0.011355527676641941 0.025096535682678223 -0.17984296381473541
v 0.012123976834118366 -0.025372697040438652 -0.033814374357461929
v 0.012551124207675457 -0.024499019607901573 -0.02301507443189621
v 0.01155816949903965 0.028425680473446846 -0.042569883167743683
v 0.012654694728553295 0.027141634374856949 -0.019542640075087547
v 0.012434815987944603 0.023355936631560326 -0.026197753846645355
v -0.033810190856456757 0.020823875442147255 -0.034682054072618484
v -0.0038154246285557747 0.032499998807907104 -0.16871920228004456
v -0.00788832176476717 0.010800693184137344 0.00025000001187436283
v 0.01407182402908802 0.019895361736416817 0.00025337119586765766
v -0.010001684539020061 -0.032500039786100388 -0.136932373046875
v -0.020157614722847939 -0.031745258718729019 -0.04679425060749054
v -0.032811492681503296 0.026772327721118927 -0.068875253200531006
v -0.040624190121889114 -0.0097786402329802513 -0.06249091774225235
v -0.017303409054875374 0.032499998807907104 -0.16464665532112122
v -0.035776205360889435 0.026582187041640282 -0.086268700659275055
v -0.035834930837154388 -0.027105165645480156 -0.088635899126529694
v 0.0031046636868268251 -0.032209739089012146 -0.075139828026294708
v 0.027520971372723579 0.021619191393256187 -0.16097687184810638
v -0.0023158527910709381 0.0029166883323341608 -0.10670279711484909
v -0.042102158069610596 -0.004405648447573185 -0.021267324686050415
v -0.041837602853775024 -0.0056563811376690865 -0.024998392909765244
v 0.0094471750780940056 -0.010347246192395687 -0.12692432105541229
v 0.0097365668043494225 -0.00060119404224678874 -0.12701648473739624
v 0.0083526121452450752 -0.0052674571052193642 -0.12658317387104034
v -0.032936852425336838 -0.015205920673906803 -0.000892620999366045
v -0.036512013524770737 -0.0014496218645945191 -0.12356267869472504
v -0.021638348698616028 0.032049126923084259 -0.058926280587911606
v -0.010297994129359722 0.032499998807907104 -0.072561897337436676
v -0.024499280378222466 -0.032165162265300751 -0.16513851284980774
v -0.03544306755065918 0.01888696476817131 -0.030359445139765739
v -0.036772981286048889 0.022555479779839516 -0.088875889778137207
v -0.0080694481730461121 0.032499998807907104 -0.16967420279979706
v -0.037678427994251251 -0.016641015186905861 -0.0065384390763938427
v 0.012518825940787792 -0.016945565119385719 -0.023908887058496475
v 0.026828106492757797 -0.03153565526008606 -0.16210712492465973
v 0.02780967578291893 0.013800468295812607 -0.15963205695152283
v -0.035962466150522232 0.018178453668951988 -0.041561309248209
v -0.038966763764619827 -0.013717428781092167 -0.023695727810263634
v -0.031260687857866287 0.032173067331314087 -0.089000217616558075
v -0.013532781973481178 0.032499998807907104 -0.1658933162689209
v 0.012730209156870842 -0.032497752457857132 -0.17570194602012634
v -0.024641025811433792 -0.032499998807907104 -0.11668886244297028
v -0.013235283084213734 0.016424987465143204 0.00025000001187436283
v -0.003197304904460907 -0.032131936401128769 -0.11131847649812698
v 0.0020203799940645695 -0.02567753940820694 -0.12388125061988831
v 0.027657827362418175 0.0090136406943202019 -0.16040557622909546
v 0.0052941623143851757 -0.032499823719263077 -0.058478012681007385
v 0.026426728814840317 0.0068419706076383591 -0.16426517069339752
v -0.0016689696349203587 -0.031504236161708832 -0.088591292500495911
v 0.0059381122700870037 -0.032499291002750397 -0.05419718474149704
v -0.0025908607058227062 -0.032499998807907104 -0.058139096945524216
v -0.0014763491926714778 -0.032499998807907104 -0.022242525592446327
v -0.0035945100244134665 -0.032499998807907104 -0.032539449632167816
v -0.0077523095533251762 -0.032500028610229492 -0.014399509876966476
v 0.00020988602773286402 -0.032499998807907104 -0.040281433612108231
v 0.0023616587277501822 -0.032499998807907104 -0.019164638593792915
v -0.033596765249967575 0.031720679253339767 -0.091890439391136169
v -0.03359680250287056 0.019595613703131676 -0.0011501690605655313
v -0.020868923515081406 -0.032508589327335358 -0.16728547215461731
v 0.0077321399003267288 -0.032503940165042877 -0.17664036154747009
v -0.014832258224487305 0.024441024288535118 -0.17803238332271576
v 0.016676533967256546 0.032505642622709274 -0.17229069769382477
v -0.042150828987360001 0.0042822747491300106 -0.021516559645533562
v 0.0044562844559550285 0.014099094085395336 -0.18178239464759827
v -0.0021185227669775486 -0.006143906619399786 -0.18209725618362427
v -0.0058526215143501759 -0.0066295559518039227 -0.18156439065933228
v 0.015010266564786434 -0.014964355155825615 -0.0055313720367848873
v -0.022387903183698654 0.015557387843728065 -0.17128555476665497
v -0.026808442547917366 0.012694325298070908 -0.16319404542446136
v 0.0042866370640695095 0.027406243607401848 0.00024260816280730069
v -0.015833307057619095 0.0078411363065242767 0.00025000001187436283
v 0.0016614809865131974 0.019727809354662895 0.00025000001187436283
v -0.005801208782941103 0.01953432708978653 0.00025000001187436283
v -0.020431714132428169 0.0027487936895340681 0.00024999852757900953
v 0.0078141652047634125 0.032493133097887039 -0.0081229964271187782
v -0.00021896995895076543 0.032499998807907104 -0.0094381291419267654
v 0.0069851274602115154 -0.005446010734885931 -0.18130642175674438
v -0.0032298045698553324 0.032499998807907104 -0.016911718994379044
v 0.006258801557123661 0.032499302178621292 -0.012401020154356956
v 0.00019416138820815831 0.032492309808731079 -0.0052517950534820557
v -0.0038838398177176714 0.032491240650415421 -0.0040053999982774258
v 0.0019750839564949274 0.032499976456165314 -0.054651699960231781
v 0.0041481764055788517 0.032499998807907104 -0.035281918942928314
v 0.0072132949717342854 0.032498497515916824 -0.024959834292531013
v -0.036074820905923843 0.013181239366531372 -0.13184817135334015
v -0.0091224778443574905 -0.030984312295913696 -0.00094933289801701903
v -0.039765346795320511 -0.012165376916527748 -0.019577182829380035
v -0.0014685536734759808 -0.024629738181829453 -0.089889153838157654
v -0.03955589234828949 0.012940444052219391 -0.012275595217943192
v -0.039808072149753571 0.012041914276778698 -0.02006925456225872
v -0.0021169292740523815 -0.00151801947504282 -0.108152836561203
v -0.027817802503705025 -0.0083429897204041481 -0.15961229801177979
v -0.027121299877762794 -0.024179462343454361 -0.16229307651519775
v -0.024964286014437675 -0.0033747800625860691 -0.16734626889228821
v 0.023370830342173576 0.032522805035114288 -0.15557600557804108
v -0.00099783483892679214 -0.0024656970053911209 -0.1821637898683548
v -0.022578291594982147 -0.0018622814677655697 -0.17103017866611481
v -0.037690594792366028 0.015642197802662849 -0.030506175011396408
v -0.025051582604646683 0.032500013709068298 -0.10170631110668182
v -0.037707339972257614 -0.015616649761795998 -0.030478300526738167
v -0.037262331694364548 -0.016654642298817635 -0.04941091313958168
v -0.035404503345489502 0.0262000672519207 -0.081784427165985107
v -0.017709566280245781 -0.032499998807907104 -0.13295586407184601
v -0.036945611238479614 -0.017997307702898979 -0.058151893317699432
v 0.00026833362062461674 -0.0094455797225236893 -0.1220087930560112
v -0.035254593938589096 -0.024053022265434265 -0.07367706298828125
v 0.018482886254787445 -0.0075408597476780415 -0.13214306533336639
v 0.00057534733787178993 0.0057821460068225861 -0.081993110477924347
v 0.0271945521235466 0.0041892779991030693 -0.14542725682258606
v -0.02785770408809185 0.024413719773292542 -0.15940019488334656
v -0.027984371408820152 0.013951858505606651 -0.14864759147167206
v 0.0075905448757112026 0.0039317621849477291 -0.062563948333263397
v 0.027373550459742546 0.018188944086432457 -0.14608292281627655
v 0.022461125627160072 0.0027039849665015936 -0.13631157577037811
v 0.01773369312286377 0.0044559268280863762 -0.13151054084300995
v 0.0048658852465450764 0.0067747617140412331 -0.18170343339443207
v 0.012266745790839195 0.0026878074277192354 -0.03051033616065979
v 0.0076264627277851105 -0.0045783380046486855 -0.062445841729640961
v 0.021331559866666794 -0.0057156537659466267 -0.13493593037128448
v -0.0023814619053155184 0.032150372862815857 -0.090562969446182251
v -0.0024564159102737904 -0.0044197835959494114 -0.10568374395370483
v 0.028175672516226768 0.017245510593056679 -0.14991268515586853
v -0.015002241358160973 0.032499998807907104 -0.092222519218921661
v 0.017067883163690567 0.012285014614462852 -0.13098084926605225
v 0.0095276907086372375 0.00010890039266087115 -0.055196240544319153
v 0.028157433494925499 0.0016835031565278769 -0.14979581534862518
v 0.00523710111156106 -0.011259971186518669 -0.069524511694908142
v 0.0014211821835488081 -0.001110025797970593 -0.079451940953731537
v 0.024637959897518158 0.014245878905057907 -0.13956832885742188
v 0.0069612730294466019 0.023293204605579376 -0.18131124973297119
v -0.036810863763093948 0.018039872869849205 -0.0069133508950471878
v 0.019225500524044037 -0.016121461987495422 0.00025613466277718544
v -0.022394994273781776 -0.032500017434358597 -0.13298097252845764
v -0.030613940209150314 -0.032156180590391159 -0.12179673463106155
v -0.042186852544546127 0.0036217020824551582 -0.052049189805984497
v 0.01329395268112421 0.019433874636888504 -0.012971020303666592
v 0.0089718606323003769 0.032410580664873123 -0.0043150540441274643
v -0.041801430284976959 0.0056476038880646229 -0.043729312717914581
v -0.042177621275186539 -0.0039085890166461468 -0.052687615156173706
v -0.037999346852302551 0.016539333388209343 -0.077502861618995667
v -0.040773700922727585 -0.009233393706381321 -0.04051363468170166
v -0.039308946579694748 -0.013604477047920227 -0.060818322002887726
v -0.04089818149805069 -0.0090333940461277962 -0.028553599491715431
v -0.04143182560801506 -0.007773770485073328 -0.0064977663569152355
v -0.036886423826217651 -0.022768089547753334 -0.10820484161376953
v -0.041796337813138962 0.0057401349768042564 -0.02541646733880043
v -0.041328068822622299 0.0078217014670372009 -0.051921222358942032
v 0.019278990104794502 0.030239108949899673 -0.17444619536399841
v 0.0014401004882529378 -0.0095891579985618591 0.00025000001187436283
v -0.0026178394909948111 0.013076008297502995 -0.10289238393306732
v 0.023227320984005928 0.0044657136313617229 0.00024915862013585865
v 0.010619890876114368 0.021852938458323479 -0.18012668192386627
v 0.014402758330106735 0.020988123491406441 -0.17826834321022034
v 0.0072201411239802837 0.00045417415094561875 0.00025000001187436283
v 0.014449601992964745 0.00085135200060904026 -0.1782507598400116
v 0.022007383406162262 0.0017786526586860418 -0.17179425060749054
v 0.024305321276187897 0.0018551305402070284 -0.16852732002735138
v 0.023352824151515961 0.0052233794704079628 -0.16996926069259644
v -0.0024857455864548683 -0.010366188362240791 -0.10065879672765732
v -0.024516617879271507 -0.032499980181455612 -0.12450065463781357
v -0.026813728734850883 -0.0060805734246969223 -0.14429454505443573
v -0.028429551050066948 0.0037445519119501114 -0.15386223793029785
v -0.02752934955060482 0.0095557849854230881 -0.16100774705410004
v 0.018386997282505035 0.0102768549695611 0.00024999779998324811
v -0.025216910988092422 -0.017154209315776825 -0.1405194103717804
v -0.028396880254149437 -0.008130950853228569 -0.1549680233001709
v 0.00380163942463696 0.025055306032299995 -0.18190225958824158
v 0.0031915924046188593 0.032499998807907104 -0.15030571818351746
v -0.009082479402422905 0.032499998807907104 -0.14106477797031403
v -0.02810981497168541 0.0042736283503472805 -0.14927630126476288
v -0.027805667370557785 -0.027747040614485741 -0.15986800193786621
v 0.028426183387637138 0.0077634435147047043 -0.15353435277938843
v -0.023504901677370071 0.032437048852443695 -0.16401220858097076
v 0.025179212912917137 0.032598309218883514 -0.14897738397121429
v 0.022334370762109756 0.032302908599376678 -0.13712576031684875
v -0.0086325043812394142 0.0015120090683922172 0.00025000001187436283
v -0.024100827053189278 -0.032498624175786972 -0.14794258773326874
v -0.028338689357042313 0.031733352690935135 -0.14752539992332458
v -0.030381139367818832 0.030218759551644325 -0.13422077894210815
v -0.030082482844591141 -0.031601142138242722 -0.13386806845664978
v -0.0014155278913676739 -0.011281873099505901 -0.11326580494642258
v 0.00024927873164415359 -0.041036374866962433 -0.15820798277854919
v -0.037029169499874115 0.018984396010637283 -0.065976269543170929
v -0.036229852586984634 -0.024296358227729797 -0.085516713559627533
v 0.00093506724806502461 0.032499998807907104 -0.057602684944868088
v -0.030644642189145088 -0.032425437122583389 -0.1100112572312355
v -0.00028235575882717967 0.011056453920900822 0.00025000001187436283
v -0.023026362061500549 -0.019525125622749329 -0.00074828858487308025
v -0.0043479735031723976 0.032499998807907104 -0.036783672869205475
v -0.010081255808472633 0.032500002533197403 -0.017159905284643173
v -0.0018349308520555496 0.032499998807907104 -0.029581302776932716
v -0.029013007879257202 0.0044745597988367081 -0.00058825046289712191
v -0.01114172674715519 -0.0072732330299913883 0.00025000001187436283
v -0.011329649016261101 0.032499998807907104 -0.15324157476425171
v 0.021769434213638306 -0.0068177715875208378 0.00023580365814268589
v -0.0023860379587858915 -0.024525858461856842 -0.09773331880569458
v -0.036320522427558899 0.022965162992477417 -0.08030875027179718
v 0.027021368965506554 0.017032219097018242 -0.16259706020355225
v 0.019264275208115578 0.016616277396678925 -0.17468622326850891
v 0.017850089818239212 -0.019547073170542717 -0.17590951919555664
v -0.02706347219645977 0.032445389777421951 -0.083063296973705292
v -0.018909510225057602 -0.0078625790774822235 0.000249999895459041
v -0.0022760513238608837 0.0045006093569099903 -0.096603542566299438
v 0.0018674170132726431 0.0067514078691601753 -0.078268714249134064
v 0.01242500077933073 0.0038443645462393761 -0.026502879336476326
v 0.0025707769673317671 0.015166819095611572 -0.076445870101451874
v 0.0020871488377451897 -0.003746106056496501 -0.07768414169549942
v 0.0052662249654531479 -0.00086986267706379294 -0.1258225291967392
v 0.0050968765281140804 -0.0092678219079971313 -0.12579400837421417
v 0.01397277507930994 -0.00015698761853855103 -0.008867163211107254
v 0.023638252168893814 -0.018150888383388519 -0.1379096508026123
v -0.0086281336843967438 -0.013691206462681293 -0.180861696600914
v 0.014512515626847744 0.010108555667102337 -0.17821881175041199
v 0.022228440269827843 0.0089187696576118469 -0.17149032652378082
v 0.021067438647150993 0.02002590149641037 -0.17287839949131012
v 0.019514394924044609 -0.0062255882658064365 -0.17443530261516571
v -0.014914875850081444 0.0070511205121874809 -0.17797420918941498
v 0.003193405456840992 -0.027650173753499985 0.00022587682178709656
v 0.014870983548462391 0.0053805387578904629 -0.17799906432628632
v 0.0073107662610709667 0.032499998807907104 -0.15765751898288727
v -0.0405266173183918 0.01070538442581892 -0.0068301898427307606
v 0.016920736059546471 -0.0062101422809064388 0.00024997041327878833
v -0.038858819752931595 -0.0029819929040968418 -0.00088896049419417977
v 0.01478650514036417 0.0118110291659832 0.00025000001187436283
v 0.025462668389081955 -0.0066383401863276958 0.0001237537944689393
v -0.00011686152720358223 0.0063779475167393684 0.00025000001187436283
v 0.0055525172501802444 0.023083236068487167 0.00024999122251756489
v -0.029596284031867981 -0.023003235459327698 -0.13541138172149658
v 0.0063155470415949821 -0.040149223059415817 -0.15731175243854523
v 0.0024739701766520739 -0.040836509317159653 -0.14823341369628906
v 0.012439059093594551 0.00012627580144908279 -0.026135629042983055
v 0.0054628965444862843 0.032497446984052658 -0.17651315033435822
v 0.024691799655556679 -0.0028240946121513844 0.00020092054910492152
v -0.018657293170690536 -0.0036188559606671333 0.000249999895459041
v -0.029153475537896156 0.032482415437698364 -0.10265142470598221
v -0.018166687339544296 -0.0021751639433205128 -0.17564564943313599
v -0.026155583560466766 0.032498050481081009 -0.12853045761585236
v -0.026631372049450874 0.032499045133590698 -0.11789264529943466
v 0.0020418255589902401 0.032499998807907104 -0.14685641229152679
v -0.012381072156131268 0.032499998807907104 -0.13865599036216736
v 0.0085004661232233047 0.0063680014573037624 0.00025000001187436283
v -0.035656135529279709 -0.012428664602339268 -0.00093280529836192727
v -0.00040118099423125386 -0.018693821504712105 -0.1821969747543335
v -0.035930663347244263 0.015692148357629776 -0.0010968035785481334
v 0.022507226094603539 0.0081414356827735901 0.00024999983725138009
v 0.0024617610033601522 -0.00026200577849522233 0.00025000001187436283
v 0.0010198944946750998 -0.032499998807907104 -0.13666297495365143
v 0.013196734711527824 -0.0025203726254403591 -0.17892467975616455
v 0.0038076834753155708 -0.037902045994997025 -0.14634762704372406
v 0.012105965986847878 0.0021336826030164957 0.00025000001187436283
v 0.022604528814554214 0.023045320063829422 -0.17098462581634521
v 0.020607519894838333 0.0024002834688872099 0.00025000001187436283
v -0.0030512299854308367 0.032499998807907104 -0.13536311686038971
v 0.00086746248416602612 0.024475861340761185 -0.081011742353439331
v 0.02746259793639183 -0.0038190486375242472 -0.16119194030761719
v 0.021991437301039696 0.01330608781427145 0.00026087771402671933
v -0.0014429966686293483 0.031557686626911163 -0.11650743335485458
v 0.0052933068946003914 0.032500166445970535 -0.1289048045873642
v -0.0079623153433203697 0.032501380890607834 -0.10924871265888214
v -0.01083625853061676 0.032499998807907104 -0.094027802348136902
v -0.002056242898106575 0.032471664249897003 -0.078510932624340057
v -0.034698758274316788 -0.0070199565961956978 -0.13312666118144989
v -0.025305129587650299 0.01533973403275013 -0.14001442492008209
v -0.035889357328414917 -0.017472971230745316 -0.13218449056148529
v -0.03182726725935936 -0.010782758705317974 -0.13398998975753784
v -0.027695272117853165 0.028761090710759163 -0.16018155217170715
v -0.038427550345659256 -0.0033310139551758766 -0.0831037238240242
v -0.036561500281095505 -0.0050538242794573307 -0.1203826367855072
v -0.0366862453520298 -0.009927753359079361 -0.11824864149093628
v -0.036518029868602753 -0.0021186391822993755 -0.12746091187000275
v 0.013695760630071163 0.025159427896142006 -0.0012759278761222959
v 0.0080602839589118958 -0.028206897899508476 -0.060949370265007019
v -0.025979142636060715 -0.032499998807907104 -0.11157164722681046
v -0.0072496933862566948 -0.0079040499404072762 0.00025000001187436283
v 0.0084124887362122536 -0.032495740801095963 -0.14053283631801605
v -0.011334727518260479 0.032499998807907104 -0.12336408346891403
v -0.013136046938598156 0.032499998807907104 -0.14261500537395477
v -0.027007739990949631 0.032491698861122131 -0.13284806907176971
v -0.025706754997372627 0.03249814361333847 -0.1234438419342041
v -0.011319213546812534 0.032499998807907104 -0.134703129529953
v -0.036477867513895035 0.027872780337929726 -0.12431173026561737
v -0.027579255402088165 -0.0044167749583721161 -0.16077157855033875
v 0.028447490185499191 -0.015579776838421822 -0.1535494327545166
v -0.027914777398109436 -0.019818894565105438 -0.14825785160064697
v -0.025269782170653343 0.026295697316527367 -0.16676738858222961
v -0.013143608346581459 0.032499998807907104 -0.12766346335411072
v -0.011377592571079731 -0.0026924023404717445 -0.17982055246829987
v -0.016707329079508781 0.028042880818247795 -0.17673894762992859
v -0.002559345681220293 0.027714364230632782 -0.18209144473075867
v 0.023277398198843002 -0.019264085218310356 -0.17007878422737122
v 0.025636371225118637 -0.018933311104774475 -0.16605401039123535
v -0.036900788545608521 0.02247893251478672 -0.093750692903995514
v -0.015934452414512634 0.02400488592684269 -0.00062510819407179952
v -0.010788796469569206 0.032499998807907104 -0.1583063155412674
v -0.014848096296191216 -0.0017759639304131269 -0.17800474166870117
v -0.0016992870951071382 -0.026606066152453423 -0.18215020000934601
v -0.011800733394920826 -0.032773640006780624 -0.15467058122158051
v 0.014764748513698578 -0.026669351384043694 -0.17807739973068237
v -0.038257583975791931 -0.016429850831627846 -0.071703687310218811
v -0.0045262346975505352 -0.040995307266712189 -0.15604142844676971
v -0.036244664341211319 -0.029038067907094955 -0.10288740694522858
v -0.001066208234988153 -0.040989980101585388 -0.14948278665542603
v -0.037115961313247681 0.018217859789729118 -0.061712361872196198
v -0.036080274730920792 -0.020153859630227089 -0.062770649790763855
v -0.038190782070159912 -0.015380894765257835 -0.05356355756521225
v 0.019315846264362335 0.032500158995389938 -0.16915540397167206
v 0.00071304594166576862 0.032499998807907104 -0.15324035286903381
v -0.020369846373796463 0.032499998807907104 -0.13770404458045959
v -0.0021860909182578325 -0.016876284033060074 -0.09595644474029541
v 0.011829875409603119 0.0033604069612920284 -0.1796080470085144
v 0.028340861201286316 -0.011979594826698303 -0.15609119832515717
v -0.028500000014901161 0.031654879450798035 -0.13700982928276062
v -0.027945980429649353 0.032224312424659729 -0.15062461793422699
v -0.014658957719802856 0.0029247771017253399 -0.1781301349401474
v -0.0076736407354474068 0.028510075062513351 -0.18113282322883606
v 0.0045687584206461906 0.0087120914831757545 -0.071281656622886658
v -0.026895362883806229 -0.016000300645828247 -0.16294331848621368
v 0.023546291515231133 0.032543361186981201 -0.14533212780952454
v -0.033545896410942078 -0.025053968653082848 -0.13368390500545502
v -0.02614341676235199 -0.027968484908342361 -0.14046691358089447
v 0.0085429027676582336 0.0038730392698198557 -0.12664191424846649
v -0.030439779162406921 0.00091398420045152307 -0.00065822486067190766
v -0.0059665339067578316 0.032507095485925674 -0.11708143353462219
v -0.017255151644349098 -0.0062779588624835014 -0.17633706331253052
v -0.021847950294613838 -0.032499998807907104 -0.12562957406044006
v -0.022960970178246498 0.009675229899585247 0.0002527777396608144
v -0.019057134166359901 0.032499998807907104 -0.11974183470010757
v -0.0042954599484801292 0.032499998807907104 -0.12992343306541443
v 0.0010399818420410156 0.032499998807907104 -0.14312788844108582
v -0.028095344081521034 0.031624797731637955 -0.15258514881134033
v 0.009749547578394413 0.032499998807907104 -0.14782024919986725
v -0.026463909074664116 -0.024907475337386131 -0.14323733747005463
v 0.02111474797129631 0.028765393421053886 -0.134678915143013
v 0.014974362216889858 0.0084345974028110504 -0.005953571293503046
v -0.028335066512227058 0.026208549737930298 -0.15141500532627106
v -0.028341224417090416 0.01735476590692997 -0.15148170292377472
v 0.028151674196124077 -0.0025438894517719746 -0.15781775116920471
v 0.001073343213647604 -0.0082668354734778404 -0.12495122104883194
v 0.0065176780335605145 -0.032499998807907104 -0.12628753483295441
v -0.036270570009946823 0.028934542089700699 -0.1156751736998558
v -0.028311481699347496 -0.011868150904774666 -0.15646037459373474
v -0.035670477896928787 -0.030141452327370644 -0.11714144796133041
v -0.02628178708255291 0.024871222674846649 -0.14292217791080475
v -0.037100307643413544 -0.0086516579613089561 -0.093573249876499176
v 0.024717327207326889 0.0085858851671218872 -0.167801633477211
v -0.006038301158696413 -0.032499991357326508 -0.124673992395401
v -0.002319421386346221 -0.017391756176948547 -0.10813776403665543
v -0.01004516426473856 -0.032499998807907104 -0.051548738032579422
v 0.023292465135455132 -0.0017780197085812688 -0.17005284130573273
v 0.020686749368906021 0.012762728147208691 -0.17325758934020996
v -0.036685217171907425 -0.019780643284320831 -0.1280570924282074
v -0.039775513112545013 -0.011036980897188187 -0.070582889020442963
v 0.010936909355223179 0.012531050480902195 -0.18001349270343781
v -0.020031224936246872 -0.031303934752941132 -0.038574263453483582
v -0.025825651362538338 -0.032099302858114243 -0.069136641919612885
v -0.017945786938071251 -0.03249860554933548 -0.066921889781951904
v -0.017775380983948708 -0.031854711472988129 -0.035798471421003342
v -0.00022623137920163572 -0.032499998807907104 -0.065139435231685638
v 0.011031979694962502 -0.024402741342782974 -0.17998448014259338
v -0.0042510177008807659 0.012979540973901749 0.00025000001187436283
v 0.0070172948762774467 0.027688490226864815 -0.064362108707427979
v -0.0003528919187374413 -0.032071162015199661 -0.11880184710025787
v 0.0020378690678626299 -0.0318039171397686 -0.077463008463382721
v 0.0024811807088553905 -0.026542713865637779 -0.18209037184715271
v 0.0046976758167147636 -0.032499998807907104 -0.13462835550308228
v -0.022077539935708046 0.032499998807907104 -0.097927533090114594
v -0.0027317993808537722 -0.032499998807907104 -0.13356265425682068
v -0.0083129797130823135 -0.032499998807907104 -0.042471498250961304
v -0.0059906928800046444 0.032499998807907104 -0.14350064098834991
v -0.028031185269355774 0.032001730054616928 -0.073949553072452545
v 0.00034792732913047075 -0.035738587379455566 -0.14460790157318115
v -0.004007397685199976 0.032499618828296661 -0.086110562086105347
v -0.037158358842134476 0.0089069521054625511 -0.092989310622215271
v -0.038159418851137161 0.0057901204563677311 -0.084437504410743713
v -0.036754000931978226 -0.013962192460894585 -0.12065326422452927
v -0.0031214491464197636 -0.032499998807907104 -0.094317719340324402
v -0.036062352359294891 -0.00771688437089324 -0.00089391326764598489
v -0.030957914888858795 0.031932804733514786 -0.081157013773918152
v -0.041799653321504593 -0.0056526316329836845 -0.036238595843315125
v -0.036834828555583954 0.01856248639523983 -0.11791869252920151
v -0.036908835172653198 0.016968533396720886 -0.11127005517482758
v -0.038562517613172531 0.015682628378272057 -0.069343328475952148
v 0.0027735971380025148 -0.00048168271314352751 -0.075911343097686768
v -0.037323344498872757 0.017968315631151199 -0.086249157786369324
v -0.0046123857609927654 -0.037625238299369812 -0.14664158225059509
v -0.008053196594119072 0.01556131336838007 0.00025000001187436283
v -0.021473255008459091 -0.032499998807907104 -0.15442894399166107
v -0.016636738553643227 -0.032499998807907104 -0.14727126061916351
v -0.0090453131124377251 -0.035480484366416931 -0.15269513428211212
v -0.036605965346097946 0.025205329060554504 -0.12677071988582611
v -0.04207514226436615 0.0043943179771304131 -0.048197697848081589
v -0.026624094694852829 -0.032488733530044556 -0.13339200615882874
v -0.040262177586555481 -0.0058145700022578239 -0.07324758917093277
v 0.028441525995731354 -0.00058640976203605533 -0.15378104150295258
v -0.0077216341160237789 -0.032499998807907104 -0.059377808123826981
v -0.02361002191901207 -0.008717675693333149 0.00024860852863639593
v 0.02011747844517231 -0.027095073834061623 -0.17382551729679108
v -0.0016184350242838264 -0.032498471438884735 -0.12431512773036957
v -0.0055764620192348957 -0.032499998807907104 -0.049963332712650299
v 0.017158076167106628 0.00077113282168284059 -0.13108108937740326
v -0.0045595797710120678 -0.032497141510248184 -0.086186304688453674
v 0.020528208464384079 -0.0021853118669241667 -0.17341558635234833
v 0.016737107187509537 -0.0032868094276636839 -0.1767268031835556
v -0.001422535628080368 0.011673981323838234 -0.11296603083610535
v 0.014180572703480721 0.018043922260403633 -0.1290549635887146
v 0.01851426437497139 -0.021571416407823563 -0.00042741620563901961
v -0.020877337083220482 0.032499998807907104 -0.10825997591018677
v -0.040112078189849854 0.01160200871527195 -0.060964487493038177
v -0.026879213750362396 0.024998793378472328 -0.13904964923858643
v -0.028003353625535965 0.012673941440880299 -0.1586434543132782
v -0.038748245686292648 -0.010195938870310783 -0.07926633208990097
v -0.036939267069101334 -0.017263457179069519 -0.10927553474903107
v -0.00079303968232125044 -0.011675185523927212 -0.08704628050327301
v 0.027490727603435516 -9.2829846835229546e-05 -0.16110466420650482
v -0.0025900267064571381 0.032499998807907104 -0.14234387874603271
v 0.012455002404749393 0.031804680824279785 -0.026859719306230545
v 0.0024742770474404097 0.031524717807769775 -0.0765276700258255
v 0.010611682198941708 0.02502998523414135 -0.12735602259635925
v 0.00089582486543804407 -0.0062969010323286057 -0.12496860325336456
v -0.037015441805124283 0.00065324315801262856 -0.00087009376147761941
v -0.031765110790729523 0.03232862800359726 -0.11083494871854782
v -0.0011054554488509893 0.032499998807907104 -0.034066870808601379
v -0.038593314588069916 0.0089335264638066292 -0.08117944747209549
v 0.00014567337348125875 0.032499998807907104 -0.039186373353004456
v -0.0064207389950752258 0.032524779438972473 -0.17781513929367065
v 0.011678528040647507 0.032500080764293671 -0.17171959578990936
v -0.014389753341674805 -0.032350234687328339 -0.034971091896295547
v -0.013404390774667263 -0.032499998807907104 -0.086230471730232239
v -0.013386459089815617 -0.032405238598585129 -0.0070956707932054996
v 0.0018290994921699166 0.01731916144490242 -0.12518881261348724
v 0.00077137222979217768 -0.016413982957601547 -0.12390321493148804
v 0.0095827588811516762 -0.019611120223999023 -0.054940059781074524
v 0.0092247426509857178 0.015746690332889557 -0.056479938328266144
v -0.036485020071268082 -0.017638808116316795 -0.046118896454572678
v 0.004376167431473732 0.022431248798966408 -0.071791574358940125
v 0.0041993865743279457 -0.020640023052692413 -0.072253964841365814
v 0.00024085132463369519 0.01946781761944294 -0.082938268780708313
v 0.010775973089039326 -0.0186342503875494 -0.048757687211036682
v -0.0017645715270191431 0.025352239608764648 -0.11112851649522781
v -0.036770015954971313 0.021115757524967194 -0.077032066881656647
v -0.033734798431396484 0.0033053525257855654 -0.00078297051368281245
v -0.033702023327350616 -0.0020875073969364166 -0.00073886994505301118
v 0.012643467634916306 0.017327448353171349 -0.021672653034329414
v 0.019125651568174362 -0.011739245615899563 0.00028144245152361691
v 0.018840445205569267 -0.007241962943226099 -0.0017511537298560143
v 0.020558545365929604 -0.028926216065883636 -0.13409344851970673
v 0.010303525254130363 0.021917069330811501 -0.051464591175317764
v -0.028018059208989143 0.021818460896611214 -0.13741379976272583
v 0.012646898627281189 0.029337795451283455 -0.013961494900286198
v 0.015919828787446022 0.028851469978690147 -0.13019029796123505
v 0.011665498837828636 -0.015758277848362923 -0.041352331638336182
v 0.014586835168302059 0.025277566164731979 -0.12933221459388733
v -0.030362483114004135 -0.028040776029229164 -0.13497927784919739
v 0.012109002098441124 0.030040640383958817 -0.034246522933244705
v 0.012616252526640892 -0.029181350022554398 -0.016398079693317413
v -0.034229263663291931 -0.021584654226899147 -0.055352494120597839
v -0.036706715822219849 0.02149665355682373 -0.12592557072639465
v -0.038481038063764572 0.014575348235666752 -0.023250998929142952
v -0.0374632328748703 0.011407917365431786 -0.089490704238414764
v 0.012623480521142483 -0.013548686169087887 -0.022103374823927879
v 0.011704419739544392 0.017168758437037468 -0.040774945169687271
v 0.0037215836346149445 0.026390723884105682 -0.073483645915985107
v 0.012712704949080944 0.0092939762398600578 -0.020691359415650368
v 0.011807803995907307 -0.012151899747550488 -0.039406478404998779
v -0.0023119852412492037 -0.022855766117572784 -0.10699141770601273
v 0.012155081145465374 0.014257950708270073 -0.033070188015699387
v 0.016516316682100296 0.011455925181508064 -0.0017499999376013875
v 0.0069304243661463261 0.016891039907932281 -0.064661882817745209
v 0.00082818500231951475 0.016293417662382126 -0.1200856938958168
v 0.0070895538665354252 0.021699709817767143 -0.064174145460128784
v 0.0203075110912323 0.0087518412619829178 -0.0017481782706454396
v -0.0023633039090782404 -0.01995796337723732 -0.098713383078575134
v 0.00066980713745579123 -0.025216734036803246 -0.081543020904064178
v 0.01291036419570446 -0.027808399870991707 -0.012976130470633507
v -0.0025341599248349667 -0.018771518021821976 -0.10330076515674591
v 0.018659684807062149 0.0082459524273872375 -0.1752483993768692
v -0.0013738673878833652 0.021265881136059761 -0.11384324729442596
v 0.00087298272410407662 -0.014766046777367592 -0.080962203443050385
v -0.019195523113012314 0.032499998807907104 -0.13353058695793152
v -0.015107673592865467 0.032191246747970581 -0.020816678181290627
v -0.0048934230580925941 0.032499998807907104 -0.1397898942232132
v 0.014598987996578217 0.017043029889464378 -0.0080853188410401344
v 0.021254321560263634 -0.01743197999894619 -0.0017225295305252075
v -0.00089608196867629886 -0.018863534554839134 -0.1157805472612381
v 0.019165733829140663 -0.0029849153943359852 -0.0017506045987829566
v -0.028407972306013107 0.02203713171184063 -0.15470726788043976
v 0.0015599357429891825 -0.032499998807907104 -0.13284166157245636
v -0.03651413694024086 0.0017745880177244544 -0.12256183475255966
v -0.036602877080440521 0.005160132423043251 -0.13006936013698578
v 0.0070484979078173637 -0.024161793291568756 -0.064323998987674713
v 0.0043129045516252518 -0.015326343476772308 -0.071954809129238129
v -0.039895538240671158 -0.012231865897774696 -0.0088833877816796303
v -0.0018978920998051763 -0.012687558308243752 -0.10909873992204666
v -0.0003186503890901804 -0.015424503944814205 -0.085158422589302063
v -0.0025268781464546919 0.023499097675085068 -0.10345867276191711
v -0.0021740845404565334 -0.032477915287017822 -0.11557532846927643
v -0.00027765400591306388 0.022807884961366653 -0.084922827780246735
v -0.031385526061058044 0.015749836340546608 -0.00084465969121083617
v -0.0015659199561923742 -0.015780186280608177 -0.11308539658784866
v -0.012213733047246933 0.032499995082616806 -0.16987548768520355
v 0.012177455238997936 -0.0064605828374624252 -0.032572131603956223
v 0.028372427448630333 -0.0024303221143782139 -0.001273418078199029
v -0.037431627511978149 -0.0097157740965485573 -0.089718535542488098
v 0.022477639839053154 0.0118293147534132 -0.13633161783218384
v -0.0004378073790576309 0.0046887947246432304 -0.085600696504116058
v 0.021778728812932968 0.025228332728147507 -0.13548412919044495
v -0.0013062212383374572 -0.0066436184570193291 -0.11377434432506561
v 0.0033209042157977819 0.032499998807907104 -0.043119221925735474
v 0.012669002637267113 -0.0012542937183752656 -0.02169429138302803
v -0.041884876787662506 0.0025514236185699701 -0.063284091651439667
v -0.001839224249124527 0.020350422710180283 -0.18211370706558228
v -0.041515450924634933 -0.0066228085197508335 -0.060006372630596161
v -0.03885548934340477 0.011813527904450893 -0.077574163675308228
v -0.0057951542548835278 0.020364794880151749 -0.18157641589641571
v 0.027623614296317101 -0.02902434766292572 -0.14739884436130524
v -0.0027809618040919304 -0.028120115399360657 -0.10766325891017914
v -0.039416152983903885 0.013318113051354885 -0.057670898735523224
v 0.0027448805049061775 -0.016571812331676483 -0.18207377195358276
v 0.0092442454770207405 -0.027674168348312378 -0.056399088352918625
v -0.0050146710127592087 -0.028804877772927284 9.7561540314927697e-05
v 0.028341816738247871 0.010751062072813511 -0.1561291366815567
v 0.017561964690685272 -0.014339059591293335 -0.17610470950603485
v -0.020417286083102226 -0.032499998807907104 -0.13704100251197815
v -0.021187996491789818 0.02409878745675087 -0.17273366451263428
v -0.031905964016914368 -0.010974847711622715 -0.00079642306081950665
v 0.026617838069796562 0.0085410885512828827 -0.0017499999376013875
v 0.026991762220859528 -0.0089441193267703056 -0.0014366303803399205
v -0.026662521064281464 0.021741461008787155 -0.16360007226467133
v 0.024956228211522102 0.012834371067583561 -0.0017499999376013875
v -0.020352194085717201 0.032499749213457108 -0.16303114593029022
v -0.0024874652735888958 0.032499998807907104 -0.14596612751483917
v 0.011320832185447216 -0.031369246542453766 -0.045261610299348831
v 0.0076399520039558411 -0.032422661781311035 -0.062169447541236877
v 0.0075005991384387016 -0.035997621715068817 -0.14856328070163727
v 0.021416876465082169 -0.032502014189958572 -0.13944077491760254
v -0.018371935933828354 0.031595360487699509 -0.018536221235990524
v 0.0085157053545117378 -0.0325004942715168 -0.16777984797954559
v -0.023532889783382416 0.03245970606803894 -0.072661891579627991
v 0.012037670239806175 0.031553097069263458 -0.0067857387475669384
v 0.0097726946696639061 0.032479636371135712 -0.02863093838095665
v 0.0085250316187739372 0.032498665153980255 -0.038860619068145752
v 0.0060778381302952766 0.032212149351835251 -0.067315123975276947
v 0.022505944594740868 0.032498966902494431 -0.15130393207073212
v -0.026730291545391083 -0.020739629864692688 -0.14401426911354065
v -0.0084374966099858284 -0.026456369087100029 0.0002367080160183832
v 0.025808447971940041 0.032499998807907104 -0.16193701326847076
v 0.019732927903532982 0.032429054379463196 -0.17271099984645844
v -0.016988443210721016 0.031931374222040176 -0.031976453959941864
v 0.028275614604353905 0.020361868664622307 -0.15702931582927704
v -0.036431603133678436 -0.028093114495277405 -0.11448559165000916
v -0.025804031640291214 -0.030964931473135948 -0.061138276010751724
v -0.028817810118198395 0.028870144858956337 -0.061204005032777786
v -0.033520128577947617 -0.027761606499552727 -0.074957683682441711
v -0.031887967139482498 -0.022854786366224289 -0.032915439456701279
v -0.039136860519647598 0.012971467338502407 -0.039862953126430511
v -0.021885013207793236 0.030274106189608574 -0.030453944578766823
v -0.020981552079319954 -0.030658913776278496 -0.029724461957812309
v -0.015699909999966621 0.032499998807907104 -0.10319714993238449
v -0.026323623955249786 -0.027779333293437958 -0.040001694113016129
v -0.033792778849601746 0.031002867966890335 -0.13021720945835114
v -0.003540323581546545 0.032499998807907104 -0.049487993121147156
v 0.014763969928026199 0.032499600201845169 -0.13433918356895447
v 0.0097132110968232155 0.032417934387922287 -0.016261931508779526
v 0.012581182643771172 -0.0093401139602065086 -0.022623158991336823
v -0.037295341491699219 0.017133820801973343 -0.01096272561699152
v 0.010389494709670544 0.0075004450045526028 -0.18020497262477875
v 0.0060455938801169395 0.032499998807907104 -0.13298302888870239
v -0.01022479310631752 0.032499998807907104 -0.08998589962720871
v -0.024943334981799126 0.029884081333875656 -0.051116552203893661
v -0.027021417394280434 0.021271785721182823 -0.14484961330890656
v -0.027235118672251701 0.030516473576426506 -0.062991417944431305
v -0.0068425512872636318 -0.032509636133909225 -0.14034880697727203
v -0.036839708685874939 -0.020812811329960823 -0.078952223062515259
v -0.036288730800151825 -0.017723977565765381 -0.033928237855434418
v -0.035447843372821808 0.02349511906504631 -0.072525136172771454
v -0.036696501076221466 -0.020576775074005127 -0.072351068258285522
v -0.040475621819496155 -0.010281138122081757 -0.024166271090507507
v 0.0024880664423108101 0.032499998807907104 -0.13607010245323181
v 4.7429064579773694e-05 -0.012010272592306137 -0.083764582872390747
v 0.015321079641580582 -0.01360747404396534 -0.12979649007320404
v -0.00037960661575198174 0.0088471071794629097 -0.085348650813102722
v 0.013053452596068382 -0.032494787126779556 -0.15055568516254425
v -0.0082192141562700272 -0.032494056969881058 -0.1620938777923584
v -0.025098880752921104 -0.017653651535511017 -0.16708987951278687
v -0.024761112406849861 -0.032468888908624649 -0.076365143060684204
v -0.020863451063632965 -0.016913050785660744 -0.17306958138942719
v -0.010684399865567684 0.032500006258487701 -0.11177892237901688
v -0.0043100239709019661 0.032503962516784668 -0.12040670961141586
v -0.0045244786888360977 -0.016384774819016457 -0.18183760344982147
v 0.014267727732658386 -0.032500762492418289 -0.17208825051784515
v 0.02357557974755764 -0.032486498355865479 -0.15964610874652863
v -0.025598457083106041 -0.032485578209161758 -0.1442541778087616
v -0.030973149463534355 0.032110895961523056 -0.085477493703365326
v 0.0062561179511249065 -0.032868281006813049 -0.16280929744243622
v 0.0003489702648948878 0.023203171789646149 -0.11840524524450302
v -0.02711457759141922 -0.031011413782835007 -0.065002232789993286
v -0.033335570245981216 -0.02179068885743618 -0.020925428718328476
v -0.026903066784143448 -0.027362389490008354 -0.021343786269426346
v -0.030611751601099968 -0.030890580266714096 -0.074181735515594482
v -0.02884257584810257 -0.025634098798036575 -0.03243926540017128
v -0.03224480152130127 0.031309425830841064 -0.11587528139352798
v -0.013220826163887978 -0.032437372952699661 -0.030368668958544731
v -0.026944685727357864 -0.028576204553246498 -0.14448800683021545
v -0.016439691185951233 -0.032499998807907104 -0.082286231219768524
v 0.010594572871923447 0.032167050987482071 -0.049344278872013092
v -0.0086581520736217499 -0.035775221884250641 -0.15645880997180939
v -0.042420949786901474 0.00049855210818350315 -0.044292416423559189
v -0.042353250086307526 -0.0016576133202761412 -0.03403497114777565
v -0.042331784963607788 -0.0020784428343176842 -0.019709562882781029
v -0.042178712785243988 -0.0040168161503970623 -0.0094573451206088066
v -0.042351052165031433 -0.0018125178758054972 -0.022844711318612099
v 0.02238159254193306 0.032499998807907104 -0.1636083722114563
v -0.028295200318098068 0.027640828862786293 -0.053424172103404999
v -0.012031543999910355 -0.032494254410266876 -0.17426399886608124
v -0.031619977205991745 -0.023938849568367004 -0.0076971338130533695
v 0.01294130552560091 0.018657060340046883 -0.017665594816207886
v -0.034764163196086884 -0.019840769469738007 -0.044174704700708389
v 0.023904204368591309 -0.032501090317964554 -0.14693623781204224
v -0.037520859390497208 -0.016277840360999107 -0.021376172080636024
v 0.0080563584342598915 -0.032499998807907104 -0.12703770399093628
v -0.0010003490606322885 -0.032496150583028793 -0.16795594990253448
v 0.005416985135525465 -0.031821858137845993 -0.069035783410072327
v -0.029612991958856583 -0.02649969793856144 -0.054044421762228012
v -0.027315719053149223 0.027348993346095085 -0.0080508477985858917
v 0.024519246071577072 -0.032476425170898438 -0.15540556609630585
v 0.01942795142531395 -0.032498728483915329 -0.165024533867836
v -0.04037860780954361 0.010480244643986225 -0.024453461170196533
v 0.018194025382399559 -0.032500278204679489 -0.16964416205883026
v -0.037560261785984039 0.018565425649285316 -0.073292918503284454
v 0.024622766301035881 0.023765277117490768 -0.16796538233757019
v -0.036346778273582458 -0.026248360052704811 -0.13088233768939972
v -0.038688473403453827 -0.01524870190769434 -0.067748323082923889
v -0.039657969027757645 -0.012596044689416885 -0.065255552530288696
v -0.037127472460269928 -0.019339310005307198 -0.08802323043346405
v 0.019932197406888008 0.024666065350174904 -0.17401491105556488
v -0.036518096923828125 0.002184250857681036 -0.12638580799102783
v 0.0034123125951737165 -0.032499946653842926 -0.17513567209243774
v 0.015219504944980145 0.032499998807907104 -0.15500769019126892
v -0.020957740023732185 -0.032504767179489136 -0.16313573718070984
v -0.01262207143008709 -0.01584295742213726 -0.17923934757709503
v -0.016640486195683479 -0.016743345186114311 -0.17679862678050995
v 0.0093394257128238678 -0.032536935061216354 -0.15999642014503479
v -0.035185150802135468 -0.026748942211270332 -0.08174770325422287
v -0.02795051783323288 -0.026856061071157455 -0.0086660720407962799
v -0.010050768963992596 -0.032799072563648224 -0.15895381569862366
v -0.024493254721164703 0.028984911739826202 -0.0098412409424781799
v -0.023965531960129738 -0.029256589710712433 -0.0094685442745685577
v -0.017841193825006485 -0.030363131314516068 -0.0021482803858816624
v 0.014051930047571659 -0.012799222022294998 -0.17846342921257019
v -0.030533371493220329 0.024197017773985863 -0.033229172229766846
v -0.022722698748111725 -0.0061971796676516533 -0.17083175480365753
v -0.029030859470367432 0.025736270472407341 -0.021578697487711906
v -0.020316215232014656 -0.0040865936316549778 -0.17362821102142334
v -0.030564667657017708 -0.024434639140963554 -0.043748803436756134
v -0.032562330365180969 0.02254195511341095 -0.021569440141320229
v -0.036078162491321564 -0.018885945901274681 -0.010200737044215202
v 0.012099878862500191 0.026029156520962715 -0.03429354727268219
v 0.012309004552662373 0.015057908371090889 -0.029486885294318199
v -0.030639627948403358 0.024473940953612328 -0.045264113694429398
v 0.013354730792343616 0.024662334471940994 -0.012453846633434296
v 0.012417089194059372 -0.0074404031038284302 -0.12818238139152527
v 0.010194587521255016 -0.00394778186455369 -0.18028834462165833
v -0.030590243637561798 -0.024460474029183388 -0.020949563011527061
v -0.034691300243139267 0.020683318376541138 -0.0095846401527523994
v 0.012053363025188446 -0.00344069954007864 -0.035190500319004059
f 807 2484 303
f 2335 1329 709
f 263 2518 1750
f 24 1447 1570
f 1199 2504 158
f 11 976 2397
f 837 1180 1077
f 1663 1217 73
f 113 712 189
f 1271 1664 1494
f 1083 2445 1043
f 3 1381 87
f 87 65 3
f 2361 1238 2419
f 1745 164 1749
f 1116 369 1533
f 1844 804 2529
f 1422 1450 1995
f 539 645 83
f 2335 1672 1489
f 1476 1814 1401
f 1178 2303 738
f 128 510 95
f 930 70 16
f 1041 1036 1712
f 1787 798 723
f 1325 1831 2527
f 49 1736 203
f 1343 6 1253
f 712 524 189
f 477 1021 1975
f 1707 932 690
f 1569 2472 192
f 2515 256 932
f 1187 997 14
f 1737 1703 2481
f 7 1569 1079
f 2481 1703 1925
f 2447 87 1381
f 462 1846 1847
f 1666 463 1147
f 1019 815 1845
f 460 2523 2522
f 2523 1903 1019
f 619 121 1377
f 2364 109 751
f 163 999 2524
f 674 619 1178
f 670 1167 2440
f 995 1929 2483
f 2195 1991 1855
f 459 845 847
f 1856 1859 1855
f 459 1903 2032
f 1859 1856 846
f 846 461 2031
f 53 951 793
f 2241 1001 1562
f 999 458 2524
f 1735 1147 463
f 2382 2034 464
f 1888 2330 2465
f 933 267 2188
f 2511 647 330
f 1211 330 647
f 1703 763 851
f 763 1703 2516
f 2157 1005 1004
f 1281 1323 1010
f 1479 1012 1066
f 17 1324 1061
f 128 183 723
f 88 293 1553
f 26 41 1062
f 1317 52 30
f 2424 1009 1815
f 44 37 31
f 12 2132 76
f 1305 32 44
f 2158 1306 1916
f 1326 13 1318
f 1916 724 2158
f 218 85 80
f 1323 1281 35
f 2406 1016 60
f 722 1066 1307
f 37 18 2264
f 1861 1005 2157
f 2157 36 18
f 365 2144 1008
f 1318 1309 25
f 48 1062 1315
f 2379 2526 1308
f 1779 1118 1759
f 2263 1321 1305
f 41 32 1321
f 739 1796 736
f 1975 34 50
f 1314 34 51
f 1058 1308 51
f 1063 1306 54
f 1325 2527 1798
f 2232 1471 67
f 2527 1712 1950
f 2521 1562 1001
f 887 2408 1339
f 1671 752 2166
f 57 1568 2166
f 2297 749 1156
f 2143 2468 435
f 1669 749 2297
f 254 714 1738
f 2113 2310 1521
f 804 1919 2529
f 1949 2529 1919
f 2017 66 9
f 125 737 395
f 824 2006 2456
f 1585 2448 1368
f 1669 898 2477
f 908 750 2468
f 1260 1621 1644
f 1645 1658 2328
f 1146 472 467
f 201 92 468
f 172 674 738
f 791 169 1908
f 1390 1797 2399
f 2535 313 2473
f 1508 1288 1574
f 682 1526 2207
f 818 445 196
f 547 2269 1846
f 2484 2427 305
f 2518 263 2480
f 1724 2480 1931
f 2504 1199 1840
f 2072 2190 164
f 2062 518 2411
f 678 1435 822
f 858 1224 1496
f 236 763 2518
f 654 693 89
f 7 2532 305
f 2103 2109 2456
f 304 2362 2199
f 209 212 1748
f 2424 2139 870
f 1643 339 338
f 1809 1475 1297
f 1216 544 106
f 1267 2073 2193
f 1860 1369 2466
f 1114 2465 2519
f 1086 1953 1146
f 470 652 1817
f 1457 67 1583
f 2542 617 133
f 1878 635 1902
f 2540 62 1296
f 2139 176 2120
f 1809 2442 1201
f 62 1401 1296
f 2542 83 617
f 835 424 1483
f 64 1571 2441
f 107 185 2153
f 651 1559 524
f 730 1843 59
f 175 1040 1886
f 1881 65 2490
f 1561 1255 260
f 2537 2534 1262
f 2488 426 1761
f 2534 1837 95
f 818 1199 445
f 864 197 2538
f 603 2303 1178
f 1827 1883 1825
f 544 445 1075
f 2068 61 1821
f 1758 1753 2449
f 1882 2436 708
f 2535 2473 1749
f 2535 1713 313
f 726 1659 1924
f 982 1455 981
f 931 2287 830
f 1471 1459 2024
f 545 1198 482
f 2264 19 2313
f 2023 687 454
f 482 1198 420
f 1118 1779 2137
f 1814 1207 1296
f 1216 73 213
f 934 73 106
f 1663 73 934
f 70 930 2029
f 1079 303 2532
f 2240 2104 2366
f 2076 998 24
f 1787 2538 624
f 1343 1291 6
f 1344 1304 1337
f 1560 1543 2405
f 788 2043 826
f 1592 323 1544
f 951 1929 995
f 2098 1428 20
f 1592 2412 323
f 2257 1160 2137
f 1929 951 1947
f 551 1587 1219
f 1104 2012 1693
f 2212 1273 79
f 1589 1219 270
f 334 315 1553
f 307 1817 1278
f 114 1509 1011
f 828 2293 2106
f 448 1484 665
f 2192 872 1852
f 2210 1097 1746
f 414 461 846
f 913 914 897
f 881 704 2038
f 2459 2503 332
f 2488 605 439
f 1520 1276 426
f 439 1520 426
f 1857 55 1484
f 1521 1082 2113
f 1799 2505 165
f 1950 1751 1798
f 290 5 1040
f 298 309 2346
f 1876 2509 1873
f 1876 1807 1282
f 300 2505 1799
f 1870 452 308
f 82 53 793
f 410 698 1870
f 695 1871 754
f 699 2296 700
f 1698 1264 699
f 2353 1367 1717
f 2410 1556 2435
f 1269 700 2296
f 753 410 802
f 340 1555 1871
f 191 2186 819
f 123 340 1049
f 1938 491 2235
f 1525 945 1521
f 2169 1298 2127
f 763 866 851
f 299 1218 1463
f 790 831 866
f 173 503 2311
f 1755 2294 349
f 1563 1971 1559
f 92 200 2036
f 226 191 2133
f 2411 518 1936
f 2295 1395 580
f 961 1723 1726
f 678 1046 446
f 888 1474 1339
f 899 1074 937
f 1495 1717 2095
f 1460 2278 1854
f 1493 390 1477
f 833 234 792
f 202 792 297
f 2267 77 76
f 2540 174 1896
f 833 851 831
f 1788 326 298
f 324 1824 93
f 2188 827 933
f 455 104 1376
f 1654 1120 416
f 74 416 1120
f 1841 1706 2472
f 1807 2487 2553
f 2436 1882 424
f 129 327 620
f 1265 1023 1597
f 1826 1023 1265
f 2335 344 2375
f 2540 1896 1877
f 1775 1472 513
f 199 1880 2549
f 441 293 88
f 1133 2316 1874
f 1922 1897 1740
f 1992 2087 1888
f 1349 2325 1690
f 2352 1868 2325
f 172 666 2049
f 98 2545 131
f 2260 81 1531
f 2446 1820 645
f 1806 1828 2507
f 394 1539 591
f 355 1366 375
f 2345 2364 397
f 2485 1517 1599
f 1746 2070 2343
f 1511 1506 1069
f 1283 1658 1069
f 2389 117 436
f 2532 303 2484
f 1266 1228 1504
f 316 1991 309
f 1391 1674 719
f 1340 717 1270
f 2218 1732 230
f 1268 1272 1891
f 716 1630 105
f 1351 1894 118
f 942 578 628
f 1252 1283 721
f 1228 1266 1470
f 2361 597 1725
f 453 1187 2363
f 1630 1895 105
f 1891 1144 1251
f 1033 1336 1288
f 1257 1145 2547
f 545 591 1843
f 1606 1643 338
f 1275 726 1892
f 2503 324 332
f 55 1600 1611
f 1957 1838 737
f 2307 1151 1786
f 1894 1351 1598
f 1684 1629 1866
f 120 111 729
f 2429 732 1150
f 2246 794 1635
f 2502 1302 708
f 115 1144 1011
f 119 109 729
f 222 909 223
f 2345 1794 120
f 122 2026 2550
f 2237 2355 108
f 348 2431 396
f 858 689 2392
f 1143 1416 1148
f 1416 1141 1150
f 1149 2359 2320
f 1231 2397 2071
f 1823 126 1201
f 315 123 2092
f 1461 299 1463
f 2319 864 124
f 1418 2368 2469
f 828 1233 1138
f 2028 206 652
f 1878 1902 1822
f 2234 388 1259
f 1185 98 130
f 4 1292 1054
f 126 1824 324
f 2465 1902 1572
f 1760 102 2040
f 1072 994 369
f 2132 2267 76
f 260 1255 1626
f 2475 1286 1522
f 927 909 2221
f 1957 1464 437
f 513 1608 1775
f 2534 95 2505
f 626 1824 1823
f 131 2545 573
f 130 271 272
f 1046 612 2224
f 1902 2465 1822
f 132 90 2346
f 2546 1923 273
f 974 1803 2051
f 1296 1207 174
f 1888 1572 99
f 116 111 120
f 1791 1930 322
f 1551 1730 495
f 1259 388 1166
f 1631 444 1986
f 1726 1481 1951
f 1729 1162 2155
f 1487 2243 1547
f 362 1728 104
f 393 2247 2244
f 857 1959 1015
f 2537 1276 440
f 2552 2138 1138
f 703 1915 12
f 947 633 1964
f 640 1029 636
f 1943 383 1128
f 1898 1029 643
f 1029 1898 636
f 1024 388 15
f 1108 1710 1509
f 642 2077 649
f 1916 2378 2526
f 2250 643 2077
f 950 1816 648
f 2386 1263 1016
f 218 1436 1242
f 1114 2073 1822
f 2073 1267 1822
f 413 839 419
f 1265 1906 1826
f 1219 1589 2173
f 152 1179 1076
f 160 153 1076
f 145 1222 138
f 1180 2163 155
f 808 2275 139
f 2462 1181 139
f 1184 1174 147
f 138 953 1901
f 517 1182 829
f 779 145 148
f 1771 1774 144
f 1077 1180 1771
f 1222 953 138
f 2421 852 2259
f 149 1080 1462
f 150 1769 417
f 155 1771 1180
f 421 1193 1770
f 151 1193 1078
f 517 1077 144
f 1705 1764 1774
f 153 160 1192
f 1192 160 161
f 800 154 156
f 1765 2494 1768
f 150 155 1770
f 1769 1193 151
f 1767 1192 154
f 2318 1461 2494
f 162 153 1190
f 2292 1486 2046
f 2109 2045 2200
f 2048 2047 2046
f 1757 1863 1100
f 578 96 318
f 1992 1183 1905
f 457 2402 459
f 2440 1570 670
f 2523 460 2032
f 1903 459 2402
f 2301 1429 1152
f 1166 1102 1153
f 1903 815 1019
f 2242 2189 2522
f 993 165 703
f 1015 2300 773
f 1533 863 1948
f 234 833 831
f 316 1754 2507
f 2121 2095 1646
f 1729 965 1469
f 196 101 2531
f 1581 1437 503
f 679 662 681
f 1878 1822 1267
f 1267 1823 1201
f 2471 1402 1998
f 1723 1958 630
f 931 830 236
f 1446 1093 171
f 500 1988 955
f 839 1083 955
f 1447 2191 848
f 1853 848 203
f 466 2232 2440
f 1369 2463 531
f 2531 2476 1552
f 1241 1906 204
f 460 2194 1994
f 2033 462 533
f 857 1015 2418
f 873 720 444
f 1624 180 2069
f 8 764 231
f 2087 1992 465
f 358 954 423
f 1979 467 2111
f 1797 1294 1550
f 1134 2517 500
f 666 488 2049
f 1905 127 1242
f 2346 1994 132
f 1873 2487 1876
f 1873 2509 275
f 273 274 1282
f 579 2211 1913
f 1824 358 93
f 2455 2021 2554
f 692 84 2063
f 2063 2420 136
f 549 424 835
f 2520 320 169
f 502 2304 450
f 1131 1546 2145
f 425 1545 483
f 1770 155 1932
f 2144 2387 1008
f 654 735 1829
f 474 1631 1986
f 393 2317 2247
f 475 1163 469
f 2493 1763 1003
f 200 208 2501
f 369 2514 103
f 133 617 1879
f 174 1207 1880
f 2004 584 1681
f 1880 1207 1839
f 1809 1201 126
f 2503 1809 126
f 2545 98 1756
f 1990 1875 275
f 93 2549 332
f 1174 1184 1900
f 1756 2542 2545
f 102 362 2040
f 2542 133 2545
f 275 533 1990
f 2443 1996 531
f 1273 2212 2332
f 423 1927 199
f 748 371 1362
f 1287 619 1377
f 56 1212 676
f 1939 14 997
f 38 2462 139
f 387 1506 1511
f 392 2510 182
f 182 1228 392
f 1253 2425 1006
f 1039 1934 1016
f 321 1532 1874
f 187 1514 1006
f 1516 360 1907
f 1228 1708 1504
f 1515 2508 1514
f 1880 199 1191
f 1706 1514 193
f 619 674 787
f 424 867 1483
f 195 2534 2505
f 125 395 1294
f 1185 2554 177
f 1572 1888 2465
f 473 2500 1082
f 2544 1754 326
f 867 1417 484
f 1079 192 407
f 524 209 189
f 1336 1450 2321
f 2284 264 2227
f 179 10 70
f 173 2230 869
f 942 2216 96
f 1103 346 2093
f 1586 2528 1301
f 909 1586 2221
f 1910 1147 2499
f 33 42 1057
f 2500 1741 1735
f 114 1891 1026
f 1334 1147 1735
f 1212 1728 676
f 2499 1818 2501
f 208 92 201
f 729 1838 119
f 201 307 2498
f 2497 1045 1278
f 1278 1817 206
f 1334 472 1146
f 1293 2444 1808
f 2191 203 848
f 1736 1153 1853
f 464 2500 1735
f 1911 1910 2501
f 795 1085 1043
f 179 70 2025
f 1501 2211 1889
f 1699 1348 1501
f 567 575 1689
f 53 218 1947
f 873 2006 720
f 290 429 1909
f 2222 2210 1400
f 496 2463 1850
f 930 457 2029
f 1911 2501 208
f 919 225 2079
f 1612 255 2451
f 488 2383 1675
f 1151 2307 928
f 519 245 1615
f 1615 217 2080
f 1780 1972 516
f 1647 212 217
f 221 507 219
f 247 1612 214
f 211 1586 222
f 223 370 222
f 2211 669 2098
f 3 65 2449
f 215 225 906
f 1610 926 245
f 1902 635 81
f 2307 1353 2151
f 1609 921 1616
f 248 229 894
f 2415 2267 2132
f 1606 1620 925
f 2457 2468 1673
f 1673 230 2148
f 1732 1611 230
f 1568 2213 2478
f 920 898 1734
f 872 146 97
f 995 889 233
f 2134 2388 1948
f 914 235 259
f 237 2458 1604
f 897 257 912
f 1775 1608 2148
f 241 2457 1608
f 2149 713 900
f 2347 1482 2280
f 185 661 2153
f 2303 603 2469
f 904 2013 2150
f 1618 1617 889
f 889 924 910
f 924 242 259
f 239 251 1918
f 913 1605 1918
f 583 1414 1999
f 2262 238 892
f 2010 2262 891
f 261 916 920
f 166 730 59
f 2306 1351 1630
f 217 1615 2370
f 1422 1054 2321
f 1586 909 222
f 927 223 909
f 906 919 711
f 365 892 238
f 1345 868 1284
f 68 614 1263
f 219 1616 243
f 239 1918 921
f 247 221 244
f 1586 211 216
f 2477 898 2149
f 898 713 2149
f 2477 2149 915
f 1585 903 904
f 2448 250 920
f 1618 911 1603
f 2428 259 242
f 1232 1327 1333
f 591 545 1755
f 1604 2262 2010
f 1887 731 1212
f 1466 1518 252
f 890 923 238
f 255 901 224
f 917 1612 1620
f 1630 716 2306
f 912 1917 249
f 513 2452 241
f 1247 697 731
f 2213 1733 915
f 913 251 235
f 72 1489 1672
f 1605 894 228
f 252 916 261
f 1211 313 266
f 158 1842 936
f 2533 1279 531
f 2437 1952 2196
f 1439 1243 1303
f 1153 458 1166
f 2251 1690 1868
f 2022 944 2334
f 271 1098 272
f 2337 1261 691
f 167 1247 731
f 1844 2529 319
f 1752 319 2529
f 419 1920 1896
f 1551 495 967
f 2203 2068 855
f 2167 490 1445
f 2198 1441 854
f 1442 279 855
f 852 285 542
f 2110 1440 755
f 813 2084 2184
f 2359 588 482
f 286 1532 812
f 2202 854 1441
f 2084 276 283
f 2197 1440 278
f 853 1445 859
f 1821 1441 859
f 1887 167 731
f 728 758 1492
f 276 813 279
f 277 278 540
f 84 137 289
f 1703 1737 2516
f 1651 2339 1444
f 408 330 1702
f 316 2324 1991
f 1137 1167 1202
f 438 2324 2507
f 118 2506 2333
f 1930 2390 1048
f 2361 1224 597
f 887 684 2408
f 422 1395 1684
f 1730 1551 2006
f 658 2122 1536
f 2316 895 658
f 2320 2359 596
f 2507 1828 438
f 1152 1200 2301
f 2509 1928 275
f 2039 802 292
f 188 2165 1759
f 1172 2089 2240
f 319 1752 313
f 2535 2496 2187
f 494 1454 1459
f 1456 2024 1459
f 2282 454 1454
f 1459 1454 1456
f 1424 2007 2121
f 2024 1456 1584
f 1118 2137 1160
f 2365 1332 2355
f 1925 256 2481
f 1798 1751 2427
f 807 725 2484
f 1745 725 807
f 1923 2382 273
f 1515 1706 1841
f 1743 1515 1841
f 932 1707 2515
f 2515 1707 1743
f 2439 1091 1908
f 1909 5 290
f 1115 372 384
f 1937 385 2423
f 548 1979 2111
f 1979 548 2455
f 1359 2266 1939
f 1821 61 497
f 296 2021 548
f 2382 1923 76
f 2057 89 706
f 180 2338 1311
f 207 818 196
f 2205 254 2315
f 1070 1137 1202
f 1912 2099 786
f 1788 2513 1636
f 1753 326 1788
f 1837 1034 183
f 2082 2212 79
f 433 720 824
f 1759 2165 1779
f 1750 328 305
f 328 7 305
f 407 2119 303
f 389 2345 397
f 41 1322 32
f 330 1211 306
f 703 165 1013
f 414 1828 1830
f 573 552 131
f 419 1896 268
f 92 208 200
f 35 1067 1323
f 1334 1741 472
f 1864 472 473
f 632 882 2367
f 2252 2386 1811
f 1072 113 189
f 268 1191 1927
f 1400 2210 1227
f 2465 2330 2519
f 2193 1823 1267
f 2445 839 413
f 350 2304 502
f 1589 425 2201
f 2175 836 692
f 49 1869 1179
f 267 933 1931
f 1017 2334 944
f 895 2122 658
f 695 451 550
f 1978 14 740
f 936 1842 1949
f 266 1752 1842
f 2493 842 886
f 343 634 1588
f 809 2255 1053
f 1933 739 342
f 1092 1136 1964
f 1230 182 1053
f 1088 739 1933
f 1127 810 2285
f 1365 382 1124
f 397 363 389
f 762 1940 1937
f 371 386 1362
f 886 1763 2493
f 1361 1467 386
f 1511 2422 378
f 1926 171 2088
f 372 1937 1940
f 371 389 381
f 1760 100 349
f 1942 1363 1946
f 1726 937 961
f 367 1121 1123
f 1123 1121 1943
f 1589 2201 2173
f 1112 1944 1122
f 1945 377 356
f 382 1121 1942
f 1121 1365 1943
f 1112 1105 1189
f 2388 578 318
f 1363 386 371
f 974 963 1729
f 377 378 1108
f 1940 387 384
f 361 1364 360
f 356 376 1107
f 1944 1360 375
f 1123 376 367
f 382 1365 1121
f 1122 1109 373
f 1109 1122 1125
f 2363 1187 1244
f 1183 1992 99
f 754 1871 333
f 798 1557 1555
f 333 1557 314
f 624 314 1557
f 2435 1556 1554
f 341 1554 1556
f 2435 314 624
f 171 1093 2088
f 315 2286 88
f 1428 2309 20
f 2439 485 1104
f 1904 136 2420
f 1485 918 2043
f 2372 1494 902
f 918 1487 1547
f 1787 624 1557
f 1519 706 693
f 89 2057 621
f 835 169 549
f 1280 31 2264
f 2427 2484 1711
f 652 206 1817
f 1278 1045 2269
f 1526 682 1661
f 2180 1544 2181
f 480 1198 1843
f 2537 1837 2534
f 1837 128 95
f 2052 771 781
f 617 1820 1879
f 1406 2470 593
f 2536 63 2514
f 994 2536 2514
f 2038 613 705
f 1702 306 2504
f 42 52 1063
f 330 306 1702
f 1840 1702 2504
f 1918 251 913
f 684 887 262
f 479 1547 896
f 441 623 627
f 408 1325 2511
f 1089 2276 1963
f 543 1594 2090
f 1960 1090 2117
f 1961 337 1092
f 1960 637 1567
f 341 754 1554
f 340 123 334
f 1963 2276 638
f 1960 535 1090
f 792 234 58
f 1554 333 314
f 2435 1976 2410
f 1214 1271 1148
f 415 2108 622
f 416 317 2108
f 1555 333 1871
f 1898 2250 2276
f 943 929 2140
f 341 1556 622
f 315 334 123
f 1089 1933 2276
f 537 2183 1088
f 1786 2144 365
f 420 1348 1699
f 977 2452 513
f 660 2054 2146
f 511 1974 2430
f 1989 82 2256
f 1729 963 965
f 653 507 644
f 1536 1541 1792
f 330 408 2511
f 2312 1973 2314
f 528 1966 1358
f 1962 642 641
f 1966 528 1970
f 446 719 2100
f 1139 1358 1968
f 666 2199 2362
f 2080 1139 529
f 1969 2453 1357
f 530 2027 1965
f 1968 1784 1776
f 1660 1453 1872
f 521 527 1354
f 1200 1152 2242
f 523 2398 2314
f 1054 718 614
f 521 2398 522
f 612 902 2224
f 2431 523 1973
f 2363 1439 453
f 891 167 2010
f 213 2 2474
f 431 449 1984
f 1965 2027 2429
f 511 1352 1355
f 1747 2419 1238
f 2126 2543 1642
f 1105 373 353
f 354 353 373
f 354 1106 1654
f 530 1567 2027
f 1565 530 1970
f 2177 1549 2185
f 1783 524 1559
f 1946 1366 1942
f 1785 1776 707
f 1435 1367 2353
f 783 616 2177
f 1068 376 356
f 1364 2253 1907
f 360 379 361
f 1110 1125 381
f 997 1111 391
f 2309 1428 730
f 370 2208 222
f 1946 1363 371
f 372 385 1937
f 86 2359 1149
f 372 1115 1941
f 553 1393 269
f 607 78 1295
f 1117 1945 1128
f 1120 1106 1110
f 1486 2292 2293
f 1122 375 1366
f 1945 1129 1113
f 1111 2253 1364
f 1106 354 1109
f 400 1115 384
f 1709 2423 385
f 282 209 1783
f 2081 215 520
f 1782 224 919
f 2360 1690 2251
f 400 1113 1129
f 401 1943 1365
f 1780 516 1773
f 2235 2048 2104
f 1127 1941 1115
f 1559 1014 1563
f 814 135 322
f 1841 418 1743
f 538 736 1116
f 433 824 432
f 701 801 317
f 1871 310 340
f 411 317 801
f 341 412 410
f 2525 613 2038
f 2046 2239 2292
f 1915 1013 293
f 524 712 651
f 1567 1565 1960
f 1976 353 2410
f 2410 353 415
f 622 1556 2410
f 7 418 1569
f 979 2334 2112
f 2481 2515 418
f 634 343 680
f 2538 1787 183
f 2038 705 631
f 282 1783 528
f 2038 1952 2437
f 1697 1410 2273
f 185 1311 2338
f 2387 2144 2327
f 312 1847 461
f 1491 1395 1714
f 2389 108 2374
f 2039 550 451
f 835 1908 169
f 1908 1091 2088
f 718 1054 2374
f 807 2119 2072
f 1731 479 969
f 343 1588 79
f 1994 2346 309
f 1979 1098 1580
f 270 834 1589
f 1582 1584 1932
f 1452 867 1985
f 497 61 2233
f 1545 425 834
f 1590 1131 483
f 2372 2026 122
f 871 1749 164
f 1897 1922 135
f 2366 1172 2240
f 1487 918 1172
f 1048 136 1904
f 2293 2138 2045
f 2239 2047 832
f 2385 102 632
f 1660 508 449
f 857 1958 1465
f 469 431 475
f 1726 1448 937
f 2071 2389 436
f 2384 546 2303
f 587 1376 280
f 495 784 1650
f 1331 2384 615
f 1551 967 1954
f 2476 2531 101
f 500 2517 2348
f 435 2468 750
f 979 504 308
f 2297 1667 1669
f 422 1889 580
f 749 952 1156
f 1534 2520 791
f 2125 1989 434
f 179 2025 2037
f 2297 434 1368
f 535 1960 1565
f 414 2464 312
f 2367 2485 1177
f 2034 2500 464
f 551 297 1587
f 538 1533 1948
f 93 358 199
f 1034 864 2538
f 358 626 841
f 184 1525 331
f 321 427 301
f 172 738 1229
f 2420 287 1904
f 2459 332 339
f 1538 2446 645
f 1538 539 1537
f 1488 2097 1535
f 8 136 1048
f 1927 423 1135
f 1824 626 358
f 274 273 625
f 496 2074 2533
f 275 1928 533
f 941 1049 2083
f 1664 1747 1238
f 60 1016 1263
f 1046 678 822
f 533 2467 2033
f 133 1877 573
f 1927 413 268
f 718 2374 108
f 979 311 2334
f 2330 1888 2087
f 2194 1665 1254
f 1980 2348 2517
f 1988 500 552
f 1580 1098 1980
f 1864 1525 2111
f 1591 1590 1544
f 2034 2382 76
f 1265 2074 1906
f 443 512 1451
f 936 106 1075
f 326 1754 298
f 1761 195 1807
f 567 1304 608
f 1488 1513 1418
f 2399 2121 1646
f 1848 403 840
f 595 1423 2008
f 586 606 2015
f 311 979 308
f 571 1388 586
f 269 1393 611
f 1382 610 611
f 561 2101 1382
f 561 1677 575
f 1419 1997 1412
f 1913 821 579
f 1678 1226 2096
f 594 1397 1394
f 1375 594 2019
f 1330 1415 574
f 590 1384 2394
f 2002 558 1374
f 2049 1721 787
f 2002 572 1398
f 1695 1398 1680
f 576 569 1379
f 1691 563 1413
f 1380 569 585
f 390 1257 1477
f 461 414 312
f 582 1411 558
f 1889 554 580
f 1372 2003 2012
f 2003 1372 1403
f 1220 1335 564
f 1930 1904 1060
f 1691 1413 2004
f 584 2005 1681
f 627 2415 441
f 2007 1424 1405
f 571 600 447
f 429 290 1795
f 1678 557 2206
f 583 1413 1414
f 581 557 601
f 572 601 1529
f 562 1380 585
f 618 1287 1377
f 555 2295 580
f 1372 484 577
f 606 607 1392
f 1291 2101 608
f 2399 1646 1390
f 1337 567 2470
f 1676 1327 66
f 1557 798 1787
f 1392 1084 1346
f 1423 595 1392
f 414 438 1828
f 78 1388 1389
f 606 586 1388
f 889 1617 233
f 1695 1685 586
f 1683 592 1378
f 592 571 599
f 269 551 553
f 610 1382 2101
f 575 608 561
f 428 1285 1512
f 579 1373 2290
f 1678 602 556
f 2096 1530 602
f 1404 589 590
f 1701 2394 1384
f 1380 1687 1379
f 1408 1371 1379
f 1413 563 585
f 1488 1418 1387
f 2367 588 86
f 1386 1700 1220
f 1403 1386 564
f 1691 1681 1412
f 1691 2004 1681
f 1701 2014 554
f 1830 2464 414
f 2007 2095 2121
f 1425 1406 1912
f 1423 1676 2008
f 1389 592 1683
f 1930 1791 2390
f 571 592 1389
f 1680 696 600
f 1657 1958 1722
f 1685 600 571
f 1382 611 1393
f 1677 2009 1997
f 787 172 2049
f 1981 11 394
f 581 1374 1411
f 1694 1394 1693
f 555 2014 1384
f 581 601 572
f 570 569 576
f 1407 1380 562
f 1185 130 272
f 1696 2017 1432
f 2395 1377 1715
f 1506 721 1069
f 667 1142 708
f 480 1528 669
f 1700 577 484
f 1386 1403 1372
f 560 1375 2394
f 1701 584 560
f 324 93 332
f 2554 103 177
f 1587 297 792
f 792 202 833
f 58 270 792
f 790 234 831
f 2180 1592 1544
f 1478 2404 1652
f 1920 552 573
f 110 2021 296
f 939 865 2539
f 2286 680 623
f 700 2022 311
f 1269 944 2022
f 1922 1740 1738
f 2070 1746 2282
f 127 1905 1183
f 2282 1746 811
f 1187 453 997
f 67 1471 2024
f 1456 1454 454
f 1282 2546 273
f 2392 2123 2115
f 60 108 2355
f 945 1525 1864
f 205 1427 2029
f 2498 1278 2269
f 547 201 2498
f 2499 2501 1910
f 1214 1899 660
f 1147 1334 2499
f 1825 1883 1801
f 2500 2034 1082
f 1083 470 955
f 482 420 596
f 1025 2229 481
f 1154 1859 205
f 2031 461 1847
f 163 2524 1850
f 1154 457 847
f 1858 204 2524
f 1903 2523 2032
f 891 1008 167
f 2032 1994 845
f 1911 2033 2467
f 2227 264 991
f 1447 2035 670
f 1736 1858 1153
f 1666 1910 1911
f 463 625 464
f 865 1081 1426
f 480 1348 1198
f 2466 2189 1860
f 1456 454 2050
f 499 2039 292
f 470 307 468
f 110 2134 1948
f 701 416 74
f 719 291 344
f 478 8 71
f 708 1302 667
f 735 2179 2205
f 1549 2177 616
f 2207 2474 2
f 2541 1661 1984
f 484 1483 867
f 887 1081 865
f 537 536 651
f 536 1014 1559
f 1661 2541 959
f 1154 1855 1859
f 504 292 308
f 418 2515 1743
f 226 2133 684
f 69 125 1832
f 969 1954 967
f 1071 1955 1474
f 370 506 2065
f 2404 1650 1652
f 1033 1425 786
f 1027 2185 2204
f 1655 2204 1640
f 587 1402 2471
f 1958 961 1722
f 976 11 1675
f 8 478 764
f 1715 455 2471
f 682 1527 1982
f 1925 1703 851
f 2412 2090 939
f 125 650 1464
f 2104 2240 1446
f 450 1546 832
f 24 1457 2076
f 125 664 650
f 1884 1279 2533
f 836 2418 2000
f 973 198 767
f 957 773 2376
f 2051 198 973
f 1319 782 2060
f 782 975 771
f 975 2300 771
f 1959 1453 2053
f 2187 1713 2535
f 511 1973 1352
f 773 957 1015
f 962 958 766
f 972 2056 962
f 972 772 775
f 964 968 777
f 2174 780 842
f 968 964 780
f 966 2174 2434
f 1982 2056 775
f 2231 2056 1982
f 1165 973 767
f 972 1165 772
f 956 1983 774
f 1294 1797 1832
f 1983 1217 1663
f 772 1163 775
f 968 780 2174
f 973 1165 972
f 971 958 768
f 1483 2439 1908
f 2062 2411 1693
f 486 2016 2284
f 2284 2016 576
f 2327 280 2387
f 2531 1601 2530
f 2093 175 1103
f 2377 2137 2255
f 1130 2344 2547
f 1930 1060 322
f 2064 817 2208
f 1611 1599 55
f 1071 1956 1955
f 226 785 2254
f 2348 131 552
f 1758 2544 1753
f 345 179 2037
f 1288 1508 1033
f 100 5 1755
f 2525 704 2141
f 2513 298 90
f 2105 879 2089
f 998 829 1869
f 1078 2215 687
f 939 2090 1594
f 1017 944 72
f 1401 62 1820
f 1943 1128 1107
f 587 1692 1402
f 1947 951 53
f 809 1053 182
f 1376 91 697
f 318 96 456
f 2220 492 137
f 276 1442 1445
f 1445 853 2167
f 2198 853 859
f 855 284 1442
f 402 2333 1492
f 2268 99 1399
f 281 321 856
f 725 2511 1711
f 492 2220 855
f 276 279 1442
f 806 1831 1702
f 1502 852 283
f 276 490 283
f 60 2355 2406
f 284 1821 859
f 1821 284 2068
f 1009 2424 192
f 289 492 279
f 301 856 321
f 1133 1532 286
f 1071 2102 1602
f 535 1565 1563
f 844 345 2037
f 1548 1549 1602
f 2214 1549 1223
f 1134 2036 2517
f 686 2543 2214
f 358 841 954
f 2484 305 2532
f 1085 795 796
f 1698 701 74
f 1049 310 2083
f 550 2164 695
f 725 1711 2484
f 1853 203 1736
f 2164 550 662
f 2294 545 482
f 1580 1086 1146
f 349 100 1755
f 418 1737 2481
f 2532 7 1079
f 1134 470 468
f 1043 1085 2028
f 1437 80 246
f 1244 1331 615
f 1375 560 583
f 1844 2277 861
f 2064 1417 1452
f 1909 1981 591
f 2009 1677 562
f 862 1480 2187
f 2278 1096 862
f 1291 1343 610
f 1763 168 2067
f 2067 1096 982
f 2008 1676 1396
f 1713 2187 1480
f 494 2070 1454
f 1097 2493 1003
f 463 1666 1977
f 1535 1432 1488
f 1665 1648 1254
f 1498 1645 2341
f 1856 438 846
f 2463 496 531
f 735 2315 1829
f 647 2511 725
f 2236 1186 147
f 1218 1161 1044
f 1178 619 1287
f 1042 1039 1705
f 1535 2097 2273
f 1974 1598 505
f 1449 1476 1401
f 506 370 223
f 1969 1444 2453
f 1492 2353 402
f 665 532 448
f 1513 1432 2381
f 1777 516 527
f 2254 785 265
f 1790 1865 2536
f 2383 976 1675
f 241 2452 715
f 348 2495 521
f 498 49 203
f 2314 1782 2079
f 2307 1786 1353
f 1350 224 1782
f 515 527 516
f 986 403 107
f 359 2331 331
f 519 520 245
f 2018 2273 2097
f 2312 2081 1352
f 2431 522 523
f 523 2314 1973
f 2150 2458 237
f 1358 1139 282
f 1358 525 1968
f 211 2433 216
f 708 2436 2502
f 1784 525 1357
f 526 1966 1970
f 1697 2094 1410
f 2381 9 288
f 526 1965 1969
f 740 186 1978
f 1016 2406 1039
f 758 612 1046
f 1524 1056 2454
f 528 1783 1971
f 1239 194 1524
f 519 1776 1785
f 203 2191 498
f 2117 637 1960
f 1898 2276 335
f 1588 634 1964
f 1090 535 1095
f 1553 799 2078
f 334 1553 2078
f 165 510 1013
f 998 2191 1447
f 146 2275 808
f 1387 1287 618
f 814 278 856
f 1789 880 1790
f 2184 540 814
f 1532 541 812
f 814 856 301
f 207 191 819
f 1935 68 481
f 2334 1017 2085
f 2085 2112 2334
f 1884 2533 1265
f 1805 2443 1279
f 1626 1264 260
f 1273 2332 627
f 450 2304 1546
f 3 2449 1638
f 2090 688 543
f 2412 2539 828
f 2284 350 486
f 1908 835 1483
f 171 1926 1936
f 2145 2304 2227
f 2321 1450 1422
f 450 832 2047
f 2240 2089 879
f 1534 879 2105
f 1387 2097 1488
f 428 2355 1332
f 2046 1486 489
f 705 613 788
f 2045 1486 2293
f 1476 1449 1628
f 188 1759 1815
f 2043 918 1547
f 825 2042 2020
f 2390 1791 1922
f 2091 889 995
f 2046 489 2048
f 97 2190 872
f 1336 2321 1292
f 292 504 499
f 2083 310 2164
f 736 318 456
f 739 1088 2183
f 231 136 8
f 2430 2306 1772
f 1938 1936 502
f 2173 1686 553
f 554 579 2005
f 555 580 2014
f 1452 1417 867
f 2426 2370 1537
f 555 1356 1415
f 2206 557 581
f 559 1396 1696
f 1375 2019 2394
f 1413 583 2004
f 2015 1695 586
f 1680 600 1685
f 2448 1667 1368
f 1886 362 104
f 175 2093 290
f 674 172 787
f 566 1405 1683
f 593 1689 1997
f 1380 1407 1687
f 1383 2003 1403
f 4 1288 1292
f 1394 1694 594
f 1694 2003 1383
f 190 188 1815
f 2002 1398 1385
f 1682 1385 595
f 1682 2002 1385
f 2290 1412 1681
f 1507 578 2388
f 1245 1530 2096
f 1547 479 2042
f 1356 589 574
f 1914 1913 2098
f 2309 2228 20
f 1689 575 1677
f 1832 678 2100
f 664 69 2100
f 1392 2015 606
f 608 2101 561
f 1857 1484 2308
f 576 2016 570
f 1379 1371 576
f 937 1074 1722
f 1693 2012 1694
f 582 1535 2273
f 583 1397 1375
f 2401 1650 2404
f 1650 967 495
f 586 1685 571
f 1757 1500 2450
f 1356 1384 590
f 562 561 1407
f 1382 1407 561
f 564 1386 1220
f 607 606 78
f 1343 611 610
f 1676 1423 347
f 939 2539 2412
f 2102 2479 1727
f 100 1760 2040
f 1304 1542 1291
f 2020 2057 706
f 1731 969 967
f 1430 10 345
f 2375 858 1250
f 1215 2030 2403
f 888 1071 1474
f 967 1650 2401
f 1431 2179 621
f 1431 1478 2205
f 254 2205 1342
f 493 1037 2280
f 937 1448 899
f 1381 3 2244
f 1496 1224 2416
f 2414 478 1481
f 2040 362 1886
f 1542 1304 1344
f 764 2414 630
f 2485 2367 86
f 2389 2383 2237
f 694 2055 1400
f 556 1349 2358
f 2204 1655 2107
f 2401 2404 1431
f 701 317 416
f 2108 411 412
f 2016 1679 1999
f 2286 623 441
f 1385 2015 595
f 798 1555 334
f 1554 314 2435
f 2421 759 285
f 2371 435 2305
f 1383 2019 594
f 2259 1502 2059
f 2059 1502 2167
f 630 2175 764
f 828 2106 323
f 2302 946 1641
f 2195 1994 309
f 625 463 1977
f 1002 1845 1370
f 2382 464 625
f 1920 1988 552
f 1979 1580 467
f 184 296 2111
f 608 575 567
f 1884 1597 1523
f 2164 662 675
f 1029 2066 671
f 1431 2404 1478
f 184 331 1507
f 1026 1510 114
f 2057 1731 621
f 1370 1845 815
f 1431 621 2401
f 1478 629 1890
f 356 377 1108
f 955 1134 500
f 533 1928 2467
f 693 2122 895
f 2392 2115 2417
f 948 656 655
f 2092 1049 941
f 623 680 343
f 671 643 1029
f 649 2116 663
f 2131 1030 649
f 2250 639 638
f 636 1961 640
f 680 2124 634
f 744 663 2116
f 1961 633 640
f 1964 634 947
f 488 2365 2237
f 639 642 1962
f 640 633 947
f 2161 732 637
f 1333 347 1346
f 642 639 2077
f 2077 643 2116
f 1225 823 2454
f 380 2341 2354
f 2161 646 1899
f 163 1429 1101
f 648 1030 950
f 736 1796 1116
f 170 1530 1245
f 1816 2114 660
f 1031 1816 1899
f 660 1271 1214
f 302 1344 1347
f 2118 694 1227
f 648 642 1030
f 643 2250 1898
f 2089 1172 918
f 992 2152 1862
f 758 728 1246
f 1932 1583 1582
f 1795 787 1721
f 1559 651 536
f 706 825 2020
f 1320 2460 990
f 896 1547 2243
f 849 1037 2450
f 840 403 1577
f 2076 1583 2163
f 2190 871 164
f 1157 1564 2129
f 2120 2192 838
f 931 1724 827
f 948 655 504
f 2085 1017 2115
f 1529 2358 1248
f 2115 1017 2417
f 1991 2195 309
f 55 1857 1775
f 1238 2361 2357
f 1562 2521 1168
f 270 1587 792
f 834 425 1589
f 2092 941 2124
f 2037 2281 1085
f 884 180 1311
f 871 2496 1749
f 675 2083 2164
f 112 2419 2146
f 743 499 657
f 1009 192 2472
f 1668 1717 1495
f 683 2274 996
f 2433 1452 1985
f 1826 49 1179
f 659 1531 81
f 2109 2103 2366
f 1933 342 336
f 2322 746 1283
f 1136 1588 1964
f 2128 2169 1100
f 2128 2491 745
f 761 2369 757
f 2421 2305 2219
f 1500 2169 2127
f 1300 1301 755
f 2528 667 1503
f 1566 2169 2128
f 1258 1494 2372
f 1596 2548 1328
f 1298 760 1158
f 2169 760 1298
f 2059 2167 2130
f 759 2197 277
f 2407 844 843
f 1981 394 591
f 2249 1595 1594
f 1802 1399 2260
f 1595 2249 262
f 433 444 720
f 685 1474 476
f 744 2136 663
f 746 2322 1333
f 448 1491 1484
f 2066 679 671
f 2140 656 943
f 612 758 1246
f 1659 1593 1924
f 1614 1573 1819
f 2124 680 2092
f 142 1047 779
f 2136 743 657
f 657 655 2044
f 662 679 675
f 2140 2044 656
f 1409 1812 1865
f 2392 689 2123
f 929 943 668
f 2355 2237 2365
f 673 675 2066
f 2146 2054 2135
f 2132 12 1915
f 46 1087 1496
f 675 679 2066
f 68 2252 1025
f 1073 503 246
f 2006 873 1730
f 1861 1505 1005
f 1495 1235 1668
f 1574 1935 481
f 743 550 2039
f 2310 2332 2331
f 727 1644 1621
f 1273 343 79
f 2332 2212 2331
f 1132 875 2298
f 1055 806 819
f 982 2278 1460
f 935 2114 950
f 2548 1596 1668
f 2044 2131 663
f 950 2131 935
f 499 655 657
f 818 819 1840
f 1505 163 1101
f 209 1748 880
f 860 2061 804
f 887 865 1595
f 1498 1144 115
f 663 2136 2044
f 878 877 2170
f 2327 1692 587
f 753 802 451
f 311 452 699
f 2022 700 1269
f 1283 2328 1658
f 411 801 698
f 699 701 1698
f 410 1870 802
f 699 700 311
f 1118 2261 1759
f 12 993 703
f 315 88 1553
f 1675 2011 1721
f 2185 1640 2204
f 170 1786 2352
f 727 390 2351
f 1790 1409 1865
f 97 2279 2496
f 866 830 790
f 742 1838 729
f 1462 1051 1188
f 2088 1093 791
f 2326 288 295
f 2350 1239 2454
f 788 613 2525
f 943 656 948
f 2112 2085 668
f 668 2085 2123
f 1684 448 2320
f 2114 935 2054
f 2135 112 2146
f 212 1647 1748
f 1985 708 1142
f 2080 217 212
f 1265 1597 1884
f 214 2075 221
f 715 223 927
f 245 215 1610
f 906 1610 215
f 2151 1353 365
f 1625 1917 1475
f 228 1616 921
f 1209 2270 734
f 765 2403 2313
f 1281 1205 1170
f 1605 897 248
f 247 229 905
f 946 1102 1641
f 229 248 905
f 1620 905 249
f 1613 908 715
f 1361 1510 1467
f 1600 230 1611
f 2213 2147 2478
f 890 922 923
f 1759 2139 2424
f 1622 914 2428
f 2010 1619 237
f 901 255 240
f 241 715 908
f 1218 1044 140
f 514 915 900
f 840 1778 1313
f 2318 1765 1767
f 1617 258 2013
f 258 1617 1618
f 910 911 1618
f 1918 1605 921
f 1273 627 623
f 1646 1367 1390
f 228 894 244
f 221 219 243
f 513 2340 977
f 1512 2406 428
f 1149 1517 2485
f 901 240 253
f 2429 1651 1444
f 919 901 711
f 2438 1610 907
f 2512 134 1709
f 2364 751 397
f 1439 2253 453
f 2205 2315 735
f 1616 210 928
f 248 894 1605
f 253 240 1606
f 249 1625 925
f 1175 1766 1197
f 1600 1775 2148
f 261 250 904
f 232 233 1617
f 1051 1360 1188
f 911 922 1603
f 1605 913 897
f 2153 1576 107
f 1833 2329 514
f 1194 1573 1208
f 252 900 713
f 1627 1628 253
f 711 1628 907
f 1523 1718 1522
f 2151 238 923
f 255 224 1350
f 1612 247 1620
f 1623 257 1622
f 257 1623 1917
f 249 905 912
f 241 1608 513
f 2147 2213 915
f 890 2458 258
f 995 2483 2091
f 1204 1836 1203
f 1466 252 261
f 920 916 713
f 1722 961 937
f 784 1652 1650
f 81 1572 1902
f 1839 332 2549
f 1697 2018 618
f 2395 1715 2471
f 969 479 896
f 477 1000 884
f 399 1804 2289
f 989 1319 820
f 2160 984 992
f 1125 1946 381
f 1110 1106 1109
f 2460 983 990
f 2379 1058 985
f 1848 985 1312
f 988 1848 840
f 1319 989 1719
f 2226 2001 1320
f 808 2279 146
f 2386 978 1811
f 1088 1089 537
f 2000 1849 2156
f 1719 989 1576
f 1059 1862 2152
f 988 1313 2152
f 2225 2376 990
f 983 2460 2233
f 1861 1324 2393
f 1162 2154 1578
f 1313 1778 1140
f 2226 773 975
f 2376 773 2226
f 1725 446 2224
f 1324 1861 1310
f 722 2159 1066
f 1012 1326 1307
f 1065 13 15
f 1061 1322 17
f 37 44 1310
f 18 19 2264
f 19 18 36
f 1047 398 2285
f 38 139 2275
f 1836 22 21
f 1119 1044 361
f 2158 2159 722
f 1064 1063 23
f 1307 39 23
f 25 48 1064
f 27 1321 406
f 47 28 29
f 52 42 30
f 1317 1308 2526
f 2263 1305 31
f 1119 379 398
f 1322 1061 32
f 1315 1819 45
f 33 47 42
f 48 33 1057
f 13 1065 1318
f 1322 1065 15
f 41 1309 1322
f 1835 50 34
f 1975 985 1058
f 765 19 35
f 35 36 1067
f 1307 23 722
f 31 37 2264
f 1310 2157 18
f 1326 1318 39
f 25 1064 39
f 1062 27 40
f 30 42 29
f 1364 361 1196
f 1314 43 1835
f 798 2078 723
f 22 2265 1316
f 33 45 47
f 25 1309 26
f 1975 1058 34
f 1802 2268 1399
f 2260 242 1802
f 1058 51 34
f 2495 568 710
f 949 2266 1038
f 2512 295 134
f 1275 1268 1659
f 1330 2340 2342
f 1252 702 2322
f 1525 359 331
f 1328 105 1895
f 114 1144 1891
f 1145 1130 2547
f 1816 1031 648
f 501 1516 1907
f 2313 2403 1688
f 1011 1144 114
f 2234 2393 1324
f 1659 726 1275
f 2247 2317 143
f 120 109 2364
f 1699 1866 1629
f 138 1637 1636
f 1561 1269 2296
f 1017 1490 2417
f 2183 712 113
f 118 1894 733
f 329 2339 2550
f 2550 1651 1141
f 2161 1148 1416
f 2245 604 1286
f 2413 1455 874
f 1584 2050 421
f 1583 1932 2163
f 1012 1641 1326
f 337 456 2216
f 2163 1180 837
f 1993 741 687
f 536 537 609
f 1095 1962 1090
f 829 1182 1869
f 952 749 1867
f 1158 2217 57
f 671 744 2116
f 952 745 1156
f 749 1669 1173
f 1368 1667 2297
f 2297 1156 434
f 304 1229 1331
f 1173 1670 57
f 412 411 698
f 753 754 341
f 2059 2371 2259
f 2069 1499 2168
f 756 2168 2127
f 850 770 860
f 2176 761 757
f 757 756 1298
f 1482 1209 1028
f 2169 1500 1100
f 2169 1566 760
f 2170 877 1299
f 2058 2129 1564
f 938 2369 761
f 756 2369 854
f 2128 1100 2491
f 1299 2371 2059
f 2421 2219 2129
f 1301 2110 755
f 772 781 1163
f 2060 782 2052
f 1300 755 2058
f 667 812 1503
f 962 769 958
f 681 743 2136
f 2267 2415 627
f 929 2142 672
f 671 681 744
f 1190 1768 162
f 929 935 2140
f 1157 2221 1564
f 752 2218 878
f 935 929 672
f 1867 2217 1566
f 46 2135 2041
f 837 2076 2163
f 1037 493 2450
f 883 2068 2203
f 1461 1813 391
f 1028 1863 1482
f 1035 267 1950
f 1663 804 2061
f 1217 1983 2
f 1982 1662 682
f 1453 1660 1164
f 2156 692 836
f 966 352 766
f 971 2174 966
f 892 891 2262
f 820 2060 767
f 973 960 2051
f 964 774 770
f 2052 772 1165
f 1400 1227 694
f 975 2001 2226
f 849 180 884
f 771 1164 781
f 766 960 962
f 2376 2000 957
f 198 2051 1803
f 975 1319 2001
f 471 509 1642
f 2543 2541 1987
f 2218 1673 2143
f 1301 2221 1586
f 2129 2219 1157
f 207 196 1727
f 1071 1602 1956
f 824 720 2006
f 265 1036 2254
f 1027 783 2177
f 2048 489 2104
f 1581 1020 1194
f 191 2479 2133
f 688 2090 1592
f 896 1742 1954
f 476 433 1967
f 82 793 2256
f 859 1441 2198
f 658 1874 2316
f 2533 531 496
f 38 1118 1160
f 755 1440 2197
f 1302 1793 286
f 168 850 860
f 2193 875 1132
f 1436 876 2182
f 1215 2272 2519
f 2074 2524 204
f 1688 797 2274
f 1043 1135 795
f 452 311 308
f 452 1870 698
f 695 753 451
f 754 753 695
f 698 410 412
f 2216 1092 337
f 2117 1090 1962
f 662 550 743
f 442 2193 1132
f 2112 668 943
f 2142 668 677
f 668 2123 677
f 806 409 1831
f 1221 1032 1359
f 1793 1133 286
f 137 492 289
f 2084 542 540
f 2110 812 541
f 289 287 2420
f 542 285 277
f 1060 287 813
f 841 626 843
f 2343 494 2209
f 442 843 626
f 323 789 1591
f 981 2413 811
f 2428 242 2260
f 2100 719 664
f 2099 2228 1450
f 1731 2401 621
f 1697 1998 2094
f 2285 810 779
f 231 692 2063
f 1130 1893 396
f 2344 1130 1540
f 2380 2162 134
f 867 1882 1985
f 2467 1666 1911
f 1430 1739 1169
f 1216 1716 2476
f 1987 471 1642
f 940 80 1437
f 814 540 278
f 868 1346 1084
f 784 899 1652
f 2361 181 2357
f 1954 969 896
f 693 706 89
f 2331 2212 2082
f 2043 788 1485
f 2525 2105 1485
f 785 226 684
f 1967 685 476
f 2088 791 1908
f 860 861 168
f 837 998 2076
f 421 2050 2215
f 1082 945 473
f 2237 108 2389
f 1885 64 2513
f 829 998 837
f 121 346 1377
f 299 1461 391
f 980 1038 800
f 405 1175 2258
f 1805 1884 1523
f 1572 81 2260
f 2225 983 883
f 614 68 1935
f 1147 1910 1666
f 2061 774 1983
f 2033 547 1846
f 1045 2497 205
f 2069 849 2450
f 2189 2466 1665
f 1851 1429 163
f 1102 946 1853
f 2127 2168 1499
f 1847 312 462
f 1846 2269 1847
f 2514 369 994
f 2275 2192 176
f 1980 2517 1086
f 1135 954 795
f 442 1132 2407
f 2330 2087 797
f 465 1905 1921
f 1581 1194 1437
f 1581 173 869
f 844 796 841
f 2407 345 844
f 1862 1059 1316
f 2031 1155 1859
f 44 32 1061
f 2029 457 1154
f 847 1855 1154
f 1447 848 2035
f 1860 1851 2463
f 1803 1778 987
f 1996 2466 1369
f 21 1578 2154
f 1994 2032 460
f 1624 2299 180
f 2220 1849 2225
f 1848 984 2379
f 2229 2510 1234
f 2256 1585 1368
f 1923 1799 993
f 1699 596 420
f 2450 493 1757
f 1311 185 1021
f 863 2021 110
f 1020 734 2271
f 103 863 1533
f 1499 2069 2450
f 2196 1302 220
f 286 667 1302
f 2197 2058 755
f 854 2369 2198
f 908 2457 241
f 2259 2305 2421
f 1442 284 859
f 685 1967 1434
f 1202 670 2035
f 804 1844 861
f 982 2482 2067
f 1763 2067 2482
f 981 811 1097
f 2393 1505 1861
f 864 2319 197
f 857 1465 1959
f 2207 1527 682
f 69 1832 2100
f 175 290 1040
f 830 866 236
f 866 831 851
f 2180 2181 790
f 348 1468 2495
f 827 2188 543
f 320 2520 704
f 350 518 486
f 1342 714 254
f 820 767 198
f 425 991 2201
f 422 1684 1866
f 318 538 2388
f 164 1745 2072
f 699 801 701
f 2120 870 2139
f 2275 146 872
f 494 2521 2209
f 2135 2054 672
f 2210 2493 1097
f 2203 2220 883
f 2474 1716 213
f 476 1474 1955
f 1216 2476 101
f 684 262 785
f 2267 2332 2113
f 744 681 2136
f 1359 1813 1221
f 88 2286 441
f 875 2193 2073
f 2407 1132 2298
f 878 2176 752
f 2143 877 2218
f 2371 2143 435
f 2044 2136 657
f 760 2217 1158
f 761 2176 878
f 2316 1793 1952
f 2113 77 2267
f 1592 2180 688
f 211 222 817
f 1220 2208 370
f 2058 2197 759
f 1599 2147 1177
f 2209 2118 2343
f 180 849 2069
f 61 2068 883
f 2082 79 1136
f 2082 1136 942
f 1131 991 483
f 890 258 1603
f 659 2461 1623
f 2131 950 1030
f 941 673 947
f 1606 338 1627
f 1619 1466 261
f 2150 261 904
f 239 1609 2151
f 249 1917 1625
f 905 1620 247
f 244 243 228
f 232 1617 2013
f 924 259 910
f 911 910 235
f 237 1604 2010
f 1733 2477 915
f 1606 240 917
f 1673 2148 2457
f 2013 258 2458
f 1605 228 921
f 1616 928 1609
f 922 911 251
f 239 923 922
f 1620 249 925
f 1628 711 253
f 649 2077 2116
f 2117 646 637
f 2385 1833 1518
f 2478 2147 1611
f 229 247 244
f 1142 216 1985
f 1863 1757 2171
f 2116 643 671
f 2400 1558 16
f 717 710 1270
f 1047 2285 779
f 1528 2098 669
f 1724 1931 933
f 1075 158 936
f 1048 71 8
f 1840 1199 818
f 2436 549 220
f 1041 409 1055
f 1663 1919 804
f 236 866 763
f 851 833 1925
f 202 256 1925
f 867 424 1882
f 2025 70 1427
f 2225 883 2220
f 196 2531 2530
f 697 1247 280
f 816 71 1048
f 789 2239 294
f 1996 1369 531
f 117 2389 2374
f 622 2108 412
f 207 1727 191
f 1826 1906 1241
f 2409 1341 1252
f 2230 1028 869
f 940 876 1436
f 1983 956 2
f 72 1490 1017
f 1747 1271 2146
f 689 1496 1087
f 112 2135 46
f 186 2266 1800
f 618 2395 1998
f 1469 694 2118
f 959 2476 893
f 1993 1184 741
f 1929 1947 127
f 704 2525 2038
f 289 2063 84
f 659 1622 1531
f 2166 1158 57
f 2305 435 2219
f 1951 1481 2178
f 1173 57 2217
f 749 1173 1867
f 2205 1478 1890
f 297 551 690
f 2438 2446 1538
f 2205 2179 1431
f 998 498 2191
f 147 1186 151
f 2179 89 621
f 1774 141 1705
f 148 142 779
f 1222 1197 953
f 325 149 1462
f 1770 1193 1769
f 1769 150 1770
f 151 1186 1176
f 1764 1705 1834
f 1774 1764 144
f 1597 1023 159
f 153 162 152
f 154 800 1221
f 1767 1190 1192
f 1768 159 162
f 156 1764 885
f 2062 486 518
f 1863 1028 2230
f 1242 2182 1921
f 2330 2030 2519
f 1481 1726 1723
f 777 2231 1527
f 1163 2172 775
f 777 956 964
f 962 2056 769
f 962 960 972
f 826 825 1519
f 769 2056 2231
f 778 1162 1469
f 771 2052 782
f 2300 975 773
f 1486 2045 2109
f 774 964 956
f 2056 972 775
f 775 2172 1982
f 966 958 971
f 2231 777 768
f 491 450 2047
f 2154 778 1001
f 320 704 220
f 2055 2434 1400
f 2434 2174 842
f 2099 1450 786
f 2061 860 770
f 781 469 1163
f 2052 1165 2060
f 352 2051 766
f 2300 1015 1959
f 2420 2063 289
f 85 2125 246
f 1665 2194 460
f 800 885 980
f 2023 811 2413
f 1302 2196 1793
f 2023 2413 1993
f 2331 628 331
f 184 2111 1525
f 1834 1705 1039
f 1222 810 2238
f 1804 2258 1175
f 232 903 2256
f 1972 1780 2075
f 838 1852 2072
f 2072 1852 2190
f 872 2192 2275
f 520 519 1785
f 2190 1852 872
f 1773 516 1777
f 1230 1053 2255
f 2372 1246 2026
f 2156 84 692
f 1319 2060 820
f 2526 2379 984
f 94 2155 2152
f 2152 1578 1059
f 2193 442 1823
f 1768 2494 1018
f 1290 2460 487
f 477 1311 1021
f 2376 1849 2000
f 403 1848 1312
f 987 1579 820
f 1862 2160 992
f 2181 1544 1545
f 2281 2028 1085
f 899 1448 1652
f 1958 857 630
f 2034 77 1082
f 76 77 2034
f 184 2134 296
f 1923 993 12
f 1072 1789 994
f 369 1116 1072
f 863 110 1948
f 1806 1293 1828
f 813 287 289
f 2403 765 1170
f 137 84 2156
f 476 1986 444
f 1457 2440 2232
f 999 2393 1259
f 2257 776 1160
f 1834 1512 980
f 1044 1119 1047
f 2331 359 2310
f 980 885 1834
f 1763 886 850
f 842 2493 2222
f 1849 137 2156
f 714 816 1738
f 1792 1874 658
f 1843 1198 545
f 1625 2459 1643
f 1104 485 2012
f 2459 1625 1475
f 976 2071 2397
f 1002 1067 2283
f 1204 1137 1070
f 932 297 690
f 493 2171 1757
f 1863 2230 2491
f 960 973 972
f 510 799 1013
f 466 1471 2232
f 2232 67 1457
f 16 70 10
f 1558 2402 930
f 771 2053 1164
f 34 1314 1835
f 1614 1819 1315
f 43 28 803
f 2271 45 1819
f 171 2235 1446
f 2047 2239 2046
f 489 2366 2104
f 1470 392 1228
f 1016 1934 2386
f 1007 187 2425
f 1708 1704 1007
f 2472 1706 190
f 449 431 1660
f 949 1512 1285
f 1708 1228 182
f 2508 1006 1514
f 959 686 1552
f 188 193 1704
f 1552 2214 1223
f 1548 1223 1549
f 193 1007 1704
f 1651 2429 1150
f 497 1624 1821
f 202 297 256
f 1641 13 1326
f 1925 833 202
f 888 2408 2133
f 940 1436 218
f 1094 1962 1095
f 1961 1092 633
f 638 1094 1963
f 1961 336 337
f 537 651 712
f 535 1014 1095
f 1962 641 2117
f 2316 631 895
f 2347 1000 50
f 1315 40 1614
f 865 1426 2539
f 803 2270 43
f 2126 1640 2185
f 2241 1203 1836
f 15 388 2234
f 2302 1012 1479
f 1796 1072 1116
f 2494 1463 1018
f 1134 468 2036
f 444 433 476
f 2189 2242 1152
f 2522 2523 2242
f 946 848 1853
f 2450 1500 1499
f 163 1850 1851
f 931 827 2287
f 689 677 2123
f 830 2287 688
f 2029 1154 205
f 262 2249 265
f 1838 1957 260
f 1590 1545 1544
f 933 827 1724
f 213 73 1217
f 809 2229 1022
f 730 166 2309
f 1471 466 805
f 688 790 830
f 213 1716 1216
f 1864 2111 467
f 1509 1068 1108
f 2486 794 2441
f 1443 1772 2344
f 1458 1635 2245
f 1718 2475 1522
f 159 1718 1523
f 1458 1018 1632
f 1541 427 1792
f 1146 1953 1818
f 1718 159 1768
f 714 71 816
f 1181 1460 1854
f 2282 1454 2070
f 2282 2023 454
f 265 2249 267
f 741 1078 687
f 152 159 1023
f 2286 2092 680
f 1218 1632 1463
f 1594 543 2188
f 1634 1633 145
f 1638 1753 1637
f 1080 149 2447
f 1639 325 1188
f 1210 40 406
f 2271 803 28
f 13 1641 1024
f 1701 560 2394
f 2402 1558 815
f 946 2035 848
f 818 207 819
f 1417 2064 1700
f 1072 189 1789
f 709 1329 650
f 947 634 2124
f 1029 640 2066
f 649 1030 642
f 2077 639 2250
f 1899 1816 660
f 648 641 642
f 641 648 1031
f 1899 1148 2161
f 1186 2236 1811
f 267 1035 265
f 1649 873 1631
f 2408 888 1339
f 1374 581 572
f 443 1027 512
f 2254 2186 226
f 1022 404 809
f 1356 590 589
f 1416 1150 2161
f 1679 2062 1693
f 2137 1779 2255
f 1712 409 1041
f 2281 2025 1427
f 2289 1804 2238
f 1175 1197 1804
f 2291 391 1813
f 2258 1804 399
f 2254 1041 2186
f 776 2257 1174
f 1159 2236 147
f 1042 141 417
f 1222 2238 1197
f 2288 2236 1159
f 2236 2288 1811
f 1512 949 980
f 1044 1161 361
f 1039 1042 1934
f 2002 1682 558
f 2266 1359 1032
f 1032 1038 2266
f 593 2551 1406
f 725 1745 647
f 1521 2310 359
f 1287 603 1178
f 1055 819 2186
f 2072 2119 838
f 1852 838 2192
f 2110 1301 1503
f 2421 285 852
f 1502 490 2167
f 2198 938 853
f 568 2495 1468
f 1502 2259 852
f 2268 1802 2091
f 1627 253 1606
f 181 1725 2224
f 1370 1558 2400
f 1002 1370 1010
f 902 2357 181
f 1324 17 2234
f 2011 1675 11
f 13 1024 15
f 1479 2159 2265
f 299 391 1196
f 312 2464 1990
f 978 2386 1934
f 1478 1652 629
f 2238 810 1127
f 2347 50 1835
f 596 1629 2320
f 2270 1835 43
f 2263 406 1321
f 31 2349 2263
f 1306 2158 54
f 39 1307 1326
f 1057 1064 48
f 51 1308 1317
f 1310 44 1061
f 2214 1552 686
f 2265 1070 1479
f 1314 29 43
f 1862 1316 724
f 2158 1316 2159
f 512 1027 2204
f 52 2378 1306
f 2526 2378 1317
f 1057 1063 1064
f 41 27 1062
f 1004 1067 36
f 2419 1747 2146
f 378 2422 1710
f 1506 387 1940
f 2288 1025 2252
f 2288 404 1022
f 2261 176 2139
f 1115 2289 1127
f 1117 399 1129
f 2291 1813 1359
f 295 288 2380
f 1674 291 719
f 514 2329 1177
f 1105 2319 1189
f 1938 450 491
f 439 149 325
f 1738 816 2390
f 806 1840 819
f 404 1159 2257
f 1697 2273 2018
f 1922 1791 135
f 404 2288 1159
f 800 1038 1032
f 1051 1462 1124
f 865 939 1595
f 2082 628 2331
f 2308 1484 1491
f 2375 344 291
f 1570 1457 24
f 2311 745 2491
f 2171 1482 1863
f 1167 1137 466
f 1025 1022 2229
f 881 220 704
f 2315 1738 1740
f 1329 2335 1489
f 1182 517 160
f 1774 150 141
f 1446 879 1534
f 1534 2105 2141
f 1078 1193 421
f 741 1184 147
f 151 1078 741
f 1637 138 1901
f 695 2164 310
f 2022 2334 311
f 2108 415 1654
f 1912 1914 2099
f 145 138 1634
f 199 1927 1191
f 712 2183 537
f 1202 1479 1070
f 1202 2302 1479
f 1281 765 35
f 999 163 1505
f 2400 1430 1169
f 271 2348 1980
f 1134 955 470
f 2272 1195 875
f 2073 1114 2272
f 2398 1350 2314
f 1215 1213 2272
f 1785 707 1355
f 2274 797 465
f 875 1739 2298
f 401 1124 2492
f 1462 2492 1124
f 732 2027 1567
f 1050 2492 2317
f 1050 2317 405
f 353 1976 1105
f 534 1358 1966
f 299 1196 1161
f 978 417 1176
f 1042 417 978
f 1159 1174 2257
f 1281 1010 1205
f 379 360 366
f 1200 1004 2301
f 1835 2270 1209
f 2041 1087 46
f 264 2284 576
f 1087 677 689
f 1964 633 1092
f 1095 1963 1094
f 636 335 336
f 168 861 2277
f 1199 158 1075
f 1517 1149 532
f 1096 2277 1480
f 2277 1096 168
f 811 1746 1097
f 1549 616 1602
f 2356 2548 1235
f 2482 982 981
f 1096 2278 982
f 1009 190 1815
f 2278 862 1854
f 97 146 2279
f 1663 934 1919
f 1230 1779 2165
f 1000 2280 1037
f 2263 2349 1206
f 1562 805 1203
f 2491 173 2311
f 996 351 1206
f 1371 1438 264
f 1371 1408 1438
f 1121 367 1363
f 381 363 1110
f 1196 391 1111
f 375 1122 1944
f 364 1113 400
f 1113 377 1945
f 385 398 2248
f 384 372 1940
f 2423 762 1937
f 1941 385 372
f 383 1126 1128
f 1720 1360 1944
f 374 1120 1110
f 1942 1366 355
f 1366 1125 1122
f 376 1123 1107
f 1113 364 378
f 453 2253 1111
f 1907 360 1364
f 366 2248 379
f 1079 407 303
f 902 181 2224
f 2258 1117 1126
f 1241 1736 49
f 2291 1359 1939
f 1189 1720 1112
f 80 940 218
f 1124 401 1365
f 802 1870 292
f 1945 1107 1128
f 367 386 1363
f 381 389 363
f 1117 2258 399
f 399 400 1129
f 400 2289 1115
f 991 2145 2227
f 2088 1091 1926
f 765 2313 19
f 2264 2313 1280
f 796 2037 1085
f 844 841 843
f 1000 2347 2280
f 1209 1482 1835
f 2248 366 385
f 823 395 742
f 342 739 456
f 654 2122 693
f 1166 388 1024
f 1979 2455 272
f 1233 1434 1138
f 1264 1626 2296
f 1258 122 1141
f 1651 1150 1141
f 1584 1582 2024
f 733 2506 118
f 1894 329 733
f 2296 1626 1561
f 1256 1895 118
f 1275 1744 1272
f 2387 1247 1008
f 2512 1516 501
f 710 568 1270
f 1130 396 1540
f 2465 1114 1822
f 513 1472 2340
f 125 69 664
f 1896 1191 268
f 1104 1091 2439
f 2402 457 930
f 429 2011 1981
f 1152 1429 1851
f 312 1990 462
f 1904 1930 1048
f 1665 2522 2189
f 1994 2195 845
f 845 2195 847
f 846 2031 1859
f 2325 1349 602
f 1170 765 1281
f 2068 284 855
f 2064 2208 1700
f 2216 456 96
f 1349 2360 2358
f 1156 430 434
f 2219 435 750
f 1299 877 2143
f 1073 2125 434
f 2393 999 1505
f 2275 176 2261
f 2261 1118 38
f 2298 1739 1430
f 351 2182 1171
f 2403 1170 1215
f 1169 1739 1195
f 957 2000 2418
f 914 259 2428
f 975 782 1319
f 2300 2053 771
f 2154 1162 778
f 960 766 2051
f 777 2207 956
f 2052 781 772
f 768 769 2231
f 2478 1671 1568
f 1600 2148 230
f 767 2060 1165
f 1629 1684 2320
f 458 1259 1166
f 965 963 352
f 1215 1170 1213
f 996 1206 2349
f 1280 683 2349
f 204 1736 1241
f 995 233 793
f 1673 2218 230
f 803 734 2270
f 1313 94 2152
f 1464 1957 737
f 1158 2166 2176
f 1157 2219 750
f 1173 2217 1867
f 405 2317 393
f 779 810 1222
f 1833 900 252
f 1705 141 1042
f 2179 735 89
f 2308 1491 1714
f 2028 2497 206
f 472 1864 467
f 1580 1146 467
f 1462 1080 2492
f 178 2336 1504
f 1497 823 742
f 1199 1075 445
f 2422 1011 1710
f 1069 2422 1511
f 1278 206 2497
f 762 2423 2162
f 794 1633 2441
f 2065 1335 1220
f 1510 1026 1467
f 1234 481 2229
f 1869 1076 1179
f 2246 140 142
f 160 1076 1182
f 1184 874 1900
f 144 1077 1771
f 417 1769 1176
f 1834 885 1764
f 800 156 885
f 1767 1221 2318
f 157 1766 1175
f 1720 1639 1188
f 124 864 440
f 984 1848 988
f 159 152 162
f 517 161 160
f 1192 1190 153
f 161 154 1192
f 166 1995 2309
f 1766 157 1901
f 150 1774 1771
f 1076 153 152
f 1111 1364 1196
f 75 2424 870
f 1912 786 1425
f 1250 858 2392
f 514 900 1833
f 1073 430 2311
f 82 2125 85
f 136 231 2063
f 1002 2283 1845
f 1169 1205 1010
f 1688 1280 2313
f 1573 1614 1208
f 2271 1573 1020
f 1023 1179 152
f 97 871 2190
f 2309 1995 2228
f 1482 2347 1835
f 1738 2390 1922
f 2208 1220 1700
f 1415 2342 1714
f 1801 2486 1571
f 1881 2490 2444
f 2513 90 1885
f 468 307 201
f 1976 197 1105
f 416 2108 1654
f 2182 876 1171
f 1208 876 1194
f 2461 1297 1623
f 2525 1485 788
f 358 423 199
f 1947 218 1242
f 637 646 2161
f 242 924 1802
f 321 1874 1792
f 631 2316 1952
f 260 1957 1561
f 1213 1205 1195
f 778 2209 1001
f 1550 2454 1056
f 1727 2479 191
f 1293 1806 1758
f 2266 186 740
f 327 2553 620
f 986 1576 989
f 132 2194 1254
f 1041 1055 2186
f 323 2106 789
f 1188 325 1462
f 1914 821 1913
f 961 1958 1723
f 2185 2214 2126
f 988 840 1313
f 1140 1803 974
f 393 1175 405
f 2492 1080 143
f 1720 1189 124
f 1244 1187 14
f 1332 2362 2086
f 1243 2363 615
f 1524 1237 2391
f 882 349 2294
f 348 1893 1468
f 1236 1289 447
f 1692 2327 1245
f 474 1986 1955
f 374 397 751
f 1905 465 1992
f 2291 1939 997
f 2069 2202 1624
f 1433 1289 2351
f 63 177 103
f 1236 1261 1260
f 614 4 1054
f 365 1353 1786
f 1509 114 1510
f 2454 1239 1524
f 602 1678 2096
f 14 1978 1244
f 2042 479 2020
f 762 2409 1506
f 1558 1370 815
f 2252 1263 2386
f 2361 112 1224
f 2454 823 2350
f 882 1760 349
f 1284 1607 1645
f 977 2340 1330
f 1041 2254 1036
f 501 1439 1303
f 2138 2293 1138
f 2375 1250 2335
f 1249 1497 111
f 2086 186 1800
f 1141 1416 1258
f 758 822 1492
f 1167 670 1202
f 1259 458 999
f 1429 2301 1101
f 1200 2242 2283
f 61 983 2233
f 1272 1268 1275
f 927 1157 1613
f 1598 747 1894
f 105 2547 716
f 1069 721 1283
f 1621 2337 568
f 183 1787 723
f 858 2375 1674
f 1504 2336 1266
f 1234 2510 392
f 2107 512 2204
f 1574 481 1234
f 2323 1529 1248
f 1659 1268 1473
f 1252 1341 702
f 707 1781 1974
f 1340 1248 2360
f 1537 539 2426
f 828 2539 1233
f 870 2120 838
f 1562 1203 2241
f 1012 2302 1641
f 2356 368 1493
f 1561 437 1489
f 72 2373 1489
f 1593 1239 1924
f 1054 117 2374
f 380 1473 1251
f 1251 1498 380
f 1148 1899 1214
f 2554 2021 863
f 1264 1698 119
f 729 109 120
f 1893 1130 727
f 2372 122 1258
f 732 2161 1150
f 2106 2292 789
f 294 1591 789
f 1131 1590 294
f 2162 1341 2409
f 2108 317 411
f 1341 2162 2380
f 2495 710 1777
f 568 1277 1621
f 1467 1026 1272
f 1470 302 1234
f 949 1285 1800
f 1749 2473 647
f 111 116 1249
f 1329 437 1464
f 538 1948 2388
f 2065 2223 1335
f 346 1715 1377
f 2308 1472 1857
f 1868 2352 1151
f 2251 1340 2360
f 568 2337 1270
f 1274 1011 2422
f 727 1621 1277
f 1658 1274 1069
f 115 1011 1274
f 1229 2199 172
f 1892 1744 1275
f 1345 746 1333
f 734 803 2271
f 1206 351 1171
f 1994 2194 132
f 1370 2400 1010
f 2525 2141 2105
f 1201 1878 1267
f 2333 1256 118
f 1268 1251 1473
f 395 823 1225
f 194 1593 1473
f 390 1493 2351
f 1644 727 2351
f 1335 2396 564
f 368 1235 598
f 1236 600 696
f 601 2358 1529
f 2544 1758 1806
f 63 1756 177
f 1234 1508 1574
f 2323 1261 696
f 199 2549 93
f 1240 1237 194
f 2328 1284 1645
f 133 1879 1877
f 1289 1236 1644
f 1260 1644 1236
f 588 882 2294
f 1786 170 2144
f 166 1231 1995
f 2342 1415 1330
f 2337 1621 1260
f 402 1596 2333
f 1494 1664 2357
f 1596 1256 2333
f 1494 1148 1271
f 1658 1645 1498
f 1283 1252 2322
f 120 2364 2345
f 1497 742 111
f 1232 1333 702
f 1879 2540 1877
f 1497 1249 1924
f 1498 115 1658
f 1829 1740 1541
f 623 343 1273
f 337 342 456
f 335 2276 1933
f 826 2043 2042
f 357 1338 1420
f 2121 2399 1056
f 2384 1331 546
f 868 1084 1295
f 1347 1337 1425
f 2245 794 2486
f 1470 1266 1344
f 1261 2323 691
f 1477 1328 2548
f 11 2397 394
f 2274 683 1688
f 1195 2272 1213
f 875 1195 1739
f 970 2368 1513
f 139 1181 1854
f 738 546 1229
f 1337 1347 1344
f 1247 2387 280
f 194 1237 1524
f 2417 1672 1250
f 2335 1250 1672
f 448 1684 1491
f 1567 530 1565
f 970 2326 1303
f 1838 742 737
f 2372 612 1246
f 1593 194 1239
f 1542 1344 1266
f 1746 1227 2210
f 2340 1472 2342
f 2223 1330 2396
f 1917 1297 1475
f 1623 1622 659
f 2036 200 1953
f 1799 2546 300
f 938 2170 2130
f 593 1419 2551
f 854 2202 2168
f 2369 756 757
f 759 2129 2058
f 877 878 2218
f 2369 938 2198
f 834 2181 1545
f 745 952 2128
f 2128 1867 1566
f 1158 2176 757
f 2170 761 878
f 1300 1564 2221
f 1248 1340 691
f 1256 1596 1328
f 1789 2536 994
f 716 2547 2344
f 1172 2366 2103
f 1747 1664 1271
f 728 2026 1246
f 2363 1243 1439
f 2357 1664 1238
f 1243 970 1303
f 338 339 1575
f 611 1343 1560
f 1327 1676 347
f 1424 2391 2555
f 1338 357 2354
f 1312 1021 107
f 1099 2279 808
f 487 661 1290
f 1362 1467 1744
f 2459 339 1643
f 2350 1497 1924
f 1775 1857 1472
f 747 329 1894
f 477 884 1311
f 1290 2233 2460
f 990 983 2225
f 1577 403 986
f 487 1719 2153
f 2152 992 988
f 1578 2155 1162
f 2426 217 2370
f 2072 1745 807
f 18 37 1310
f 75 870 838
f 2518 2480 1724
f 1307 1066 1012
f 2207 2 956
f 1063 52 1306
f 1054 1422 117
f 41 26 1309
f 1 266 1842
f 2226 990 2376
f 30 51 1317
f 793 232 2256
f 48 25 26
f 33 48 1315
f 91 1212 731
f 2158 724 1316
f 2378 52 1317
f 1719 487 1320
f 42 47 29
f 2160 1916 2526
f 21 1059 1578
f 1368 434 1989
f 1755 545 2294
f 2241 21 2154
f 1321 27 41
f 1002 1323 1067
f 1524 1424 1056
f 390 727 1145
f 1257 105 1477
f 1249 726 1924
f 1015 957 2418
f 1251 1144 1498
f 2325 170 2352
f 2353 822 1435
f 1668 402 2353
f 29 1314 30
f 1261 1236 696
f 2325 1530 170
f 697 280 1376
f 2367 1177 2329
f 2265 2159 1316
f 2158 722 54
f 4 1935 1574
f 1759 2424 1815
f 2354 357 1240
f 234 790 2181
f 15 2234 17
f 2409 1252 721
f 1513 2381 970
f 2533 2074 1265
f 1340 1270 691
f 2337 691 1270
f 1342 1890 1951
f 515 1354 527
f 1543 1560 1343
f 1327 347 1333
f 1253 1543 1343
f 1721 2011 429
f 1347 1508 302
f 2524 2074 1850
f 977 2223 2065
f 269 611 1560
f 437 1561 1957
f 1843 730 480
f 1796 113 1072
f 2342 2308 1714
f 1665 460 2522
f 178 1253 6
f 1338 1607 1295
f 1237 1240 357
f 653 2432 210
f 1466 1619 1887
f 1973 2312 1352
f 214 515 1972
f 1707 2508 1743
f 1651 2550 2339
f 215 2081 2312
f 212 282 1139
f 529 1139 1968
f 2518 1724 931
f 534 525 1358
f 1784 707 1776
f 2453 1781 1357
f 526 1970 530
f 1444 1965 2429
f 1354 2398 521
f 515 1350 1354
f 1711 1325 1798
f 1355 1352 2081
f 1350 1782 2314
f 1970 528 1971
f 408 1702 1831
f 1968 525 1784
f 525 534 1357
f 534 1966 526
f 282 528 1358
f 809 404 2377
f 1127 2285 1941
f 302 1508 1234
f 103 1533 369
f 355 375 1360
f 2289 400 399
f 1038 980 949
f 1124 382 1051
f 1945 1117 1129
f 366 1516 2512
f 1941 2285 398
f 401 383 1943
f 385 366 1709
f 1325 1711 2511
f 386 1467 1362
f 367 1361 386
f 364 387 378
f 387 364 384
f 1806 1754 2544
f 361 379 1119
f 2248 398 379
f 385 1941 398
f 397 374 363
f 381 1946 371
f 1363 1942 1121
f 1123 1943 1107
f 354 373 1109
f 1360 1051 355
f 373 1112 1122
f 366 360 1516
f 1106 1120 1654
f 2260 1399 1572
f 1361 367 376
f 1366 1946 1125
f 173 2491 2230
f 454 687 2215
f 1084 607 1295
f 1698 751 119
f 1346 868 1345
f 2551 1419 821
f 1005 2301 1004
f 1795 290 2093
f 1505 1101 1005
f 2393 2234 1259
f 1102 1166 1024
f 1562 1168 805
f 1204 1203 805
f 1686 2173 1408
f 730 1428 1528
f 205 2497 1427
f 1356 555 1384
f 2295 555 1415
f 572 2002 1374
f 620 2553 2487
f 1696 66 2017
f 632 102 882
f 2299 1290 2338
f 1571 1254 1825
f 1721 429 1795
f 593 1997 1419
f 1407 1382 1687
f 1694 1383 594
f 2211 579 565
f 1701 554 2005
f 1410 2094 1226
f 2277 1844 1480
f 595 2008 1682
f 1997 2009 1412
f 1679 1394 1999
f 569 570 1414
f 2095 1717 1646
f 1495 2007 598
f 1692 2096 1402
f 577 1700 1386
f 1389 1683 1421
f 678 1832 1390
f 664 344 650
f 1346 1423 1392
f 1675 2049 488
f 2303 546 738
f 553 1686 1393
f 1693 1394 1679
f 2529 1949 1752
f 582 559 1696
f 1398 572 1680
f 1378 566 1683
f 119 260 1264
f 1687 1408 1379
f 2012 485 1372
f 554 1889 565
f 2019 590 2394
f 1384 2014 1701
f 558 1411 1374
f 1373 1419 1412
f 1412 2009 1691
f 1999 570 2016
f 486 1679 2016
f 977 506 2452
f 1367 1646 1717
f 1495 598 1235
f 1378 368 598
f 1378 599 1433
f 1289 599 447
f 1638 1901 157
f 1680 2323 696
f 91 1728 1212
f 104 455 1103
f 154 161 156
f 156 161 144
f 2362 2365 666
f 1418 603 1387
f 1914 2551 821
f 606 1388 78
f 665 1599 1517
f 2383 488 2237
f 1081 1434 1426
f 10 2400 16
f 2349 31 1280
f 129 620 1875
f 2487 1873 620
f 1210 406 1206
f 2542 1756 1810
f 2045 2138 432
f 1426 1233 2539
f 2293 2292 2106
f 262 887 1595
f 1903 2402 815
f 1019 1845 2242
f 1851 1860 1152
f 635 1878 1201
f 2385 676 102
f 345 2298 1430
f 1568 1671 2166
f 2422 1069 1274
f 1761 426 1262
f 2362 1332 2365
f 2490 87 1762
f 9 2381 2017
f 1239 2350 1924
f 2405 269 1560
f 288 2326 2381
f 2392 2417 1250
f 1433 599 1289
f 1378 1433 368
f 1342 1951 2178
f 503 173 1581
f 2220 2203 855
f 327 2488 2553
f 856 1440 281
f 1762 129 2490
f 2544 326 1753
f 283 542 2084
f 1862 724 2160
f 793 951 995
f 2028 2281 2497
f 652 1043 2028
f 2488 327 605
f 307 470 1817
f 605 1762 87
f 1951 629 1726
f 1890 629 1951
f 2182 351 1921
f 2407 843 442
f 455 587 2471
f 474 1955 1956
f 1956 1602 616
f 126 324 2503
f 783 474 616
f 2433 2064 1452
f 1427 2497 2281
f 1526 1661 959
f 1984 1661 1662
f 1662 1661 682
f 991 264 1438
f 1104 2411 1926
f 1483 485 2439
f 1093 1534 791
f 2118 2209 778
f 1574 1288 4
f 1013 799 293
f 1200 2283 1004
f 1883 1827 2443
f 132 1254 1571
f 1875 1808 2444
f 2553 1761 1807
f 811 2023 2282
f 1172 2103 1487
f 1133 1793 2316
f 986 1579 1577
f 1542 6 1291
f 567 1337 1304
f 2405 690 269
f 551 269 690
f 1461 2318 1813
f 2427 263 305
f 2416 1224 112
f 1493 368 1433
f 2477 1670 1669
f 2518 2516 1750
f 266 1 306
f 125 1464 737
f 2370 227 1537
f 1008 1247 167
f 748 2345 389
f 974 1729 1140
f 2359 86 588
f 475 2172 1163
f 1327 9 66
f 2538 197 624
f 1493 1477 2356
f 1690 2360 1349
f 609 537 1089
f 105 1328 1477
f 1725 181 2361
f 2224 446 1046
f 1278 2498 307
f 2501 1818 200
f 129 2444 2490
f 2119 407 75
f 1631 474 443
f 1481 478 2178
f 424 549 2436
f 1640 2126 1642
f 11 1981 2011
f 1406 1425 2470
f 630 857 2418
f 1709 366 2512
f 1033 1508 1347
f 1312 107 403
f 824 2200 432
f 591 1539 1843
f 1046 822 758
f 1434 1081 685
f 2325 1868 1690
f 2419 112 2361
f 2506 728 1492
f 2026 728 2506
f 2326 295 1303
f 880 189 209
f 1500 1757 1100
f 2170 938 761
f 759 277 285
f 760 1566 2217
f 1298 756 2127
f 1071 2479 2102
f 1728 91 104
f 2239 832 294
f 2168 756 854
f 2530 1548 2102
f 2130 2170 1299
f 1656 1722 1074
f 2531 1552 1601
f 1564 1300 2058
f 2130 2167 853
f 2110 1503 812
f 1301 2528 1503
f 1362 1744 748
f 178 2425 1253
f 188 1704 2165
f 182 1230 1708
f 1706 1515 1514
f 1006 2425 187
f 193 187 1007
f 190 1009 2472
f 1007 1504 1708
f 501 295 2512
f 2253 501 1907
f 1409 1790 1647
f 926 2438 1538
f 288 1232 2380
f 1293 1808 1830
f 2233 1290 2299
f 665 1517 532
f 1240 1473 380
f 1297 1917 1623
f 2102 1548 1602
f 924 2091 1802
f 2260 1531 2428
f 2504 1 158
f 2530 1601 1548
f 1628 1449 2438
f 1223 1601 1552
f 1742 2243 2456
f 1337 2470 1425
f 1521 945 1082
f 849 884 1037
f 1801 604 2245
f 1522 2489 1805
f 1633 148 145
f 1381 2244 2247
f 604 2489 1286
f 143 1080 2447
f 2113 1082 77
f 1230 1704 1708
f 2256 1368 1989
f 1733 1568 57
f 750 1613 1157
f 1551 1954 1742
f 631 705 1519
f 2196 220 881
f 1550 1294 1225
f 494 1168 2521
f 2228 2099 20
f 2252 68 1263
f 2125 1073 246
f 813 2184 1060
f 540 542 277
f 1851 1850 2463
f 1826 1241 49
f 510 165 95
f 825 706 1519
f 1136 2216 942
f 1588 1136 79
f 1936 1938 171
f 991 1131 2145
f 2141 704 2520
f 2134 110 296
f 1669 1734 898
f 705 788 826
f 102 676 362
f 165 993 1799
f 1792 658 1536
f 654 1829 1536
f 1740 1829 2315
f 183 1034 2538
f 780 886 842
f 1000 477 50
f 227 926 1538
f 211 817 2433
f 2098 1913 2211
f 2429 2027 732
f 522 2431 348
f 1773 1777 710
f 716 1772 2306
f 1935 4 614
f 1537 227 1538
f 614 718 1263
f 1735 1741 1334
f 2261 38 2275
f 2551 1914 1912
f 1678 2206 1226
f 1886 1040 2040
f 2456 2243 2103
f 1639 1276 1520
f 605 2447 149
f 1181 2462 1900
f 53 85 218
f 619 787 1795
f 2257 2377 404
f 1376 104 91
f 731 697 91
f 1986 476 1955
f 1290 661 185
f 482 588 2294
f 2078 798 334
f 1555 340 334
f 2410 415 622
f 1277 568 1468
f 2246 1635 1632
f 930 16 1558
f 455 346 1103
f 1040 100 2040
f 928 2307 1609
f 514 2147 915
f 2280 2171 493
f 1001 2209 2521
f 635 2442 2461
f 2426 1409 1647
f 415 354 1654
f 1565 1970 1563
f 547 1911 208
f 1732 752 1671
f 1611 2147 1599
f 2074 204 1906
f 2466 1648 1665
f 217 2426 1647
f 1539 2397 166
f 926 227 245
f 462 1990 533
f 1606 925 1643
f 1868 2432 2251
f 597 1674 1391
f 1881 1293 1758
f 1207 1814 1839
f 2536 1789 1790
f 2446 1449 1401
f 1571 1885 132
f 921 1609 239
f 2013 2458 2150
f 890 1604 2458
f 1734 2448 920
f 920 250 261
f 820 986 989
f 908 2468 2457
f 2457 2148 1608
f 225 919 906
f 984 988 992
f 1577 1579 840
f 1848 2379 985
f 2001 1719 1320
f 2037 796 844
f 2149 900 915
f 1507 2134 184
f 1086 1580 1980
f 248 912 905
f 1418 2469 603
f 799 1553 293
f 1866 1052 422
f 727 1277 1893
f 687 2023 1993
f 889 910 1618
f 510 723 2078
f 2459 1475 2503
f 1978 304 1331
f 1814 1476 1575
f 605 87 2447
f 1837 2537 1034
f 149 439 605
f 64 2441 1634
f 2477 1733 1670
f 480 730 1528
f 1254 1648 1825
f 1803 1140 1778
f 587 280 2327
f 2048 491 2047
f 688 2287 543
f 678 1390 1435
f 2109 2366 1486
f 1434 1967 2552
f 1434 1233 1426
f 858 597 1224
f 2489 2443 1805
f 2245 2486 1801
f 1395 2295 1714
f 1668 1235 2548
f 1638 2244 3
f 1444 2339 2453
f 2453 747 1598
f 2431 1540 396
f 2432 1151 210
f 505 2306 2430
f 653 644 2251
f 521 2495 527
f 214 2451 515
f 2303 2469 2384
f 529 519 1615
f 2080 529 1615
f 215 245 520
f 225 215 2079
f 919 2079 1782
f 1350 2451 255
f 282 212 209
f 2075 507 221
f 507 653 219
f 928 210 1151
f 1619 2010 167
f 223 715 506
f 708 1985 1882
f 348 521 522
f 511 1443 1973
f 1833 2385 632
f 2453 1598 1781
f 1443 511 2430
f 1777 527 2495
f 998 1869 498
f 1653 784 1451
f 339 1839 1575
f 1755 1909 591
f 1559 1971 1783
f 1571 2486 2441
f 1626 1255 1561
f 1604 890 2262
f 2262 890 238
f 1622 257 897
f 255 1612 917
f 919 224 901
f 353 354 415
f 261 2150 237
f 907 1610 906
f 907 906 711
f 325 1520 439
f 1616 228 243
f 243 244 221
f 261 237 1619
f 1620 1606 917
f 253 711 901
f 1809 2503 1475
f 539 1812 2426
f 1643 925 1625
f 926 1610 2438
f 907 1628 2438
f 1457 1583 2076
f 2451 214 1612
f 219 653 210
f 1921 351 2274
f 216 2528 1586
f 2528 216 1142
f 2036 1086 2517
f 839 2445 1083
f 212 1139 2080
f 215 2312 2079
f 1775 1600 55
f 1631 873 444
f 474 783 443
f 1027 443 783
f 974 352 963
f 2245 1286 1458
f 2245 1635 794
f 138 1636 1634
f 1755 5 1909
f 157 393 2244
f 1381 2247 143
f 1572 1399 99
f 1639 440 1276
f 1718 1768 1018
f 1458 2475 1018
f 148 1633 794
f 1458 1632 1635
f 1522 1805 1523
f 1634 1636 64
f 805 1168 1471
f 2441 1633 1634
f 1637 1788 1636
f 325 1639 1520
f 1720 124 1639
f 864 1034 440
f 2537 440 1034
f 970 2381 2326
f 1489 437 1329
f 83 1812 539
f 1809 1297 2442
f 615 2384 2368
f 246 503 1437
f 449 471 1987
f 1519 693 895
f 1984 475 431
f 431 469 1660
f 127 1947 1242
f 419 268 413
f 624 1976 2435
f 331 628 1507
f 1649 1451 495
f 512 1653 1451
f 179 345 10
f 1457 1570 2440
f 508 509 471
f 1657 509 508
f 2541 686 959
f 2030 1215 2519
f 1749 2496 2535
f 121 2093 346
f 2397 1539 394
f 955 1988 419
f 204 1858 1736
f 846 438 414
f 1719 1576 2153
f 1447 24 998
f 1473 1240 194
f 2479 1071 888
f 1897 301 427
f 1513 1488 1432
f 1526 893 2474
f 1338 78 1421
f 597 858 1674
f 689 858 1496
f 1304 1291 608
f 970 1243 615
f 1231 2071 436
f 1392 595 2015
f 1389 1388 571
f 729 111 742
f 1378 592 599
f 1997 1689 1677
f 1412 2290 1373
f 669 1348 480
f 1397 594 1375
f 1356 574 1415
f 1380 1379 569
f 1414 1413 585
f 618 2018 1387
f 1985 216 2433
f 554 2014 580
f 1372 577 1386
f 2007 1405 566
f 2008 1396 559
f 1683 1420 1421
f 1389 1421 78
f 1443 2430 1772
f 1598 1974 1781
f 1687 1393 1686
f 1691 2009 563
f 579 2290 2005
f 60 718 108
f 2096 1692 1245
f 583 560 2004
f 370 2065 1220
f 570 1999 1414
f 2433 817 2064
f 589 2396 574
f 1695 2015 1385
f 2446 2438 1449
f 1998 1697 618
f 1404 2019 1383
f 2485 1599 1177
f 806 1702 1840
f 1712 2527 1831
f 1842 158 1
f 1541 1536 1829
f 2454 1550 1225
f 1982 2172 1662
f 1660 469 1164
f 1671 2478 1732
f 2 213 1217
f 1534 2141 2520
f 1746 2343 1227
f 1984 449 1987
f 2274 351 996
f 1731 2057 2020
f 2543 686 2541
f 2119 807 303
f 2384 2469 2368
f 121 619 1795
f 1622 2428 1531
f 512 2107 1653
f 1727 2530 2102
f 1519 895 631
f 1450 2228 1995
f 1448 629 1652
f 1670 1733 57
f 1649 1730 873
f 2133 2408 684
f 1474 685 1339
f 1611 1732 2478
f 1914 2098 20
f 1713 1844 319
f 418 7 328
f 2162 2423 134
f 1773 717 644
f 328 1737 418
f 2500 473 1741
f 117 1422 436
f 547 2498 2269
f 2496 871 97
f 2482 1003 1763
f 1480 862 1096
f 1763 850 168
f 1096 2067 168
f 2373 944 1269
f 880 1748 1647
f 659 635 2461
f 2321 1054 1292
f 2461 2442 1297
f 1627 338 1575
f 2097 1387 2018
f 2504 306 1
f 931 236 2518
f 1513 2368 1418
f 1279 1884 1805
f 305 263 1750
f 2464 1830 1808
f 2183 1796 739
f 1790 880 1647
f 1007 2425 178
f 718 60 1263
f 1514 187 193
f 1950 267 1931
f 1950 1931 1751
f 263 1751 2480
f 1501 1866 1699
f 192 2424 75
f 2153 661 487
f 2332 2310 2113
f 1494 1258 1143
f 1912 1406 2551
f 934 936 1949
f 1842 1752 1949
f 605 327 1762
f 1761 1262 195
f 298 2513 1788
f 2055 694 1469
f 129 1875 2444
f 944 2373 72
f 65 87 2490
f 2383 2071 976
f 1672 1490 72
f 2489 604 1883
f 1801 1883 604
f 1761 2553 2488
f 1758 2449 65
f 1492 2333 2506
f 128 723 510
f 2534 195 1262
f 1839 1814 1575
f 635 1201 2442
f 1547 2042 2043
f 2415 1915 293
f 1820 2446 1401
f 2284 2227 350
f 2540 1879 62
f 2199 1229 304
f 1756 63 1810
f 2414 764 478
f 2443 531 1279
f 300 1282 1807
f 1648 1827 1825
f 1800 1285 2086
f 1345 1333 1346
f 1025 481 68
f 144 1764 156
f 1766 1901 953
f 1286 2475 1458
f 1522 1286 2489
f 1632 140 2246
f 2447 1381 143
f 2418 836 2175
f 829 1077 517
f 2431 1443 1540
f 1443 2344 1540
f 644 1780 1773
f 510 2078 799
f 1312 985 1975
f 715 2452 506
f 2430 1974 505
f 1833 252 1518
f 1974 1355 707
f 511 1355 1974
f 2079 2312 2314
f 112 46 2416
f 630 2414 1723
f 1971 1563 1970
f 124 1189 2319
f 1969 534 526
f 1785 2081 520
f 522 2398 523
f 2187 2279 1099
f 1740 1897 1541
f 1810 1812 83
f 83 2542 1810
f 1402 2094 1998
f 2502 2436 220
f 2243 1742 896
f 433 2552 1967
f 439 426 2488
f 645 539 1538
f 2552 1138 1434
f 1812 1409 2426
f 2413 981 1455
f 2390 816 1048
f 740 14 1939
f 1336 1292 1288
f 49 498 1869
f 1282 300 2546
f 132 1885 90
f 1807 195 300
f 1788 1637 1753
f 440 1639 124
f 2412 1592 2090
f 205 1155 1045
f 294 1546 1131
f 2516 2518 763
f 2516 1737 328
f 1453 1959 1465
f 1276 2537 1262
f 1262 426 1276
f 183 128 1837
f 1753 1638 2449
f 1984 1987 2541
f 1716 2474 893
f 1807 1876 2487
f 966 2434 2055
f 1074 2107 1656
f 2505 95 165
f 1810 63 1865
f 899 784 1653
f 2086 1285 1332
f 2329 1833 632
f 635 659 81
f 2268 2483 1183
f 2536 1865 63
f 390 1145 1257
f 1146 1818 1334
f 1749 647 1745
f 2304 2145 1546
f 645 1820 617
f 617 83 645
f 1820 62 1879
f 1839 339 332
f 1296 1401 1814
f 1806 2507 1754
f 2030 797 1688
f 490 276 1445
f 2443 1827 1996
f 1507 628 578
f 1489 2373 1561
f 327 129 1762
f 2095 2007 1495
f 1885 1571 64
f 1571 1825 1801
f 1439 501 2253
f 2365 488 666
f 65 1881 1758
f 820 198 987
f 174 2540 1296
f 821 1373 579
f 1886 104 1103
f 63 103 2514
f 1832 125 1294
f 418 1841 1569
f 2036 468 92
f 647 2473 1211
f 1055 409 806
f 1798 2527 1950
f 1712 1035 1950
f 75 407 192
f 1713 319 313
f 934 1949 1919
f 266 313 1752
f 2480 1751 1931
f 2427 1751 263
f 1333 2322 702
f 2218 752 1732
f 266 306 1211
f 1430 2400 10
f 1637 1901 1638
f 1325 408 1831
f 1195 1205 1169
f 2403 2030 1688
f 2405 1707 690
f 1688 683 1280
f 876 1208 1171
f 1152 1860 2189
f 1859 1155 205
f 734 869 1028
f 459 847 457
f 1858 458 1153
f 2032 845 459
f 2471 1998 2395
f 464 1735 463
f 1002 1010 1323
f 1059 21 22
f 722 23 54
f 1064 23 39
f 48 26 1062
f 406 40 27
f 29 28 43
f 1916 2160 724
f 45 33 1315
f 1309 1065 1322
f 1057 42 1063
f 1798 2427 1711
f 927 2221 1157
f 1669 1670 1173
f 1632 1018 1463
f 1210 1171 1208
f 1585 2256 903
f 2263 1206 406
f 2448 1734 1667
f 1613 750 908
f 313 1211 2473
f 1689 593 2470
f 2187 2496 2279
f 2472 1569 1841
f 2516 328 1750
f 1582 1583 67
f 1550 2399 1797
f 942 628 2082
f 298 1754 316
f 874 1993 2413
f 472 1741 473
f 2293 828 1138
f 2381 1432 2017
f 1812 1810 1865
f 2239 789 2292
f 879 1446 2240
f 485 1483 484
f 1099 808 1854
f 1891 1272 1026
f 565 1889 2211
f 862 1099 1854
f 1390 1367 1435
f 1151 2432 1868
f 801 699 452
f 699 1264 2296
f 1049 2092 123
f 482 596 2359
f 1104 1926 1091
f 986 820 1579
f 1410 2206 1411
f 1893 1277 1468
f 1896 1920 1877
f 1293 1881 2444
f 2003 1694 2012
f 99 2268 1183
f 1348 420 1198
f 131 130 98
f 1896 174 1191
f 1875 620 1873
f 566 598 2007
f 1828 1293 1830
f 185 107 1021
f 1111 997 453
f 1658 115 1274
f 116 1892 726
f 1376 587 455
f 1794 748 1744
f 118 1895 1351
f 585 563 562
f 562 563 2009
f 584 2004 560
f 109 119 751
f 559 1682 2008
f 1696 1535 582
f 1141 122 2550
f 581 1411 2206
f 2550 2026 733
f 113 1796 2183
f 2092 2286 315
f 2065 506 977
f 98 1185 177
f 1880 1191 174
f 94 1313 1140
f 2049 1675 1721
f 1204 466 1137
f 1226 2094 1402
f 2235 491 2048
f 1226 2206 1410
f 2099 1914 20
f 1185 272 2455
f 2554 1185 2455
f 1539 166 59
f 107 1576 986
f 2401 1731 967
f 2416 46 1496
f 1656 2107 1655
f 2391 1424 1524
f 868 1295 1284
f 508 1872 1657
f 1223 1548 1601
f 1164 2053 1453
f 2117 641 646
f 1899 646 1031
f 1900 776 1174
f 1222 145 779
f 1900 2462 776
f 748 1794 2345
f 741 147 151
f 417 141 150
f 150 1771 155
f 144 161 517
f 1423 1346 347
f 1197 1766 953
f 1338 1421 1420
f 1190 1767 1765
f 1102 1853 1153
f 808 139 1854
f 1114 2519 2272
f 494 2343 2070
f 446 1725 1391
f 401 1050 383
f 2202 1821 1624
f 2443 2489 1883
f 1965 526 530
f 534 1969 1357
f 2348 552 500
f 1776 529 1968
f 274 1876 1282
f 1873 275 1875
f 131 271 130
f 1756 98 177
f 2554 863 103
f 2134 1507 2388
f 1709 134 2423
f 2505 300 195
f 1350 2398 1354
f 573 2545 133
f 970 615 2368
f 2304 350 2227
f 576 1371 264
f 201 547 208
f 1818 2499 1334
f 1818 1953 200
f 1284 746 1345
f 322 135 1791
f 1427 70 2029
f 448 532 2320
f 1803 987 198
f 214 221 247
f 2151 1609 2307
f 229 244 894
f 1236 447 600
f 884 1000 1037
f 1568 1733 2213
f 1349 556 602
f 904 250 1585
f 1603 922 890
f 911 235 251
f 239 2151 923
f 917 240 255
f 912 248 897
f 1579 987 1778
f 2251 644 717
f 916 252 713
f 902 612 2372
f 1808 1875 2464
f 2348 271 131
f 2509 1876 274
f 1258 1416 1143
f 2084 813 276
f 1542 2336 6
f 2508 1707 2405
f 277 2197 278
f 542 283 852
f 2110 281 1440
f 812 667 286
f 1532 1133 1874
f 1501 1052 1866
f 2299 1624 497
f 291 1674 2375
f 2235 2104 1446
f 2050 1584 1456
f 67 2024 1582
f 1875 1990 2464
f 1928 2509 1977
f 1843 1539 59
f 786 1336 1033
f 1980 1098 271
f 573 1877 1920
f 1996 1827 1648
f 1330 574 2396
f 2346 90 298
f 1135 1043 2445
f 274 1977 2509
f 316 2507 2324
f 309 298 316
f 1338 1295 78
f 342 337 336
f 384 364 400
f 74 1120 374
f 288 9 1232
f 609 1095 536
f 389 371 748
f 378 377 1113
f 1110 363 374
f 376 1068 1361
f 197 2319 1105
f 1506 2409 721
f 333 1554 754
f 1212 56 1887
f 538 318 736
f 547 2033 1911
f 1795 2093 121
f 2543 2126 2214
f 1722 1656 1657
f 1453 1465 1872
f 293 441 2415
f 395 737 742
f 553 1219 2173
f 609 1089 1963
f 636 1898 335
f 1232 9 1327
f 622 412 341
f 1543 2508 2405
f 1229 546 1331
f 1088 1933 1089
f 1781 707 1357
f 2159 1479 1066
f 2081 1785 1355
f 1004 36 2157
f 529 1776 519
f 1945 356 1107
f 1108 1068 356
f 344 709 650
f 1125 1110 1109
f 2291 997 391
f 1720 1944 1112
f 2075 214 1972
f 357 1420 2555
f 2266 740 1939
f 2324 438 1856
f 487 2460 1320
f 2001 1319 1719
f 1128 1126 1117
f 1065 1309 1318
f 535 1563 1014
f 2378 1916 1306
f 409 1712 1831
f 2515 2481 256
f 308 292 1870
f 31 1305 44
f 825 826 2042
f 918 1485 2089
f 1314 51 30
f 1889 1052 1501
f 1778 840 1579
f 274 625 1977
f 344 664 719
f 1424 2121 1056
f 1977 1666 2467
f 1823 442 626
f 180 2299 2338
f 1464 650 1329
f 321 1792 427
f 135 301 1897
f 427 1541 1897
f 1181 1900 874
f 2086 304 186
f 1422 1231 436
f 428 1332 1285
f 1098 1979 272
f 1988 1920 419
f 1927 1135 413
f 2311 430 745
f 880 1789 189
f 1928 1977 2467
f 1525 1521 359
f 1888 99 1992
f 273 2382 625
f 191 226 2186
f 544 1075 106
f 106 936 934
f 1725 597 1391
f 1424 2555 1405
f 1832 1797 1390
f 2221 1301 1300
f 66 1396 1676
f 571 447 599
f 2101 1291 610
f 561 562 1677
f 556 557 1678
f 1530 2325 602
f 585 569 1414
f 1158 757 1298
f 1410 1411 582
f 2128 952 1867
f 422 1052 1889
f 102 1760 882
f 1404 1403 564
f 566 1378 598
f 559 558 1682
f 357 2555 2391
f 2555 1420 1683
f 2385 56 676
f 1408 1687 1686
f 1999 1394 1397
f 589 564 2396
f 2308 2342 1472
f 1149 2320 532
f 2358 601 556
f 1695 1385 1398
f 1432 1535 1696
f 1415 1714 2295
f 1289 1644 2351
f 484 1417 1700
f 1403 1404 1383
f 178 6 2336
f 297 932 256
f 518 350 502
f 489 1486 2366
f 2455 548 2021
f 738 674 1178
f 1049 340 310
f 2039 451 802
f 452 698 801
f 1460 1455 982
f 1923 2546 1799
f 1864 473 945
f 1194 876 940
f 1978 1331 1244
f 2031 1045 1155
f 1855 847 2195
f 2524 458 1858
f 1338 2354 1607
f 1846 462 2033
f 1045 2031 2269
f 2351 1493 1433
f 1512 1039 2406
f 466 2440 1167
f 1083 1043 652
f 1086 2036 1953
f 479 1731 2020
f 197 1976 624
f 2098 1528 1428
f 2456 2200 824
f 171 1938 2235
f 352 966 965
f 850 780 770
f 971 968 2174
f 781 1164 469
f 842 2222 2434
f 768 968 971
f 1438 2201 991
f 1248 2358 2360
f 1936 518 502
f 1104 1693 2411
f 1408 2201 1438
f 135 814 301
f 421 1932 1584
f 855 279 492
f 2202 1441 1821
f 856 278 1440
f 1445 1442 859
f 2216 1136 1092
f 279 813 289
f 281 2110 541
f 939 1594 1595
f 89 735 654
f 392 1470 1234
f 2543 1987 1642
f 841 796 954
f 1400 2434 2222
f 1838 260 119
f 702 1341 1232
f 504 979 948
f 470 1083 652
f 2037 2025 2281
f 746 2328 1283
f 2482 1097 1003
f 1744 1892 1794
f 1996 1648 2466
f 743 2039 499
f 396 1893 348
f 501 1303 295
f 2548 2356 1477
f 1780 507 2075
f 644 507 1780
f 1261 2337 1260
f 1350 515 2451
f 2323 1248 691
f 1972 515 516
f 209 524 1783
f 707 1784 1357
f 1965 1444 1969
f 2250 638 2276
f 1963 1095 609
f 2328 746 1284
f 265 785 262
f 321 541 1532
f 322 1060 2184
f 287 1060 1904
f 2184 2084 540
f 979 2112 948
f 1526 2474 2207
f 544 101 445
f 543 2287 827
f 632 2367 2329
f 1638 157 2244
f 549 169 320
f 791 2520 169
f 450 1938 502
f 1545 1590 483
f 832 1546 294
f 1544 323 1591
f 2089 1485 2105
f 2350 823 1497
f 1923 12 76
f 2552 432 2138
f 1473 1593 1659
f 1519 705 826
f 2552 433 432
f 2111 296 548
f 73 1216 106
f 1533 538 1116
f 1490 1672 2417
f 739 736 456
f 1663 2061 1983
f 1231 1422 1995
f 2181 834 58
f 1219 553 551
f 486 2062 1679
f 484 1372 485
f 1205 1213 1170
f 557 556 601
f 1171 1210 1206
f 559 582 558
f 1396 66 1696
f 1685 1695 1680
f 734 1028 1209
f 175 1886 1103
f 1728 362 676
f 2019 1404 590
f 1494 1143 1148
f 2506 733 2026
f 1404 564 589
f 565 579 554
f 2555 1683 1405
f 2470 567 1689
f 1393 1687 1382
f 2005 584 1701
f 2005 2290 1681
f 1387 603 1287
f 2396 1335 2223
f 1397 583 1999
f 1529 1680 572
f 1491 1684 1395
f 678 446 2100
f 607 1084 1392
f 1607 1284 1295
f 1890 1342 2205
f 395 1225 1294
f 2178 714 1342
f 2266 949 1800
f 1344 302 1470
f 629 1448 1726
f 899 1653 1074
f 2336 1542 1266
f 186 304 1978
f 71 2178 478
f 1723 2414 1481
f 1351 2306 505
f 1656 509 1657
f 2086 2362 304
f 1596 402 1668
f 1958 1657 1465
f 2383 2389 2071
f 2418 2175 630
f 582 2273 1410
f 1598 1351 505
f 1824 126 1823
f 1557 333 1555
f 2305 2259 2371
f 1498 2341 380
f 743 681 662
f 2187 1099 862
f 955 419 839
f 1242 1921 1905
f 499 504 655
f 2124 941 947
f 1641 1102 1024
f 640 673 2066
f 2131 649 663
f 660 2146 1271
f 1895 1256 1328
f 1094 638 639
f 1484 55 665
f 1962 1094 639
f 947 673 640
f 732 1567 637
f 2114 1816 950
f 428 2406 2355
f 2192 2120 176
f 2483 2268 2091
f 1460 1181 874
f 660 2114 2054
f 948 2112 943
f 1500 2127 1499
f 2129 759 2421
f 2397 1231 166
f 672 2054 935
f 891 892 365
f 941 2083 675
f 656 2044 655
f 668 2142 929
f 677 2041 2142
f 2044 2140 2131
f 673 941 675
f 681 671 679
f 1526 959 893
f 2547 105 1257
f 959 1552 2476
f 1630 1351 1895
f 1640 509 1655
f 1729 2155 94
f 429 1981 1909
f 1081 887 1339
f 1268 1891 1251
f 2132 1915 2415
f 270 1219 1587
f 751 74 374
f 1408 2173 2201
f 80 85 246
f 935 2131 2140
f 1523 1597 159
f 2041 677 1087
f 2142 2041 672
f 2143 2371 1299
f 82 85 53
f 695 310 1871
f 1013 1915 703
f 1534 1093 1446
f 991 425 483
f 1926 2411 1936
f 2453 2339 747
f 56 1518 1466
f 2085 2115 2123
f 227 2370 1615
f 627 2332 2267
f 715 927 1613
f 615 2363 1244
f 2448 1585 250
f 914 1622 897
f 1917 912 257
f 1561 2373 1269
f 2432 653 2251
f 903 232 2013
f 170 1245 2144
f 2091 924 889
f 913 235 914
f 898 920 713
f 357 2391 1237
f 2107 1074 1653
f 1183 2483 127
f 1245 2327 2144
f 1551 1742 2006
f 990 2226 1320
f 1322 15 17
f 39 1318 25
f 40 1315 1062
f 1058 2379 1308
f 1321 32 1305
f 2354 2341 1607
f 1316 1059 22
f 709 344 2335
f 726 1249 116
f 1130 1145 727
f 2353 1492 822
f 120 1794 116
f 329 2550 733
f 329 747 2339
f 454 2215 2050
f 182 2510 809
f 2055 1469 965
f 430 1156 745
f 1501 1348 669
f 618 1377 2395
f 1645 1607 2341
f 1230 2165 1704
f 1290 185 2338
f 341 410 753
f 853 938 2130
f 1299 2059 2130
f 672 2041 2135
f 1347 1425 1033
f 2508 1543 1006
f 1527 2231 1982
f 1527 2207 777
f 2000 2156 836
f 766 958 966
f 777 968 768
f 780 964 770
f 1729 94 1140
f 196 2530 1727
f 368 2356 1235
f 1590 1591 294
f 2479 888 2133
f 2399 1550 1056
f 1730 1649 495
f 1738 2315 254
f 776 2462 1160
f 345 2407 2298
f 2377 2257 2137
f 796 795 954
f 646 641 1031
f 2317 2492 143
f 2323 1680 1529
f 549 320 220
f 321 281 541
f 814 322 2184
f 797 2087 465
f 2038 631 1952
f 2196 881 2437
f 231 2175 692
f 2513 64 1636
f 717 1773 710
f 2178 71 714
f 192 1079 1569
f 140 1044 1047
f 2038 2437 881
f 497 2233 2299
f 874 1184 1993
f 1793 2196 1952
f 874 1455 1460
f 654 1536 2122
f 1518 56 2385
f 75 838 2119
f 365 1008 891
f 809 2510 2229
f 2031 1847 2269
f 188 190 193
f 413 1135 2445
f 1135 423 954
f 797 2030 2330
f 1669 1667 1734
f 1839 2549 1880
f 1921 2274 465
f 2483 1929 127
f 2182 1242 1436
f 1194 940 1437
f 869 734 1020
f 869 1020 1581
f 1855 1991 1856
f 670 1570 1447
f 2074 496 1850
f 1844 1713 1480
f 2463 1369 1860
f 1991 2324 1856
f 1599 665 55
f 1010 2400 1169
f 1067 1004 2283
f 1168 494 1459
f 1502 283 490
f 2302 1202 2035
f 2202 2069 2168
f 2380 1232 1341
f 2045 432 2200
f 503 1073 2311
f 1543 1253 1006
f 1162 1729 1469
f 2200 2456 2109
f 267 2249 2188
f 974 2051 352
f 265 1035 1036
f 1339 685 1081
f 2412 828 323
f 1660 1872 508
f 508 471 449
f 1657 1872 1465
f 2175 231 764
f 443 1649 1631
f 1642 509 1640
f 509 1656 1655
f 1035 1712 1036
f 942 96 578
f 784 495 1451
f 1649 443 1451
f 474 1956 616
f 1175 393 157
f 1450 1336 786
f 2476 1716 893
f 886 780 850
f 2073 2272 875
f 140 1632 1218
f 220 1302 2502
f 2494 1765 2318
f 154 1221 1767
f 172 2199 666
f 2208 817 222
f 778 1469 2118
f 151 1176 1769
f 147 1174 1159
f 669 2211 1501
f 58 834 270
f 1603 258 1618
f 238 2151 365
f 2013 904 903
f 922 251 239
f 910 259 235
f 1629 596 1699
f 245 227 1615
f 219 210 1616
f 1221 800 1032
f 1720 1188 1360
f 978 1176 1811
f 2162 2409 762
f 716 2344 1772
f 2176 2166 752
f 2528 1142 667
f 1932 421 1770
f 1768 1190 1765
f 1461 1463 2494
f 2055 965 966
f 769 768 958
f 1001 2241 2154
f 770 774 2061
f 1940 762 1506
f 1510 1068 1509
f 1717 1668 2353
f 1849 2376 2225
f 1975 1021 1312
f 2152 2155 1578
f 1402 2096 1226
f 2243 1487 2103
f 2456 2006 1742
f 1361 1068 1510
f 2485 86 1149
f 466 1204 805
f 1039 1512 1834
f 2493 2210 2222
f 2147 514 1177
f 1849 2220 137
f 134 295 2380
f 1047 142 140
f 983 61 883
f 588 2367 882
f 1459 1471 1168
f 1210 1614 40
f 1515 1743 2508
f 2251 717 1340
f 178 1504 1007
f 193 190 1706
f 861 860 804
f 1161 1218 299
f 1961 636 336
f 1095 1014 536
f 2172 475 1662
f 1662 475 1984
f 1126 383 405
f 1549 2214 2185
f 1019 2242 2523
f 688 2180 790
f 2181 58 234
f 1594 2188 2249
f 167 1887 1619
f 1779 1230 2255
f 1240 380 2354
f 1395 422 580
f 1210 1208 1614
f 233 232 793
f 1018 2475 1718
f 996 2349 683
f 1573 1194 1020
f 2163 1932 155
f 1077 829 837
f 1826 1179 1023
f 148 794 2246
f 1710 1108 378
f 1573 2271 1819
f 28 45 2271
f 1811 1176 1186
f 196 445 101
f 544 1216 101
f 455 1715 346
f 2242 1845 2283
f 405 383 1050
f 2255 809 2377
f 1025 2288 1022
f 1811 2288 2252
f 2053 2300 1959
f 1042 978 1934
f 1476 1627 1575
f 1627 1476 1628
f 1786 1151 2352
f 1836 1070 2265
f 1836 21 2241
f 977 1330 2223
f 56 1466 1887
f 2238 1127 2289
f 2118 1227 2343
f 477 1975 50
f 2301 1005 1101
f 47 45 28
f 19 36 35
f 54 23 1063
f 1673 2468 2143
f 2526 984 2160
f 1310 1061 1324
f 434 430 1073
f 1836 2265 22
f 378 387 1511
f 1272 1744 1467
f 1047 1119 398
f 2431 1973 1443
f 1027 2177 2185
f 5 100 1040
f 361 1161 1196
f 1804 1197 2238
f 2258 1126 405
f 2035 946 2302
f 2261 2139 1759
f 1869 1182 1076
f 421 2215 1078
f 142 148 2246
f 2157 1310 1861
f 1836 1204 1070
f 1509 1710 1011
f 2492 1050 401
f 1813 2318 1221
f 1419 1373 821
f 1794 1892 116
f 1160 2462 38
f 336 335 1933
f 74 751 1698
f 1097 2482 981
f 1482 2171 2280
f 1112 373 1105
f 355 382 1942
f 1100 1863 2491
f 1494 2357 902
f 82 1989 2125
f 1391 719 446
f 355 1051 382
