# Generated by benchmark/pick_up_apple/mujoco_src/export.py
v 0.031714320182800293 -0.024626465514302254 -0.034729998558759689
v 0.030973287299275398 -0.024968117475509644 -0.032750897109508514
v 0.031433321535587311 -0.027404602617025375 -0.033941991627216339
v 0.032653536647558212 -0.017826417461037636 -0.012413887307047844
v 0.032951414585113525 -0.016956059262156487 -0.01561728585511446
v 0.034131180495023727 -0.015070667490363121 -0.013726578094065189
v 0.013560915365815163 -0.014230248518288136 -0.084879301488399506
v 0.013978976756334305 -0.013004881329834461 -0.082836925983428955
v 0.013920566998422146 -0.015851583331823349 -0.082067102193832397
v 0.026055032387375832 0.0010790807427838445 -0.0054999999701976776
v 0.024739362299442291 0.0032968451268970966 -0.0054999999701976776
v 0.023024512454867363 0.0014208995271474123 -0.0054999999701976776
v 0.029027106240391731 0.00068279239349067211 -0.0054999999701976776
v 0.030717646703124046 0.0023949071764945984 -0.0054999995045363903
v 0.027938017621636391 0.0039986828342080116 -0.0054999999701976776
v 0.018649615347385406 -0.015108212828636169 -0.0054999999701976776
v 0.02060265839099884 -0.013846009969711304 -0.0054999999701976776
v 0.018969926983118057 -0.011882618069648743 -0.0054999999701976776
v 0.021470719948410988 -0.016161344945430756 -0.0054999999701976776
v 0.022356646135449409 -0.014075512997806072 -0.0054999999701976776
v 0.015607217326760292 0.031215883791446686 -0.0062684928998351097
v 0.017262250185012817 0.031929053366184235 -0.008043426088988781
v 0.015015698969364166 0.032257158309221268 -0.0088110137730836868
v -0.0024341139942407608 -0.012275058776140213 -0.0054999999701976776
v -0.0013456657761707902 -0.014942679554224014 -0.0054999999701976776
v -0.0001014929439406842 -0.012609955854713917 -0.0054999999701976776
v 0.0040077776648104191 -0.012658504769206047 -0.0054999999701976776
v 0.0020389682613313198 -0.011153122410178185 -0.0054999999701976776
v 0.0019784665200859308 -0.014237017370760441 -0.0054999999701976776
v -0.0051106177270412445 -0.035799998790025711 -0.094388216733932495
v -0.0038455326575785875 -0.035799998790025711 -0.09220258891582489
v -0.0067153815180063248 -0.035799998790025711 -0.091854624450206757
v 0.0076855807565152645 -0.015230793505907059 -0.0054999999701976776
v 0.0081467218697071075 -0.012803968042135239 -0.0054999999701976776
v 0.006291970144957304 -0.012691017240285873 -0.0054999999701976776
v -0.032281767576932907 0.031347572803497314 -0.041092105209827423
v -0.031740963459014893 0.031395033001899719 -0.038640581071376801
v -0.029525499790906906 0.032300684601068497 -0.040147468447685242
v 0.016400983557105064 -0.0068615605123341084 -0.0054999999701976776
v 0.019191144034266472 -0.0057682804763317108 -0.0054999999701976776
v 0.016963981091976166 -0.0039642676711082458 -0.0054999999701976776
v 0.012337213382124901 -0.022960005328059196 -0.0054999999701976776
v 0.015315361320972443 -0.02357356995344162 -0.0054999999701976776
v 0.013639596290886402 -0.020618917420506477 -0.0054999999701976776
v 0.016666430979967117 -0.020654743537306786 -0.0054999999701976776
v 0.017792560160160065 -0.023085791617631912 -0.0054999999701976776
v 0.021804213523864746 -0.0075832512229681015 -0.0054999999701976776
v 0.023848602548241615 -0.0053657609969377518 -0.0054999999701976776
v 0.021452397108078003 -0.0048725856468081474 -0.0054999999701976776
v 0.00034532576682977378 0.03229999914765358 -0.014261135831475258
v -0.00036963046295568347 0.03229999914765358 -0.012082263827323914
v 0.0024157993029803038 0.03229999914765358 -0.013657504692673683
v 0.018709834665060043 0.013023674488067627 -0.073285810649394989
v 0.01706257276237011 0.010521348565816879 -0.075573287904262543
v 0.017001204192638397 0.01338404044508934 -0.07671172171831131
v 0.037070956081151962 0.0073622404597699642 -0.013328023254871368
v 0.036449775099754333 0.0096571631729602814 -0.011691948398947716
v 0.03710644319653511 0.0071331420913338661 -0.010505747050046921
v -0.0057066669687628746 0.03579980880022049 -0.1260775625705719
v -0.005766469519585371 0.035783983767032623 -0.12844498455524445
v -0.0069887042045593262 0.035737916827201843 -0.12723331153392792
v 0.0043740272521972656 -0.0051026027649641037 -0.0054999999701976776
v 0.0014499961398541927 -0.0035587633028626442 -0.0054999999701976776
v 0.0026479109656065702 -0.0067148059606552124 -0.0054999999701976776
v -0.0022716284729540348 -0.0049282568506896496 -0.0054999999701976776
v -0.004376943688839674 -0.0075379344634711742 -0.0054999999701976776
v -0.0015684140380471945 -0.0079625556245446205 -0.0054999999701976776
v 0.036123674362897873 0.0025145446415990591 -0.0058917049318552017
v 0.036085169762372971 8.713391434866935e-05 -0.0057798787020146847
v 0.037853963673114777 0.0016276404494419694 -0.0080310571938753128
v -0.0076950006186962128 -0.0079455506056547165 -0.0054999999701976776
v -0.0092185577377676964 -0.0047424728982150555 -0.0054999999701976776
v -0.01112249493598938 -0.0073101739399135113 -0.0054999999701976776
v 0.012382116168737411 0.031831696629524231 -0.0070060985162854195
v -0.0055276458151638508 -0.0096524255350232124 -0.0054999999701976776
v 0.0081522352993488312 -0.020469207316637039 -0.0054999999701976776
v 0.0066516255028545856 -0.018190367147326469 -0.0054999999701976776
v 0.0053710518404841423 -0.020528854802250862 -0.0054999999701976776
v 0.015529176220297813 -0.010385293513536453 -0.0054999999701976776
v 0.018791195005178452 -0.0087229358032345772 -0.0054999999701976776
v 0.014748815447092056 -0.017937524244189262 -0.0054999999701976776
v 0.0048937764950096607 -0.010570122860372066 -0.0054999999701976776
v 0.028825635090470314 -0.031965490430593491 -0.032700762152671814
v 0.026007043197751045 -0.03230028972029686 -0.034068722277879715
v 0.028634514659643173 -0.032278094440698624 -0.036142617464065552
v 0.0055698659271001816 -0.0076943542808294296 -0.0054999999701976776
v 0.0032317417208105326 -0.0089477766305208206 -0.0054999999701976776
v 0.0083367824554443359 0.033458434045314789 -0.12614449858665466
v 0.0094182416796684265 0.035010382533073425 -0.12365735322237015
v 0.0095067396759986877 0.032540597021579742 -0.12379221618175507
v 0.00070515373954549432 -0.03229999914765358 -0.051176782697439194
v 0.0016779061406850815 -0.03229999914765358 -0.05321168527007103
v 0.0034782560542225838 -0.03229999914765358 -0.052396237850189209
v 0.00024948531063273549 -0.0063580088317394257 -0.0054999999701976776
v 0.00098008802160620689 -0.0085956249386072159 -0.0054999999701976776
v 0.0081519680097699165 -0.010271365754306316 -0.0054999999701976776
v 0.0097763948142528534 -0.0083385016769170761 -0.0054999999701976776
v 0.0083465548232197762 -0.0074246390722692013 -0.0054999999701976776
v 0.02500450424849987 -0.0033222162164747715 -0.0054999999701976776
v 0.026900684460997581 -0.0053380788303911686 -0.0054999999701976776
v 0.027349160984158516 -0.0019937800243496895 -0.0054999999701976776
v 0.0093125114217400551 -0.018059613183140755 -0.0054999999701976776
v 0.011128481477499008 -0.025071237236261368 -0.0054999999701976776
v 0.012677969411015511 -0.027286980301141739 -0.0055000367574393749
v 0.013403967954218388 -0.025184409692883492 -0.0054999999701976776
v -0.0047754463739693165 -0.028993768617510796 -0.0055220066569745541
v -0.0028721378184854984 -0.030917812138795853 -0.0061104577034711838
v -0.0021167073864489794 -0.028320301324129105 -0.0055077578872442245
v -0.0059321434237062931 -0.031616952270269394 -0.00671387929469347
v -0.0070555307902395725 -0.029531553387641907 -0.0056076766923069954
v -0.012773561291396618 -0.015309227630496025 -0.0054999999701976776
v -0.012558713555335999 -0.012364305555820465 -0.0054999999701976776
v -0.015267218463122845 -0.01338348351418972 -0.0054999999701976776
v 0.004004946444183588 -0.018265137448906898 -0.0054999999701976776
v 0.0034295197110623121 -0.016219738870859146 -0.0054999999701976776
v 0.0010631999466568232 -0.017375845462083817 -0.0054999999701976776
v -0.00032388369436375797 -0.022804230451583862 -0.0054999999701976776
v -0.0010291771031916142 -0.019735272973775864 -0.0054999999701976776
v -0.0038746721111238003 -0.021375803276896477 -0.0054999999701976776
v -0.0094443447887897491 -0.024864571169018745 -0.0054999999701976776
v -0.0073589123785495758 -0.021654091775417328 -0.0054999999701976776
v -0.0098614348098635674 -0.021695610135793686 -0.0054999999701976776
v -0.0057537811808288097 -0.024196349084377289 -0.0054999999701976776
v -0.011946344748139381 -0.02267964743077755 -0.0054999999701976776
v -0.011443499475717545 -0.020023936405777931 -0.0054999999701976776
v -0.013750564306974411 -0.020945839583873749 -0.0054999999701976776
v -0.0055108326487243176 -0.035799998790025711 -0.10445602983236313
v -0.0039407843723893166 -0.035799998790025711 -0.1062004417181015
v -0.0028818140272051096 -0.035799998790025711 -0.104196697473526
v 0.0050647994503378868 0.023508008569478989 -0.0054999999701976776
v 0.0021612788550555706 0.021974656730890274 -0.0054999999701976776
v 0.0054558976553380489 0.020135406404733658 -0.0054999999701976776
v -0.019621780142188072 -0.0070555415004491806 -0.0054999999701976776
v -0.021406907588243484 -0.0052710417658090591 -0.0054999999701976776
v -0.022070253267884254 -0.0076002036221325397 -0.0054999999701976776
v 0.037596754729747772 0.0021448535844683647 -0.049972772598266602
v 0.037804801017045975 0.002192493062466383 -0.046941615641117096
v 0.037936795502901077 -0.00062275497475638986 -0.048101868480443954
v 0.037978712469339371 0.00082860729889944196 -0.013219870626926422
v 0.037846162915229797 0.0028851989191025496 -0.014022720046341419
v 0.037902064621448517 0.0023582316935062408 -0.011300706304609776
v -0.020595520734786987 -0.0028803856112062931 -0.0054999999701976776
v -0.022294061258435249 -0.00066655495902523398 -0.0054999999701976776
v -0.023545403033494949 -0.0033782012760639191 -0.0054999999701976776
v -0.026007449254393578 -0.0053714569658041 -0.0054999999701976776
v -0.023495074361562729 -0.005894453264772892 -0.0054999999701976776
v 0.03237919881939888 0.031285006552934647 -0.041721925139427185
v 0.033209040760993958 0.030424315482378006 -0.044436808675527573
v 0.031162500381469727 0.032130267471075058 -0.044128753244876862
v 0.03036869503557682 0.031804021447896957 -0.035753235220909119
v 0.030680475756525993 0.032085638493299484 -0.039107710123062134
v 0.027331847697496414 0.032300446182489395 -0.037394095212221146
v 0.0033875317312777042 -0.028491083532571793 -0.0055077946744859219
v 0.0060987696051597595 -0.029202712699770927 -0.0055245673283934593
v 0.0050503029488027096 -0.026972780004143715 -0.0055000493302941322
v -0.032864239066839218 0.029381157830357552 -0.039370078593492508
v -0.032082546502351761 0.029693849384784698 -0.036274127662181854
v -0.0067057362757623196 -0.027049863710999489 -0.0055000423453748226
v -0.012938590720295906 -0.02533351257443428 -0.0054999999701976776
v -0.023163530975580215 0.028526991605758667 -0.0083743100985884666
v -0.02484358474612236 0.026928747072815895 -0.0075215240940451622
v -0.023034395650029182 0.026869826018810272 -0.0061320085078477859
v -0.013293737545609474 -0.018248602747917175 -0.0054999999701976776
v -0.015384620055556297 -0.016574235633015633 -0.0054999999701976776
v -0.015650086104869843 -0.019378757104277611 -0.0054999999701976776
v -0.010716039687395096 -0.017305519431829453 -0.0054999999701976776
v -0.01577155664563179 -0.010650857351720333 -0.0054999999701976776
v -0.014248311519622803 -0.011494562029838562 -0.0054999999701976776
v -0.013369901105761528 -0.0096031259745359421 -0.0054999999701976776
v -0.017775943502783775 -0.0089753959327936172 -0.0054999999701976776
v -0.015569700859487057 -0.0083817420527338982 -0.0054999999701976776
v -0.0038745477795600891 -0.01655302569270134 -0.0054999999701976776
v -0.003335336921736598 -0.018737073987722397 -0.0054999999701976776
v -0.0017242215108126402 -0.017472090199589729 -0.0054999999701976776
v -0.0042475322261452675 -0.014049489051103592 -0.0054999999701976776
v -0.0083277281373739243 -0.016949020326137543 -0.0054999999701976776
v -0.0064071761444211006 -0.015562308952212334 -0.0054999999701976776
v -0.00937621109187603 -0.01403270848095417 -0.0054999999701976776
v -0.00061572139384225011 -0.030071036890149117 -0.0056964978575706482
v 0.00061977381119504571 -0.028031667694449425 -0.0055005620233714581
v -0.0010705019813030958 -0.025767046958208084 -0.0055000004358589649
v -0.0039291717112064362 -0.026355946436524391 -0.0055000004358589649
v -0.022010874003171921 -0.017416441813111305 -0.0054999999701976776
v -0.019790561869740486 -0.019067281857132912 -0.0054999999701976776
v -0.019479619339108467 -0.016856929287314415 -0.0054999999701976776
v -0.0076793362386524677 -0.0015697887865826488 -0.0054999999701976776
v -0.0042294878512620926 -0.0020819408819079399 -0.0054999999701976776
v -0.0053702075965702534 0.00081787339877337217 -0.0054999999701976776
v 0.01727503165602684 -0.00091089127818122506 -0.0054999999701976776
v 0.019783776253461838 -0.0028242599219083786 -0.0054999999701976776
v 0.019543549045920372 -0.00071959971683099866 -0.0054999999701976776
v 0.024261763319373131 -0.0010622560512274504 -0.0054999999701976776
v 0.011662847362458706 -0.0096730804070830345 -0.0054999999701976776
v 0.013096481561660767 -0.01227568369358778 -0.0054999999701976776
v 0.0021046041510999203 0.032044108957052231 -0.13007737696170807
v 0.0040905848145484924 0.031325094401836395 -0.12958642840385437
v 0.0022982780355960131 0.029800871387124062 -0.13005226850509644
v 0.037764407694339752 -0.0016828349325805902 -0.0078122830018401146
v 0.010492900386452675 -0.0158992949873209 -0.0054999999701976776
v 0.01305070985108614 -0.015105227008461952 -0.0054999999701976776
v 0.010339376516640186 -0.013024289160966873 -0.0054999999701976776
v -0.015144865028560162 -0.030724126845598221 -0.0059300316497683525
v -0.015841197222471237 -0.032259415835142136 -0.0086260335519909859
v -0.013142758049070835 -0.031843435019254684 -0.007098454050719738
v 0.020884482190012932 -0.010079300962388515 -0.0054999999701976776
v -0.028314456343650818 -0.03229992464184761 -0.036254331469535828
v -0.028709862381219864 -0.032167062163352966 -0.033890902996063232
v -0.030741030350327492 -0.031637396663427353 -0.035887885838747025
v -0.037527091801166534 -0.0021716374903917313 -0.050394807010889053
v -0.037049446254968643 -0.0015604677610099316 -0.053232625126838684
v -0.036803215742111206 -0.0036098165437579155 -0.052330367267131805
v -0.00072555569931864738 -0.010419928468763828 -0.0054999999701976776
v -0.0032579309772700071 -0.0099237347021698952 -0.0054999999701976776
v 0.0047918641939759254 -0.014608022756874561 -0.0054999999701976776
v -0.032240629196166992 0.031623497605323792 -0.045807976275682449
v -0.033217046409845352 0.029945351183414459 -0.048475060611963272
v -0.033480200916528702 0.029233541339635849 -0.045107338577508926
v 0.0072276201099157333 -0.002100467449054122 -0.0054999999701976776
v 0.0072769913822412491 -0.0048242351040244102 -0.0054999999701976776
v 0.0095875198021531105 -0.0026992224156856537 -0.0054999999701976776
v 0.013742134906351566 -0.0075599914416670799 -0.0054999999701976776
v -0.012690437026321888 -0.021119991317391396 -0.090082190930843353
v -0.012689837254583836 -0.022982912138104439 -0.091652631759643555
v -0.013227619230747223 -0.023729274049401283 -0.089429274201393127
v -0.033300150185823441 0.029120691120624542 -0.042153868824243546
v -0.032783176749944687 0.03098020888864994 -0.043473124504089355
v -0.0059156469069421291 -0.0048105493187904358 -0.0054999999701976776
v -0.037874821573495865 0.00012600194895640016 -0.04924774169921875
v -0.037526600062847137 0.00037829091888852417 -0.051651589572429657
v -0.014779371209442616 -0.0038398201577365398 -0.0054999999701976776
v -0.012140472419559956 -0.0045237643644213676 -0.0054999999701976776
v -0.012982524931430817 -0.0023212295491248369 -0.0054999999701976776
v 0.010856712237000465 -0.020492861047387123 -0.0054999999701976776
v -0.031412012875080109 -0.031840767711400986 -0.050893690437078476
v -0.028923405334353447 -0.03229769691824913 -0.049465205520391464
v -0.031449958682060242 -0.0319533571600914 -0.048118531703948975
v -0.013578790239989758 0.032055433839559555 -0.0075555113144218922
v -0.01737506128847599 0.031881064176559448 -0.0080243730917572975
v -0.015420896001160145 0.029519535601139069 -0.0055298963561654091
v 0.008527146652340889 -0.024971948936581612 -0.0054999999701976776
v 0.010054321959614754 -0.027251560240983963 -0.0054999459534883499
v 0.017095804214477539 0.032215803861618042 -0.010307378135621548
v -0.010262623429298401 -0.010399001650512218 -0.0054999999701976776
v 0.0021971866954118013 -0.020632261410355568 -0.0054999999701976776
v -0.016065686941146851 -0.025324113667011261 -0.0055000004358589649
v -0.01414110604673624 -0.023271514102816582 -0.0054999999701976776
v -0.02486005425453186 0.022223325446248055 -0.0055040041916072369
v -0.022552652284502983 0.024128057062625885 -0.0055058803409337997
v -0.025110993534326553 0.025178655982017517 -0.0060330387204885483
v -0.015991266816854477 -0.022101951763033867 -0.0054999999701976776
v -0.020404733717441559 -0.0096322027966380119 -0.0054999999701976776
v -0.023070832714438438 -0.009929305873811245 -0.0054999999701976776
v 0.0068464744836091995 -0.03578571230173111 -0.12766768038272858
v 0.0087667899206280708 -0.03359680250287056 -0.12563933432102203
v 0.0083506880328059196 -0.035592462867498398 -0.12563157081604004
v -0.017304485663771629 -0.031121855601668358 -0.0065246378071606159
v 0.014849120751023293 -0.013239577412605286 -0.0054999999701976776
v 0.015873527154326439 -0.015376209281384945 -0.0054999999701976776
v -0.03317955881357193 -0.030470298603177071 -0.044700838625431061
v -0.033105004578828812 -0.03055969625711441 -0.046838734298944473
v -0.031665440648794174 -0.031909741461277008 -0.045490540564060211
v 0.0041717495769262314 -0.022830098867416382 -0.0054999999701976776
v 0.03334813192486763 0.029604567214846611 -0.047448843717575073
v 0.032148569822311401 0.031615771353244781 -0.046279184520244598
v 0.0088630924001336098 -0.029521865770220757 -0.0055736727081239223
v 0.0074184238910675049 -0.02711874432861805 -0.0054999995045363903
v 0.010892253369092941 -0.0060288202948868275 -0.0054999999701976776
v 0.014231896959245205 -0.0049543324857950211 -0.0054999999701976776
v 0.012481143698096275 -0.002811748068779707 -0.0054999999701976776
v 0.037086512893438339 -0.0059063252992928028 -0.0072810561396181583
v 0.035926844924688339 -0.0030754772014915943 -0.0057748481631278992
v 0.034517165273427963 -0.0058352774940431118 -0.0055447835475206375
v 0.016024256125092506 0.0024608909152448177 -0.0054999999701976776
v 0.014083136804401875 -0.00031320052221417427 -0.0054999999701976776
v 0.020737392827868462 0.025326725095510483 -0.0055017652921378613
v 0.023445272818207741 0.0262110885232687 -0.0059083490632474422
v 0.021332571282982826 0.028172753751277924 -0.0060293423011898994
v 0.022015606984496117 -0.02863939106464386 -0.0067329443991184235
v 0.020198024809360504 -0.026960825547575951 -0.0055486061610281467
v 0.019566697999835014 -0.02944554015994072 -0.0062100980430841446
v -0.018400147557258606 -0.031494054943323135 -0.0083078863099217415
v -0.0064718346111476421 -0.013293812982738018 -0.0054999999701976776
v -0.00033032873761840165 -0.032028336077928543 -0.0074385041370987892
v -0.018508018925786018 -0.023231938481330872 -0.0054999999701976776
v -0.017896242439746857 -0.020500984042882919 -0.0054999999701976776
v -0.024538889527320862 -0.0078349970281124115 -0.0054999999701976776
v -0.025610059499740601 -0.010134560987353325 -0.0054999999701976776
v -0.027642874047160149 -0.00087257020641118288 -0.0054999999701976776
v -0.029049234464764595 0.0010663416469469666 -0.0054999999701976776
v -0.030291778966784477 -0.00076169980457052588 -0.0054999999701976776
v 0.033224012702703476 -0.029420388862490654 -0.048791725188493729
v 0.032698307186365128 -0.031169883906841278 -0.046904146671295166
v 0.031949028372764587 -0.031656678766012192 -0.049375958740711212
v 0.02413901686668396 -0.012864311225712299 -0.0054999999701976776
v 0.025355242192745209 -0.010899106971919537 -0.0054999999701976776
v 0.023191343992948532 -0.010272743180394173 -0.0054999999701976776
v 0.025272306054830551 -0.0082622170448303223 -0.0054999999701976776
v 0.029504403471946716 -0.0042199469171464443 -0.0054999999701976776
v 0.0001148838346125558 -0.0001471425493946299 -0.0054999999701976776
v -0.0026452520396560431 0.0002379843353992328 -0.0054999999701976776
v -0.0015114884590730071 -0.0021164536010473967 -0.0054999999701976776
v 0.031727049499750137 0.031780596822500229 -0.048657722771167755
v 0.029879847541451454 0.03229246661067009 -0.04660087451338768
v -0.036888450384140015 0.0075479038059711456 -0.0094785839319229126
v -0.037260238081216812 0.0066413483582437038 -0.011531861498951912
v -0.037504184991121292 0.0051973084919154644 -0.0099890949204564095
v -0.03429151326417923 0.01508752629160881 -0.010465317405760288
v -0.03510633111000061 0.012969046831130981 -0.0085590379312634468
v -0.033973727375268936 0.015257983468472958 -0.0077078812755644321
v 0.018663659691810608 0.032294977456331253 -0.016547495499253273
v 0.016323849558830261 0.03229999914765358 -0.019082462415099144
v 0.014926893636584282 0.032299991697072983 -0.016088599339127541
v -0.008066156879067421 -0.03410586342215538 -0.12662532925605774
v -0.0090596042573451996 -0.032172568142414093 -0.1249813437461853
v -0.007844005711376667 -0.031366802752017975 -0.12693621218204498
v -0.018595902249217033 0.0019650408066809177 -0.0054999999701976776
v -0.017402322962880135 -7.7613931352971122e-06 -0.0054999999701976776
v -0.016245881095528603 0.0018745269626379013 -0.0054999999701976776
v -0.030901700258255005 0.032140240073204041 -0.04872487485408783
v -0.027916325256228447 0.032299280166625977 -0.050322104245424271
v -0.03058684803545475 0.03208620473742485 -0.051924135535955429
v -0.026687171310186386 0.0013641127152368426 -0.0054999999701976776
v -0.032186713069677353 -0.031560841947793961 -0.042603839188814163
v -0.033399447798728943 -0.028700405731797218 -0.043011177331209183
v -0.031619250774383545 -0.031784567981958389 -0.040146235376596451
v -0.02958807535469532 -0.032269444316625595 -0.038520820438861847
v -0.032154902815818787 -0.030804568901658058 -0.038124740123748779
v -0.017312183976173401 0.014436556957662106 -0.074603818356990814
v -0.016999848186969757 0.015270647592842579 -0.076688729226589203
v -0.017024144530296326 0.012802225537598133 -0.076087027788162231
v 0.012583930045366287 -0.012354962527751923 -0.089617893099784851
v 0.013117892667651176 -0.01494896411895752 -0.087338589131832123
v 0.012574468739330769 -0.016101991757750511 -0.090218499302864075
v -0.0085473889485001564 0.019458131864666939 -0.12597067654132843
v -0.0071710655465722084 0.01714923232793808 -0.12772087752819061
v -0.0087542962282896042 0.016139267012476921 -0.12558746337890625
v -0.016669122502207756 0.032412823289632797 -0.075150802731513977
v -0.016559004783630371 0.032246809452772141 -0.072479531168937683
v -0.014419970102608204 0.032477475702762604 -0.073705807328224182
v 0.0094872834160923958 -0.0042948471382260323 -0.12388377636671066
v 0.0081585375592112541 -0.0024852694477885962 -0.1266767680644989
v 0.0093714296817779541 -0.0016088247066363692 -0.12424618005752563
v 0.017000420019030571 -0.019081182777881622 -0.081758253276348114
v 0.017000064253807068 -0.017413424327969551 -0.079461447894573212
v 0.017000000923871994 -0.020387033000588417 -0.079396232962608337
v -0.0066671082749962807 0.019875267520546913 -0.12815473973751068
v -0.020891735330224037 0.028894847258925438 -0.0063741183839738369
v -0.021249266341328621 0.029847584664821625 -0.0085184425115585327
v -0.012347925454378128 0.025101270526647568 -0.097992070019245148
v -0.0124802365899086 0.02713114395737648 -0.096263401210308075
v -0.012367811985313892 0.027292469516396523 -0.09874185174703598
v 0.0062787090428173542 0.0049139847978949547 -0.12847998738288879
v 0.0082227420061826706 0.00566128920763731 -0.12657895684242249
v 0.0077344565652310848 0.0029983108397573233 -0.12722125649452209
v -0.0068217599764466286 -0.011914740316569805 -0.12805891036987305
v -0.0048221987672150135 -0.0096638230606913567 -0.12932281196117401
v -0.0038937539793550968 -0.012381602078676224 -0.12967996299266815
v -0.030062058940529823 0.032048068940639496 -0.036753308027982712
v -0.0041565909050405025 0.021089132875204086 -0.12958408892154694
v -0.0048420634120702744 0.017955800518393517 -0.1293158084154129
v -0.034021966159343719 0.013364574871957302 -0.0065001710318028927
v 0.006048793438822031 0.018910076469182968 -0.12866097688674927
v 0.0072061186656355858 0.01675775833427906 -0.12779892981052399
v 0.0048692589625716209 0.016524376347661018 -0.1292838454246521
v -0.0073222392238676548 0.0058865048922598362 -0.12758283317089081
v -0.0085335820913314819 0.0081364195793867111 -0.12599596381187439
v -0.0066015557385981083 0.0086000561714172363 -0.12826442718505859
v 0.0060807904228568077 0.014696300961077213 -0.1286289244890213
v -0.0021506110206246376 0.018885094672441483 -0.13007175922393799
v 0.0040861349552869797 0.014460778795182705 -0.12961190938949585
v 0.002322751097381115 0.015686539933085442 -0.13004828989505768
v -0.033841818571090698 -0.011845279484987259 -0.0058374297805130482
v -0.035088703036308289 -0.0095691056922078133 -0.0060035241767764091
v -0.035907253623008728 -0.011107834056019783 -0.0078667504712939262
v -0.017000000923871994 0.013673900626599789 -0.07929539680480957
v -0.017000000923871994 0.016819996759295464 -0.079035729169845581
v -0.017000000923871994 0.015762584283947945 -0.081276185810565948
v 0.028436426073312759 0.022628853097558022 -0.01985820010304451
v 0.027319805696606636 0.024058105424046516 -0.018401669338345528
v 0.028838666155934334 0.02249968983232975 -0.016909008845686913
v 0.019027555361390114 0.03104441799223423 -0.072245672345161438
v 0.018553862348198891 0.028844231739640236 -0.073397375643253326
v 0.017228003591299057 0.031748518347740173 -0.073614686727523804
v -0.002917132806032896 0.013198234140872955 -0.12992732226848602
v -0.0054481769911944866 0.011380472220480442 -0.12903487682342529
v -0.0055334861390292645 0.01477415207773447 -0.12894515693187714
v -0.0027458718977868557 0.035590395331382751 -0.12972506880760193
v -0.0049334303475916386 0.033150266855955124 -0.12924440205097198
v 0.0038849916309118271 -0.0041062613017857075 -0.1296585351228714
v 0.001189845148473978 -0.0034824416507035494 -0.13022559881210327
v 0.0032585111912339926 -0.0015415183734148741 -0.1298501044511795
v 0.036775358021259308 0.0058798310346901417 -0.045523926615715027
v 0.036873027682304382 0.005283732432872057 -0.048348885029554367
v 0.035778168588876724 0.0079452469944953918 -0.046507455408573151
v 0.0170022863894701 0.029537316411733627 -0.07518293708562851
v 0.016999199986457825 0.031223949044942856 -0.07656482607126236
v -0.0093120364472270012 -0.014763994142413139 -0.12436416000127792
v -0.0097303586080670357 -0.012658386491239071 -0.1229451596736908
v -0.0087772253900766373 -0.012454227544367313 -0.12555800378322601
v 0.0069940462708473206 0.0079032164067029953 -0.12798897922039032
v 0.0089083630591630936 0.0079864813014864922 -0.1254003494977951
v -0.0076140719465911388 0.02800685353577137 -0.12728008627891541
v -0.0064364839345216751 0.029520900920033455 -0.12834547460079193
v -0.0056053292937576771 0.027488229796290398 -0.12890097498893738
v -0.0070601627230644226 -0.017487840726971626 -0.12782439589500427
v -0.0088695501908659935 -0.017163589596748352 -0.12537102401256561
v -0.0079197753220796585 -0.014788753353059292 -0.12688437104225159
v -0.017000239342451096 0.010732334107160568 -0.077687792479991913
v 0.0066858343780040741 -0.018524810671806335 -0.1282120943069458
v 0.008555934764444828 -0.017868638038635254 -0.12608587741851807
v 0.0081724664196372032 -0.020610427483916283 -0.12670859694480896
v 0.0045354533940553665 0.0065639154054224491 -0.12943534553050995
v 0.0021054800599813461 0.0057429317384958267 -0.13009046018123627
v 0.0027064778842031956 0.0080696307122707367 -0.12997624278068542
v -0.0061859972774982452 -0.033164229243993759 -0.12856845557689667
v -0.0045240907929837704 -0.035316582769155502 -0.12914681434631348
v -0.0051119877025485039 -0.035805054008960724 -0.12706489861011505
v -0.015780597925186157 0.0031500025652348995 -0.07948949933052063
v -0.017769992351531982 0.0016214232891798019 -0.079455353319644928
v -0.017331143841147423 0.0034640487283468246 -0.077475681900978088
v 0.0044459942728281021 -0.013823636807501316 -0.12943989038467407
v 0.0025670377071946859 -0.014777189120650291 -0.13001035153865814
v 0.0024442204739898443 -0.012921487912535667 -0.13003939390182495
v 0.0061193010769784451 0.010561470873653889 -0.12860730290412903
v 0.0049090455286204815 0.012635327875614166 -0.12925902009010315
v 0.0071824551559984684 0.012890981510281563 -0.12778869271278381
v 0.0037133113946765661 -0.011299374513328075 -0.12969744205474854
v 0.012230151332914829 0.017652967944741249 -0.098032273352146149
v 0.012128273025155067 0.019981397315859795 -0.10019474476575851
v 0.012264127843081951 0.020599218085408211 -0.098018884658813477
v 0.035610523074865341 -0.0085004633292555809 -0.0061431312933564186
v 0.035861093550920486 -0.01095169223845005 -0.0075682429596781731
v 0.036781243979930878 -0.008700517937541008 -0.0085614649578928947
v -0.0095252739265561104 0.020975781604647636 -0.12372675538063049
v -0.0086456211283802986 0.023139180615544319 -0.12578360736370087
v 0.019208058714866638 0.0093454662710428238 -0.072935707867145538
v 0.017212733626365662 0.0075598126277327538 -0.075001493096351624
v 0.033212680369615555 -0.0079898564144968987 -0.0055069117806851864
v -0.0098423976451158524 -0.0044845174998044968 -0.12249530851840973
v -0.0089362869039177895 -0.0031652266625314951 -0.1252492219209671
v -0.0089159887284040451 -0.0056841154582798481 -0.12525621056556702
v 0.0092513971030712128 0.0060590100474655628 -0.12458759546279907
v 0.0097821000963449478 0.0050972434692084789 -0.12279887497425079
v 0.009085899218916893 0.0039067142643034458 -0.12496864050626755
v -0.0060835015028715134 -0.020155994221568108 -0.12861312925815582
v -0.003427957883104682 -0.020466666668653488 -0.12980864942073822
v -0.0050751534290611744 -0.022770006209611893 -0.1291876882314682
v 0.0051828804425895214 0.03229999914765358 -0.062206096947193146
v 0.0037525875959545374 0.03229999914765358 -0.06016656756401062
v 0.0060681882314383984 0.03229999914765358 -0.059601157903671265
v 0.0062255328521132469 -0.012042591348290443 -0.12854968011379242
v 0.0070533379912376404 -0.015276715159416199 -0.12792679667472839
v 0.0082704955711960793 -0.0057363645173609257 -0.12646619975566864
v 0.0068905656225979328 -0.0074334340170025826 -0.12805767357349396
v 0.006403372623026371 -0.0047517498023808002 -0.12843441963195801
v -0.031580846756696701 -0.019481102004647255 -0.012261264957487583
v -0.031783059239387512 -0.019458282738924026 -0.010002040304243565
v -0.032987702637910843 -0.017466198652982712 -0.010830896906554699
v -0.007752337958663702 0.021224142983555794 -0.12712123990058899
v -0.0085138687863945961 0.03229999914765358 -0.049132101237773895
v -0.01085299625992775 0.03229999914765358 -0.049631141126155853
v -0.0090820500627160072 0.03229999914765358 -0.046835944056510925
v 0.032932192087173462 0.030130937695503235 -0.050368696451187134
v 0.031173717230558395 0.031937863677740097 -0.051576327532529831
v 0.032512560486793518 0.029904572293162346 -0.052955534309148788
v 0.032956745475530624 0.028299609199166298 -0.051489926874637604
v -0.0037799731362611055 -0.033056385815143585 -0.12972497940063477
v 0.0075782248750329018 -0.0099675832316279411 -0.12741360068321228
v 0.0053587239235639572 -0.0093531049787998199 -0.12903311848640442
v -0.0079269707202911377 -0.0044780289754271507 -0.12688656151294708
v -0.006268190685659647 -0.0045614922419190407 -0.12849651277065277
v -0.0075230156071484089 -0.006467561237514019 -0.12733194231987
v 0.012977205216884613 -0.010872997343540192 -0.086872883141040802
v 0.012955495156347752 -0.0082976324483752251 -0.08658444881439209
v 0.013524778187274933 -0.010160736739635468 -0.083937555551528931
v 0.0062135937623679638 -0.021228790283203125 -0.1285635232925415
v 0.0076695452444255352 -0.023559959605336189 -0.12733842432498932
v 0.0055132145062088966 -0.023488255217671394 -0.12894265353679657
v -0.014338823035359383 0.004774636123329401 -0.079812899231910706
v -0.016657488420605659 0.0059104100801050663 -0.078950285911560059
v -0.0083148246631026268 -0.010334978811442852 -0.12634600698947906
v 0.0070161311887204647 0.021346170455217361 -0.12792500853538513
v 0.0074607445858418941 0.023861650377511978 -0.12754207849502563
v 0.0087118279188871384 0.022056294605135918 -0.12576209008693695
v -0.033360689878463745 0.016818620264530182 -0.0089412443339824677
v -0.0075744069181382656 0.014843872748315334 -0.12728279829025269
v -0.0071311001665890217 0.012998130172491074 -0.12773288786411285
v -0.008613908663392067 0.013294658623635769 -0.12588454782962799
v -0.032580576837062836 0.027789471670985222 -0.053272459656000137
v -0.032303847372531891 0.025051895529031754 -0.054342236369848251
v -0.032959789037704468 0.025304572656750679 -0.051469046622514725
v 0.0089583694934844971 0.024552810937166214 -0.12527206540107727
v 0.0078663546591997147 0.026369709521532059 -0.12704496085643768
v -0.036954127252101898 0.00059951283037662506 -0.053958527743816376
v 0.0093066198751330376 -0.0073267174884676933 -0.12444333732128143
v 0.0083155110478401184 -0.012663909234106541 -0.12644900381565094
v -0.0043820207938551903 0.024535290896892548 -0.12949429452419281
v -0.0029528201557695866 0.027511266991496086 -0.12989827990531921
v -0.037889759987592697 0.0014633890241384506 -0.0083711482584476471
v -0.03656059131026268 0.0029187519103288651 -0.0062413434498012066
v -0.037675820291042328 0.0036259226035326719 -0.0085141910240054131
v -0.0055449064821004868 -0.014904181472957134 -0.12897934019565582
v -0.002215642249211669 -0.015172194689512253 -0.1300656646490097
v -0.026339085772633553 -0.025864217430353165 -0.0094550289213657379
v -0.026900257915258408 -0.024825451895594597 -0.0072026201523840427
v -0.028405342251062393 -0.023781619966030121 -0.0094857774674892426
v 0.0020707026124000549 0.012790457345545292 -0.13009048998355865
v 0.0013561069499701262 -0.020828461274504662 -0.13019748032093048
v 0.00053038279293105006 -0.019134217873215675 -0.13024766743183136
v 0.0026186138857156038 -0.019097631797194481 -0.12999732792377472
v 0.00098369666375219822 -0.016700606793165207 -0.13021738827228546
v 0.00054462440311908722 -0.013822464272379875 -0.13025775551795959
v -0.0015723563265055418 -0.018317986279726028 -0.13017238676548004
v -0.0044221938587725163 -0.017739217728376389 -0.12952110171318054
v -0.017909379675984383 -0.012114565819501877 -0.074011757969856262
v -0.019730282947421074 -0.014871729537844658 -0.072569191455841064
v -0.021012706682085991 -0.011809470131993294 -0.071582123637199402
v 9.7030540928244591e-05 0.017272399738430977 -0.1302482932806015
v 0.0030313085298985243 0.018622105941176414 -0.12991474568843842
v 0.0051735099405050278 0.025823989883065224 -0.12915661931037903
v 0.0018201245693489909 0.025376008823513985 -0.13012707233428955
v 0.00281346938572824 0.027560921385884285 -0.12996390461921692
v -0.016896916553378105 -0.026436945423483849 -0.091226495802402496
v -0.014805249869823456 -0.027962470427155495 -0.093274682760238647
v -0.016755357384681702 -0.029146816581487656 -0.092702016234397888
v 0.015641197562217712 -0.024352766573429108 -0.090001977980136871
v 0.014364945702254772 -0.022188367322087288 -0.08789825439453125
v 0.016713719815015793 -0.022834287956357002 -0.08735908567905426
v 0.025648307055234909 -0.0087797297164797783 -0.067137375473976135
v 0.026197329163551331 -0.010720455087721348 -0.066365256905555725
v 0.02488621324300766 -0.01116927620023489 -0.067915327847003937
v 0.016243085265159607 0.028432490304112434 -0.0055054444819688797
v 0.013487571850419044 0.029181715101003647 -0.0055104326456785202
v -0.017173990607261658 -0.015727808699011803 -0.075020529329776764
v -0.017241353169083595 -0.01879839226603508 -0.07482784241437912
v -0.018936058506369591 -0.017792342230677605 -0.073131665587425232
v -0.017003566026687622 -0.01099106390029192 -0.076503396034240723
v -0.01699366606771946 -0.0093082059174776077 -0.077315613627433777
v -0.016682844609022141 -0.011261852458119392 -0.079501301050186157
v -0.026703953742980957 0.025411220267415047 -0.010751341469585896
v -0.026612846180796623 0.025600239634513855 -0.0081390431150794029
v -0.025062570348381996 0.027001745998859406 -0.0096184331923723221
v -0.037933997809886932 0.00099630397744476795 -0.037716444581747055
v -0.037477131932973862 0.004129988607019186 -0.037995554506778717
v -0.03784247487783432 0.0021066274493932724 -0.040176615118980408
v -0.037678748369216919 0.0034696909133344889 -0.030603410676121712
v -0.037973511964082718 0.00069873838219791651 -0.03177998960018158
v -0.037871573120355606 0.0022309001069515944 -0.028134375810623169
v -0.018497876822948456 0.030093858018517494 -0.0061608860269188881
v -0.019760336726903915 0.030645772814750671 -0.0077304746955633163
v -0.037663638591766357 0.0042209741659462452 -0.016540650278329849
v -0.037569176405668259 0.0046305451542139053 -0.019903795793652534
v -0.037941832095384598 0.0015646780375391245 -0.018509609624743462
v 0.037970758974552155 0.00089435646077618003 -0.026419267058372498
v 0.0379832424223423 0.00011577612167457119 -0.029289145022630692
v 0.037858795374631882 0.0022502683568745852 -0.028639324009418488
v -0.013189886696636677 -0.031604036688804626 -0.097685813903808594
v -0.014443271793425083 -0.034299999475479126 -0.099043704569339752
v -0.014489608816802502 -0.033757481724023819 -0.09656175971031189
v -0.012879030779004097 -0.034413479268550873 -0.11111468076705933
v -0.012738111428916454 -0.035586617887020111 -0.11176732182502747
v -0.013728735037147999 -0.035423003137111664 -0.10917054861783981
v 0.037638697773218155 0.0033341690432280302 -0.040213491767644882
v 0.037973441183567047 0.00069488154258579016 -0.039753653109073639
v 0.037889391183853149 0.0015646354295313358 -0.04235495999455452
v -0.037985477596521378 0.00027746902196668088 -0.026350118219852448
v -0.037894994020462036 0.002030643168836832 -0.025343740358948708
v -0.037871919572353363 0.0023540044203400612 -0.020586514845490456
v 0.012658822350203991 0.032128244638442993 -0.1009533628821373
v 0.012212608009576797 0.032378204166889191 -0.10320796817541122
v 0.012909799814224243 0.034299999475479126 -0.10195149481296539
v 0.035280045121908188 -0.012826868332922459 -0.012026844546198845
v 0.035299260169267654 -0.013053196482360363 -0.0092488210648298264
v 0.034209370613098145 -0.015269086696207523 -0.010729224421083927
v 0.033496461808681488 0.022955562919378281 -0.045461758971214294
v 0.033456001430749893 0.024239566177129745 -0.047009103000164032
v 0.033491920679807663 0.025135118514299393 -0.045225292444229126
v 0.033548936247825623 0.014105605892837048 -0.045458201318979263
v 0.034199357032775879 0.011390787549316883 -0.044012013822793961
v 0.034224867820739746 0.010833444073796272 -0.047098379582166672
v 0.037327717989683151 0.0044316882267594337 -0.043275594711303711
v 0.037390913814306259 0.0040624151006340981 -0.045761458575725555
v 0.033565703779459 0.011116137728095055 -0.05086066946387291
v 0.032516408711671829 0.01311666052788496 -0.053780339658260345
v 0.03306029736995697 0.01396823488175869 -0.051062740385532379
v -0.033125597983598709 -0.014727522619068623 -0.038550063967704773
v -0.033243253827095032 -0.014016658999025822 -0.03631122037768364
v -0.033859323710203171 -0.012567576952278614 -0.038259360939264297
v 0.035815667361021042 0.0095443828031420708 -0.031111957505345345
v 0.036376923322677612 0.0083578247576951981 -0.028923533856868744
v 0.036872252821922302 0.0067534013651311398 -0.031034700572490692
v -0.013588588684797287 0.0024614632129669189 -0.080945976078510284
v -0.013648325577378273 -0.00036639545578509569 -0.081203989684581757
v -0.014962371438741684 0.00049868447240442038 -0.079490229487419128
v 0.032266784459352493 0.019719365984201431 -0.036491632461547852
v 0.032323833554983139 0.0173777025192976 -0.036051474511623383
v 0.032757867127656937 0.018677471205592155 -0.038497593253850937
v -0.033482469618320465 -0.028649305924773216 -0.045712050050497055
v 0.011442405171692371 -0.034503374248743057 -0.11464069783687592
v 0.011503471061587334 -0.033143267035484314 -0.11284136027097702
v 0.01343249250203371 -0.035127349197864532 -0.11252131313085556
v 0.03502316027879715 0.010885163210332394 -0.034008584916591644
v 0.034714430570602417 0.011108443140983582 -0.036711212247610092
v 0.033977575600147247 0.012551938183605671 -0.035782132297754288
v 0.035140521824359894 0.010089757852256298 -0.038749389350414276
v 0.034483037889003754 0.010995459742844105 -0.041300322860479355
v 0.033696249127388 0.012939979322254658 -0.038738574832677841
v 0.033006221055984497 0.014640306122601032 -0.035935044288635254
v 0.036927610635757446 0.0074953194707632065 -0.01902361586689949
v 0.036248203366994858 0.0093775093555450439 -0.021829187870025635
v 0.0359979048371315 0.010301533155143261 -0.019137715920805931
v 0.037156481295824051 0.0063865785486996174 -0.022204818204045296
v 0.036737378686666489 0.0067709540016949177 -0.035830292850732803
v 0.036306537687778473 0.0076569993980228901 -0.038427110761404037
v 0.035755433142185211 0.0091362074017524719 -0.036236438900232315
v -0.0072605316527187824 -0.035741262137889862 -0.12471725046634674
v -0.0089781582355499268 -0.034304976463317871 -0.12456659227609634
v 0.036825165152549744 0.0061281449161469936 -0.040752749890089035
v 0.037236489355564117 0.0050684008747339249 -0.037932910025119781
v 0.037454158067703247 0.0043761911801993847 -0.035143740475177765
v 0.03457048162817955 0.012111786752939224 -0.031067464500665665
v 0.035828948020935059 0.010176995769143105 -0.024786371737718582
v 0.03542662039399147 0.01074565015733242 -0.028042389079928398
v 0.034659024327993393 0.012638230808079243 -0.025491075590252876
v 0.037592176347970963 0.0049041835591197014 -0.012231893837451935
v 0.037508949637413025 0.0052155326120555401 -0.014918679371476173
v 0.036409933120012283 0.0090703433379530907 -0.0092440545558929443
v 0.036316718906164169 0.0069065033458173275 -0.0072945859283208847
v 0.032346811145544052 0.015990303829312325 -0.033014301210641861
v 0.031531788408756256 0.019452430307865143 -0.03377813845872879
v 0.033602308481931686 0.013440379872918129 -0.042217247188091278
v 0.033429943025112152 -0.028989121317863464 -0.046465437859296799
v 0.037705704569816589 -0.0042314659804105759 -0.010213591158390045
v 0.037983454763889313 -0.00070894480450078845 -0.011018873192369938
v 0.037007123231887817 0.0074307024478912354 -0.016034819185733795
v 0.037431806325912476 0.0054937168024480343 -0.017252281308174133
v -0.032318174839019775 0.014963004738092422 -0.0057594925165176392
v 0.037539474666118622 0.0042653679847717285 -0.029649857431650162
v 0.03751513734459877 0.0042575174011290073 -0.032388158142566681
v 0.033487692475318909 0.020396003499627113 -0.046206723898649216
v 0.033421505242586136 0.018866904079914093 -0.0433003269135952
v 0.033493764698505402 0.017283780500292778 -0.045641772449016571
v 0.034455504268407822 0.011314224451780319 -0.0064837741665542126
v 0.034409221261739731 0.013952434062957764 -0.007352917455136776
v 0.032363459467887878 0.012993618845939636 -0.0056281378492712975
v 0.035063501447439194 0.0094705699011683464 -0.044870980083942413
v 0.03719642385840416 0.0060397009365260601 -0.025180619210004807
v 0.037075195461511612 0.0062933908775448799 -0.028010820969939232
v 0.03647598996758461 0.0083068851381540298 -0.026488130912184715
v 0.032727200537919998 0.02128572016954422 -0.038369901478290558
v 0.032058790326118469 0.021916655823588371 -0.035805273801088333
v 0.036979652941226959 0.0041790143586695194 -0.0069229472428560257
v 0.033676162362098694 0.013358219526708126 -0.033505719155073166
v 0.016992855817079544 -0.029765291139483452 -0.0057225925847887993
v 0.018315756693482399 -0.031537141650915146 -0.0081150326877832413
v 0.0334300696849823 0.02257838286459446 -0.047528877854347229
v 0.036263629794120789 0.0082210786640644073 -0.033635750412940979
v 0.035216864198446274 0.011803228408098221 -0.022848665714263916
v 0.015649612993001938 -0.031519409269094467 -0.0065463036298751831
v 0.015124577097594738 -0.03228001669049263 -0.0087917381897568703
v 0.032894115895032883 0.016031611710786819 -0.038468118757009506
v 0.033490497618913651 0.027651505544781685 -0.04494025930762291
v 0.032698381692171097 0.015631280839443207 -0.00614185631275177
v 0.030186457559466362 0.014826832339167595 -0.0055092582479119301
v 0.037648361176252365 0.0038497610948979855 -0.02688555046916008
v 0.037768099457025528 0.0031895888969302177 -0.0234990194439888
v -0.017497310414910316 -0.0091707026585936546 -0.074905030429363251
v 0.037518016993999481 -0.003740331158041954 -0.0075841513462364674
v -0.032642386853694916 -0.017658542841672897 -0.013956127688288689
v 0.023103667423129082 -0.025879725813865662 -0.0057187681086361408
v 0.024195877835154533 -0.027625460177659988 -0.0079189594835042953
v -0.030858000740408897 -0.01925245113670826 -0.022276643663644791
v -0.029483936727046967 -0.021143987774848938 -0.021581355482339859
v -0.030738925561308861 -0.019763344898819923 -0.01971900463104248
v 0.02591540664434433 -0.026254560798406601 -0.0097296638414263725
v 0.025804812088608742 -0.02552318386733532 -0.0068926508538424969
v -0.029762523248791695 -0.020547190681099892 -0.023984936997294426
v -0.028383294120430946 -0.022740360349416733 -0.023507151752710342
v -0.029932374134659767 -0.025174796581268311 -0.030431952327489853
v -0.030974052846431732 -0.023417318239808083 -0.032744519412517548
v -0.030793575569987297 -0.02637425996363163 -0.032325021922588348
v 0.036272317171096802 0.00081092980690300465 -0.055944990366697311
v 0.035657178610563278 0.003544054226949811 -0.056097157299518585
v 0.036924343556165695 0.0022232155315577984 -0.053320325911045074
v 0.036914538592100143 -0.00048734087613411248 -0.054148588329553604
v 0.036292329430580139 -0.0014130953932181001 -0.055744748562574387
v -0.032098408788442612 -0.028813896700739861 -0.035933069884777069
v -0.032783590257167816 -0.028263559564948082 -0.038635894656181335
v -0.033454865217208862 0.013266699388623238 -0.048549149185419083
v -0.033946409821510315 0.011747392825782299 -0.046417027711868286
v -0.033504538238048553 0.014340762048959732 -0.046585764735937119
v -0.033475004136562347 0.020245824009180069 -0.044363349676132202
v -0.03347131609916687 0.022782696411013603 -0.044252064079046249
v -0.03345349058508873 0.021416909992694855 -0.047162663191556931
v 0.033663257956504822 0.016116883605718613 -0.0081519819796085358
v -0.03343677893280983 0.026055000722408295 -0.043495617806911469
v -0.033470306545495987 0.024369049817323685 -0.046772480010986328
v -0.036591615527868271 0.0076655535958707333 -0.03015582449734211
v -0.036655772477388382 0.0077314618974924088 -0.02715158648788929
v -0.03582368791103363 0.0097444076091051102 -0.029036445543169975
v -0.034653216600418091 0.011033694259822369 -0.038303598761558533
v -0.035530935972929001 0.0096920803189277649 -0.035529583692550659
v -0.034264449030160904 0.012090639211237431 -0.035357296466827393
v -0.032020881772041321 0.018317250534892082 -0.035156756639480591
v -0.032544352114200592 0.018117431551218033 -0.037469722330570221
v -0.032579537481069565 0.016252491623163223 -0.036411713808774948
v 0.027759239077568054 0.032266538590192795 -0.034253668040037155
v 0.032756775617599487 0.02958928607404232 -0.038981251418590546
v -0.035936206579208374 0.010461381636559963 -0.019292326644062996
v -0.036914106458425522 0.0076609207317233086 -0.017420532181859016
v -0.035887733101844788 0.010850412771105766 -0.01652941107749939
v -0.03577866405248642 0.010542090982198715 -0.022337041795253754
v -0.036771811544895172 0.0078910896554589272 -0.020797321572899818
v -0.034395013004541397 0.011172345839440823 -0.04122542217373848
v -0.035514090210199356 0.0091725168749690056 -0.040359709411859512
v -0.035001188516616821 0.0095908110961318016 -0.044769309461116791
v -0.035045556724071503 0.0097920270636677742 -0.04255039244890213
v -0.034198462963104248 0.011389525607228279 -0.043656975030899048
v -0.033308085054159164 0.021194055676460266 -0.041964329779148102
v -0.032904520630836487 0.022346954792737961 -0.039242986589670181
v -0.033288154751062393 0.023482140153646469 -0.041804447770118713
v -0.034441988915205002 0.013436576351523399 -0.022543469443917274
v -0.034957218915224075 0.012077419087290764 -0.02526525966823101
v -0.032717492431402206 0.015206648036837578 -0.032179765403270721
v -0.032249003648757935 0.016264427453279495 -0.029281232506036758
v -0.031570542603731155 0.017944704741239548 -0.032241694629192352
v -0.037866611033678055 0.0027571676764637232 -0.010885422118008137
v -0.036869660019874573 0.0055769169703125954 -0.0075024859979748726
v -0.033691976219415665 0.013075877912342548 -0.042384456843137741
v -0.03328990563750267 0.014782619662582874 -0.040826555341482162
v -0.033461853861808777 0.015329033136367798 -0.04383961483836174
v -0.033278081566095352 0.017159882932901382 -0.041677631437778473
v -0.033349834382534027 0.019145498052239418 -0.042391341179609299
v -0.033469442278146744 0.017957031726837158 -0.044183872640132904
v -0.037488069385290146 0.0047419718466699123 -0.025652814656496048
v -0.037267770618200302 0.0059000584296882153 -0.022796217352151871
v -0.036893479526042938 0.0071604242548346519 -0.024695137515664101
v -0.036834288388490677 0.0058392547070980072 -0.044422421604394913
v -0.036845829337835312 0.0056246188469231129 -0.04675133153796196
v -0.037491582334041595 0.0037227983120828867 -0.045062348246574402
v -0.03400634229183197 0.012912162579596043 -0.032678410410881042
v -0.035200566053390503 0.010639977641403675 -0.033087234944105148
v -0.033304236829280853 0.013916178606450558 -0.037836380302906036
v -0.036629140377044678 0.0081519186496734619 -0.02308681420981884
v -0.036164131015539169 0.0093037355691194534 -0.024890068918466568
v -0.036128539592027664 0.0076429611071944237 -0.042754415422677994
v -0.03732367604970932 0.0045208963565528393 -0.041855961084365845
v -0.036619268357753754 0.0067723747342824936 -0.039620041847229004
v -0.030894234776496887 0.032149337232112885 -0.043200552463531494
v -0.035967357456684113 0.0084937633946537971 -0.037745840847492218
v -0.034854423254728317 0.0094579039141535759 -0.047481302171945572
v -0.035044271498918533 0.012433533556759357 -0.020538799464702606
v -0.036347668617963791 0.0080542387440800667 -0.033124685287475586
v -0.035821210592985153 0.0095219127833843231 -0.031204022467136383
v -0.037594899535179138 0.0048820064403116703 -0.012044265866279602
v -0.037284001708030701 0.0064311204478144646 -0.014030634425580502
v 0.012647610157728195 0.034130167216062546 -0.10653863102197647
v 0.012108467519283295 0.033939212560653687 -0.10470827668905258
v 0.011966451071202755 0.031801871955394745 -0.10563239455223083
v -0.037333980202674866 0.0052490970119833946 -0.028868407011032104
v -0.036083877086639404 -0.0037470569368451834 -0.054748740047216415
v 0.015628064051270485 0.033946890383958817 -0.093709006905555725
v 0.016996826976537704 0.03350294753909111 -0.091008752584457397
v 0.017000000923871994 0.030964048579335213 -0.092911586165428162
v 0.029816819354891777 0.029481764882802963 -0.060717694461345673
v 0.03059685043990612 0.027052244171500206 -0.059130143374204636
v 0.029581222683191299 0.026975501328706741 -0.061209630221128464
v 0.017000000923871994 0.030671956017613411 -0.089982442557811737
v 0.017000230029225349 0.032583154737949371 -0.088556475937366486
v 0.017000000923871994 0.030229201540350914 -0.086875945329666138
v 0.017383815720677376 0.032258559018373489 -0.070680402219295502
v -0.030952766537666321 -0.030399385839700699 -0.033564846962690353
v -0.029330810531973839 -0.031307108700275421 -0.031277384608983994
v 0.014353654347360134 0.034340139478445053 -0.10168112069368362
v 0.01421238761395216 0.034299999475479126 -0.10297902673482895
v 0.014999999664723873 0.035318676382303238 -0.10381437838077545
v 0.01352284662425518 0.034299999475479126 -0.10042298585176468
v 0.014915608800947666 0.034914698451757431 -0.10068347305059433
v 0.026931053027510643 0.024845177307724953 -0.065413020551204681
v 0.024485135450959206 0.025666642934083939 -0.068357430398464203
v 0.026214262470602989 0.02809569239616394 -0.066348887979984283
v 0.027766114100813866 0.027810456231236458 -0.064230315387248993
v 0.028622513636946678 0.025855664163827896 -0.062889352440834045
v 0.028878629207611084 0.028042184188961983 -0.062468372285366058
v 0.017000000923871994 0.028879530727863312 -0.091301277279853821
v 0.018798673525452614 0.030244540423154831 -0.0063840132206678391
v 0.019103944301605225 0.031218172982335091 -0.0092699034139513969
v 0.026632033288478851 0.025564700365066528 -0.0097558991983532906
v 0.027308056131005287 0.024699516594409943 -0.011968112550675869
v 0.025427177548408508 0.026532646268606186 -0.011581362225115299
v 0.032759077847003937 0.017896991223096848 -0.010072179138660431
v 0.031226933002471924 0.019853705540299416 -0.0072631211951375008
v 0.032582681626081467 0.01757204532623291 -0.0073075462132692337
v 0.02135973796248436 0.029800431802868843 -0.0084719480946660042
v 0.017000000923871994 0.02756032720208168 -0.079625725746154785
v 0.017000000923871994 0.027974231168627739 -0.081727087497711182
v 0.017000000923871994 0.029512159526348114 -0.080152161419391632
v 0.017000000923871994 0.029934506863355637 -0.082176476716995239
v 0.017000000923871994 0.031799178570508957 -0.081032902002334595
v 0.017114961519837379 0.027294512838125229 -0.07535388320684433
v 0.016999999061226845 0.028821064159274101 -0.077632829546928406
v -0.0086758090183138847 -0.0081667071208357811 -0.12578317523002625
v -0.0096488622948527336 -0.0073729287832975388 -0.12325833737850189
v 0.022559043020009995 0.027896314859390259 -0.070252776145935059
v 0.022010287269949913 0.024865660816431046 -0.07074476033449173
v -0.012189215980470181 -0.021543903276324272 -0.096683606505393982
v -0.011982233263552189 -0.021071942523121834 -0.099579706788063049
v -0.012107974849641323 -0.023677673190832138 -0.099067024886608124
v 0.013993742875754833 0.035570196807384491 -0.10850804299116135
v 0.014999999664723873 0.035120014101266861 -0.10534512996673584
v 0.01472239475697279 0.034625519067049026 -0.10849234461784363
v 0.014380169101059437 0.00092382251750677824 -0.079484760761260986
v 0.014019488357007504 0.0024772023316472769 -0.079458825290203094
v 0.017131101340055466 0.0028500375337898731 -0.079451218247413635
v 0.028207950294017792 0.0073132389225065708 -0.06479392945766449
v 0.0265172328799963 0.0090674227103590965 -0.066092967987060547
v 0.028213793411850929 0.0099015338346362114 -0.063782677054405212
v 0.029741683974862099 0.010488541796803474 -0.061302937567234039
v 0.029735563322901726 0.0079829283058643341 -0.062526315450668335
v 0.034261252731084824 0.0042770430445671082 -0.058494538068771362
v 0.032777756452560425 0.0068121193908154964 -0.058868002146482468
v 0.034371946007013321 0.0061427806504070759 -0.056414462625980377
v 0.02849205955862999 0.020459650084376335 -0.063106000423431396
v 0.027663107961416245 0.018023289740085602 -0.064380250871181488
v 0.027136474847793579 0.021256221458315849 -0.065135017037391663
v 0.025311356410384178 0.022256597876548767 -0.067436382174491882
v 0.030370701104402542 0.019815020263195038 -0.05962815135717392
v 0.03023684024810791 0.018329652026295662 -0.059907708317041397
v 0.029416067525744438 0.018623463809490204 -0.061519451439380646
v 0.030874108895659447 0.01821836456656456 -0.058488603681325912
v 0.031733915209770203 0.018216077238321304 -0.056209221482276917
v 0.031219864264130592 0.01605222187936306 -0.057639781385660172
v 0.017000000923871994 0.025603992864489555 -0.080812826752662659
v 0.017008738592267036 0.023101679980754852 -0.076403394341468811
v 0.017000000923871994 0.02301534079015255 -0.079390108585357666
v 0.016999837011098862 0.025786673650145531 -0.077799387276172638
v -0.01113321166485548 -0.031036008149385452 -0.11482682824134827
v -0.010801053605973721 -0.030103679746389389 -0.11714246869087219
v -0.010900995694100857 -0.032514844089746475 -0.1165458932518959
v 0.023276828229427338 0.022529974579811096 -0.069583944976329803
v 0.02406235970556736 0.020340031012892723 -0.068798288702964783
v 0.022291328758001328 0.019967168569564819 -0.070496968924999237
v 0.03297148272395134 0.0084553835913538933 -0.056468967348337173
v 0.033158496022224426 0.0099237747490406036 -0.054085806012153625
v 0.034188374876976013 0.0077035273425281048 -0.054591983556747437
v 0.031827036291360855 0.0090673724189400673 -0.058256831020116806
v 0.031779073178768158 0.011171049438416958 -0.056771427392959595
v 0.02986510843038559 0.024423845112323761 -0.060660336166620255
v 0.031162077561020851 0.02451043389737606 -0.057784240692853928
v 0.017269313335418701 0.015828369185328484 -0.074862249195575714
v 0.019297033548355103 0.016428181901574135 -0.072878941893577576
v -0.028643839061260223 0.023534391075372696 -0.0091926306486129761
v -0.030707700178027153 0.021066144108772278 -0.0091235851868987083
v -0.029218712821602821 0.021746264770627022 -0.0067539368756115437
v 0.031541850417852402 0.022345224395394325 -0.056761544197797775
v 0.03126545250415802 0.020239830017089844 -0.057508554309606552
v 0.030668994411826134 0.02212204597890377 -0.058959212154150009
v 0.030401509255170822 0.013402041047811508 -0.05955224484205246
v 0.029022103175520897 0.015698323026299477 -0.062226809561252594
v 0.03023521788418293 0.016710847616195679 -0.059914387762546539
v 0.0075534000061452389 0.030781634151935577 -0.12732338905334473
v 0.0058627389371395111 0.030466986820101738 -0.12876090407371521
v 0.0060920668765902519 0.032956119626760483 -0.12856899201869965
v -0.016473747789859772 0.03230145201086998 -0.069802619516849518
v -0.014523747377097607 0.03229999914765358 -0.068336941301822662
v -0.013947736471891403 0.032300014048814774 -0.070843718945980072
v 0.024472128599882126 0.029288958758115768 -0.068310722708702087
v -0.018208736553788185 0.027740642428398132 -0.0055167046375572681
v 0.017000323161482811 0.02768784761428833 -0.089189387857913971
v 0.016782918944954872 0.024748271331191063 -0.090217135846614838
v 0.017000000923871994 0.027074754238128662 -0.091576218605041504
v 0.0051649319939315319 -0.03229999914765358 -0.063930511474609375
v 0.0034693952184170485 -0.03229999914765358 -0.062730878591537476
v 0.0033631527330726385 -0.03229999914765358 -0.065771013498306274
v 0.017000291496515274 0.024160586297512054 -0.085712000727653503
v 0.017000000923871994 0.027058804407715797 -0.086247749626636505
v 0.017000000923871994 0.026154492050409317 -0.083546154201030731
v 0.017331898212432861 0.020716624334454536 -0.074435263872146606
v 0.017857836559414864 0.023502150550484657 -0.073998846113681793
v 0.019190281629562378 0.02199973538517952 -0.072947077453136444
v 0.025304423645138741 0.013960358686745167 -0.06743960827589035
v 0.024775872007012367 0.016493184491991997 -0.06802976131439209
v 0.02618219330906868 0.01644163578748703 -0.066391751170158386
v 0.026886036619544029 0.011889488436281681 -0.065476953983306885
v 0.027343237772583961 0.014783837832510471 -0.064841829240322113
v 0.0024801038671284914 0.03229999914765358 -0.031921438872814178
v 0.0041628675535321236 0.03229999914765358 -0.034632686525583267
v 0.0011289386311545968 0.03229999914765358 -0.034504741430282593
v -0.033417511731386185 -0.028801731765270233 -0.047748330980539322
v 0.030856290832161903 0.010506176389753819 -0.059159476310014725
v 0.031024910509586334 0.0084981387481093407 -0.060225803405046463
v 0.031483471393585205 0.0061998921446502209 -0.061491191387176514
v -0.036211684346199036 -0.00069788238033652306 -0.056106273084878922
v -0.013525908812880516 0.0052049034275114536 -0.081729799509048462
v -0.01348643284291029 0.0078261634334921837 -0.082908570766448975
v -0.013195657171308994 0.0052732364274561405 -0.083749234676361084
v -0.014465037733316422 0.012502274475991726 -0.080285482108592987
v -0.015263436362147331 0.014996876940131187 -0.080905839800834656
v -0.0072782118804752827 0.033565152436494827 -0.12762849032878876
v -0.0080749969929456711 0.035459205508232117 -0.125855952501297
v 0.031622320413589478 0.013923930004239082 -0.056545086205005646
v 0.017000000923871994 0.022952374070882797 -0.082756616175174713
v 0.036565851420164108 -0.0030504071619361639 -0.05390765517950058
v 0.037516765296459198 -0.0010113143362104893 -0.051502879709005356
v 0.018309744074940681 0.025950934737920761 -0.073606669902801514
v 0.017096560448408127 0.02510857954621315 -0.075317531824111938
v 0.017000000923871994 0.02883518859744072 -0.08407747745513916
v -0.013860492035746574 0.026601720601320267 -0.0054999999701976776
v -0.012894142419099808 0.02840457484126091 -0.0055070128291845322
v 0.016992440447211266 0.024961389601230621 -0.088149860501289368
v 0.016255741938948631 0.022468177601695061 -0.088048592209815979
v 0.025593120604753494 0.01897004246711731 -0.067102938890457153
v 0.023597013205289841 0.018019428476691246 -0.069269157946109772
v -0.032156690955162048 0.012128033675253391 -0.0055587873794138432
v -0.029822299256920815 0.013823380693793297 -0.0055001550354063511
v 0.022048963233828545 -0.013393083587288857 -0.070709064602851868
v 0.021392183378338814 -0.01594613678753376 -0.071266815066337585
v 0.019537728279829025 -0.014775760471820831 -0.072697579860687256
v 0.031066210940480232 0.029895411804318428 -0.057707011699676514
v 0.031682483851909637 0.02699020691215992 -0.056362815201282501
v 0.032663129270076752 -0.028997279703617096 -0.052911471575498581
v 0.032131481915712357 -0.030722727999091148 -0.053165614604949951
v 0.032045707106590271 -0.02959425188601017 -0.054939661175012589
v 0.031282763928174973 -0.031425412744283676 -0.03698909655213356
v 0.031115319579839706 -0.030787035822868347 -0.034410536289215088
v 0.032248284667730331 0.024107489734888077 -0.054562393575906754
v -0.016279924660921097 0.021883321925997734 -0.087536729872226715
v -0.014822504483163357 0.019950129091739655 -0.08565058559179306
v -0.016952840611338615 0.020450012758374214 -0.085174702107906342
v -0.017000000923871994 0.030782854184508324 -0.088507547974586487
v -0.017000000923871994 0.029215164482593536 -0.085564665496349335
v -0.016999999061226845 0.032071281224489212 -0.085799641907215118
v -0.026490388438105583 0.030605442821979523 -0.065411604940891266
v -0.024908991530537605 0.029840420931577682 -0.067741565406322479
v -0.02637186087667942 0.027891676872968674 -0.066150642931461334
v 0.02635992132127285 -0.022790828719735146 -0.0057258009910583496
v 0.024694014340639114 -0.024318618699908257 -0.0056591187603771687
v -0.029342643916606903 0.028297403827309608 -0.061653073877096176
v -0.027873644605278969 0.026302941143512726 -0.064067088067531586
v -0.029474711045622826 0.024646654725074768 -0.061412021517753601
v 0.00050859333714470267 0.034197423607110977 -0.13005571067333221
v 0.0034936501178890467 0.033829819411039352 -0.12976077198982239
v -0.016998013481497765 0.030725628137588501 -0.091712743043899536
v -0.016999341547489166 0.028680270537734032 -0.090255267918109894
v -0.016999734565615654 0.033191516995429993 -0.080959923565387726
v -0.017000000923871994 0.031187456101179123 -0.083214111626148224
v -0.017000000923871994 0.02981053851544857 -0.080026395618915558
v 0.022412896156311035 -0.02909068763256073 -0.0091613037511706352
v -0.020402798429131508 0.029807943850755692 -0.071930974721908569
v -0.021062178537249565 0.027422972023487091 -0.071543820202350616
v -0.022791966795921326 0.029106667265295982 -0.070013977587223053
v 0.020743561908602715 -0.03014042042195797 -0.00801085215061903
v 0.018059901893138885 -0.027777571231126785 -0.0055349557660520077
v 0.01552449818700552 -0.026967795565724373 -0.0054999999701976776
v -0.026103980839252472 0.02467021532356739 -0.066488541662693024
v -0.025204220786690712 0.022231465205550194 -0.067563042044639587
v -0.026519609615206718 0.02206059917807579 -0.065955482423305511
v 0.0098038641735911369 -0.033741146326065063 -0.12282013148069382
v 0.0095441574230790138 -0.03085758350789547 -0.12374724447727203
v 0.010151109658181667 -0.03164055198431015 -0.12083753943443298
v 0.035652477294206619 0.011721394024789333 -0.0093104653060436249
v -0.013343450613319874 0.03255307674407959 -0.097827188670635223
v -0.015013114549219608 0.034083012491464615 -0.09576377272605896
v -0.014468899928033352 0.034299999475479126 -0.098527431488037109
v 0.037576857954263687 0.0045693260617554188 -0.009331870824098587
v -0.017000002786517143 0.023058066144585609 -0.084887042641639709
v -0.025173002853989601 0.012295874767005444 -0.06759188324213028
v -0.025634551420807838 0.010005160234868526 -0.067064620554447174
v -0.0268971286714077 0.012327160686254501 -0.065463975071907043
v -0.028885483741760254 0.0089224306866526604 -0.063178323209285736
v -0.028736593201756477 0.0071217035874724388 -0.064323805272579193
v -0.030299963429570198 0.0073362621478736401 -0.062249891459941864
v -0.033396527171134949 0.00602751225233078 -0.058553587645292282
v -0.033950362354516983 0.0039065047167241573 -0.059331472963094711
v -0.034939795732498169 0.0041907955892384052 -0.057178262621164322
v -0.032632339745759964 0.015598985366523266 -0.053053554147481918
v -0.031812112778425217 0.016702167689800262 -0.05597580224275589
v -0.031935457140207291 0.014121947810053825 -0.055598661303520203
v -0.03091525100171566 0.017573015764355659 -0.058388236910104752
v -0.031201310455799103 0.015446385368704796 -0.057675160467624664
v 0.02701028436422348 0.020306976512074471 -0.0055349003523588181
v 0.028993876650929451 0.019016506150364876 -0.0056126168929040432
v 0.02902589738368988 0.021040165796875954 -0.0060713458806276321
v -0.027600178495049477 0.020251201465725899 -0.064479827880859375
v -0.027862882241606712 0.023236813023686409 -0.064088225364685059
v -0.030737049877643585 0.02030450664460659 -0.058805055916309357
v -0.030293719843029976 0.022623095661401749 -0.059787563979625702
v -0.029271291568875313 0.021259671077132225 -0.061776850372552872
v -0.017000004649162292 0.025232654064893723 -0.077706359326839447
v -0.017000036314129829 0.027695663273334503 -0.078011892735958099
v -0.017000000923871994 0.026449112221598625 -0.080164097249507904
v -0.017000000923871994 0.024631194770336151 -0.082496978342533112
v -0.017000000923871994 0.027891576290130615 -0.082757271826267242
v -0.017000000923871994 0.02608008123934269 -0.085084386169910431
v -0.017000000923871994 0.027199553325772285 -0.08801734447479248
v -0.016999004408717155 0.024506967514753342 -0.086962170898914337
v 0.029702344909310341 0.031707175076007843 -0.033301092684268951
v 0.031121503561735153 0.030086925253272057 -0.033638976514339447
v -0.006208313163369894 0.03229999914765358 -0.048359807580709457
v -0.00794249027967453 0.03229999914765358 -0.05162593349814415
v -0.016874086111783981 0.026657234877347946 -0.090474307537078857
v -0.025700749829411507 0.019754050299525261 -0.06697554886341095
v -0.02574441209435463 0.016934376209974289 -0.066929921507835388
v -0.02690017968416214 0.018149428069591522 -0.065457947552204132
v -0.010067470371723175 -0.034690208733081818 -0.12041810899972916
v -0.010821647010743618 -0.035419844090938568 -0.11737725138664246
v -0.010534430854022503 -0.032292693853378296 -0.11871326714754105
v -0.033709939569234848 0.0081919366493821144 -0.055058658123016357
v -0.034085214138031006 0.008813890628516674 -0.052893407642841339
v -0.032397393137216568 0.010825780220329762 -0.055344846099615097
v -0.031079944223165512 0.010373747907578945 -0.058792710304260254
v -0.032728251069784164 0.0082720192149281502 -0.057291742414236069
v -0.029660569503903389 0.012597807683050632 -0.061064194887876511
v -0.031034843996167183 0.013172377832233906 -0.058105893433094025
v -0.03063594177365303 0.024201709777116776 -0.05904010683298111
v -0.030620001256465912 0.026371179148554802 -0.059069734066724777
v -0.031183257699012756 0.022562213242053986 -0.057719327509403229
v -0.031450856477022171 0.024689864367246628 -0.057017721235752106
v -0.028304891660809517 0.013316001743078232 -0.063407279551029205
v -0.028914239257574081 0.014849473722279072 -0.062406104058027267
v -0.035562451928853989 0.012187108397483826 -0.011252623982727528
v -0.036626100540161133 0.0091094216331839561 -0.01204264909029007
v -0.036060888320207596 0.010250269435346127 -0.0090930638834834099
v 0.014613046310842037 0.012863416224718094 -0.080697707831859589
v 0.016865037381649017 0.011052971705794334 -0.079499997198581696
v 0.014931466430425644 0.0098755555227398872 -0.079780399799346924
v -0.034664280712604523 0.011041112244129181 -0.0066077397204935551
v -0.016064627096056938 0.033062580972909927 -0.09342917799949646
v -0.015196481719613075 0.029931129887700081 -0.093519672751426697
v -0.022481173276901245 0.025861913338303566 -0.070327423512935638
v -0.020242232829332352 0.024915842339396477 -0.07218179851770401
v -0.021944278851151466 0.022914141416549683 -0.070800922811031342
v -0.024010242894291878 0.023890804499387741 -0.068850867450237274
v -0.023546777665615082 0.020677480846643448 -0.06931508332490921
v -0.016710883006453514 0.027918362990021706 -0.092365339398384094
v -0.017000000923871994 0.02346249483525753 -0.079920560121536255
v -0.021008554846048355 0.019915532320737839 -0.071582265198230743
v -0.022494480013847351 0.018184101209044456 -0.070313706994056702
v -0.018731266260147095 0.020587434992194176 -0.073275230824947357
v -0.019012350589036942 0.017951864749193192 -0.073086671531200409
v -0.017270952463150024 0.018910123035311699 -0.074811987578868866
v -0.024469552561640739 0.015720326453447342 -0.068367756903171539
v -0.025644518435001373 0.01444499846547842 -0.067040078341960907
v -0.02845756895840168 0.01105857826769352 -0.063211530447006226
v -0.02988852933049202 0.0096785072237253189 -0.061352532356977463
v -0.035109538584947586 0.0067066196352243423 -0.053666733205318451
v -0.034370202571153641 0.0063829203136265278 -0.056108526885509491
v -0.035821277648210526 0.0045571909286081791 -0.054641962051391602
v -0.032322540879249573 0.031044742092490196 -0.050779707729816437
v -0.031772635877132416 0.029790975153446198 -0.055748943239450455
v -0.032205041497945786 0.030501708388328552 -0.053089629858732224
v -0.030568895861506462 0.031810779124498367 -0.054710369557142258
v -0.03293190523982048 0.029364533722400665 -0.051233615726232529
v -0.030109284445643425 0.015604607760906219 -0.060168370604515076
v -0.031552754342556 0.018792895600199699 -0.056740265339612961
v -0.03175029531121254 0.020682536065578461 -0.056164566427469254
v -0.018199924379587173 0.025354040786623955 -0.073638930916786194
v -0.019129374995827675 0.027449231594800949 -0.072995968163013458
v -0.017121335491538048 0.027098149061203003 -0.075254291296005249
v -0.018458958715200424 0.023118164390325546 -0.073486208915710449
v -0.037081945687532425 -0.0064341779798269272 -0.0075395447202026844
v -0.037724670022726059 -0.0041035539470613003 -0.0088356621563434601
v -0.037171460688114166 -0.0071740197017788887 -0.010383220389485359
v -0.037935707718133926 -0.0011140868300572038 -0.0084759937599301338
v -0.036860939115285873 -0.0024926909245550632 -0.0063497885130345821
v -0.013791286386549473 0.016070384532213211 -0.082428358495235443
v -0.013891217298805714 0.014012904837727547 -0.082667939364910126
v -0.02469760924577713 -0.024545691907405853 -0.0056974915787577629
v -0.025124235078692436 -0.026516001671552658 -0.007332146167755127
v -0.01399638969451189 -0.032519496977329254 -0.095358535647392273
v -0.015208185650408268 -0.032804761081933975 -0.093887612223625183
v -0.013930456712841988 -0.031037801876664162 -0.09367021918296814
v -0.032618928700685501 0.012966753914952278 -0.053389415144920349
v -0.029244950041174889 -0.032298460602760315 -0.046687271445989609
v -0.0316738560795784 0.027135578915476799 -0.056395292282104492
v -0.030817985534667969 0.029145935550332069 -0.058580555021762848
v -0.029809132218360901 0.018484840169548988 -0.060766700655221939
v -0.028855416923761368 0.01696956530213356 -0.06250319629907608
v 0.02432280033826828 -0.03229999914765358 -0.059256691485643387
v 0.026614906266331673 -0.032296180725097656 -0.05974467471241951
v 0.026240726932883263 -0.032299794256687164 -0.057345427572727203
v 0.011741765774786472 -0.026926470920443535 -0.10656300932168961
v 0.011947355233132839 -0.027230054140090942 -0.10359840840101242
v 0.011916773393750191 -0.029874028638005257 -0.10570595413446426
v -0.030106578022241592 -0.019404131919145584 -0.005992028396576643
v -0.031204488128423691 -0.020328676328063011 -0.0083496877923607826
v -0.029799051582813263 -0.021859671920537949 -0.0076875509694218636
v -0.026178732514381409 -0.032300110906362534 -0.031817954033613205
v -0.026899775490164757 -0.025110205635428429 -0.011898298747837543
v -0.025311842560768127 -0.026666721329092979 -0.011254593729972839
v 0.03798864409327507 -0.00033413502387702465 -0.044712863862514496
v 0.032392781227827072 -0.027072383090853691 -0.054022789001464844
v -0.022420097142457962 0.013393226079642773 -0.0054999999701976776
v -0.020408863201737404 0.013438323512673378 -0.0054999999701976776
v -0.021901397034525871 0.015694133937358856 -0.0054999999701976776
v -0.032958682626485825 -0.029908008873462677 -0.040470108389854431
v 0.023249151185154915 -0.03229999914765358 -0.030203748494386673
v 0.02608024887740612 -0.032286040484905243 -0.030837578698992729
v 0.024777350947260857 -0.032300993800163269 -0.028235435485839844
v -0.01342211477458477 -0.012586400844156742 -0.084973573684692383
v -0.014150439761579037 -0.01268586702644825 -0.08215167373418808
v -0.013637627474963665 -0.010085835121572018 -0.083528578281402588
v 0.02358020655810833 0.028062965720891953 -0.0078980596736073494
v 0.017546597868204117 -0.032209344208240509 -0.012680159881711006
v 0.018721776083111763 -0.031517904251813889 -0.010933633893728256
v 0.01685008779168129 -0.032248649746179581 -0.010500016622245312
v 0.018630506470799446 0.027145463973283768 -0.0055095222778618336
v 0.014347448945045471 -0.032300189137458801 -0.011933870613574982
v 0.016027165576815605 -0.032302472740411758 -0.014788943342864513
v 0.01831803098320961 -0.03229999914765358 -0.054765395820140839
v 0.020730935037136078 -0.03229999914765358 -0.05577579140663147
v 0.020210176706314087 -0.03229999914765358 -0.05346052348613739
v 0.029388222843408585 0.022424330934882164 -0.007847997359931469
v 0.017942234873771667 -0.03229999914765358 -0.062975853681564331
v 0.015633787959814072 -0.03229999914765358 -0.063846424221992493
v 0.017548324540257454 -0.03229999914765358 -0.0655532106757164
v 0.020796781405806541 -0.032159261405467987 -0.019482554867863655
v 0.021189816296100616 -0.031149826943874359 -0.01652640663087368
v 0.017688766121864319 -0.032299917191267014 -0.017858806997537613
v 0.018892962485551834 -0.03229999914765358 -0.027889125049114227
v 0.021151013672351837 -0.03229999914765358 -0.026949552819132805
v 0.019416414201259613 -0.03229999914765358 -0.025616591796278954
v 0.021440388634800911 -0.032299410551786423 -0.024207187816500664
v 0.023382771760225296 -0.032301649451255798 -0.026226552203297615
v 0.019481461495161057 -0.03229999914765358 -0.046189568936824799
v 0.019931448623538017 -0.03229999914765358 -0.043295323848724365
v 0.017340011894702911 -0.03229999914765358 -0.044021300971508026
v -0.017001671716570854 -0.013035248033702374 -0.077124804258346558
v 0.02538035623729229 -0.03229999914765358 -0.03679434210062027
v 0.023619994521141052 -0.03229999914765358 -0.035080820322036743
v 0.022666899487376213 -0.03229999914765358 -0.037181731313467026
v 0.02446318231523037 -0.03229999914765358 -0.051237232983112335
v 0.023399621248245239 -0.03229999914765358 -0.048380613327026367
v 0.021185709163546562 -0.03229999914765358 -0.050911780446767807
v -0.028166759759187698 -0.025516938418149948 -0.02675321139395237
v -0.028855185955762863 -0.026884740218520164 -0.028469860553741455
v -0.027546338737010956 -0.027537353336811066 -0.026194533333182335
v 0.019477987661957741 -0.03229999914765358 -0.064592078328132629
v 0.020680790767073631 -0.03229999914765358 -0.062366828322410583
v 0.023983774706721306 -0.031916886568069458 -0.024039505049586296
v 0.022986099123954773 -0.03164079412817955 -0.021590784192085266
v 0.018469534814357758 -0.03230004757642746 -0.023181198164820671
v 0.017100093886256218 -0.03229999914765358 -0.02574094757437706
v -0.029884211719036102 0.016864242032170296 -0.0055447742342948914
v -0.028419358655810356 0.019486298784613609 -0.0055926619097590446
v -0.030932355672121048 0.019507085904479027 -0.0067212218418717384
v 0.020110484212636948 -0.03229999914765358 -0.040654279291629791
v 0.018153658136725426 -0.03229999914765358 -0.041782017797231674
v 0.021798595786094666 -0.03229999914765358 -0.046640373766422272
v 0.021564114838838577 -0.03229999914765358 -0.044784508645534515
v -0.030486563220620155 0.031214984133839607 -0.033784665167331696
v 0.022963313385844231 -0.03229999914765358 -0.042230173945426941
v 0.025807047262787819 -0.03229999914765358 -0.04112856462597847
v 0.024311523884534836 -0.03229999914765358 -0.039290819317102432
v 0.023671649396419525 -0.03229999914765358 -0.045447017997503281
v -0.01284424215555191 0.033657137304544449 -0.10063799470663071
v 0.022638263180851936 -0.03229999914765358 -0.053678367286920547
v -0.035033337771892548 -0.0068354313261806965 -0.0057002715766429901
v -0.034224458038806915 -0.0035247271880507469 -0.0055064503103494644
v -0.03654223307967186 -0.0047325529158115387 -0.0063644642941653728
v -0.031482264399528503 -0.016279947012662888 -0.0057958629913628101
v -0.032416805624961853 -0.018483072519302368 -0.0079713445156812668
v 0.020188219845294952 -0.031963370740413666 -0.069791749119758606
v 0.017547164112329483 -0.032299928367137909 -0.06827951967716217
v 0.017591055482625961 -0.032193679362535477 -0.07093966007232666
v -0.019345022737979889 -0.030033532530069351 -0.0064719836227595806
v 0.032382283359766006 0.026886273175477982 -0.03695356473326683
v 0.031465444713830948 0.027275990694761276 -0.034016333520412445
v 0.031849279999732971 0.024575883522629738 -0.035145033150911331
v 0.033297106623649597 -0.026032323017716408 -0.04188566654920578
v 0.032823055982589722 -0.025354774668812752 -0.038858279585838318
v 0.032880712300539017 -0.027795862406492233 -0.039100095629692078
v 0.029566770419478416 -0.028412310406565666 -0.061226554214954376
v 0.028521569445729256 -0.029645433649420738 -0.062923058867454529
v 0.027923304587602615 -0.027663789689540863 -0.06399814784526825
v 0.017439994961023331 -0.031769938766956329 -0.073096461594104767
v 0.017001200467348099 -0.031195536255836487 -0.076159395277500153
v 0.01715424656867981 -0.029212765395641327 -0.074753470718860626
v -0.032998267561197281 -0.03029668889939785 -0.049224067479372025
v -0.032822493463754654 -0.029515538364648819 -0.051774181425571442
v -0.033235922455787659 -0.027884578332304955 -0.049641169607639313
v 0.016832521185278893 0.034318182617425919 -0.080542311072349548
v 0.016993558034300804 0.032777473330497742 -0.078338421881198883
v 0.028972528874874115 -0.025986049324274063 -0.062300056219100952
v -0.032290611416101456 -0.028547639027237892 -0.054375682026147842
v -0.031496640294790268 -0.031274359673261642 -0.053777493536472321
v -0.032832741737365723 -0.026384234428405762 -0.052124179899692535
v -0.0012611919082701206 -0.033099737018346786 -0.13020235300064087
v -0.002876949030905962 -0.03547229990363121 -0.12975434958934784
v 0.016989823430776596 -0.031886301934719086 -0.091741763055324554
v 0.016993310302495956 -0.029505915939807892 -0.09178701788187027
v 0.017000000923871994 -0.030587088316679001 -0.089351862668991089
v 0.014513710513710976 -0.035010099411010742 -0.10946448892354965
v 0.012002570554614067 -0.034299999475479126 -0.10830462723970413
v 0.014984228648245335 -0.035234034061431885 -0.10607549548149109
v 0.033208243548870087 0.021181894466280937 -0.049881357699632645
v 0.033299010246992111 0.024072058498859406 -0.049113273620605469
v 0.014965226873755455 0.033010523766279221 -0.094997942447662354
v 0.014741483144462109 0.029816025868058205 -0.093500480055809021
v 0.013252019882202148 0.030139677226543427 -0.096029818058013916
v 0.016999995335936546 -0.024598727002739906 -0.085196599364280701
v 0.016995957121253014 -0.021088371053338051 -0.08441673219203949
v 0.025838160887360573 -0.013006193563342094 -0.066814668476581573
v 0.024121088907122612 -0.013495705090463161 -0.068739756941795349
v 0.023463468998670578 -0.011574431322515011 -0.069395743310451508
v 0.023934219032526016 -0.0093520814552903175 -0.068926513195037842
v 0.027333369478583336 -0.0088959001004695892 -0.065191276371479034
v 0.029001794755458832 -0.0096815526485443115 -0.062673158943653107
v 0.027355218306183815 -0.011762533336877823 -0.064828790724277496
v 0.033646021038293839 -0.012841328978538513 -0.046850956976413727
v 0.033466141670942307 -0.015938455238938332 -0.046821687370538712
v 0.033287260681390762 -0.014602957293391228 -0.049358900636434555
v 0.031888995319604874 -0.017969707027077675 -0.055733907967805862
v 0.031038179993629456 -0.017894763499498367 -0.05808885395526886
v 0.031513173133134842 -0.015781763941049576 -0.05684899166226387
v 0.030586669221520424 -0.019643401727080345 -0.059145886451005936
v 0.029918333515524864 -0.017795564606785774 -0.060554899275302887
v 0.026489024981856346 -0.025481007993221283 -0.066002011299133301
v 0.025252591818571091 -0.023373257368803024 -0.067506380379199982
v 0.026852728798985481 -0.022652214393019676 -0.065516397356987
v 0.028606846928596497 -0.019079830497503281 -0.062926694750785828
v 0.029714597389101982 -0.020947230979800224 -0.060960125178098679
v 0.02830873429775238 -0.021811526268720627 -0.063399471342563629
v 0.012218467891216278 0.022950243204832077 -0.099301286041736603
v 0.012092253193259239 0.024769829586148262 -0.10172305256128311
v 0.012261704541742802 0.026063637807965279 -0.099335663020610809
v 0.017000000923871994 -0.025353614240884781 -0.077755935490131378
v 0.017000000923871994 -0.027482977136969566 -0.079172402620315552
v 0.017000000923871994 -0.02575802244246006 -0.080653555691242218
v 0.020126113668084145 -0.022284910082817078 -0.07226957380771637
v 0.018965722993016243 -0.024879002943634987 -0.073107615113258362
v 0.017813408747315407 -0.021359376609325409 -0.073993265628814697
v 0.017000000923871994 -0.026552267372608185 -0.083197101950645447
v 0.017000000923871994 -0.02749205008149147 -0.085736148059368134
v 0.027224436402320862 -0.019994186237454414 -0.065009951591491699
v 0.026173068210482597 -0.018014192581176758 -0.066402211785316467
v 0.027582837268710136 -0.017690232023596764 -0.064507417380809784
v 0.033046633005142212 -0.0089538116008043289 -0.055689588189125061
v 0.031656064093112946 -0.010636084713041782 -0.057375658303499222
v 0.032964415848255157 -0.0074173170141875744 -0.057816382497549057
v 0.030951298773288727 -0.013711976818740368 -0.058298796415328979
v 0.030103396624326706 -0.011769257485866547 -0.060280065983533859
v 0.032108940184116364 -0.022110966965556145 -0.055036511272192001
v 0.03189435601234436 -0.024826202541589737 -0.055726334452629089
v 0.031283847987651825 -0.022832721471786499 -0.057458773255348206
v 0.029252504929900169 -0.02369258739054203 -0.061809919774532318
v 0.030350590124726295 -0.023277280852198601 -0.059663686901330948
v 0.029980899766087532 -0.025625072419643402 -0.060433275997638702
v -0.012756894342601299 0.020882008597254753 -0.089896254241466522
v -0.013483354821801186 0.023036787286400795 -0.088736787438392639
v -0.012911072932183743 0.023576546460390091 -0.092387348413467407
v 0.030983353033661842 -0.019000021740794182 -0.0063770590350031853
v 0.027558503672480583 -0.019623003900051117 -0.0055205514654517174
v 0.028958972543478012 -0.021671291440725327 -0.0064525902271270752
v 0.028698770329356194 -0.01322200708091259 -0.062762916088104248
v 0.029866650700569153 -0.014786761254072189 -0.060651890933513641
v 0.027998568490147591 -0.024542795494198799 -0.063880607485771179
v 0.013668680563569069 -0.030408227816224098 -0.093658946454524994
v 0.015819638967514038 -0.030222788453102112 -0.093512661755084991
v 0.015709664672613144 -0.033049792051315308 -0.093831650912761688
v 0.017000000923871994 -0.029940199106931686 -0.078973516821861267
v 0.017000000923871994 -0.028346400707960129 -0.081229038536548615
v 0.030018512159585953 -0.03221452608704567 -0.039069179445505142
v 0.023467911407351494 -0.023786522448062897 -0.069397278130054474
v 0.022817574441432953 -0.026288865134119987 -0.070013321936130524
v 0.021454136818647385 -0.024236110970377922 -0.071217864751815796
v 0.028737561777234077 -0.03101755864918232 -0.029729763045907021
v 0.013997831381857395 -0.03292185440659523 -0.095857091248035431
v 0.014633283950388432 -0.035394076257944107 -0.094563759863376617
v 0.020491598173975945 -0.030376706272363663 -0.010196502320468426
v -0.019257849082350731 -0.007159059401601553 -0.074214212596416473
v -0.018124815076589584 -0.0072259888984262943 -0.076712124049663544
v 0.017000000923871994 -0.023165322840213776 -0.079855337738990784
v 0.017000000923871994 -0.02378200925886631 -0.082503646612167358
v 0.02272515557706356 -0.03229999914765358 -0.028227761387825012
v 0.030832825228571892 -0.031739700585603714 -0.054564438760280609
v 0.030789770185947418 -0.030787656083703041 -0.057335305958986282
v 0.025125185027718544 -0.015741480514407158 -0.067648179829120636
v 0.023147663101553917 -0.015952335670590401 -0.069704599678516388
v 0.034185726195573807 -0.0072207171469926834 -0.055392809212207794
v 0.034480743110179901 -0.005667493212968111 -0.056749012321233749
v 0.03068343922495842 -0.015986522659659386 -0.058933738619089127
v 0.031958293169736862 -0.013355981558561325 -0.055564612150192261
v 0.032189458608627319 -0.019875917583703995 -0.054753083735704422
v 0.031438767910003662 -0.020234044641256332 -0.05704803392291069
v 0.033603809773921967 -0.010901839472353458 -0.0056584402918815613
v 0.033082593232393265 -0.013942370191216469 -0.005900304764509201
v 0.034832987934350967 -0.012949524447321892 -0.0070047243498265743
v 0.020934537053108215 -0.026987709105014801 -0.071644432842731476
v 0.017000000923871994 -0.029427008703351021 -0.08371426910161972
v 0.026222920045256615 -0.025493035092949867 -0.014962213113903999
v 0.024777175858616829 -0.027026940137147903 -0.012677633203566074
v 0.024493420496582985 -0.027161739766597748 -0.015329434536397457
v 0.028253676369786263 -0.023942554369568825 -0.0083756837993860245
v 0.016998844221234322 -0.027297355234622955 -0.090450257062911987
v 0.017000248655676842 -0.025775173678994179 -0.087847977876663208
v 0.017000000923871994 -0.02830212190747261 -0.087963663041591644
v 0.02416912280023098 -0.021591018885374069 -0.068687081336975098
v 0.024104276672005653 -0.01879412867128849 -0.068754762411117554
v 0.025660669431090355 -0.020738901570439339 -0.067026413977146149
v 0.021892905235290527 -0.018177112564444542 -0.070843897759914398
v 0.032843027263879776 -0.013365834020078182 -0.052301637828350067
v 0.032726820558309555 -0.010879481211304665 -0.054319977760314941
v -0.016981994733214378 0.010641844943165779 -0.079499997198581696
v -0.01642032153904438 0.0089190369471907616 -0.079499997198581696
v 0.030968585982918739 -0.025227401405572891 -0.058258477598428726
v 0.03147028386592865 -0.027668487280607224 -0.056965198367834091
v 0.0305654127150774 -0.027175078168511391 -0.059186585247516632
v 0.030701695010066032 -0.02138013020157814 -0.058886103332042694
v 0.03009006567299366 0.032237023115158081 -0.041929140686988831
v 0.028670469298958778 -0.016273517161607742 -0.062813229858875275
v 0.027114618569612503 -0.015100841410458088 -0.065166383981704712
v -0.031494278460741043 -0.030254349112510681 -0.05601026862859726
v -0.031493991613388062 -0.028014963492751122 -0.056892797350883484
v -0.016999987885355949 -0.032718900591135025 -0.086816407740116119
v -0.016999958083033562 -0.031509015709161758 -0.083572171628475189
v -0.017000000923871994 -0.029465414583683014 -0.086534343659877777
v 0.027442062273621559 0.022615423426032066 -0.0059849526733160019
v 0.027482876554131508 0.024474307894706726 -0.0077069294638931751
v 0.025478074327111244 0.02437639981508255 -0.0058959187008440495
v 0.019031113013625145 0.0058694412000477314 -0.073068231344223022
v -0.017000000923871994 -0.020696999505162239 -0.085786908864974976
v -0.016579020768404007 -0.021656747907400131 -0.087091758847236633
v -0.016999999061226845 -0.023659605532884598 -0.08559754490852356
v -0.029305713251233101 -0.030502855777740479 -0.060931351035833359
v -0.030387954786419868 -0.027409916743636131 -0.059580486267805099
v -0.028730746358633041 -0.027544023469090462 -0.062723368406295776
v -0.027167633175849915 -0.026902450248599052 -0.065088406205177307
v -0.027586739510297775 -0.028843533247709274 -0.064482793211936951
v -0.015991868451237679 -0.034324601292610168 -0.092747904360294342
v -0.01694285124540329 -0.031524658203125 -0.092242635786533356
v 0.011740373447537422 -0.031464178115129471 -0.10848491638898849
v 0.011942530050873756 -0.032425496727228165 -0.10645284503698349
v -0.016966810449957848 -0.034099925309419632 -0.079039670526981354
v -0.017000213265419006 -0.031939990818500519 -0.077435128390789032
v -0.017000000923871994 -0.031734790652990341 -0.080279864370822906
v 0.00043442827882245183 -0.030732741579413414 -0.13026522099971771
v 0.001492487033829093 -0.033378452062606812 -0.13018174469470978
v -0.01799386739730835 -0.027784530073404312 -0.073853820562362671
v -0.017269441857933998 -0.024865562096238136 -0.074586302042007446
v -0.017000393941998482 -0.027344975620508194 -0.076595991849899292
v -0.031704902648925781 -0.0057314601726830006 -0.06152990460395813
v -0.032967809587717056 -0.0064829252660274506 -0.058891437947750092
v -0.033855687826871872 -0.0037527868989855051 -0.059592686593532562
v -0.026886358857154846 -0.012841527350246906 -0.065472714602947235
v -0.027487391605973244 -0.0098438505083322525 -0.06476118415594101
v -0.026254609227180481 -0.010445976629853249 -0.066293947398662567
v -0.026478832587599754 -0.0086963921785354614 -0.066215105354785919
v -0.025190833956003189 -0.009302433580160141 -0.067576594650745392
v -0.037884820252656937 -0.0015150951221585274 -0.047491785138845444
v -0.037918049842119217 0.0013115421170368791 -0.046773560345172882
v -0.025060547515749931 -0.013668534345924854 -0.06772574782371521
v -0.025190036743879318 -0.011531789787113667 -0.067569062113761902
v -0.0234410110861063 -0.012552700005471706 -0.069426305592060089
v -0.023729834705591202 -0.015657741576433182 -0.069137550890445709
v -0.017000002786517143 -0.019938873127102852 -0.078773729503154755
v -0.017008043825626373 -0.020055120810866356 -0.0765395388007164
v -0.017000731080770493 -0.017910202965140343 -0.077292345464229584
v -0.01700054295361042 -0.017497066408395767 -0.080240793526172638
v -0.017000000923871994 -0.019887873902916908 -0.081104941666126251
v -0.016912855207920074 -0.018143178895115852 -0.083460330963134766
v -0.017000000923871994 -0.021551476791501045 -0.082973591983318329
v -0.0087008681148290634 -0.031194819137454033 -0.0062634721398353577
v -0.028657909482717514 -0.022430339828133583 -0.062832280993461609
v -0.028648698702454567 -0.019742021337151527 -0.062858223915100098
v -0.027285119518637657 -0.021627167239785194 -0.064924649894237518
v -0.031521368771791458 -0.018031883984804153 -0.056813526898622513
v -0.032383762300014496 -0.017759721726179123 -0.054047703742980957
v -0.031845606863498688 -0.015956342220306396 -0.055876340717077255
v -0.035624414682388306 0.0081805009394884109 -0.0069215372204780579
v -0.0310564786195755 -0.015852944925427437 -0.058046065270900726
v -0.031569074839353561 -0.013747257180511951 -0.05669737234711647
v -0.019514195621013641 -0.023420339450240135 -0.072722986340522766
v -0.021598035469651222 -0.022557808086276054 -0.071096442639827728
v -0.020084584131836891 -0.020346030592918396 -0.072302669286727905
v -0.017515435814857483 -0.021549606695771217 -0.074486702680587769
v -0.017000619322061539 -0.021929072216153145 -0.077303409576416016
v -0.017000000923871994 -0.022112365812063217 -0.080009147524833679
v -0.017000015825033188 -0.024500330910086632 -0.07801046222448349
v -0.022969728335738182 -0.020103082060813904 -0.069878906011581421
v -0.023793598636984825 -0.023713530972599983 -0.069077223539352417
v -0.0362045057117939 0.0022033664863556623 -0.055624261498451233
v -0.02533966489136219 -0.020923938602209091 -0.067401424050331116
v -0.024705752730369568 -0.018103698268532753 -0.068117581307888031
v -0.026838619261980057 -0.018413806334137917 -0.06554161012172699
v -0.025815913453698158 -0.015732521191239357 -0.06684267520904541
v -0.017000000923871994 -0.024731241166591644 -0.081878632307052612
v -0.017000000923871994 -0.026719313114881516 -0.084654107689857483
v -0.017000000923871994 -0.028860185295343399 -0.083648353815078735
v -0.033169809728860855 0.027479805052280426 -0.050150107592344284
v -0.03330598771572113 0.025516603142023087 -0.049028858542442322
v -0.01699996180832386 -0.026310659945011139 -0.088112920522689819
v -0.030626950785517693 -0.02499060146510601 -0.059060409665107727
v -0.029562028124928474 -0.024550555273890495 -0.061245601624250412
v -0.030492309480905533 -0.023182330653071404 -0.05936160683631897
v -0.031274851411581039 -0.023836124688386917 -0.057480711489915848
v 0.021482942625880241 -0.00074886070797219872 -0.0054999999701976776
v -0.031210990622639656 -0.025968566536903381 -0.057653985917568207
v -0.032027490437030792 -0.025570975616574287 -0.055307384580373764
v -0.03101012110710144 -0.02082531526684761 -0.058151382952928543
v -0.028931982815265656 -0.014410287141799927 -0.062373686581850052
v -0.02985839731991291 -0.011261990293860435 -0.060826398432254791
v -0.028461668640375137 -0.011363208293914795 -0.063171416521072388
v -0.027798483148217201 -0.024558715522289276 -0.06418357789516449
v -0.026685208082199097 -0.025376765057444572 -0.065743766725063324
v -0.025478610768914223 -0.026386482641100883 -0.067244142293930054
v -0.026338556781411171 -0.02883433923125267 -0.066182516515254974
v -0.017000000923871994 -0.027141204103827477 -0.0797320157289505
v -0.017000000923871994 -0.027350042015314102 -0.082231923937797546
v -0.017000000923871994 -0.029350046068429947 -0.081311360001564026
v -0.017000000923871994 -0.029601264744997025 -0.07844117283821106
v -0.03726658970117569 -0.0041737910360097885 -0.048143118619918823
v -0.036626379936933517 -0.0062632020562887192 -0.045609939843416214
v -0.037609294056892395 -0.0032077943906188011 -0.045348953455686569
v -0.023141836747527122 -0.027177589014172554 -0.069709278643131256
v -0.037486162036657333 0.0026473172474652529 -0.049940798431634903
v -0.022464247420430183 -0.030303250998258591 -0.070061579346656799
v -0.023440402001142502 -0.031530674546957016 -0.067757152020931244
v -0.024635987356305122 -0.02922249399125576 -0.068151131272315979
v -0.012968662194907665 -0.01981724239885807 -0.087828308343887329
v -0.014293965883553028 -0.021972948685288429 -0.087732799351215363
v 0.016082776710391045 0.01604086346924305 -0.081740863621234894
v 0.016706252470612526 0.017917510122060776 -0.083536110818386078
v 0.017003715038299561 0.016993911936879158 -0.080430813133716583
v -0.0062705040909349918 0.031395677477121353 -0.12847037613391876
v -0.016999078914523125 0.0174146369099617 -0.076522558927536011
v -0.016999876126646996 0.019613383337855339 -0.077489666640758514
v -0.032848279923200607 -0.0085173062980175018 -0.056674256920814514
v -0.03452102467417717 -0.0072548449970781803 -0.054456230252981186
v -0.034576985985040665 -0.005553132388740778 -0.056671466678380966
v -0.0040890858508646488 0.03229999914765358 -0.034906327724456787
v -0.0067743714898824692 0.03229999914765358 -0.035206165164709091
v -0.0054949671030044556 0.03229999914765358 -0.032553516328334808
v -0.029403144493699074 -0.0084743266925215721 -0.062685057520866394
v -0.031265363097190857 -0.0085697602480649948 -0.05971803143620491
v -0.028114071115851402 -0.021385326981544495 -0.0058592422865331173
v -0.028252134099602699 -0.02321837842464447 -0.0069744470529258251
v -0.026490012183785439 -0.022936707362532616 -0.0057396735064685345
v 0.000323924032272771 0.03229999914765358 -0.053555555641651154
v -0.0013567904243245721 0.03229999914765358 -0.050683241337537766
v 0.0017314344877377152 0.03229999914765358 -0.050273653119802475
v -0.018350968137383461 -0.01963922381401062 -0.07358076423406601
v -0.021575460210442543 -0.017292724922299385 -0.071119405329227448
v -0.021779382601380348 -0.028902748599648476 -0.0068702567368745804
v -0.023606404662132263 -0.027949618175625801 -0.0076231532730162144
v -0.02273254282772541 -0.028872629627585411 -0.0093502728268504143
v -0.016999958083033562 -0.02900179848074913 -0.089971080422401428
v -0.013378758914768696 0.015754209831357002 -0.084227487444877625
v -0.013154319487512112 0.013477945700287819 -0.085472367703914642
v -0.018150757998228073 0.012494573369622231 -0.073694422841072083
v -0.019120672717690468 0.015072300098836422 -0.073001518845558167
v -0.029446404427289963 -0.017427323386073112 -0.061458282172679901
v -0.0282860416918993 -0.017139246687293053 -0.063437469303607941
v -0.029635543003678322 -0.032284129410982132 -0.041366439312696457
v -0.031997170299291611 -0.019959229975938797 -0.055391881614923477
v -0.029566003009676933 -0.03229595348238945 -0.04400244727730751
v -0.019335977733135223 -0.025923067703843117 -0.072849564254283905
v -0.021376840770244598 -0.025181906297802925 -0.071284100413322449
v -0.031265448778867722 -0.01116556953638792 -0.058022931218147278
v -0.01224663108587265 -0.015548852272331715 -0.092355325818061829
v -0.012106879614293575 -0.014947094023227692 -0.095200277864933014
v -0.012235351838171482 -0.01740160770714283 -0.093469321727752686
v -0.026127781718969345 -0.023738015443086624 -0.066458575427532196
v 0.023084882646799088 -0.022561255842447281 -0.0055001024156808853
v 0.032756738364696503 -0.016379121690988541 -0.0065988171845674515
v 0.030753107741475105 -0.015387546271085739 -0.0055434633977711201
v -0.02326526865363121 -0.017788900062441826 -0.06959206610918045
v -0.017000004649162292 -0.031292419880628586 -0.089077256619930267
v -0.029762428253889084 -0.021707475185394287 -0.060866203159093857
v -0.027307100594043732 0.023595729842782021 -0.0064159100875258446
v -0.030553694814443588 -0.017908407375216484 -0.059218790382146835
v -0.030131585896015167 -0.015851609408855438 -0.060124237090349197
v -0.03048369288444519 -0.013706447556614876 -0.059365715831518173
v -0.019428497180342674 -0.032306849956512451 -0.019797716289758682
v -0.017363425344228745 -0.032300043851137161 -0.017677269876003265
v -0.020585456863045692 -0.031778857111930847 -0.017139311879873276
v -0.018199078738689423 -0.031834930181503296 -0.010937810875475407
v -0.020319703966379166 -0.030673429369926453 -0.012480700388550758
v -0.018346328288316727 -0.032179839909076691 -0.014393148012459278
v -0.018424371257424355 -0.03229999914765358 -0.049752593040466309
v -0.016781006008386612 -0.03229999914765358 -0.051463812589645386
v -0.01557796448469162 -0.03229999914765358 -0.048625502735376358
v -0.034699574112892151 0.0010399345774203539 -0.0055194334127008915
v -0.031892325729131699 0.0022038840688765049 -0.0055037867277860641
v -0.034388352185487747 0.0028709655161947012 -0.0055360971018671989
v -0.035175926983356476 -0.0011299694888293743 -0.0056101344525814056
v -0.036917101591825485 0.00011793834710260853 -0.0063220974989235401
v -0.017625181004405022 -0.03229999914765358 -0.067134469747543335
v -0.016117287799715996 -0.03229999914765358 -0.064881764352321625
v -0.01848195306956768 -0.03229999914765358 -0.064666815102100372
v -0.020079446956515312 -0.03229999914765358 -0.05215097963809967
v -0.01796453632414341 -0.03229999914765358 -0.044343370944261551
v -0.015424113720655441 -0.03229999914765358 -0.045386310666799545
v -0.016190517693758011 -0.03229999914765358 -0.043511725962162018
v -0.020204683765769005 -0.03229999914765358 -0.045174498111009598
v -0.020133994519710541 -0.03229999914765358 -0.042918466031551361
v -0.022941350936889648 -0.03229999914765358 -0.041679784655570984
v -0.02244083397090435 -0.03229999914765358 -0.044446252286434174
v -0.025756090879440308 -0.03229999914765358 -0.035118896514177322
v -0.026626802980899811 -0.03229999914765358 -0.037906326353549957
v -0.023993106558918953 -0.03229999914765358 -0.037459764629602432
v -0.018635179847478867 -0.03229999914765358 -0.047099452465772629
v -0.021803304553031921 -0.03229999914765358 -0.046854585409164429
v -0.021038424223661423 -0.03229999914765358 -0.049337480217218399
v -0.013966971077024937 -0.0030499142594635487 -0.079713262617588043
v -0.017245642840862274 -0.03229999914765358 -0.062908731400966644
v -0.014916321262717247 -0.03229999914765358 -0.062502793967723846
v -0.017074422910809517 -0.03229999914765358 -0.060184549540281296
v -0.01977204717695713 -0.03229999914765358 -0.062311995774507523
v -0.020329099148511887 -0.03229999914765358 -0.059395752847194672
v -0.020014263689517975 -0.03229999914765358 -0.039864994585514069
v -0.02264060266315937 -0.03229999914765358 -0.039258547127246857
v 0.036955885589122772 -0.0037834127433598042 -0.051456242799758911
v 0.037424713373184204 -0.0034035872668027878 -0.049154140055179596
v -0.024829640984535217 -0.03229999914765358 -0.03973047062754631
v -0.024495251476764679 -0.03229999914765358 -0.046142000705003738
v -0.023056026548147202 -0.03229999914765358 -0.054299991577863693
v -0.020159542560577393 -0.03229999914765358 -0.054838597774505615
v -0.023300176486372948 -0.03229999914765358 -0.051313187927007675
v -0.018298251554369926 -0.03229999914765358 -0.056873250752687454
v -0.021567210555076599 -0.03229999914765358 -0.056904677301645279
v 0.037605874240398407 -0.0032557977829128504 -0.046218190342187881
v 0.03319854661822319 -0.029236400499939919 -0.041533354669809341
v 0.032460261136293411 -0.030676448717713356 -0.03914281353354454
v 0.031516838818788528 -0.03194814920425415 -0.041996411979198456
v -0.032528229057788849 0.017257364466786385 -0.0069213761016726494
v -0.033760320395231247 -0.016130188480019569 -0.0080923866480588913
v -0.020506508648395538 -0.03229999914765358 -0.064529664814472198
v -0.016936302185058594 -0.032261718064546585 -0.073325097560882568
v -0.015149195678532124 -0.032300584018230438 -0.070720262825489044
v -0.017650062218308449 -0.032288406044244766 -0.070030868053436279
v -0.028592059388756752 0.032210085541009903 -0.055883932858705521
v -0.028282586485147476 0.032295607030391693 -0.053513351827859879
v -0.026014337316155434 0.03229999914765358 -0.055630095303058624
v -0.029634537175297737 -0.021542543545365334 -0.02799699455499649
v -0.030045347288250923 -0.020131222903728485 -0.026097793132066727
v -0.031002644449472427 -0.018446167930960655 -0.028017286211252213
v -0.033784247934818268 0.013660398311913013 -0.030050987377762794
v 0.027786405757069588 0.03229999914765358 -0.04075869545340538
v 0.017013799399137497 0.021295024082064629 -0.085476532578468323
v 0.016992304474115372 0.020249910652637482 -0.083438262343406677
v 0.016756931319832802 0.019081076607108116 -0.084552586078643799
v -0.030189966782927513 0.021844035014510155 -0.030344251543283463
v -0.029013438150286674 0.023392880335450172 -0.027656495571136475
v -0.029693359509110451 0.025348788127303123 -0.029948614537715912
v -0.02664889395236969 -0.03229999914765358 -0.047803185880184174
v -0.026144608855247498 -0.03229999914765358 -0.050481583923101425
v -0.00035023919190280139 0.035801295191049576 -0.12765789031982422
v -0.0032401431817561388 0.035800077021121979 -0.12686975300312042
v -0.037962999194860458 -0.00088064000010490417 -0.028559908270835876
v 0.033115368336439133 -0.017494566738605499 -0.0089321518316864967
v 0.034263372421264648 -0.015069808810949326 -0.0079325465485453606
v 0.037983108311891556 -0.00012843674630858004 -0.023423546925187111
v 0.037954237312078476 -0.0013174584601074457 -0.021210718899965286
v 0.037815414369106293 -0.0027921958826482296 -0.023110236972570419
v 0.016997957602143288 -0.028259139508008957 -0.077028222382068634
v 0.017281806096434593 -0.026685886085033417 -0.075020521879196167
v -0.012067615054547787 0.031672049313783646 -0.10427357256412506
v -0.012097657658159733 0.029808755964040756 -0.10316143929958344
v -0.012354970909655094 0.031615138053894043 -0.10204502940177917
v 0.031121095642447472 -0.019124140962958336 -0.020510097965598106
v 0.032612115144729614 -0.016953969374299049 -0.02010079100728035
v 0.031825322657823563 -0.018452676013112068 -0.017868759110569954
v -0.022907396778464317 -0.026562031358480453 -0.0058895843103528023
v 0.02133944071829319 0.0071009942330420017 -0.071318104863166809
v 0.021771367639303207 0.010110476985573769 -0.070950552821159363
v 0.023021917790174484 0.0081573696807026863 -0.069822780787944794
v -0.010219613090157509 0.035663563758134842 -0.11742565780878067
v -0.010283268988132477 0.03415101021528244 -0.12002380937337875
v -0.01065476331859827 0.032213795930147171 -0.11804275214672089
v -0.024178763851523399 0.0090336091816425323 -0.0054999999701976776
v -0.026045646518468857 0.011209680698812008 -0.0054999999701976776
v -0.026926269754767418 0.008486645296216011 -0.0054999999701976776
v -0.037936806678771973 -0.0018831663765013218 -0.011132786981761456
v 0.026838690042495728 0.03229999914765358 -0.047063674777746201
v 0.028133194893598557 0.03229999914765358 -0.043956641107797623
v 0.03615894541144371 -0.010744800791144371 -0.010236720554530621
v 0.020214755088090897 -0.017294980585575104 -0.072201944887638092
v 0.020084386691451073 -0.019701113924384117 -0.072305686771869659
v -0.029700865969061852 0.021818211302161217 -0.013720682822167873
v -0.027931805700063705 0.023733234032988548 -0.015026634559035301
v -0.029346158728003502 0.021983079612255096 -0.016111843287944794
v 0.030984368175268173 0.018512530252337456 -0.027329863980412483
v 0.032313205301761627 0.016331428661942482 -0.027924478054046631
v 0.031340315937995911 0.018033966422080994 -0.030343856662511826
v 0.033231362700462341 -0.03012760728597641 -0.04419906809926033
v -0.032262079417705536 -0.019941341131925583 -0.036483585834503174
v -0.03204558789730072 -0.022654403001070023 -0.035751804709434509
v -0.031518261879682541 -0.02093190886080265 -0.034115254878997803
v -0.0021902096923440695 0.022886946797370911 -0.1300482302904129
v -0.0015471862861886621 0.021074609830975533 -0.13014812767505646
v 0.0047476673498749733 -0.019471406936645508 -0.12932592630386353
v 0.004256711807101965 -0.016786821186542511 -0.12951770424842834
v 0.0045391013845801353 0.028887310996651649 -0.12944124639034271
v 0.0067022759467363358 0.028475886210799217 -0.12817278504371643
v 0.005573927890509367 0.0022527307737618685 -0.12893106043338776
v 0.0049714329652488232 3.0090537620708346e-05 -0.12923373281955719
v 0.0028814084362238646 0.0012252175947651267 -0.12994188070297241
v -0.0037520406767725945 -0.0049185985699295998 -0.12973207235336304
v -0.0048184478655457497 -0.0020458316430449486 -0.12934203445911407
v 0.030418243259191513 -0.032243400812149048 -0.04753316193819046
v -0.0051556248217821121 -0.028310518711805344 -0.12917487323284149
v -0.0064745163545012474 -0.030443625524640083 -0.12837599217891693
v -0.0077504431828856468 -0.028459196910262108 -0.12708699703216553
v 0.017735442146658897 0.03229999914765358 -0.047426767647266388
v 0.015359187498688698 0.03229999914765358 -0.048754435032606125
v 0.015137797221541405 0.03229999914765358 -0.045854903757572174
v 0.031453784555196762 -0.019947376102209091 -0.0099055245518684387
v 0.020818265154957771 0.014909274876117706 -0.071739844977855682
v 0.0070508643984794617 0.00026831604191102087 -0.12792432308197021
v 0.0089352531358599663 0.0008406182168982923 -0.12535007297992706
v 0.0084257973358035088 0.028668735176324844 -0.12623295187950134
v 0.0091647813096642494 0.02689645066857338 -0.1247699111700058
v 0.012115377932786942 -0.032395992428064346 -0.10404716432094574
v 0.013036007061600685 -0.03400951623916626 -0.10204511135816574
v 0.012491144239902496 -0.034299999475479126 -0.10415026545524597
v -0.012565811164677143 -0.0048311376012861729 -0.089154273271560669
v -0.012373898178339005 -0.0069387578405439854 -0.090640075504779816
v -0.012798814103007317 -0.0069231442175805569 -0.087643109261989594
v -0.0077823912724852562 0.030640183016657829 -0.12705159187316895
v -0.014080277644097805 0.0071991723962128162 -0.079910293221473694
v 0.01769876666367054 -0.012192891910672188 -0.07419818639755249
v 0.017295747995376587 -0.015226231887936592 -0.074727475643157959
v 0.025541778653860092 0.026297835633158684 -0.0076160072349011898
v 0.0038360892795026302 0.0040140571072697639 -0.12966848909854889
v 0.030512915924191475 0.021130699664354324 -0.010771884582936764
v 0.032046802341938019 0.029576627537608147 -0.036024115979671478
v -0.02274923212826252 -0.010364066809415817 -0.070085495710372925
v -0.023510176688432693 -0.0081812478601932526 -0.069356717169284821
v -0.021526707336306572 -0.0089427698403596878 -0.071162514388561249
v 0.012403047643601894 0.02484121173620224 -0.09734354168176651
v 0.012408705428242683 0.022566948086023331 -0.096215672791004181
v 0.028189588338136673 0.032080639153718948 -0.031629987061023712
v 0.030030159279704094 0.030561778694391251 -0.031477026641368866
v 0.028480149805545807 0.023636540398001671 -0.010066534392535686
v -0.0084136864170432091 -0.020181372761726379 -0.12620621919631958
v -0.0080428505316376686 0.0027548023499548435 -0.1267254501581192
v -0.0059605888091027737 0.0018454532837495208 -0.12872022390365601
v -0.0067654247395694256 -2.0482717445702292e-05 -0.1280943751335144
v -0.01267589908093214 0.012197297997772694 -0.0883651003241539
v -0.012891632504761219 0.0096434839069843292 -0.086039796471595764
v 0.013708361424505711 0.011838928796350956 -0.083501316606998444
v 0.013971181586384773 0.0097845951095223427 -0.081726334989070892
v 0.031819935888051987 0.031039116904139519 -0.037406079471111298
v 0.01244622003287077 0.015161516144871712 -0.093335554003715515
v 0.012320718728005886 0.015717951580882072 -0.095937468111515045
v 0.012407464906573296 0.018063910305500031 -0.09469391405582428
v -0.037990782409906387 0.00031793929520063102 -0.010402019135653973
v -0.0087652569636702538 -0.023480638861656189 -0.12564921379089355
v -0.0071778194978833199 -0.022357933223247528 -0.12769772112369537
v 0.0064142895862460136 -0.027857838198542595 -0.12841835618019104
v 0.0080304015427827835 -0.026727942749857903 -0.12689130008220673
v 0.0074872248806059361 -0.029437832534313202 -0.12745495140552521
v -0.029286272823810577 -0.022113753482699394 -0.015595396049320698
v -0.030278032645583153 -0.021146055310964584 -0.013203904964029789
v -0.031157400459051132 -0.019752891734242439 -0.014992829412221909
v 0.012549691833555698 0.019574008882045746 -0.092596687376499176
v 0.012778224423527718 0.019558202475309372 -0.089951165020465851
v 0.012527931481599808 0.017720825970172882 -0.09228108823299408
v 0.007118638139218092 -0.032233390957117081 -0.12786376476287842
v 0.0083496775478124619 -0.0081348894163966179 -0.12634782493114471
v -0.034193217754364014 0.0052121416665613651 -0.0057286014780402184
v -0.024357771500945091 -0.019454643130302429 -0.0055000004358589649
v -0.025095796212553978 -0.016908800229430199 -0.0054999999701976776
v -0.026972917839884758 -0.019117185845971107 -0.0055021448060870171
v -0.020522356033325195 -0.0060083265416324139 -0.076368845999240875
v -0.027440212666988373 0.015648886561393738 -0.064703583717346191
v -0.0068560675717890263 -0.025252444669604301 -0.1280333548784256
v 0.012283606454730034 -0.0036774307955056429 -0.092754945158958435
v 0.012478984892368317 -0.0018480655271559954 -0.089978210628032684
v 0.012416779063642025 -0.0046839797869324684 -0.09022696316242218
v -0.012465739622712135 0.0036937729455530643 -0.090660430490970612
v -0.012366438284516335 0.0019160272786393762 -0.092257224023342133
v -0.012502157129347324 0.0012680529616773129 -0.089730240404605865
v -0.0019028139067813754 0.035799998790025711 -0.090668253600597382
v -0.003383721923455596 0.035799998790025711 -0.08836790919303894
v -0.00064833881333470345 0.035799998790025711 -0.087735883891582489
v 0.0056397225707769394 0.023038530722260475 -0.12890352308750153
v 0.025796180590987206 -0.027323879301548004 -0.022204943001270294
v 0.027319472283124924 -0.024945272132754326 -0.023730788379907608
v 0.026478210464119911 -0.025539971888065338 -0.021485950797796249
v 0.013173343613743782 -0.030099794268608093 -0.095669373869895935
v -0.036637786775827408 -0.0086142588406801224 -0.0076256725005805492
v -0.0085717672482132912 -0.026113200932741165 -0.12594464421272278
v -0.01291093323379755 -0.012401013635098934 -0.087757900357246399
v -0.012623121030628681 -0.014779624529182911 -0.089705631136894226
v -0.01336266566067934 -0.015554217621684074 -0.086252644658088684
v 0.013429263606667519 -0.0042326110415160656 -0.082509525120258331
v 0.013233203440904617 -0.0015451052458956838 -0.083923794329166412
v 0.013863102532923222 -0.0017582154832780361 -0.080701127648353577
v -0.011992991901934147 -0.032412439584732056 -0.10577615350484848
v -0.011882836930453777 -0.029831821098923683 -0.10619626194238663
v -0.011783992871642113 -0.031626354902982712 -0.10805070400238037
v 0.0077532990835607052 0.014884657226502895 -0.12720036506652832
v 0.0088371168822050095 0.016275251284241676 -0.1255505383014679
v -0.012883367016911507 0.018904201686382294 -0.087936997413635254
v -0.013056413270533085 0.021552309393882751 -0.087252303957939148
v -0.0044293147511780262 0.0301646888256073 -0.12947344779968262
v 0.0057362220250070095 -0.0020866156555712223 -0.1288352906703949
v 0.012500064447522163 0.020881591364741325 -0.094152748584747314
v 0.037771366536617279 0.0023881411179900169 -0.044616147875785828
v -0.0070923054590821266 -0.0089284889400005341 -0.12782040238380432
v -0.017240732908248901 0.010278466157615185 -0.074894979596138
v -0.01786232553422451 0.0075086210854351521 -0.073943644762039185
v -0.019622679799795151 0.0099220871925354004 -0.072644472122192383
v -0.0088528413325548172 -0.029998209327459335 -0.12538798153400421
v -0.0092101218178868294 -0.027918402105569839 -0.1246192455291748
v 0.030547453090548515 -0.019269470125436783 -0.025836583226919174
v 0.030049934983253479 -0.02025878056883812 -0.022859213873744011
v 0.028906658291816711 -0.022067207843065262 -0.024899661540985107
v -0.0025409504305571318 0.010461083613336086 -0.13000133633613586
v -0.0043993652798235416 0.0088875964283943176 -0.12949953973293304
v -0.0055175437591969967 -0.0070222057402133942 -0.12900009751319885
v -0.0029114603530615568 -0.007574162445962429 -0.12994751334190369
v -0.013707968406379223 -0.0177634097635746 -0.084097027778625488
v -0.014650871977210045 -0.015282023698091507 -0.081408530473709106
v -0.01379347313195467 -0.01479064580053091 -0.08377876877784729
v 0.004684260580688715 0.021020188927650452 -0.12938123941421509
v 0.0024203420616686344 0.021067885681986809 -0.13003173470497131
v 0.0034182027447968721 0.023157471790909767 -0.12982140481472015
v 0.0023531739134341478 -0.035681091248989105 -0.12894414365291595
v 0.0043857707642018795 -0.033497754484415054 -0.12946926057338715
v -0.0022524967789649963 0.00013961728836875409 -0.13005596399307251
v -0.0048028063029050827 0.00040902086766436696 -0.12932364642620087
v -0.003898286260664463 0.0022895997390151024 -0.12966820597648621
v -0.012871274724602699 0.029678367078304291 -0.097605802118778229
v -0.012230320833623409 0.028973979875445366 -0.10080964863300323
v -0.01682039350271225 -0.016945695504546165 -0.082407340407371521
v -0.016697695478796959 -0.014365688897669315 -0.080253139138221741
v 0.0027328166179358959 -0.0087661305442452431 -0.12997308373451233
v 0.0010227757738903165 -0.026117747649550438 -0.13021726906299591
v 0.0035267176572233438 -0.025176104158163071 -0.12975685298442841
v 0.0025138589553534985 -0.028398819267749786 -0.13001678884029388
v -0.01701517216861248 -0.023229077458381653 -0.076062962412834167
v -0.025026639923453331 -0.00078373024007305503 -0.0054999999701976776
v -0.028643462806940079 0.0032950318418443203 -0.0054999999701976776
v -0.013990848325192928 -0.0066258683800697327 -0.0054999999701976776
v -0.01693585142493248 -0.0060573965311050415 -0.0054999999701976776
v 0.0096761463209986687 -0.022781629115343094 -0.0054999999701976776
v -0.032253734767436981 0.018752291798591614 -0.0090209031477570534
v 0.0069711701944470406 -0.022744100540876389 -0.0054999999701976776
v -0.019595082849264145 -0.00041082713869400322 -0.0054999999701976776
v -0.0073806634172797203 -0.011165018193423748 -0.0054999999701976776
v -0.010720265097916126 -0.0022304828744381666 -0.0054999999701976776
v -0.015005928464233875 -0.00074764352757483721 -0.0054999999701976776
v -0.012280602939426899 -0.00018469130736775696 -0.0054999999701976776
v -0.013799635693430901 0.0019987744744867086 -0.0054999999701976776
v 0.012003930285573006 -0.018025578930974007 -0.0054999999701976776
v -0.026869961991906166 0.017207272350788116 -0.0055000013671815395
v 0.0048869028687477112 -0.0026811936404556036 -0.0054999999701976776
v 0.003058386966586113 -0.00030695597524754703 -0.0054999999701976776
v -0.0012876376276835799 0.002591338474303484 -0.0054999999701976776
v 0.0015528319636359811 0.0024339931551367044 -0.0054999999701976776
v 0.021690117195248604 -0.012140018865466118 -0.0054999999701976776
v 0.032722130417823792 -0.030227899551391602 -0.051233395934104919
v 0.03077288344502449 -0.032075695693492889 -0.051858227699995041
v 0.019684409722685814 0.0015035724500194192 -0.0054999999701976776
v -0.0083024101331830025 0.0021354639902710915 -0.0054999999701976776
v 0.018865553662180901 -0.021803656592965126 -0.0054999999701976776
v 0.019144657999277115 -0.019795574247837067 -0.0054999999701976776
v 0.01700194738805294 -0.018905792385339737 -0.076548077166080475
v 0.017073672264814377 -0.016990745440125465 -0.07545103132724762
v 0.018081052228808403 -0.017755214124917984 -0.073733232915401459
v 0.032251656055450439 -0.029146758839488029 -0.036623101681470871
v 0.033403854817152023 -0.028199341148138046 -0.043093588203191757
v -0.02065589465200901 -0.0074669439345598221 -0.072472147643566132
v -0.021499970927834511 -0.0060609304346144199 -0.07382579892873764
v 0.01739814504981041 -0.017756283283233643 -0.0054999999701976776
v 0.024968188256025314 0.021765902638435364 -0.0055042523890733719
v 0.032881163060665131 -0.0035759778693318367 -0.0055000009015202522
v -0.033480424433946609 -0.014472746290266514 -0.006264291238039732
v 0.009827902540564537 0.0022726168390363455 -0.0054999999701976776
v 0.0071227638982236385 0.0023257930297404528 -0.0054999999701976776
v 0.0084752887487411499 -0.00011304910731269047 -0.0054999999701976776
v 0.011179026216268539 -0.00024973275139927864 -0.0054999999701976776
v 0.022639317438006401 -0.0029970523901283741 -0.0054999999701976776
v 0.0053164861164987087 -0.016522694379091263 -0.0054999999701976776
v 0.030210699886083603 -0.021648727357387543 -0.0082882745191454887
v 0.00089195906184613705 0.03229999914765358 -0.016698850318789482
v -0.0015043746680021286 0.03229999914765358 -0.014664052054286003
v -0.031767480075359344 -0.013493373990058899 -0.0055439607240259647
v 0.014284822158515453 -0.029580665752291679 -0.0055750845931470394
v -0.0036463120486587286 0.0025456275325268507 -0.0054999999701976776
v 0.014987622387707233 -0.0025890711694955826 -0.0054999999701976776
v 0.017157634720206261 -0.0079472055658698082 -0.078998446464538574
v 0.018155848607420921 -0.0068363561294972897 -0.078809328377246857
v 0.017109008505940437 -0.0087499301880598068 -0.077600501477718353
v 0.012667365372180939 0.0022754601668566465 -0.0054999999701976776
v -0.033344179391860962 0.016628623008728027 -0.012783662416040897
v -0.034674219787120819 0.014028896577656269 -0.013282890431582928
v -0.032431714236736298 0.017922624945640564 -0.014533251523971558
v -0.033708754926919937 0.015632538124918938 -0.015668092295527458
v -0.033071588724851608 0.016369760036468506 -0.018803434446454048
v -0.032368950545787811 0.017773786559700966 -0.016589287668466568
v -0.031483884900808334 0.018895847722887993 -0.018320217728614807
v -0.030350320041179657 0.019646735861897469 -0.024901356548070908
v -0.031178342178463936 0.01878085732460022 -0.022472560405731201
v -0.029280560091137886 0.021324062719941139 -0.022507330402731895
v -0.017476312816143036 0.016518861055374146 -0.074628636240959167
v 0.01389975193887949 -0.03229999914765358 -0.056027941405773163
v 0.016098396852612495 -0.03229999914765358 -0.058431673794984818
v 0.016537785530090332 -0.03229999914765358 -0.056074116379022598
v 0.012940198183059692 -0.03229999914765358 -0.047335490584373474
v 0.015316498465836048 -0.03229999914765358 -0.050330579280853271
v 0.016310783103108406 -0.03229999914765358 -0.046898107975721359
v -0.022236032411456108 0.013122452422976494 -0.070547625422477722
v -0.023590994998812675 0.010977355763316154 -0.069272026419639587
v -0.023995000869035721 0.013704546727240086 -0.068863555788993835
v 0.014497173018753529 -0.03229999914765358 -0.039227660745382309
v 0.015895074233412743 -0.03229999914765358 -0.041653268039226532
v 0.017510581761598587 -0.03229999914765358 -0.039200417697429657
v 0.013957630842924118 -0.03229999914765358 -0.034150224179029465
v 0.015651999041438103 -0.03229999914765358 -0.036645032465457916
v 0.016988528892397881 -0.03229999914765358 -0.034041907638311386
v 0.012747708708047867 -0.03229999914765358 -0.028620505705475807
v 0.015020406804978848 -0.03229999914765358 -0.031333930790424347
v 0.016099469736218452 -0.03229999914765358 -0.02843601256608963
v 0.013829833827912807 -0.03229999914765358 -0.020998753607273102
v 0.015469927340745926 -0.03229999914765358 -0.023336457088589668
v 0.016532041132450104 -0.03229999914765358 -0.020841218531131744
v 0.01307575311511755 0.024649737402796745 -0.090492136776447296
v 0.012717549689114094 0.023526372388005257 -0.093305252492427826
v 0.012794496491551399 0.025976629927754402 -0.092208504676818848
v 0.014952926896512508 -0.03229999914765358 -0.01900617778301239
v 0.01435371208935976 -0.03229999914765358 -0.016738362610340118
v -0.015429694205522537 -0.032301433384418488 -0.012202711775898933
v -0.012944935820996761 -0.032299462705850601 -0.01006865780800581
v -0.015021595172584057 -0.03229999914765358 -0.015475228428840637
v 0.035695280879735947 0.0096232565119862556 -0.0075220027938485146
v -0.013752320781350136 -0.03229999914765358 -0.021866042166948318
v -0.014180289581418037 -0.03229999914765358 -0.018595453351736069
v -0.016691116616129875 -0.03229999914765358 -0.020541641861200333
v -0.016802547499537468 -0.03229999914765358 -0.023359684273600578
v -0.017707617953419685 -0.03229999914765358 -0.02645103819668293
v -0.014490652829408646 -0.03229999914765358 -0.025374369695782661
v -0.017940372228622437 -0.03229999914765358 -0.031682759523391724
v -0.018279232084751129 -0.03229999914765358 -0.034303348511457443
v -0.015456179156899452 -0.03229999914765358 -0.033045738935470581
v -0.016920430585741997 -0.03229999914765358 -0.038804337382316589
v -0.014296147041022778 -0.03229999914765358 -0.037843119353055954
v -0.016199933364987373 -0.03229999914765358 -0.036054167896509171
v 0.013059115968644619 -0.0040955827571451664 -0.085370779037475586
v 0.012722059153020382 -0.0041729817166924477 -0.088020838797092438
v 0.012821934185922146 -0.0015503145987167954 -0.086937427520751953
v -0.017203718423843384 -0.03229999914765358 -0.041751567274332047
v -0.014203243888914585 -0.03229999914765358 -0.042443759739398956
v -0.0022784906905144453 0.032331440597772598 -0.13003246486186981
v 0.00012331256584729999 0.031032083556056023 -0.13023218512535095
v -0.0019162059761583805 0.029802374541759491 -0.13008980453014374
v -0.015880579128861427 -0.03229999914765358 -0.068630486726760864
v 0.033322647213935852 0.028544634580612183 -0.042083870619535446
v 0.034423328936100006 0.014835712499916553 -0.010174463503062725
v 0.013320825062692165 0.0011214058613404632 -0.082310117781162262
v -0.016999993473291397 0.022508272901177406 -0.0774969682097435
v -0.017000000923871994 0.021101156249642372 -0.079428024590015411
v -0.017000000923871994 -0.032630287110805511 -0.075049489736557007
v -0.014641608111560345 -0.032349299639463425 -0.073261149227619171
v -0.014436996541917324 -0.035358458757400513 -0.077656179666519165
v -0.016968991607427597 -0.033477082848548889 -0.076452106237411499
v -0.037790913134813309 0.0033918372355401516 -0.01371915265917778
v -0.015175576321780682 0.032301381230354309 -0.010565211065113544
v -0.013737322762608528 0.03229999914765358 -0.012505625374615192
v -0.016178064048290253 0.032300017774105072 -0.013776523992419243
v -0.020140059292316437 -9.1301393695175648e-05 -0.079445391893386841
v -0.017204510048031807 -0.0013789122458547354 -0.079494394361972809
v -0.036455880850553513 0.0048702205531299114 -0.0519740991294384
v -0.036924451589584351 0.0025858087465167046 -0.052998952567577362
v -0.014827119186520576 0.03229999914765358 -0.016296511515974998
v -0.015332394279539585 0.03229999914765358 -0.018469501286745071
v -0.01678461953997612 0.032301396131515503 -0.016636744141578674
v -0.014020355418324471 0.03229999914765358 -0.020759172737598419
v -0.015644293278455734 0.03229999914765358 -0.023412492126226425
v -0.016610667109489441 0.03229999914765358 -0.020639561116695404
v -0.015707774087786674 0.03229999914765358 -0.026566857472062111
v -0.018307358026504517 0.03229999914765358 -0.025314616039395332
v -0.013079768046736717 0.03229999914765358 -0.06564059853553772
v -0.016593214124441147 0.03229999914765358 -0.066943436861038208
v -0.014822144992649555 0.033497381955385208 -0.07551129162311554
v -0.032636050134897232 -0.0089261941611766815 -0.0055037736892700195
v 0.014240304008126259 0.032300002872943878 -0.070559531450271606
v 0.01550709642469883 0.03229999914765358 -0.068545639514923096
v 0.012921266257762909 0.0013927207328379154 -0.085552170872688293
v 0.012694201432168484 0.0027007593307644129 -0.087255895137786865
v 0.012852662242949009 0.0041883811354637146 -0.086141861975193024
v 0.014859091490507126 0.03229999914765358 -0.063628628849983215
v 0.017244705930352211 0.03229999914765358 -0.06259503960609436
v 0.016830408945679665 0.03229999914765358 -0.06495935469865799
v 0.015386314131319523 0.03229999914765358 -0.052033111453056335
v 0.017380362376570702 0.03229999914765358 -0.054069302976131439
v 0.015694707632064819 0.03229999914765358 -0.05490841343998909
v 0.018003791570663452 0.03229999914765358 -0.044025648385286331
v 0.01445592287927866 0.03229999914765358 -0.042268604040145874
v 0.014979901723563671 0.03229999914765358 -0.039497841149568558
v 0.017435492947697639 0.03229999914765358 -0.040391691029071808
v -0.037930887192487717 0.0012384242145344615 -0.043140370398759842
v -0.037966366857290268 -0.0008112930809147656 -0.04510151594877243
v -0.02045283280313015 -0.030396712943911552 -0.0093871057033538818
v -0.024192808195948601 -0.021970914676785469 -0.0055010938085615635
v 0.016012797132134438 0.03229999914765358 -0.035609643906354904
v 0.016141133382916451 0.03229999914765358 -0.038088001310825348
v 0.014159331098198891 0.03229999914765358 -0.037393108010292053
v 0.016052817925810814 0.03229999914765358 -0.030892880633473396
v 0.015053864568471909 0.03229999914765358 -0.02854197658598423
v 0.017761100083589554 0.03229999914765358 -0.028205312788486481
v 0.017091067507863045 0.03229999914765358 -0.021855879575014114
v 0.014277495443820953 0.03229999914765358 -0.021324910223484039
v -0.030362101271748543 -0.021352266892790794 -0.01052828598767519
v -0.018534416332840919 0.03229999914765358 -0.037796299904584885
v -0.021435009315609932 0.03229999914765358 -0.037790700793266296
v -0.020093735307455063 0.03229999914765358 -0.035542190074920654
v -0.0223078653216362 0.03229999914765358 -0.028732337057590485
v -0.021440023556351662 0.03229999914765358 -0.031466133892536163
v -0.02414974756538868 0.032300006598234177 -0.030910845845937729
v -0.018601572141051292 0.03229999914765358 -0.029032636433839798
v -0.018792729824781418 0.03229999914765358 -0.032891329377889633
v -0.021297549828886986 0.03229999914765358 -0.033783696591854095
v 0.022147942334413528 0.03229999914765358 -0.031766563653945923
v 0.020834911614656448 0.03229999914765358 -0.033873602747917175
v 0.01901945099234581 0.03229999914765358 -0.031702972948551178
v 0.020615445449948311 -0.03229999914765358 -0.034529179334640503
v 0.023487241938710213 -0.03229999914765358 -0.032748423516750336
v 0.02138088271021843 -0.03229999914765358 -0.03161134198307991
v 0.01856532134115696 -0.03229999914765358 -0.031053554266691208
v -0.020973809063434601 -0.03229999914765358 -0.032588060945272446
v -0.021851148456335068 -0.03229999914765358 -0.029312282800674438
v -0.02346314862370491 -0.03229999914765358 -0.031300928443670273
v -0.020330533385276794 0.03229999914765358 -0.039726842194795609
v -0.015849484130740166 0.03229999914765358 -0.036595907062292099
v -0.016246479004621506 0.03229999914765358 -0.038828205317258835
v -0.032960306853055954 -0.00081982550909742713 -0.0054999971762299538
v 0.02080601267516613 0.03229999914765358 -0.05766875296831131
v 0.01757628470659256 0.03229999914765358 -0.056631896644830704
v 0.01970684714615345 0.03229999914765358 -0.054663367569446564
v 0.02027205191552639 0.011305720545351505 -0.072161465883255005
v 0.020323073491454124 0.03229999914765358 -0.03946106880903244
v 0.019880423322319984 0.03229999914765358 -0.041865892708301544
v -0.020403344184160233 0.025991827249526978 -0.005505572073161602
v 0.019945481792092323 0.03229999914765358 -0.026518167927861214
v 0.020828286185860634 0.03229999914765358 -0.028995350003242493
v 0.016848495230078697 0.03229999914765358 -0.033228263258934021
v 0.018672436475753784 0.03229999914765358 -0.034778177738189697
v -0.023455081507563591 0.03229999914765358 -0.033333856612443924
v -0.025938764214515686 0.032300185412168503 -0.032785650342702866
v -0.015623650513589382 0.03229999914765358 -0.033709406852722168
v -0.017803983762860298 0.03229999914765358 -0.035302285104990005
v 0.018274266272783279 0.03229999914765358 -0.037492170929908752
v -0.019599379971623421 -0.026673002168536186 -0.0055062826722860336
v 0.018545251339673996 -0.03229999914765358 -0.057377606630325317
v 0.021280374377965927 -0.03229999914765358 -0.058947212994098663
v 0.015884753316640854 -0.03229999914765358 -0.053696110844612122
v 0.022025810554623604 -0.03229999914765358 -0.039453670382499695
v 0.020162042230367661 -0.03229999914765358 -0.037921328097581863
v 0.018166864290833473 -0.03229999914765358 -0.036474958062171936
v 0.020999446511268616 -0.03229999914765358 -0.029357088729739189
v -0.0272182896733284 0.021423846483230591 -0.0056487582623958588
v 0.014237463474273682 -0.03229999914765358 -0.02586682140827179
v 0.02051720954477787 -0.032282952219247818 -0.021814201027154922
v 0.018799230456352234 -0.032301917672157288 -0.020636849105358124
v -0.018685532733798027 -0.032300073653459549 -0.021920191124081612
v -0.019554853439331055 -0.032300185412168503 -0.024036737158894539
v -0.020995886996388435 -0.032280188053846359 -0.021903956308960915
v -0.019487353041768074 -0.03229999914765358 -0.028344474732875824
v -0.01954229362308979 -0.03229999914765358 -0.0302390456199646
v 0.011064568534493446 -0.03266766294836998 -0.11540380120277405
v -0.015980128198862076 -0.03229999914765358 -0.055382512509822845
v -0.01773051917552948 -0.03229999914765358 -0.05399775505065918
v 0.030864989385008812 0.017395256087183952 -0.0057647009380161762
v -0.024617314338684082 -0.032300200313329697 -0.029536528512835503
v -0.012629157863557339 0.004176389891654253 -0.088079974055290222
v -0.020426556468009949 -0.03229999914765358 -0.035324301570653915
v -0.025890115648508072 0.019666202366352081 -0.0055012810043990612
v 0.029788093641400337 -0.032291065901517868 -0.049650538712739944
v 0.02766093984246254 -0.03229999914765358 -0.051129046827554703
v -0.033749081194400787 -0.015879739075899124 -0.012807752005755901
v -0.033771317452192307 -0.015546828508377075 -0.015310735441744328
v 0.037978161126375198 -0.0009431988000869751 -0.018525838851928711
v 0.037960469722747803 0.0010883065406233072 -0.020768944174051285
v 0.037940338253974915 0.0016495547024533153 -0.018293179571628571
v 0.037659093737602234 0.0040847971104085445 -0.019668500870466232
v 0.037969596683979034 -0.00090901495423167944 -0.032325509935617447
v 0.037886917591094971 0.0020041449461132288 -0.031027261167764664
v 0.011283244006335735 0.035800021141767502 -0.10629404336214066
v 0.013311414048075676 0.035785242915153503 -0.10498182475566864
v 0.011159594170749187 0.035799998790025711 -0.10367744415998459
v 0.011010020039975643 0.035799998790025711 -0.10097241401672363
v 0.013174351304769516 0.035799935460090637 -0.10222776234149933
v 0.0064581530168652534 0.035799998790025711 -0.10495848208665848
v 0.008855549618601799 0.035799998790025711 -0.10265610367059708
v 0.0093245683237910271 0.035799998790025711 -0.10492075979709625
v 0.031150477007031441 -0.032171577215194702 -0.045015979558229446
v 0.0088913245126605034 0.035799998790025711 -0.10701265931129456
v 0.0086925644427537918 0.035799998790025711 -0.10910432040691376
v 0.0066285678185522556 0.035799998790025711 -0.10813847184181213
v 0.011023558676242828 0.035799998790025711 -0.10866508632898331
v -0.00018767233996186405 0.035799998790025711 -0.11457668244838715
v 0.00070622854400426149 0.035799998790025711 -0.1118987649679184
v 0.0027197971940040588 0.035799998790025711 -0.11387531459331512
v 0.014947365038096905 0.035062730312347412 -0.09647764265537262
v 0.013550392352044582 0.035786706954240799 -0.094240911304950714
v 0.013310459442436695 0.035801820456981659 -0.099206455051898956
v 0.0108806062489748 0.035799998790025711 -0.098174884915351868
v 0.012740347534418106 0.035799797624349594 -0.096699602901935577
v 0.0019525615498423576 0.035799998790025711 -0.10918189585208893
v 0.0029586651362478733 0.035799998790025711 -0.11139768362045288
v 0.027951454743742943 0.023269768804311752 -0.022349579259753227
v 0.029550576582551003 0.021033501252532005 -0.02189665287733078
v -0.028186555951833725 0.026457823812961578 -0.027085520327091217
v 0.03035065159201622 0.023716086521744728 -0.031259894371032715
v 0.031223420053720474 0.022566970437765121 -0.033359844237565994
v 0.03109300509095192 0.024892305955290794 -0.033044006675481796
v -0.0073801102116703987 -0.035799998790025711 -0.09424591064453125
v 0.00030554263503290713 -0.035799998790025711 -0.099773801863193512
v 0.0013066229876130819 -0.035799998790025711 -0.10252803564071655
v 0.0037004656624048948 -0.035799998790025711 -0.10027482360601425
v -0.0089957462623715401 -0.035799998790025711 -0.095251038670539856
v -0.0092220678925514221 -0.035799998790025711 -0.093061648309230804
v 0.0066762617789208889 0.03229999914765358 -0.035856451839208603
v 0.0093100359663367271 0.03229999914765358 -0.035576235502958298
v 0.0077429874800145626 0.03229999914765358 -0.038228817284107208
v -0.006866896990686655 -0.035799998790025711 -0.096695981919765472
v 0.017848806455731392 -0.0023740595206618309 -0.079488977789878845
v 0.018474442884325981 -0.0048001585528254509 -0.079460091888904572
v 0.016433272510766983 -0.0051698470488190651 -0.079497776925563812
v -0.013104679062962532 -0.035799987614154816 -0.087501779198646545
v -0.011777483858168125 -0.035799998790025711 -0.089652217924594879
v -0.010243771597743034 -0.035799998790025711 -0.087877467274665833
v -0.0087617561221122742 -0.035799998790025711 -0.083017334342002869
v -0.011265545152127743 -0.035799998790025711 -0.085205070674419403
v -0.0086385319009423256 -0.035799998790025711 -0.085957370698451996
v -0.007103930227458477 -0.035799998790025711 -0.088483735918998718
v -0.012132680974900723 -0.035799998790025711 -0.082348056137561798
v -0.015163017436861992 -0.035777613520622253 -0.081021957099437714
v -0.01457636896520853 -0.035800646990537643 -0.084462732076644897
v -0.0094579868018627167 -0.035799998790025711 -0.090476155281066895
v -0.014400183223187923 -0.035785440355539322 -0.090474501252174377
v -0.011616633273661137 -0.035799998790025711 -0.091969318687915802
v -0.035017974674701691 -0.013657957315444946 -0.0080860871821641922
v 0.0094222966581583023 -0.035799998790025711 -0.10380561649799347
v 0.0067163375206291676 -0.035799998790025711 -0.10212848335504532
v 0.0068446150980889797 -0.035799998790025711 -0.10518829524517059
v 0.032004907727241516 0.017134381458163261 -0.025639904662966728
v 0.030696030706167221 0.019198324531316757 -0.024342276155948639
v 0.035204675048589706 -0.012679270468652248 -0.014953191392123699
v -0.0095656197518110275 0.030947089195251465 -0.12358928471803665
v -0.0098513290286064148 0.032782401889562607 -0.12241875380277634
v -0.0090011619031429291 0.032531332224607468 -0.12511171400547028
v -0.0051621762104332447 -0.035799998790025711 -0.11053130775690079
v -0.0029351194389164448 -0.035799998790025711 -0.11251500248908997
v -0.0022989364806562662 -0.035799998790025711 -0.10993281006813049
v 0.0049690017476677895 0.026047034189105034 -0.0054999999701976776
v 0.007161241490393877 0.025280702859163284 -0.0054999999701976776
v -6.3776438764762133e-05 -0.035799998790025711 -0.10963179171085358
v 0.0018894278910011053 -0.035799998790025711 -0.11117997765541077
v 0.0019213358173146844 -0.035799998790025711 -0.10830582678318024
v -0.00057473487686365843 -0.035799998790025711 -0.11185337603092194
v 0.0083066485822200775 -0.035799998790025711 -0.11006768792867661
v 0.0068085687234997749 -0.035799998790025711 -0.10780316591262817
v 0.0049007688648998737 -0.035799998790025711 -0.11004094034433365
v 0.010073424316942692 -0.035799983888864517 -0.11274216324090958
v 0.0070130219683051109 -0.035799998790025711 -0.11292106658220291
v 0.0060163317248225212 -0.035799998790025711 -0.1158568486571312
v 0.0087902294471859932 -0.0357997827231884 -0.11550810188055038
v -0.0072437738999724388 -0.035799998790025711 -0.11228387057781219
v -0.0082066068425774574 -0.035799998790025711 -0.10995544493198395
v -0.0096190227195620537 -0.035799775272607803 -0.1125805675983429
v -0.0053086867555975914 -0.035799998790025711 -0.11362610757350922
v -0.0030677914619445801 -0.035799998790025711 -0.11519050598144531
v -0.0030708929989486933 -0.035799998790025711 -0.11789102852344513
v -0.00040414379327557981 -0.035799998790025711 -0.11663476377725601
v -0.005528647918254137 -0.035799998790025711 -0.11649680137634277
v -0.005427949596196413 -0.035799998790025711 -0.11965470016002655
v 0.012685378082096577 0.021782618016004562 -0.091642893850803375
v 0.0040183365345001221 -0.035799998790025711 -0.11342336982488632
v 0.0011521654669195414 -0.035799998790025711 -0.11395108699798584
v -0.026029182597994804 -0.020966043695807457 -0.0055121402256190777
v 0.011789740063250065 -0.024281464517116547 -0.10473230481147766
v 0.011990886181592941 -0.024697618559002876 -0.10137376189231873
v 0.0031489918474107981 -0.035799998790025711 -0.1167411208152771
v -0.012070107273757458 -0.035723257809877396 -0.11282619088888168
v -0.011067206971347332 -0.035799998790025711 -0.11558778584003448
v -0.001187511021271348 -0.035799998790025711 -0.11922173947095871
v -0.008431662805378437 -0.035801537334918976 -0.1178572028875351
v -0.0078774457797408104 -0.035808958113193512 -0.12061875313520432
v -0.0087294783443212509 -0.035377718508243561 -0.12269548326730728
v -0.0078741610050201416 -0.035799998790025711 -0.11474088579416275
v 0.011578085832297802 0.029346970841288567 -0.11026354134082794
v 0.011609568260610104 0.031907714903354645 -0.11045108735561371
v 0.011759950779378414 0.030424395576119423 -0.10812681913375854
v 0.00038667488843202591 0.019920594990253448 -0.13023801147937775
v -0.0025676027871668339 -0.030248599126935005 -0.1300213634967804
v -0.0048831924796104431 -0.031025322154164314 -0.12931983172893524
v 0.034208726137876511 0.0087382132187485695 -0.0060402317903935909
v 0.028579538688063622 -0.032011251896619797 -0.058647871017456055
v 0.028612930327653885 -0.032259441912174225 -0.055938810110092163
v 0.03633638471364975 0.0097804106771945953 -0.014669734053313732
v -0.035590890794992447 0.0070898127742111683 -0.051105432212352753
v 0.037985071539878845 0.00072259234730154276 -0.015821926295757294
v 0.037792481482028961 0.0033261056523770094 -0.016663387417793274
v 0.017997151240706444 0.03229999914765358 -0.024695491418242455
v 0.015486560761928558 0.03229999914765358 -0.026053240522742271
v 0.015670239925384521 0.03229999914765358 -0.023621402680873871
v 0.0133233442902565 0.0038272181991487741 -0.083627171814441681
v 0.037911690771579742 -0.0018357074586674571 -0.025575961917638779
v 0.037571977823972702 -0.004307891707867384 -0.025305133312940598
v -0.011677644215524197 -0.028820764273405075 -0.10860157012939453
v -0.011561214923858643 -0.030778029933571815 -0.11048166453838348
v -0.012481124140322208 -0.034299999475479126 -0.10550390928983688
v -0.01236951258033514 -0.033808160573244095 -0.10388306528329849
v -0.0066381059587001801 0.022509731352329254 -0.12819842994213104
v -0.0094596752896904945 0.025983676314353943 -0.12393449991941452
v -0.0085466429591178894 0.026253236457705498 -0.12598477303981781
v 0.020237017422914505 -0.023914925754070282 -0.0054999999701976776
v -0.01385013572871685 0.011214499361813068 -0.082976453006267548
v -0.016993226483464241 -0.028694842010736465 -0.0055318130180239677
v 0.013335942290723324 -0.0068069747649133205 -0.084019571542739868
v -0.0096143176779150963 0.0018776225624606013 -0.12339755147695541
v -0.0086702248081564903 -0.00043870674562640488 -0.12578834593296051
v -0.0094580017030239105 -0.010162368416786194 -0.12389913201332092
v -0.011678573675453663 -0.034182574599981308 -0.11010823398828506
v -0.011719926260411739 -0.034299999475479126 -0.11186299473047256
v 0.029641091823577881 -0.022222872823476791 -0.010794528760015965
v -0.0031063237693160772 0.0047150012105703354 -0.12988172471523285
v -0.0020793601870536804 0.0075407940894365311 -0.13008172810077667
v -0.00042813774780370295 0.0052238311618566513 -0.13022628426551819
v -0.00091005896683782339 -0.0055051315575838089 -0.13022424280643463
v -9.4870592874940485e-05 -0.0081853717565536499 -0.13025914132595062
v -0.014815141446888447 -0.035383205860853195 -0.098401598632335663
v -0.012733926996588707 -0.035798888653516769 -0.098047532141208649
v -0.013020837679505348 -0.035776965320110321 -0.096280477941036224
v 0.019407909363508224 0.03229999914765358 -0.062148332595825195
v 0.018142117187380791 0.03229999914765358 -0.059722263365983963
v 0.0084369219839572906 0.019158396869897842 -0.12622922658920288
v 0.017018772661685944 0.018269842490553856 -0.07617323100566864
v 0.017815910279750824 0.01811598613858223 -0.07392457127571106
v 0.0070987651124596596 0.035759899765253067 -0.12515641748905182
v 0.0073213968425989151 0.035798296332359314 -0.12287770956754684
v 0.0084476787596940994 0.01077925693243742 -0.12623734772205353
v 0.0087899239733815193 0.013719017617404461 -0.12563124299049377
v 0.0096097132191061974 0.012345679104328156 -0.12351060658693314
v 0.0096401451155543327 0.0098417261615395546 -0.12340079993009567
v 0.0097491005435585976 0.0074339904822409153 -0.12295569479465485
v -0.020105492323637009 0.022282682359218597 -0.072285950183868408
v 0.0098246224224567413 4.1470008000032976e-05 -0.12265124917030334
v 0.0095084570348262787 -0.020132927224040031 -0.12385167926549911
v 0.0089703211560845375 -0.022446081042289734 -0.12523499131202698
v 0.0035915437620133162 -0.021798510104417801 -0.12972128391265869
v 0.011608823202550411 -0.029596267268061638 -0.0055967867374420166
v 0.00083732971688732505 -0.011066003702580929 -0.13023315370082855
v 0.03365008533000946 0.016055094078183174 -0.013009917922317982
v 0.034150313585996628 0.014802598394453526 -0.015717262402176857
v 0.032995730638504028 0.016921749338507652 -0.01521687489002943
v 0.00074147939449176192 -0.023338794708251953 -0.1302412748336792
v 0.014081091620028019 -0.016810555011034012 -0.082785278558731079
v 0.015086199156939983 -0.019182592630386353 -0.0848875492811203
v 0.013311202637851238 -0.019008345901966095 -0.085054583847522736
v 0.013103501871228218 -0.012915299274027348 -0.086793705821037292
v -0.029194988310337067 0.010756590403616428 -0.0054999999701976776
v 0.013798702508211136 0.0039355522021651268 -0.080862976610660553
v 0.012539991177618504 0.010353049263358116 -0.090505443513393402
v 0.012666183523833752 0.0092358244583010674 -0.087944597005844116
v 0.012527169659733772 0.0069772368296980858 -0.09008905291557312
v 0.013260908424854279 0.022026227787137032 -0.087726227939128876
v 0.014891908504068851 0.020302150398492813 -0.086003221571445465
v -0.013270080089569092 -0.019063904881477356 -0.085161276161670685
v -0.014873670414090157 -0.020021924749016762 -0.085751652717590332
v -0.013270794413983822 -0.0050538773648440838 -0.083758652210235596
v -0.01300518587231636 -0.0052635027095675468 -0.085890688002109528
v -0.013177490793168545 -0.007474465761333704 -0.084908969700336456
v -0.01259736530482769 0.0092915734276175499 -0.089188806712627411
v -0.012908122502267361 0.016793161630630493 -0.086235441267490387
v -0.013101371005177498 0.018425747752189636 -0.084326550364494324
v -0.013544351793825626 0.019540617242455482 -0.085240617394447327
v 0.011681171134114265 0.0042792591266334057 -0.10761984437704086
v 0.011699016205966473 0.0022246579173952341 -0.10712046921253204
v 0.011584280990064144 0.0027694492600858212 -0.10924412310123444
v -0.030838025733828545 -0.011145975440740585 -0.0055000218562781811
v 0.011526400223374367 -0.02460847795009613 -0.11022409796714783
v 0.011584180407226086 -0.02243657223880291 -0.10952727496623993
v 0.0116839949041605 -0.024425113573670387 -0.10782385617494583
v 0.011612978763878345 -0.01981801725924015 -0.10915229469537735
v 0.011606807820498943 -0.016670472919940948 -0.10912743955850601
v 0.011726593598723412 -0.018618207424879074 -0.10651296377182007
v 0.011732830666005611 -0.012920226901769638 -0.10627104341983795
v 0.01167608704417944 -0.014264384284615517 -0.1079690083861351
v 0.011639740318059921 -0.012131492607295513 -0.10858866572380066
v 0.02312706783413887 -0.0059705465100705624 -0.07322385162115097
v 0.023542704060673714 -0.0034777482505887747 -0.07201879471540451
v 0.023676125332713127 -0.0048322807997465134 -0.070186704397201538
v 0.023543708026409149 -0.0015423336299136281 -0.072184957563877106
v 0.023893581703305244 -0.0021348402369767427 -0.070028506219387054
v 0.023679772391915321 0.00048113535740412772 -0.070734977722167969
v 0.025765996426343918 -7.3284056270495057e-05 -0.068465821444988251
v 0.024610111489892006 0.0024376704823225737 -0.069018073379993439
v 0.023046193644404411 0.002719988115131855 -0.070435553789138794
v 0.023676391690969467 0.0053174556232988834 -0.069321706891059875
v 0.024637769907712936 0.014302483759820461 -0.0054999999701976776
v 0.023351872339844704 0.016567492857575417 -0.0054999999701976776
v 0.021837852895259857 0.01452210359275341 -0.0054999999701976776
v 0.011480210348963737 0.012134975753724575 -0.11039646714925766
v 0.01165388710796833 0.014124692417681217 -0.10818100720643997
v 0.011668778955936432 0.011256462894380093 -0.10790005326271057
v 0.011496886610984802 0.019063286483287811 -0.11020161956548691
v 0.01155047956854105 0.022123986855149269 -0.109530970454216
v 0.011687671765685081 0.020071160048246384 -0.10735330730676651
v 0.011738080531358719 0.022946640849113464 -0.10687828063964844
v 0.011610006913542747 0.024957448244094849 -0.10897298157215118
v 0.011807612143456936 0.025770144537091255 -0.10637568682432175
v -0.011584602296352386 -0.02577696368098259 -0.10955272614955902
v -0.011752734892070293 -0.026977978646755219 -0.10655499994754791
v -0.011589690111577511 -0.019558010622859001 -0.10942255705595016
v -0.011589133180677891 -0.022466586902737617 -0.10946590453386307
v -0.011713872663676739 -0.021177249029278755 -0.1069025918841362
v -0.011642538942396641 -0.012436816468834877 -0.10855189710855484
v -0.011481892317533493 -0.013851593248546124 -0.11060202121734619
v -0.011662719771265984 -0.01449090987443924 -0.10823699086904526
v -0.011759733781218529 0.0063349977135658264 -0.10526883602142334
v -0.011680449359118938 0.0084435921162366867 -0.10757852345705032
v -0.011675549671053886 0.0053890533745288849 -0.10774850845336914
v -0.011520996689796448 0.0037740929983556271 -0.10995323210954666
v -0.011688455007970333 0.0027650760021060705 -0.10740582644939423
v -0.011714951135218143 0.00023759389296174049 -0.10665794461965561
v -0.011576667428016663 0.00096377043519169092 -0.10934706777334213
v -0.011714771389961243 -0.0060312524437904358 -0.10672566294670105
v -0.011707729659974575 -0.003770940937101841 -0.10691255331039429
v -0.011554217897355556 -0.0043303719721734524 -0.10964971780776978
v -0.01172611303627491 -0.0087315971031785011 -0.10641614347696304
v -0.011599214747548103 -0.0072862720116972923 -0.10917635262012482
v -0.011619431897997856 -0.0099384244531393051 -0.10889250785112381
v -0.011633334681391716 0.011414269916713238 -0.10847483575344086
v -0.011713061481714249 0.013137958943843842 -0.10658625513315201
v -0.011604704894125462 0.013602796010673046 -0.10882683843374252
v -0.011745935305953026 0.010729676112532616 -0.10563476383686066
v -0.01176867913454771 0.015382228419184685 -0.10501597076654434
v -0.011807731352746487 0.018523631617426872 -0.10489871352910995
v -0.011680064722895622 0.017197232693433762 -0.10752315819263458
v -0.011799251660704613 0.021005088463425636 -0.10552752763032913
v -0.011654493398964405 0.021773990243673325 -0.1081395298242569
v -0.011690259911119938 0.019520046189427376 -0.10726602375507355
v -0.011809630319476128 0.023637978360056877 -0.10589504241943359
v -0.011846315115690231 0.026592578738927841 -0.10594093799591064
v -0.011614593677222729 0.025122668594121933 -0.10895057767629623
v 0.01261151023209095 -0.025262515991926193 -0.094225689768791199
v 0.01234404556453228 -0.022779084742069244 -0.095824375748634338
v 0.012730492278933525 -0.023116834461688995 -0.092740043997764587
v 0.010968275368213654 0.0055565736256539822 -0.11584135144948959
v 0.011167108081281185 0.0040329503826797009 -0.11427421867847443
v 0.010889976285398006 0.0029163463041186333 -0.11639672517776489
v 0.010677807033061981 0.0078093167394399643 -0.11783751845359802
v 0.011141984723508358 0.0077629429288208485 -0.11458884179592133
v 0.016702571883797646 0.033619482070207596 -0.075870886445045471
v 0.011000685393810272 0.014452211558818817 -0.11563431471586227
v 0.011103346012532711 0.012102304026484489 -0.11488646268844604
v 0.010786783881485462 0.012392908334732056 -0.11710350215435028
v -0.0072079547680914402 0.035799577832221985 -0.12140961736440659
v -0.0063859731890261173 0.035799946635961533 -0.12379497289657593
v -0.0095144761726260185 0.035346284508705139 -0.1236935555934906
v 0.010493777692317963 -0.035589784383773804 -0.11717557162046432
v 0.01064774114638567 -0.032328825443983078 -0.11808387190103531
v 0.010671544820070267 -0.025243025273084641 -0.11794774979352951
v 0.011072080582380295 -0.024810930714011192 -0.11511559784412384
v 0.010813790373504162 -0.027401365339756012 -0.11699073761701584
v 0.012006305158138275 -0.0017017945647239685 -0.098121687769889832
v 0.012081360444426537 -0.0039483467116951942 -0.096263937652111053
v 0.011960179544985294 -0.0034711221233010292 -0.099427759647369385
v 0.012007631361484528 0.00067120318999513984 -0.098334431648254395
v 0.011934774927794933 -0.0008870541350916028 -0.10015688091516495
v 0.01191584300249815 0.0018249187851324677 -0.10069406032562256
v 0.011884808540344238 0.0048801396042108536 -0.10158719122409821
v 0.012033049948513508 0.0038400667253881693 -0.098442696034908295
v 0.011965502053499222 -0.013861460611224174 -0.099372699856758118
v 0.011879641562700272 -0.011665340512990952 -0.10189997404813766
v 0.011962312273681164 -0.011131803505122662 -0.099440179765224457
v 0.012050308287143707 -0.022293373942375183 -0.099045358598232269
v 0.012092310003936291 -0.020015837624669075 -0.097077041864395142
v 0.011995013803243637 -0.017144324257969856 -0.098533287644386292
v 0.011957421898841858 -0.019684715196490288 -0.099705919623374939
v 0.011899828910827637 -0.017956405878067017 -0.10136345028877258
v 0.01192083116620779 -0.015803093090653419 -0.10071834921836853
v 0.010620675049722195 0.00072798965265974402 -0.11818285286426544
v 0.010499972850084305 0.0028430530801415443 -0.11884693801403046
v 0.011004630476236343 0.00018500156875234097 -0.11556906998157501
v 0.011122403666377068 -0.0018820795230567455 -0.11472282558679581
v 0.010750215500593185 -0.0021973398979753256 -0.11736845970153809
v 0.011295586824417114 -0.0029034172184765339 -0.11269272118806839
v 0.011092571541666985 -0.0040345233865082264 -0.11493100970983505
v -0.013176013715565205 0.00071303237928077579 -0.083662919700145721
v -0.013514953665435314 -0.0025324937887489796 -0.082568742334842682
v 0.010745269246399403 -0.008337964303791523 -0.11739601939916611
v 0.011081909760832787 -0.009060651995241642 -0.11497416347265244
v 0.010933775454759598 -0.010722184553742409 -0.1160803958773613
v 0.010747170075774193 -0.005349358543753624 -0.11739516258239746
v 0.011131715960800648 -0.0068267080932855606 -0.11460427939891815
v -0.011933745816349983 0.029309472069144249 -0.10527920722961426
v -0.011926483362913132 0.031419657170772552 -0.10666657239198685
v 0.010593323037028313 0.024807574227452278 -0.11832509189844131
v 0.010948818176984787 0.025651324540376663 -0.11602757126092911
v 0.010895723477005959 0.023446785286068916 -0.11637797951698303
v 0.01286338921636343 0.022606099024415016 -0.089149385690689087
v 0.021360026672482491 0.012758675962686539 -0.071292862296104431
v 0.023400329053401947 0.012129043228924274 -0.069461137056350708
v 0.010204808786511421 0.026271210983395576 -0.12054717540740967
v 0.010621052235364914 0.027686420828104019 -0.11819519847631454
v 0.010864300653338432 0.030214466154575348 -0.11666183173656464
v 0.01101811695843935 0.027929084375500679 -0.11554547399282455
v -0.01096021756529808 0.0057721808552742004 -0.11589425802230835
v -0.010596245527267456 0.0076939635910093784 -0.11831167340278625
v -0.010543803684413433 0.0052617373876273632 -0.11860706657171249
v -0.011011793278157711 0.021391548216342926 -0.11557264626026154
v -0.010751750320196152 0.023859750479459763 -0.11734339594841003
v -0.010564482770860195 0.021147681400179863 -0.11847353726625443
v -0.01078413613140583 0.018732743337750435 -0.11712785065174103
v -0.010616895742714405 0.016531236469745636 -0.11816193163394928
v -0.010969492606818676 0.016439110040664673 -0.11585270613431931
v -0.011171755380928516 0.013872041366994381 -0.11422697454690933
v -0.010705089196562767 0.013817018829286098 -0.117644302546978
v 0.022848740220069885 0.023488899692893028 -0.0055057192221283913
v -0.011139964684844017 -0.017063314095139503 -0.11451660841703415
v -0.010970751754939556 -0.014835459180176258 -0.11581028252840042
v -0.010748220607638359 -0.017650317400693893 -0.11740781366825104
v -0.010955570265650749 -0.012499379925429821 -0.11591861397027969
v -0.010699797421693802 -0.013243756256997585 -0.11772047728300095
v -0.012019464746117592 -0.0034199256915599108 -0.097714737057685852
v -0.011939794756472111 -0.0023306419607251883 -0.10001273453235626
v -0.011955237947404385 -0.0049280840903520584 -0.099579498171806335
v -0.015767842531204224 0.018787557259202003 -0.0054999999701976776
v -0.016824156045913696 0.021946687251329422 -0.0054999999701976776
v -0.019086923450231552 0.019593575969338417 -0.0054999999701976776
v 0.017860371619462967 -0.025409074500203133 -0.0054999999701976776
v -0.012002505362033844 -0.00073437968967482448 -0.098265089094638824
v -0.012119834311306477 0.0010164830600842834 -0.096510328352451324
v -0.011983334086835384 0.0019504994852468371 -0.098942354321479797
v -0.011944357305765152 0.0048643066547811031 -0.10006105899810791
v -0.011902227997779846 0.0024887581821531057 -0.10108274221420288
v -0.020057989284396172 -0.0059972251765429974 -0.078961394727230072
v -0.017000000923871994 -0.0081977052614092827 -0.079252079129219055
v -0.011989067308604717 -0.010353289544582367 -0.098629556596279144
v -0.011898609809577465 -0.0089775649830698967 -0.10130012035369873
v -0.011912904679775238 -0.011792156845331192 -0.10090392827987671
v 0.01416979543864727 -0.035799998790025711 -0.10390935838222504
v -0.010694747790694237 -0.011279178783297539 -0.11775774508714676
v -0.01110557559877634 -0.010273289866745472 -0.11474759131669998
v -0.010682848282158375 -0.0057243364863097668 -0.11783211678266525
v -0.011116556823253632 -0.0068156477063894272 -0.11474122852087021
v -0.010973324067890644 -0.0043900180608034134 -0.11577977240085602
v -0.010632171295583248 -0.0086023658514022827 -0.11811085045337677
v 0.031601283699274063 -0.0058222450315952301 -0.0055000004358589649
v -0.010652841068804264 -0.0013791363453492522 -0.11798487603664398
v -0.01068002637475729 -0.0034103316720575094 -0.1178397536277771
v -0.011035444214940071 -0.0019434243440628052 -0.11534071713685989
v -0.010872506536543369 0.026706242933869362 -0.11656360328197479
v -0.01051062997430563 0.025896316394209862 -0.11878623068332672
v 0.017001688480377197 -0.011419880203902721 -0.077081471681594849
v 0.016944611445069313 -0.011153676547110081 -0.079499997198581696
v -0.012110775336623192 0.017938412725925446 -0.10005813091993332
v -0.012087940238416195 0.015519129112362862 -0.099927298724651337
v -0.012253014370799065 0.016549944877624512 -0.097436234354972839
v 0.033409874886274338 -0.00099446356762200594 -0.0054994281381368637
v 0.033478230237960815 0.0019840181339532137 -0.0055096512660384178
v 1.4096252925810404e-05 0.010880527086555958 -0.0054999999701976776
v -0.002741826931014657 0.011233073659241199 -0.0054999999701976776
v -0.001427221461199224 0.008234560489654541 -0.0054999999701976776
v -0.01214174460619688 0.02040795236825943 -0.10006791353225708
v -0.01229240745306015 0.021002950146794319 -0.097551889717578888
v -0.012211357243359089 0.022908573970198631 -0.099427342414855957
v -0.017016289755702019 0.0053932406008243561 -0.075763501226902008
v -0.031213521957397461 -0.0037425141781568527 -0.063312545418739319
v -0.031704168766736984 -0.0015254546888172626 -0.063404574990272522
v -0.029738496989011765 -0.0025524531956762075 -0.065241292119026184
v -0.03345884382724762 0.0021585710346698761 -0.060974862426519394
v -0.032267704606056213 0.0051800315268337727 -0.061137355864048004
v -0.031844582408666611 0.0033161549363285303 -0.06273224949836731
v 0.010183332487940788 0.023674113675951958 -0.12067236006259918
v 0.0097711402922868729 0.02531377412378788 -0.12286151945590973
v 0.015554247424006462 -0.020863618701696396 -0.086495965719223022
v 0.0094976397231221199 0.020563084632158279 -0.12384774535894394
v 0.0096884071826934814 0.022812880575656891 -0.12324092537164688
v 0.01013181172311306 0.02068261057138443 -0.12097615748643875
v 0.010163835249841213 0.0089456513524055481 -0.1207880824804306
v -0.0065418006852269173 -0.03229999914765358 -0.033909756690263748
v -0.0086242537945508957 -0.03229999914765358 -0.036016523838043213
v -0.0056653814390301704 -0.03229999914765358 -0.036295861005783081
v 0.010199894197285175 0.0064071384258568287 -0.12057597190141678
v -0.00078982836566865444 -0.02084081619977951 -0.13024060428142548
v 0.010182037949562073 0.0039391885511577129 -0.12068217992782593
v 0.010196970775723457 0.0015417129034176469 -0.12059392780065536
v 0.010586612857878208 0.0049484670162200928 -0.11836645007133484
v 0.010238019749522209 -0.0088021066039800644 -0.12034828215837479
v 0.0098036127164959908 -0.0088766347616910934 -0.12269020825624466
v 0.009961630217730999 -0.0066729946993291378 -0.12193523347377777
v 0.010532764717936516 -0.010898469015955925 -0.11867830902338028
v 0.010013259947299957 -0.011305168271064758 -0.12166107445955276
v 0.010274752974510193 -0.015538137406110764 -0.12014881521463394
v 0.0098235979676246643 -0.015570790506899357 -0.12263337522745132
v 0.010028845630586147 -0.013787010684609413 -0.12156470865011215
v 0.0098398374393582344 -0.026193056255578995 -0.12255395948886871
v 0.010355972684919834 -0.026916274800896645 -0.11968541890382767
v 0.010036916472017765 -0.028890399262309074 -0.12153720855712891
v -0.016333147883415222 -0.0059751733206212521 -0.079499483108520508
v -0.013857719488441944 -0.007133465725928545 -0.07984054833650589
v 0.010258707217872143 -0.034520305693149567 -0.12011544406414032
v 0.0090503096580505371 -0.035599667578935623 -0.12174610793590546
v -0.018571089953184128 0.03229999914765358 -0.055408254265785217
v -0.020859202370047569 0.03229999914765358 -0.053209166973829269
v -0.01820056140422821 0.03229999914765358 -0.052377358078956604
v -0.013814695179462433 -0.03229999914765358 -0.05986659973859787
v -0.011344399303197861 -0.03229999914765358 -0.059560079127550125
v -0.012364455498754978 -0.03229999914765358 -0.057471182197332382
v 0.018217694014310837 -0.03229999914765358 -0.052091293036937714
v 0.016440508887171745 -0.017659371718764305 -0.083359375596046448
v 0.016398750245571136 -0.016498502343893051 -0.082198500633239746
v 0.012184424325823784 -0.0062051969580352306 -0.094036057591438293
v 0.01699836365878582 0.0054254559800028801 -0.079416759312152863
v 0.017308030277490616 0.0038184665609151125 -0.077469244599342346
v 0.012401724234223366 0.0085039939731359482 -0.092879526317119598
v 0.012259948998689651 0.0097481561824679375 -0.095912203192710876
v 0.012418282218277454 0.011727926321327686 -0.093198500573635101
v 0.01260572113096714 0.01637825183570385 -0.090569883584976196
v 0.012303564697504044 0.013172042556107044 -0.095766581594944
v -0.012239790521562099 0.018940147012472153 -0.098121047019958496
v 0.011472639627754688 -0.0015252891462296247 -0.11057110875844955
v 0.011267847381532192 -0.00049570243572816253 -0.11304665356874466
v -0.0074119917117059231 -0.0024561176542192698 -0.12747327983379364
v 0.01184934563934803 -0.015894485637545586 -0.10284160077571869
v 0.011812509037554264 -0.01817784272134304 -0.10395801812410355
v 0.01175143476575613 -0.015725862234830856 -0.10574681311845779
v 0.011857559904456139 -0.021046053618192673 -0.10265623778104782
v 0.011072645895183086 -0.014460843056440353 -0.11502249538898468
v 0.011092172935605049 -0.012390628457069397 -0.114886075258255
v 0.011285637505352497 -0.013120920397341251 -0.11284088343381882
v 0.027898449450731277 0.0013519040076062083 -0.066967315971851349
v 0.028138583526015282 -0.0014468459412455559 -0.066786646842956543
v 0.029398094862699509 -0.003665408818051219 -0.065264545381069183
v 0.02717132680118084 -0.0059743653982877731 -0.066458806395530701
v 0.027722708880901337 -0.0036509509664028883 -0.06672358512878418
v 0.025871491059660912 -0.0035261251032352448 -0.068117566406726837
v 0.011925935745239258 0.011311991140246391 -0.10161105543375015
v 0.011762167327105999 0.011995134875178337 -0.10515295714139938
v 0.011865254491567612 0.013969482854008675 -0.10309232026338577
v 0.011352286674082279 0.017034608870744705 -0.11202728003263474
v 0.011282321065664291 0.019214384257793427 -0.11291767656803131
v -0.027915636077523232 0.018039679154753685 -0.06400502473115921
v 0.011054228991270065 0.020973300561308861 -0.11524579674005508
v 0.011180196888744831 0.023698305711150169 -0.11416704952716827
v 0.01133537944406271 0.021542448550462723 -0.11225289106369019
v 0.0080235656350851059 0.022149356082081795 -0.0054999999701976776
v 0.0098971398547291756 0.024647608399391174 -0.0054999999701976776
v -0.012122225016355515 -0.0017520281253382564 -0.095916077494621277
v 0.010154564864933491 0.016476694494485855 -0.12084294855594635
v 0.0097454451024532318 0.018057003617286682 -0.12294427305459976
v 0.010271142236888409 0.018192388117313385 -0.12015338242053986
v 0.010275524109601974 0.014686074107885361 -0.12012797594070435
v 0.010053165256977081 0.013245429843664169 -0.12142690271139145
v 0.0097585069015622139 0.014992876909673214 -0.12288031727075577
v 0.011183989234268665 -0.027885904535651207 -0.11428869515657425
v 0.011360195465385914 -0.026015445590019226 -0.11216069012880325
v 0.010112488642334938 -0.018136341124773026 -0.12109394371509552
v -0.017010211944580078 -0.033872317522764206 -0.089865125715732574
v -0.016263194382190704 -0.035636000335216522 -0.087357208132743835
v -0.016522392630577087 0.035073518753051758 -0.078879006206989288
v -0.017002750188112259 0.032426439225673676 -0.078089810907840729
v 0.0097487503662705421 -0.023188667371869087 -0.12297350168228149
v 0.010186426341533661 -0.02137211337685585 -0.12065627425909042
v 0.010253560729324818 -0.024267442524433136 -0.12025841325521469
v 0.019226778298616409 0.0021065340843051672 -0.078201979398727417
v 0.022223362699151039 0.0017435569316148758 -0.07834625244140625
v 0.020072882995009422 -0.00031424124608747661 -0.079458132386207581
v 0.020569505169987679 -0.0034180828370153904 -0.079376809298992157
v 0.012332044541835785 -0.00023054664779920131 -0.092515185475349426
v 0.012221287004649639 0.00029602294671349227 -0.094703100621700287
v 0.012292997911572456 0.0023646028712391853 -0.09380069375038147
v 0.016975328326225281 -0.033437252044677734 -0.078571029007434845
v 0.016982687637209892 -0.033743292093276978 -0.081560112535953522
v 0.017000000923871994 -0.031230185180902481 -0.081394389271736145
v 0.012149211950600147 0.0018111547688022256 -0.096205867826938629
v 0.012224680744111538 0.0044975136406719685 -0.095539659261703491
v 0.012404864653944969 -0.018486950546503067 -0.092326641082763672
v 0.012355654500424862 -0.020510034635663033 -0.094144254922866821
v 0.012118029408156872 -0.01777845062315464 -0.095314614474773407
v 0.011783442460000515 -0.011103712022304535 -0.10475045442581177
v 0.011733154766261578 -0.0084628211334347725 -0.10621700435876846
v 0.011825158260762691 -0.0092969676479697227 -0.10349390655755997
v 0.011815357953310013 -0.01357000321149826 -0.10382752865552902
v 0.011228695511817932 -0.01071603037416935 -0.11351806670427322
v 0.01125149242579937 -0.0086756143718957901 -0.11324118077754974
v 0.011384070850908756 -0.0095200492069125175 -0.11167138814926147
v -0.021608404815196991 -0.012187041342258453 -0.0054999999701976776
v -0.018403982743620872 -0.012099439278244972 -0.0054999999701976776
v 0.01022638101130724 -0.0040513412095606327 -0.12041858583688736
v 0.010380227118730545 -0.0066488287411630154 -0.11952816694974899
v 0.026440786197781563 0.006147473119199276 -0.06704237312078476
v 0.028416981920599937 0.0051776296459138393 -0.065628834068775177
v 0.012027340941131115 0.02194884791970253 -0.10216708481311798
v 0.011958676390349865 0.019200572744011879 -0.10268452763557434
v 0.011849342845380306 0.021018721163272858 -0.10475356876850128
v -0.011420814320445061 0.035799995064735413 -0.092276178300380707
v -0.0094718830659985542 0.035799998790025711 -0.093313887715339661
v -0.011555700562894344 0.035800192505121231 -0.094232551753520966
v 0.011915977112948895 0.023836793377995491 -0.10428190231323242
v 0.011985660530626774 0.026652833446860313 -0.10376869887113571
v 0.011389194987714291 0.024277012795209885 -0.11158154159784317
v 0.011230602860450745 0.026380492374300957 -0.11359327286481857
v 0.011459596455097198 0.027049688622355461 -0.11101751029491425
v 0.011294102296233177 0.029737440869212151 -0.11321724951267242
v -0.010308518074452877 0.023625338450074196 -0.11993486434221268
v -0.0098050003871321678 0.023503806442022324 -0.12265526503324509
v -0.010089154355227947 0.020916558802127838 -0.12121444940567017
v -0.010075092315673828 0.026445217430591583 -0.12129950523376465
v 0.023520009592175484 -0.03229999914765358 -0.056504614651203156
v -0.010179619304835796 0.012346993200480938 -0.12068647891283035
v -0.0094743771478533745 0.010767349041998386 -0.12390408664941788
v -0.010156001895666122 0.0091745546087622643 -0.12082646787166595
v -0.010393398813903332 -0.026060570031404495 -0.119466632604599
v -0.009991329163312912 -0.025158237665891647 -0.12174668908119202
v -0.0099222073331475258 -0.027340779080986977 -0.12208957225084305
v -0.012369713746011257 -0.0038638962432742119 -0.091152243316173553
v -0.012252730317413807 -0.0027799278032034636 -0.093543007969856262
v -0.012246612459421158 -0.005529443733394146 -0.093071602284908295
v -0.021834667772054672 0.032220602035522461 -0.067199088633060455
v -0.023185960948467255 0.031379934400320053 -0.068427272140979767
v -0.024029307067394257 0.031995434314012527 -0.065906696021556854
v -0.012131853029131889 -0.0070944535546004772 -0.094849169254302979
v -0.012056991457939148 -0.0087665505707263947 -0.09660261869430542
v -0.01215058658272028 -0.0096492515876889229 -0.094061397016048431
v 0.018462380394339561 0.0027505008038133383 -0.076064109802246094
v -0.012320654466748238 0.014094152487814426 -0.095611028373241425
v -0.012319339439272881 0.011648485437035561 -0.095145821571350098
v -0.012429778464138508 0.012816344387829304 -0.093186840415000916
v -0.01239385548979044 0.010201778262853622 -0.093374967575073242
v -0.012226291932165623 0.009049474261701107 -0.096394993364810944
v 0.012148370966315269 -0.029929716140031815 -0.10264723002910614
v -0.011303817853331566 -0.01553117111325264 -0.11264626681804657
v -0.011227828450500965 -0.013014763593673706 -0.11350866407155991
v -0.011354368180036545 -0.018108498305082321 -0.11210022866725922
v -0.011850505135953426 -0.025342719629406929 -0.10395173728466034
v -0.011885946616530418 -0.022482408210635185 -0.10202571004629135
v -0.011785685084760189 -0.022609172388911247 -0.10478692501783371
v -0.011799348518252373 -0.020173938944935799 -0.10435722768306732
v -0.011800037696957588 -0.017476007342338562 -0.10430970042943954
v -0.011792173609137535 -0.015310219489037991 -0.10452152788639069
v -0.011724486015737057 -0.015987072139978409 -0.10653655976057053
v 0.0098683005198836327 -0.035799998790025711 -0.09697558730840683
v 0.0097892163321375847 -0.035799998790025711 -0.094124391674995422
v 0.007513177115470171 -0.035799998790025711 -0.095405131578445435
v -0.011716959998011589 -0.018455680459737778 -0.106784388422966
v -0.022557349875569344 0.03229999914765358 -0.059264305979013443
v -0.025063198059797287 0.032299980521202087 -0.05857878178358078
v -0.023206891492009163 0.03229999914765358 -0.0567283034324646
v -0.011794839054346085 -0.004570892546325922 -0.10433558374643326
v -0.011817148886620998 -0.0024487138725817204 -0.1036524623632431
v -0.011749072000384331 -0.0021407355088740587 -0.1056695356965065
v 0.025096021592617035 0.010886858217418194 -0.067679628729820251
v 0.024682827293872833 0.0082600535824894905 -0.068162769079208374
v 0.023609315976500511 0.0099241789430379868 -0.069247260689735413
v -0.011847523972392082 0.0011941847624257207 -0.10271488875150681
v -0.011829809285700321 0.0040474859997630119 -0.10321219265460968
v 0.036627784371376038 0.00807194784283638 -0.024083791300654411
v -0.011292967014014721 0.0047993413172662258 -0.11273592710494995
v -0.011102619580924511 0.0027396129444241524 -0.11487124860286713
v -0.011341055855154991 0.0019156188936904073 -0.11212160438299179
v -0.031012255698442459 -0.018684599548578262 -0.024839362129569054
v -0.032379411160945892 -0.016560263931751251 -0.025678461417555809
v -0.037198364734649658 0.0055840727873146534 -0.031671032309532166
v -0.03718779981136322 0.0054339496418833733 -0.034718997776508331
v -0.037649884819984436 0.003531609196215868 -0.032718442380428314
v -0.011259488761425018 -0.0041244891472160816 -0.11313439160585403
v -0.01137643214315176 -0.0012508387444540858 -0.11168956011533737
v -0.011249006725847721 0.022635474801063538 -0.1133171021938324
v -0.011437319219112396 0.022282425314188004 -0.1109580397605896
v -0.01134076714515686 0.024917056784033775 -0.11219047755002975
v -0.011279192753136158 0.016944147646427155 -0.1129431277513504
v -0.011341053061187267 0.014841575175523758 -0.11215567588806152
v -0.011504931375384331 0.015643561258912086 -0.11008578538894653
v -0.011991648934781551 0.022287603467702866 -0.10278823226690292
v -0.011892064474523067 0.020298711955547333 -0.1039390042424202
v -0.011980125680565834 0.01938256062567234 -0.10238358378410339
v -0.025600947439670563 -0.0032683622557669878 -0.068336427211761475
v -0.025727955624461174 -0.0066463164985179901 -0.067491360008716583
v -0.027859460562467575 -0.0046220999211072922 -0.066332325339317322
v -0.026781301945447922 0.0017055652569979429 -0.067739084362983704
v -0.026345372200012207 -0.00059311749646440148 -0.068092010915279388
v -0.028401857241988182 -0.0001988002477446571 -0.066645286977291107
v -0.01141688134521246 0.012841856107115746 -0.11119157820940018
v -0.011229365132749081 0.010828388854861259 -0.11355540156364441
v -0.011449865996837616 0.0096700415015220642 -0.11076711118221283
v 0.011887467466294765 -0.014154814183712006 -0.10169243812561035
v -0.024046201258897781 -0.010379064828157425 -0.068808920681476593
v 0.032577741891145706 0.01561522763222456 -0.030190948396921158
v -0.010233432054519653 0.015535078011453152 -0.12037274241447449
v -0.010351287201046944 0.018447017297148705 -0.11968900263309479
v -0.0097483564168214798 0.017932064831256866 -0.12286455184221268
v -0.011328590102493763 -0.026609307155013084 -0.11254644393920898
v -0.011324894614517689 -0.029471235349774361 -0.11274193227291107
v -0.011487954296171665 -0.02822946198284626 -0.11077828705310822
v 0.031739331781864166 -0.017233369871973991 -0.027667326852679253
v 0.032107673585414886 -0.017015693709254265 -0.02538212388753891
v -0.010412699542939663 -0.021737938746809959 -0.11935791373252869
v -0.010313907638192177 -0.019613854587078094 -0.11990872025489807
v -0.010016183368861675 -0.02148466557264328 -0.1216118335723877
v 0.011714679189026356 -0.028886349871754646 -0.10802792012691498
v 0.022982701659202576 -0.03229999914765358 -0.06119721382856369
v -0.033698450773954391 0.014176719821989536 -0.027339039370417595
v 0.024699464440345764 -0.00663417624309659 -0.068359196186065674
v -0.010176023468375206 -0.017139878123998642 -0.12071073055267334
v -0.009711836464703083 -0.019103614613413811 -0.12304524332284927
v -0.011850456707179546 0.0070648062974214554 -0.102573461830616
v -0.033111784607172012 -0.023543862625956535 -0.040441904217004776
v -0.033423937857151031 -0.022758571431040764 -0.043332565575838089
v -0.033352948725223541 -0.025685526430606842 -0.042434997856616974
v -0.01225106418132782 0.0028461806941777468 -0.094678409397602081
v -0.012254443950951099 3.3969437936320901e-05 -0.094088330864906311
v -0.01237248070538044 -0.00093085598200559616 -0.09160943329334259
v -0.024196159094572067 0.032299965620040894 -0.061216391623020172
v -0.02184605784714222 0.032300002872943878 -0.061785999685525894
v 0.013117276132106781 0.014052900485694408 -0.085617080330848694
v 0.013008644804358482 0.01661679707467556 -0.086654298007488251
v 0.013333546929061413 0.017518969252705574 -0.083797484636306763
v -0.00032833180739544332 0.03229999914765358 -0.059909775853157043
v 0.00012881921429652721 0.03229999914765358 -0.056823473423719406
v 0.0021007384639233351 0.03229999914765358 -0.058441970497369766
v -0.0070112170651555061 -0.032365188002586365 -0.073494590818881989
v -0.0055270171724259853 -0.033524461090564728 -0.075591973960399628
v -0.0041000819765031338 -0.032374702394008636 -0.073508486151695251
v -0.010690011084079742 -0.03229999914765358 -0.050333466380834579
v -0.0098902639001607895 -0.03229999914765358 -0.052818845957517624
v -0.0074413660913705826 -0.03229999914765358 -0.051260199397802353
v -0.0125849274918437 -0.018045289441943169 -0.090691335499286652
v -0.011828331276774406 -0.013306105509400368 -0.10342863947153091
v -0.011735040694475174 -0.013799142092466354 -0.10620174556970596
v -0.011819252744317055 -0.010283524170517921 -0.1036679819226265
v -0.011735446751117706 -0.011399440467357635 -0.10616582632064819
v -0.011414444074034691 -0.011317956261336803 -0.11133921891450882
v -0.0063670091331005096 0.03229999914765358 -0.017796656116843224
v -0.0070526036433875561 0.03229999914765358 -0.014234083704650402
v -0.004332604818046093 0.03229999914765358 -0.014747020788490772
v -0.0091718519106507301 0.03229999914765358 -0.041375800967216492
v -0.0084143588319420815 0.03229999914765358 -0.037947323173284531
v -0.0066990875639021397 0.03229999914765358 -0.039875078946352005
v -9.5717980002518743e-05 -0.03229999914765358 -0.054185871034860611
v 0.0026014507748186588 -0.03229999914765358 -0.05533449724316597
v -0.0113794831559062 -0.0062071108259260654 -0.11168481409549713
v 0.011834093369543552 0.033256173133850098 -0.1080472469329834
v 0.010454101487994194 0.03229999914765358 -0.024728994816541672
v 0.0094439340755343437 0.03229999914765358 -0.021677982062101364
v 0.01184235792607069 0.03229999914765358 -0.022291224449872971
v -0.010264987125992775 -0.0024762568064033985 -0.1201888769865036
v -0.010311477817595005 0.00050423812353983521 -0.11991968005895615
v -0.009757370688021183 -0.0013865894870832562 -0.12287083268165588
v 0.0070592616684734821 0.03229999914765358 -0.032910067588090897
v -0.017000000923871994 0.016948144882917404 -0.081934727728366852
v -0.019962463527917862 0.002018301747739315 -0.077015288174152374
v -0.022492408752441406 0.0019396196585148573 -0.075502462685108185
v -0.02076420746743679 0.0023538321256637573 -0.073659539222717285
v -0.020352313295006752 0.0067560705356299877 -0.072099260985851288
v -0.03764839842915535 -0.0037475659046322107 -0.028352316468954086
v -0.037898492068052292 -0.0020222319290041924 -0.025875566527247429
v -0.030467558652162552 0.0028422730974853039 -0.064446307718753815
v -0.028739301487803459 0.0047997939400374889 -0.06548067182302475
v -0.028711572289466858 0.0022795989643782377 -0.066198430955410004
v -0.037004761397838593 -0.0059654214419424534 -0.035787921398878098
v -0.036651827394962311 -0.0072177555412054062 -0.033293921500444412
v -0.037463411688804626 -0.0044729504734277725 -0.033276200294494629
v 0.01365323644131422 -0.029061879962682724 -0.093500003218650818
v 0.015701631084084511 -0.027774984017014503 -0.093051329255104065
v 0.0098256757482886314 0.027675138786435127 -0.12262143939733505
v 0.0093448683619499207 0.028840981423854828 -0.12429036945104599
v 0.0028295803349465132 -0.031203309074044228 -0.12995454668998718
v 0.0097686061635613441 0.0025899773463606834 -0.12287453562021255
v -0.037798989564180374 -0.0026826246175915003 -0.030993873253464699
v -0.023389114066958427 0.0322992242872715 -0.063404835760593414
v 0.013088761828839779 -0.017771471291780472 -0.087246447801589966
v 0.013645247556269169 -0.0061736032366752625 -0.081509768962860107
v 0.013693301938474178 -0.0084023633971810341 -0.081537589430809021
v 0.015537514351308346 -0.002911269897595048 -0.079506844282150269
v 0.019238246604800224 -0.0060000000521540642 -0.078694872558116913
v 0.01180819608271122 -0.0038586496375501156 -0.10394331812858582
v 0.011814740486443043 -0.0067356419749557972 -0.1037776842713356
v 0.011714832857251167 -0.0049974201247096062 -0.10672613233327866
v 0.011355075985193253 -0.023324018344283104 -0.11216016858816147
v 0.011414472945034504 -0.021060440689325333 -0.11145810782909393
v 0.011445356532931328 -0.011478624306619167 -0.11099580675363541
v 0.011509498581290245 -0.013898281380534172 -0.11029383540153503
v -0.013194850645959377 0.026962466537952423 -0.093503855168819427
v -0.014352340251207352 0.027256960049271584 -0.092954583466053009
v -0.013203779235482216 0.028955858200788498 -0.09454701840877533
v 0.023444803431630135 -0.0054073715582489967 -0.076261073350906372
v 0.023541083559393883 -0.0028427846264094114 -0.074534766376018524
v 0.021259399130940437 0.0037744625005871058 -0.071628399193286896
v 0.022810844704508781 0.0019709398038685322 -0.072118408977985382
v 0.023503856733441353 0.00035119129461236298 -0.073719173669815063
v 0.022674338892102242 0.0015981518663465977 -0.075746022164821625
v 0.021678701043128967 0.002026768634095788 -0.07385079562664032
v 0.020552476868033409 0.0020166570320725441 -0.076002955436706543
v 0.011756360530853271 0.015310883522033691 -0.10535547137260437
v 0.011812986806035042 0.0093692587688565254 -0.10367285460233688
v 0.011723813600838184 0.008741636760532856 -0.10632266104221344
v -0.012372059747576714 0.0074967541731894016 -0.093264222145080566
v 0.011274848133325577 0.013170422054827213 -0.11299631744623184
v 0.011425644159317017 0.014698078855872154 -0.11109253764152527
v 0.011527183465659618 0.016404112800955772 -0.10980943590402603
v -0.0097330724820494652 -0.030229989439249039 -0.12298694998025894
v 0.010606453754007816 0.016404422000050545 -0.11822744458913803
v 0.010658519342541695 0.019318550825119019 -0.11794215440750122
v 0.011084933765232563 0.017531448975205421 -0.11501462757587433
v 0.011249699629843235 0.015372456051409245 -0.11332008242607117
v 0.010091879405081272 0.011323391459882259 -0.12121391296386719
v 0.010522098280489445 0.010601253248751163 -0.11871849000453949
v 0.010574980638921261 -0.017204936593770981 -0.11846110224723816
v 0.010658146813511848 -0.019675271585583687 -0.1179964542388916
v 0.023431204259395599 -0.00051728519611060619 -0.076627142727375031
v 0.022192640230059624 -0.0011285368818789721 -0.07872491329908371
v 0.02090013399720192 -0.0060038240626454353 -0.07617681473493576
v 0.01834590919315815 -0.0068866466172039509 -0.076599672436714172
v 0.01220850832760334 -0.0016764887841418386 -0.094548799097537994
v 0.012105755507946014 -0.00077185133704915643 -0.0963764488697052
v 0.011855875141918659 -7.1634331106906757e-06 -0.10248935222625732
v 0.011830613017082214 0.0025479951873421669 -0.10321387648582458
v -0.013810493983328342 -0.03229999914765358 -0.068268559873104095
v 0.012061895802617073 0.0090571129694581032 -0.099037066102027893
v 0.011995792388916016 0.0064939721487462521 -0.099554583430290222
v 0.011891212314367294 0.0079855965450406075 -0.10153314471244812
v 0.012141010724008083 0.012112725526094437 -0.098412439227104187
v 0.012148386798799038 0.0067605990916490555 -0.097220622003078461
v 0.011911019682884216 -0.0085568344220519066 -0.10093735158443451
v 0.011893149465322495 -0.005266052670776844 -0.10143513232469559
v 0.012012898921966553 -0.009379497729241848 -0.097920864820480347
v 0.011986682191491127 -0.0063791726715862751 -0.098669812083244324
v 0.012080025859177113 -0.0075346119701862335 -0.095984630286693573
v 0.0053844880312681198 0.03229999914765358 -0.054834183305501938
v 0.0045305169187486172 0.03229999914765358 -0.057572472840547562
v 0.0026875273324549198 0.03229999914765358 -0.055618900805711746
v 0.012100636959075928 -0.010393252596259117 -0.095339283347129822
v 0.012039546854794025 -0.012146497145295143 -0.097157292068004608
v 0.012631195597350597 -0.021083664149045944 -0.091534510254859924
v -0.0026608400512486696 0.016080018132925034 -0.12997686862945557
v 0.010251226834952831 -0.0010113028110936284 -0.1202731654047966
v 0.03317604586482048 -0.002874268451705575 -0.061131130903959274
v 0.031425219029188156 -0.0019139022333547473 -0.063638061285018921
v 0.032820362597703934 0.00024393900821451098 -0.062175262719392776
v 0.031129723414778709 -0.004737472627311945 -0.062913127243518829
v 0.029577778652310371 0.0029597824905067682 -0.065280497074127197
v 0.031002666801214218 0.00070309103466570377 -0.064266778528690338
v 0.029430504888296127 0.0005167535855434835 -0.065805472433567047
v 0.010375899262726307 0.030464593321084976 -0.11956475675106049
v 0.010637133382260799 0.032913971692323685 -0.11811745911836624
v 0.010608954355120659 0.02214478887617588 -0.11822748184204102
v 0.0095237623900175095 -0.013157065026462078 -0.1237824410200119
v 0.0091680493205785751 -0.010214025154709816 -0.1247936487197876
v 0.010505777783691883 -0.029535349458456039 -0.11885179579257965
v 0.010948782786726952 -0.03004775196313858 -0.11618659645318985
v 0.028899107128381729 0.021987045183777809 -0.024518197402358055
v 0.0091912122443318367 -0.026946226134896278 -0.12476863712072372
v 0.0090795187279582024 -0.024812014773488045 -0.12504285573959351
v 0.0095760710537433624 -0.028326816856861115 -0.12363912165164948
v 0.008861876092851162 -0.02886153943836689 -0.12549452483654022
v 0.01261472050100565 -0.0091603975743055344 -0.089126765727996826
v -0.027451016008853912 0.0094087421894073486 -0.064919434487819672
v 0.012323830276727676 -0.0069993310607969761 -0.091444894671440125
v 0.012318415567278862 -0.0097448369488120079 -0.09134279191493988
v 0.012187589891254902 -0.0087342085316777229 -0.093523576855659485
v 0.013259666971862316 0.0091905687004327774 -0.083966992795467377
v 0.012561469338834286 0.01346514280885458 -0.090711846947669983
v 0.01136328000575304 0.0039352457970380783 -0.11185433715581894
v 0.011216004379093647 0.0019661893602460623 -0.11369775235652924
v 0.011425848118960857 0.0011326632229611278 -0.11108588427305222
v 0.011877109296619892 -0.0025238352827727795 -0.10188400000333786
v 0.011809259653091431 -0.0015655822353437543 -0.1038888618350029
v 0.01173745933920145 -0.0020423652604222298 -0.10602526366710663
v 0.011652414686977863 -0.0025774023961275816 -0.10832251608371735
v 0.011659317649900913 9.2904439952690154e-05 -0.10820239782333374
v 0.011323338374495506 -0.015715664252638817 -0.112433061003685
v 0.011022064834833145 -0.01743566058576107 -0.11543584614992142
v 0.011364051140844822 -0.018639788031578064 -0.11200357973575592
v 0.029145630076527596 -0.0066754077561199665 -0.064134061336517334
v 0.012049257755279541 0.014816551469266415 -0.10039195418357849
v 0.012055084109306335 0.017616631463170052 -0.10086391866207123
v 0.011675326153635979 0.017176790162920952 -0.10766218602657318
v 0.011908082291483879 0.016501950100064278 -0.10293015837669373
v -0.0057072211056947708 -0.035799998790025711 -0.08514115959405899
v -0.0056075872853398323 -0.035799998790025711 -0.081891417503356934
v 0.0027855462394654751 0.025430986657738686 -0.0054999999701976776
v 0.0090768104419112206 0.035799998790025711 -0.083209484815597534
v 0.0082895420491695404 0.035799998790025711 -0.08623938262462616
v 0.0064909374341368675 0.035799998790025711 -0.084054082632064819
v 0.013733883388340473 0.014355101622641087 -0.082988686859607697
v 0.010396853089332581 0.012756452895700932 -0.11943090707063675
v 0.011598889715969563 -0.029419742524623871 -0.1097724661231041
v 0.01151987724006176 -0.03118201345205307 -0.11108475923538208
v 0.011409400030970573 -0.028655102476477623 -0.11172404140233994
v 0.0090004848316311836 -0.015325607731938362 -0.12521617114543915
v 0.0095156971365213394 -0.017409961670637131 -0.12381139397621155
v -0.028224870562553406 -0.022781914100050926 -0.021071814000606537
v 0.023077743127942085 -0.0032039722427725792 -0.077693648636341095
v 0.011808950453996658 0.0068874163553118706 -0.10381380468606949
v 0.011804195120930672 0.0046713761985301971 -0.10397704690694809
v -0.0097213443368673325 0.027725743129849434 -0.12299759685993195
v -0.011510512791574001 0.019083773717284203 -0.11002323776483536
v 0.012184643186628819 -0.015672316774725914 -0.093497440218925476
v 0.011289152316749096 -0.0050875339657068253 -0.11276855319738388
v 0.011399094015359879 -0.0072702178731560707 -0.11147449165582657
v 0.0098895113915205002 -0.0021816049702465534 -0.12233304977416992
v 0.011136762797832489 -0.02110382542014122 -0.11455259472131729
v 0.029992301017045975 0.0055570239201188087 -0.063819907605648041
v 0.031845152378082275 0.0033193477429449558 -0.06270541250705719
v 0.0023046471178531647 0.032299995422363281 -0.010461636818945408
v 0.0048144818283617496 0.032299995422363281 -0.011854054406285286
v -0.012024905532598495 0.027546681463718414 -0.10335524380207062
v -0.00094727420946583152 -0.03229999914765358 -0.010397040285170078
v 0.0011694050626829267 -0.032299403101205826 -0.0095360651612281799
v -0.0065978090278804302 0.025470685213804245 -0.0054999999701976776
v -0.0049580358900129795 0.022430894896388054 -0.0054999999701976776
v -0.0033258905168622732 0.02509257011115551 -0.0054999999701976776
v 0.0024759736843407154 -0.025307716801762581 -0.0054999999701976776
v -0.0022280125413089991 0.035799998790025711 -0.095919139683246613
v -0.0010281347203999758 0.035799998790025711 -0.098727159202098846
v -0.0042460574768483639 0.035799998790025711 -0.098855897784233093
v 0.0081232422962784767 0.035799995064735413 -0.11535387486219406
v 0.0075564156286418438 0.035799998790025711 -0.11294008046388626
v 0.0097689805552363396 0.035799503326416016 -0.11380645632743835
v 0.011881067417562008 0.028656067326664925 -0.10587986558675766
v 0.01170160248875618 0.027683399617671967 -0.10844835638999939
v -0.027078103274106979 -0.024561578407883644 -0.021693309769034386
v 0.011080944910645485 0.032565701752901077 -0.11526596546173096
v 0.011361655779182911 0.032553907483816147 -0.11285614222288132
v -0.0091323768720030785 0.028943415731191635 -0.12479805201292038
v -0.0099351424723863602 0.029588166624307632 -0.12202738970518112
v 0.0082627087831497192 0.0097711477428674698 -0.0054999999701976776
v 0.0096511077135801315 0.007238190621137619 -0.0054999999701976776
v 0.010847017168998718 0.0096489116549491882 -0.0054999999701976776
v -0.00966611597687006 0.01430728193372488 -0.12324955314397812
v -0.0024445191957056522 0.032069690525531769 -0.0076215728186070919
v -0.00349003029987216 0.03054153174161911 -0.0058883349411189556
v -0.00034602973028086126 0.030894452705979347 -0.0060133477672934532
v -0.010214241221547127 -0.0066333664581179619 -0.12048511207103729
v -0.00975063256919384 -0.023442665114998817 -0.12289935350418091
v -0.0094842296093702316 -0.025552673265337944 -0.12385718524456024
v -0.0094521297141909599 -0.021533815190196037 -0.12393512576818466
v -0.008281429298222065 0.0098147103562951088 -0.0054999999701976776
v -0.0063951117917895317 0.007124811876565218 -0.0054999999701976776
v -0.0062677999958395958 0.0098015367984771729 -0.0054999999701976776
v -0.012481985613703728 -0.011859951540827751 -0.090156331658363342
v -0.012293171137571335 -0.0097829569131135941 -0.091568164527416229
v -0.012208093889057636 -0.012611035257577896 -0.092698767781257629
v -0.012598976492881775 -0.0020545907318592072 -0.088813617825508118
v -0.016845108941197395 -0.0040363031439483166 -0.079499945044517517
v -0.024334041401743889 -0.012217512354254723 -0.0054999999701976776
v -0.026603121310472488 -0.012163297273218632 -0.0054999999701976776
v -0.012503509409725666 0.00648500956594944 -0.090459920465946198
v -0.012368929572403431 0.0046760612167418003 -0.092759557068347931
v -0.01257502194494009 0.014725776389241219 -0.090719729661941528
v -0.012759172357618809 0.016631714999675751 -0.08863300085067749
v -0.012650716118514538 0.018044538795948029 -0.090458162128925323
v 0.010289020836353302 -0.03229999914765358 -0.070436283946037292
v 0.0088810455054044724 -0.032344605773687363 -0.073123909533023834
v 0.011266857385635376 -0.032326646149158478 -0.072878897190093994
v -0.015913043171167374 0.018341831862926483 -0.083976000547409058
v -0.01174488477408886 0.0041717812418937683 -0.10573096573352814
v -0.011770515702664852 0.0020149745978415012 -0.1049918606877327
v -0.011482318863272667 0.0066665690392255783 -0.11036883294582367
v -0.011807391420006752 -0.0074858837760984898 -0.10399211943149567
v 0.023726467043161392 -0.032139871269464493 -0.065849646925926208
v 0.025509869679808617 -0.031154589727520943 -0.066013380885124207
v 0.025112733244895935 -0.032070040702819824 -0.06438744068145752
v 0.016784869134426117 -0.034749481827020645 -0.091351449489593506
v -0.011652790941298008 -0.0017213553655892611 -0.1083022728562355
v -0.011807183735072613 0.012653442099690437 -0.10388367623090744
v -0.023543134331703186 -0.00100966717582196 -0.072502359747886658
v -0.023535439744591713 -0.004552195779979229 -0.072747521102428436
v -0.0237241480499506 -0.0029140512924641371 -0.070437096059322357
v -0.023776426911354065 -0.0052918023429811001 -0.069847829639911652
v 0.012972823344171047 0.010831285268068314 -0.085832461714744568
v -0.026892581954598427 0.0041548004373908043 -0.067268110811710358
v -0.024841567501425743 0.0033626679796725512 -0.068786464631557465
v -0.01017334870994091 0.0062868199311196804 -0.12071860581636429
v -0.010968221351504326 0.0090582193806767464 -0.1158449575304985
v -0.011256486177444458 0.0078163398429751396 -0.11320453882217407
v 0.01080597285181284 -0.03229999914765358 -0.029563417658209801
v 0.0087413229048252106 -0.03229999914765358 -0.030228357762098312
v 0.011729976162314415 -0.03229999914765358 -0.031659044325351715
v -0.010719422250986099 -0.023529656231403351 -0.11757449060678482
v -0.010223668999969959 -0.023541588336229324 -0.120437391102314
v 0.022227289155125618 -0.02123490534722805 -0.070554196834564209
v -0.011066642589867115 -0.027930153533816338 -0.11524607986211777
v -0.011123991571366787 -0.019365271553397179 -0.11467085033655167
v -0.010486355982720852 -0.015046787448227406 -0.11893069744110107
v -0.012001560069620609 0.0080507509410381317 -0.099772095680236816
v -0.012110796757042408 0.0063131586648523808 -0.097718976438045502
v -0.01205418910831213 0.010806379839777946 -0.099505767226219177
v -0.011943704448640347 0.012213916517794132 -0.10151006281375885
v -0.011858214624226093 0.010051961988210678 -0.10249011963605881
v 0.02687329426407814 0.025244668126106262 -0.022574059665203094
v 0.025786450132727623 0.026705512776970863 -0.021270947530865669
v 0.026929005980491638 0.024588907137513161 -0.020497981458902359
v -0.011921332217752934 0.00020327696984168142 -0.10053488612174988
v -0.011866787448525429 -0.0012756248470395803 -0.10216782987117767
v 0.0097652692347764969 0.02002737857401371 -0.0054999999701976776
v 0.011069209314882755 0.021951325237751007 -0.0054999999701976776
v -0.010248463600873947 0.031504526734352112 -0.12026592344045639
v -0.011864964850246906 -0.016071643680334091 -0.10236907005310059
v -0.011928366497159004 -0.014557020738720894 -0.10047262907028198
v -0.01189199835062027 -0.018974324688315392 -0.10159727185964584
v -0.011938942596316338 -0.016881382092833519 -0.10018222779035568
v -0.012439140118658543 -0.02039625495672226 -0.093213081359863281
v -0.012597981840372086 -0.023792780935764313 -0.093942292034626007
v -0.011993975378572941 -0.018770318478345871 -0.09863145649433136
v -0.012095139361917973 -0.018169546499848366 -0.095864929258823395
v -0.012082489207386971 -0.01161675713956356 -0.095871187746524811
v -0.012036725878715515 -0.0060847117565572262 -0.097191445529460907
v -0.011885088868439198 -0.0062351753003895283 -0.10167407989501953
v -0.010085746645927429 -0.0090568549931049347 -0.12123708426952362
v -0.010852654464542866 0.00055038480786606669 -0.11665714532136917
v -0.011172324419021606 0.0004091450828127563 -0.11411191523075104
v 0.014496194198727608 -0.034299999475479126 -0.098922230303287506
v 0.014999999664723873 -0.035328038036823273 -0.10226775705814362
v -0.01048806868493557 0.028886256739497185 -0.11893072724342346
v -0.012373792938888073 0.018827710300683975 -0.09552948921918869
v -0.012561336159706116 0.020049957558512688 -0.092702768743038177
v -0.012479102239012718 0.02185884490609169 -0.095096014440059662
v 0.028562091290950775 -0.022367324680089951 -0.022492328658699989
v 0.027495367452502251 -0.023776378482580185 -0.020438710227608681
v -0.032528314739465714 -0.0031635796185582876 -0.061895091086626053
v -0.033466465771198273 -0.00083715177606791258 -0.061243023723363876
v 0.025872403755784035 0.016517724841833115 -0.0055000009015202522
v -0.0089242188259959221 0.0054074707441031933 -0.1252640038728714
v -0.0097336005419492722 0.00468402449041605 -0.12296666949987411
v -0.0096429148688912392 0.0073968628421425819 -0.12328866124153137
v 0.017000000923871994 0.0079445960000157356 -0.079299993813037872
v 0.013947696425020695 0.0072701238095760345 -0.079994440078735352
v 0.0021266140975058079 -0.022876985371112823 -0.0054999999701976776
v -0.010012273676693439 -0.011018291115760803 -0.12163569778203964
v -0.012236465699970722 -0.0078315259888768196 -0.09283912181854248
v -0.014536888338625431 -0.0101727694272995 -0.08042106032371521
v -0.01653602346777916 -0.012837197631597519 -0.079554095864295959
v -0.012206937186419964 0.012171586975455284 -0.097352094948291779
v -0.012196101248264313 0.014296600595116615 -0.097976364195346832
v 0.014031763188540936 -0.0048999846912920475 -0.079499997198581696
v -0.02813546359539032 -0.010583661496639252 -0.0054999999701976776
v -0.028992403298616409 -0.013523373752832413 -0.0055000069551169872
v 0.025958256796002388 -0.028669439256191254 -0.066671736538410187
v 0.027101187035441399 -0.030797209590673447 -0.064281992614269257
v -0.01158590242266655 -0.01653379388153553 -0.10944226384162903
v -0.011877160519361496 -0.0036707138642668724 -0.10188382118940353
v -0.011100161820650101 0.018699241802096367 -0.11493518948554993
v -0.011277112178504467 0.02018248662352562 -0.11297722160816193
v -0.033118885010480881 0.013299529440701008 -0.050961539149284363
v 0.032923854887485504 0.023807959631085396 -0.05164048820734024
v 0.010978547856211662 0.035410165786743164 -0.11644366383552551
v 0.0099916793406009674 0.035566817969083786 -0.11944160610437393
v 0.0085931234061717987 0.035798333585262299 -0.11744119226932526
v -0.012073123827576637 0.013215510174632072 -0.099695034325122833
v -0.011935233138501644 0.01430636178702116 -0.10206198692321777
v -0.011946075595915318 0.016843773424625397 -0.10240326821804047
v -0.023494744673371315 0.0016494615701958537 -0.072829566895961761
v -0.023542286828160286 -8.3067054220009595e-05 -0.075268000364303589
v -0.03032165952026844 0.00030219042673707008 -0.064966350793838501
v 0.033372126519680023 0.018188804388046265 -0.048353824764490128
v 0.033433325588703156 0.015882674604654312 -0.047562509775161743
v 0.033413790166378021 0.013659938238561153 -0.048629291355609894
v -0.035996731370687485 0.0076169166713953018 -0.045767959207296371
v -0.035879381000995636 0.0074118520133197308 -0.048445601016283035
v 0.033424921333789825 0.021582381799817085 -0.043357502669095993
v 0.033171370625495911 0.020201880484819412 -0.040852490812540054
v -0.01076821144670248 -0.020638158544898033 -0.11727393418550491
v -0.0096982819959521294 -0.016609117388725281 -0.12310187518596649
v -0.011776994913816452 0.0085706943646073341 -0.10473445057868958
v -0.012112339958548546 0.0037914200220257044 -0.097189068794250488
v 0.027406886219978333 0.014356367290019989 -0.0054999999701976776
v -0.013044821098446846 -0.017446160316467285 -0.087963812053203583
v -0.026486903429031372 0.025745067745447159 -0.022073017433285713
v -0.027708245441317558 0.02352200448513031 -0.02096128836274147
v -0.026185069233179092 0.02548246830701828 -0.019497442990541458
v 0.025089111179113388 0.029199790209531784 -0.022204514592885971
v 0.024403275921940804 0.028282083570957184 -0.019649073481559753
v 0.018916772678494453 -0.028599146753549576 -0.073144800961017609
v -0.012005985714495182 -0.013233745470643044 -0.098156154155731201
v -0.011374708265066147 -0.0086070103570818901 -0.11176005005836487
v -0.010332901030778885 -0.0045583769679069519 -0.11979624629020691
v -0.011961633339524269 0.025115106254816055 -0.10382487624883652
v -0.013278455473482609 0.024865001440048218 -0.091438494622707367
v -0.012862917967140675 0.026354594156146049 -0.092372477054595947
v -0.017084319144487381 -0.030159080401062965 -0.075331009924411774
v -0.035882551223039627 -0.0058005498722195625 -0.052624065428972244
v -0.034606028348207474 -0.0083648832514882088 -0.051995266228914261
v -0.018129603937268257 0.013467141427099705 -0.0054999999701976776
v -0.016745550557971001 0.011412700638175011 -0.0054999999701976776
v -0.015586333349347115 0.013401851058006287 -0.0054999999701976776
v -0.03203289583325386 0.00105057074688375 -0.06309441477060318
v 0.036006081849336624 -0.010521390475332737 -0.016651101410388947
v 0.035021513700485229 -0.012810029089450836 -0.017535977065563202
v -0.037987682968378067 8.5390995081979781e-05 -0.023965794593095779
v -0.037983238697052002 0.00043329977779649198 -0.021244239062070847
v -0.03781549260020256 0.0028699510730803013 -0.022761434316635132
v -0.012375981546938419 0.023095168173313141 -0.097091078758239746
v -0.033276304602622986 -0.021481847390532494 -0.049305498600006104
v -0.032752189785242081 -0.020757056772708893 -0.052510626614093781
v -0.033065181225538254 -0.02367745153605938 -0.050833810120820999
v -0.032620105892419815 0.024427466094493866 -0.03789040818810463
v -0.032209523022174835 0.022803224623203278 -0.036318793892860413
v -0.027347259223461151 -0.03229999914765358 -0.042700372636318207
v -0.027261562645435333 -0.03229999914765358 -0.040313534438610077
v 0.034460779279470444 -0.009929317981004715 -0.048504557460546494
v 0.035785902291536331 -0.0075386683456599712 -0.048650220036506653
v 0.035697352141141891 -0.0081757726147770882 -0.046015400439500809
v -0.033485457301139832 -0.01766936294734478 -0.044625237584114075
v -0.033494159579277039 -0.015601717866957188 -0.04499395564198494
v -0.033454883843660355 -0.01661904901266098 -0.047106772661209106
v 0.012804985046386719 -0.027630733326077461 -0.095238901674747467
v 0.012664356268942356 -0.02885807678103447 -0.097899198532104492
v -0.01431647501885891 -0.028006177395582199 -0.00550040602684021
v -0.019225122407078743 -0.0047977450303733349 -0.0054999999701976776
v 0.012756611220538616 0.03580000251531601 -0.08838353306055069
v 0.015107657760381699 0.035717122256755829 -0.087864503264427185
v 0.014866625890135765 0.035696003586053848 -0.090995669364929199
v 0.0016601637471467257 -0.030529137700796127 -0.005855766125023365
v -0.023577375337481499 -0.031440295279026031 -0.022011945024132729
v -0.022154871374368668 -0.031568653881549835 -0.019691959023475647
v -0.025084648281335831 0.027686061337590218 -0.020686451345682144
v -0.025860922411084175 0.028180016204714775 -0.023067023605108261
v -0.017738303169608116 -0.015245640650391579 -0.0054999999701976776
v -0.017634613439440727 -0.017925864085555077 -0.0054999999701976776
v 0.026542875915765762 0.027299623936414719 -0.024018298834562302
v -0.024549471214413643 -0.027435909956693649 -0.0094350362196564674
v -0.0091304024681448936 -0.028541216626763344 -0.0055093923583626747
v 0.025578351691365242 -0.02632761187851429 -0.019528592005372047
v -0.0060510751791298389 -0.0185807254165411 -0.0054999999701976776
v 0.02430654875934124 -0.02905762568116188 -0.02048046700656414
v 0.022761691361665726 -0.030652597546577454 -0.019035452976822853
v 0.02340051531791687 0.030743012204766273 -0.020418912172317505
v 0.021358609199523926 0.032232008874416351 -0.021462522447109222
v 0.021357059478759766 0.031728349626064301 -0.01858026534318924
v -0.011677193455398083 -0.027892764657735825 -0.005500331986695528
v -0.021274523809552193 0.031659461557865143 -0.01813180185854435
v -0.022080408409237862 0.031974390149116516 -0.020978331565856934
v -0.023443114012479782 0.029540184885263443 -0.019020587205886841
v -0.0089856758713722229 -0.019349275156855583 -0.0054999999701976776
v -0.024412883445620537 0.030145850032567978 -0.021703004837036133
v -0.020379174500703812 -0.014716845937073231 -0.0054999999701976776
v 0.0057928073219954967 -0.024959780275821686 -0.0054999999701976776
v -0.011214464902877808 -0.035799618810415268 -0.11010430008172989
v -0.017900746315717697 0.030085718259215355 -0.073687359690666199
v -0.031336735934019089 -0.027996215969324112 -0.03367416188120842
v -0.031814806163311005 -0.025703348219394684 -0.035045746713876724
v 0.037414886057376862 -0.0044244234450161457 -0.037490162998437881
v 0.03667023777961731 -0.0067152106203138828 -0.038768921047449112
v 0.037564147263765335 -0.0036511900834739208 -0.039970651268959045
v 0.034195072948932648 -0.012414310127496719 -0.033918619155883789
v 0.032844118773937225 -0.01489697303622961 -0.033187687397003174
v 0.033357914537191391 -0.013767085038125515 -0.036139793694019318
v 0.0035627121105790138 0.010418620891869068 -0.129776731133461
v 0.00051326368702575564 0.0097852721810340881 -0.13024021685123444
v 0.0031639770604670048 0.035799998790025711 -0.095635838806629181
v 0.0017464844277128577 0.035799998790025711 -0.098355755209922791
v 0.00049419421702623367 0.035799998790025711 -0.095790877938270569
v -0.0013811334501951933 -0.012502013705670834 -0.13018624484539032
v 0.012780928052961826 -0.019941363483667374 -0.089185811579227448
v 0.025975519791245461 -0.03229999914765358 -0.046825066208839417
v 0.028516190126538277 -0.032299995422363281 -0.045842912048101425
v 0.026348438113927841 -0.03229999914765358 -0.043777801096439362
v -0.00065775617258623242 0.012125615030527115 -0.13020879030227661
v 0.00056764512555673718 0.0072547323070466518 -0.13024553656578064
v 0.017387881875038147 0.03229999914765358 -0.067333139479160309
v -0.025943102315068245 0.03229999914765358 -0.043495461344718933
v -0.023673923686146736 0.03229999914765358 -0.042765490710735321
v -0.024577481672167778 0.03229999914765358 -0.045403584837913513
v -0.014991761185228825 0.025648685172200203 -0.09127923846244812
v -0.0167815200984478 0.024330578744411469 -0.089381545782089233
v 0.013563772663474083 0.0077039324678480625 -0.082497023046016693
v 0.013025371357798576 0.0065370257943868637 -0.084493823349475861
v -0.033060364425182343 0.014404317364096642 -0.034763313829898834
v -0.030813410878181458 0.023934431374073029 -0.032357733696699142
v -0.030675671994686127 0.026126887649297714 -0.032058089971542358
v -0.031408827751874924 0.025674754753708839 -0.033871069550514221
v 0.0049404371529817581 0.035309076309204102 -0.12858738005161285
v 0.010244144126772881 -0.035799998790025711 -0.082139045000076294
v 0.0075857699848711491 -0.035799998790025711 -0.081961445510387421
v 0.0081174895167350769 -0.035799998790025711 -0.084168128669261932
v 0.033419493585824966 0.026427796110510826 -0.047746174037456512
v 0.033236302435398102 0.028127681463956833 -0.049602515995502472
v -0.026493504643440247 -0.027960058301687241 -0.02428756095468998
v -0.027296297252178192 -0.025499565526843071 -0.0244340430945158
v 0.037708252668380737 -0.0037681765388697386 -0.020258611068129539
v -0.032010775059461594 -0.022455319762229919 -0.055354185402393341
v -0.027392487972974777 -0.015707565471529961 -0.064775489270687103
v 0.029006630182266235 0.032297573983669281 -0.049449969083070755
v 0.019732965156435966 -0.032299846410751343 -0.06686614453792572
v 0.022138418629765511 -0.03209536150097847 -0.067690335214138031
v 0.024023585021495819 0.03229999914765358 -0.057528570294380188
v 0.027171850204467773 0.03229895606637001 -0.057907722890377045
v 0.025216611102223396 0.032299984246492386 -0.060174513608217239
v -0.027143856510519981 0.032300312072038651 -0.037585169076919556
v -0.025930697098374367 0.03229999914765358 -0.040731173008680344
v 0.03339778259396553 -0.022686321288347244 -0.042991999536752701
v 0.032984167337417603 -0.022846508771181107 -0.039664570242166519
v -0.035848412662744522 -0.010593411512672901 -0.020147858187556267
v -0.035040445625782013 -0.012613206170499325 -0.01891840435564518
v -0.035967167466878891 -0.010588659904897213 -0.017053768038749695
v -0.034742094576358795 0.013337802141904831 -0.018112191930413246
v 0.029129344969987869 -0.02510426752269268 -0.028765222057700157
v 0.030199654400348663 -0.023311391472816467 -0.030919399112462997
v 0.02949812263250351 -0.022027818486094475 -0.028035612776875496
v -0.019443171098828316 -0.0093869799748063087 -0.07278655469417572
v 0.028369864448904991 -0.031341817229986191 -0.061507243663072586
v 0.025473183020949364 -0.032288406044244766 -0.061995573341846466
v 0.021494211629033089 -0.032299593091011047 -0.065151341259479523
v -0.012560164555907249 0.024620860815048218 -0.095376454293727875
v 0.0018282148521393538 -0.035799998790025711 -0.097381256520748138
v 0.00032014062162488699 -0.035799998790025711 -0.095385745167732239
v -0.00099248322658240795 -0.035799998790025711 -0.097205743193626404
v -0.012924257665872574 0.035800065845251083 -0.089966997504234314
v -0.013890817761421204 0.035750363022089005 -0.093538008630275726
v -0.015519412234425545 0.0353502556681633 -0.091607026755809784
v 0.011273383162915707 0.035799998790025711 -0.091821148991584778
v 0.010938209481537342 0.035799998790025711 -0.095319025218486786
v 0.0087097939103841782 0.035799998790025711 -0.099845722317695618
v 0.0064611835405230522 0.035799998790025711 -0.098729036748409271
v 0.0086008617654442787 0.035799998790025711 -0.096947163343429565
v 0.0037718797102570534 0.035799998790025711 -0.10267475247383118
v 0.0030228840187191963 0.035799998790025711 -0.10021781921386719
v 0.0047789076343178749 0.035799998790025711 -0.10026496648788452
v -0.034926600754261017 -0.013165725395083427 -0.016130378469824791
v -0.00044978701043874025 0.035799998790025711 -0.12032373994588852
v -0.0039429706521332264 0.035799998790025711 -0.12141811102628708
v -0.0027300447691231966 0.035799998790025711 -0.11868562549352646
v -0.0036845388822257519 0.035799998790025711 -0.12432162463665009
v -0.031369667500257492 0.021064823493361473 -0.033661413937807083
v -0.031598601490259171 0.023691799491643906 -0.034403767436742783
v 0.032313250005245209 -0.026349481195211411 -0.036691192537546158
v -0.033158410340547562 -0.027660727500915527 -0.040774054825305939
v 0.0094257574528455734 0.035672131925821304 -0.12099365890026093
v -0.0010197832016274333 0.035799998790025711 -0.12503576278686523
v -0.0016558438073843718 0.035799998790025711 -0.12281948328018188
v 0.0010088308481499553 0.035799998790025711 -0.12300512194633484
v 0.0060617164708673954 0.035799998790025711 -0.12099581956863403
v 0.0075243827886879444 0.03579980880022049 -0.11908342689275742
v 0.010085956193506718 0.033235102891921997 -0.12119846045970917
v 0.0029389902483671904 0.035799998790025711 -0.12080810219049454
v 0.0044253263622522354 0.035799998790025711 -0.12354475259780884
v 0.012286081910133362 0.035799998790025711 -0.11313535273075104
v 0.012031923048198223 0.034424386918544769 -0.11446158587932587
v 0.0099797490984201431 0.03228393942117691 -0.0089008752256631851
v 0.0096442913636565208 0.031570874154567719 -0.0066337683238089085
v -0.028937295079231262 0.022108348086476326 -0.025290120393037796
v -0.029923856258392334 0.020596984773874283 -0.027485935017466545
v -0.035302489995956421 -0.0029906595591455698 -0.05726362019777298
v -0.031861472874879837 0.018074441701173782 -0.020406899973750114
v -0.00096500106155872345 -0.035799998790025711 -0.12192218750715256
v -0.0028875183779746294 -0.035799998790025711 -0.12016655504703522
v -0.003894963301718235 -0.035799998790025711 -0.12215212732553482
v 0.011448074132204056 -0.035799890756607056 -0.10991157591342926
v 0.011397141963243484 -0.035799998790025711 -0.11557240784168243
v -0.034407090395689011 -0.01488209143280983 -0.010673820041120052
v -0.032484307885169983 -0.026575073599815369 -0.037344906479120255
v -0.031579345464706421 0.0078201843425631523 -0.059895973652601242
v -0.037803199142217636 -0.002983541926369071 -0.022351240739226341
v 0.017000000923871994 0.020022932440042496 -0.080845773220062256
v 0.017000000923871994 0.018381208181381226 -0.078587010502815247
v -0.017738945782184601 0.024949138984084129 -0.0054999999701976776
v -0.016075260937213898 0.026630302891135216 -0.0054999995045363903
v 0.037818286567926407 -0.0031169266439974308 -0.01487964391708374
v 0.037575330585241318 -0.0049302373081445694 -0.013523167930543423
v 0.037552937865257263 -0.0049364208243787289 -0.015816977247595787
v 0.025542333722114563 0.032299995422363281 -0.035090915858745575
v 0.025318015366792679 0.032300222665071487 -0.032260674983263016
v 0.035265818238258362 0.012750105001032352 -0.013058668933808804
v 0.035428676754236221 0.011954906396567822 -0.016813144087791443
v -0.035778876394033432 0.011400150135159492 -0.013931929133832455
v -0.036554120481014252 0.0090911230072379112 -0.014808191917836666
v -0.035009175539016724 0.013070155866444111 -0.015519636683166027
v -0.009660438634455204 -0.035799998790025711 -0.10700225085020065
v -0.011786491610109806 -0.035800185054540634 -0.10536570101976395
v -0.012398111633956432 -0.035782985389232635 -0.10747463256120682
v 0.0043772431090474129 -0.035799998790025711 -0.10672033578157425
v -0.0077888397499918938 -0.035799998790025711 -0.1050305962562561
v -0.0062946104444563389 -0.035799998790025711 -0.10731148719787598
v 0.012075758539140224 -0.035799913108348846 -0.10522106289863586
v 0.0096337767317891121 -0.035799998790025711 -0.10706745088100433
v 0.012565521523356438 -0.035799607634544373 -0.10755656659603119
v 0.0016657973174005747 -0.035799998790025711 -0.10538661479949951
v 0.0041089747101068497 -0.035799998790025711 -0.10369271785020828
v -0.012149456888437271 0.025592673569917679 -0.1010095477104187
v -0.0014919001841917634 -0.035799998790025711 -0.10191939026117325
v 0.016743963584303856 -0.013180774636566639 -0.0054999999701976776
v -0.011147611774504185 -0.035799998790025711 -0.094625458121299744
v -0.010371709242463112 -0.035799998790025711 -0.097680740058422089
v -0.013649219647049904 -0.035721536725759506 -0.09358871728181839
v -0.021562570706009865 -0.0058731306344270706 -0.078908562660217285
v -0.022078545764088631 -0.0023021986708045006 -0.078836746513843536
v -0.019668418914079666 -0.0032887016423046589 -0.079466916620731354
v -0.012695454061031342 -0.03579997643828392 -0.099870473146438599
v -0.011113452725112438 -0.022121286019682884 -0.11475392431020737
v -0.011352908797562122 -0.023729614913463593 -0.1121821403503418
v -0.011359904892742634 -0.020842205733060837 -0.11206894367933273
v -0.01280777994543314 -0.004320087842643261 -0.087438777089118958
v -0.013008853420615196 -0.0025171164888888597 -0.085593320429325104
v 0.01934400387108326 0.0030772455502301455 -0.0739450603723526
v -0.012757875956594944 -0.035800330340862274 -0.10279752314090729
v -0.0099397925660014153 -0.035799998790025711 -0.103948675096035
v -0.0021101098973304033 -0.035799998790025711 -0.094481952488422394
v -0.0037779940757900476 -0.035799998790025711 -0.096824541687965393
v -0.0012365322327241302 -0.035799998790025711 -0.1069827675819397
v -0.00051889580208808184 -0.035799998790025711 -0.10418692976236343
v -0.0101185142993927 -0.035799998790025711 -0.10107763856649399
v -0.0075613860972225666 -0.035799998790025711 -0.1026022657752037
v -0.0074258521199226379 -0.035799998790025711 -0.099719800055027008
v -0.014999999664723873 -0.034693174064159393 -0.095318831503391266
v -0.014187566004693508 -0.035799998790025711 -0.10571923106908798
v -0.014999999664723873 -0.03464130312204361 -0.1026582345366478
v -0.011273403652012348 0.032337088137865067 -0.11368352174758911
v -0.011307446286082268 0.029668543487787247 -0.1130516305565834
v -0.011544414795935154 0.031154105439782143 -0.11080410331487656
v -0.029758337885141373 -0.0054627540521323681 -0.064128704369068146
v 0.0079670725390315056 0.030105339363217354 -0.005673886276781559
v 0.0074401944875717163 0.032071676105260849 -0.0075744027271866798
v 0.0049749347381293774 0.030791237950325012 -0.0060202740132808685
v -0.035648494958877563 -0.012061596848070621 -0.010889928787946701
v -0.036496564745903015 -0.0097435899078845978 -0.0098298387601971626
v -0.036498866975307465 -0.0094989007338881493 -0.012369203381240368
v 0.032617721706628799 0.016566760838031769 -0.023012794554233551
v 0.017000360414385796 0.016110513359308243 -0.077760323882102966
v 0.032398395240306854 -0.023822113871574402 -0.037001244723796844
v 0.031806804239749908 -0.02216610312461853 -0.035004723817110062
v -0.023082587867975235 -0.03229999914765358 -0.059085331857204437
v -0.024391228333115578 -0.03229999914765358 -0.056995060294866562
v 0.012579178437590599 0.0041254376992583275 -0.088718235492706299
v 0.012431970797479153 0.0025426615029573441 -0.091086849570274353
v 0.012476881965994835 0.0047350991517305374 -0.090652674436569214
v -0.027063468471169472 -0.03229999914765358 -0.04518464207649231
v 0.023831570520997047 0.031837303191423416 -0.023572089150547981
v -0.0020826268009841442 -0.010208944790065289 -0.13009786605834961
v -0.018671233206987381 0.031900566071271896 -0.071281537413597107
v -0.020904459059238434 0.031828626990318298 -0.069640025496482849
v -0.018461398780345917 0.032280206680297852 -0.068949498236179352
v -0.00031021799077279866 0.01450758520513773 -0.13024483621120453
v -0.0012110229581594467 0.025149410590529442 -0.13018012046813965
v 0.00044863970833830535 0.022649982944130898 -0.13023877143859863
v 0.022633990272879601 -0.030486812815070152 -0.069759763777256012
v -0.0016714129596948624 -0.002787215868011117 -0.13013496994972229
v 0.03225281834602356 -0.0059742969460785389 -0.060545779764652252
v 0.030525881797075272 -0.007141665555536747 -0.0620872862637043
v -0.011433628387749195 0.035799641162157059 -0.11132870614528656
v -0.011444977484643459 0.035799998790025711 -0.11459668725728989
v -0.013865316286683083 0.03506971150636673 -0.11150993406772614
v 0.012256167829036713 -0.013712726533412933 -0.092150755226612091
v 0.023092750459909439 0.032295495271682739 -0.06488412618637085
v 0.021786272525787354 0.032228045165538788 -0.067135676741600037
v 0.019602976739406586 0.03229999914765358 -0.065039709210395813
v 0.033045131713151932 0.016591496765613556 -0.017386939376592636
v 0.034078225493431091 0.014047181233763695 -0.023193718865513802
v 0.033287014812231064 0.01509574893862009 -0.025618243962526321
v -0.01955781877040863 0.032300122082233429 -0.067013278603553772
v 0.0078191142529249191 -0.03229999914765358 -0.052985250949859619
v 0.0060210395604372025 -0.03229999914765358 -0.05451144278049469
v 0.0090049915015697479 -0.03229999914765358 -0.054734256118535995
v -0.0024174379650503397 -0.03229999914765358 -0.059380184859037399
v -0.0030960817821323872 -0.03229999914765358 -0.056021310389041901
v -0.0050546815618872643 -0.03229999914765358 -0.058931931853294373
v 0.0018971058307215571 -0.0061140628531575203 -0.13012230396270752
v -0.011894451454281807 -0.034052573144435883 -0.076136477291584015
v -0.0096221780404448509 -0.032915666699409485 -0.074884809553623199
v -0.012081105262041092 -0.032481987029314041 -0.073926642537117004
v 0.0012469677021726966 0.0033811766188591719 -0.13020804524421692
v -0.012599591165781021 -0.03229999914765358 -0.039727058261632919
v -0.010858143679797649 -0.03229999914765358 -0.041830476373434067
v -0.012380154803395271 -0.03229999914765358 -0.027832463383674622
v -0.010384012013673782 -0.03229999914765358 -0.030875910073518753
v -0.0093900058418512344 -0.03229999914765358 -0.027386274188756943
v 0.00062731927027925849 -0.00086175283649936318 -0.13023881614208221
v 0.00025103363441303372 0.0013255540980026126 -0.13024233281612396
v -0.010131574235856533 -0.031907506287097931 -0.12096171081066132
v -0.0013605621643364429 0.0028233106713742018 -0.13017924129962921
v -0.0012916397536173463 -0.02558232843875885 -0.13019834458827972
v -0.012286899611353874 -0.03229999914765358 -0.013419492170214653
v -0.01261857058852911 -0.03229999914765358 -0.01630186103284359
v -0.0083655882626771927 -0.03229999914765358 -0.018093986436724663
v -0.0080672828480601311 -0.03229999914765358 -0.020755305886268616
v -0.0058875763788819313 -0.03229999914765358 -0.019807031378149986
v 0.00012599729234352708 0.028020571917295456 -0.13024258613586426
v 0.0091952867805957794 -0.03229999914765358 -0.033330261707305908
v 0.0065021263435482979 -0.03229999914765358 -0.032210517674684525
v 0.006835870910435915 -0.03229999914765358 -0.035014703869819641
v 0.012377102859318256 -0.025604741647839546 -0.097735054790973663
v 0.01031335536390543 -0.03229999914765358 -0.048653129488229752
v 0.012281531468033791 -0.03229999914765358 -0.050179008394479752
v 0.010215933434665203 0.03229999914765358 -0.032186020165681839
v 0.0081796580925583839 0.03229999914765358 -0.030382135882973671
v 0.012087066657841206 0.03229999914765358 -0.014884418807923794
v 0.012545446865260601 0.03229999914765358 -0.017183322459459305
v 0.0018140042666345835 -0.03229999914765358 -0.032107200473546982
v 0.0042351959273219109 -0.03229999914765358 -0.031423311680555344
v 0.0029063646215945482 -0.03229999914765358 -0.029481276869773865
v 0.025976577773690224 -0.03229999914765358 -0.054160751402378082
v 0.011340423487126827 -0.03229999914765358 -0.025688834488391876
v 0.012632913887500763 -0.03229999914765358 -0.023329664021730423
v 0.0098982881754636765 -0.03229999914765358 -0.023194296285510063
v 0.037853430956602097 -0.0028107643593102694 -0.012706398963928223
v 0.037649206817150116 -0.0034960124175995588 -0.03494136780500412
v 0.037974461913108826 -0.0005064825527369976 -0.035638593137264252
v 0.033483795821666718 -0.027459200471639633 -0.044740621000528336
v 0.030364250764250755 0.020066773518919945 -0.028970316052436829
v 0.030601948499679565 0.02099490724503994 -0.031160257756710052
v 0.029690943658351898 0.022353092208504677 -0.029111757874488831
v -0.031852420419454575 -0.018060874193906784 -0.020607374608516693
v -0.033025719225406647 -0.016234274953603745 -0.020565781742334366
v -0.032130353152751923 -0.017333222553133965 -0.022899173200130463
v 0.032778367400169373 -0.02006533183157444 -0.038610003888607025
v 0.032447729259729385 -0.02166278101503849 -0.037185147404670715
v 0.030615398660302162 -0.019448714330792427 -0.029106222093105316
v 0.030243935063481331 -0.021268926560878754 -0.030094906687736511
v 0.02366369217634201 0.03229999914765358 -0.053029164671897888
v 0.025402313098311424 0.03229999914765358 -0.052232284098863602
v 0.025587422773241997 0.03229999914765358 -0.054857905954122543
v 0.033162776380777359 -0.016317365691065788 -0.017934976145625114
v 0.034134294837713242 -0.014734966680407524 -0.016551440581679344
v 0.0063622049055993557 0.035799998790025711 -0.11692486703395844
v 0.037988346070051193 -0.00028732488863170147 -0.037886667996644974
v 0.037857823073863983 0.002087354427203536 -0.037207737565040588
v 0.0019633511546999216 0.035799998790025711 -0.11826035380363464
v 0.0047526787966489792 0.035799998790025711 -0.11873582750558853
v 0.0046111508272588253 0.035799648612737656 -0.12642186880111694
v 0.0018315250054001808 0.035799998790025711 -0.12563483417034149
v -0.032096002250909805 0.025082718580961227 -0.035942528396844864
v -0.014478051103651524 0.035799998790025711 -0.10361248254776001
v -0.011381393298506737 0.03580000251531601 -0.10394702851772308
v -0.013381090015172958 0.035728465765714645 -0.10631341487169266
v 0.028038309887051582 -0.03229999914765358 -0.048352621495723724
v 0.024653516709804535 0.018938547000288963 -0.0055000106804072857
v 0.026961568742990494 0.018300240859389305 -0.0055000195279717445
v -0.021215895190834999 0.032299987971782684 -0.064630746841430664
v 0.028729608282446861 0.023587580770254135 -0.026923121884465218
v 0.029739860445261002 0.020875019952654839 -0.026890136301517487
v 0.014001211151480675 0.035514216870069504 -0.078165218234062195
v 0.013935969211161137 0.033877547830343246 -0.075950361788272858
v 0.016484025865793228 0.034687567502260208 -0.077301040291786194
v 0.034192454069852829 0.014351328834891319 -0.018770975992083549
v 0.032822281122207642 0.01664016954600811 -0.019981926307082176
v -0.026021134108304977 0.03229999914765358 -0.047825705260038376
v -0.025106843560934067 0.03229999914765358 -0.050034519284963608
v -2.3843760573072359e-05 0.03229999914765358 -0.047581415623426437
v -0.021394062787294388 0.011815151199698448 -0.0054999999701976776
v -0.031234100461006165 0.018101328983902931 -0.027066923677921295
v 0.0089027956128120422 0.027417030185461044 -0.0054999045096337795
v -0.033943969756364822 -0.014904948882758617 -0.018204983323812485
v -0.03228527307510376 -0.01778794452548027 -0.017585691064596176
v -0.01252405159175396 0.01134861633181572 -0.091020837426185608
v -0.030837370082736015 0.019025590270757675 -0.029649456962943077
v -0.030892301350831985 0.019926125183701515 -0.031476113945245743
v 0.035198431462049484 0.012225820682942867 -0.019301688298583031
v 0.03550231084227562 0.011364100500941277 -0.020817851647734642
v 0.034686513245105743 0.013130498118698597 -0.021015992388129234
v 0.028372049331665039 0.016727868467569351 -0.0055020106956362724
v -0.021618304774165154 0.0096943667158484459 -0.0054999999701976776
v -0.023434186354279518 0.011582820676267147 -0.0054999999701976776
v 0.037398498505353928 -0.0053136106580495834 -0.022935362532734871
v 0.0090065719559788704 0.0307485181838274 -0.12513844668865204
v -0.037970036268234253 -0.001097760396078229 -0.01632264256477356
v -0.037961859256029129 -0.0011657245922833681 -0.01938784122467041
v 0.029185054823756218 -0.032298736274242401 -0.043598636984825134
v 0.028337709605693817 -0.03229985386133194 -0.041415747255086899
v 0.029288232326507568 0.011884698644280434 -0.0054999999701976776
v 0.024308290332555771 -0.030792824923992157 -0.067819051444530487
v -0.026955068111419678 -0.032299429178237915 -0.057642139494419098
v -0.025282535701990128 -0.032300010323524475 -0.058984316885471344
v 0.031166767701506615 -0.0038780590984970331 -0.0054999999701976776
v -0.030759934335947037 -0.020313547924160957 -0.031295806169509888
v -0.029994895681738853 -0.022915678098797798 -0.030204173177480698
v 0.025554591789841652 0.030946768820285797 -0.066177807748317719
v 0.023715225979685783 0.031519722193479538 -0.067425668239593506
v -0.028390238061547279 0.032299984246492386 -0.047612417489290237
v -0.01303455512970686 -0.0098775103688240051 -0.086319796741008759
v -0.027685094624757767 0.032286971807479858 -0.058099392801523209
v 0.0070107653737068176 0.03229999914765358 -0.063909560441970825
v 0.0072462577372789383 0.03229999914765358 -0.061469495296478271
v -0.029455659911036491 -0.032091647386550903 -0.056107360869646072
v -0.026319945231080055 -0.03229999914765358 -0.05508948490023613
v -0.02851623110473156 -0.023495383560657501 -0.026130380108952522
v 0.033192701637744904 -0.015492578968405724 -0.024028094485402107
v 0.033021759241819382 -0.015431604348123074 -0.026465542614459991
v -0.02502412348985672 0.014371142722666264 -0.0054999999701976776
v 0.012145157903432846 0.027283918112516403 -0.10142067819833755
v 0.012124979868531227 0.029727743938565254 -0.10288793593645096
v 0.012430868111550808 0.029334986582398415 -0.099338173866271973
v 0.014961408451199532 0.027227550745010376 -0.092815257608890533
v 0.017000000923871994 0.027918143197894096 -0.092848360538482666
v -0.00841559749096632 0.035775564610958099 -0.11871971189975739
v -0.0094899935647845268 0.035434789955615997 -0.12220093607902527
v -0.016999991610646248 0.020853584632277489 -0.082246176898479462
v -0.01246139220893383 -0.025092627853155136 -0.096505194902420044
v 0.037939541041851044 -0.0015609904658049345 -0.016083605587482452
v 0.037775531411170959 -0.0033647611271589994 -0.017258366569876671
v -0.0169830322265625 0.03229999914765358 -0.062352340668439865
v -0.015827417373657227 0.03229999914765358 -0.064355567097663879
v -0.018267164006829262 0.03229999914765358 -0.064594864845275879
v -0.034764837473630905 -0.013841946609318256 -0.013304343447089195
v -0.020449478179216385 -0.03221665695309639 -0.068536244332790375
v -0.019745353609323502 -0.031319979578256607 -0.071520857512950897
v -0.031986381858587265 0.017307542264461517 -0.024623211473226547
v -0.032552435994148254 0.016152128577232361 -0.02659098245203495
v -0.033482193946838379 0.014909983612596989 -0.024721024557948112
v -0.013843071646988392 0.031555298715829849 -0.095191434025764465
v -0.033132858574390411 0.027306148782372475 -0.040594868361949921
v 0.012589365243911743 0.0011028350563719869 -0.088601358234882355
v -0.021884217858314514 -0.032283548265695572 -0.066016204655170441
v -0.032377619296312332 0.020299021154642105 -0.036926545202732086
v 0.011754077859222889 0.0033463658764958382 -0.1054782047867775
v 0.011764991097152233 0.00064913358073681593 -0.10518107563257217
v 0.032601110637187958 0.024028003215789795 -0.037817981094121933
v 0.033022299408912659 0.026339393109083176 -0.039891984313726425
v -0.031937345862388611 0.027101617306470871 -0.035413544625043869
v -0.032925259321928024 0.016204768791794777 -0.022001875564455986
v 0.013360428623855114 0.035799998790025711 -0.10993938148021698
v 0.012757198885083199 0.034538384526968002 -0.11083145439624786
v 0.011623925529420376 0.033964306116104126 -0.11095133423805237
v 0.01470778975635767 0.025517545640468597 -0.09119907021522522
v 0.0098483692854642868 0.030274258926510811 -0.12249650806188583
v 0.016456965357065201 0.023751631379127502 -0.089451633393764496
v -0.0017095276853069663 -0.035799995064735413 -0.12721088528633118
v -0.0027657642494887114 -0.035799998790025711 -0.12459016591310501
v -0.011733575724065304 0.028935831040143967 -0.10821197926998138
v -0.010990593582391739 0.033178098499774933 -0.11589822173118591
v -0.013395422138273716 -0.030669735744595528 -0.095458172261714935
v 0.013146304525434971 0.03229999914765358 -0.054757483303546906
v 0.015051377005875111 0.03229999914765358 -0.057069338858127594
v 0.017442677170038223 0.03229999914765358 -0.049971941858530045
v -0.017000000923871994 0.019066380336880684 -0.080020114779472351
v -0.012555326335132122 0.03229999914765358 -0.068555735051631927
v -0.015228020027279854 0.03229999914765358 -0.046818435192108154
v -0.012358730658888817 0.03229999914765358 -0.046893857419490814
v -0.014066982083022594 0.03229999914765358 -0.049109525978565216
v -0.022780194878578186 0.015714839100837708 -0.070049062371253967
v -0.021081948652863503 0.01467315386980772 -0.071525052189826965
v -0.013307072222232819 0.03229999914765358 -0.014795601367950439
v -0.019216755405068398 0.032301638275384903 -0.020013991743326187
v -0.018425717949867249 0.03229999914765358 -0.02249995619058609
v 0.008790292777121067 -0.035664591938257217 -0.12435346096754074
v -0.012468916364014149 -0.032285880297422409 -0.1011420413851738
v -0.012075617909431458 -0.031023727729916573 -0.10393188148736954
v 0.017002111300826073 -0.013688933104276657 -0.076529234647750854
v -0.017625415697693825 -0.03229999914765358 -0.029273452237248421
v 0.028079964220523834 0.032299872487783432 -0.052663687616586685
v 0.0126462047919631 -0.0066016796045005322 -0.088700488209724426
v 0.012927932664752007 -0.0060291998088359833 -0.086565323173999786
v 0.031906284391880035 -0.017665768042206764 -0.022926820442080498
v 0.031131619587540627 -0.0230878796428442 -0.033130824565887451
v 0.036304153501987457 -0.010011002421379089 -0.013180909678339958
v -0.03786468505859375 -0.0020389251876622438 -0.033329840749502182
v 0.01560578215867281 -0.032306797802448273 -0.07231457531452179
v -0.0018410789780318737 0.027934262529015541 -0.0055001387372612953
v -0.0047685476019978523 0.027946105226874352 -0.0054997550323605537
v 0.013528157956898212 0.023781202733516693 -0.089481204748153687
v 0.037943474948406219 -0.0012972097611054778 -0.027694506570696831
v -0.033415611833333969 -0.015214315615594387 -0.023280685767531395
v 0.037827380001544952 -0.0023028762079775333 -0.037544447928667068
v 0.037592079490423203 -0.0033985835034400225 -0.043176453560590744
v 0.037939734756946564 -0.0011040800018236041 -0.041547030210494995
v -0.012645721435546875 0.0071743563748896122 -0.087884321808815002
v -0.035083059221506119 0.0016568411374464631 -0.058398228138685226
v -0.034908145666122437 -0.0010261997813358903 -0.058854039758443832
v -0.0078531401231884956 0.010840218514204025 -0.12696146965026855
v -0.0011017922079190612 0.03229999914765358 -0.042481251060962677
v -0.0034327709581702948 0.03229999914765358 -0.042258281260728836
v -0.0018856938695535064 0.03229999914765358 -0.040156129747629166
v 0.0061054416000843048 -0.025699546560645103 -0.12861444056034088
v -0.0023332049604505301 -0.023056713864207268 -0.13005872070789337
v -0.0027062785811722279 -0.027517873793840408 -0.1299833357334137
v -0.00043315981747582555 -0.028094444423913956 -0.13025921583175659
v 0.035393219441175461 -0.0053625870496034622 -0.054843433201313019
v 0.01170610636472702 -0.034147255122661591 -0.11003094911575317
v -0.014122729189693928 0.034336008131504059 -0.10434506088495255
v -0.014074914157390594 0.034299999475479126 -0.10279353708028793
v 0.031020928174257278 -0.020382197573781013 -0.032314594835042953
v 0.03374771773815155 0.0023688820656388998 -0.060432273894548416
v 0.032946843653917313 0.0046637831255793571 -0.060473665595054626
v 0.021522706374526024 0.017309295013546944 -0.07116042822599411
v 0.019828403368592262 0.019510172307491302 -0.072494857013225555
v 0.023018145933747292 0.015081858262419701 -0.069822005927562714
v 0.012205909937620163 -0.011349916458129883 -0.092780299484729767
v -0.027767213061451912 0.0058699334040284157 -0.0054999999701976776
v -0.025832787156105042 0.0037641904782503843 -0.0054999999701976776
v -0.00020259778830222785 -0.035497792065143585 -0.1294916570186615
v -0.0049663255922496319 0.0065821129828691483 -0.1292402595281601
v -0.036455661058425903 -0.009402252733707428 -0.014828500337898731
v -0.035757996141910553 -0.011439032852649689 -0.014089024625718594
v -0.013554205186665058 -0.004972090944647789 -0.081261508166790009
v 0.016996964812278748 -0.013648879714310169 -0.079699799418449402
v -0.0086491378024220467 0.03229999914765358 -0.026257630437612534
v -0.010813812725245953 0.03229999914765358 -0.027579173445701599
v -0.011230935342609882 0.03229999914765358 -0.024771200492978096
v -0.014743581414222717 0.034822180867195129 -0.10837894678115845
v -0.012777573429048061 0.035799998790025711 -0.10960288345813751
v 0.035184398293495178 0.0016863986384123564 -0.058198641985654831
v -0.0087838014587759972 0.035799998790025711 -0.11082569509744644
v -0.0096273738890886307 0.035799998790025711 -0.11306808143854141
v -0.012929798103868961 0.035803306847810745 -0.096169553697109222
v 0.019828878343105316 0.032280582934617996 -0.068484552204608917
v 0.022333236411213875 0.031090995296835899 -0.069548673927783966
v -0.034089013934135437 0.014369895681738853 -0.020403329282999039
v 0.02283208817243576 0.03229999914765358 -0.059547927230596542
v 0.020928708836436272 0.03229999914765358 -0.060620889067649841
v -0.037980936467647552 -0.000406861916417256 -0.040335886180400848
v -0.037869852036237717 -0.0018160601612180471 -0.042867351323366165
v -0.037660025060176849 -0.0031425582710653543 -0.040455341339111328
v 0.018572965636849403 0.03229999914765358 -0.052120484411716461
v -0.012333233840763569 -0.028763057664036751 -0.099961765110492706
v -0.01205094438046217 -0.027511842548847198 -0.10230259597301483
v -0.012155415490269661 -0.029564490541815758 -0.10232720524072647
v -0.017003213986754417 -0.015245242975652218 -0.078274764120578766
v -0.029070122167468071 -0.021990716457366943 -0.018917717039585114
v -0.027479974552989006 -0.023799506947398186 -0.019660202786326408
v -0.027820698916912079 -0.0072954515926539898 -0.065246827900409698
v 0.032122813165187836 0.018196778371930122 -0.016226930543780327
v 0.031881287693977356 0.01886349730193615 -0.013697752729058266
v 0.0045778723433613777 -0.0067369681783020496 -0.12940321862697601
v -0.029335984960198402 -0.029271654784679413 -0.029493432492017746
v -0.030520662665367126 -0.028798654675483704 -0.031691893935203552
v 0.033715281635522842 0.014957203529775143 -0.021193644031882286
v -0.0070783887058496475 0.025301909074187279 -0.12777614593505859
v -0.037875711917877197 -0.0018140010070055723 -0.03786681592464447
v -0.029941510409116745 0.021013747900724411 -0.018095437437295914
v -0.027994010597467422 0.023334916681051254 -0.01805630698800087
v 0.033804837614297867 0.013840512372553349 -0.028505757451057434
v 0.012728523463010788 0.015020390041172504 -0.088385425508022308
v -0.037689164280891418 -0.0032364542130380869 -0.035569574683904648
v 0.0047968458384275436 -0.027435313910245895 -0.12930992245674133
v 0.037857387214899063 -0.0023291273973882198 -0.029670467600226402
v 0.037723764777183533 -0.0033336917404085398 -0.027534754946827888
v -0.037988580763339996 0.00040849391371011734 -0.013115420937538147
v -0.037940062582492828 0.001685210969299078 -0.015644388273358345
v -0.033512607216835022 -0.013948765583336353 -0.046583123505115509
v -0.033586457371711731 -0.013688798062503338 -0.043797962367534637
v -0.033462285995483398 -0.020128624513745308 -0.0440843366086483
v -0.033480018377304077 -0.021752757951617241 -0.046450924128293991
v -0.033879589289426804 -0.014025041833519936 -0.026202501729130745
v -0.034693975001573563 -0.012315559200942516 -0.027686027809977531
v -0.033926375210285187 -0.013581094332039356 -0.028807971626520157
v 0.0048303003422915936 0.0087085356935858727 -0.1292942613363266
v -0.035605713725090027 -0.010380172170698643 -0.027750473469495773
v -0.03514423593878746 -0.011646831408143044 -0.025546658784151077
v -0.036239515990018845 -0.0090810349211096764 -0.025077836588025093
v -0.036419179290533066 -0.0083777587860822678 -0.027549747377634048
v -0.037476431578397751 -0.0047936388291418552 -0.025749506428837776
v -0.037033379077911377 -0.0064256815239787102 -0.028180422261357307
v -0.032906424254179001 -0.019087648019194603 -0.039254661649465561
v -0.032552812248468399 -0.016889248043298721 -0.037058465182781219
v -0.0092001417651772499 0.003650556318461895 -0.12461918592453003
v -0.0064792763441801071 -0.03229999914765358 -0.043681815266609192
v -0.0037107332609593868 -0.03229999914765358 -0.042028170078992844
v -0.0074061984196305275 -0.03229999914765358 -0.041097383946180344
v -0.033685993403196335 -0.013287357985973358 -0.034026686102151871
v -0.032574355602264404 -0.015523461624979973 -0.034102991223335266
v -0.037357371300458908 -0.0045737260952591896 -0.038151349872350693
v -0.0083123259246349335 0.035799998790025711 -0.10303977131843567
v -0.010003880597651005 0.035799998790025711 -0.10073830932378769
v -0.007195659913122654 0.035799998790025711 -0.10005606710910797
v -0.03664596751332283 -0.0084486212581396103 -0.018884068354964256
v -0.037256393581628799 -0.0061011640354990959 -0.020441465079784393
v -0.037254780530929565 -0.0063143274746835232 -0.017320523038506508
v -0.037735514342784882 -0.0036544424947351217 -0.018538746982812881
v 0.00050189427565783262 -0.03229999914765358 -0.06370987743139267
v -0.0018155699362978339 -0.03229999914765358 -0.06195477768778801
v -0.0026808592956513166 -0.03229999914765358 -0.064516186714172363
v 0.0022677348461002111 -0.03229999914765358 -0.05858321487903595
v 8.2939477579202503e-05 -0.03229999914765358 -0.06029360368847847
v 0.0020783173386007547 -0.03229999914765358 -0.061072256416082382
v -0.03295496478676796 -0.025967249646782875 -0.039518702775239944
v 0.011448044329881668 -0.03577413409948349 -0.079119406640529633
v 0.009509536437690258 -0.034923862665891647 -0.077092736959457397
v 0.0084732621908187866 -0.035799812525510788 -0.079688571393489838
v -0.036113742738962173 -0.0089019341394305229 -0.030468832701444626
v -0.034804575145244598 -0.011821519583463669 -0.029833151027560234
v -0.0069500594399869442 -0.035148937255144119 -0.077410750091075897
v -0.0091030774638056755 -0.035614807158708572 -0.078482575714588165
v -0.0076176011934876442 -0.035801511257886887 -0.080064229667186737
v -0.035605151206254959 -0.010899332351982594 -0.022903908044099808
v -0.0345878005027771 -0.013040298596024513 -0.023361204192042351
v -0.033389639109373093 -0.015971813350915909 -0.042747016996145248
v -0.033486772328615189 -0.01375905517488718 -0.040861420333385468
v -0.036982052028179169 -0.005683408584445715 -0.040709428489208221
v -0.037308104336261749 -0.0044776452705264091 -0.042956110090017319
v 0.0037868469953536987 0.034509181976318359 -0.076597653329372406
v 0.0061309300363063812 0.034362774342298508 -0.076445221900939941
v 0.0050333770923316479 0.035751625895500183 -0.079109333455562592
v -0.037116844207048416 -0.00645854277536273 -0.023615242913365364
v -0.034120529890060425 -0.01140039786696434 -0.045282222330570221
v -0.0305620227009058 -0.020289052277803421 -0.017359720543026924
v -0.030492495745420456 0.020010221749544144 -0.020338689908385277
v -0.029079729691147804 0.021842790767550468 -0.020014341920614243
v -0.031602077186107635 0.019478984177112579 -0.012081152759492397
v -0.033031739294528961 0.017391802743077278 -0.010644439607858658
v -0.033470503985881805 -0.019157981500029564 -0.046696174889802933
v -0.037210248410701752 -0.0055975322611629963 -0.030766267329454422
v -0.032747950404882431 -0.021745959296822548 -0.038471411913633347
v -0.031178530305624008 0.028211204335093498 -0.033260155469179153
v -0.034307945519685745 -0.011458896100521088 -0.040044158697128296
v -0.036192465573549271 -0.0076636760495603085 -0.041278243064880371
v -0.036364883184432983 -0.0075034080073237419 -0.038650162518024445
v -0.036733239889144897 -0.0083752544596791267 -0.016453325748443604
v -0.034635894000530243 -0.011405293829739094 -0.035559266805648804
v -0.035682119429111481 -0.0095706414431333542 -0.033565059304237366
v -0.035982411354780197 -0.0086778057739138603 -0.035845868289470673
v -0.036507796496152878 -0.0086165778338909149 -0.021859806030988693
v -0.032722823321819305 -0.015595119446516037 -0.028616061434149742
v -0.033442061394453049 -0.014038407243788242 -0.031379323452711105
v -0.03184591606259346 -0.016973298043012619 -0.031319223344326019
v -0.031783781945705414 -0.018402112647891045 -0.034128535538911819
v -0.037682712078094482 -0.004156933631747961 -0.015387500636279583
v -0.037656586617231369 -0.0044604069553315639 -0.012264740653336048
v -0.037131872028112411 -0.0070724845863878727 -0.014154206961393356
v 0.030778516083955765 -0.020538337528705597 -0.012776869349181652
v 0.031499557197093964 -0.019255723804235458 -0.015144014731049538
v 0.033459711819887161 -0.020014144480228424 -0.044010419398546219
v 0.033488571643829346 -0.022085096687078476 -0.04605427011847496
v 0.033473879098892212 -0.017431622371077538 -0.044371698051691055
v 0.03345266729593277 -0.019035408273339272 -0.047176584601402283
v 0.030820839107036591 0.020054586231708527 -0.016404649242758751
v 0.029880942776799202 0.021556133404374123 -0.014052039943635464
v 0.034458033740520477 -0.010522468946874142 -0.045737069100141525
v 0.030261533334851265 -0.026403689756989479 -0.031153393909335136
v 0.034224711358547211 -0.013513864949345589 -0.025197168812155724
v 0.036263834685087204 -0.0090598501265048981 -0.024637153372168541
v 0.036463651806116104 -0.0082653509452939034 -0.027420639991760254
v 0.037013087421655655 -0.0067121200263500214 -0.025148671120405197
v 0.035245958715677261 -0.010415695607662201 -0.034147012978792191
v 0.034698400646448135 -0.011212681420147419 -0.036235447973012924
v 0.036044593900442123 -0.0088484920561313629 -0.032646894454956055
v 0.036078698933124542 -0.0084576988592743874 -0.035776533186435699
v 0.036955077201128006 -0.0062735546380281448 -0.033640675246715546
v 0.03661644458770752 -0.0085474643856287003 -0.018781207501888275
v 0.037017822265625 -0.0074196602217853069 -0.015440632589161396
v 0.0368516705930233 -0.0057610245421528816 -0.044710535556077957
v 0.03684336319565773 -0.0060080145485699177 -0.041907235980033875
v 0.036084312945604324 -0.0076819621026515961 -0.043501835316419601
v 0.035782545804977417 -0.0085188746452331543 -0.041292876005172729
v 0.033894434571266174 -0.012433684431016445 -0.038768615573644638
v 0.034483734518289566 -0.011002976447343826 -0.04126465693116188
v 0.035311255604028702 -0.0097562987357378006 -0.038693897426128387
v 0.03503815084695816 -0.009678293950855732 -0.043596960604190826
v 0.033302202820777893 -0.014418256469070911 -0.030333572998642921
v 0.033993329852819443 -0.013039736077189445 -0.031855713576078415
v 0.034579183906316757 -0.012265483848750591 -0.029817258939146996
v 0.032998770475387573 -0.015522921457886696 -0.03886282816529274
v 0.032632939517498016 -0.01793740876019001 -0.037837795913219452
v 0.033058058470487595 -0.018126819282770157 -0.040099397301673889
v 0.033501554280519485 -0.014728518202900887 -0.044181890785694122
v 0.033297374844551086 -0.016341304406523705 -0.041860155761241913
v 0.037559792399406433 -0.0040699564851820469 -0.031737513840198517
v 0.037355359643697739 -0.0058070765808224678 -0.018046027049422264
v 0.037105333060026169 -0.0066938004456460476 -0.020797485485672951
v 0.034314949065446854 -0.013691555708646774 -0.022340919822454453
v 0.03389662504196167 -0.013758818618953228 -0.027896910905838013
v 0.035285040736198425 -0.011192389763891697 -0.026912938803434372
v 0.033225316554307938 -0.020367154851555824 -0.041255258023738861
v 0.032077871263027191 -0.019464803859591484 -0.035775762051343918
v -0.01386568509042263 -0.0045263548381626606 -0.079499997198581696
v 0.035466436296701431 -0.011545106768608093 -0.020014364272356033
v 0.011738675646483898 0.0057568210177123547 -0.10591147094964981
v 0.035364575684070587 -0.0113871144130826 -0.023488201200962067
v 0.036334231495857239 -0.0091410009190440178 -0.021788066253066063
v 0.03182225301861763 -0.016990432515740395 -0.030689915642142296
v 0.031853042542934418 -0.017602460458874702 -0.033582385629415512
v 0.032450918108224869 -0.016497710719704628 -0.035899277776479721
v 0.037972733378410339 -0.001101850182749331 -0.01394945289939642
v -0.028512870892882347 -0.032296106219291687 -0.052677866071462631
v 0.011789348907768726 0.018197586759924889 -0.10512660443782806
v 0.01151056494563818 -0.0044551203027367592 -0.11017177253961563
v -0.037982035428285599 -0.00049400859279558063 -0.035170618444681168
v -0.0052338512614369392 0.032178126275539398 -0.0080465208739042282
v 0.011905884370207787 0.03229999914765358 -0.045134343206882477
v 0.011623730883002281 0.03229999914765358 -0.047947339713573456
v 0.0093155717477202415 0.03229999914765358 -0.047176990658044815
v 0.0077589484862983227 -0.03229999914765358 -0.044764835387468338
v 0.0044991024769842625 -0.03229999914765358 -0.044689685106277466
v 0.0059856385923922062 -0.03229999914765358 -0.047591835260391235
v 0.034860718995332718 0.0045523121953010559 -0.0057839974761009216
v 0.003775634802877903 0.03229999914765358 -0.029499644413590431
v 0.0011836545309051871 0.03229999914765358 -0.029291994869709015
v 0.0027490018401294947 0.03229999914765358 -0.026742981746792793
v -0.0055016237311065197 0.03229999914765358 -0.011614416725933552
v -0.0079900762066245079 0.03229999914765358 -0.012030651792883873
v -0.0079266596585512161 0.032297153025865555 -0.0097115440294146538
v -0.0082365861162543297 0.031823832541704178 -0.0069954623468220234
v -0.010803952813148499 0.031207416206598282 -0.0062489816918969154
v -0.0087423250079154968 0.029741955921053886 -0.0055741495452821255
v 0.026236847043037415 0.03229999914765358 -0.050049740821123123
v 0.0076071596704423428 0.032299995422363281 -0.010752392001450062
v 0.036390829831361771 0.0093862069770693779 -0.017111368477344513
v 0.013235553167760372 -0.03162364661693573 -0.0067288847640156746
v 0.012309718877077103 -0.032288257032632828 -0.0091506093740463257
v 0.0033208318054676056 -0.032299987971782684 -0.010359841398894787
v 0.0058070747181773186 -0.032299995422363281 -0.011152998544275761
v 0.0051588364876806736 -0.032273735851049423 -0.0085394717752933502
v -0.0048618759028613567 -0.035799998790025711 -0.09013008326292038
v -0.018860669806599617 -0.03229999914765358 -0.036990202963352203
v -0.0017684689955785871 -0.03229999914765358 -0.024847762659192085
v -0.0039027642924338579 -0.03229999914765358 -0.027277341112494469
v -0.0014589391648769379 -0.03229999914765358 -0.027695668861269951
v 0.0033534241374582052 -0.03229999914765358 -0.025021078065037727
v 0.0012398927938193083 -0.03229999914765358 -0.023667186498641968
v 0.0012390015181154013 -0.03229999914765358 -0.026801683008670807
v 0.031758099794387817 0.018493704497814178 -0.018379630520939827
v 0.030169865116477013 0.020593253895640373 -0.019102748483419418
v 0.0085637997835874557 -0.03229999914765358 -0.025345895439386368
v 0.0058030993677675724 -0.03229999914765358 -0.025057448074221611
v 0.0071922065690159798 -0.03229999914765358 -0.027533644810318947
v -0.0012451109942048788 0.03229999914765358 -0.023674134165048599
v -0.00013024771760683507 0.03229999914765358 -0.026540100574493408
v -0.0033654756844043732 0.03229999914765358 -0.026364000514149666
v 0.0059674880467355251 -0.03229999914765358 -0.042060621082782745
v 0.0025320257991552353 -0.03229999914765358 -0.041930995881557465
v 0.0090315071865916252 -0.03229999914765358 -0.04172288253903389
v 0.01174516137689352 -0.03229999914765358 -0.042641222476959229
v 0.010141101665794849 -0.03229999914765358 -0.044023670256137848
v -0.008668496273458004 0.035799998790025711 -0.086933381855487823
v -0.0094489399343729019 0.035799998790025711 -0.090317204594612122
v -0.010667587630450726 0.035799998790025711 -0.088530302047729492
v 0.011874438263475895 -0.03229999914765358 -0.044867616146802902
v 0.014252288267016411 -0.03229999914765358 -0.044143781065940857
v 0.0060251085087656975 0.035799998790025711 -0.090536713600158691
v 0.0054224133491516113 0.035799998790025711 -0.087355472147464752
v 0.0075944801792502403 0.035799998790025711 -0.088774874806404114
v 0.00179651053622365 0.03229999914765358 -0.04525284469127655
v 0.0030900402925908566 0.03229999914765358 -0.043551258742809296
v 0.0038369805552065372 0.03229999914765358 -0.045250799506902695
v 0.011074242182075977 0.03229999914765358 -0.041593417525291443
v 0.0083796428516507149 0.03229999914765358 -0.043606024235486984
v 0.029929865151643753 -0.021366819739341736 -0.015172809362411499
v 0.030592361465096474 -0.020292595028877258 -0.016950765624642372
v -0.009042026475071907 0.027267377823591232 -0.0054997997358441353
v -0.0070783505216240883 0.028164124116301537 -0.0054987985640764236
v -0.023632409051060677 -0.028061991557478905 -0.011531946249306202
v 0.027680391445755959 0.024656228721141815 -0.024593416601419449
v 0.0011044892016798258 -0.03229999914765358 -0.017950354143977165
v 0.0036893535871058702 -0.03229999914765358 -0.019334344193339348
v 0.003622397081926465 -0.03229999914765358 -0.016532827168703079
v -0.001844172365963459 -0.03229999914765358 -0.01649785228073597
v -0.0035427848342806101 -0.03229999914765358 -0.01892312616109848
v -0.0012301912065595388 -0.03229999914765358 -0.019672881811857224
v -0.0025565712712705135 0.03229999914765358 -0.01772153377532959
v -0.00032654072856530547 0.03229999914765358 -0.019280284643173218
v -0.0096407588571310043 0.03229999914765358 -0.018057228997349739
v -0.010873348452150822 0.03229999914765358 -0.015491856262087822
v -0.0086583523079752922 0.03229999914765358 -0.015808621421456337
v 0.0028794135432690382 0.010616347193717957 -0.0054999999701976776
v 0.0056642335839569569 0.010169703513383865 -0.0054999999701976776
v 0.0045408862642943859 0.013549766503274441 -0.0054999999701976776
v 0.011473477818071842 -0.03229999914765358 -0.015646593645215034
v 0.0086451377719640732 -0.03229999914765358 -0.014680159278213978
v 0.0087876049801707268 -0.03229999914765358 -0.018104858696460724
v 0.011500084772706032 -0.03229999914765358 -0.034474991261959076
v 0.0096939327195286751 -0.03229999914765358 -0.036555517464876175
v 0.004331657662987709 -0.03229999914765358 -0.036650888621807098
v 0.0069749434478580952 -0.03229999914765358 -0.037758830934762955
v -0.0016261393902823329 -0.03229999914765358 -0.032829027622938156
v -0.0025791600346565247 -0.03229999914765358 -0.036401126533746719
v 0.0011014456395059824 -0.03229999914765358 -0.035463154315948486
v 0.004159221425652504 -0.03229999914765358 -0.0337824746966362
v 0.007010431494563818 0.03229999914765358 -0.015890203416347504
v 0.0083820978179574013 0.03229999914765358 -0.018903620541095734
v 0.0055277501232922077 0.03229999914765358 -0.01848505437374115
v 0.010157741606235504 0.03229999914765358 -0.016675753518939018
v 0.01152200810611248 0.03229999914765358 -0.01953967846930027
v -0.017985975369811058 0.03229999914765358 -0.040824096649885178
v -0.018697967752814293 0.03229999914765358 -0.044058643281459808
v -0.020890170708298683 0.03229999914765358 -0.042054757475852966
v -0.0014508697204291821 0.03229999914765358 -0.034555181860923767
v -0.00017540865519549698 0.03229999914765358 -0.031928345561027527
v 0.011441982351243496 0.03229999914765358 -0.034525919705629349
v 0.011867455206811428 0.03229999914765358 -0.036761801689863205
v 0.005061617586761713 0.03229999914765358 -0.038000129163265228
v 0.006394638679921627 -0.03229999914765358 -0.051094759255647659
v 0.010434596799314022 0.03229999914765358 -0.050209030508995056
v 0.012490972876548767 0.03229999914765358 -0.05198296532034874
v 0.010461533442139626 0.03229999914765358 -0.05324096605181694
v 0.013319823890924454 -0.03229999914765358 -0.059621769934892654
v 0.010253106243908405 -0.03229999914765358 -0.060048628598451614
v 0.011943950317800045 -0.03229999914765358 -0.062294453382492065
v 0.014044956304132938 -0.03229999914765358 -0.062265120446681976
v 0.015914710238575935 -0.03229999914765358 -0.061230089515447617
v 0.012924768030643463 0.03229999914765358 -0.027066348120570183
v 0.013455768115818501 0.03229999914765358 -0.024177474901080132
v 0.0058728083968162537 -0.00010739552089944482 -0.0054999999701976776
v 0.0043878592550754547 0.0023571271449327469 -0.0054999999701976776
v -0.010028465650975704 5.5163262004498392e-05 -0.0054999999701976776
v -0.011219496838748455 0.0022180494852364063 -0.0054999999701976776
v 0.0066157784312963486 -0.03229999914765358 -0.013347768224775791
v 0.0062109981663525105 -0.03229999914765358 -0.015675082802772522
v -0.010257613845169544 -0.032299991697072983 -0.010811366140842438
v -0.010716445744037628 -0.032192148268222809 -0.0080074761062860489
v 0.010202564299106598 0.03229999914765358 -0.011261908337473869
v 0.0093501545488834381 0.03229999914765358 -0.013615554198622704
v 0.0067479480057954788 0.03229999914765358 -0.013246407732367516
v -0.0032236343249678612 0.0054510021582245827 -0.0054999999701976776
v 1.8989265299751423e-05 0.0052451086230576038 -0.0054999999701976776
v 0.0049883960746228695 0.03229999914765358 -0.01415442768484354
v 0.0039933859370648861 0.03229999914765358 -0.016186051070690155
v 0.0048941699787974358 0.032262925058603287 -0.0089184362441301346
v -0.0093756010755896568 0.03229999914765358 -0.013586581684648991
v -0.011622671969234943 0.03229999914765358 -0.012986590154469013
v -0.0099953338503837585 0.03229999914765358 -0.011205306276679039
v 0.013845283538103104 0.0048508858308196068 -0.0054999999701976776
v 0.016149139031767845 0.0052619497291743755 -0.0054999999701976776
v 0.014886777848005295 0.0072677736170589924 -0.0054999999701976776
v 0.020108338445425034 0.022382820025086403 -0.0054999999701976776
v 0.016996227204799652 0.021317996084690094 -0.0054999999701976776
v 0.019717730581760406 0.019060077145695686 -0.0054999999701976776
v 0.0041280928999185562 -0.03229999914765358 -0.022432455793023109
v -0.0028693675994873047 -0.03229999914765358 -0.029836917296051979
v 0.0051900357939302921 0.03229999914765358 -0.043445568531751633
v 0.0060136821120977402 0.03229999914765358 -0.046602275222539902
v 0.0087646860629320145 0.03229999914765358 -0.040566354990005493
v 0.0064186509698629379 0.03229999914765358 -0.040784172713756561
v 0.012773210182785988 0.03229999914765358 -0.039360962808132172
v -0.0012320451205596328 -0.03229999914765358 -0.013197498396039009
v 0.0012354900827631354 -0.03229999914765358 -0.011934780515730381
v -0.0062108170241117477 0.03229999914765358 -0.021472331136465073
v -0.0041774427518248558 0.03229999914765358 -0.020129192620515823
v -0.0038356566801667213 0.03229999914765358 -0.022849144414067268
v -0.008335186168551445 0.03229999914765358 -0.020312966778874397
v -0.0027912443038076162 0.032299894839525223 -0.010144638828933239
v -0.00024202805070672184 0.032272640615701675 -0.0088952314108610153
v -0.0029412053991109133 0.03229999914765358 -0.012631846591830254
v -0.0063477931544184685 0.03229999914765358 -0.027849471196532249
v -0.0066865775734186172 0.03229999914765358 -0.030507134273648262
v -0.0090561620891094208 0.03229999914765358 -0.029565976932644844
v 0.00084100669482722878 0.03229999914765358 -0.069781854748725891
v -0.0015552847180515528 0.03229999914765358 -0.068608619272708893
v 0.0012693696189671755 0.03229999914765358 -0.067172303795814514
v 0.012196395546197891 -0.03229999914765358 -0.013419796712696552
v 0.010385340079665184 -0.03229999914765358 -0.013429875485599041
v 0.0076145795173943043 0.03230002149939537 -0.071526549756526947
v 0.0093737328425049782 0.032458305358886719 -0.073798991739749908
v 0.0068697473034262657 0.032635930925607681 -0.074345231056213379
v 0.0086398730054497719 -0.03229999914765358 -0.021070530638098717
v 0.011022143065929413 -0.03229999914765358 -0.02087983675301075
v 0.0072193224914371967 -0.03229999914765358 -0.022888869047164917
v -0.0018087696516886353 0.03229999914765358 -0.055548481643199921
v -0.0057480325922369957 0.034051001071929932 -0.076127514243125916
v -0.0032747662626206875 0.034201584756374359 -0.076278991997241974
v -0.0048108496703207493 0.035600300878286362 -0.078274965286254883
v -0.010505098849534988 -0.03229999914765358 -0.047053132206201553
v -0.013271213509142399 -0.03229999914765358 -0.046901330351829529
v -0.012752867303788662 -0.03229999914765358 -0.048769861459732056
v 0.0061098360456526279 0.03229999914765358 -0.030046632513403893
v 0.0047241728752851486 0.03229999914765358 -0.031775087118148804
v -0.0054699410684406757 0.03229999914765358 -0.03756258636713028
v -0.031454950571060181 -0.0057339831255376339 -0.0054999995045363903
v -0.028594447299838066 -0.0062154224142432213 -0.0054999999701976776
v -0.028794113546609879 -0.0034890156239271164 -0.0054999999701976776
v 0.0019534383900463581 0.03229999914765358 -0.037615764886140823
v 0.0033576022833585739 0.03229999914765358 -0.040946800261735916
v 0.00052516395226120949 0.03229999914765358 -0.040411558002233505
v 0.0078791994601488113 -0.03229999914765358 -0.057747785001993179
v 0.0077688600867986679 -0.03229999914765358 -0.060875155031681061
v 0.0055609960108995438 0.035799998790025711 -0.11460619419813156
v 0.0050379093736410141 0.035799998790025711 -0.11219652742147446
v 0.013102998957037926 0.03229999914765358 -0.049733880907297134
v 0.010208552703261375 0.03229999914765358 -0.056545928120613098
v 0.012880251742899418 0.03229999914765358 -0.057637229561805725
v 0.012530448846518993 0.03229999914765358 -0.033065691590309143
v 0.013049435801804066 0.03229999914765358 -0.030467543751001358
v 0.01000024750828743 0.03229999914765358 -0.028457658365368843
v 0.012777899391949177 -0.03229999914765358 -0.068653345108032227
v 0.012544113211333752 -0.03229999914765358 -0.066357553005218506
v 0.010525669902563095 -0.03229999914765358 -0.067356310784816742
v -0.010508502833545208 0.032265424728393555 -0.0086199697107076645
v 0.013119200244545937 -0.032300051301717758 -0.071380369365215302
v -0.012764597311615944 0.014753931201994419 -0.087869510054588318
v -0.010947913862764835 0.028950471431016922 -0.0055095264688134193
v 0.012941073626279831 0.03229999914765358 -0.065275676548480988
v 0.015144096687436104 0.03229999914765358 -0.066272936761379242
v 0.0134328817948699 0.03229999914765358 -0.067881971597671509
v 0.015260888263583183 -0.03230009600520134 -0.069716356694698334
v 0.012811595574021339 -0.03229999914765358 -0.036768946796655655
v 0.012392544187605381 -0.03229999914765358 -0.018568500876426697
v 0.011627377942204475 0.03229999914765358 -0.069698818027973175
v 0.014616434462368488 0.03229999914765358 -0.03307323157787323
v 0.013396348804235458 0.03229999914765358 -0.035071555525064468
v 0.010494793765246868 -0.031694028526544571 -0.0068041589111089706
v 0.0095341084524989128 -0.032292008399963379 -0.0092618968337774277
v 0.0025696463417261839 -0.032167572528123856 -0.0077729010954499245
v -0.0035240738652646542 -0.032282233238220215 -0.0089213326573371887
v -0.0061632106080651283 -0.032296799123287201 -0.0094257546588778496
v 0.01258463878184557 0.032299619168043137 -0.0103966249153018
v -0.012439345009624958 0.03229999914765358 -0.010540035553276539
v -0.00080746028106659651 -0.03229999914765358 -0.022145239636301994
v -0.0035678860731422901 -0.03229999914765358 -0.021768517792224884
v -0.0050821825861930847 -0.03229999914765358 -0.024690592661499977
v -0.0055528110824525356 -0.03229999914765358 -0.029501432552933693
v 0.004370381124317646 -0.03229999914765358 -0.027237324044108391
v 0.0032730945385992527 -0.03229999914765358 -0.046905618160963058
v -0.010577637702226639 -0.03229999914765358 -0.020849877968430519
v -0.0051371632143855095 -0.03229999914765358 -0.016947256401181221
v -0.0071916333399713039 -0.03229999914765358 -0.014399005100131035
v -0.021967165172100067 -0.020446771755814552 -0.0054999999701976776
v -0.019938921555876732 -0.021341102197766304 -0.0054999999701976776
v 0.0032109965104609728 0.03229999914765358 -0.01830303855240345
v 0.001741117681376636 0.03229999914765358 -0.01969037763774395
v -0.0019696163944900036 0.03229999914765358 -0.020851187407970428
v 0.00033901480492204428 0.03229999914765358 -0.021546915173530579
v 0.011634720489382744 0.03229999914765358 -0.012638300657272339
v 0.0013407787773758173 -0.03229999914765358 -0.020852448418736458
v 0.011197094805538654 -0.03229999914765358 -0.011513997800648212
v -0.00046288417070172727 -0.03229999914765358 -0.037998709827661514
v 0.0019854004494845867 -0.03229999914765358 -0.038632087409496307
v 0.014750554226338863 0.03229999914765358 -0.060155536979436874
v 0.012361930683255196 0.03229999914765358 -0.062599100172519684
v 0.011350808665156364 0.03229999914765358 -0.059761282056570053
v 0.0098102651536464691 -0.03229999914765358 -0.051751952618360519
v 0.0081770811229944229 -0.03229999914765358 -0.049244251102209091
v 0.0056789126247167587 -0.03229999914765358 -0.029659856110811234
v 0.0084874927997589111 -0.03229999914765358 -0.011842946521937847
v 0.0072915493510663509 -0.032295640558004379 -0.0095140431076288223
v -0.0052740685641765594 -0.03229999914765358 -0.011604784056544304
v -0.0029898982029408216 -0.03229999914765358 -0.011599687859416008
v -0.0077885859645903111 -0.032299995422363281 -0.011352366767823696
v -0.0082570360973477364 -0.032275799661874771 -0.0087018748745322227
v 8.6771660789963789e-06 -0.03229999914765358 -0.029779167845845222
v 0.0040323389694094658 0.03229999914765358 -0.020547833293676376
v 0.0088871009647846222 -0.03229999914765358 -0.039101187139749527
v 0.011483750306069851 -0.03229999914765358 -0.039626576006412506
v 0.0063095660880208015 0.03229999914765358 -0.052134521305561066
v 0.0047191549092531204 0.03229999914765358 -0.049771882593631744
v 0.0075630028732120991 0.03229999914765358 -0.049607302993535995
v -0.00064002885483205318 -0.03229999914765358 -0.04333806037902832
v 0.0015770496102049947 -0.03229999914765358 -0.045099660754203796
v 0.015110868029296398 0.032300710678100586 -0.011151941493153572
v 0.010980217717587948 -0.03229999914765358 -0.057096134871244431
v 0.011369409970939159 -0.03229999914765358 -0.054472438991069794
v 0.0095010455697774887 -0.03229999914765358 -0.06279706209897995
v 0.0094798682257533073 0.03229999914765358 -0.062409169971942902
v 0.0085692126303911209 0.03229999914765358 -0.059423375874757767
v -0.030060088261961937 0.029959462583065033 -0.031091731041669846
v -0.030207350850105286 0.027573190629482269 -0.031041501089930534
v 0.013663302175700665 -0.03229999914765358 -0.014516652561724186
v -0.024206589907407761 0.017595021054148674 -0.0054999999701976776
v 0.025449579581618309 0.03229999914765358 -0.042458724230527878
v -0.0024862831924110651 -0.035799998790025711 -0.085599608719348907
v -0.00031689429306425154 -0.035799998790025711 -0.085748136043548584
v -0.00057626637862995267 -0.035799998790025711 -0.083715245127677917
v 0.017000230029225349 0.0086772842332720757 -0.077342621982097626
v 0.0077759330160915852 0.035589013248682022 -0.078186571598052979
v 0.0072429687716066837 0.035799998790025711 -0.081109948456287384
v 0.027980754151940346 0.026847781613469124 -0.026805665343999863
v 0.029352715238928795 0.025222638621926308 -0.029254017397761345
v 0.029474331066012383 0.028428858146071434 -0.029598904773592949
v -0.0094233229756355286 -0.034609775990247726 -0.076713413000106812
v -0.01129353791475296 -0.035514269024133682 -0.078106679022312164
v -0.0017858707578852773 -0.035492859780788422 -0.077959977090358734
v -0.0044363867491483688 -0.034883845597505569 -0.077070258557796478
v -0.0049575483426451683 -0.035773783922195435 -0.079154334962368011
v -0.016999885439872742 0.029897835105657578 -0.076733171939849854
v 0.0036295729223638773 -0.035644639283418655 -0.078620634973049164
v 0.00097313924925401807 -0.035795029252767563 -0.079267911612987518
v 0.0023579734843224287 -0.035799998790025711 -0.082076996564865112
v 0.0056793461553752422 -0.035801198333501816 -0.080546148121356964
v 0.0065943757072091103 -0.035388156771659851 -0.077693141996860504
v 0.013667278923094273 -0.035800226032733917 -0.081625282764434814
v 0.014584503136575222 -0.035584073513746262 -0.078368373215198517
v -0.0073933377861976624 -0.03229999914765358 -0.063240095973014832
v -0.0054946332238614559 -0.03229999914765358 -0.065369710326194763
v -0.004509123507887125 -0.03229999914765358 -0.062006611377000809
v 0.0040704598650336266 -0.03229999914765358 -0.060194976627826691
v 0.0056295613758265972 -0.03229999914765358 -0.061774700880050659
v 0.0060582184232771397 -0.03229999914765358 -0.059603683650493622
v -0.0027044643647968769 0.03229999914765358 -0.0603313148021698
v -0.0019015322905033827 0.03229999914765358 -0.062570437788963318
v 0.00056261237477883697 0.03229999914765358 -0.062593251466751099
v 0.001785927452147007 0.03229999914765358 -0.060729626566171646
v 0.0028514524456113577 0.03229999914765358 -0.062638111412525177
v -0.0048084142617881298 -0.03229999914765358 -0.045184660702943802
v -0.0074083451181650162 -0.03229999914765358 -0.046116374433040619
v -0.00044923665700480342 0.03229999914765358 -0.044805847108364105
v -0.0026064200792461634 0.03229999914765358 -0.044350933283567429
v -0.0063963551074266434 0.03229999914765358 -0.045348044484853745
v -0.0061273830942809582 0.03229999914765358 -0.042445708066225052
v -0.0045333770103752613 0.03229999914765358 -0.044120986014604568
v -0.010946192778646946 0.03229999914765358 -0.04425458237528801
v -0.012815414927899837 0.03229999914765358 -0.041619092226028442
v -0.020525127649307251 -0.028277149423956871 -0.071959860622882843
v -0.013926122337579727 0.03229999914765358 -0.044577695429325104
v -0.01584654301404953 0.03229999914765358 -0.04277275875210762
v -0.0081047425046563148 0.03229999914765358 -0.070219621062278748
v -0.0080082742497324944 0.032330162823200226 -0.073207259178161621
v -0.0098459795117378235 0.032303024083375931 -0.07217676192522049
v -0.005744648166000843 0.032303903251886368 -0.072190664708614349
v 0.0019110060529783368 0.032301012426614761 -0.072053119540214539
v 0.0031358124688267708 0.03229999914765358 -0.069291599094867706
v 0.0047203232534229755 0.032300259917974472 -0.072273693978786469
v -0.0031263823620975018 0.032300464808940887 -0.071756936609745026
v -0.0049020848236978054 0.03229999914765358 -0.069164440035820007
v 0.00064555532298982143 -0.03229999914765358 -0.069830231368541718
v 0.0032588958274573088 -0.03230002149939537 -0.071138091385364532
v 0.0025844266638159752 -0.03229999914765358 -0.068481728434562683
v -0.027266426011919975 -0.024478372186422348 -0.014631813392043114
v -0.028801415115594864 -0.023014102131128311 -0.012579894624650478
v 0.016999773681163788 -0.033579576760530472 -0.087331332266330719
v 0.017000410705804825 -0.033213648945093155 -0.089787431061267853
v -0.0096059869974851608 -0.032302781939506531 -0.072226077318191528
v -0.0075057945214211941 -0.032300006598234177 -0.070858590304851532
v -0.010933518409729004 -0.03229999914765358 -0.034219458699226379
v -0.011600232683122158 -0.03229999914765358 -0.03701559454202652
v -0.007301021832972765 -0.03229999914765358 -0.031487785279750824
v -0.0087558738887310028 -0.03229999914765358 -0.033319331705570221
v 0.0077395462431013584 -0.03229999914765358 -0.068484991788864136
v 0.0061687654815614223 -0.03229999914765358 -0.065929591655731201
v 0.0048414841294288635 -0.03229999914765358 -0.068417146801948547
v -0.010971770621836185 0.03229999914765358 -0.036811657249927521
v -0.010777845047414303 0.03229999914765358 -0.034220289438962936
v -0.0090185180306434631 0.03229999914765358 -0.035410128533840179
v -0.0083126742392778397 0.03229999914765358 -0.03278118371963501
v 0.020751543343067169 0.029639627784490585 -0.07168126106262207
v -0.0044411937706172466 0.03229999914765358 -0.050975177437067032
v -0.0028357256669551134 0.03229999914765358 -0.053372669965028763
v 0.0035484875552356243 0.03229999914765358 -0.052672307938337326
v 0.0059113716706633568 0.03229999914765358 -0.068947024643421173
v 0.009958767332136631 0.03229980543255806 -0.071341425180435181
v 0.0088917296379804611 0.03229999914765358 -0.068601593375205994
v -0.0081945657730102539 -0.03229999914765358 -0.054476812481880188
v -0.0053180241957306862 -0.03229999914765358 -0.053590729832649231
v 0.02239350788295269 0.020682679489254951 -0.0054999999701976776
v -0.010938454419374466 -0.03229999914765358 -0.055090077221393585
v 0.017371710389852524 -0.009128885343670845 -0.075131379067897797
v 0.018844451755285263 -0.0096267005428671837 -0.073185637593269348
v -0.010029569268226624 0.03229999914765358 -0.054232530295848846
v -0.010846590623259544 0.03229999914765358 -0.052139304578304291
v -0.011063790880143642 -0.03229999914765358 -0.024389609694480896
v 0.030387183651328087 -0.029473429545760155 -0.031615201383829117
v 0.029208768159151077 -0.028098799288272858 -0.029106516391038895
v -0.012105584144592285 -0.03229999914765358 -0.062020882964134216
v -0.013334274291992188 -0.03229999914765358 -0.065151527523994446
v -0.010226365178823471 -0.03229999914765358 -0.064156845211982727
v -0.013702253811061382 0.03229999914765358 -0.025013701990246773
v -0.013096087612211704 0.03229999914765358 -0.027223136276006699
v -0.012826130725443363 0.03229999914765358 -0.059369686990976334
v -0.0095890425145626068 0.03229999914765358 -0.059638097882270813
v -0.011311250738799572 0.03229999914765358 -0.062315549701452255
v -0.010651111602783203 0.034389834851026535 -0.076469972729682922
v -0.011320566758513451 0.035755589604377747 -0.079112939536571503
v -0.013840963132679462 0.035008080303668976 -0.077165707945823669
v -0.0081032291054725647 0.033455908298492432 -0.07552424818277359
v -0.010186581872403622 0.032645337283611298 -0.074361972510814667
v 0.0058338013477623463 -0.032341673970222473 -0.073297582566738129
v 0.0076487120240926743 -0.033452857285737991 -0.075520738959312439
v 0.0025667455047369003 -0.032651256769895554 -0.074483439326286316
v 0.0042325742542743683 0.03229999914765358 -0.065635271370410919
v 0.0016458994941785932 0.03229999914765358 -0.06462724506855011
v 0.03216080367565155 0.020738149061799049 -0.054850440472364426
v 0.03248465433716774 0.018182640895247459 -0.053662713617086411
v -0.0046112481504678726 0.03229999914765358 -0.059187930077314377
v -0.0022855787537992001 0.03229999914765358 -0.057973157614469528
v 0.035671144723892212 0.0056298938579857349 -0.053647328168153763
v -0.0053870384581387043 -0.03229999914765358 -0.048211213201284409
v -0.0045218933373689651 -0.03229999914765358 -0.050880618393421173
v -0.0021311028394848108 -0.03229999914765358 -0.049003574997186661
v -0.0038906452246010303 0.03229999914765358 -0.065429225564002991
v -0.0067433374933898449 0.03229999914765358 -0.063672594726085663
v -0.0044316137209534645 0.03229999914765358 -0.062003590166568756
v 0.0004909760900773108 0.032672114670276642 -0.074482440948486328
v -0.0019149408908560872 0.03263859823346138 -0.074363395571708679
v -0.0005459256935864687 0.032300315797328949 -0.071841247379779816
v -0.0034717167727649212 -0.03229999914765358 -0.067836575210094452
v 0.0016281250864267349 -0.034710459411144257 -0.076845042407512665
v 0.00038964668055996299 -0.032311685383319855 -0.07268022745847702
v -0.0020859641954302788 -0.032300140708684921 -0.070997484028339386
v -0.0018199252663180232 -0.032449439167976379 -0.073758594691753387
v -0.011411081068217754 -0.03229999914765358 -0.018245009705424309
v -0.012480415403842926 -0.03229999914765358 -0.019903477281332016
v 0.01052828598767519 -0.033082764595746994 -0.075048685073852539
v 0.013570318929851055 -0.032621070742607117 -0.074279919266700745
v 0.015280747786164284 -0.034079000353813171 -0.076153568923473358
v 0.012457260861992836 -0.034468077123165131 -0.07656513899564743
v -0.013079817406833172 0.03229999914765358 -0.023024171590805054
v -0.011041152290999889 0.03229999914765358 -0.021128935739398003
v -0.026678003370761871 -0.030923198908567429 -0.064810454845428467
v -0.0043567875400185585 0.03229999914765358 -0.039960987865924835
v -0.0025558362249284983 0.03229999914765358 -0.037430237978696823
v -0.032025940716266632 0.022773321717977524 -0.055303789675235748
v 0.011131446808576584 0.03229999914765358 -0.066899001598358154
v 0.011891741305589676 0.035387836396694183 -0.077758319675922394
v -0.012319700792431831 -0.03229999914765358 -0.052955560386180878
v -0.013629544526338577 -0.03229999914765358 -0.055278811603784561
v -0.016973700374364853 0.033454377204179764 -0.090504541993141174
v -0.017001602798700333 0.034116964787244797 -0.087604820728302002
v -0.032781109213829041 0.022677602246403694 -0.052378326654434204
v -0.032395295798778534 0.020958838984370232 -0.05401228740811348
v -0.032881010323762894 0.020022107288241386 -0.051878806203603745
v -0.012542259879410267 0.034299999475479126 -0.10361843556165695
v 0.033064376562833786 0.026170093566179276 -0.050839886069297791
v -0.007043029647320509 0.03229999914765358 -0.05792849138379097
v -0.0068348334170877934 0.03229999914765358 -0.060788918286561966
v 0.032532360404729843 0.027143342420458794 -0.053479086607694626
v -0.012237472459673882 0.03229999914765358 -0.030008252710103989
v -0.015084975399076939 0.03229999914765358 -0.029297854751348495
v 0.036763370037078857 0.0044259391725063324 -0.051319874823093414
v -0.012813154608011246 0.03229999914765358 -0.032822109758853912
v -0.010600130073726177 0.03229999914765358 -0.03189917653799057
v -0.013522110879421234 -0.03229999914765358 -0.035183101892471313
v -0.012780318036675453 -0.03229999914765358 -0.032799854874610901
v -0.012228232808411121 -0.032300017774105072 -0.070734128355979919
v -0.034581411629915237 0.0091696400195360184 -0.050203993916511536
v -0.012690371833741665 0.03229999914765358 -0.017850538715720177
v 0.033027943223714828 0.018265200778841972 -0.05107869952917099
v 0.032768640667200089 0.020075343549251556 -0.052433352917432785
v -0.013258071616292 0.03229999914765358 -0.035441957414150238
v -0.036765441298484802 0.00527169369161129 -0.049306001514196396
v -0.015135894529521465 0.03229999914765358 -0.053892515599727631
v -0.013186972588300705 0.03229999914765358 -0.051564939320087433
v -0.012286461889743805 0.03229999914765358 -0.053598497062921524
v -0.033253509551286697 0.015709027647972107 -0.049485504627227783
v -0.033472109586000443 0.016868416219949722 -0.0465690977871418
v -0.033309247344732285 0.018862137570977211 -0.04899938777089119
v -0.012009806931018829 0.032325956970453262 -0.072783403098583221
v 0.016952300444245338 0.032303065061569214 -0.013152420520782471
v 0.01389133557677269 0.03229999914765358 -0.013059093616902828
v 0.013413736596703529 0.03229999914765358 -0.047491069883108139
v 0.013372856192290783 -0.03229999914765358 -0.064361073076725006
v -0.012666445225477219 -0.035795237869024277 -0.079906605184078217
v 0.035114046186208725 0.0096148932352662086 -0.04297998920083046
v 0.033379022032022476 0.025778042152523994 -0.04274466261267662
v 0.033437073230743408 0.023748543113470078 -0.04352114349603653
v -0.00064431835198774934 0.03229999914765358 -0.065159842371940613
v -0.028220519423484802 0.02370530366897583 -0.012237523682415485
v -0.0048249200917780399 -0.03229999914765358 -0.038862477988004684
v -0.012208838947117329 -0.03229999914765358 -0.044620797038078308
v -0.0048932279460132122 -0.011717990040779114 -0.0054999999701976776
v -0.0063286628574132919 0.032656781375408173 -0.074413135647773743
v -0.0065317219123244286 -0.03229999914765358 -0.06841365247964859
v -0.0083310790359973907 -0.03229999914765358 -0.066299758851528168
v -0.0092181842774152756 -0.03229999914765358 -0.069311551749706268
v -0.0072374059818685055 -0.03229999914765358 -0.038258407264947891
v -0.0024023945443332195 -0.03229999914765358 -0.052439860999584198
v -0.00010380066669313237 -0.03229999914765358 -0.057253122329711914
v 0.0087048364803195 -0.03229999914765358 -0.065459325909614563
v 0.0077299880795180798 -0.03229999914765358 -0.071184918284416199
v 0.029928160831332207 -0.030533045530319214 -0.059707850217819214
v -0.0030164271593093872 0.03229999914765358 -0.048342760652303696
v 0.0069923740811645985 0.03229999914765358 -0.06647820770740509
v 0.0090411035344004631 0.03229999914765358 -0.065429583191871643
v -0.014965369366109371 0.034493766725063324 -0.10016355663537979
v -0.027460958808660507 -0.02399277500808239 -0.017406286671757698
v -0.025832369923591614 -0.025767190381884575 -0.016383668407797813
v -0.0082613900303840637 -0.03229999914765358 -0.048586059361696243
v -0.0073795164935290813 0.03229999914765358 -0.055021379142999649
v -0.014304735697805882 0.03229999914765358 -0.062324982136487961
v 0.0051759947091341019 -0.030020514503121376 -0.12912628054618835
v 0.013934369198977947 0.03229999914765358 -0.018656119704246521
v 0.032753687351942062 -0.024119380861520767 -0.05250631645321846
v 0.032732065767049789 -0.02085576206445694 -0.052595797926187515
v 0.013086005114018917 -0.03229999914765358 -0.052758198231458664
v -0.02494979090988636 0.0063527948223054409 -0.0054999999701976776
v -0.0096722040325403214 0.012935735285282135 -0.0054999999701976776
v -0.01179977785795927 0.01565634086728096 -0.0054999999701976776
v -0.012744705192744732 0.013046305626630783 -0.0054999999701976776
v 0.014952287077903748 -0.03229999914765358 -0.066685549914836884
v -0.0055214953608810902 0.017073988914489746 -0.0054999999701976776
v -0.0041624889709055424 0.01411049161106348 -0.0054999999701976776
v -0.0028362504672259092 0.016561621800065041 -0.0054999999701976776
v 0.011645851656794548 0.026920564472675323 -0.0054999999701976776
v 0.014328496530652046 0.026467191055417061 -0.0054999999701976776
v 0.034996267408132553 -0.0069849565625190735 -0.053527526557445526
v -0.014163731597363949 0.0098516754806041718 -0.080210700631141663
v 0.0048593529500067234 0.033054560422897339 -0.074982248246669769
v -0.033231146633625031 -0.01852400042116642 -0.049716673791408539
v -0.032844286412000656 -0.018444444984197617 -0.052057281136512756
v 0.0085034072399139404 0.033947855234146118 -0.076017886400222778
v -0.007962079718708992 0.035506021231412888 -0.078046761453151703
v -0.010270578786730766 -0.035799503326416016 -0.08034738153219223
v 0.005887138657271862 -0.03229999914765358 -0.07052815705537796
v 0.033043857663869858 -0.027320345863699913 -0.050981812179088593
v 0.033427208662033081 -0.026678008958697319 -0.047629166394472122
v -0.0053936834447085857 0.03229999914765358 -0.053417984396219254
v -0.0044592632912099361 0.03229999914765358 -0.056067325174808502
v 0.033261425793170929 -0.021964745596051216 -0.049443364143371582
v 0.033114738762378693 -0.018885252997279167 -0.050504688173532486
v -0.010973168537020683 0.03229999914765358 -0.039259128272533417
v -0.0083404583856463432 0.03229999914765358 -0.044074654579162598
v -0.0041240719147026539 0.03229999914765358 -0.046142756938934326
v 0.035767242312431335 -0.0097872680053114891 -0.029892565682530403
v 0.012923378497362137 -0.026795156300067902 -0.092495158314704895
v -0.035474207252264023 -0.0088781528174877167 -0.043571826070547104
v -0.034230846911668777 -0.011415813118219376 -0.042354151606559753
v 0.016357250511646271 0.03229999914765358 -0.058392498642206192
v 0.0004271972575224936 0.035799998790025711 -0.083968192338943481
v -0.002227741526439786 0.035799998790025711 -0.0858350470662117
v -0.0027217306196689606 0.035799998790025711 -0.083377376198768616
v -0.0005544329178519547 0.035799998790025711 -0.11728139966726303
v -0.029218669980764389 0.031210094690322876 -0.060151517391204834
v -0.0038938408251851797 0.019419552758336067 -0.0054999999701976776
v -0.006697346456348896 0.020124634727835655 -0.0054999999701976776
v -0.015045646578073502 0.024212637916207314 -0.0054999999701976776
v -0.0071953451260924339 0.03229999914765358 -0.066815666854381561
v -0.016907986253499985 -0.034563705325126648 -0.084580652415752411
v -0.0051292530260980129 -0.032300028949975967 -0.070852383971214294
v 0.027915071696043015 -0.029685502871870995 -0.02716110460460186
v 0.02698780782520771 -0.031782988458871841 -0.028196729719638824
v -0.0029952963814139366 -0.033570576459169388 -0.075647197663784027
v -0.00092969380784779787 -0.035799998790025711 -0.081145316362380981
v -0.026651183143258095 -0.03022553026676178 -0.025547478348016739
v -0.027408743277192116 -0.031683828681707382 -0.028578002005815506
v -0.024192821234464645 -0.03228016197681427 -0.026712412014603615
v 0.01358907762914896 -0.03229999914765358 -0.041463244706392288
v 0.010660896077752113 0.014541798271238804 -0.0054999999701976776
v 0.0093983206897974014 0.012162100523710251 -0.0054999999701976776
v 0.012044223956763744 0.01201764028519392 -0.0054999999701976776
v 0.026920424774289131 0.0074996673502027988 -0.0054999999701976776
v 0.029590046033263206 0.00656915083527565 -0.0054998868145048618
v 0.0074788187630474567 0.03229999914765358 -0.02843991294503212
v 0.0076550706289708614 0.03229999914765358 -0.026040634140372276
v -0.010237610898911953 -0.03229999914765358 -0.01562049426138401
v 0.021083028987050056 0.016797138378024101 -0.0054999999701976776
v 0.022210480645298958 0.018405351787805557 -0.0054999999701976776
v -0.0088627822697162628 -0.03229999914765358 -0.02263357862830162
v -0.0065835025161504745 -0.03229999914765358 -0.022396458312869072
v -0.0046870317310094833 -0.03229999914765358 -0.031980313360691071
v -0.004215701948851347 -0.03229999914765358 -0.034287173300981522
v -0.026651281863451004 0.031098898500204086 -0.026402309536933899
v -0.028053535148501396 0.02919827401638031 -0.027214217931032181
v -0.02693062461912632 0.028649121522903442 -0.025339007377624512
v -0.0024020241107791662 -0.03229999914765358 -0.039135422557592392
v -0.00045005141873843968 -0.03229999914765358 -0.040481816977262497
v -0.0026888351421803236 -0.03229999914765358 -0.04461245983839035
v 0.024155283346772194 0.027748461812734604 -0.01752164401113987
v 0.024983666837215424 0.026654433459043503 -0.015884041786193848
v 0.025679189711809158 0.02603006549179554 -0.018494589254260063
v 0.00095416128169745207 -0.03229999914765358 -0.047905001789331436
v 0.0034480872564017773 -0.03229999914765358 -0.049457691609859467
v 0.023771841078996658 0.032300680875778198 -0.029242349788546562
v 0.026696875691413879 0.032144259661436081 -0.029320722445845604
v -0.025814352557063103 -0.025923378765583038 -0.019204322248697281
v -0.025895560160279274 -0.027036309242248535 -0.02216818742454052
v 0.0048402738757431507 -0.03229999914765358 -0.057609450072050095
v -0.023859363049268723 -0.028005002066493034 -0.016824491322040558
v 0.011099952273070812 -0.03229999914765358 -0.06475965678691864
v 0.027521578595042229 -0.024456886574625969 -0.012143174186348915
v -0.028115818277001381 -0.016602685675024986 -0.005500495433807373
v -0.012853734195232391 0.006276050116866827 -0.085649274289608002
v -0.008563741110265255 0.03229999914765358 -0.023102318868041039
v 0.020786412060260773 0.032300248742103577 -0.024186210706830025
v 0.019867017865180969 0.031292922794818878 -0.013576168566942215
v 0.021426156163215637 0.0305978674441576 -0.015905966982245445
v 0.017000485211610794 -0.015978375449776649 -0.077069111168384552
v -0.0061312024481594563 0.03229999914765358 -0.024646429345011711
v -0.0043744421564042568 0.03229999914765358 -0.029778154566884041
v -0.016783855855464935 0.03229999914765358 -0.048690751194953918
v -0.017776684835553169 0.03229999914765358 -0.04656706377863884
v -0.0016077668406069279 0.03229999914765358 -0.029322780668735504
v -0.0028550014831125736 0.03229999914765358 -0.032159890979528427
v -0.00025484274374321103 0.03229999914765358 -0.036487225443124771
v -0.00043565471423789859 0.03229999914765358 -0.038412071764469147
v 0.0012132305419072509 0.03229999914765358 -0.042903821915388107
v -0.02551594190299511 0.030720660462975502 -0.024018034338951111
v 0.0030309131834656 0.03229999914765358 -0.047446966171264648
v 0.024147218093276024 0.027523918077349663 -0.01353245135396719
v 0.022007394582033157 0.029377022758126259 -0.013437408953905106
v 0.023194940760731697 0.028442917391657829 -0.010800245217978954
v 0.008008771575987339 0.03229999914765358 -0.05423320084810257
v 0.0071296463720500469 0.03229999914765358 -0.056993942707777023
v -0.019510997459292412 0.03145160898566246 -0.013171770609915257
v -0.020422367379069328 0.031459357589483261 -0.01569082960486412
v -0.021493636071681976 0.029991729184985161 -0.014300434850156307
v -0.024648744612932205 -0.031457163393497467 -0.024155972525477409
v 0.029504939913749695 0.00894879549741745 -0.0054999999701976776
v 0.031844489276409149 0.0076288385316729546 -0.0055273356847465038
v 0.032005049288272858 0.010232253931462765 -0.0055534550920128822
v 0.012215954251587391 0.032341219484806061 -0.073043793439865112
v -0.023686764761805534 0.027889803051948547 -0.014074423350393772
v -0.025763459503650665 0.02583598904311657 -0.016515050083398819
v -0.026273723691701889 0.025592202320694923 -0.013413992710411549
v -0.021866949275135994 -0.029405714944005013 -0.011344420723617077
v -0.013843799009919167 -0.03229999914765358 -0.050913162529468536
v -0.028193516656756401 0.031217573210597038 -0.028896290808916092
v -0.0087634418159723282 0.03229999914765358 -0.062232706695795059
v 0.0063434494659304619 -0.03229999914765358 -0.020298751071095467
v 0.0057100127451121807 -0.03229999914765358 -0.017987662926316261
v 0.0011354605667293072 -0.03229999914765358 -0.014899407513439655
v 0.0039835609495639801 -0.03229999914765358 -0.01339996699243784
v 0.022711407393217087 -0.028825772926211357 -0.014491338282823563
v 0.023664385080337524 -0.028415177017450333 -0.017507582902908325
v -0.026040580123662949 -0.014334030449390411 -0.0054999999701976776
v 0.023183116689324379 0.03229999914765358 -0.034449614584445953
v 0.022401629015803337 0.032301560044288635 -0.026506517082452774
v -0.02529832161962986 0.032268188893795013 -0.028511984273791313
v -0.021624526008963585 0.029603032395243645 -0.012140244245529175
v 0.0047681615687906742 0.03229999914765358 -0.023883098736405373
v 0.0077924393117427826 0.03229999914765358 -0.023478323593735695
v 0.020683774724602699 0.030269449576735497 -0.011169814504683018
v 0.0066442685201764107 0.03229999914765358 -0.021148137748241425
v -0.031527828425168991 -0.0028430360835045576 -0.0054999999701976776
v 0.0048318491317331791 -0.03229999914765358 -0.039466306567192078
v -0.030748898163437843 0.0055193216539919376 -0.0055002719163894653
v 0.022431980818510056 -0.028987733647227287 -0.011673549190163612
v 0.020289795473217964 -0.030815904960036278 -0.013070846907794476
v -0.02232060395181179 0.029732085764408112 -0.016357472166419029
v -0.003950437530875206 -0.03229999914765358 -0.014023524709045887
v -0.018377142027020454 0.032211665064096451 -0.015305196866393089
v 0.008485955186188221 -0.03229999914765358 -0.047265365719795227
v 0.010247359983623028 -0.03229999914765358 -0.046148631721735001
v -0.034779097884893417 -0.011535516008734703 -0.032522037625312805
v -0.036895487457513809 -0.0070345820859074593 -0.0260655228048563
v -0.033311676234006882 -0.018415980041027069 -0.042031541466712952
v -0.011399789713323116 0.035800185054540634 -0.10693135112524033
v -0.0092582525685429573 0.035799998790025711 -0.10601707547903061
v -0.010219398885965347 0.035799998790025711 -0.10880843549966812
v -0.012164170853793621 0.035799998790025711 -0.081975497305393219
v -0.013441205956041813 0.03580000251531601 -0.084461309015750885
v -0.014607503078877926 0.035802669823169708 -0.082439497113227844
v 0.00069127586903050542 0.035799998790025711 -0.10163109004497528
v 0.0014790319837629795 0.03229999914765358 -0.024018421769142151
v -0.0035543057601898909 0.035799998790025711 -0.11015632748603821
v -0.0020355554297566414 0.035799998790025711 -0.11253770440816879
v -0.0048433002084493637 0.035799998790025711 -0.11298193037509918
v -0.0031763408333063126 0.035799998790025711 -0.10615546256303787
v -0.0014318046160042286 0.035799998790025711 -0.10483541339635849
v -0.0023233499377965927 0.035799998790025711 -0.10760988295078278
v -0.0053417268209159374 0.035799998790025711 -0.093473650515079498
v -0.0032055315095931292 0.035799998790025711 -0.093336515128612518
v -0.0047871656715869904 0.035799998790025711 -0.095699436962604523
v -0.0054959701374173164 0.035799998790025711 -0.1022767499089241
v 0.0099132461473345757 0.035799998790025711 -0.088623248040676117
v -0.015971969813108444 0.03229999914765358 -0.060027748346328735
v -0.015485122799873352 0.03229999914765358 -0.057199910283088684
v -0.015293884091079235 0.03229999914765358 -0.040507148951292038
v -0.032876778393983841 -0.016780950129032135 -0.051894132047891617
v -0.012623146176338196 0.031305614858865738 -0.099770605564117432
v 0.0099142221733927727 -0.03229999914765358 -0.027812154963612556
v 0.010239137336611748 0.03229999914765358 -0.038669802248477936
v -0.025483863428235054 -0.03229999914765358 -0.041636254638433456
v -0.0095535805448889732 -0.03229999914765358 -0.013140724040567875
v -0.0063749221153557301 -0.035800769925117493 -0.12235351651906967
v 0.033382274210453033 0.014165438711643219 -0.031248133629560471
v 0.036162395030260086 0.0074891210533678532 -0.043584711849689484
v 0.035723090171813965 0.0086822658777236938 -0.040992304682731628
v 0.033411607146263123 0.016094658523797989 -0.043016787618398666
v 0.03317561000585556 0.023275066167116165 -0.0409109927713871
v 0.0023182823788374662 0.031971197575330734 -0.0074047730304300785
v -0.023797506466507912 -0.03229999914765358 -0.03322041779756546
v -0.022711716592311859 -0.03229999914765358 -0.035207457840442657
v 0.0024503390304744244 0.03229999914765358 -0.021908136084675789
v 0.005423838272690773 0.03229999914765358 -0.027409791946411133
v 0.0085542388260364532 0.03229999914765358 -0.051859337836503983
v -0.03238290548324585 0.0086987875401973724 -0.0055611841380596161
v 0.012228132225573063 -0.035799998790025711 -0.083769805729389191
v -0.016407007351517677 0.034198913723230362 -0.076560668647289276
v -0.012082942761480808 0.033616244792938232 -0.10492768883705139
v 0.0096427099779248238 -0.035799998790025711 -0.10037551820278168
v 0.0077117457985877991 -0.035799998790025711 -0.097834423184394836
v 0.012206653133034706 -0.027788165956735611 -0.10056167840957642
v -0.011383074335753918 -0.032590832561254501 -0.11260060966014862
v 0.017000112682580948 -0.022203592583537102 -0.077119618654251099
v 0.034391168504953384 -0.00030431168852373958 -0.059886496514081955
v 0.034643847495317459 -0.0024509797804057598 -0.058914989233016968
v -0.022460702806711197 -0.00675623444840312 -0.071580082178115845
v -0.015290683135390282 -0.03229999914765358 -0.028351601213216782
v -0.015969857573509216 -0.03229999914765358 -0.030593272298574448
v -0.01369099598377943 -0.03229999914765358 -0.030592072755098343
v -0.015295275487005711 -0.03229999914765358 -0.066837295889854431
v -0.015032610855996609 -0.03229999914765358 -0.04013911634683609
v -0.013598321937024593 0.03229999914765358 -0.038447119295597076
v -0.014499562792479992 -0.033384434878826141 -0.075427770614624023
v -0.0150420181453228 -0.03229999914765358 -0.053325165063142776
v -0.015938850119709969 0.03229999914765358 -0.050975572317838669
v -0.011756119318306446 0.033763915300369263 -0.10867342352867126
v -0.01353051234036684 0.034298066049814224 -0.10629776865243912
v 0.019839940592646599 0.024202004075050354 -0.072480276226997375
v -0.015189631842076778 -0.03229999914765358 -0.057498481124639511
v 0.017351990565657616 0.012117920443415642 -0.0054999999701976776
v 0.020318310707807541 0.012127735652029514 -0.0054999999701976776
v 0.018451247364282608 0.015470379032194614 -0.0054999999701976776
v 0.016997054219245911 0.033703990280628204 -0.083368755877017975
v 0.015846412628889084 0.035708624869585037 -0.082966230809688568
v -0.011153366416692734 -0.03229999914765358 -0.067323602735996246
v 0.027083151042461395 -0.03229999914765358 -0.038971357047557831
v -0.0091814734041690826 -0.03229999914765358 -0.060891244560480118
v -0.0073115616105496883 -0.03229999914765358 -0.05894247442483902
v -0.009363904595375061 -0.03229999914765358 -0.057567395269870758
v -0.0063694952987134457 -0.03229999914765358 -0.056575179100036621
v -0.0031902941409498453 0.035799998790025711 -0.11578621715307236
v -0.0010370046366006136 -0.03229999914765358 -0.046057917177677155
v -0.0032145543955266476 -0.03229999914765358 -0.046588446944952011
v -0.011092338711023331 0.032300006598234177 -0.07036115974187851
v -0.012665155343711376 0.033153228461742401 -0.075133830308914185
v -0.010225688107311726 0.03229999914765358 -0.067705035209655762
v -0.020168829709291458 0.03229999914765358 -0.059969004243612289
v -0.019453365355730057 0.03229999914765358 -0.062315404415130615
v -0.02820858359336853 0.03229999914765358 -0.043113596737384796
v -0.0095177050679922104 0.03229999914765358 -0.064726702868938446
v 0.023232361301779747 -0.032299119979143143 -0.063487380743026733
v 0.037497337907552719 -0.004469722043722868 -0.029388068243861198
v 0.037246633321046829 -0.0056890151463449001 -0.027539592236280441
v 0.03686942532658577 -0.0067950757220387459 -0.030351696535944939
v 0.033948421478271484 -0.012055538594722748 -0.04383125901222229
v -0.0095342192798852921 0.03229999914765358 -0.056831162422895432
v -0.0020341200288385153 0.03229999914765358 -0.046253364533185959
v -0.035090059041976929 -0.012251617386937141 -0.02123650349676609
v -0.00033409506431780756 -0.033336259424686432 -0.075372785329818726
v 0.0071654757484793663 -0.03229999914765358 -0.063450425863265991
v 0.002397376811131835 0.035725146532058716 -0.07867942750453949
v 0.00011009880836354569 0.035681352019309998 -0.078463301062583923
v 0.0014644603943452239 0.034378528594970703 -0.076459877192974091
v 0.0028677165973931551 0.032805930823087692 -0.074649572372436523
v 0.01651594415307045 -0.035656590014696121 -0.083500616252422333
v 0.016460943967103958 -0.035662543028593063 -0.085210584104061127
v 0.017000226303935051 -0.032791465520858765 -0.084165744483470917
v -0.0076998365111649036 -0.033622059971094131 -0.075703002512454987
v -0.025564340874552727 0.032134678214788437 -0.063355639576911926
v -0.0091234557330608368 -0.03229999914765358 -0.044061210006475449
v 0.0062865572981536388 -0.035799998790025711 -0.086584724485874176
v 0.0088169341906905174 -0.035799998790025711 -0.086223170161247253
v -0.0043094190768897533 0.032638166099786758 -0.074355773627758026
v -0.0010746994521468878 -0.03229999914765358 -0.068425439298152924
v -0.001200216356664896 -0.03229999914765358 -0.06631343811750412
v 0.028260955587029457 -0.016663316637277603 -0.0055029988288879395
v 0.0098347216844558716 0.035174552351236343 -0.077413514256477356
v 0.010975959710776806 0.033711496740579605 -0.075772710144519806
v -0.0079512540251016617 -0.03229999914765358 -0.024770753458142281
v -0.011033699847757816 0.03229999914765358 -0.057994723320007324
v -0.0097069041803479195 -0.03229999914765358 -0.038999781012535095
v -0.03367973119020462 0.013161692768335342 -0.044587928801774979
v -0.01195340882986784 -0.028344472870230675 -0.10421943664550781
v -0.0033034051302820444 -0.035801317542791367 -0.080668702721595764
v -0.020307797938585281 0.012703531421720982 -0.072134256362915039
v -0.021580537781119347 0.011072495952248573 -0.071109160780906677
v -0.00087246194016188383 0.034277785569429398 -0.076355688273906708
v -0.0022400177549570799 0.035649444907903671 -0.078392252326011658
v 0.0046556713059544563 -0.034010026603937149 -0.076092034578323364
v 0.00079924974124878645 -0.03229999914765358 -0.067103549838066101
v -0.0114557771012187 0.027811417356133461 -0.11118732392787933
v -0.029689859598875046 0.032291006296873093 -0.045670051127672195
v -0.018851777538657188 0.0047515053302049637 -0.073378145694732666
v -0.018388645723462105 0.0032267631031572819 -0.075254268944263458
v -0.03433353453874588 0.00050472962902858853 -0.0599336177110672
v -0.022817743942141533 0.00079238828038796782 -0.077969364821910858
v 0.011225114576518536 0.0056712082587182522 -0.11359978467226028
v 0.011637912131845951 0.0066640069708228111 -0.10840784758329391
v 0.011542229913175106 0.004925538320094347 -0.10970158129930496
v 0.011393268592655659 0.0069484524428844452 -0.11148347705602646
v 0.034058384597301483 -0.014530900865793228 -0.019477877765893936
v -0.010998602956533432 0.02999393455684185 -0.11571204662322998
v -0.026643300428986549 0.0070091835223138332 -0.066537328064441681
v -0.025087149813771248 0.0056012063287198544 -0.068247318267822266
v -0.012010433711111546 -0.016085866838693619 -0.098053783178329468
v 0.0077520147897303104 -0.035798575729131699 -0.11885523051023483
v 0.0045512756332755089 -0.035799998790025711 -0.12011720240116119
v 0.0069320518523454666 -0.035799849778413773 -0.12258656322956085
v 0.028779398649930954 -0.032296452671289444 -0.053522638976573944
v -0.030473336577415466 0.0051511623896658421 -0.06348913162946701
v 0.035429742187261581 -0.0034038608428090811 -0.056727368384599686
v 0.033964965492486954 -0.0046883746981620789 -0.058734990656375885
v 0.0036054151132702827 0.035799998790025711 -0.10531466454267502
v -0.01247870922088623 0.008951122872531414 -0.091438107192516327
v -0.012122503481805325 -0.004477295558899641 -0.095376506447792053
v 0.023220378905534744 0.032300002872943878 -0.061876486986875534
v -0.010324836708605289 -0.029347505420446396 -0.11985372006893158
v -0.010279730893671513 -0.012652895413339138 -0.12010106444358826
v -0.012061115354299545 -0.025663953274488449 -0.10099662095308304
v -0.027826612815260887 0.01509319432079792 -0.0054999999701976776
v 0.027491100132465363 0.0036921014543622732 -0.066902115941047668
v -0.033062674105167389 0.025077028200030327 -0.040138732641935349
v -0.01336569432169199 -0.025924811139702797 -0.091624811291694641
v -0.0127152344211936 -0.026926694437861443 -0.094012260437011719
v -0.012642982415854931 -0.0096496390178799629 -0.08902508020401001
v 0.011587460525333881 -0.026949245482683182 -0.10948174446821213
v -0.022123415023088455 -0.03229999914765358 -0.061082713305950165
v -0.022598430514335632 0.03229999914765358 -0.048106100410223007
v 0.025322690606117249 0.031999025493860245 -0.026601100340485573
v 0.027784496545791626 0.030156692489981651 -0.027173029258847237
v -0.022666020318865776 -0.03229997307062149 -0.063447870314121246
v -0.012753247283399105 0.00085072976071387529 -0.086871162056922913
v 0.033893067389726639 0.0065512005239725113 -0.0057556801475584507
v -0.034218188375234604 -0.014054232276976109 -0.020940834656357765
v 0.012216500006616116 0.014672772027552128 -0.097721412777900696
v 0.03326861560344696 -0.015655538067221642 -0.021788939833641052
v 0.013312438502907753 -0.025729188695549965 -0.091429188847541809
v 0.015101169236004353 -0.026096539571881294 -0.091801583766937256
v 0.021240107715129852 0.03229999914765358 -0.062885582447052002
v -0.023053726181387901 0.03229999914765358 -0.051426742225885391
v -0.023395827040076256 0.03229999914765358 -0.054125051945447922
v -0.02567441388964653 0.03229999914765358 -0.052508704364299774
v 0.0042000403627753258 -0.035795807838439941 -0.12733878195285797
v 0.0041405139490962029 -0.035799998790025711 -0.1291424036026001
v 0.035539731383323669 -0.00085300591308623552 -0.057659495621919632
v 0.01125753577798605 -0.030582429841160774 -0.11356721073389053
v 0.022921180352568626 -0.0075430599972605705 -0.07042345404624939
v 0.022204041481018066 -0.010325347073376179 -0.070567019283771515
v -0.012289758771657944 -0.02631622739136219 -0.098634950816631317
v -0.012761237099766731 -0.028440048918128014 -0.096607714891433716
v 0.016691705211997032 -0.032629955559968948 -0.074461475014686584
v 0.013589917682111263 -0.02021019347012043 -0.086603976786136627
v 0.013369787484407425 -0.012234113179147243 -0.085087567567825317
v 0.016043918207287788 -0.00047524203546345234 -0.079500064253807068
v 0.012695659883320332 0.0065905358642339706 -0.08720792829990387
v 0.012947063893079758 0.019062813371419907 -0.086889974772930145
v 0.011552781797945499 0.0093323718756437302 -0.10953427851200104
v 0.023436767980456352 0.03229999914765358 -0.050496123731136322
v 0.011627163738012314 -0.0069194692187011242 -0.10874437540769577
v 0.011782717891037464 -0.019830653443932533 -0.10485895723104477
v 0.011729960329830647 -0.02148597314953804 -0.106441430747509
v 0.011708340607583523 -0.010805787518620491 -0.10697674006223679
v 0.011598938144743443 -0.0094963712617754936 -0.10921559482812881
v 0.025770260021090508 0.0040008029900491238 -0.068100355565547943
v -0.022069675847887993 0.0086951516568660736 -0.070694312453269958
v -0.0135561628267169 -0.0075237727724015713 -0.082284592092037201
v 0.036779668182134628 -0.0086954096332192421 -0.010785875841975212
v -0.032625894993543625 0.026868574321269989 -0.037911985069513321
v 0.010949568822979927 0.010179449804127216 -0.11598067730665207
v 0.010630936361849308 0.014151199720799923 -0.11808168888092041
v 0.010719181969761848 -0.015145625919103622 -0.11759601533412933
v 0.010393304750323296 -0.013274145312607288 -0.11945703625679016
v 0.010811558924615383 -0.01283755898475647 -0.1169683039188385
v 0.010696699842810631 -0.022753890603780746 -0.11775726079940796
v 0.017378455027937889 0.0046955039724707603 -0.075180739164352417
v -0.0066806124523282051 -0.03229999914765358 -0.060789767652750015
v -0.0066362433135509491 -0.03229999914765358 -0.027146337553858757
v -0.012311512604355812 0.03229999914765358 -0.05615418404340744
v 0.014754945412278175 -0.014125680550932884 -0.080281011760234833
v -0.011920352466404438 -0.033894814550876617 -0.10711681842803955
v 0.029982820153236389 -0.001142241875641048 -0.065239816904067993
v 0.015188705176115036 0.032364193350076675 -0.073360517621040344
v 0.012533780187368393 0.025404283776879311 -0.094958662986755371
v 0.010960455052554607 0.03229999914765358 -0.064494527876377106
v 0.011288322508335114 0.010245926678180695 -0.11281817406415939
v 0.018097512423992157 0.00041612691711634398 -0.079473130404949188
v 0.012286575511097908 0.0069533842615783215 -0.09485260397195816
v 0.012377550825476646 0.0052364706061780453 -0.092703111469745636
v 0.013024537824094296 -0.023516612127423286 -0.089216612279415131
v 0.012442556209862232 0.00039371539605781436 -0.090564943850040436
v -0.017000000923871994 -0.023968115448951721 -0.088669709861278534
v 0.013606175780296326 -0.016415825113654137 -0.084943048655986786
v 0.013924815692007542 -0.0064468160271644592 -0.079955831170082092
v 0.012785093858838081 0.017326321452856064 -0.088521666824817657
v 0.026372306048870087 0.0023016720078885555 -0.067954860627651215
v 0.022062581032514572 -0.0057249469682574272 -0.078516416251659393
v 0.010181189514696598 0.028472742065787315 -0.1206853911280632
v 0.012846203520894051 0.0084728207439184189 -0.08587849885225296
v 0.013344725593924522 0.0058431178331375122 -0.082259885966777802
v 0.012066449970006943 -0.014945831149816513 -0.096388250589370728
v 0.01212766207754612 -0.013050870038568974 -0.09455745667219162
v 0.037173051387071609 -0.0070465481840074062 -0.012149720452725887
v 0.01678883470594883 0.013889607973396778 -0.07973441481590271
v 0.032743699848651886 -0.015562519431114197 -0.028604365885257721
v -0.0099939340725541115 -0.014818859286606312 -0.12173359096050262
v -0.013424123637378216 0.003455091267824173 -0.083122052252292633
v -0.011716917157173157 -0.024016289040446281 -0.10684454441070557
v -0.033225368708372116 -0.0209476538002491 -0.041262388229370117
v -0.037902150303125381 -0.0022510220296680927 -0.013655806891620159
v -0.022806873545050621 0.005485875066369772 -0.070034734904766083
v -0.010960821062326431 0.011644580401480198 -0.11590202897787094
v -0.010616777464747429 0.010612664744257927 -0.11819063127040863
v -0.018148215487599373 0.03229999914765358 -0.060594387352466583
v -0.010812961496412754 -0.02599530853331089 -0.11695639044046402
v -0.011971124447882175 -0.0075921351090073586 -0.099134556949138641
v 0.03070736862719059 -0.012242979370057583 -0.0055000078864395618
v -0.016997849568724632 0.0081299245357513428 -0.076794683933258057
v -0.010332713834941387 -0.010518273338675499 -0.11979703605175018
v -0.012438348494470119 0.014998322352766991 -0.093455836176872253
v -0.012486417777836323 0.01714373379945755 -0.092948578298091888
v -0.011794695630669594 -0.00043415298569016159 -0.10429873317480087
v -0.011119858361780643 0.024449065327644348 -0.11481370031833649
v -0.021942468360066414 -0.014443118125200272 -0.070807501673698425
v -0.027705954387784004 -0.0022689395118504763 -0.067010357975959778
v 0.0067218933254480362 0.035289399325847626 -0.12744568288326263
v -0.011104019358754158 -0.024923725053668022 -0.1148608922958374
v -0.01225006952881813 0.0056936144828796387 -0.09531344473361969
v -0.023538358509540558 -0.0027646408416330814 -0.075183048844337463
v -0.023170880973339081 -0.0056615243665874004 -0.075840182602405548
v 0.030432997271418571 0.026353310793638229 -0.031513817608356476
v 0.031319666653871536 0.018771225586533546 -0.021124422550201416
v -0.009767044335603714 -0.033160317689180374 -0.1228453665971756
v 0.0025109767448157072 0.035750940442085266 -0.12826666235923767
v -0.011203001253306866 0.027233412489295006 -0.11391123384237289
v 0.01690174825489521 -0.033434405922889709 -0.076038353145122528
v 0.013002768158912659 0.028235383331775665 -0.093828953802585602
v -0.029095146805047989 -0.024239227175712585 -0.028363632038235664
v -0.016321506351232529 0.03229999914765358 -0.044975277036428452
v -0.011676964350044727 0.014999286271631718 -0.10764271020889282
v 0.0064972639083862305 0.035799998790025711 -0.10152910649776459
v -0.01123972050845623 -0.033905185759067535 -0.11469714343547821
v -0.012174580246210098 -0.034299999475479126 -0.11361929774284363
v -0.010706060566008091 -0.027828171849250793 -0.11771951615810394
v 0.014115744270384312 0.015506911091506481 -0.081391967833042145
v -0.023346845060586929 -0.0015867546899244189 -0.077088609337806702
v -0.010692440904676914 0.0030518753919750452 -0.11772254854440689
v -0.013076025061309338 -0.029959291219711304 -0.0056752040982246399
v -0.010206157341599464 0.0035793767310678959 -0.12052974104881287
v 0.017000004649162292 0.006341039203107357 -0.077286258339881897
v -0.023182585835456848 -0.0036805914714932442 -0.07740146666765213
v 0.035940930247306824 0.006465923972427845 -0.051041137427091599
v 0.034622333943843842 0.0082138972356915474 -0.052279844880104065
v 0.035206504166126251 0.0083581395447254181 -0.049391832202672958
v -0.023199690505862236 0.0021766817662864923 -0.071324817836284637
v -0.024183942005038261 -0.00071834115078672767 -0.069692753255367279
v -0.012967472895979881 0.0034770781639963388 -0.085215382277965546
v 0.016999989748001099 0.020574029535055161 -0.077651478350162506
v 0.0085064331069588661 -0.030989700928330421 -0.12612643837928772
v 0.012482722289860249 0.027336383238434792 -0.096805840730667114
v 0.01202837098389864 -0.034171219915151596 -0.10564135015010834
v 0.012348398566246033 0.019925065338611603 -0.096256442368030548
v 0.012686590664088726 0.012168141081929207 -0.088167175650596619
v 0.037875838577747345 0.0018983252812176943 -0.033944912254810333
v -0.0011653144611045718 -0.035799998790025711 -0.11401446163654327
v 0.033209890127182007 0.015997448936104774 -0.04981682077050209
v -0.033442169427871704 -0.026610618457198143 -0.047288838773965836
v -0.024924049153923988 0.001180248917080462 -0.068909153342247009
v -0.031013254076242447 0.019879020750522614 -0.015656817704439163
v 0.012496837414801121 -0.030445601791143417 -0.10016622394323349
v 0.012330036610364914 -0.03190530464053154 -0.10178195685148239
v 0.012699320912361145 -0.032614462077617645 -0.10008283704519272
v -0.012320241890847683 0.034299999475479126 -0.11229943484067917
v -0.029768070206046104 -0.0084402300417423248 -0.0054999999701976776
v -0.0089435158297419548 0.035799983888864517 -0.11545473337173462
v 0.011706124991178513 0.034141320735216141 -0.10964372009038925
v -0.011737925931811333 0.031301058828830719 -0.10859048366546631
v -0.020841237157583237 -0.03229999914765358 -0.026491522789001465
v -0.032491665333509445 -0.014517279341816902 -0.053631916642189026
v -0.0137855289503932 -0.035711698234081268 -0.10753080993890762
v -0.013844545930624008 -0.034299999475479126 -0.10834894329309464
v -0.025477442890405655 -0.03229999914765358 -0.052789680659770966
v -0.020931379869580269 0.016887489706277847 -0.071641527116298676
v -0.013243214227259159 -0.029724288731813431 -0.093941181898117065
v -0.035348035395145416 -0.0056315064430236816 -0.054643295705318451
v 0.022318296134471893 -0.028367746621370316 -0.07047552615404129
v 0.024685312062501907 -0.026001574471592903 -0.068132534623146057
v -0.024979088455438614 -0.03229999914765358 -0.043660428375005722
v -0.019774859771132469 -0.032299987971782684 -0.066190503537654877
v 0.037015315145254135 0.0060913935303688049 -0.033600501716136932
v 0.033169131726026535 0.01752040721476078 -0.040795862674713135
v -0.024502785876393318 0.026879347860813141 -0.068332090973854065
v 0.028489198535680771 0.023035727441310883 -0.063113361597061157
v 0.033223539590835571 0.015200166963040829 -0.040668435394763947
v -0.0025955145247280598 -0.035799998790025711 -0.099345430731773376
v 0.017000000923871994 0.030837154015898705 -0.078742779791355133
v -0.005051004234701395 -0.035799998790025711 -0.098819293081760406
v -0.03227744996547699 0.016381697729229927 -0.034154824912548065
v -0.033762048929929733 0.012761524878442287 -0.040118306875228882
v -0.034961100667715073 0.011418772861361504 -0.030697718262672424
v -0.035741545259952545 0.010158028453588486 -0.026894951239228249
v 0.01569770835340023 0.014099891297519207 -0.0054999999701976776
v -0.032904744148254395 0.016559679061174393 -0.03901919350028038
v -0.034875370562076569 0.011890832334756851 -0.028201861307024956
v -0.036409392952919006 0.0076543497852981091 -0.035626903176307678
v -0.036789357662200928 0.0065139499492943287 -0.037118352949619293
v -0.033486738801002502 0.019057188183069229 -0.046258796006441116
v -0.033007793128490448 0.019246891140937805 -0.039801336824893951
v -0.037430640310049057 0.0037318619433790445 -0.047556068748235703
v 0.01945197582244873 -0.0071220179088413715 -0.073962993919849396
v 0.020741745829582214 -0.0084554767236113548 -0.071851693093776703
v 0.02252776175737381 0.03229999914765358 -0.05503484234213829
v -0.0063929031603038311 0.035799998790025711 -0.11578419059514999
v 0.025653215125203133 0.03229999914765358 -0.04476991668343544
v -0.029403362423181534 0.0078493701294064522 -0.0054999664425849915
v 0.028801809996366501 0.030995912849903107 -0.029620528221130371
v 0.02737773209810257 0.0099904686212539673 -0.0054999999701976776
v 0.013337966054677963 0.035799998790025711 -0.082818254828453064
v 0.014180456288158894 0.035796694457530975 -0.085520260035991669
v 0.0042162491008639336 0.035799998790025711 -0.10737176984548569
v 0.0046039260923862457 0.035799998790025711 -0.10981247574090958
v 0.011246536858379841 0.035799998790025711 -0.085333488881587982
v 0.016900485381484032 0.035262025892734528 -0.088681600987911224
v -0.027571337297558784 0.013065517880022526 -0.0054999999701976776
v -0.029208896681666374 0.028303053230047226 -0.02910996600985527
v -0.017718533053994179 0.032112400978803635 -0.011105501092970371
v 0.025897616520524025 -0.03229999914765358 -0.049175981432199478
v -0.023920502513647079 -0.03229999914765358 -0.048690143972635269
v -0.028932724148035049 -0.031868688762187958 -0.058664727956056595
v -0.027194306254386902 -0.032227322459220886 -0.060032982379198074
v 0.030795738101005554 0.031671833246946335 -0.054839175194501877
v 0.028257604688405991 0.032297346740961075 -0.055504128336906433
v 0.003772602416574955 0.035799998790025711 -0.11640447378158569
v 0.0014993445947766304 0.035799998790025711 -0.11607532203197479
v -0.017635902389883995 -0.0026897117495536804 -0.0054999999701976776
v 0.014863898977637291 0.03493291512131691 -0.099099047482013702
v -0.026181623339653015 -0.0027658110484480858 -0.0054999999701976776
v -0.022346008569002151 -0.032272674143314362 -0.024170717224478722
v 0.027969680726528168 0.031817648559808731 -0.060878578573465347
v -0.00013902610226068646 0.025023199617862701 -0.0054999999701976776
v 0.031757179647684097 0.0048104114830493927 -0.0055113383568823338
v 0.037239145487546921 -0.0069341002963483334 -0.0097874952480196953
v -0.032578479498624802 -0.024331336840987206 -0.037728969007730484
v 0.028415417298674583 -0.024130059406161308 -0.026458494365215302
v -0.016444779932498932 -0.035660672932863235 -0.082972005009651184
v -0.0016923727234825492 -0.035799998790025711 -0.092140786349773407
v 0.0025579945649951696 -0.035799998790025711 -0.094655364751815796
v 0.0065585607662796974 -0.035799998790025711 -0.099505595862865448
v 0.012378456071019173 -0.035799521952867508 -0.092532210052013397
v 0.014335324987769127 -0.03579283133149147 -0.090028330683708191
v 0.011331283487379551 -0.035799998790025711 -0.089556843042373657
v 0.0087272590026259422 -0.035799998790025711 -0.088512331247329712
v 0.0092864762991666794 -0.035799998790025711 -0.091328829526901245
v 0.01350359246134758 0.032685525715351105 -0.098034486174583435
v 0.015045743435621262 0.033992651849985123 -0.096178852021694183
v 0.014610063284635544 -0.035586461424827576 -0.10018286854028702
v 0.012353640981018543 -0.035799335688352585 -0.098567716777324677
v 0.012913727201521397 -0.035787247121334076 -0.10135894268751144
v 0.014768333174288273 -0.035289488732814789 -0.096949346363544464
v 0.020197493955492973 -0.011483887210488319 -0.072216570377349854
v 0.0075666792690753937 -0.035799998790025711 -0.092962406575679779
v 0.010413616895675659 -0.035799998790025711 -0.084852427244186401
v 0.006151590496301651 -0.035799998790025711 -0.090370163321495056
v 0.0026699514128267765 -0.035799998790025711 -0.091389849781990051
v 0.0052319550886750221 -0.035799998790025711 -0.09362369030714035
v 0.0034880673047155142 -0.035799998790025711 -0.088237978518009186
v 0.0013095244066789746 -0.035799998790025711 -0.086822882294654846
v 0.0012441847939044237 -0.035799998790025711 -0.089015685021877289
v -0.0010176716605201364 -0.035799998790025711 -0.087982073426246643
v -0.0039753727614879608 -0.035799998790025711 -0.087914533913135529
v -0.0026049462612718344 -0.035799998790025711 -0.090177662670612335
v 0.011640814132988453 -0.03579983115196228 -0.10292471200227737
v 0.005540517158806324 -0.035799998790025711 -0.083416253328323364
v 0.0012120686005800962 -0.035799998790025711 -0.08471950888633728
v 0.012296726927161217 -0.035798296332359314 -0.095609717071056366
v 0.0050143785774707794 -0.035799998790025711 -0.096953704953193665
v 0.014403984881937504 -0.03580000251531601 -0.08450152724981308
v -0.0001916467008413747 -0.035799998790025711 -0.090648196637630463
v -0.0057013165205717087 0.0039863712154328823 -0.1288914829492569
v -0.014818328432738781 0.035799141973257065 -0.087033562362194061
v -0.015940088778734207 0.035623088479042053 -0.089429140090942383
v -0.016301875934004784 0.035494465380907059 -0.081342265009880066
v -0.016999583691358566 -0.034035857766866684 -0.081869922578334808
v 0.019630763679742813 -0.017625035718083382 -0.0054999999701976776
v -0.033483199775218964 -0.026809969916939735 -0.044750597327947617
v 0.015094446949660778 -0.035396657884120941 -0.092545449733734131
v -0.027928939089179039 0.032302014529705048 -0.034667231142520905
v 0.024985948577523232 0.03229999914765358 -0.039673026651144028
v 0.021350108087062836 0.03229999914765358 -0.052479501813650131
v 0.01508838776499033 -0.035798192024230957 -0.087131723761558533
v 0.012572553008794785 -0.035799998790025711 -0.08586091548204422
v -0.036839988082647324 -0.0045922435820102692 -0.050587993115186691
v -0.027793575078248978 0.023794263601303101 -0.023517141118645668
v -0.02808622270822525 0.024335825815796852 -0.02562967874109745
v -0.024704109877347946 -0.03229999914765358 -0.061217267066240311
v -0.02167593315243721 -0.023525334894657135 -0.0055000954307615757
v -0.028398275375366211 0.032021913677453995 -0.031855568289756775
v 0.00060077180387452245 -0.035799980163574219 -0.12733431160449982
v 0.0024845292791724205 -0.035799995064735413 -0.126050665974617
v -0.035299338400363922 -0.0095406481996178627 -0.040678076446056366
v -0.035110391676425934 -0.01020390447229147 -0.038176350295543671
v 0.03352753072977066 -0.013670371845364571 -0.041452869772911072
v -0.036576643586158752 -0.006619779858738184 -0.042823467403650284
v -0.029931383207440376 -0.027289777994155884 -0.030459318310022354
v 0.033491495996713638 -0.024817746132612228 -0.045149095356464386
v 0.029055425897240639 -0.022142468020319939 -0.017783934250473976
v 0.030458144843578339 -0.02026141993701458 -0.018740762025117874
v 0.033340349793434143 -0.018466422334313393 -0.042296707630157471
v 0.036855466663837433 -0.0074201645329594612 -0.023051673546433449
v 0.037925779819488525 -0.001349908416159451 -0.039335578680038452
v 0.035018302500247955 -0.011138272471725941 -0.032051388174295425
v 0.037022367119789124 -0.0058921272866427898 -0.036141183227300644
v 0.036770004779100418 -0.0057073477655649185 -0.047466825693845749
v -0.029194202274084091 -0.021652992814779282 -0.025555208325386047
v -0.020692078396677971 0.03229999914765358 -0.057498585432767868
v 0.0051663760095834732 -0.035799998790025711 -0.12494223564863205
v 0.024663405492901802 0.03229999914765358 -0.048337846994400024
v -0.024786172434687614 0.027247382327914238 -0.01855098269879818
v -0.025347916409373283 -0.029582550749182701 -0.022977186366915703
v 0.024267734959721565 0.03229999914765358 -0.046289838850498199
v -0.01731986366212368 0.032300505787134171 -0.018631882965564728
v -0.018906524404883385 0.032289613038301468 -0.017381735146045685
v -0.020943405106663704 0.032301634550094604 -0.02373969741165638
v -0.020125553011894226 0.032303523272275925 -0.02181755006313324
v -0.020739011466503143 0.03229999914765358 -0.026545001193881035
v -0.016530757769942284 0.03229999914765358 -0.03130645677447319
v -0.014458970166742802 0.03229999914765358 -0.031451690942049026
v -0.018175683915615082 0.03229999914765358 -0.058425355702638626
v 0.020196907222270966 0.03229999914765358 -0.049526944756507874
v -0.022626511752605438 0.03229999914765358 -0.035620056092739105
v 0.021158672869205475 0.03229999914765358 -0.03658241406083107
v 0.022629808634519577 0.03229999914765358 -0.03885563462972641
v 0.01924111507833004 0.032300099730491638 -0.022432006895542145
v 0.019011648371815681 0.032305050641298294 -0.019983422011137009
v -0.016879795119166374 0.034989330917596817 -0.084063395857810974
v 0.016784736886620522 0.035357944667339325 -0.085636958479881287
v 0.015004158020019531 0.035772074013948441 -0.080310776829719543
v -0.020862773060798645 0.0041556642390787601 -0.071747466921806335
v 0.02607671357691288 0.032000493258237839 -0.063266441226005554
v -0.014999999664723873 0.03482460230588913 -0.10517407953739166
v -0.026669586077332497 0.032201573252677917 -0.060758210718631744
v 0.020951246842741966 -0.02972128614783287 -0.071503408253192902
v 0.019273219630122185 -0.031151482835412025 -0.072007954120635986
v -0.012375529855489731 0.01630670391023159 -0.094966597855091095
v -0.00089632556773722172 0.035799998790025711 -0.10977273434400558
v -0.023754097521305084 0.019890721887350082 -0.0054999999701976776
v 0.030649391934275627 0.028570419177412987 -0.032000109553337097
v -0.022028915584087372 -0.029990853741765022 -0.016142908483743668
v -0.022620774805545807 -0.030157292261719704 -0.01796761155128479
v 0.026665655896067619 -0.028336843475699425 -0.024762809276580811
v -0.024261461570858955 0.0079650925472378731 -0.068616472184658051
v -0.012748949229717255 0.030194723978638649 -0.0057215089909732342
v 0.020388655364513397 0.026872009038925171 -0.072070002555847168
v 0.032108590006828308 0.015897350385785103 -0.055033557116985321
v 0.021125873550772667 0.022162280976772308 -0.071486823260784149
v 0.028629476204514503 0.012695331126451492 -0.062876299023628235
v 0.029582351446151733 0.021406939253211021 -0.061200633645057678
v 0.0047976486384868622 -0.035799998790025711 -0.12259534001350403
v -0.0037900805473327637 -0.035799998790025711 -0.10817288607358932
v 0.023564284667372704 0.03229999914765358 -0.044104285538196564
v -0.027086116373538971 0.026152495294809341 -0.024490512907505035
v -0.014999999664723873 -0.034587543457746506 -0.10127758979797363
v -0.037827689200639725 0.0024021263234317303 -0.034982055425643921
v 0.014494096860289574 -0.011421789415180683 -0.08063189685344696
v -0.0098360832780599594 0.02122657373547554 -0.0054999999701976776
v -0.0083232773467898369 0.017818035557866096 -0.0054999999701976776
v -0.012196967378258705 0.024053584784269333 -0.0054999999701976776
v -0.011412625201046467 0.026657752692699432 -0.0055000022985041142
v -0.017483670264482498 0.016240505501627922 -0.0054999999701976776
v -0.021813755854964256 0.018557101488113403 -0.0054999999701976776
v -0.019957903772592545 0.017096159979701042 -0.0054999999701976776
v 0.018406545743346214 -0.03229999914765358 -0.060222271829843521
v 0.020878789946436882 -0.03229999914765358 -0.048297509551048279
v -0.029927317053079605 -0.019523313269019127 -0.060535475611686707
v -0.032352425158023834 -0.011399957351386547 -0.055101271718740463
v -0.033456142991781235 -0.0093449736014008522 -0.053993407636880875
v -0.03320842981338501 -0.014752447605133057 -0.049883123487234116
v 0.0022277194075286388 0.035799998790025711 -0.087317727506160736
v 0.0037846988998353481 0.035799998790025711 -0.084360413253307343
v -0.0076575190760195255 0.035799998790025711 -0.10814806818962097
v -0.0049606868997216225 0.035799998790025711 -0.082906126976013184
v -0.0050368444062769413 0.035799998790025711 -0.085747912526130676
v -0.007376380730420351 0.035799998790025711 -0.083681352436542511
v -0.011565709486603737 0.035800021141767502 -0.098470747470855713
v -0.01024684589356184 0.03580000251531601 -0.095870830118656158
v -0.0087813427671790123 0.035799998790025711 -0.097955234348773956
v -0.0074047446250915527 0.035799998790025711 -0.095125243067741394
v -0.0064561031758785248 0.035799998790025711 -0.097529798746109009
v 0.0060400939546525478 0.035799998790025711 -0.09560086578130722
v 0.0041928980499505997 0.035799998790025711 -0.09813699871301651
v 0.0001329202059423551 0.035799998790025711 -0.10716599225997925
v -0.0053395926952362061 0.035799998790025711 -0.11863331496715546
v -0.01687278226017952 -0.024979548528790474 -0.090197734534740448
v 0.0023423503153026104 0.03011518158018589 -0.0056985719129443169
v 0.0037172017619013786 0.028060358017683029 -0.0054976455867290497
v 0.017000000923871994 -0.021513218060135841 -0.081594280898571014
v 0.00066217069979757071 0.019011151045560837 -0.0054999999701976776
v 0.0030991423409432173 0.018923906609416008 -0.0054999999701976776
v -0.0046356492675840855 -0.035799998790025711 -0.1015603169798851
v 0.032339196652173996 -0.015830457210540771 -0.05422079935669899
v 0.032588109374046326 -0.018273262307047844 -0.05323488637804985
v 0.027803251519799232 -0.010624127462506294 -0.0054999999701976776
v 0.0306071937084198 -0.0088446848094463348 -0.0055000022985041142
v 0.027982259169220924 -0.0078917853534221649 -0.0054999999701976776
v 0.023879911750555038 -0.015477031469345093 -0.0054999999701976776
v 0.01711137592792511 -0.024088118225336075 -0.075223065912723541
v 0.022563805803656578 0.03229999914765358 -0.041484437882900238
v -0.030134560540318489 0.031496744602918625 -0.057372856885194778
v 0.022535977885127068 0.03229999914765358 -0.047790206968784332
v 0.020317580550909042 0.03229999914765358 -0.046401072293519974
v -0.019344845786690712 0.03229999914765358 -0.048427272588014603
v -0.020408933982253075 0.03229999914765358 -0.050617292523384094
v 0.0043909698724746704 -0.031087862327694893 -0.0061637647449970245
v 0.0074524395167827606 -0.031693436205387115 -0.0069153858348727226
v 0.00026417689514346421 -0.035799998790025711 -0.093132719397544861
v 0.010672071017324924 0.029629707336425781 -0.0055401246063411236
v 0.012775296345353127 -0.035799998790025711 -0.087921768426895142
v 0.010732321068644524 -0.035799998790025711 -0.0871291384100914
v -0.016887903213500977 0.0089323259890079498 -0.0054999999701976776
v -0.014701295644044876 0.0069234562106430531 -0.0054999999701976776
v -0.014182600192725658 0.010188506916165352 -0.0054999999701976776
v 0.0033490501809865236 -0.035799998790025711 -0.085292316973209381
v 0.0049973814748227596 0.016978280618786812 -0.0054999999701976776
v 0.0076007163152098656 0.014947153627872467 -0.0054999999701976776
v -0.00027627262170426548 0.01634463295340538 -0.0054999999701976776
v -0.0014509927714243531 0.0137833496555686 -0.0054999999701976776
v 0.0096142394468188286 0.01747409999370575 -0.0054999999701976776
v 0.012113443575799465 0.016411148011684418 -0.0054999999701976776
v 0.014807921834290028 0.01672527939081192 -0.0054999999701976776
v 0.012292308732867241 0.019081790000200272 -0.0054999999701976776
v -0.0073071951046586037 0.011703411117196083 -0.0054999999701976776
v 0.016695370897650719 -0.03522111102938652 -0.089146576821804047
v 0.016120385378599167 0.009595249779522419 -0.0054999999701976776
v 0.017480820417404175 0.0071872081607580185 -0.0054999999701976776
v -0.0031057086307555437 -0.035799998790025711 -0.083039499819278717
v 0.016415383666753769 -0.035619363188743591 -0.080111324787139893
v 0.0053726909682154655 -0.035799998790025711 -0.1178593710064888
v 0.028334341943264008 -0.013707466423511505 -0.0054999999701976776
v 0.024667834863066673 -0.019916025921702385 -0.0055000022985041142
v -0.017246697098016739 0.0060920054093003273 -0.0054999999701976776
v -0.017434203997254372 0.0037874560803174973 -0.0054999999701976776
v -0.015350257977843285 0.0042319674976170063 -0.0054999999701976776
v 0.0070955641567707062 0.017818633466959 -0.0054999999701976776
v 0.0079620033502578735 0.01952318474650383 -0.0054999999701976776
v 0.0013337510172277689 0.013600372709333897 -0.0054999999701976776
v 0.024744695052504539 0.005604614969342947 -0.0054999999701976776
v 0.022664707154035568 0.0067634247243404388 -0.0054999999701976776
v 0.021949928253889084 0.0043111168779432774 -0.0054999999701976776
v 0.0056968159042298794 0.0049039339646697044 -0.0054999999701976776
v 0.0084068421274423599 0.0047895852476358414 -0.0054999999701976776
v 0.0069951536133885384 0.0073988283984363079 -0.0054999999701976776
v -0.010222358629107475 0.0047633224166929722 -0.0054999999701976776
v -0.0079604340717196465 0.0050101778469979763 -0.0054999999701976776
v -0.0092612393200397491 0.0073448033072054386 -0.0054999999701976776
v 0.016962585970759392 0.01838885061442852 -0.0054999999701976776
v -0.0052865389734506607 0.011663480661809444 -0.0054999999701976776
v -0.0042004664428532124 0.0088801225647330284 -0.0054999999701976776
v 0.01111326739192009 0.0047489004209637642 -0.0054999999701976776
v 0.01229674369096756 0.0072052790783345699 -0.0054999999701976776
v 0.013469366356730461 0.0095987021923065186 -0.0054999999701976776
v -0.024356245994567871 -0.03204156830906868 -0.065475136041641235
v -0.021979130804538727 0.021262584254145622 -0.0054999999701976776
v -0.032339539378881454 0.018646195530891418 -0.054224863648414612
v -0.02871440164744854 0.019033405929803848 -0.062738105654716492
v -0.017167536541819572 0.021483862772583961 -0.075136736035346985
v -0.024143451824784279 0.017830625176429749 -0.068716004490852356
v -0.033343475311994553 0.011031382717192173 -0.051999818533658981
v -0.027783308178186417 0.028887657448649406 -0.064195826649665833
v -0.017114771530032158 0.024147789925336838 -0.075317412614822388
v 0.0070509109646081924 0.035799998790025711 -0.11055649071931839
v 0.033301319926977158 -0.016947818920016289 -0.049064043909311295
v -0.0078638354316353798 -0.03229999914765358 -0.029284385964274406
v 0.030678596347570419 -0.001921057584695518 -0.0054999999701976776
v 0.0099503155797719955 0.035799998790025711 -0.11116097122430801
v 0.028193386271595955 -0.023430155590176582 -0.015132260508835316
v 0.02694842591881752 -0.024537419900298119 -0.01747032068669796
v -0.02418946847319603 0.03229999914765358 -0.037878796458244324
v -0.021428246051073074 -0.03229999914765358 -0.037384826689958572
v 0.029382841661572456 0.031475815922021866 -0.059038527309894562
v 0.020598599687218666 -0.021490326151251793 -0.0054999999701976776
v 0.029482055455446243 -0.021291483193635941 -0.020472215488553047
v 0.021719200536608696 -0.019334537908434868 -0.0054999999701976776
v 0.023494869470596313 -0.01765822060406208 -0.0054999999701976776
v 0.021111531183123589 0.03229999914765358 -0.043933678418397903
v -0.020085768774151802 0.03229999914765358 -0.046389214694499969
v -0.025219129398465157 0.03229999914765358 -0.035324588418006897
v 0.024136792868375778 0.03229999914765358 -0.037022095173597336
v -0.022750610485672951 0.03229999914765358 -0.040159784257411957
v -0.021792221814393997 0.03229999914765358 -0.044792298227548599
v 0.022354794666171074 0.03229999914765358 -0.045701570808887482
v -0.021369742229580879 0.03229999914765358 -0.055367529392242432
v 0.0071514756418764591 -0.03229999914765358 -0.039987135678529739
v -0.027084477245807648 -0.0080939633771777153 -0.0054999999701976776
v 0.025675751268863678 -0.017363054677844048 -0.0054999999701976776
v 0.017000000923871994 -0.030349230393767357 -0.08638831228017807
v 0.026353204622864723 -0.01256219670176506 -0.0054999999701976776
v -0.025373946875333786 -0.030700666829943657 -0.066687114536762238
v 0.02713296003639698 0.029955726116895676 -0.064862027764320374
v -0.023655937984585762 0.032231364399194717 -0.025844758376479149
v -0.023490777239203453 0.031915616244077682 -0.023147514089941978
v 0.012571841478347778 0.035795051604509354 -0.080254331231117249
v 0.0029615494422614574 0.035799998790025711 -0.081471733748912811
v 0.00096537580247968435 0.035800203680992126 -0.080709591507911682
v -0.0011517558014020324 0.035800117999315262 -0.080958656966686249
v -0.0036478396505117416 0.035800214856863022 -0.080806463956832886
v -0.027140479534864426 -0.031784042716026306 -0.062390822917222977
v -0.0092097446322441101 0.035799995064735413 -0.081332765519618988
v 0.0014731769915670156 0.035799998790025711 -0.10474357008934021
v -0.027888553217053413 0.030941721051931381 -0.0628528892993927
v -0.0026002512313425541 0.035799998790025711 -0.10182872414588928
v -0.0065992292948067188 0.035799998790025711 -0.1052682176232338
v -0.0044804518111050129 0.035799998790025711 -0.091162949800491333
v -0.0062889275141060352 0.035799998790025711 -0.08910004049539566
v -0.0006676524062640965 0.035799998790025711 -0.09316059947013855
v 0.00076759717194363475 0.035799998790025711 -0.090335763990879059
v 0.0019761009607464075 0.035799998790025711 -0.093004800379276276
v -0.0074858535081148148 0.035799998790025711 -0.11310508102178574
v 0.0099551426246762276 0.035796273499727249 -0.080036699771881104
v 0.011236986145377159 0.035799998790025711 -0.082358464598655701
v -0.0062797544524073601 0.035800188779830933 -0.080854415893554688
v -0.0062118000350892544 0.035799998790025711 -0.11046227067708969
v 0.004568497184664011 0.035799998790025711 -0.092964038252830505
v -0.011788089759647846 0.035799998790025711 -0.086872659623622894
v 0.0051070572808384895 0.035799998790025711 -0.082022786140441895
v -0.0048162089660763741 0.035799998790025711 -0.10749933123588562
v 0.0067156828008592129 0.035799998790025711 -0.092828340828418732
v 0.015049466863274574 -0.0091564590111374855 -0.079865261912345886
v -0.0040354202501475811 0.035799998790025711 -0.10464601963758469
v 0.0010746088810265064 0.027933428063988686 -0.0054999161511659622
v 0.0035048241261392832 0.035799998790025711 -0.090236462652683258
v -0.014641121961176395 0.035438250750303268 -0.099106051027774811
v -0.012915011495351791 0.035801559686660767 -0.10103372484445572
v -0.029811076819896698 0.021957054734230042 -0.011273604817688465
v 0.031449142843484879 0.0004447994870133698 -0.0054999995045363903
v 0.018792210146784782 0.031587813049554825 -0.011481817811727524
v 0.0086459340527653694 0.035799998790025711 -0.093942694365978241
v -0.028199872002005577 -0.029192304238677025 -0.027509322389960289
v 0.017000000923871994 0.031317867338657379 -0.083947204053401947
v -0.033398281782865524 -0.020230788737535477 -0.048063937574625015
v 0.032027363777160645 0.029205489903688431 -0.055196318775415421
v -0.033493291586637497 -0.02457091212272644 -0.045402310788631439
v 0.030644401907920837 -0.028944691643118858 -0.05895981565117836
v -0.035103943198919296 -0.0091087101027369499 -0.046997617930173874
v -0.033071529120206833 -0.016509657725691795 -0.04010559618473053
v 0.026116484776139259 -0.014768932014703751 -0.0054999999701976776
v 0.022972406819462776 0.029602738097310066 -0.017938220873475075
v 0.02318727970123291 0.028508622199296951 -0.015693739056587219
v 0.025175768882036209 -0.030083231627941132 -0.022993216291069984
v -0.025221431627869606 -0.032188504934310913 -0.063518621027469635
v 0.028882836923003197 0.022956989705562592 -0.012230880558490753
v -0.028179554268717766 -0.030027130618691444 -0.063205577433109283
v -0.01852787472307682 -0.029983928427100182 -0.073245793581008911
v -0.030677467584609985 -0.030276404693722725 -0.058212772011756897
v -0.024145787581801414 -0.029078047722578049 -0.020135737955570221
v 0.028327140957117081 0.030055051669478416 -0.063013836741447449
v -0.020790878683328629 -0.030878540128469467 -0.014818727970123291
v 0.026166500523686409 0.012010622769594193 -0.0054999999701976776
v 0.029321487993001938 -0.0064197410829365253 -0.0054999999701976776
v 0.008354533463716507 0.035799998790025711 -0.0910944864153862
v 0.0012898425338789821 -0.035799998790025711 -0.11955711990594864
v -0.026447443291544914 0.032294817268848419 -0.030566049739718437
v 0.0062540662474930286 0.027955815196037292 -0.005499604158103466
v 0.023988759145140648 -0.027854399755597115 -0.010271294973790646
v -0.022401053458452225 -0.029063664376735687 -0.013883388601243496
v -0.025020543485879898 -0.026725763455033302 -0.013795247301459312
v 0.025315936654806137 -0.026316490024328232 -0.016965534538030624
v 0.030986856669187546 -0.0087194191291928291 -0.060085289180278778
v -0.013165373355150223 0.035671353340148926 -0.11068299412727356
v 0.026198094710707664 0.030032183974981308 -0.024684755131602287
v -0.023458326235413551 0.028219945728778839 -0.011042408645153046
v -0.021922670304775238 0.029415065422654152 -0.010066678747534752
v -0.019915400072932243 0.030756248161196709 -0.010129708796739578
v 0.0259088184684515 -0.031328160315752029 -0.025741510093212128
v 0.024956723675131798 0.027094684541225433 -0.0095335319638252258
v -0.025067580863833427 0.026840308681130409 -0.011796826496720314
v -0.02388455905020237 0.027962194755673409 -0.016935005784034729
v 0.016528977081179619 0.026079241186380386 -0.0054999999701976776
v 3.9489943446824327e-05 -0.035799998790025711 -0.12498346716165543
v 0.032713592052459717 0.021987514570355415 -0.052688185125589371
v 0.027124717831611633 0.028608309105038643 -0.025662505999207497
v 0.032773807644844055 0.015905093401670456 -0.052385721355676651
v 0.018056033179163933 0.024376628920435905 -0.0054999999701976776
v -0.033452250063419342 0.027088051661849022 -0.047190219163894653
v 0.032722461968660355 0.025309048593044281 -0.052653685212135315
v -0.034513954073190689 -0.0094509245827794075 -0.049711722880601883
v -0.035994533449411392 -0.0069123874418437481 -0.04940645769238472
v 0.018556408584117889 -0.03229999914765358 -0.049160964787006378
v 0.018646176904439926 -0.032144114375114441 -0.014951109886169434
v 0.033637199550867081 -0.010459545068442822 -0.051569458097219467
v 0.033920764923095703 -0.0087190801277756691 -0.05360398069024086
v 0.029556121677160263 0.031927675008773804 -0.057109314948320389
v -0.032941281795501709 0.017761256545782089 -0.051550544798374176
v 0.027967032045125961 -0.026697881519794464 -0.026716349646449089
v -0.033801615238189697 0.011298540979623795 -0.049267895519733429
v -0.033188778907060623 0.021268250420689583 -0.049991574138402939
v 0.023913655430078506 -0.028440685942769051 -0.068950265645980835
v 0.026154622435569763 0.025662904605269432 -0.013903840444982052
v 0.026839509606361389 0.024751702323555946 -0.016288409009575844
v 0.028030874207615852 0.023705437779426575 -0.014226986095309258
v -0.011097627691924572 -0.030581507831811905 -0.0058601764030754566
v -0.011984936892986298 0.0073282020166516304 -0.0054999999701976776
v -0.019456870853900909 0.0078956186771392822 -0.0054999999701976776
v -0.019843686372041702 0.0046816412359476089 -0.0054999999701976776
v -0.022963976487517357 0.0041943672113120556 -0.0054999999701976776
v -0.021187394857406616 0.0018836536910384893 -0.0054999999701976776
v 0.0023673332761973143 0.016417462378740311 -0.0054999999701976776
v -0.0071240044198930264 0.014431615360081196 -0.0054999999701976776
v -0.010980301536619663 0.01011299341917038 -0.0054999999701976776
v -0.012840617448091507 0.0045853559859097004 -0.0054999999701976776
v 0.015403151512145996 0.024008072912693024 -0.0054999999701976776
v 0.012690561823546886 0.024254327639937401 -0.0054999999701976776
v 0.013882636092603207 0.02165280282497406 -0.0054999999701976776
v 0.0014596822438761592 0.007920549251139164 -0.0054999999701976776
v 0.0029161956626921892 0.0050555085763335228 -0.0054999999701976776
v 0.0042763245292007923 0.0076542808674275875 -0.0054999999701976776
v 0.018578758463263512 0.0046061230823397636 -0.0054999999701976776
v 0.020275227725505829 0.0069333496503531933 -0.0054999999701976776
v 0.018932310864329338 0.0095236292108893394 -0.0054999999701976776
v 0.022108888253569603 0.0092421863228082657 -0.0054999999701976776
v -0.0057920408435165882 0.0038128998130559921 -0.0054999999701976776
v 0.014965763315558434 0.019418029114603996 -0.0054999999701976776
v 0.017000125721096992 0.033107627183198929 -0.08617798238992691
v 0.025023855268955231 0.0097235711291432381 -0.0054999999701976776
v 0.013313567265868187 0.014281047508120537 -0.0054999999701976776
v 0.0070757237263023853 0.012111618183553219 -0.0054999999701976776
v 0.0233329888433218 0.011967165395617485 -0.0054999999701976776
v -0.019774274900555611 0.023007052019238472 -0.0054999999701976776
v 0.033431529998779297 -0.024056617170572281 -0.047582946717739105
v 0.032960645854473114 -0.016306567937135696 -0.051460746675729752
v -0.022157121449708939 0.0069567607715725899 -0.0054999999701976776
v -0.011066881939768791 0.018242478370666504 -0.0054999999701976776
v -0.0096010593697428703 0.015817290171980858 -0.0054999999701976776
v -0.032587960362434387 -0.023772276937961578 -0.053228605538606644
v -0.014433061704039574 0.015873286873102188 -0.0054999999701976776
v -0.019555894657969475 0.015219055116176605 -0.0054999999701976776
v 0.036481849849224091 -0.0057051456533372402 -0.050083868205547333
v -0.013452178798615932 0.020937567576766014 -0.0054999999701976776
v -0.01331008318811655 0.017926212400197983 -0.0054999999701976776
v -0.0094492556527256966 0.024582386016845703 -0.0054999999701976776
v -0.0075250468216836452 0.022770309820771217 -0.0054999999701976776
v -0.033387158066034317 -0.02396046556532383 -0.048156533390283585
v 0.035104095935821533 -0.0078769484534859657 -0.051209457218647003
v 0.0022397988941520452 0.035799998790025711 -0.10677091032266617
v -0.0070251859724521637 0.035799998790025711 -0.092078469693660736
v -0.033836223185062408 -0.01163768395781517 -0.048370800912380219
v -0.010404014959931374 0.035799998790025711 -0.084226310253143311
v -0.018164992332458496 0.03229999914765358 -0.050214327871799469
v 0.033238109201192856 -0.024808403104543686 -0.049633018672466278
v -0.019203782081604004 0.010964351706206799 -0.0054999999701976776
v -0.033319029957056046 -0.01131113525480032 -0.051793266087770462
v -0.033238351345062256 -0.025698132812976837 -0.049616135656833649
v 0.033479679375886917 -0.012223533354699612 -0.049695603549480438
v 0.0360381118953228 -0.0055194487795233727 -0.052526049315929413
v -0.0016139813233166933 0.018617015331983566 -0.0054999999701976776
v 0.0024959761649370193 -0.035799998790025711 -0.1228562593460083
v 0.013115438632667065 -0.031587861478328705 -0.098053082823753357
v -0.023213936015963554 -0.014614252373576164 -0.0054999999701976776
v -0.023959958925843239 0.0016129598952829838 -0.0054999999701976776
v -0.0062564807012677193 0.030339628458023071 -0.0057604201138019562
v 0.024286249652504921 0.0077555752359330654 -0.0054999999701976776
v -0.033258482813835144 0.023413076996803284 -0.049479402601718903
v -0.014148586429655552 0.035804305225610733 -0.080140270292758942
v 0.020098552107810974 0.031632788479328156 -0.070783548057079315
v -0.0030244018416851759 -0.024065367877483368 -0.0054999999701976776
v 0.029242312535643578 -0.022426648065447807 -0.01320930290967226
v -0.0050674732774496078 -0.035800009965896606 -0.12418933212757111
v -0.027181584388017654 0.03229999914765358 -0.04550478607416153
v -0.0016076964093372226 0.021666873246431351 -0.0054999999701976776
v 0.014658674597740173 0.011943197809159756 -0.0054999999701976776
v -0.0039803204126656055 -0.025404542684555054 -0.12966011464595795
f 1 2 3
f 4 5 6
f 7 8 9
f 10 11 12
f 13 14 15
f 16 17 18
f 19 20 17
f 21 22 23
f 24 25 26
f 27 28 29
f 30 31 32
f 33 34 35
f 36 37 38
f 39 40 41
f 42 43 44
f 45 43 46
f 47 48 49
f 50 51 52
f 53 54 55
f 56 57 58
f 59 60 61
f 62 63 64
f 65 66 67
f 68 69 70
f 71 72 73
f 23 74 21
f 71 75 66
f 76 77 78
f 39 79 80
f 81 44 45
f 28 27 82
f 83 84 85
f 86 87 82
f 88 89 90
f 91 92 93
f 94 67 95
f 96 97 98
f 99 100 101
f 77 76 102
f 103 104 105
f 106 107 108
f 109 106 110
f 111 112 113
f 114 115 116
f 117 118 119
f 120 121 122
f 123 119 121
f 124 125 126
f 127 128 129
f 130 131 132
f 133 134 135
f 136 137 138
f 139 140 141
f 142 143 144
f 145 146 144
f 147 148 149
f 150 151 152
f 153 154 155
f 37 156 157
f 158 123 120
f 120 124 159
f 160 161 162
f 163 164 165
f 166 111 163
f 167 168 169
f 170 167 171
f 172 173 174
f 25 175 172
f 176 177 178
f 108 179 180
f 108 181 182
f 183 184 185
f 186 187 188
f 189 190 191
f 101 10 192
f 79 193 194
f 195 196 197
f 70 69 198
f 199 200 201
f 202 203 204
f 80 18 205
f 206 207 208
f 209 210 211
f 24 212 213
f 175 25 24
f 96 82 35
f 27 29 214
f 215 216 217
f 218 219 220
f 79 39 221
f 222 223 224
f 37 36 156
f 41 190 189
f 225 226 217
f 227 187 186
f 209 228 229
f 72 71 227
f 230 231 232
f 102 76 233
f 234 235 236
f 237 238 239
f 103 240 241
f 178 112 111
f 23 22 242
f 243 73 169
f 244 118 117
f 116 174 118
f 245 159 246
f 247 248 249
f 250 245 246
f 251 135 252
f 253 254 255
f 203 202 256
f 257 200 258
f 28 82 87
f 259 260 261
f 29 28 26
f 78 244 262
f 148 263 264
f 265 266 154
f 193 267 97
f 267 268 269
f 270 271 272
f 189 273 274
f 275 276 277
f 278 279 280
f 256 281 203
f 178 177 282
f 107 283 179
f 284 250 285
f 252 286 287
f 288 289 290
f 291 292 293
f 294 295 296
f 296 295 297
f 101 100 298
f 299 300 301
f 302 303 264
f 304 305 306
f 307 308 309
f 310 311 312
f 301 187 65
f 227 66 65
f 313 314 315
f 316 317 318
f 319 320 321
f 288 322 289
f 259 323 324
f 325 326 327
f 328 329 330
f 331 332 333
f 334 335 336
f 337 338 339
f 340 341 342
f 343 344 345
f 346 335 334
f 160 347 348
f 349 350 351
f 352 353 354
f 355 356 357
f 358 37 157
f 359 360 346
f 361 309 308
f 362 363 364
f 365 366 367
f 368 364 363
f 369 360 359
f 370 371 364
f 372 373 374
f 375 376 377
f 378 379 380
f 381 382 383
f 384 385 386
f 387 388 60
f 389 390 391
f 392 393 394
f 395 396 383
f 397 398 399
f 400 401 353
f 402 403 404
f 405 406 407
f 408 330 375
f 409 410 411
f 412 413 414
f 415 416 417
f 418 419 420
f 421 422 423
f 424 425 426
f 423 427 421
f 428 429 430
f 431 432 433
f 334 434 435
f 54 436 437
f 438 431 272
f 439 440 441
f 442 443 444
f 445 446 447
f 448 449 450
f 451 452 421
f 453 454 455
f 456 457 458
f 334 435 459
f 460 461 462
f 355 407 399
f 302 463 464
f 465 463 466
f 415 467 416
f 468 469 454
f 470 471 472
f 473 474 475
f 476 477 478
f 479 418 480
f 481 355 399
f 482 483 484
f 309 485 307
f 486 487 488
f 489 490 491
f 492 483 493
f 210 229 494
f 340 495 453
f 452 451 496
f 497 404 498
f 368 426 425
f 499 500 501
f 502 355 357
f 503 502 357
f 504 505 506
f 425 507 370
f 508 509 510
f 511 512 422
f 513 514 503
f 515 516 517
f 371 518 519
f 520 521 522
f 523 524 525
f 526 527 528
f 529 530 531
f 532 21 533
f 534 535 536
f 537 538 539
f 329 375 330
f 249 248 162
f 540 541 542
f 543 544 545
f 546 547 548
f 347 549 550
f 551 552 553
f 554 555 556
f 557 558 559
f 560 561 562
f 563 564 565
f 548 566 567
f 568 553 552
f 569 570 571
f 572 573 574
f 575 576 577
f 578 579 580
f 581 582 392
f 583 584 585
f 586 587 588
f 589 590 591
f 592 593 594
f 595 596 597
f 324 598 259
f 598 260 259
f 599 600 601
f 602 603 604
f 605 606 607
f 604 607 608
f 609 610 611
f 612 610 609
f 613 614 615
f 616 617 313
f 618 619 563
f 613 620 619
f 589 602 621
f 622 623 624
f 56 625 626
f 627 628 58
f 629 596 630
f 579 578 631
f 291 632 292
f 633 634 198
f 609 635 636
f 309 361 637
f 591 638 639
f 640 641 642
f 643 644 645
f 646 580 579
f 647 648 649
f 650 651 595
f 70 652 68
f 602 604 653
f 280 654 655
f 640 656 575
f 589 657 602
f 622 658 610
f 655 659 660
f 608 661 596
f 263 148 662
f 645 663 664
f 665 647 666
f 667 537 515
f 271 270 668
f 618 563 581
f 458 669 456
f 670 278 671
f 672 673 674
f 671 675 676
f 670 671 676
f 677 678 673
f 679 680 681
f 682 683 684
f 682 685 686
f 327 687 688
f 689 690 691
f 692 693 694
f 644 695 663
f 696 697 693
f 698 699 700
f 701 702 703
f 704 705 706
f 152 707 150
f 151 708 147
f 709 710 711
f 709 712 713
f 714 715 701
f 464 463 465
f 716 717 718
f 719 693 692
f 720 721 719
f 696 693 721
f 722 723 712
f 724 725 726
f 499 501 727
f 306 501 728
f 729 730 731
f 732 733 734
f 735 736 737
f 738 739 740
f 225 36 226
f 733 719 692
f 741 703 742
f 701 703 743
f 737 744 745
f 746 747 748
f 215 217 226
f 226 749 215
f 715 750 701
f 717 716 746
f 728 304 306
f 716 690 751
f 709 752 712
f 742 753 754
f 755 305 756
f 757 758 759
f 548 735 760
f 761 211 210
f 762 763 764
f 765 766 767
f 768 769 770
f 383 771 381
f 772 207 773
f 774 775 776
f 777 774 778
f 779 780 781
f 779 782 783
f 784 767 783
f 764 768 785
f 786 787 22
f 788 789 790
f 791 792 793
f 277 794 786
f 795 796 797
f 798 799 797
f 395 382 800
f 801 396 395
f 802 803 441
f 804 780 805
f 806 807 808
f 809 810 811
f 758 810 775
f 812 813 814
f 815 816 817
f 817 818 819
f 820 821 822
f 823 824 825
f 825 826 779
f 827 828 829
f 830 831 832
f 827 830 828
f 796 795 833
f 834 835 836
f 837 838 839
f 840 841 842
f 843 844 845
f 843 846 847
f 848 766 849
f 53 850 851
f 852 853 854
f 855 856 857
f 858 859 860
f 861 862 863
f 864 865 866
f 801 836 795
f 239 238 549
f 781 780 867
f 347 868 549
f 869 870 871
f 872 873 874
f 162 161 249
f 875 876 877
f 878 879 880
f 881 882 883
f 884 881 885
f 886 887 888
f 260 598 889
f 818 890 891
f 261 323 259
f 891 892 819
f 843 845 822
f 831 830 856
f 893 761 210
f 894 895 896
f 897 375 898
f 899 900 61
f 302 263 463
f 858 832 901
f 902 833 835
f 903 685 904
f 905 879 906
f 798 796 907
f 239 908 909
f 910 870 869
f 875 911 910
f 825 824 912
f 841 912 913
f 584 583 844
f 914 915 637
f 916 917 918
f 919 920 766
f 921 922 923
f 85 924 925
f 272 431 270
f 926 855 849
f 927 928 929
f 930 931 932
f 933 934 935
f 936 937 676
f 938 939 940
f 676 937 670
f 941 942 195
f 943 944 930
f 945 946 947
f 278 948 671
f 949 950 951
f 655 952 280
f 654 953 954
f 810 758 757
f 955 956 957
f 958 959 960
f 644 643 961
f 962 963 964
f 965 625 58
f 966 927 929
f 967 968 969
f 970 971 972
f 303 149 264
f 973 974 975
f 148 264 149
f 976 977 978
f 977 979 980
f 981 982 983
f 957 984 985
f 986 987 988
f 989 990 991
f 992 993 994
f 995 996 994
f 150 997 998
f 460 999 1000
f 944 1001 995
f 1002 1003 1004
f 1005 1006 1007
f 1008 1009 1010
f 1010 1011 1012
f 1013 1011 1014
f 1014 1011 1010
f 940 1015 1016
f 1017 1018 1015
f 1019 1013 1020
f 1021 1022 1023
f 1024 1025 1026
f 1023 1027 308
f 306 727 501
f 1028 1029 943
f 1030 1031 1032
f 956 1033 1034
f 943 1035 944
f 1036 991 992
f 994 996 966
f 1037 1038 1034
f 226 36 749
f 1039 1040 1037
f 1040 1039 1041
f 1003 1042 1043
f 1044 1045 1013
f 1046 1047 1048
f 1008 1012 1047
f 216 215 319
f 1049 216 319
f 1050 1051 1052
f 1051 1053 1049
f 980 979 1054
f 1055 1056 986
f 940 985 988
f 984 1002 1004
f 1057 1058 1059
f 1057 1060 1031
f 1061 1062 1063
f 1064 1062 1065
f 898 1066 1067
f 956 1002 957
f 1068 505 1069
f 1070 1071 1072
f 1073 978 1010
f 978 980 1014
f 1074 261 236
f 235 1074 236
f 1075 1050 1076
f 1054 1077 1078
f 1079 1080 1081
f 1082 1083 1084
f 1085 1086 1087
f 207 1088 773
f 504 1089 1090
f 137 1091 138
f 1092 921 923
f 1093 1094 1095
f 1096 323 325
f 1097 1098 1099
f 21 786 22
f 1100 1101 1102
f 1103 794 277
f 1104 1105 1106
f 277 1107 275
f 1104 1108 1109
f 1110 1111 1112
f 1113 983 792
f 1114 1115 1116
f 542 161 160
f 1117 1118 1119
f 1120 1121 1122
f 1123 1121 1124
f 1125 1126 1127
f 534 515 1128
f 1129 1130 1131
f 1132 1133 1134
f 1135 1136 1137
f 1138 1139 1114
f 1140 1141 1123
f 1142 1143 1122
f 1144 1145 1146
f 1147 1148 1126
f 1125 1149 1150
f 358 157 1151
f 1152 1153 1154
f 1149 1133 1155
f 1156 962 964
f 1134 1157 1132
f 1158 1159 1160
f 1085 1161 1162
f 1138 1114 1116
f 1163 1164 1165
f 281 256 1166
f 1167 1168 1169
f 1170 1171 1172
f 688 1096 327
f 1173 1174 1175
f 1176 1177 1178
f 234 1179 1180
f 1179 889 1181
f 1181 1180 1179
f 799 1182 1183
f 1175 1184 1173
f 323 1096 324
f 1185 1186 1180
f 1187 1185 1180
f 467 1188 1189
f 263 302 264
f 1190 1191 1192
f 1193 1194 1195
f 1196 1197 656
f 1198 1199 1200
f 1201 528 1202
f 531 1203 1204
f 1203 531 530
f 1205 1206 531
f 1207 1208 1209
f 1210 1211 1212
f 1213 1214 1215
f 1214 1216 1217
f 1218 1219 1220
f 904 685 684
f 1221 1222 1223
f 1224 1225 1226
f 1227 1228 1229
f 1230 1231 1232
f 1201 1233 1234
f 1235 1236 1237
f 1238 1239 1240
f 1241 1242 1239
f 1243 1244 1245
f 1246 1247 1248
f 198 668 633
f 1249 1250 1251
f 1252 1253 1254
f 1255 1242 1256
f 1218 1257 1175
f 1258 1259 1260
f 1228 1261 1262
f 1263 924 85
f 1264 1265 1266
f 1267 1098 83
f 1268 1260 1269
f 655 1270 952
f 667 1271 1272
f 1273 1229 1274
f 1275 1124 1121
f 1276 1277 923
f 1274 1233 1201
f 1278 1279 1204
f 1280 1240 1281
f 270 431 433
f 1215 1214 1282
f 1215 1241 1283
f 1213 1284 1285
f 1222 1247 1246
f 1286 1287 1288
f 1221 1235 1237
f 1289 1231 1266
f 1290 1233 1262
f 1291 1292 1293
f 1294 676 675
f 1295 1296 1297
f 952 278 280
f 948 278 952
f 1298 1299 1300
f 655 654 659
f 1279 1299 1301
f 1302 1283 1303
f 408 1304 1305
f 1306 1307 1308
f 1285 1309 1216
f 1222 1309 1247
f 149 1310 147
f 1282 1217 1256
f 1311 1217 1221
f 1203 1209 1312
f 1313 1185 1314
f 1315 1316 1317
f 1318 1319 1320
f 436 1321 437
f 1322 1323 1324
f 1325 1326 1327
f 1327 1328 1329
f 1310 151 147
f 1330 1331 1071
f 1332 1333 1194
f 793 695 791
f 1334 1335 1336
f 1337 1338 1188
f 707 997 150
f 1339 1340 1341
f 1342 1343 1344
f 1345 1346 1347
f 1348 1349 1347
f 1350 1351 228
f 1352 1353 1354
f 1355 1352 1354
f 1356 1357 1358
f 1356 1359 1360
f 1361 1362 1360
f 1324 1362 1322
f 1363 109 110
f 1364 1365 1366
f 1367 1368 1369
f 1027 1023 1370
f 1371 1369 1372
f 1373 1374 1375
f 1373 1376 1340
f 1377 1378 1379
f 749 36 38
f 1380 1374 1381
f 893 494 1382
f 1380 1383 1384
f 1385 1386 1384
f 1387 1324 1388
f 1317 1389 1388
f 1049 1053 216
f 1390 491 1391
f 1388 1324 1392
f 1326 1393 1394
f 1395 1393 1396
f 321 1052 1051
f 191 190 1397
f 1051 1049 321
f 1398 1399 1396
f 1400 1395 1396
f 1401 1402 1403
f 1404 1405 1328
f 1406 1407 1328
f 1379 1408 1341
f 229 210 209
f 1408 1409 1410
f 209 1350 228
f 1410 1336 1411
f 1412 1413 1414
f 1380 1381 1383
f 1406 1381 1415
f 1416 228 1351
f 1417 1418 1419
f 1420 222 1421
f 1422 1423 1424
f 1425 899 388
f 1426 1427 376
f 1428 1429 1430
f 1431 1432 1433
f 1434 1435 1342
f 1436 1087 1437
f 1438 1437 505
f 1179 234 236
f 1345 1352 1386
f 1439 1440 1441
f 1375 1442 1376
f 1375 1380 1443
f 1444 1445 1446
f 1331 1447 525
f 1448 1449 1067
f 1085 1162 1086
f 1450 1451 328
f 1365 1452 1453
f 1404 1394 1364
f 1454 325 323
f 1368 1367 1455
f 325 327 1096
f 323 1456 1454
f 1377 1376 1357
f 571 758 775
f 1373 1457 1458
f 1435 1402 1459
f 1428 1435 1459
f 1460 1461 1462
f 1463 1383 1381
f 1464 937 936
f 645 644 663
f 1465 1287 1466
f 1383 1463 1366
f 1380 1467 1443
f 277 276 1103
f 38 37 358
f 1384 1386 1355
f 1468 1315 1317
f 1469 1394 1395
f 1470 852 854
f 1400 1367 1471
f 161 541 249
f 1472 1473 1401
f 1474 1475 1476
f 1477 1478 1479
f 1480 1481 1482
f 1483 1484 1485
f 1486 1483 1487
f 1158 1160 1061
f 1488 1489 1490
f 1481 1480 1491
f 1492 1493 1494
f 1495 1492 1496
f 347 160 162
f 1496 1497 1498
f 1179 236 260
f 1499 1500 1501
f 260 889 1179
f 1187 1180 1181
f 1186 234 1180
f 1502 1503 1504
f 1505 594 593
f 1506 1507 1508
f 1509 1508 1510
f 1511 1512 1497
f 1513 903 904
f 904 138 1514
f 1497 1512 1515
f 136 138 904
f 1498 1516 1503
f 1517 1518 1491
f 1491 1504 1519
f 1520 1521 1510
f 138 1522 1514
f 1523 1524 1525
f 1146 1526 1144
f 1527 1162 1161
f 1490 1509 1528
f 1529 1530 1531
f 1532 1533 1534
f 1535 1536 1537
f 725 724 1538
f 151 1310 1539
f 1370 304 728
f 1540 1541 1542
f 156 36 225
f 1543 1544 1545
f 1546 235 1547
f 70 198 634
f 1548 387 1549
f 566 548 1550
f 1551 1552 1465
f 1553 1554 1555
f 1178 1556 1557
f 1558 1559 1560
f 1561 1562 1563
f 1069 1445 1564
f 1565 1566 1567
f 1568 1569 1570
f 1571 1572 1573
f 1064 1574 1062
f 1575 1576 303
f 574 4 6
f 573 1577 432
f 1578 1301 1579
f 1580 1581 1582
f 1583 1584 1585
f 1586 292 632
f 169 112 243
f 1587 1588 1589
f 1590 1591 359
f 85 925 83
f 1592 510 1593
f 1263 1524 924
f 1594 862 1595
f 1596 1597 1598
f 1599 471 1600
f 293 292 1601
f 1602 1603 1604
f 1605 1606 1607
f 1551 1252 1608
f 851 1609 53
f 1610 1611 341
f 353 401 442
f 493 1612 1613
f 1614 1615 1616
f 1617 1618 1619
f 403 402 1620
f 483 492 484
f 480 1621 479
f 141 140 625
f 1622 918 1623
f 625 56 58
f 452 1593 421
f 1103 276 1624
f 861 1612 1595
f 1596 1625 352
f 1318 981 983
f 1626 1113 792
f 150 998 1627
f 1628 1629 1630
f 1113 1318 983
f 1224 1631 1632
f 1633 1634 997
f 1319 1318 1113
f 415 313 315
f 788 1319 1635
f 405 1636 406
f 1637 1638 1639
f 1449 1640 1641
f 1642 1024 1643
f 151 1644 708
f 1645 1646 1647
f 151 150 1644
f 315 1603 415
f 727 1648 499
f 1649 1636 1650
f 1651 1652 1653
f 1027 361 308
f 306 305 755
f 354 1596 352
f 1654 1655 1656
f 400 353 352
f 1657 1658 1659
f 253 1660 254
f 1661 454 453
f 500 728 501
f 1662 728 500
f 1663 1664 1665
f 1271 1666 1272
f 1667 969 1019
f 210 494 893
f 1650 447 1668
f 1669 1670 1671
f 1672 1673 1674
f 1675 1676 1677
f 483 482 1678
f 1679 1680 1681
f 1258 1268 1682
f 1063 1683 1061
f 1668 1604 1684
f 1685 1686 1687
f 1688 1689 1690
f 1691 1692 1693
f 1694 363 1695
f 1696 1697 1249
f 1287 1465 1552
f 502 407 355
f 335 346 360
f 1425 1698 403
f 391 1597 1699
f 1087 1436 1085
f 1700 1657 1647
f 1701 581 565
f 1702 481 802
f 1703 1704 1705
f 1706 1707 1604
f 1708 1709 1710
f 385 1711 1712
f 261 260 236
f 208 207 772
f 326 206 208
f 1713 1599 1714
f 1715 1716 1717
f 326 208 327
f 503 514 502
f 1527 458 1162
f 1718 1719 1720
f 1721 1338 1722
f 323 261 1456
f 786 21 532
f 1723 1724 1725
f 1723 1600 1724
f 1720 1678 1718
f 1726 1727 351
f 1728 1359 1729
f 1730 469 427
f 359 497 1590
f 1731 1732 1733
f 1340 1376 1734
f 116 244 114
f 112 178 243
f 1735 322 288
f 1736 289 322
f 25 174 116
f 73 1737 169
f 230 1738 1737
f 103 42 1739
f 853 1740 1146
f 1741 1739 76
f 1742 143 142
f 178 282 1743
f 243 1743 71
f 231 73 72
f 1744 232 231
f 1745 232 1746
f 1747 318 1745
f 42 103 105
f 954 43 105
f 1748 199 102
f 1144 1749 1145
f 86 219 62
f 63 62 1750
f 467 1189 416
f 60 388 899
f 313 415 417
f 299 63 1751
f 1752 299 1753
f 136 904 684
f 20 1754 17
f 296 205 1754
f 1755 1756 922
f 80 205 47
f 273 189 1757
f 40 190 41
f 1758 186 188
f 45 1759 1760
f 1761 1762 1763
f 1524 1172 1764
f 1586 1765 1523
f 1271 1766 1767
f 258 1768 16
f 981 1318 1769
f 271 1770 272
f 1161 1771 1527
f 213 212 67
f 26 212 24
f 219 267 220
f 1772 1773 1774
f 1466 1252 1465
f 1775 1774 220
f 1776 48 99
f 12 192 10
f 268 267 221
f 1777 77 33
f 1252 1254 1778
f 267 219 98
f 50 1779 1780
f 1161 1781 1771
f 1782 659 654
f 1752 1783 300
f 274 1784 189
f 1785 1786 1787
f 1788 274 273
f 10 101 13
f 1789 1790 307
f 431 1286 432
f 1755 291 293
f 1789 1791 1792
f 1756 1755 293
f 1793 1794 1795
f 1796 1797 1798
f 1040 1799 1451
f 1800 1801 1802
f 1803 1804 1805
f 1806 1807 1808
f 1809 1810 1811
f 1812 1813 1814
f 1815 1816 1817
f 1818 1819 1820
f 1821 1822 1823
f 1824 1119 1825
f 1826 1827 203
f 1479 1828 1826
f 627 961 1829
f 1830 1831 1832
f 1833 1834 1835
f 1836 1837 1838
f 997 1634 998
f 1839 1840 1841
f 1842 1843 1844
f 1845 1494 1846
f 1847 1848 1849
f 1624 1320 1319
f 1489 1507 1506
f 1488 1531 1850
f 662 148 1851
f 644 1852 695
f 1689 1853 1690
f 1627 1644 150
f 1854 1036 1855
f 1529 1856 1857
f 1858 1859 1334
f 755 1860 727
f 727 306 755
f 1861 1862 1863
f 1864 419 1865
f 500 499 1487
f 1146 854 853
f 1416 1866 1867
f 1868 1869 1870
f 1871 1872 1873
f 1874 1875 1872
f 1876 865 1877
f 338 864 866
f 339 1878 337
f 1158 373 1879
f 1880 1881 771
f 1882 1883 1884
f 1885 1886 1887
f 1888 1889 1890
f 1891 1605 1607
f 1892 1893 1894
f 1895 1351 1896
f 1444 1897 1166
f 1068 1898 1438
f 1899 1900 1901
f 1068 1438 505
f 1902 1903 1904
f 311 1905 1906
f 1907 506 1087
f 1908 1909 1910
f 1911 1912 1913
f 1437 1438 1436
f 1914 1915 1912
f 1916 1912 1915
f 1917 1918 1919
f 1131 1130 1920
f 1921 1097 1922
f 1923 1920 1922
f 786 794 787
f 1924 1925 1926
f 277 786 1107
f 1908 1927 1909
f 1908 1928 1929
f 1930 1483 1486
f 1931 1932 1933
f 1085 1436 1665
f 1485 500 1483
f 436 53 1934
f 1935 1936 1894
f 347 162 1937
f 1904 1919 1902
f 1904 1938 1939
f 1940 1919 1941
f 1942 1943 1913
f 1944 1945 1915
f 1946 1899 1941
f 1444 1947 1564
f 1948 1949 1111
f 1162 457 1086
f 1950 1802 1110
f 1951 1131 1952
f 1811 1952 1953
f 1954 1121 1120
f 247 1470 1955
f 1143 1956 1817
f 1123 1957 1142
f 1958 1119 1820
f 1921 1130 84
f 922 921 1755
f 1920 1923 1814
f 1832 1474 1959
f 1514 1513 904
f 1960 1959 1961
f 1960 1834 1833
f 1962 1925 1963
f 600 599 1964
f 1836 1963 1924
f 1965 1966 1520
f 1510 1508 1520
f 664 663 1967
f 1926 1968 1088
f 1969 1672 1674
f 1924 1970 1837
f 1971 1955 1145
f 1252 1551 1465
f 140 626 625
f 1972 1973 1756
f 708 1644 1627
f 669 1974 1975
f 1976 1977 1978
f 1979 1977 666
f 555 1980 1981
f 1263 1525 1524
f 271 668 198
f 69 271 198
f 809 1982 1983
f 1982 1984 1983
f 1985 1986 1984
f 1987 1988 1989
f 1990 1586 1525
f 1991 1992 1993
f 1982 1994 1991
f 1995 1996 1997
f 1998 1999 762
f 1986 1985 2000
f 2000 2001 2002
f 776 1986 778
f 1996 2003 2004
f 2005 378 2006
f 965 70 141
f 2007 1545 1544
f 2008 2009 2010
f 32 2011 30
f 2012 2013 2014
f 2015 2011 2016
f 792 983 982
f 2017 2018 2019
f 2011 2020 30
f 2021 2022 2023
f 2024 2025 2026
f 57 627 58
f 2027 2028 2029
f 1065 1486 1487
f 494 229 1867
f 1382 494 1867
f 2026 2030 2029
f 2031 2032 2033
f 2016 32 2034
f 2025 2035 2036
f 374 2037 372
f 2038 2039 2040
f 2041 1583 2042
f 1061 1683 1158
f 6 2043 572
f 2044 2045 2046
f 2047 2048 2049
f 1483 500 1487
f 1065 1062 1160
f 1159 1065 1160
f 2050 130 2051
f 2052 2053 2054
f 2052 2055 2053
f 1564 1068 1069
f 2056 2057 2058
f 2059 2056 2060
f 1166 1947 1444
f 2060 2061 2062
f 2063 2064 2065
f 2048 2047 2066
f 2067 2068 2069
f 2068 2070 2071
f 1821 2072 1822
f 1087 1086 1907
f 2073 2053 2074
f 1438 1898 2075
f 1769 1318 1320
f 541 1470 249
f 1083 2076 2077
f 1937 868 347
f 1526 485 309
f 2074 2069 2078
f 1526 637 1144
f 2065 2079 2080
f 2068 2081 2069
f 2071 2082 2083
f 2084 2083 1005
f 2066 2063 2085
f 2086 2087 2088
f 519 518 2089
f 2090 467 2091
f 643 2092 1829
f 854 1145 1955
f 2093 2094 1081
f 2095 57 56
f 2096 1046 1866
f 140 139 2097
f 1979 2098 1978
f 2099 2100 2101
f 1884 2102 1882
f 1288 432 1286
f 2103 1555 2104
f 1693 2105 2106
f 2107 2108 1691
f 359 346 2109
f 435 2110 2111
f 670 1464 2112
f 1449 2113 1067
f 2114 1166 256
f 2115 1842 1688
f 1552 1288 1287
f 2116 1637 2117
f 633 668 270
f 803 802 2118
f 399 407 397
f 455 389 1699
f 1700 1822 2072
f 447 1650 445
f 2109 346 459
f 560 2119 2120
f 1294 2121 1778
f 2122 2123 2124
f 2121 1608 1778
f 1294 1254 936
f 937 1464 670
f 2125 2126 1714
f 2127 2128 2129
f 2130 1886 2131
f 519 2089 1719
f 482 484 2132
f 965 652 70
f 2133 878 2134
f 2135 2136 89
f 2137 2138 2139
f 2140 2141 401
f 444 353 442
f 1037 2142 1039
f 342 1611 2143
f 147 1851 148
f 411 2144 2145
f 1320 1624 276
f 594 419 418
f 559 1070 557
f 362 1718 482
f 478 2146 476
f 2146 1592 476
f 1064 1065 1487
f 2147 1782 104
f 427 2148 1730
f 2149 2150 2151
f 373 1158 1683
f 373 1683 374
f 1061 1160 1062
f 1732 2152 2146
f 2153 2154 2155
f 2156 332 331
f 2157 915 914
f 1564 1445 1444
f 506 1437 1087
f 506 505 1437
f 793 663 695
f 2158 813 812
f 1470 247 249
f 2159 2160 2161
f 2162 911 2163
f 1715 2164 2165
f 2166 2167 2168
f 1640 2169 1641
f 2170 1448 2171
f 2172 928 1697
f 2173 2174 2175
f 1781 2176 372
f 2177 2178 2179
f 2180 2181 2182
f 2183 2184 2185
f 2186 2187 2188
f 2187 2189 2190
f 2190 2191 2192
f 2191 2193 2192
f 2193 2194 2195
f 2196 2197 2198
f 2199 2200 2201
f 2202 2203 2204
f 2204 2203 2205
f 2205 2206 2207
f 2208 2105 2209
f 2210 2211 2212
f 2213 2214 2215
f 2216 2217 2218
f 2219 2220 2218
f 2221 2220 2222
f 2223 2224 2225
f 2226 2227 2228
f 292 1990 1601
f 2229 2230 2231
f 2232 2230 2229
f 2233 2234 2235
f 2236 2237 2238
f 2239 2240 2241
f 2242 2243 2244
f 2245 2246 2247
f 2245 2248 2249
f 2250 383 396
f 936 676 1294
f 2170 1449 1448
f 2251 2252 2253
f 2254 2255 2256
f 280 279 953
f 1964 2257 2258
f 2259 2260 2261
f 2262 2263 2264
f 2265 2262 2266
f 2267 2268 2269
f 1294 1778 1254
f 1764 925 924
f 1524 1764 924
f 2270 2271 2272
f 2273 2274 2243
f 2275 2274 2276
f 628 652 965
f 2277 2278 2275
f 2279 2280 2247
f 2281 2282 2283
f 2284 2285 2282
f 1487 499 1064
f 593 2286 2287
f 2288 2289 2290
f 2291 2285 2292
f 2293 1558 2294
f 20 294 1754
f 2295 2296 2297
f 1658 2072 2298
f 1566 2299 2300
f 2295 2301 2302
f 372 2037 1771
f 2037 1527 1771
f 2303 2304 2302
f 2305 2306 2307
f 2308 2309 2310
f 2311 2312 2313
f 2314 2313 2315
f 1955 1470 854
f 854 1146 1145
f 1486 1065 1159
f 276 275 2316
f 2317 2318 2319
f 2318 2320 2321
f 670 2112 279
f 279 278 670
f 2322 2323 2324
f 2325 2326 2327
f 2328 279 2112
f 2329 2330 2331
f 654 280 953
f 2331 2332 2333
f 1608 1252 1778
f 1272 2334 2335
f 58 628 965
f 2336 2337 2338
f 1195 1616 2339
f 2340 2320 2341
f 2342 2343 2344
f 2342 2345 2343
f 2346 272 1770
f 1586 1990 292
f 2347 2348 2349
f 2350 2351 2309
f 1787 2352 2353
f 2354 2355 2356
f 2357 69 2358
f 268 41 1784
f 2359 2360 2361
f 2362 2363 2364
f 420 2365 480
f 2366 2367 2368
f 2369 2370 2371
f 2301 2372 2373
f 528 527 2374
f 2154 1202 2374
f 2375 2376 2377
f 2141 2140 2378
f 2379 2380 2381
f 2382 2378 2248
f 509 508 2383
f 2384 2280 2385
f 2386 2280 2384
f 2387 2388 2389
f 2387 2390 2391
f 2392 2393 2394
f 2395 2396 2397
f 2398 2399 2335
f 2400 2401 958
f 2402 2403 2404
f 959 2397 960
f 2405 2406 2407
f 1134 2408 1112
f 2409 2153 2410
f 2263 1669 2411
f 1724 1600 1639
f 2412 2413 814
f 2414 2415 2416
f 2417 1645 1659
f 1645 2416 2418
f 2362 2354 2419
f 1699 1597 1610
f 2420 2284 2421
f 2422 2117 1639
f 2423 2424 2425
f 2426 2424 2277
f 2427 2428 2429
f 2430 2431 2192
f 2432 2433 2434
f 2433 2435 2434
f 2436 2437 2438
f 2202 2439 2440
f 984 1004 2441
f 2442 2443 2444
f 2445 2446 2051
f 2329 2447 2330
f 2448 2449 2450
f 2451 2452 2453
f 2454 2260 2455
f 2456 2393 2392
f 2457 2458 1315
f 2459 945 2460
f 2461 2462 2463
f 2461 2144 2462
f 2464 2465 2466
f 2467 2021 2466
f 2468 2469 2470
f 2471 2472 2473
f 2470 2474 2475
f 2476 2477 2478
f 2479 2480 2481
f 2425 2183 2482
f 2483 2484 2485
f 251 2486 2487
f 33 214 1777
f 2488 2489 2389
f 2490 815 2491
f 2492 2493 2494
f 2495 2496 2497
f 2498 2499 1225
f 2500 2501 2502
f 2503 2087 2086
f 2504 2505 2506
f 2507 2505 2504
f 2508 1111 1949
f 2509 2510 2511
f 2512 2513 2514
f 2515 2516 2517
f 2518 2519 2520
f 2521 2522 2523
f 2524 2464 2413
f 2525 2526 2527
f 2528 2526 2529
f 2530 1614 1084
f 2531 2214 2532
f 2531 2317 2533
f 2534 2535 2536
f 2508 1949 1079
f 2212 2536 2537
f 2538 2539 2540
f 2025 2036 2034
f 2541 2542 2543
f 2544 2537 2538
f 2545 2546 2547
f 2548 2549 2550
f 2551 2552 2553
f 2554 2333 2555
f 649 622 2556
f 2557 2558 2559
f 1537 2560 2561
f 2562 2563 2564
f 529 1207 530
f 968 967 1807
f 2349 2565 2566
f 2567 2568 2569
f 2570 2571 2572
f 2538 2540 2544
f 2463 2259 2396
f 2573 2574 2575
f 2576 2577 2578
f 2579 2580 2581
f 2572 2571 2582
f 2582 2583 2584
f 2423 2585 2278
f 2586 1629 1628
f 2587 1585 1584
f 2588 2312 2589
f 2589 2506 2590
f 2591 2592 2593
f 2594 2595 1708
f 2596 2597 2598
f 2599 1082 1084
f 1079 1949 2600
f 1538 2601 725
f 2602 529 1206
f 2597 2603 2604
f 2555 2605 2216
f 2606 2607 2608
f 2609 2330 2610
f 2611 2610 2516
f 1660 253 1722
f 1536 677 2560
f 228 1416 229
f 1584 1583 2041
f 2612 2545 2613
f 2614 2615 2616
f 2617 2618 2619
f 2620 2621 2622
f 2623 2624 2625
f 1462 2626 1460
f 2539 2627 2628
f 2627 2629 2630
f 2341 2532 2631
f 2632 2633 2634
f 2635 2636 2637
f 92 2638 2639
f 2343 2640 2565
f 2641 757 759
f 2642 2643 2644
f 2645 2646 2647
f 2017 887 2648
f 1066 898 2649
f 2650 2651 2652
f 1705 1704 2653
f 2654 2655 1550
f 2656 2657 2658
f 2659 2660 2661
f 2662 2663 1259
f 2664 1613 2665
f 2132 484 2375
f 2666 1722 1338
f 2453 2452 2139
f 443 2384 2667
f 2389 2388 495
f 547 2668 1550
f 2612 2613 2669
f 1790 1789 1792
f 53 1609 2299
f 1375 1443 536
f 332 2670 333
f 2115 2671 2672
f 2023 2673 2021
f 2022 2674 1786
f 2675 2676 2677
f 2678 2679 2178
f 2180 2178 2679
f 2680 2185 2681
f 2190 2435 2188
f 2682 2683 2684
f 2186 2685 2686
f 2189 2187 2686
f 2687 2194 2688
f 2689 2690 2691
f 2690 2692 2691
f 2438 2437 2693
f 2437 2694 2695
f 2529 2696 2528
f 2199 2697 2698
f 511 1593 510
f 2699 2698 2439
f 2500 2203 2444
f 1707 2700 2514
f 2701 2450 2702
f 2703 2704 2251
f 2378 2705 2706
f 2456 2707 2708
f 2709 2710 2465
f 2674 2711 2712
f 2713 2263 2714
f 2715 2716 2267
f 2717 1850 1530
f 2718 2719 2720
f 2721 2718 2436
f 1954 1923 1922
f 2719 2718 2722
f 2481 2676 2723
f 2676 2675 2724
f 446 514 513
f 2725 2726 2727
f 2728 2729 2730
f 2731 2732 2725
f 2477 2476 2733
f 2423 2482 2585
f 2734 386 360
f 2385 2279 2735
f 452 409 1593
f 2292 2484 2289
f 2736 2737 2738
f 360 386 335
f 2739 2737 2736
f 2740 2741 2742
f 452 410 409
f 2692 2464 2524
f 2072 1657 1700
f 2492 1224 429
f 2501 2296 2304
f 2296 2501 2443
f 2743 2744 2303
f 2377 2372 2745
f 2372 2376 2373
f 2746 2747 2391
f 960 2397 2748
f 519 364 371
f 2261 2749 2748
f 2750 2005 2006
f 2751 2752 2395
f 2395 2397 2753
f 959 2754 2753
f 2263 2727 2726
f 473 331 2755
f 2756 969 968
f 2757 2758 2759
f 1643 2760 1642
f 2416 2761 2159
f 2762 2763 2246
f 2762 2175 2764
f 713 744 736
f 673 672 677
f 2266 2264 2765
f 2264 2726 2724
f 285 250 165
f 2766 2675 2767
f 2768 2769 2767
f 362 364 519
f 2770 2771 2427
f 2181 2180 2772
f 2398 2335 2334
f 2773 2433 2432
f 486 336 335
f 486 335 386
f 363 362 2132
f 2191 2689 2688
f 2774 2775 428
f 2776 2202 2204
f 2493 2775 2777
f 2777 2438 2693
f 2202 2699 2439
f 2027 2778 2779
f 2780 131 130
f 2781 2782 2783
f 2448 2450 2701
f 2616 2784 2614
f 2452 2451 2785
f 2453 2138 1695
f 2786 2787 2788
f 1981 638 556
f 2462 2456 2708
f 1268 1258 1260
f 410 2789 2790
f 2790 2393 2456
f 678 2791 673
f 2711 2685 2186
f 2467 2710 2792
f 2694 2793 2695
f 2268 2794 2793
f 2795 2110 2507
f 2572 2796 2570
f 2793 2694 2720
f 2476 2797 333
f 2482 2271 2585
f 2303 2302 2743
f 2284 2798 2285
f 2292 2799 2484
f 2488 340 2800
f 2771 2772 2801
f 2740 2802 2803
f 52 2804 2805
f 2491 2802 2740
f 2195 2552 2490
f 1727 1559 2806
f 283 2807 2808
f 2809 2810 2811
f 2812 153 155
f 55 850 53
f 2813 2814 2815
f 2816 2817 2818
f 2819 2499 2207
f 2502 2086 2820
f 678 2821 2791
f 2822 2823 2503
f 2824 2795 2825
f 2046 2824 2044
f 2826 2827 2828
f 2506 434 2590
f 2510 2509 2829
f 897 1067 2113
f 2830 2831 2832
f 2833 439 803
f 2834 2835 2513
f 2598 2604 2836
f 1742 317 316
f 2837 2838 2839
f 1686 1685 2840
f 2841 2523 2842
f 1617 2843 2515
f 2398 2334 2844
f 2845 287 2846
f 1672 2847 2848
f 2849 2850 2851
f 2852 2853 2854
f 2649 2855 1066
f 2631 2214 2213
f 2555 2856 2857
f 2557 2219 2858
f 2223 2226 2859
f 2860 2861 2862
f 1190 2863 1260
f 2223 2548 2224
f 2864 2566 2225
f 2231 2572 2582
f 2230 2232 2865
f 2574 2236 2234
f 2866 2867 2868
f 2577 2576 2869
f 2870 1642 2760
f 2579 2871 2872
f 2873 2306 2511
f 2874 2305 2875
f 2876 2877 2878
f 2589 2311 2310
f 2589 2312 2311
f 2879 2596 2880
f 1299 1298 2881
f 2882 838 837
f 2317 2319 2883
f 2319 2884 2603
f 2529 2885 2886
f 2887 2888 2889
f 2885 2889 2605
f 2555 2857 2554
f 2890 2891 2892
f 2893 2554 2894
f 2895 2896 2445
f 1569 2897 1570
f 2898 2899 2627
f 2078 2061 2073
f 2900 2901 2898
f 2902 806 2903
f 2520 934 933
f 2904 806 2905
f 2906 2522 2336
f 2522 2521 2907
f 2337 2908 2859
f 2833 2909 2345
f 2910 2349 2911
f 2912 2913 1615
f 2507 2351 2914
f 2354 2362 2575
f 2915 2916 2917
f 1680 2918 2919
f 2920 2921 2367
f 2795 2824 2110
f 768 869 785
f 782 784 783
f 2197 2196 2922
f 2923 2924 2925
f 2926 2927 1026
f 2928 244 117
f 2925 2510 366
f 2929 2118 398
f 2118 2929 2909
f 2293 2806 1559
f 1618 2930 2841
f 539 2931 2932
f 1739 42 233
f 2933 2525 2934
f 73 231 1737
f 1690 2935 1688
f 2936 2937 2846
f 2318 2317 2531
f 2938 2939 2861
f 2940 2214 2531
f 2941 2323 2894
f 2550 2221 2864
f 2566 2864 2222
f 2308 2942 2943
f 2568 2943 2796
f 2572 2235 2796
f 1073 2944 976
f 2945 1197 1196
f 2946 2947 2948
f 2949 2950 2888
f 2951 2950 2355
f 2866 2952 2953
f 1426 376 329
f 2954 2581 2368
f 2858 2217 2584
f 2955 642 2956
f 2313 2312 2315
f 578 580 2957
f 2588 2590 2829
f 2958 751 2959
f 475 2115 2672
f 640 2955 1196
f 641 2960 2961
f 714 718 717
f 2105 2208 2593
f 2879 2962 2596
f 406 2604 2963
f 2217 2216 2964
f 2332 2965 2886
f 2966 2922 2196
f 2967 1686 2626
f 2968 2969 2970
f 2971 2972 2891
f 1176 1178 2973
f 2974 2906 2336
f 2338 2337 2629
f 2227 2640 2975
f 2348 2645 2976
f 2645 2347 2646
f 2240 2239 2977
f 1251 2978 2979
f 1529 2980 1856
f 2981 1429 2982
f 2983 2984 2985
f 2986 2921 2369
f 2987 2043 2988
f 2989 2990 2991
f 2992 2363 2917
f 2993 2994 2995
f 217 696 225
f 2996 720 2997
f 917 1578 918
f 1454 2998 2999
f 3000 3001 3002
f 3003 3004 3005
f 3006 1682 3007
f 3008 159 245
f 124 246 159
f 125 124 122
f 194 193 201
f 166 176 178
f 133 3009 134
f 3010 3011 3012
f 2812 181 180
f 179 3013 180
f 3014 1961 3015
f 244 78 114
f 262 244 2928
f 3016 3017 2968
f 3018 3019 164
f 184 285 3019
f 3020 2971 2891
f 3021 504 1090
f 158 3022 110
f 113 168 167
f 2919 3023 1681
f 169 168 112
f 119 173 3024
f 174 173 118
f 1119 1958 1117
f 240 266 241
f 1141 3025 3026
f 3027 3028 3029
f 246 126 250
f 3030 3022 120
f 111 164 163
f 3031 3032 3033
f 3024 3034 121
f 3035 3016 3033
f 177 176 3024
f 146 286 135
f 2486 3036 2487
f 2487 170 251
f 181 2812 117
f 154 266 155
f 155 3037 2812
f 183 185 3036
f 126 125 163
f 106 108 182
f 123 121 120
f 144 146 134
f 175 177 172
f 2079 2065 3038
f 116 118 244
f 1741 3037 240
f 3039 1059 1058
f 3040 681 3041
f 3042 3043 3044
f 3045 3046 3047
f 3048 414 3049
f 1714 1599 2125
f 3050 3051 3052
f 2148 512 3053
f 2670 3054 333
f 1131 1951 1154
f 3055 3056 3057
f 3049 1711 3058
f 2124 2123 3059
f 1881 3060 771
f 3061 3062 3063
f 3064 3065 1001
f 1645 2417 2761
f 2760 3066 3067
f 743 703 3068
f 3069 3070 3071
f 2299 1566 1934
f 940 987 1015
f 1054 1020 1013
f 863 942 3072
f 3073 3074 3075
f 263 3076 3077
f 1137 3078 3079
f 3080 1554 1976
f 1242 1241 1256
f 3081 1400 1396
f 1453 1401 3082
f 1523 1525 1586
f 3083 302 464
f 2991 567 2989
f 666 1553 554
f 1022 304 1023
f 3084 1163 3085
f 3086 3087 3088
f 2113 1449 1641
f 1860 755 756
f 1456 2998 1454
f 3089 3090 38
f 3091 3092 1170
f 3093 3094 3095
f 3096 752 709
f 3097 3098 3099
f 3100 1271 667
f 2939 3101 3102
f 3085 2860 3103
f 1852 644 961
f 1446 1445 3021
f 3104 350 349
f 3105 3106 3107
f 3108 3109 3110
f 3010 3012 3111
f 3112 3111 1999
f 3113 3114 3115
f 3116 3117 3118
f 3094 3119 3095
f 3120 3121 3122
f 3123 59 2255
f 3124 3069 3125
f 372 2176 1879
f 1172 1171 3126
f 1096 688 3127
f 89 2136 3128
f 2946 2744 2947
f 3129 3130 3131
f 3128 2136 3132
f 3133 2948 2947
f 1549 3123 3129
f 3134 3128 2947
f 3135 3132 3136
f 3137 3138 2946
f 59 3123 1549
f 3139 3140 74
f 3141 3142 1796
f 1430 761 3143
f 3144 1793 1795
f 3145 3146 3147
f 1193 3148 601
f 3149 599 601
f 1527 2037 3150
f 3151 687 3041
f 972 2370 3152
f 2370 974 973
f 2990 2989 3153
f 1424 3154 3155
f 2369 974 2370
f 868 3156 3157
f 3158 3159 3160
f 2937 1781 1161
f 548 547 1550
f 707 3161 3162
f 3163 2095 3164
f 3165 3166 1022
f 711 3165 3167
f 2418 1646 1645
f 2044 2824 2825
f 3168 3169 3170
f 3171 2054 2058
f 127 3172 3173
f 3174 3175 3176
f 2057 3175 2040
f 3177 3171 3178
f 3178 2040 2039
f 2977 2573 3179
f 2825 2897 2045
f 2013 2012 3180
f 3181 257 258
f 3182 2129 3183
f 3184 2129 3182
f 3185 3186 3187
f 1670 1669 2468
f 2128 3188 3183
f 3189 3190 3191
f 3188 2128 2127
f 3192 2167 3193
f 592 479 894
f 1321 2687 3194
f 3195 3169 3196
f 3197 30 3198
f 3199 3200 129
f 3177 3200 3199
f 3201 3202 3203
f 2469 2474 2470
f 2129 3184 3204
f 2710 2467 2466
f 2455 2788 2454
f 3205 3195 3206
f 3207 3208 3209
f 3210 1342 2366
f 3211 3212 3213
f 3214 3215 3216
f 786 532 1107
f 3 1764 3126
f 3217 2041 2042
f 55 3218 850
f 1 3219 3220
f 3221 1521 3222
f 3223 3224 3225
f 1074 3226 1456
f 3028 3027 3227
f 3228 1714 2126
f 3053 3228 2148
f 3229 3230 3231
f 1251 2979 2682
f 3232 3058 384
f 3233 521 3234
f 1163 3235 3085
f 2125 1599 3236
f 1022 3166 756
f 3237 3238 2739
f 3239 3240 3241
f 2797 3242 333
f 3243 3244 3245
f 2150 3246 2151
f 1719 2089 3234
f 3247 3248 3217
f 539 538 2335
f 3249 3231 3230
f 2148 3228 2126
f 503 3053 512
f 3250 3251 3252
f 3253 3254 3255
f 3256 1730 2126
f 3257 3258 3259
f 384 2734 3232
f 413 3260 2124
f 3261 1846 3262
f 3263 3264 3265
f 1598 3266 3267
f 3260 413 1625
f 3049 414 3059
f 1599 1600 3236
f 1600 1723 3236
f 503 512 511
f 3268 1005 1007
f 3232 507 3058
f 1723 3269 3267
f 2851 2850 1696
f 2152 1731 3270
f 2152 2383 508
f 3271 1828 3272
f 3273 3274 3275
f 3276 1849 1848
f 2400 960 2258
f 3277 3278 3279
f 2089 518 369
f 1733 2666 1337
f 3006 3007 3280
f 1070 559 3204
f 3281 3282 1803
f 574 6 572
f 3283 2648 3284
f 3285 312 3286
f 3287 3288 3289
f 1157 2508 3290
f 3291 3292 3293
f 3159 3158 3294
f 3295 3296 1980
f 709 711 3096
f 3297 1170 1765
f 3298 3299 3300
f 3301 3302 3303
f 3092 3304 3305
f 3280 2273 2243
f 3306 3099 3307
f 1169 1168 2010
f 3308 3309 3310
f 3311 3312 5
f 3313 2948 3133
f 3129 1548 1549
f 1715 1717 1687
f 3296 3314 3315
f 3135 3316 3317
f 3317 3313 3133
f 2947 3128 3133
f 2170 2171 2172
f 3136 3318 3319
f 3129 3319 1548
f 3125 3071 3320
f 2989 566 2655
f 326 325 1454
f 3321 3322 3323
f 1601 3324 1972
f 3325 2922 3326
f 3327 2518 2520
f 3300 3328 3329
f 3330 3331 3332
f 1583 3329 2042
f 2755 2758 2757
f 3246 3333 3334
f 3333 3246 2150
f 3335 3336 320
f 1440 3337 1441
f 1093 3338 1094
f 3339 1796 3142
f 3340 2051 2446
f 3341 3342 1975
f 3343 2169 1640
f 3344 3345 726
f 3346 3347 3348
f 2902 1462 2905
f 664 1967 3349
f 3341 1975 3119
f 1571 3350 3351
f 2966 664 3349
f 3352 2104 1555
f 861 88 3353
f 3354 553 3355
f 3356 3357 3057
f 1088 207 1499
f 152 151 1539
f 1177 1261 1556
f 3358 664 2966
f 2150 3164 3333
f 3085 3359 2860
f 3222 3360 3361
f 1770 3362 2346
f 2046 900 899
f 1792 1794 1793
f 553 568 2990
f 3363 680 3364
f 3329 3298 3300
f 3365 3366 3243
f 320 3367 3335
f 3230 2518 3249
f 3368 2168 1619
f 3369 1534 2546
f 1207 529 2433
f 3370 448 3371
f 3372 3360 3373
f 549 868 239
f 3079 678 3374
f 1022 756 305
f 3375 2595 3376
f 1093 3377 3351
f 758 570 759
f 3378 3379 3380
f 3381 1199 3382
f 1569 3383 3384
f 2649 3385 2855
f 329 1799 1426
f 1024 1642 2784
f 806 3386 2903
f 1976 3387 3388
f 3260 3267 3269
f 2734 518 3232
f 3389 3390 3391
f 3392 3119 1975
f 2666 1338 1337
f 2146 2152 508
f 1531 3393 3394
f 3395 3396 3397
f 507 3232 371
f 3398 962 1726
f 3163 1852 961
f 2409 2154 2153
f 225 3399 156
f 867 3366 3365
f 1031 1058 1057
f 1883 3400 3223
f 3348 3347 658
f 3393 3401 1418
f 696 3399 225
f 2997 3402 3124
f 2686 2689 2189
f 3150 2037 3214
f 2009 651 1169
f 3403 3404 2174
f 1169 3405 1167
f 1167 3405 3406
f 3320 3071 3407
f 3395 3408 1797
f 1793 3096 1792
f 3409 3410 3411
f 777 571 774
f 3381 871 3412
f 851 850 2134
f 3138 3137 3411
f 3379 2499 2819
f 3413 2664 2665
f 811 810 757
f 910 911 3414
f 3378 2499 3379
f 1423 1542 1541
f 417 3415 3416
f 2300 2553 1566
f 3179 349 351
f 1727 1560 1559
f 2065 2080 2085
f 53 436 54
f 3417 2240 2293
f 3417 2293 2294
f 3240 1568 3418
f 1070 3419 557
f 3420 1890 3421
f 1606 3422 1888
f 3423 376 1427
f 375 329 376
f 1876 3424 865
f 929 928 2855
f 3425 3426 3427
f 3428 3429 1806
f 2756 971 970
f 1005 2082 1006
f 3430 1863 1862
f 3431 1873 3432
f 958 3433 254
f 2108 3434 3435
f 524 1072 525
f 1622 1623 3436
f 3437 1962 1963
f 725 3339 3344
f 1877 864 3231
f 3438 3310 3309
f 3439 3440 474
f 1708 2595 3441
f 1 3220 3442
f 3443 1577 572
f 1562 1561 3441
f 2668 547 3444
f 1176 1165 3445
f 2811 3446 3447
f 219 86 98
f 3153 2989 2655
f 1361 1715 2165
f 911 3448 3414
f 555 554 3449
f 3443 2043 2987
f 1594 520 522
f 3080 3352 1555
f 3302 3450 3303
f 3296 3451 3314
f 1554 3080 1555
f 1649 1668 1684
f 3044 3452 3453
f 2169 2847 3454
f 3455 3456 893
f 371 3232 518
f 511 510 509
f 366 3457 367
f 3458 3459 3460
f 477 1652 3461
f 2126 1730 2148
f 2123 3049 3059
f 507 3049 3058
f 2586 1354 1353
f 369 1591 2089
f 3462 2152 3270
f 3463 3270 3464
f 521 3276 522
f 414 413 3059
f 390 3256 2125
f 3465 1280 1281
f 1203 1278 1204
f 3183 2129 2128
f 1194 3466 1332
f 3276 197 522
f 1046 1008 1047
f 1337 3464 1733
f 1251 3104 2917
f 3266 390 3236
f 3467 3468 3321
f 3236 1723 3266
f 3269 2122 2124
f 3307 3098 3469
f 2124 3260 3269
f 3470 3471 820
f 3472 3473 842
f 2300 3474 881
f 331 3242 3475
f 2152 3462 2383
f 3476 1736 3477
f 2991 568 552
f 3233 498 3276
f 3234 1590 3233
f 2090 3464 1337
f 387 941 1847
f 3478 1188 1338
f 1712 2123 3479
f 365 367 3479
f 3341 3119 3094
f 441 472 802
f 3216 3480 3481
f 2287 3482 1505
f 2352 3483 2353
f 1975 1974 3392
f 1713 1702 472
f 2561 2560 3303
f 3484 3485 3486
f 3241 3487 3488
f 682 3489 683
f 3239 3490 3491
f 366 365 2923
f 3109 3492 963
f 3110 3109 1028
f 3299 2009 2008
f 3493 3244 3494
f 3495 3408 722
f 3496 3497 1931
f 1714 356 1713
f 1790 3167 3165
f 385 384 1711
f 3165 1021 1790
f 893 3456 3143
f 3498 3499 3500
f 3501 1888 3422
f 3502 3503 3504
f 3448 2162 2298
f 534 1128 3505
f 517 1354 1628
f 176 3034 3024
f 3506 2791 3507
f 3069 1545 3070
f 3508 2578 2577
f 3509 3510 2151
f 3466 1193 601
f 800 905 906
f 1259 1258 2662
f 2097 1978 2098
f 2339 1615 2913
f 1202 2154 2409
f 469 3511 454
f 1682 2662 1258
f 3433 958 2401
f 3512 3513 773
f 1169 651 3405
f 3514 3334 3333
f 57 3163 961
f 3515 435 2111
f 3495 1793 3408
f 543 3498 3516
f 1708 3306 2594
f 3517 1582 3518
f 3505 2932 1729
f 1271 1767 1666
f 1584 3248 3519
f 3360 3222 3373
f 3500 3516 3498
f 2761 2417 3520
f 2111 402 3515
f 3521 2661 3444
f 3080 1976 3388
f 3522 1732 3461
f 3523 555 3449
f 1661 495 2747
f 3449 2103 3524
f 356 1714 3228
f 1648 3525 1574
f 1622 3436 2352
f 553 3354 3526
f 3527 3004 3528
f 3529 3530 2607
f 3531 3532 3533
f 2137 2139 2140
f 414 3048 3534
f 3535 3532 3536
f 3535 3537 3538
f 474 2755 3439
f 3539 2654 3540
f 3541 1587 3542
f 3543 2924 2923
f 3544 3545 3546
f 3547 587 3548
f 3549 2659 3521
f 3550 3551 3552
f 3093 3095 3553
f 3554 3555 3556
f 3557 3558 3559
f 3560 3561 3562
f 2606 2608 3563
f 3564 3565 3566
f 3535 3567 3568
f 3569 3570 3571
f 3572 3536 3573
f 3528 3574 3575
f 3576 3500 3577
f 3578 3579 3580
f 3153 3581 3554
f 3582 3527 3528
f 3342 3583 1656
f 3584 3517 3585
f 3586 1789 3587
f 3003 3588 3529
f 3563 2608 3127
f 3531 3450 3573
f 3540 3589 3567
f 1587 3541 3590
f 3591 3071 3070
f 3575 588 3592
f 3543 1637 2116
f 3593 3594 3576
f 3594 2659 3549
f 3555 3553 3595
f 3596 3597 3598
f 3572 3599 3537
f 3600 3533 3601
f 493 483 520
f 3601 3548 3602
f 1732 478 3461
f 3548 3542 3603
f 3499 3577 3500
f 2655 2654 3539
f 3556 3555 3604
f 1656 456 669
f 3605 3606 1063
f 4 3607 3608
f 3609 3091 3610
f 3611 3612 1211
f 3613 3614 3510
f 3000 3002 3615
f 2 3616 3
f 654 954 1782
f 3617 3375 3376
f 3618 3619 3620
f 3621 3045 3622
f 3623 3624 3625
f 3626 3627 2987
f 3628 3629 3630
f 3043 3631 3629
f 2350 2914 2351
f 3632 3633 3634
f 3191 3190 2211
f 3633 3635 3631
f 3636 3637 3638
f 3639 3640 3641
f 3611 3642 3643
f 3644 3625 3295
f 3080 3645 3646
f 488 2510 2829
f 3609 3610 3612
f 3617 3647 3375
f 3648 3638 3649
f 3622 3045 3047
f 3304 3650 3641
f 3651 3304 3640
f 3624 3622 3634
f 2898 2538 2900
f 3652 2398 2844
f 3653 3626 2987
f 2793 2794 3654
f 2766 3404 2715
f 2703 2440 2439
f 3655 3656 3653
f 3619 3618 3649
f 3657 3046 3636
f 3658 3659 3046
f 3295 3042 3451
f 3388 3158 3160
f 2391 2388 2387
f 3158 3660 3294
f 235 3661 1547
f 893 1382 3455
f 2777 3662 2493
f 633 3159 3294
f 3489 3470 820
f 3663 2799 2798
f 2763 2421 2281
f 2362 2364 2573
f 433 432 1577
f 3215 1063 3216
f 2482 2183 2479
f 1793 3495 3096
f 3499 1896 1414
f 3664 543 3516
f 2830 3665 2831
f 3521 3664 3516
f 3666 3667 3668
f 3669 3670 3671
f 1091 3452 1522
f 2358 68 3672
f 3673 3674 3675
f 672 3301 3303
f 539 2932 1128
f 899 61 60
f 164 113 3018
f 3676 3677 3678
f 1171 3092 3219
f 303 3083 1575
f 3679 3680 3681
f 3682 3438 3309
f 3327 2669 2613
f 3080 3388 3645
f 3212 3139 3683
f 2008 3300 3299
f 3333 3346 3348
f 3684 611 3164
f 106 182 158
f 266 265 241
f 3339 3142 3344
f 1821 1823 3412
f 1022 1021 3165
f 2988 2043 3312
f 660 3685 3686
f 3687 3688 3689
f 32 3690 2030
f 3678 3679 3665
f 1839 3691 1511
f 3692 3693 3694
f 3695 3696 3697
f 3698 3699 3613
f 3700 3701 3702
f 3703 3704 3705
f 3706 3707 3670
f 3669 3708 3706
f 3709 3708 3710
f 3711 3712 3713
f 3709 3714 3715
f 3716 3717 3718
f 3719 3720 3721
f 3722 3666 3723
f 3724 3725 3608
f 3726 3727 3681
f 1090 3728 3021
f 2005 2750 3729
f 3730 3731 3732
f 3733 3734 3735
f 3736 1779 3737
f 3738 3739 3740
f 3741 3742 3743
f 3744 3745 3746
f 3747 3277 3748
f 3172 3202 3196
f 3749 3750 3279
f 3751 3752 3753
f 3287 3753 3754
f 3755 3756 3757
f 1894 1900 1946
f 3758 3759 3756
f 3760 3761 3762
f 3763 3764 888
f 3765 3766 2018
f 3767 887 2017
f 3768 3251 3250
f 3769 3770 3771
f 3772 3773 3774
f 3772 3775 3776
f 3777 2642 3778
f 3779 3780 1751
f 3781 3782 1746
f 3783 3784 3745
f 3785 3786 1827
f 3139 3787 3683
f 1656 3583 1654
f 3788 3755 3789
f 3790 3791 2361
f 52 3792 3793
f 2804 3794 2805
f 3795 3677 2633
f 3795 3796 3797
f 3798 3799 3800
f 3801 3802 3803
f 3696 3695 3804
f 3693 3805 3694
f 3806 3807 3721
f 3808 3809 2019
f 3766 1901 3810
f 2807 3811 3812
f 3813 3814 3815
f 3813 3816 2632
f 51 3817 3818
f 1780 3819 51
f 3820 3821 3822
f 3823 3824 3825
f 3817 3819 3676
f 3744 3826 3827
f 3828 3829 3830
f 3746 3831 3832
f 3833 3700 3293
f 3285 3758 3788
f 1439 2618 3834
f 3835 3836 3837
f 3756 3759 2643
f 3838 3839 3840
f 3759 1906 2644
f 3841 3842 3673
f 1432 3843 2636
f 3844 3845 3846
f 3847 3848 3849
f 3850 3851 3773
f 3852 3853 2817
f 3854 3770 3769
f 2927 3066 1643
f 3855 3420 3856
f 3277 3747 2878
f 3212 3140 3139
f 3857 3765 3283
f 3858 3859 3777
f 3860 3861 3862
f 3863 3680 3679
f 3864 3860 2852
f 2170 2850 3865
f 3680 3866 3681
f 3867 3868 3869
f 3860 3864 3870
f 1813 1812 3871
f 3744 3872 1825
f 3873 3869 1880
f 3874 3875 3857
f 938 940 1016
f 3876 3877 3686
f 3878 2808 3687
f 3879 109 3880
f 23 3881 74
f 3796 1862 3882
f 3883 3884 3692
f 3692 3885 3693
f 3886 3805 3693
f 3804 3701 3833
f 3701 3695 3887
f 3671 3670 3888
f 3666 3722 1892
f 3273 3889 3274
f 3890 3891 3273
f 3735 3884 3883
f 184 3892 3893
f 1779 3894 3895
f 3896 3737 3897
f 3881 3898 3787
f 3730 3735 3899
f 3738 3740 2632
f 3900 1108 3686
f 3784 3746 3745
f 3901 3902 3753
f 3758 3756 3755
f 3903 3904 3905
f 3906 3281 3907
f 3289 3908 3887
f 3909 3910 3688
f 3911 3912 3879
f 3913 3914 3785
f 3767 3809 3848
f 3755 3757 3793
f 3792 2805 3789
f 3899 3696 3804
f 3416 3145 3147
f 3915 3694 3805
f 3894 3757 3916
f 2093 1080 3101
f 3917 3708 3918
f 3919 3920 3921
f 3811 2807 3912
f 1779 3736 1780
f 3817 2830 3818
f 3291 3293 3700
f 1257 1223 1246
f 3922 3923 3707
f 1215 1282 1241
f 1317 1392 1447
f 3881 23 3924
f 3286 3759 3758
f 3925 1800 3926
f 3773 3851 3927
f 3855 3771 3420
f 3905 3928 3929
f 3866 3726 3681
f 3930 3591 3931
f 3747 3871 1812
f 3832 3292 1818
f 3870 3864 3445
f 1108 3932 1109
f 3280 2242 3006
f 2075 1436 1438
f 1749 3377 3933
f 138 1091 1522
f 1348 1346 3508
f 1539 1576 3934
f 3935 3936 3937
f 3938 54 437
f 3939 3940 3580
f 3941 3942 3943
f 3570 3944 3945
f 3946 3947 3948
f 3039 337 3949
f 3950 3951 3952
f 3950 3953 3954
f 3073 3564 3566
f 1173 3101 1174
f 2059 3148 2056
f 3564 3955 3956
f 3957 3958 3959
f 3557 873 3562
f 3960 3961 3962
f 849 857 848
f 885 824 859
f 3963 2617 3964
f 3965 3966 3967
f 450 3371 448
f 3230 949 951
f 3968 3544 3969
f 3458 3970 3971
f 3972 3973 3974
f 3975 3976 2635
f 3977 1417 1415
f 3976 3978 3979
f 3980 3981 3982
f 3983 3981 3980
f 3984 3985 3986
f 3987 3988 3824
f 3989 3990 3991
f 3992 3993 1654
f 1192 3994 3995
f 3996 2620 3997
f 2380 3998 3999
f 4000 4001 2379
f 4002 4003 4004
f 4002 2852 3862
f 2478 2797 2476
f 4005 4006 4007
f 4008 1433 1432
f 804 4009 3494
f 4010 1440 4011
f 1441 4012 1439
f 3986 4013 3828
f 3873 4014 4015
f 2625 4016 4017
f 1769 2316 4018
f 4016 2624 4019
f 3502 3434 557
f 1630 1766 3100
f 1622 4020 4021
f 1000 4022 4023
f 4024 1835 3263
f 1267 4025 4026
f 4027 4028 4029
f 1874 4030 4031
f 4032 4033 4034
f 4035 4036 4037
f 1199 764 3382
f 3981 4038 4039
f 3944 3570 3569
f 178 1743 243
f 2620 3996 3258
f 3954 3566 3565
f 4040 4041 2853
f 4040 3990 4042
f 883 885 881
f 4043 4044 3967
f 4045 4046 831
f 3963 4047 4048
f 845 4049 822
f 3966 2617 2619
f 4050 4051 4052
f 183 1663 3892
f 3968 3969 4050
f 3999 1840 3261
f 3973 2635 2637
f 4053 4054 4055
f 4056 4057 4058
f 3958 4059 3559
f 3946 3951 4060
f 4061 4062 4063
f 1408 1410 1411
f 3889 4064 4065
f 4066 4067 2854
f 4068 4067 4069
f 4070 4071 3486
f 4072 1329 1407
f 4071 4070 1871
f 3822 3821 4008
f 4073 3460 3459
f 3843 1431 4074
f 2730 4012 2728
f 1018 4075 490
f 4076 3873 4015
f 3331 3330 4077
f 4019 4078 4079
f 4080 930 4081
f 4082 4083 4084
f 4085 1558 1560
f 466 3077 4086
f 4087 4088 4033
f 4086 4089 466
f 4090 4091 4031
f 1009 1046 2096
f 684 4049 4092
f 4006 4093 4094
f 4095 4096 1838
f 3259 3996 4097
f 2959 751 4098
f 4086 3077 3076
f 583 585 2957
f 3430 3739 4099
f 4100 4046 4101
f 1928 1944 4102
f 2955 4100 1196
f 1866 1416 4103
f 4104 4105 4106
f 4107 4108 4109
f 339 866 4110
f 3924 4111 4112
f 4113 1607 1606
f 3858 1903 1902
f 3775 4114 1115
f 1906 2101 3778
f 1890 1932 3421
f 3810 1901 1893
f 1858 4115 3945
f 646 579 4116
f 4117 4118 577
f 3571 2779 3948
f 873 872 3961
f 4119 4053 3964
f 4047 3963 4055
f 4043 3967 448
f 449 3966 2619
f 3966 449 3967
f 4120 852 540
f 3545 4121 3546
f 3545 3544 3968
f 3838 4122 3839
f 4073 3459 3973
f 3973 3459 3974
f 1775 274 1788
f 3978 3976 3975
f 4123 175 24
f 4124 4038 3981
f 4058 3823 3984
f 4125 4126 4127
f 1783 188 300
f 3998 2380 4001
f 2380 4128 2381
f 4129 2638 91
f 2638 4130 2639
f 4002 4131 4003
f 1689 1844 1882
f 2852 4002 4132
f 2636 4007 1432
f 4008 4006 4094
f 4006 4008 4007
f 1277 2093 4133
f 1439 2730 2618
f 4134 3337 1440
f 3828 4015 4014
f 4015 4135 4136
f 4137 3321 3468
f 3992 4138 4139
f 2625 4140 2623
f 2625 2624 4016
f 1000 4141 4022
f 1830 1835 4024
f 3486 3485 4031
f 4142 4032 4034
f 1825 3932 3744
f 1660 1722 4143
f 1108 3826 3932
f 4144 3286 312
f 4145 1243 4146
f 4111 312 4112
f 4147 1950 1804
f 211 761 2981
f 1803 3282 1804
f 3874 1899 3875
f 3477 4148 3476
f 4149 4150 4151
f 3874 3858 1902
f 4152 3861 3860
f 4153 4154 4155
f 4156 4157 533
f 4114 3861 4152
f 1280 3465 4158
f 2113 4159 897
f 3579 4160 3830
f 2994 4161 4162
f 4163 3939 3579
f 4038 4164 4035
f 3945 4165 3570
f 3990 4040 4166
f 3953 3074 3566
f 4129 4017 3254
f 3561 3558 3557
f 4004 874 3991
f 291 4167 4168
f 3825 4044 4043
f 4169 4011 4170
f 4048 4170 3834
f 3966 3965 2617
f 2625 4017 4051
f 4171 4172 3612
f 4050 3969 4140
f 1586 632 3297
f 2636 4173 4005
f 3973 4174 2635
f 4175 999 3972
f 3638 4176 3649
f 3292 3291 1956
f 3778 2100 3777
f 2662 3006 4177
f 3759 3286 4144
f 3531 3573 3536
f 1906 3778 2644
f 3776 1801 3772
f 4178 3582 4179
f 1075 490 489
f 3906 3926 4147
f 3101 1173 4133
f 3903 1886 1885
f 3421 1932 4180
f 3420 3421 3856
f 4181 4182 4183
f 4184 3120 3122
f 938 1076 4185
f 4186 2810 4187
f 3420 3771 3770
f 2326 4188 3156
f 3988 4189 4053
f 2458 2033 4190
f 4059 4191 4062
f 4192 4193 1267
f 2622 4194 4063
f 3951 3946 4195
f 4196 4197 4198
f 3715 1810 4199
f 1809 3871 3918
f 1891 1607 1892
f 1892 3810 1893
f 4200 4201 4202
f 4203 15 4204
f 3766 3765 3875
f 3859 3283 3284
f 3859 4205 4206
f 203 1827 204
f 4207 3271 3272
f 4208 4209 3803
f 3273 4207 4064
f 4210 4211 3274
f 3751 4212 4213
f 4214 4215 4216
f 3901 4217 4218
f 3545 4219 3922
f 3923 3888 3670
f 4220 4221 4222
f 3888 4223 4224
f 504 3021 1069
f 3251 3768 93
f 3162 4225 4226
f 4227 2821 4228
f 3251 93 2639
f 3251 2639 4229
f 4230 4139 4227
f 3850 3251 4229
f 1502 1492 1495
f 3774 3927 4231
f 2471 4068 3956
f 675 4232 1294
f 2655 566 1550
f 4233 1665 1664
f 3971 3459 3458
f 4234 3454 1969
f 1862 1861 3882
f 3796 3739 3430
f 3486 4071 4235
f 4236 3028 3227
f 3484 3486 4235
f 4237 4238 310
f 3027 2971 3227
f 4239 3436 1623
f 4240 3820 3484
f 3705 3820 4240
f 1433 3821 4241
f 3425 4242 4243
f 4244 4241 3705
f 4245 1431 1433
f 3764 4245 4244
f 4246 4074 3763
f 3460 4247 3849
f 4247 4246 3847
f 3458 3849 4248
f 3719 3337 3970
f 310 4111 4237
f 4249 4214 4216
f 4250 1441 3337
f 4251 4252 4253
f 3807 4250 3721
f 3920 3807 3921
f 3919 2728 4012
f 4254 2728 3919
f 450 2729 4255
f 773 1088 4197
f 3855 4255 4254
f 4256 4257 4258
f 4198 4259 4196
f 3371 450 3929
f 4260 4261 4262
f 3905 3929 3855
f 4014 3873 4263
f 3869 1881 1880
f 4264 4265 4266
f 3728 4267 1446
f 4268 4078 2623
f 4215 4214 4269
f 4088 4270 4033
f 4006 4102 4093
f 3833 4271 3804
f 3746 4272 4271
f 3687 2808 3812
f 4273 3732 4274
f 4275 4276 1293
f 1664 4277 4233
f 3812 3811 4273
f 3784 3732 4272
f 2804 52 51
f 3793 3894 1779
f 4278 1918 1917
f 4279 1939 1938
f 1911 1913 4280
f 3894 3793 3757
f 4281 4258 4264
f 4206 4282 4283
f 4281 4256 4258
f 4252 4284 4253
f 3757 4285 3916
f 3846 4286 3844
f 1830 4065 1831
f 3754 3753 3749
f 3750 3749 4287
f 4288 1662 1484
f 3723 3809 3808
f 4289 1270 4290
f 4258 4291 4264
f 3890 3734 3733
f 3891 3890 4292
f 4293 4256 1863
f 3914 3913 3880
f 3913 3891 3911
f 3669 4294 4295
f 3678 3665 3676
f 4277 2937 4233
f 3736 2634 1780
f 4296 3597 3596
f 3568 3533 3532
f 3676 3819 2634
f 3674 4244 3704
f 3581 3539 4297
f 3554 3599 3553
f 4298 3574 3003
f 886 3764 3674
f 3842 2648 887
f 3668 3807 3723
f 3325 3326 981
f 3769 3921 3668
f 3909 3827 3900
f 4299 4300 4301
f 3492 3109 2497
f 4302 4303 4304
f 3734 3884 3735
f 3683 3787 3788
f 3736 3896 3814
f 3117 4305 3051
f 3704 3703 4306
f 4307 4308 4309
f 4310 4311 4312
f 4313 4314 4315
f 2815 4316 3552
f 3896 3897 3703
f 1762 1623 1763
f 2782 4317 3718
f 4242 3425 3427
f 4032 4318 4319
f 3976 3979 4320
f 4162 4161 4321
f 2642 4283 2643
f 3905 3904 3928
f 1560 1727 4322
f 3905 3855 3856
f 3288 3278 3908
f 3291 4323 1815
f 3810 3722 4324
f 3777 1903 3858
f 2018 2648 3283
f 1519 1517 1491
f 1515 4325 1497
f 2648 3842 3841
f 1886 2130 3245
f 3785 4326 3913
f 3252 3906 3250
f 3882 3863 3797
f 3677 3795 3797
f 2632 3814 3813
f 3847 4246 888
f 3771 3855 4254
f 1885 3867 3904
f 1885 3868 3867
f 2071 2083 4327
f 2085 2082 2070
f 3688 3783 3909
f 621 4328 3519
f 392 4329 581
f 614 618 4330
f 4331 642 641
f 2961 4332 650
f 1780 51 50
f 4333 3794 2804
f 1088 1499 4334
f 1924 4335 1970
f 740 747 738
f 3683 2805 3794
f 4285 3756 2643
f 1131 1920 1952
f 4336 3916 4282
f 3720 3848 3806
f 3848 3847 3767
f 2019 2018 4324
f 3908 3702 3887
f 3287 3915 3751
f 3907 3768 3906
f 3665 3817 3676
f 986 1017 987
f 3740 3739 3795
f 3841 3673 4337
f 886 888 3764
f 3390 1877 3391
f 4113 3667 3666
f 1855 1427 1854
f 3921 3769 4338
f 1108 660 3686
f 3731 3730 3899
f 3881 4112 3898
f 1662 4339 1370
f 3755 3792 3789
f 3916 4336 3895
f 3955 3073 4340
f 4341 2459 2460
f 4342 4085 3467
f 4343 2541 4344
f 1224 1226 1631
f 723 3397 2601
f 2077 4345 1083
f 2592 4346 2106
f 1306 1244 1307
f 1285 1245 1309
f 1561 1709 3441
f 1081 2094 3290
f 1139 1138 3103
f 3245 1887 1886
f 1234 1297 1296
f 345 1761 4347
f 4348 4349 2736
f 1401 1452 1472
f 4350 1767 1766
f 4351 4352 4353
f 1395 1400 1469
f 1389 1316 1410
f 4028 1489 4354
f 3261 1840 4355
f 1929 1928 4356
f 3259 1857 4357
f 1828 1831 3272
f 3271 1827 1826
f 4078 4268 4358
f 4359 3427 4105
f 3426 461 3427
f 1838 1841 4095
f 1838 4353 4352
f 4093 4102 1944
f 1488 1850 4354
f 865 3424 866
f 4360 4361 3487
f 4351 3263 1835
f 890 846 891
f 826 912 841
f 3472 842 913
f 1830 1833 1835
f 4065 4064 1831
f 3272 4064 4207
f 879 905 4362
f 1872 1871 4070
f 1871 4099 4071
f 4099 3739 3738
f 4079 4363 2407
f 4022 4106 4023
f 4364 4365 4366
f 1846 3261 4355
f 4095 1840 3999
f 2458 2024 2033
f 4356 4102 4005
f 4367 4368 1182
f 3822 4094 4090
f 3485 3484 3822
f 1334 2032 1858
f 1910 1945 1908
f 3257 3259 4357
f 4097 1857 3259
f 4369 2717 4097
f 4370 85 1129
f 4029 4369 4126
f 4371 4372 4373
f 3112 2002 2001
f 4373 4372 4374
f 4017 4374 3254
f 4129 4051 4017
f 4184 4375 1995
f 1332 2599 1084
f 4376 4377 4052
f 3923 3922 4376
f 3982 4110 4378
f 4379 339 4110
f 3980 4378 4380
f 4381 4382 2613
f 4383 3090 3061
f 4189 4380 4384
f 4385 2862 3102
f 4386 4387 4388
f 4034 4270 4384
f 4389 3642 1210
f 4141 4087 4390
f 1000 4010 4169
f 999 4134 4010
f 4175 4391 4134
f 3970 4248 3719
f 3971 3970 4391
f 3606 3216 1063
f 3951 4195 3952
f 4392 3093 3572
f 4060 4042 4393
f 3990 4061 4042
f 4394 872 4003
f 4003 874 4004
f 3371 3928 3370
f 4135 3370 4136
f 4013 4135 4015
f 4395 4396 4397
f 3578 4397 4398
f 3986 4398 3984
f 4399 4400 4401
f 4121 2381 4128
f 3752 4213 2381
f 1432 1431 3843
f 3763 4074 1431
f 2637 2636 3843
f 3571 3570 4165
f 3569 2621 4402
f 4191 2622 4062
f 2622 4191 2620
f 2520 933 4403
f 4404 3838 3969
f 4370 3357 1263
f 2624 2623 4078
f 3838 3840 2623
f 3952 4195 3937
f 4405 4406 3075
f 3557 3562 3561
f 3987 3983 3988
f 4407 4124 3983
f 2339 3174 1195
f 1439 4012 2730
f 2619 2618 2730
f 3975 4174 462
f 461 3426 462
f 3566 3074 3073
f 2031 2028 2027
f 3565 4066 4041
f 2853 4066 2854
f 4059 4408 4409
f 3481 3214 3216
f 1172 1523 1170
f 1252 1466 4410
f 1586 3297 1765
f 3559 4409 3557
f 3939 4163 4411
f 4163 3829 4412
f 4024 4413 4210
f 628 1829 2092
f 3816 4235 4071
f 2405 4027 2406
f 2406 4373 2407
f 4390 4033 4414
f 3262 1846 4122
f 3262 4415 3261
f 4024 3263 3265
f 3263 4353 3264
f 4001 4000 3264
f 2380 2379 4001
f 4212 3886 4000
f 3257 1858 3945
f 3945 4115 4165
f 3944 3258 3257
f 1971 247 1955
f 1851 4117 662
f 4383 38 3090
f 1507 4028 4027
f 4028 4354 2717
f 4191 4125 3997
f 4126 4125 3958
f 4373 4016 4019
f 3253 3255 3959
f 3453 565 564
f 760 698 2562
f 3253 3561 4130
f 690 718 4416
f 4050 4377 3968
f 2638 92 91
f 4035 4039 4038
f 4189 4054 4053
f 3980 4189 3988
f 4175 3972 3974
f 3989 4062 4061
f 4062 2622 4063
f 1653 1660 4143
f 4063 4194 4393
f 3950 3952 3953
f 3960 3562 873
f 873 3557 874
f 3580 3579 3939
f 3545 3968 4219
f 3100 1766 1271
f 4415 4128 2380
f 3849 3458 3460
f 2534 4417 3503
f 2636 4005 4007
f 3947 3569 3948
f 2779 4418 3948
f 3997 4127 3996
f 1493 3839 4122
f 3299 1585 630
f 3839 1482 3840
f 1806 4419 4420
f 3960 3962 4229
f 4130 2638 3254
f 4421 3836 4057
f 4422 3837 3836
f 1439 3834 4011
f 870 3414 3448
f 3154 1423 1541
f 2552 1567 2553
f 3474 2300 2299
f 3564 3073 3955
f 684 685 682
f 4040 4423 4041
f 4002 4166 4132
f 4408 3989 4424
f 874 3557 4424
f 3959 3958 3559
f 3828 3830 3986
f 3209 3208 4425
f 3985 3823 3825
f 2963 2604 2603
f 2545 2612 2546
f 2631 2228 2975
f 722 3408 3397
f 3339 725 3396
f 3327 3249 2518
f 4426 215 749
f 2116 2647 2646
f 1867 229 1416
f 1359 1728 1361
f 2095 3684 3164
f 3333 3164 3346
f 2041 3217 3248
f 2592 2106 2593
f 708 3406 1851
f 4427 4428 2652
f 1304 4159 1305
f 3456 3455 4429
f 3041 681 680
f 3396 3395 3339
f 3320 2997 3125
f 2726 2723 2724
f 3124 3125 2997
f 529 2602 2433
f 484 2376 2375
f 2702 2450 2377
f 1534 2547 2546
f 2692 2465 2464
f 84 1129 85
f 1510 1521 3221
f 2681 2429 2680
f 2428 2290 2483
f 2789 2746 2393
f 2819 2088 759
f 1864 4430 2650
f 2695 2201 2437
f 1320 276 2316
f 2249 4431 2245
f 4432 4433 4434
f 1021 1023 308
f 2601 3396 725
f 2738 4348 2736
f 2043 3443 572
f 1737 171 169
f 4435 3653 2988
f 4436 3207 3418
f 2803 892 3471
f 2553 1567 1566
f 2871 4437 4438
f 2979 2978 3064
f 3450 2561 3303
f 1161 1085 4233
f 1253 1252 4410
f 3216 3606 3480
f 3387 1976 2097
f 2045 3384 2256
f 2630 2629 2226
f 2739 3238 2773
f 2974 4439 1461
f 2920 2366 1342
f 1062 1574 3605
f 554 2103 3449
f 3102 2862 2939
f 611 3347 3346
f 635 3684 2095
f 586 3542 587
f 2312 2588 2315
f 1249 2851 1696
f 4440 4441 4442
f 511 509 513
f 1723 3267 3266
f 3165 711 3166
f 3469 3442 3220
f 4443 1973 3290
f 3346 3164 611
f 2739 2736 3237
f 4346 2592 837
f 3519 2587 1584
f 2294 4342 4360
f 2549 2941 2894
f 3377 1572 3351
f 2370 972 4444
f 3470 2738 2803
f 1521 1517 3222
f 3397 3396 2601
f 4349 4445 4446
f 1987 4447 3116
f 2528 4448 3343
f 3394 1417 3977
f 4449 2322 2907
f 3496 3088 4450
f 4451 1007 838
f 2321 2340 4452
f 1716 1728 1729
f 3215 3214 374
f 3119 3392 3481
f 2682 2979 2683
f 3503 4453 2534
f 1749 1144 4454
f 3454 4234 1641
f 3326 2922 3349
f 2740 4455 2491
f 982 981 3326
f 2291 2488 2283
f 2143 2735 2800
f 4332 3406 3405
f 2798 2292 2285
f 2996 4456 720
f 3306 3307 3469
f 4437 2756 968
f 56 635 2095
f 2009 3299 630
f 2844 1505 3652
f 1533 1532 1052
f 2169 3343 4448
f 524 4457 4458
f 4459 1619 1618
f 961 627 57
f 2456 2144 2790
f 2788 4460 2786
f 4461 1510 3221
f 4462 3335 3063
f 1424 3155 3218
f 2252 2251 2697
f 3219 1 3126
f 4463 4464 4226
f 4465 1509 4461
f 4465 3401 1528
f 281 1897 1477
f 3193 4466 2843
f 3368 4459 1685
f 2352 4020 1622
f 1787 4020 2352
f 2765 2264 2724
f 3357 3356 1525
f 3672 628 4467
f 4468 4392 3573
f 4469 1646 2418
f 1562 4470 4435
f 1709 1708 3441
f 3442 2 1
f 680 1588 3041
f 4471 526 4472
f 2353 1785 1787
f 2395 2753 2751
f 2165 1421 1323
f 4473 3497 4450
f 2545 4381 2613
f 4474 4475 4476
f 2176 1781 2937
f 253 4477 4478
f 1515 1500 2999
f 1322 1362 1361
f 2410 344 343
f 3448 3412 870
f 3450 3302 4468
f 972 971 4444
f 3324 3056 3055
f 1310 149 1576
f 3454 2847 1969
f 685 903 686
f 4445 4349 4479
f 3436 3483 2352
f 2787 600 4480
f 4481 1206 4482
f 351 1727 3179
f 1132 1157 3290
f 4483 4484 3386
f 2664 2373 1613
f 4067 4068 4485
f 2449 1695 2132
f 710 756 3166
f 2140 401 2137
f 2667 2143 1611
f 1611 444 2667
f 340 342 2800
f 320 1533 321
f 2144 2461 2145
f 418 479 592
f 4486 3054 2670
f 4487 8 7
f 4488 812 814
f 4489 3223 2161
f 1642 2870 2614
f 2163 1540 1542
f 2346 438 272
f 1542 1423 2616
f 3349 2922 2966
f 1145 1749 1971
f 1537 1536 2560
f 3392 3214 3481
f 4490 2162 2163
f 4434 4491 4432
f 3654 2173 4432
f 3309 4492 3682
f 2769 2174 3404
f 3663 2420 2768
f 2677 2480 4493
f 4460 2177 2179
f 2182 4494 4495
f 2181 2184 2425
f 2185 2184 2681
f 304 1022 305
f 4496 2183 2185
f 332 2156 7
f 2094 4443 3290
f 2680 2485 4497
f 3179 1727 2806
f 711 710 3166
f 2689 2191 2189
f 2195 4498 2193
f 2200 2776 2693
f 2820 2819 2207
f 1585 3298 1583
f 2498 2205 2207
f 4420 4499 1807
f 2166 4500 3482
f 1577 4501 433
f 2702 2745 2442
f 2996 3320 4502
f 2251 2701 2703
f 2706 2253 4503
f 2253 2785 4504
f 4505 4506 4507
f 2708 2771 2801
f 343 2409 2410
f 319 215 4426
f 4508 2259 2463
f 2718 2721 2415
f 2732 2272 2725
f 4397 4421 4056
f 4394 3961 872
f 3194 2524 4509
f 3950 4060 3951
f 2270 2278 2585
f 4390 4087 4033
f 4380 3424 1876
f 4037 1878 4379
f 4052 4051 4129
f 4219 3968 4377
f 3255 4372 4510
f 2428 4507 2290
f 4126 4369 4127
f 2240 2806 2293
f 2741 2740 2803
f 2464 814 2413
f 4090 4094 4093
f 4356 3976 4320
f 3264 4096 3998
f 4511 4413 3265
f 1025 3938 2926
f 4469 428 1646
f 4512 4032 4319
f 2775 429 428
f 2443 2297 2296
f 2302 2296 2295
f 2304 2303 2503
f 4064 3272 1831
f 2301 2373 2664
f 1658 2162 4490
f 2382 2384 443
f 4506 2394 2391
f 4486 527 3054
f 2410 9 4513
f 2931 4500 1102
f 2759 2727 2411
f 667 538 537
f 1420 2164 2967
f 1691 1693 4514
f 2764 2420 2421
f 1779 52 3793
f 2282 2281 2421
f 3293 3831 3833
f 2281 2247 2763
f 2762 2246 4431
f 3404 2716 2715
f 4091 1874 4031
f 3263 4351 4353
f 2715 2765 2766
f 2277 2424 2423
f 4032 4414 4033
f 4495 2426 2076
f 2180 2679 2772
f 4436 3208 3207
f 3839 1493 1482
f 2431 2742 4515
f 4516 4263 1880
f 1823 1822 4517
f 3904 3867 4518
f 2439 2704 2703
f 2443 2500 2444
f 3929 450 4255
f 2251 2704 2697
f 3920 1441 4250
f 4519 4491 4434
f 2452 2785 2705
f 2678 2260 2801
f 4245 1433 4241
f 2653 4499 1705
f 2454 2788 4480
f 2392 2707 2456
f 3864 2854 4067
f 2685 2792 2686
f 2021 4520 2466
f 4231 3862 3861
f 2465 2710 2466
f 2794 2268 2716
f 2794 3403 3654
f 4521 2475 2722
f 3224 2470 4522
f 4523 527 526
f 3889 3273 4064
f 594 418 592
f 2485 2484 2799
f 2735 2143 2385
f 2488 2291 2489
f 15 10 13
f 4455 2490 2491
f 4498 2490 4455
f 2498 1225 2492
f 2503 2086 2502
f 2206 2500 2502
f 3128 3134 89
f 3987 4058 4057
f 2449 2375 2377
f 4054 4088 4055
f 484 492 2376
f 2452 2705 2139
f 3472 1609 851
f 2468 4524 1670
f 2393 2746 2394
f 4144 1906 3759
f 224 4525 1421
f 2395 2752 2461
f 2752 2145 2461
f 535 1442 536
f 3976 4173 2635
f 2759 2758 3475
f 332 7 4526
f 2023 4527 2935
f 3838 4140 3969
f 1669 2713 2468
f 2617 3963 4048
f 1844 1689 1842
f 4044 3965 3967
f 2414 4522 4521
f 2616 1423 1422
f 2417 1659 1658
f 4528 2615 3520
f 4434 4433 2762
f 3404 3403 2716
f 2173 3403 2174
f 2677 4493 3663
f 3982 3981 4039
f 4164 4036 4035
f 4495 2179 2178
f 2483 2485 2680
f 2430 4529 4455
f 2200 2437 2201
f 2704 2439 2698
f 2200 2199 2698
f 2494 2204 2205
f 2500 2206 2203
f 2377 2745 2702
f 1848 197 3276
f 2249 4519 4434
f 2248 2386 2382
f 2771 2708 2707
f 4506 4505 2392
f 2772 2679 2801
f 3772 3925 3773
f 2454 4480 2749
f 4530 2711 2674
f 3848 4248 3849
f 2469 2713 2714
f 2714 2262 2265
f 2266 2715 2267
f 2725 2723 2726
f 3924 4112 3881
f 2274 2477 2243
f 2279 2385 2280
f 2284 2282 2421
f 2279 2247 2281
f 2290 2289 2483
f 2288 2387 2489
f 2489 2387 2389
f 1847 1849 1698
f 2742 2430 2740
f 2741 2738 2737
f 2501 2500 2443
f 2301 2664 4531
f 4273 3811 3733
f 492 493 1613
f 2386 2245 2247
f 2390 4506 2391
f 2748 2749 2258
f 2926 2412 2927
f 3067 4532 2760
f 4469 2418 2721
f 2416 2159 2414
f 2764 2763 2762
f 3750 3917 3748
f 2764 2175 2769
f 2675 2766 2765
f 2766 2767 3404
f 2424 4494 2182
f 2426 4495 4494
f 4507 2428 2427
f 2432 2434 2431
f 2431 2434 2435
f 2465 2692 2690
f 2774 4469 2721
f 2438 2777 2774
f 2204 3662 2776
f 2442 2297 2443
f 3891 4326 4207
f 3914 3786 3785
f 2442 2745 2297
f 2440 2703 2442
f 2202 2440 2444
f 4504 2451 2701
f 3067 3066 4533
f 2453 2448 2451
f 2177 2455 2678
f 2788 2455 4460
f 2462 2708 4508
f 1882 1853 1689
f 2695 4491 2201
f 3400 1882 1844
f 3644 3295 1980
f 2733 2244 2477
f 4534 2732 4535
f 4534 2275 2270
f 2479 2481 2271
f 2479 4496 2480
f 2480 4496 4497
f 4493 4497 2799
f 573 572 1577
f 1562 3311 1563
f 3098 3307 3099
f 1462 1461 2905
f 2798 2799 2292
f 2488 2735 2283
f 815 2802 2491
f 3159 633 4536
f 816 815 2490
f 3644 3523 4386
f 3242 2797 4535
f 55 1025 4537
f 2088 2819 2820
f 2594 3657 4538
f 2088 2820 2086
f 398 397 4539
f 1636 2836 2604
f 1688 1842 1689
f 1707 1706 2700
f 2164 1420 2165
f 4459 2841 2840
f 1100 1717 1101
f 3192 1617 1619
f 4540 894 896
f 2850 2849 3865
f 2171 2855 928
f 1413 3577 1414
f 2208 2209 4541
f 2544 2540 2940
f 2628 2630 2213
f 3603 3602 3548
f 2220 2221 2857
f 3537 3536 3572
f 2219 2559 2222
f 2864 2224 2550
f 2227 2223 2225
f 2606 4542 2607
f 2796 2238 2237
f 2241 2240 3417
f 2869 2868 2867
f 3354 4543 3525
f 2869 1629 2577
f 3153 3556 3355
f 2872 4438 4544
f 2874 4545 4546
f 2942 2308 2311
f 3218 2133 850
f 2668 3444 2661
f 3389 4547 4318
f 2310 2311 2308
f 2876 1815 4323
f 3606 3605 3604
f 2879 2512 4548
f 2321 2884 2318
f 2962 2879 3189
f 2933 2949 2887
f 2332 2885 2605
f 2893 2894 2323
f 2322 2447 2329
f 2333 2554 2893
f 2331 2330 2965
f 2901 2899 2898
f 2901 2904 4439
f 2324 2908 4549
f 2910 2911 2558
f 1570 4436 3418
f 672 3303 2560
f 3163 3164 2150
f 1287 4550 1466
f 375 1304 408
f 1338 1721 3478
f 2365 4551 480
f 2367 2366 2920
f 2986 2369 2371
f 1543 3069 3124
f 2873 2511 2925
f 2510 2925 2511
f 4452 4539 2884
f 2909 2929 4552
f 1618 2515 2517
f 2516 2447 4449
f 2841 2930 2523
f 2525 2527 4553
f 811 757 2641
f 2849 4554 4553
f 1793 3144 3408
f 2529 2526 2933
f 4448 2528 2696
f 4159 1621 1305
f 2532 2318 2531
f 2533 2883 3191
f 2537 2900 2538
f 1546 3226 1074
f 2941 2549 2548
f 1704 1703 4551
f 4555 2857 2221
f 308 307 1021
f 2796 2237 2568
f 2567 4556 2308
f 1535 3363 3364
f 2570 2796 2943
f 2865 2233 2230
f 2951 2354 2575
f 6 5 3312
f 2575 2574 2234
f 4430 2953 2651
f 517 4557 1354
f 2576 2578 4558
f 2578 3210 2368
f 2875 2583 2874
f 3392 1974 3150
f 3153 2655 3539
f 1967 982 3349
f 2315 2588 2509
f 4559 88 863
f 2591 2882 2592
f 3340 2446 4156
f 2105 2593 2106
f 3393 1418 1417
f 1797 3408 3144
f 4560 3190 3189
f 2603 2597 2319
f 2603 4539 2963
f 2232 2964 2889
f 3682 3083 3438
f 2848 2609 1673
f 2609 4561 2965
f 2867 4562 4563
f 2008 2010 4564
f 2006 4565 2042
f 2700 314 4566
f 3319 4567 1548
f 1686 2842 1460
f 2906 2974 1461
f 3319 3131 3136
f 2629 2859 2226
f 687 3040 3041
f 2565 2640 2225
f 2344 2343 2565
f 4436 2350 4568
f 3605 1574 4543
f 4568 2569 4425
f 3417 3209 4425
f 4569 1177 4485
f 2364 3179 2573
f 3064 2978 1250
f 4570 1823 4517
f 2652 4428 2650
f 4544 4499 2653
f 2657 2656 4444
f 2369 2921 4429
f 3456 2921 1344
f 537 539 1128
f 2825 2045 2044
f 3661 3372 3373
f 2505 434 2506
f 2505 435 434
f 942 863 196
f 439 2833 2976
f 803 439 441
f 3214 3392 3150
f 2150 2149 3163
f 1649 2834 2836
f 314 617 4566
f 2843 3192 3193
f 1681 3023 1679
f 3174 2038 3175
f 3175 2038 2040
f 4561 2848 2696
f 4527 2672 2671
f 1672 1969 2847
f 1066 2855 2171
f 57 2095 3163
f 2536 4541 2534
f 3525 4543 1574
f 2540 2628 2215
f 2859 2548 2223
f 3334 3217 4565
f 3364 4571 1535
f 3150 1974 458
f 3978 3425 4572
f 3584 3144 1795
f 2572 2231 4573
f 2568 2237 2241
f 2237 2239 2241
f 2236 2573 2239
f 4562 2867 2866
f 330 1450 328
f 3115 2001 3113
f 3118 3114 4574
f 4346 4575 4576
f 2657 2871 2658
f 4546 2511 2306
f 2570 2942 2313
f 4577 4451 838
f 3406 708 1167
f 2784 2616 4578
f 2962 3189 2883
f 4561 2529 2886
f 2529 2887 2885
f 2889 2888 2865
f 2330 2447 2610
f 2256 900 2046
f 2331 2893 2329
f 4559 3318 2135
f 3584 1797 3144
f 3187 2844 2334
f 1568 3383 1569
f 4430 3186 4579
f 2167 2166 3193
f 2337 2336 4549
f 510 2146 508
f 512 2148 423
f 3256 2126 2125
f 2631 2975 2341
f 2646 2910 4580
f 2914 2897 2825
f 1720 1719 3234
f 2825 2795 2507
f 2356 2419 2354
f 2915 2917 2363
f 2650 4430 2651
f 419 1864 2650
f 2986 2656 2954
f 3034 125 122
f 2504 2310 2309
f 4581 3030 3008
f 2110 2824 2111
f 2355 2934 2356
f 2309 4556 2350
f 4580 2307 4582
f 1304 375 897
f 2340 4552 4452
f 2320 2532 2341
f 2700 3268 4451
f 2908 2324 2941
f 2907 2521 4449
f 4509 4583 437
f 1101 2931 1102
f 4584 4579 3186
f 4428 4427 2365
f 2329 2323 2322
f 2331 2333 2893
f 3343 2527 2528
f 172 174 25
f 2531 2533 2940
f 2940 2533 2210
f 2212 2544 2210
f 4548 4560 2879
f 2894 4555 2549
f 2558 2911 2559
f 2305 2874 2306
f 2566 2222 2559
f 2864 2221 2222
f 2943 2567 2308
f 2949 2934 2355
f 2234 2233 2951
f 2235 4573 2233
f 4585 4586 4587
f 2290 4507 2390
f 4588 2952 2866
f 2578 2368 4558
f 4589 2576 2580
f 2232 2229 2217
f 2582 2314 2583
f 2208 3190 2591
f 2272 2271 2723
f 2459 4341 4037
f 2605 2964 2216
f 2555 2333 2332
f 2286 4540 4590
f 2792 2685 4530
f 4563 1767 2867
f 3185 4584 3186
f 2165 1420 1421
f 1461 4439 2905
f 2248 2245 2386
f 2338 2627 2899
f 2630 2226 2228
f 2701 2702 2703
f 2344 2348 2342
f 2869 4350 1629
f 2806 2240 2977
f 2238 2234 2236
f 971 4437 2657
f 2370 4444 2371
f 2369 4429 3455
f 2226 2223 2227
f 2787 2786 1332
f 1082 2179 2076
f 4486 2154 2374
f 2243 2477 2244
f 4541 2211 2208
f 4591 834 878
f 4349 4348 4479
f 2206 2820 2207
f 4479 3489 682
f 4434 2762 4431
f 2194 2193 2191
f 3448 911 2162
f 4481 2186 2188
f 911 1540 2163
f 2774 2721 2436
f 4491 2199 2201
f 2429 2428 2483
f 4520 2021 4488
f 812 4488 1690
f 2552 2195 1567
f 1704 4551 2365
f 2377 2450 2449
f 2745 2295 2297
f 4497 4493 2480
f 2263 2713 1669
f 2752 2751 1652
f 2616 2163 1542
f 2467 2792 4530
f 4489 3067 1884
f 3440 1842 2115
f 2430 2192 4529
f 2430 4455 2740
f 2769 2768 2420
f 3234 521 1720
f 411 477 476
f 2291 2283 2285
f 959 4592 2754
f 2140 2705 2378
f 2253 4504 2251
f 2138 1694 1695
f 2705 2785 2706
f 2494 2493 3662
f 2132 362 482
f 1719 1718 519
f 4509 2524 2413
f 2161 2414 2159
f 3181 18 79
f 2269 2719 2722
f 2679 2678 2801
f 2743 4531 3413
f 4180 3903 3421
f 2776 2699 2202
f 2270 2272 2732
f 2758 331 3475
f 959 2753 2397
f 1636 405 445
f 334 459 346
f 2260 2454 2261
f 1226 4593 1631
f 2260 2678 2455
f 2178 2180 4495
f 4348 2738 3470
f 1616 4594 1614
f 2141 2382 443
f 4503 2252 4519
f 4595 1632 1700
f 1272 1666 2334
f 4596 2761 3520
f 2746 2789 496
f 2429 2681 2770
f 581 563 565
f 4583 4509 2413
f 2689 2691 2688
f 2701 2451 2448
f 4597 1981 1980
f 2503 2501 2304
f 2203 2202 2444
f 2723 2271 2481
f 2675 2677 2767
f 3439 1671 1843
f 2397 2396 2748
f 258 200 81
f 4385 3103 2860
f 4498 4529 2193
f 2490 4498 2195
f 4598 2048 2067
f 2432 2431 4515
f 3038 561 2079
f 2741 2737 4515
f 3663 4493 2799
f 2248 2706 4503
f 3099 1708 1710
f 3223 1884 1883
f 1552 1551 574
f 4502 3320 3407
f 2290 2390 2288
f 2024 2026 2028
f 2465 2690 2709
f 4599 2957 585
f 2190 2188 2187
f 4502 3407 157
f 3525 727 1860
f 1690 4488 2673
f 2372 2301 2295
f 2697 2199 4519
f 4433 4432 2173
f 2266 2765 2715
f 1272 538 667
f 2759 2411 2757
f 4526 2153 2155
f 3502 4453 3503
f 3185 2334 1666
f 3386 4484 4458
f 1659 1645 1647
f 889 598 4600
f 1697 928 927
f 1932 1890 1889
f 3868 1885 1887
f 2887 2949 2888
f 2250 3331 4516
f 2964 2232 2217
f 2647 2116 2117
f 2242 3280 2243
f 2305 2307 4580
f 2652 2651 2952
f 4592 1660 1653
f 2228 2631 2213
f 2631 2532 2214
f 2532 2320 2318
f 397 406 2963
f 1856 4357 1857
f 4539 2603 2884
f 2569 2241 4425
f 2569 4568 4556
f 2308 4556 2309
f 1482 1493 1502
f 334 336 2590
f 2310 2504 2506
f 2286 4466 3193
f 4351 1834 3437
f 2515 2611 2516
f 2447 2322 4449
f 2907 2322 2324
f 203 1477 1826
f 2656 2986 2371
f 2954 2656 2658
f 4588 4589 4601
f 2899 2974 2338
f 2539 2628 2540
f 2880 2512 2879
f 2880 2834 2513
f 1811 1810 1148
f 2514 2513 2835
f 2886 2885 2332
f 2847 2169 4448
f 2510 3457 366
f 895 2113 1641
f 1164 3084 1116
f 2866 4589 4588
f 4579 4584 4562
f 2976 2833 2342
f 223 2903 4457
f 3342 3301 674
f 1795 4602 3517
f 803 2909 2833
f 3191 2210 2533
f 3191 2883 3189
f 2897 2914 1570
f 1763 918 1578
f 2796 2235 2238
f 507 371 370
f 4545 2314 2315
f 2570 2314 2571
f 1249 2916 2851
f 4459 3368 1619
f 2906 2523 2522
f 2576 4558 2580
f 436 1566 1565
f 2544 2212 2537
f 1725 1724 1638
f 1698 1425 388
f 2212 2211 4541
f 2591 4560 2882
f 4577 2882 4548
f 2849 4553 2527
f 2530 4345 4603
f 3434 3502 3504
f 2700 1706 314
f 2526 2528 2527
f 2363 2362 2419
f 2873 2925 2924
f 1612 861 3353
f 253 4478 1722
f 2910 2646 2347
f 2102 3067 4533
f 2557 2559 2219
f 2858 2219 2218
f 1704 4427 2653
f 4499 4420 1705
f 353 444 354
f 453 495 1661
f 341 340 453
f 420 419 2650
f 4604 4605 1615
f 1625 412 352
f 2341 2343 2345
f 4452 2929 398
f 2962 2319 2597
f 3209 4606 3207
f 354 1611 1610
f 455 341 453
f 1618 2517 2930
f 2550 2224 2548
f 2337 2859 2629
f 2872 2871 4438
f 2367 2986 2954
f 2368 2581 4558
f 3187 3186 1864
f 1505 3482 3652
f 2904 2901 2900
f 2537 2536 2535
f 2604 2598 2597
f 1636 1649 2836
f 1425 1620 899
f 4451 4577 2512
f 2731 2759 3475
f 454 1661 468
f 2933 2526 2525
f 2239 2573 2977
f 2977 3179 2806
f 2239 2237 2236
f 2355 2354 2951
f 2509 2588 2829
f 488 2829 336
f 2306 2874 4546
f 2225 2640 2227
f 254 1660 4592
f 2864 2225 2224
f 928 2172 2171
f 2867 4350 2869
f 401 2141 442
f 439 2647 440
f 342 341 1611
f 2340 2345 4552
f 2046 899 1620
f 2116 2924 3543
f 1637 3543 2923
f 4552 2929 4452
f 3190 2208 2211
f 1701 1091 137
f 389 455 3511
f 2943 2942 2570
f 1594 196 862
f 1603 1602 2091
f 196 1594 197
f 2942 2311 2313
f 390 389 3256
f 2555 2216 2856
f 2323 2329 2893
f 4555 2894 2554
f 4555 2550 2549
f 2521 2517 4449
f 2626 1420 2967
f 2176 2936 4607
f 1144 915 4454
f 4049 684 683
f 816 2552 2551
f 1648 727 3525
f 1560 1156 4085
f 4537 1422 1424
f 3448 1821 3412
f 3412 1823 3381
f 3380 1226 3378
f 3491 4608 3240
f 4609 2641 2087
f 1621 895 894
f 320 319 3367
f 1496 1492 1845
f 2294 4610 3417
f 1726 351 350
f 1925 4611 4198
f 4612 1372 1369
f 1471 1367 1371
f 3064 1250 3065
f 973 3152 2370
f 4613 3205 4614
f 3455 1382 975
f 4606 4360 3241
f 60 59 1549
f 1430 1344 1343
f 3627 3443 2987
f 3222 3361 3221
f 3661 4615 1547
f 726 3345 3124
f 1095 3933 3377
f 3429 3428 4616
f 1404 1328 1327
f 1083 1082 2076
f 2992 2364 2363
f 3280 4345 2077
f 1295 2663 4472
f 2433 2773 1207
f 1692 2105 1693
f 4570 3381 1823
f 4458 4484 4617
f 1692 4417 2209
f 1128 2932 3505
f 1629 2586 1349
f 1430 4618 761
f 1265 4619 1289
f 1219 1218 4620
f 3226 4621 2998
f 4468 3341 3094
f 3095 3119 3481
f 4420 4419 1705
f 1139 4385 2600
f 3487 3323 3488
f 4511 3885 4413
f 3393 4622 3401
f 1006 2080 4575
f 4525 1323 1421
f 1628 1630 517
f 611 3684 609
f 658 3347 610
f 624 3248 3247
f 639 4623 591
f 602 657 615
f 609 1979 612
f 612 647 2556
f 623 649 590
f 649 2556 647
f 661 4624 597
f 3315 564 563
f 653 4328 621
f 1033 4625 1030
f 4625 1033 955
f 653 604 608
f 2960 4118 4332
f 577 4118 575
f 591 657 589
f 4329 4116 4330
f 646 4116 4329
f 4626 825 779
f 821 846 843
f 819 815 817
f 607 4627 661
f 4331 4627 631
f 614 4330 605
f 2039 2014 3178
f 902 1541 1540
f 3107 3198 4628
f 801 797 4629
f 3197 31 30
f 2020 4630 3198
f 1083 4345 2530
f 534 536 516
f 704 4631 726
f 735 2991 736
f 3124 3402 704
f 691 4416 731
f 4632 730 729
f 718 729 4416
f 701 4632 714
f 2562 546 760
f 4633 742 754
f 2562 753 2563
f 702 701 750
f 700 699 4634
f 2102 2158 1853
f 2991 552 736
f 2958 738 746
f 735 737 699
f 737 736 744
f 4364 4366 4635
f 4636 706 705
f 746 716 2958
f 665 648 647
f 1979 609 636
f 3068 4631 706
f 741 3068 703
f 4637 4633 700
f 4633 741 742
f 713 552 710
f 704 3402 705
f 3018 185 3019
f 730 4632 743
f 690 716 718
f 715 714 717
f 4638 4639 2563
f 698 760 699
f 753 698 754
f 713 712 744
f 692 4640 734
f 4597 639 1981
f 731 732 734
f 4641 3402 720
f 739 4642 740
f 750 715 748
f 521 520 1720
f 724 3068 741
f 1538 741 4633
f 512 423 422
f 4643 4644 4021
f 4645 3308 3310
f 1592 2146 510
f 4608 4646 3383
f 3083 3682 1575
f 2357 1770 271
f 1853 1882 2102
f 1576 4647 3934
f 207 206 1499
f 3134 2744 2743
f 1159 1930 1486
f 962 1156 4322
f 722 3397 723
f 2157 4339 4648
f 4464 4649 4226
f 664 3358 645
f 3358 4650 4260
f 445 1650 1636
f 4651 4368 4652
f 4653 4654 2003
f 3010 4655 4652
f 3011 4656 3012
f 4657 915 2157
f 4269 4658 4215
f 3373 3222 1517
f 1861 4659 238
f 1702 356 355
f 2166 3482 2287
f 3324 4660 1973
f 2499 3378 1225
f 1510 4461 1509
f 1509 4465 1528
f 680 1589 1588
f 324 1096 3127
f 3658 3657 3469
f 3375 3647 4470
f 1949 1139 2600
f 1546 1547 4661
f 4662 4663 3360
f 4570 4593 1200
f 446 513 2383
f 2666 1733 4143
f 3438 4664 4665
f 3853 2004 4654
f 3313 4666 3852
f 1602 3463 2090
f 1987 1991 1993
f 3457 487 385
f 2824 2046 1620
f 1982 1991 1989
f 4667 4184 1995
f 1745 4668 230
f 66 227 71
f 1998 2000 2002
f 1997 2004 3853
f 63 301 65
f 778 2000 4669
f 4184 4667 3316
f 47 296 297
f 2156 473 4487
f 463 3077 466
f 3123 3121 3130
f 4670 3846 145
f 3014 4671 1961
f 3088 3087 4672
f 3336 4474 4476
f 320 3336 4476
f 4567 942 941
f 4450 3243 4473
f 3024 173 172
f 68 652 3672
f 3089 38 358
f 4673 3446 2811
f 267 98 97
f 1224 1632 430
f 3660 3387 2097
f 3355 553 2990
f 2097 139 3660
f 1980 3296 4597
f 3672 4467 4674
f 4675 270 433
f 3653 2987 2988
f 64 94 95
f 3305 3220 3219
f 45 1760 1768
f 1523 1765 1170
f 80 79 18
f 48 1776 49
f 4488 2021 2673
f 4538 3648 3376
f 3305 3651 3220
f 4676 2606 3563
f 3590 2606 4676
f 3097 3099 4677
f 3603 1589 3363
f 3372 4662 3360
f 1484 1483 1930
f 1484 1736 4288
f 1662 4288 4339
f 2011 32 2016
f 2458 2035 2024
f 2032 4678 2033
f 2016 2034 2036
f 2034 2026 2025
f 2030 2778 2029
f 31 3197 4679
f 3105 4680 3106
f 1794 4602 1795
f 2014 2039 4681
f 2039 2038 4343
f 1195 3174 3176
f 4682 4683 4684
f 4685 4686 4684
f 2779 3571 2027
f 1198 4687 4688
f 4689 4690 4691
f 2912 4692 4689
f 4021 4644 4693
f 2541 4343 4690
f 2543 2542 4694
f 3073 4695 4340
f 195 1848 941
f 4696 4697 4698
f 963 1028 3109
f 4696 4699 4697
f 4699 4700 4701
f 3205 3169 3195
f 4702 4703 4704
f 2778 2030 4703
f 4705 2339 4691
f 4706 3953 3952
f 3936 4707 3937
f 2122 3269 1725
f 4708 4692 1269
f 4709 4681 4344
f 4710 4399 3955
f 4406 4695 3075
f 4697 4701 4711
f 1517 4615 3373
f 1517 1519 4615
f 1625 413 412
f 4622 1528 3401
f 3057 3056 3356
f 3093 4392 3094
f 472 471 1713
f 1029 3398 2684
f 2109 3515 497
f 3151 3041 4676
f 2561 3450 3531
f 4712 365 3479
f 3563 688 3151
f 326 1454 2999
f 4081 4713 4714
f 293 1972 1756
f 2122 3479 2123
f 4575 4346 837
f 1934 1566 436
f 2688 2691 2687
f 2459 4715 945
f 923 922 1276
f 4190 4678 4716
f 4190 1315 2458
f 3366 3494 3244
f 3595 3095 3480
f 3469 3651 3658
f 19 16 4717
f 4435 4470 3647
f 2668 2654 1550
f 4367 1182 799
f 3364 680 679
f 1721 4478 4477
f 324 4718 598
f 3563 3127 688
f 1277 1276 2094
f 941 387 1548
f 1931 3086 3496
f 1269 4719 4682
f 1756 4443 1276
f 4698 4694 4696
f 2186 4481 4644
f 358 4720 3089
f 4721 1539 3934
f 3614 3613 380
f 4645 4722 3308
f 4690 4343 4691
f 3476 4648 4288
f 4723 4710 4724
f 4256 4659 1863
f 2257 3149 2062
f 4162 1368 2994
f 1856 1859 4357
f 2981 4725 211
f 3141 4726 4727
f 4461 4728 4465
f 4729 1898 1068
f 4730 4720 1151
f 2611 2515 2843
f 2999 2998 4325
f 4687 1198 1200
f 1721 4731 3478
f 1600 471 2422
f 1721 4477 4732
f 4676 1588 3590
f 3602 1537 3600
f 1156 1560 4322
f 3573 3450 4468
f 3457 488 487
f 3092 1171 1170
f 3072 4559 863
f 496 2789 452
f 3617 3376 3648
f 3655 3653 3647
f 3443 3627 4536
f 633 4675 4536
f 2654 2668 3589
f 3589 2660 3567
f 4733 3592 4734
f 1647 4595 1700
f 3598 3594 4734
f 450 449 2729
f 4389 3633 4735
f 3634 3622 3632
f 4387 4386 3524
f 3644 4386 4388
f 2607 4542 3529
f 666 554 665
f 4298 4542 3541
f 3500 3576 3549
f 3549 3521 3516
f 4736 3593 3576
f 1413 4178 4736
f 1414 3577 3499
f 679 4737 1136
f 3583 3342 674
f 674 673 3506
f 1544 3142 3141
f 3601 3533 3568
f 2112 1759 46
f 3091 4738 3610
f 222 224 1421
f 4739 4740 3725
f 3609 4741 3650
f 4741 3643 3641
f 3640 3304 3641
f 3618 4742 3656
f 3646 4742 3352
f 3002 3628 3630
f 3044 4743 3451
f 3044 3629 3452
f 284 4729 1947
f 3659 3047 3046
f 3045 4744 3637
f 4176 3619 3649
f 2661 3521 2659
f 588 3575 586
f 364 368 370
f 3574 3004 3003
f 3553 3599 3093
f 3091 1170 4738
f 3658 3046 3657
f 407 502 405
f 368 363 1694
f 365 4712 1637
f 3627 3626 3645
f 3159 3627 3160
f 3639 4735 3632
f 2109 435 3515
f 3615 3635 4389
f 1210 3000 3615
f 3630 3631 3635
f 4745 3042 3295
f 3643 4741 3611
f 3305 3219 3092
f 4387 2104 3620
f 3626 3653 3656
f 4746 1522 3628
f 3634 3631 3043
f 3648 4538 3636
f 3046 3637 3636
f 2862 4385 2860
f 1593 511 422
f 386 2734 384
f 4649 4464 3943
f 3245 2130 4473
f 681 4737 679
f 4747 1535 3374
f 4748 4381 2545
f 916 4693 4482
f 4475 2547 1534
f 3930 4658 4269
f 3087 3310 4665
f 3361 3360 4663
f 4749 4477 253
f 3682 4750 1575
f 4649 1633 4226
f 1547 4615 1519
f 3879 283 107
f 1696 2850 2170
f 1024 1422 4537
f 4666 1997 3852
f 4590 4540 896
f 3301 672 674
f 2000 778 1986
f 1997 4667 1995
f 2146 478 1732
f 1590 497 3233
f 2760 4532 2870
f 415 1603 2091
f 3685 659 1782
f 4654 2004 2003
f 4653 4447 1987
f 1985 1988 3113
f 2002 1999 1998
f 1986 776 1983
f 1994 1992 1991
f 2523 2930 2521
f 1133 1132 4660
f 3016 4751 3033
f 2218 2856 2216
f 1516 3226 1546
f 511 513 503
f 2152 1732 1731
f 1731 3464 3270
f 513 509 2383
f 521 3233 3276
f 3464 1731 1733
f 498 1849 3276
f 4196 4259 4752
f 3101 1080 3102
f 4261 4467 2092
f 2317 2883 2533
f 4750 4753 1575
f 4594 1194 1333
f 3090 3062 3061
f 4754 1869 1873
f 4562 4584 4563
f 3431 4755 4754
f 2953 4430 4579
f 4756 4757 3432
f 1914 1874 4091
f 2566 2911 2349
f 4580 2910 2558
f 1914 4758 1875
f 4759 4760 1944
f 4472 2663 4177
f 4319 4761 2402
f 4761 4319 4318
f 4514 2107 1691
f 1932 1931 2131
f 1485 1484 1662
f 4762 3501 3422
f 1894 1936 1891
f 1899 1946 1900
f 2101 1905 2099
f 2286 4590 4466
f 2848 4561 2609
f 4451 2512 2514
f 3337 4391 3970
f 2834 2880 2598
f 310 312 4111
f 806 2904 807
f 1909 4763 1910
f 2627 2630 2628
f 1912 1942 1913
f 3431 3432 4757
f 3031 4755 3431
f 1914 4091 4759
f 1929 4320 3760
f 2402 4104 4319
f 1941 4764 1946
f 4764 4765 1935
f 1939 1917 1919
f 3028 4766 4767
f 1619 2167 3192
f 1916 4763 1942
f 1928 1908 1945
f 1687 1717 1100
f 4278 4764 1918
f 1899 1940 1941
f 4568 3208 4436
f 2471 4569 4068
f 3332 1183 1182
f 1934 53 2299
f 4713 4081 4768
f 3994 4400 4723
f 2343 2341 2975
f 2940 2215 2214
f 4368 4367 4769
f 1864 3186 4430
f 895 1641 4234
f 4770 1182 4368
f 4427 2652 4771
f 1334 1859 1335
f 2953 2952 2651
f 2220 2219 2222
f 981 1769 3325
f 3197 3107 3106
f 917 1301 1578
f 3243 4450 4772
f 3323 4773 3321
f 1999 3111 3012
f 4403 4774 2612
f 4775 4776 2973
f 1988 1987 4574
f 3198 30 2020
f 2849 3343 1640
f 4554 4777 4553
f 2024 2028 2033
f 1005 3268 4566
f 3690 32 31
f 3105 2012 2014
f 2212 4541 2536
f 4778 2003 1996
f 625 965 141
f 3182 2016 2036
f 2576 4589 2868
f 3310 3438 4665
f 4588 4544 4771
f 1741 240 1739
f 333 3242 331
f 1519 1504 4661
f 2759 2731 2727
f 4442 3433 2401
f 247 1971 4779
f 3654 4432 2695
f 4780 1168 998
f 1476 4781 4782
f 1564 4729 1068
f 773 4197 3512
f 3591 1151 157
f 1679 4783 1680
f 881 2551 2300
f 927 996 3065
f 2187 2186 2686
f 1807 4784 968
f 967 1808 1807
f 4361 4342 3467
f 4785 239 909
f 766 848 767
f 4786 382 4009
f 2390 4507 4506
f 3223 3400 3224
f 2415 4521 2722
f 2418 2415 2721
f 765 767 784
f 4522 2161 3225
f 2775 2493 429
f 1640 1449 3865
f 4500 2931 2399
f 2641 2088 2087
f 805 4362 4786
f 776 775 810
f 1695 2449 2453
f 2286 593 592
f 1540 911 875
f 4616 1037 1040
f 891 821 892
f 2670 2155 4486
f 826 780 779
f 4180 1932 2131
f 4046 4787 831
f 2467 2674 2022
f 829 828 860
f 2273 2426 2276
f 805 840 4788
f 836 833 795
f 2258 960 2748
f 869 876 910
f 2265 2269 2474
f 2474 2469 2714
f 869 770 876
f 796 877 907
f 912 826 825
f 883 882 912
f 882 913 912
f 847 858 901
f 844 843 847
f 849 920 926
f 2376 492 2373
f 175 282 177
f 856 855 4045
f 856 827 857
f 885 883 824
f 829 860 859
f 4789 885 859
f 942 196 195
f 764 1199 1198
f 797 801 795
f 2746 2391 2394
f 2535 4453 808
f 2707 4505 2771
f 2719 2268 2720
f 2720 2694 2436
f 3662 2777 2693
f 875 877 902
f 2761 4596 2159
f 880 4788 3473
f 2087 3411 4609
f 3820 3822 3484
f 851 3473 3472
f 818 817 4789
f 4433 2175 2762
f 858 890 818
f 3386 806 808
f 825 4626 823
f 848 4626 783
f 2741 2803 2738
f 4234 4590 896
f 2190 2192 2435
f 2433 2602 2435
f 832 860 830
f 4591 3154 835
f 4362 880 879
f 905 382 4786
f 2076 2179 4495
f 840 780 826
f 842 841 913
f 2754 2751 2753
f 3881 3787 3139
f 3472 913 3474
f 847 901 584
f 890 847 846
f 4790 848 857
f 569 3379 570
f 3225 2161 3223
f 4441 4791 4442
f 4462 4474 3336
f 3878 3687 3689
f 3391 3327 4382
f 3786 3914 1363
f 1931 4645 3086
f 3199 128 4792
f 1633 997 707
f 109 1363 3914
f 4793 3934 4647
f 1163 4776 4775
f 1080 1079 3102
f 1202 528 2374
f 437 4583 3938
f 1519 4661 1547
f 673 2791 3506
f 3017 4216 4794
f 3434 3206 4795
f 3103 1138 3084
f 4772 4450 3088
f 839 4575 837
f 4796 544 543
f 1406 1419 1407
f 1394 1404 1327
f 2712 4643 4020
f 1340 1339 1457
f 4797 4513 8
f 4187 4798 4799
f 1381 1458 1415
f 4800 4801 908
f 1405 1463 1406
f 1428 1430 1343
f 2325 2327 4802
f 2327 4803 4804
f 1111 1110 1948
f 4805 3776 1114
f 1353 1352 1345
f 1957 1958 1142
f 1811 1148 1147
f 1127 1126 1148
f 1443 4557 516
f 1378 1356 1360
f 1152 1150 1155
f 1149 1125 4806
f 1324 1323 4525
f 1923 1954 1120
f 667 515 3100
f 1072 1331 525
f 1463 1405 1404
f 1025 1024 4537
f 1365 1469 4807
f 4321 1368 4162
f 1373 1458 1374
f 1373 1375 1376
f 1376 535 1357
f 1372 1459 1473
f 4808 4809 1428
f 1960 1961 4671
f 1355 1467 1384
f 523 1447 1392
f 1447 1468 1317
f 1410 1409 1389
f 1393 1395 1394
f 1326 1398 1393
f 1453 3082 1385
f 1473 1402 1401
f 4796 3664 547
f 2750 3329 3328
f 599 3149 2257
f 1408 1387 1409
f 1402 1434 1403
f 1365 1385 1366
f 1394 1469 1364
f 3081 2994 1455
f 2935 2671 1688
f 4321 4810 4612
f 1377 1734 1376
f 1356 1378 1377
f 1734 1379 1340
f 1459 4808 1428
f 1435 1343 1342
f 4811 4181 4812
f 1384 1467 1380
f 4813 3490 4301
f 1443 1467 1355
f 4814 4815 4816
f 4817 3492 4818
f 4819 4820 4821
f 1317 1316 1389
f 4822 4823 3050
f 4824 4778 4312
f 4825 2254 3383
f 523 1392 4826
f 1984 1982 1989
f 2114 245 1947
f 2108 3435 1691
f 1709 2918 1710
f 4807 1469 1400
f 1452 4807 1471
f 1401 1453 1452
f 3213 4827 4828
f 1175 2938 1218
f 1175 1257 1184
f 2674 2712 1786
f 1190 1192 3995
f 2473 1262 1261
f 4776 1176 2973
f 1556 1178 1177
f 1289 1266 1265
f 1264 1298 1219
f 1191 1190 1259
f 345 1273 4829
f 1202 4829 1274
f 916 1205 1204
f 772 687 208
f 1203 530 1209
f 1888 3501 1889
f 4445 903 3465
f 1570 3418 1568
f 1553 1555 2103
f 1214 1213 1285
f 1223 1257 1220
f 1235 1223 1220
f 1232 1763 1579
f 1230 1579 2881
f 2172 1696 2170
f 1844 1670 3400
f 1295 1297 1192
f 1236 1235 1300
f 2881 1301 1299
f 1240 1280 1238
f 1241 1239 1283
f 2298 2072 1821
f 1248 1184 1246
f 1604 315 1706
f 1255 1209 1208
f 1241 1282 1256
f 1311 1221 1237
f 800 801 395
f 1262 1229 1228
f 1261 1228 1556
f 131 4830 4831
f 1191 1295 1192
f 1202 1274 1201
f 2013 3177 3178
f 3752 4217 3901
f 1236 1278 1312
f 4832 3202 127
f 4832 4628 4630
f 4833 4834 1213
f 3202 3201 3196
f 1285 1216 1214
f 4835 4836 4837
f 1246 1184 1257
f 1227 1273 4347
f 294 20 4838
f 1761 1232 4347
f 4839 1231 1557
f 1300 1220 1219
f 109 3879 107
f 1740 853 3586
f 4620 1264 1219
f 1239 1238 1303
f 1307 1244 1092
f 1244 1306 1245
f 3374 1135 3079
f 1308 1248 1306
f 2131 3903 4180
f 4748 2402 4761
f 1217 1216 1222
f 4236 2099 4766
f 3432 1875 4756
f 4840 1936 1935
f 1891 1892 1894
f 4278 3162 3161
f 1255 1311 1312
f 3760 1927 1908
f 1076 4841 4185
f 1331 1330 2457
f 4842 4762 4843
f 4844 4845 4462
f 2093 3101 4133
f 4523 2244 2733
f 1945 1910 1915
f 2937 1161 4233
f 2158 2927 2412
f 2400 4440 2401
f 154 4846 4847
f 4165 2031 2027
f 31 4679 4704
f 3106 4680 4848
f 2014 4681 4709
f 3140 4849 74
f 4705 4343 2038
f 4708 1269 4682
f 4683 4719 2863
f 4850 4851 4684
f 3075 4706 4405
f 4852 4853 4854
f 4405 4855 4699
f 4343 4705 4691
f 4856 3743 4857
f 4708 2542 2541
f 4858 4155 4859
f 4344 2541 2543
f 4850 4723 4724
f 4710 4723 4400
f 4697 4680 4698
f 1783 1752 3790
f 4686 4696 4694
f 4701 4700 4702
f 3936 3935 4702
f 3690 4704 4703
f 4709 2543 4698
f 4709 4680 3105
f 4860 4200 4861
f 4862 4863 4861
f 2913 4689 4691
f 3174 2339 4705
f 4686 2542 4682
f 4864 2837 2839
f 4683 4865 4723
f 2828 4201 2826
f 4866 3800 4867
f 4706 3074 3953
f 4855 3952 4707
f 4868 3937 4195
f 2778 3935 4868
f 665 554 556
f 467 415 2091
f 2778 4868 2779
f 4692 4708 4690
f 4343 4344 4681
f 4869 3955 4399
f 4851 4724 4695
f 4441 4440 4870
f 1416 1351 4642
f 4851 4406 4685
f 2906 1461 2842
f 1653 2754 4592
f 4685 4405 4696
f 4068 4569 4485
f 4535 2731 3475
f 567 735 548
f 4711 4679 4848
f 4550 4835 4871
f 1253 4872 936
f 253 255 4749
f 2092 4262 4261
f 1829 961 643
f 612 666 647
f 1716 1101 1717
f 4873 4874 4875
f 4876 4860 4877
f 2445 2051 130
f 1027 1370 4339
f 4462 3336 3335
f 4647 1575 4753
f 4859 2359 4878
f 4879 4880 4881
f 4882 4883 4884
f 4885 4886 4887
f 4366 4862 4635
f 4862 4366 4888
f 4889 2360 4154
f 3790 4890 2838
f 4722 4492 3308
f 1027 4339 914
f 2827 4891 4892
f 2828 4893 4202
f 4025 3616 4026
f 4593 1226 3380
f 1334 4716 2032
f 4894 1418 3401
f 3468 1156 4137
f 4895 4803 2327
f 1035 943 1029
f 991 990 947
f 1736 3476 4288
f 1058 949 3039
f 760 546 548
f 3328 3729 2750
f 951 950 1030
f 1295 526 1296
f 955 935 4625
f 223 2902 2903
f 992 966 3385
f 1044 1019 969
f 456 1655 1907
f 1667 1043 969
f 980 978 977
f 976 4896 977
f 1077 1054 979
f 4897 988 984
f 1059 990 989
f 1060 4898 1039
f 1032 1031 2142
f 1060 2142 1031
f 1034 1038 4899
f 1012 1008 1010
f 107 106 109
f 1009 4900 1010
f 1010 4900 1073
f 1056 4075 1017
f 4075 4082 490
f 1075 1018 490
f 4500 2168 1102
f 1013 1019 1044
f 955 957 985
f 939 4901 935
f 2935 1690 2673
f 4412 4263 3331
f 4676 3041 1588
f 990 1059 3949
f 874 4424 3991
f 4409 4408 4424
f 571 777 569
f 4040 4132 4166
f 4069 3564 3956
f 3565 3564 4069
f 996 927 966
f 1032 2142 1037
f 474 3440 2115
f 2441 1004 1667
f 1043 1042 1808
f 3836 3835 4407
f 1013 1045 1011
f 2638 4129 3254
f 1044 970 1045
f 1047 975 1048
f 4551 408 1305
f 1014 980 1054
f 4896 1056 1055
f 2460 945 947
f 1036 1854 989
f 1427 4898 1854
f 1059 989 4902
f 1058 950 949
f 4527 2023 1785
f 996 995 3065
f 1034 4899 1002
f 978 1073 976
f 978 1014 1010
f 973 1012 3152
f 1015 987 1017
f 3579 3578 4160
f 1078 1020 1054
f 988 4897 1077
f 2164 1687 2967
f 2472 4869 4399
f 2471 4869 2472
f 4482 4644 4481
f 2843 1617 3192
f 4622 3393 1488
f 2998 4621 4325
f 326 1500 206
f 1133 4660 3055
f 4370 1153 3357
f 4654 4903 3853
f 4047 4170 4048
f 2816 3313 3852
f 4768 4715 4304
f 4037 4379 4035
f 4904 1212 1211
f 4052 91 4223
f 303 302 3083
f 202 204 4581
f 3561 3253 3558
f 4657 3377 4454
f 1116 4152 1164
f 4805 1801 3776
f 4125 4191 4059
f 1801 4805 1948
f 1110 2408 1950
f 1127 1148 1810
f 1953 1813 1811
f 1923 1816 1814
f 1817 1120 1143
f 1119 1824 1820
f 3976 4356 4173
f 1131 1154 1129
f 4905 3264 4000
f 1110 1802 1948
f 1952 1147 1951
f 4404 3546 3262
f 1958 1820 1142
f 4032 4512 4414
f 4371 4373 2406
f 1921 1922 1920
f 1921 1098 1097
f 1953 1952 1920
f 551 1860 756
f 712 752 722
f 1770 4906 3362
f 731 730 732
f 3846 288 290
f 690 4416 691
f 4634 745 723
f 552 713 736
f 746 715 717
f 544 748 747
f 706 743 3068
f 3135 3120 3316
f 3120 3131 3130
f 2817 4907 2818
f 721 4456 696
f 743 4636 730
f 705 4641 4636
f 718 714 729
f 1614 1333 1084
f 544 2563 4639
f 4239 3483 3436
f 4638 2563 753
f 2562 698 753
f 735 699 760
f 745 699 737
f 4640 4108 734
f 1136 4737 3512
f 719 4641 720
f 331 2758 2755
f 4641 733 732
f 738 747 746
f 4847 3877 3876
f 4849 3140 3211
f 947 990 3949
f 748 4639 750
f 742 703 702
f 750 4638 702
f 741 1538 724
f 1063 3215 1683
f 4659 1861 1863
f 1479 1475 1828
f 1832 1831 1475
f 1962 3437 1834
f 4739 4908 4909
f 1836 1924 1837
f 4687 777 4669
f 2614 2784 1642
f 3393 1531 1488
f 1924 1963 1925
f 4763 1909 4910
f 1501 4911 4335
f 4335 4911 1970
f 931 946 932
f 930 944 995
f 1833 1959 1960
f 1836 4352 3437
f 1511 1845 1839
f 1966 1518 1520
f 1520 4363 1965
f 1076 1016 1075
f 1924 1926 4334
f 4335 4334 1499
f 1837 1970 3691
f 2417 4528 3520
f 431 438 1286
f 4360 4610 2294
f 56 626 635
f 966 992 994
f 636 635 626
f 1078 2441 1667
f 610 2556 622
f 3519 3248 624
f 986 979 1055
f 629 1585 2587
f 1619 2168 2167
f 591 648 638
f 638 1981 639
f 4331 631 578
f 606 605 4330
f 610 612 2556
f 765 4672 4912
f 3518 3585 3517
f 649 648 590
f 622 649 623
f 4624 2961 597
f 344 3483 4239
f 4624 661 4627
f 642 2955 640
f 810 809 1983
f 1998 4688 4669
f 4332 2961 2960
f 344 1761 345
f 2098 636 626
f 2791 2821 3507
f 618 614 619
f 581 4329 618
f 623 589 621
f 725 3344 726
f 3247 658 624
f 661 597 596
f 1052 321 1533
f 321 1049 319
f 630 596 595
f 4118 2960 575
f 656 576 575
f 589 623 590
f 1865 3187 1864
f 620 3315 619
f 613 657 4623
f 2005 2892 378
f 4329 394 646
f 579 606 4116
f 607 606 631
f 2112 4913 1759
f 638 648 665
f 2165 1322 1361
f 2841 2842 2840
f 610 3347 611
f 641 4624 4331
f 2074 2053 2055
f 1701 137 582
f 618 4329 4330
f 605 615 614
f 602 615 603
f 3519 4328 2587
f 2058 2060 2056
f 2060 2073 2061
f 2085 2063 2065
f 4159 1304 897
f 3268 2700 4566
f 3240 4606 3241
f 2074 4598 2069
f 3147 3146 2071
f 4914 4739 2919
f 2058 2053 2073
f 2070 2067 2066
f 4604 4603 4605
f 4915 4872 4916
f 4729 3893 3892
f 307 485 3587
f 4293 1863 1870
f 2404 2403 4845
f 3895 3894 3916
f 3737 3895 3897
f 1939 4279 4225
f 4243 3761 4572
f 1891 4917 4843
f 4382 4381 4547
f 4462 4918 4844
f 3909 3783 3745
f 1108 3900 3826
f 4763 4910 4919
f 4840 4765 4721
f 4765 4764 4920
f 3497 2130 2131
f 3431 4757 3032
f 4921 1909 1927
f 4337 4206 4205
f 3761 4918 4922
f 4762 3422 1605
f 4843 4917 4923
f 4765 4840 1935
f 338 3229 864
f 3281 4295 4294
f 3249 3327 3391
f 2547 4475 4924
f 3063 3062 4922
f 3891 3913 4326
f 3912 3911 4292
f 4720 1943 4919
f 152 4721 4920
f 707 152 3161
f 4753 4750 4842
f 3750 4925 3917
f 3706 4287 3707
f 4306 4282 3675
f 4753 4793 4647
f 2130 3497 4473
f 3493 3060 3245
f 3493 771 3060
f 271 69 2357
f 4442 4749 255
f 1491 1966 1481
f 1492 1494 1845
f 3688 3687 4274
f 1512 1501 1515
f 1509 1490 1506
f 1495 1503 1502
f 1498 1495 1496
f 1511 4911 1512
f 206 1500 1499
f 2999 4325 1515
f 4621 3226 1516
f 3767 3847 887
f 4661 1504 1503
f 1546 4661 1516
f 1517 1521 1518
f 3394 1529 1531
f 1858 4357 1859
f 3678 3677 3797
f 3882 3797 3796
f 1967 793 792
f 361 914 637
f 627 1829 628
f 1740 3587 485
f 1124 1275 1099
f 3275 3274 4211
f 1827 3271 3785
f 886 3842 887
f 1143 1120 1122
f 1121 1954 1275
f 1150 1149 1155
f 3723 3808 3722
f 1951 1152 1154
f 2878 1815 2876
f 3278 3277 2877
f 3708 3709 3918
f 1139 1949 4805
f 1126 1150 1152
f 3772 1800 3925
f 4370 1129 1154
f 3057 1153 1152
f 3832 3293 3292
f 457 456 1907
f 3055 3057 1155
f 3084 1164 1163
f 309 637 1526
f 1176 4485 1177
f 1740 1526 1146
f 104 103 241
f 1634 1633 4649
f 982 1967 792
f 2158 814 813
f 1335 1859 1856
f 2033 4678 4190
f 4716 4678 2032
f 3400 4524 3224
f 1860 551 3526
f 4926 3845 4607
f 1554 1553 1977
f 4345 3007 4603
f 1253 4410 4927
f 4216 4215 2007
f 4401 3994 4928
f 4751 3016 2970
f 4835 4929 4871
f 1756 1276 922
f 4500 2399 3482
f 4930 4894 4072
f 3365 4772 4931
f 4931 782 781
f 3372 1186 1313
f 2092 643 4262
f 4669 777 778
f 4513 4797 3483
f 4756 4932 4933
f 4934 3330 4770
f 4935 4936 4395
f 4937 4938 4422
f 4939 4663 1325
f 4302 4036 4940
f 3363 1537 3602
f 4305 3117 3116
f 3116 4447 4941
f 338 337 3039
f 3230 951 2519
f 933 4901 4942
f 4305 4311 4943
f 4944 3550 4316
f 3322 3551 3550
f 4314 4313 4945
f 1676 4945 4946
f 4947 4948 4949
f 4928 1192 1297
f 1579 1230 1232
f 1703 330 408
f 3108 2495 3109
f 4309 4308 4375
f 4608 3491 4950
f 2781 4951 4952
f 2783 3940 2781
f 4816 4953 4814
f 3552 3551 4819
f 2813 4315 4314
f 4312 4311 4824
f 4954 4307 4309
f 3050 4955 4822
f 4181 4935 4812
f 1217 1222 1221
f 1237 1312 1311
f 4183 4937 4181
f 4713 4303 4956
f 3492 2497 4818
f 4301 4300 4813
f 4646 4825 3383
f 2256 3384 2254
f 4951 4077 4934
f 4935 3580 4957
f 1419 1406 1415
f 4020 1787 2712
f 1447 523 525
f 4953 3837 4938
f 4311 4305 4941
f 4819 3551 4817
f 4813 4944 4958
f 3194 2692 2524
f 4944 4300 3550
f 4955 3716 4959
f 4314 1675 4947
f 1676 4815 4182
f 3711 3713 4956
f 1371 1372 1473
f 3712 2495 3108
f 1346 1345 1403
f 4818 2496 4820
f 4309 4646 4950
f 1373 1340 1457
f 2782 2781 4655
f 3940 3939 4951
f 1352 1355 1386
f 3712 3711 4946
f 4164 4953 4940
f 4960 1785 2353
f 1429 4618 1430
f 4943 4961 4316
f 1400 3081 1455
f 4958 4310 4312
f 2832 4962 4827
f 4963 4955 4949
f 1677 4181 4811
f 4937 4396 4936
f 4768 4304 4303
f 4964 4965 4137
f 4228 3079 3078
f 4964 3492 4817
f 3586 853 4966
f 4339 4288 4648
f 3322 3321 4965
f 3322 4299 3323
f 3488 4299 4301
f 4475 1534 4476
f 255 3433 4442
f 2476 333 3054
f 4674 4261 4204
f 14 4967 2358
f 2358 4674 14
f 4780 1634 3943
f 3933 1095 4803
f 787 4968 242
f 4656 763 3012
f 3011 3010 4652
f 3112 4969 3111
f 348 347 550
f 2939 2862 2861
f 157 3407 3591
f 4197 4196 4970
f 2980 1335 1856
f 4718 324 2608
f 4851 4695 4406
f 2606 3590 4542
f 3603 1587 1589
f 3601 3602 3600
f 3093 3599 3572
f 4698 4680 4709
f 4405 4699 4696
f 3480 3606 3595
f 3936 4700 4707
f 3095 3595 3553
f 4848 4697 4711
f 3540 3538 4297
f 3540 2654 3589
f 2668 2661 3589
f 3597 3567 2660
f 3598 2660 2659
f 4723 4850 4683
f 3575 3592 4179
f 3594 3593 4733
f 1670 1843 1671
f 3596 4734 588
f 907 770 4971
f 382 395 383
f 4542 4298 3529
f 3588 4972 3530
f 4472 526 1295
f 919 4664 4973
f 3554 3553 3555
f 3537 3599 3581
f 3594 3549 3576
f 4736 3577 1413
f 4178 3593 4736
f 3532 3535 3568
f 3596 587 3547
f 3601 3547 3548
f 2607 4974 2608
f 3542 1587 3603
f 2106 4346 2119
f 1277 4133 4975
f 2048 2055 2049
f 3572 3573 4392
f 3536 3532 3531
f 3535 3538 3567
f 3567 3538 3540
f 2660 3589 2661
f 3146 3145 2081
f 3582 4178 4976
f 4179 3592 4733
f 4977 3542 586
f 3365 781 867
f 3541 4977 4298
f 4542 3590 3541
f 3170 4613 562
f 3540 4297 3539
f 3567 3597 4296
f 3568 4296 3601
f 3600 2561 3531
f 785 869 871
f 3642 4735 3643
f 3642 1211 1210
f 880 3473 878
f 3042 3044 3451
f 3623 4388 4176
f 3632 3047 3639
f 3640 3639 3659
f 3002 3635 3615
f 194 257 79
f 2353 3483 4797
f 3295 3625 4745
f 4388 3623 3625
f 902 1540 875
f 4388 4387 3619
f 3092 3650 3304
f 3650 4741 3641
f 3524 2103 2104
f 3618 3620 4742
f 3620 2104 3352
f 3656 3646 3626
f 1522 3452 3628
f 3044 3043 3629
f 2519 2518 3230
f 3043 4745 3624
f 3623 3621 3624
f 3621 3623 4744
f 768 763 769
f 3638 3648 3636
f 4744 4176 3638
f 1270 948 952
f 4262 3358 4260
f 4942 4185 4774
f 2007 4658 1545
f 2936 2176 2937
f 1665 1436 2075
f 1418 4894 4930
f 4871 1466 4550
f 645 3358 4262
f 4871 4978 4410
f 4979 4238 4980
f 4872 1253 4927
f 3729 3941 3020
f 4929 294 4978
f 4981 1679 3025
f 3025 4276 3026
f 4728 4939 4982
f 3614 4983 1626
f 601 2059 3149
f 3054 2733 2476
f 1329 4984 1327
f 1464 936 4872
f 2980 4985 1339
f 1842 3440 1843
f 19 4916 4838
f 4794 2968 3017
f 4928 3994 1192
f 4782 4781 4230
f 2471 1261 1177
f 4979 4980 4220
f 1173 1248 1308
f 567 566 2989
f 4978 4871 4929
f 1632 4595 430
f 4290 4275 4289
f 2682 3104 1251
f 4291 4258 4257
f 2891 4222 2892
f 4267 1897 1446
f 4986 1313 1314
f 3014 4987 4752
f 3359 2938 2861
f 4018 3801 3803
f 4931 4772 4988
f 4420 1807 1806
f 1359 1356 1358
f 2649 898 377
f 1117 1141 3026
f 3118 4574 3116
f 1988 4574 3113
f 4403 933 4942
f 4907 1994 3409
f 1479 1478 4989
f 4227 3507 2821
f 3100 517 1630
f 550 549 238
f 2316 1769 1320
f 3358 4990 4650
f 2939 1175 1174
f 2157 1572 4657
f 4991 4836 2346
f 4269 4214 4280
f 4906 298 3362
f 3032 4933 3035
f 4222 379 2892
f 3325 1769 4018
f 4317 4655 3010
f 3111 4992 4317
f 3115 3112 2001
f 963 4964 964
f 3148 3175 2056
f 3145 4993 2081
f 1103 4253 794
f 4220 2972 4979
f 4252 4980 4238
f 4658 2007 4215
f 782 4931 4988
f 438 2346 4836
f 4259 3014 4752
f 763 4656 769
f 4074 4073 3843
f 1943 4730 4994
f 4758 4756 1875
f 1189 3415 417
f 1939 4225 1917
f 1904 2100 2099
f 4104 2402 2404
f 3504 3503 4417
f 4209 3325 4018
f 15 14 4674
f 4645 1931 1933
f 4234 896 895
f 311 4144 312
f 1573 1572 2157
f 1915 1910 1916
f 3979 3760 4320
f 4795 558 3434
f 1894 1893 1900
f 4318 4547 4761
f 4995 4828 2050
f 1865 419 594
f 4894 4465 4982
f 3427 4359 4242
f 4844 4243 4242
f 787 4284 4968
f 1334 1336 4716
f 545 1895 3498
f 3664 3444 547
f 1292 4996 4289
f 3023 3025 1679
f 1346 1434 3508
f 372 1771 1781
f 3025 3023 4276
f 4987 4782 4230
f 534 3505 1358
f 4997 3728 4998
f 4987 4228 4752
f 3386 4458 2903
f 4276 4999 1293
f 4998 4139 4230
f 4227 4987 4230
f 1186 1185 1313
f 4614 560 562
f 4185 4942 938
f 3238 5000 1208
f 4693 4644 4482
f 4275 1118 4276
f 4239 1762 1761
f 4276 1118 3026
f 1315 1468 2457
f 559 558 2127
f 2663 1191 1259
f 1191 2663 1295
f 1615 2339 1616
f 4196 4752 3078
f 4994 4269 4280
f 4730 4269 4994
f 2749 1964 2258
f 1898 1663 2075
f 4978 4838 4927
f 4836 4991 4837
f 4906 101 298
f 4909 2919 4739
f 3949 337 2460
f 4267 4997 1478
f 1426 1041 1427
f 2972 2971 3027
f 4238 4237 4252
f 1025 2926 1026
f 1035 2683 3064
f 3488 5001 3241
f 3487 4361 4773
f 671 948 4996
f 3085 3235 3359
f 3032 4756 4933
f 2551 2553 2300
f 4591 2133 3155
f 3411 3137 3409
f 775 774 571
f 3410 4609 3411
f 2784 4578 1024
f 241 2147 104
f 3423 2649 376
f 1741 78 262
f 2649 3423 3385
f 5002 3227 2971
f 4281 5003 5004
f 4998 4230 4997
f 4223 91 4224
f 3156 4188 3157
f 5005 4256 4281
f 3033 3032 3035
f 1737 1738 171
f 4989 4781 1476
f 5006 4783 4981
f 4275 1292 4289
f 3020 5002 2971
f 4221 4980 4251
f 3411 2823 3138
f 4253 1103 5007
f 1028 963 3398
f 3453 3452 1091
f 4666 3313 3317
f 5003 542 160
f 5008 5003 4264
f 3184 2035 1330
f 2242 4471 4177
f 4484 3502 557
f 4980 4252 4251
f 113 167 2487
f 4979 3027 3029
f 1267 83 4025
f 135 286 252
f 776 810 1983
f 4932 4249 4933
f 3031 4257 4755
f 5009 4265 4264
f 1557 1231 2973
f 550 5005 348
f 4257 3031 4291
f 532 5010 1107
f 4913 2112 1464
f 4997 4230 4781
f 4975 1308 1307
f 4177 2663 2662
f 782 779 781
f 3414 870 910
f 762 1198 4688
f 3862 4231 4131
f 675 671 4996
f 880 4362 4788
f 4626 4790 823
f 160 5004 5003
f 4732 5011 4731
f 1327 4984 1325
f 4767 310 3029
f 3079 4228 2821
f 247 4895 248
f 902 3154 1541
f 4249 4932 4214
f 824 883 912
f 1132 1973 4660
f 4291 3031 3033
f 3139 74 3881
f 616 4327 2084
f 4841 3369 4185
f 5012 4101 4045
f 3028 4767 3029
f 5006 4981 1140
f 5002 5013 4464
f 4253 790 4251
f 465 4664 464
f 684 4092 136
f 3365 4931 781
f 4198 4671 4259
f 5014 4787 4046
f 3728 1446 3021
f 3478 4731 3415
f 275 5015 3801
f 2316 3801 4018
f 3035 4249 3017
f 1048 1382 1867
f 5009 3033 4751
f 1197 3076 576
f 1663 1898 3892
f 160 348 5004
f 4927 4838 4916
f 294 4929 295
f 1144 637 915
f 4275 4290 1118
f 5006 1140 1124
f 3942 3941 3328
f 3102 1079 2600
f 242 4968 4111
f 4103 739 2959
f 5016 217 216
f 2922 3325 2197
f 5007 790 4253
f 4987 3014 3015
f 4989 1478 4997
f 1897 4267 1478
f 4086 2945 5017
f 1166 1897 281
f 2408 1110 1112
f 2508 1157 1111
f 2982 5018 5019
f 1266 2881 1264
f 917 1279 1301
f 2881 1579 1301
f 1117 1958 1957
f 1130 1129 84
f 3237 1240 5000
f 1819 1143 1142
f 3084 1138 1116
f 1805 1804 5020
f 1104 1109 5021
f 2473 1290 1262
f 238 237 1861
f 4994 4280 1913
f 4111 3924 242
f 1219 1298 1300
f 4243 4572 3425
f 762 3012 763
f 5022 1303 5023
f 4845 2403 4474
f 4924 4748 2547
f 4924 2403 2402
f 1605 4843 4762
f 3501 4762 4722
f 1927 3762 4921
f 516 4557 517
f 3934 4793 4840
f 865 864 1877
f 3245 3060 1887
f 4843 4923 4842
f 4923 4917 4793
f 4842 4492 4762
f 4919 1942 4763
f 4920 4278 3161
f 4721 4765 4920
f 1388 1389 1409
f 4917 1936 4840
f 4761 4547 4381
f 1379 1378 1387
f 1938 4236 4279
f 1404 1366 1463
f 1347 1353 1345
f 3227 5002 4463
f 4290 1104 5021
f 3323 3487 4773
f 1429 1428 4809
f 542 541 161
f 542 5003 5008
f 1390 216 1053
f 3977 1457 1339
f 4111 4968 4237
f 3616 4025 3
f 1053 1051 489
f 4290 1105 1104
f 1925 1968 1926
f 1962 1834 4611
f 939 935 955
f 4625 935 934
f 1031 950 1058
f 1475 1831 1828
f 4899 1038 3428
f 1481 1966 4358
f 1845 4355 1839
f 1833 1832 1959
f 1011 3152 1012
f 1520 1508 4363
f 1479 1826 1477
f 1118 1117 3026
f 4279 4236 3227
f 931 993 946
f 772 773 3513
f 1275 1954 1097
f 1099 5006 1124
f 1002 984 957
f 1957 1123 1141
f 1141 1117 1957
f 1119 1118 5021
f 4083 1056 4896
f 1451 1799 328
f 1106 1108 1104
f 1127 3715 1805
f 2927 4533 3066
f 1125 1805 5020
f 1134 5020 2408
f 4726 2968 4794
f 2363 2419 2915
f 1115 4152 1116
f 1152 1147 1126
f 1123 1122 1121
f 1949 1948 4805
f 4485 1176 3445
f 2916 1249 1251
f 1165 3870 3445
f 4927 4410 4978
f 430 4595 428
f 4664 5024 4665
f 5005 550 238
f 4838 4978 294
f 5025 4084 4896
f 4049 845 4586
f 1196 4101 5012
f 1291 4232 1292
f 5026 4192 4026
f 3131 3120 3135
f 4198 4197 1968
f 3015 1961 1474
f 4483 4453 3502
f 2944 1073 4900
f 5025 4109 4084
f 1475 1479 1476
f 1493 1492 1502
f 1482 1502 1480
f 1504 1491 1480
f 976 5025 4896
f 1498 1497 4621
f 5025 976 4107
f 1490 1489 1506
f 1511 1496 1845
f 4611 1834 1960
f 1962 4611 1925
f 4999 4276 3023
f 1679 4981 4783
f 5027 689 2944
f 1088 1968 4197
f 4729 3892 1898
f 4939 4072 4982
f 1316 1315 4190
f 4403 4942 4774
f 2980 1411 1335
f 926 5017 2945
f 4225 4463 4226
f 4086 1197 2945
f 694 5028 4109
f 4238 4979 3029
f 2863 1190 3995
f 2530 4604 1614
f 4196 1137 4970
f 1137 4196 3078
f 3250 3906 3768
f 396 4629 1183
f 2955 2956 4599
f 2957 4599 2956
f 3023 4909 4999
f 5027 4098 751
f 3359 5029 2938
f 1028 4080 3110
f 4080 943 930
f 3331 2250 3332
f 1182 4770 3332
f 4490 2616 2615
f 1183 4629 799
f 5030 4221 4251
f 4228 3078 4752
f 1118 4290 5021
f 4998 3992 4139
f 4998 1090 1089
f 283 3879 2807
f 4998 3728 1090
f 2972 4220 4222
f 3941 5013 3020
f 4221 5031 4222
f 2969 3518 2970
f 3930 4269 4730
f 3138 2823 2822
f 4983 5032 789
f 2891 2890 3020
f 5007 1624 788
f 4783 4192 5026
f 3863 3882 237
f 3030 4581 5033
f 5030 790 789
f 4859 4878 4858
f 4853 5034 4854
f 2446 2445 2896
f 4873 5035 5036
f 274 1775 269
f 67 212 95
f 5036 5037 5038
f 4148 3477 5037
f 3743 4856 5039
f 4858 5039 4830
f 4149 4864 5040
f 2837 5041 4887
f 4853 5042 5034
f 5042 4875 1747
f 5010 532 4157
f 3779 1751 1750
f 63 299 301
f 5043 5044 5045
f 1748 81 200
f 4156 2446 5044
f 954 2328 43
f 3781 1746 1744
f 5045 2896 4863
f 71 1743 75
f 4877 132 4876
f 317 1742 4668
f 2826 3742 4884
f 204 3786 5033
f 5046 5047 5048
f 5047 3791 1753
f 5049 3799 273
f 4867 5049 5050
f 3992 4998 1089
f 4208 2198 2197
f 4261 4260 4204
f 5051 5052 4365
f 4887 5034 4885
f 1548 4567 941
f 5053 4886 1758
f 3680 4785 3866
f 5054 4862 4888
f 4884 5048 4882
f 4891 4883 1772
f 4891 3798 4892
f 2359 3741 4878
f 4154 5040 4889
f 4880 5050 4881
f 5055 770 769
f 3274 3889 4210
f 4203 4204 4260
f 4464 5013 3941
f 5056 4203 4650
f 4201 2828 4202
f 3800 4866 4893
f 4862 4861 5057
f 5036 316 4874
f 4857 4876 4856
f 919 765 4912
f 2939 1174 3101
f 5024 919 4912
f 4856 132 4831
f 945 4768 946
f 4889 4864 2839
f 4864 4149 2837
f 5042 3782 4885
f 4157 5044 5043
f 132 4877 2445
f 4971 5055 4367
f 4201 5058 2826
f 5047 3780 4882
f 5049 1757 4881
f 4365 5059 2198
f 4716 1316 4190
f 3790 2838 5053
f 1680 4783 5026
f 2464 4520 814
f 3325 4209 2197
f 4891 1788 3798
f 4167 1755 921
f 5046 5048 3741
f 15 4203 4879
f 209 211 4725
f 5051 4866 4867
f 3188 3201 3183
f 5057 4200 4202
f 4860 4876 4857
f 863 862 196
f 1267 4193 1098
f 4832 3203 3202
f 4192 5006 4193
f 4714 3108 3110
f 3177 2013 3200
f 4832 129 3180
f 3321 4137 4965
f 3488 3239 5001
f 1303 5022 1302
f 3491 3240 3239
f 660 1106 655
f 287 286 4926
f 655 1106 1105
f 4284 4237 4968
f 787 242 22
f 4210 4413 4211
f 2007 4727 4794
f 4906 2357 4967
f 4659 5005 238
f 4659 4256 5005
f 4256 4293 4257
f 1477 203 281
f 1633 3162 4226
f 145 3845 4926
f 4779 4895 247
f 4803 4779 3933
f 4835 4550 4836
f 4714 4080 4081
f 4895 5060 248
f 2982 5019 2981
f 4650 4203 4260
f 1429 4809 2982
f 4612 1368 4321
f 5061 4738 4168
f 4600 1181 889
f 3591 3930 1151
f 3512 4197 4970
f 5062 4833 1302
f 3507 4227 4138
f 1937 3156 868
f 5063 5035 3350
f 2365 420 4428
f 3153 3355 2990
f 4186 4153 4155
f 1330 1071 3204
f 559 2127 3204
f 2985 4802 2983
f 5064 5065 4799
f 1243 4145 1244
f 1399 1187 5066
f 4151 5067 2985
f 4804 5068 4802
f 4746 3001 5069
f 1095 4804 4803
f 3340 4156 4849
f 2050 2051 4995
f 5019 4725 2981
f 2809 3447 3727
f 908 4801 909
f 5070 2325 5071
f 5070 4800 4188
f 5072 3726 4801
f 4798 5073 5072
f 2780 4673 131
f 5070 5064 4798
f 2983 5068 1094
f 2050 2780 130
f 4801 3726 3866
f 4188 908 3157
f 4153 4187 4799
f 3563 3151 4676
f 2809 3726 5072
f 4836 1286 438
f 1350 209 1412
f 3612 4172 4904
f 1330 2035 2457
f 5074 2993 2995
f 3398 1029 1028
f 4286 1159 3844
f 4769 3011 4652
f 3000 5075 3001
f 900 2256 2255
f 4375 3122 4825
f 4308 1996 1995
f 4778 1996 4308
f 4904 1211 3612
f 4824 5076 2003
f 4972 3588 4161
f 4447 5076 4941
f 4823 3114 3118
f 3115 4969 3112
f 3115 3114 4822
f 4992 4969 4959
f 4655 4651 4652
f 4770 4651 4934
f 4820 4819 4818
f 4815 4183 4182
f 1587 3590 1588
f 4946 5077 3712
f 4946 4815 1676
f 5078 3527 3582
f 3491 3490 4950
f 3002 3001 4746
f 4958 4954 4813
f 3717 2783 2782
f 5079 3711 4956
f 4738 5061 3610
f 4956 3108 4713
f 4943 2814 4305
f 4949 3052 4947
f 2860 3359 2861
f 2813 3052 2814
f 4312 4307 4958
f 3050 3052 4949
f 2815 4821 4315
f 2815 2814 4943
f 3550 3552 4316
f 2495 2497 3109
f 5079 4302 4940
f 4948 1675 1677
f 3713 3108 4956
f 4301 3239 3488
f 4992 3716 3718
f 4303 4713 4768
f 1419 1415 1417
f 3994 4401 4400
f 4944 4961 4958
f 2912 4689 2913
f 4845 4844 5080
f 4719 1269 1260
f 3711 4815 4946
f 770 5055 4971
f 3530 3529 3588
f 2496 5077 4820
f 1232 1761 1763
f 1098 4193 1099
f 4965 4817 3551
f 4464 3941 3943
f 4368 4651 4770
f 1413 1412 5019
f 4822 4969 3115
f 3111 4969 4992
f 4974 3530 5074
f 4168 5081 5061
f 5076 4824 4941
f 4447 4653 5076
f 4976 5078 3582
f 867 804 3494
f 4825 3122 3121
f 4375 4184 3122
f 3729 3328 3941
f 2255 3121 3123
f 951 934 2519
f 1413 4976 4178
f 3530 4974 2607
f 3536 3537 3535
f 3537 4297 3538
f 5073 4187 2810
f 4802 5067 2325
f 3596 3598 4734
f 587 3542 3548
f 3594 3598 2659
f 2780 2050 4828
f 3516 3500 3549
f 1094 3338 5082
f 3593 4178 4733
f 3575 3574 4977
f 1572 1571 3351
f 4179 3528 3575
f 2127 2129 3204
f 3577 4736 3576
f 3539 3581 3153
f 5015 275 1107
f 3599 3554 3581
f 1269 4692 1268
f 3612 3611 3609
f 5055 769 4656
f 4746 3628 3002
f 4387 3620 3619
f 4387 3524 2104
f 3622 3624 3621
f 3047 3659 3639
f 3640 3659 3651
f 3624 4745 3625
f 248 1937 162
f 3646 3645 3626
f 3091 3650 3092
f 3377 4657 1572
f 3631 3630 3629
f 3633 3631 3634
f 3014 4259 4671
f 3656 4742 3646
f 3617 3655 3647
f 4176 4744 3623
f 3637 4744 3638
f 3633 3632 4735
f 3643 4735 3639
f 3629 3628 3452
f 3644 4388 3625
f 3352 4742 3620
f 3627 3159 4536
f 5075 5069 3001
f 4290 1270 1105
f 5018 5083 5078
f 2993 4972 4161
f 4171 5061 5081
f 3005 4810 4161
f 3588 3003 3005
f 5074 5084 4600
f 5006 1099 4193
f 4976 1413 5019
f 5061 4171 3610
f 3000 1210 5085
f 4857 4200 4860
f 3000 5085 5022
f 2995 5084 5074
f 5026 3097 4677
f 1414 1350 1412
f 2359 5046 3741
f 2276 2274 2273
f 4810 3005 3527
f 5085 1210 1212
f 5023 1280 4158
f 4172 4171 4146
f 4210 3889 4024
f 237 4785 3680
f 5062 4904 4172
f 2198 4366 4365
f 5059 5056 4990
f 4171 4145 4146
f 1212 4904 5062
f 4867 3800 3799
f 5046 2361 3791
f 2982 4809 5083
f 5058 3743 3742
f 4161 4810 4321
f 5084 2995 1187
f 1025 54 3938
f 1284 4834 4146
f 5043 5015 5010
f 5078 5083 4810
f 5075 5086 5069
f 5018 5078 4976
f 209 4725 1412
f 5019 5018 4976
f 4265 5009 4751
f 1412 4725 5019
f 1319 788 1624
f 5069 1514 4746
f 5013 5002 3020
f 1072 524 4617
f 4463 5002 4464
f 2994 3081 5066
f 4808 4612 5083
f 1069 505 504
f 2972 4222 2891
f 4833 1283 1302
f 4693 918 1622
f 4157 532 533
f 790 5030 4251
f 4155 5087 4186
f 4149 5040 5065
f 4516 383 2250
f 946 4768 932
f 1290 2473 4401
f 5041 4149 4151
f 675 1292 4232
f 4852 4854 2984
f 5082 3350 5035
f 4148 5063 1571
f 1285 1284 1243
f 598 4718 4600
f 4600 4718 4974
f 4080 4714 3110
f 790 5007 788
f 4791 4441 5088
f 3005 4161 3588
f 4774 3369 2546
f 3005 3004 3527
f 2303 2744 2822
f 3530 4972 2993
f 5074 3530 2993
f 4600 4974 5074
f 4171 3612 3610
f 4167 5081 4168
f 5066 2995 2994
f 5083 5018 2982
f 2981 4618 1429
f 5075 4158 5086
f 5062 4172 4834
f 5006 4192 4783
f 1508 1509 1506
f 1243 1284 4146
f 1268 2912 5089
f 4911 1501 1512
f 3527 5078 4810
f 1518 1966 1491
f 3000 5022 5075
f 4916 4872 4927
f 2936 287 4926
f 1476 3015 1474
f 83 925 4025
f 1302 5085 1212
f 1843 3440 3439
f 4999 1291 1293
f 1187 2995 5066
f 1399 1185 1187
f 5090 2845 4277
f 1092 1244 4145
f 3465 5086 4158
f 4834 4833 5062
f 4809 4808 5083
f 4835 295 4929
f 100 4837 4991
f 5075 5022 5023
f 3465 903 5086
f 5023 4158 5075
f 3081 1399 5066
f 4852 5082 5035
f 1185 1399 1314
f 1157 1134 1112
f 1199 3381 4570
f 3196 3168 3172
f 129 4832 127
f 3171 2057 2040
f 3200 2013 3180
f 4630 3203 4832
f 2020 2015 3183
f 4832 3180 4628
f 3196 3201 3195
f 1557 1227 4839
f 794 4284 787
f 4145 4171 5081
f 1474 1961 1959
f 5062 1302 1212
f 5069 5086 1513
f 4266 4120 540
f 4161 2994 2993
f 1187 1181 5084
f 4145 5081 4167
f 4146 4834 4172
f 4145 4167 1092
f 3060 3868 1887
f 3023 2919 4909
f 3391 1877 3249
f 5088 4749 4791
f 4810 5083 4612
f 3762 3062 4921
f 4722 4645 1933
f 1605 3422 1606
f 4475 2403 4924
f 1291 4999 4909
f 287 2936 2846
f 3162 1917 4225
f 3227 4463 4279
f 3098 3097 3616
f 4767 311 310
f 3120 4184 3316
f 3131 3135 3136
f 5055 4769 4367
f 1870 4754 4755
f 2250 1183 3332
f 4138 4227 4139
f 1291 4908 4232
f 5030 789 5032
f 4986 1325 4662
f 1111 1157 1112
f 1325 4663 4662
f 4939 4984 4072
f 540 5008 4266
f 3518 4265 2970
f 814 2158 2412
f 4535 2797 4534
f 4772 4672 4988
f 867 3494 3366
f 2059 601 3148
f 4997 4781 4989
f 4749 4442 4791
f 4477 4749 4732
f 4265 3518 1581
f 1703 408 4551
f 4209 4208 2197
f 291 1755 4167
f 1089 3993 3992
f 1089 504 506
f 930 932 4081
f 4249 4216 3017
f 5031 4221 5030
f 3943 1634 4649
f 2757 1669 1671
f 4738 3297 4168
f 4168 3297 632
f 4600 5084 1181
f 1267 4026 4192
f 310 4238 3029
f 4168 632 291
f 998 1634 4780
f 3300 2008 3942
f 770 869 768
f 2007 4794 4216
f 4167 921 1092
f 4909 4908 1291
f 2970 4265 4751
f 1545 4658 3931
f 4731 1721 4732
f 1808 3428 1806
f 4281 5004 5005
f 2915 2419 2356
f 789 788 1635
f 1476 1479 4989
f 1513 1514 5069
f 4846 3013 3878
f 1557 1556 1227
f 2328 953 279
f 4293 4755 4257
f 4746 1514 1522
f 4921 3090 4910
f 506 3993 1089
f 852 1470 541
f 1363 5033 3786
f 5091 3477 322
f 143 5038 5091
f 114 78 77
f 116 115 29
f 214 29 115
f 4123 75 1743
f 1897 1444 1446
f 231 72 1744
f 1745 1746 1747
f 5003 4281 4264
f 43 45 44
f 1748 233 44
f 33 102 199
f 4987 4227 4228
f 4214 4932 4280
f 96 34 201
f 1624 5007 1103
f 1785 4960 4527
f 948 4289 4996
f 4264 4266 5008
f 86 64 87
f 87 95 28
f 4249 3035 4933
f 63 94 64
f 62 219 1750
f 299 1751 1753
f 4872 4915 1464
f 18 17 1754
f 17 16 19
f 294 296 1754
f 1445 1069 3021
f 190 49 1776
f 268 39 41
f 187 227 65
f 5053 1758 188
f 4907 3137 2818
f 4220 4980 4221
f 3995 3994 4865
f 1768 81 45
f 1292 675 4996
f 1768 4717 16
f 1768 258 81
f 4284 794 4253
f 4979 2972 3027
f 67 94 65
f 213 66 75
f 1774 1775 1772
f 1254 1253 936
f 2508 1081 3290
f 3779 218 1774
f 1397 1776 192
f 193 221 267
f 142 4668 1742
f 4289 948 1270
f 77 102 33
f 35 214 33
f 1738 230 4668
f 4841 1076 1050
f 232 1745 230
f 1758 4885 3782
f 232 1744 1746
f 1292 4275 1293
f 3498 543 545
f 1461 1460 2842
f 1905 311 4767
f 43 2328 46
f 1759 45 46
f 3501 1933 1889
f 2402 4748 4924
f 105 104 954
f 78 1741 76
f 1873 3431 4754
f 233 1748 102
f 2399 2931 2335
f 27 35 82
f 86 96 98
f 1939 1919 1904
f 2099 1938 1904
f 3162 4278 1917
f 1773 4882 3780
f 1911 4758 1914
f 1875 1874 1914
f 1913 1943 4994
f 63 1750 1751
f 1270 655 1105
f 3181 16 18
f 5009 4264 4291
f 48 47 297
f 4656 4769 5055
f 296 47 205
f 1757 1397 12
f 1397 1757 191
f 268 1784 269
f 189 1784 41
f 1141 1140 4981
f 300 299 1752
f 187 300 188
f 186 72 227
f 5060 1937 248
f 175 4123 282
f 2413 2412 4583
f 213 4123 24
f 220 269 1775
f 13 4967 14
f 3015 4782 4987
f 3933 4779 1971
f 99 192 1776
f 40 47 49
f 4261 4674 4467
f 4650 4990 5056
f 3878 3013 283
f 3681 5092 3679
f 1947 1166 2114
f 5032 5031 5030
f 903 1513 5086
f 1635 4983 789
f 1319 1113 1635
f 4997 4267 3728
f 1559 1558 2293
f 4606 3209 4360
f 3016 3035 3017
f 3025 1141 4981
f 3033 5009 4291
f 2035 2458 2457
f 5004 348 5005
f 4266 1581 4120
f 4266 4265 1581
f 761 4618 2981
f 4898 1060 4902
f 2970 3016 2968
f 506 1907 3993
f 1136 4970 1137
f 4203 5056 5093
f 4642 1351 740
f 2958 739 738
f 751 2958 716
f 2059 2062 3149
f 2846 2937 4277
f 694 4640 692
f 4252 4237 4284
f 1662 500 1485
f 694 693 697
f 2487 3036 3018
f 2601 1538 4637
f 743 706 4636
f 4641 705 3402
f 713 710 709
f 4638 750 4639
f 544 4639 748
f 721 693 719
f 719 733 4641
f 4744 3045 3621
f 4456 3399 696
f 3634 3043 3624
f 745 712 723
f 753 742 702
f 4631 3068 724
f 729 714 4632
f 732 730 4636
f 710 551 756
f 580 646 394
f 582 393 392
f 1211 3642 3611
f 4741 3609 3611
f 3619 4176 4388
f 590 648 591
f 651 650 3405
f 597 650 595
f 3002 3630 3635
f 3633 4389 3635
f 607 604 603
f 603 615 605
f 3627 3645 3160
f 607 661 608
f 619 3315 563
f 3617 3649 3655
f 614 613 619
f 3658 3651 3659
f 4624 641 2961
f 4116 606 4330
f 602 653 621
f 4296 3568 3567
f 629 630 1585
f 4328 653 629
f 4331 4624 4627
f 606 579 631
f 620 4623 639
f 3574 4298 4977
f 657 591 4623
f 4178 4179 4733
f 1331 2457 1468
f 739 2958 2959
f 697 5094 694
f 4865 2863 3995
f 2916 2915 4554
f 697 696 5016
f 2944 689 4107
f 4368 4769 4652
f 1196 656 640
f 4990 3358 2966
f 4098 2096 2959
f 4440 4442 2401
f 751 690 5027
f 694 4109 4640
f 393 4585 4587
f 3383 1568 4608
f 4082 5028 5094
f 4817 4965 4964
f 1196 5012 2945
f 1196 4100 4101
f 4100 2955 4599
f 4715 2459 5095
f 4181 4937 4936
f 4948 1677 4811
f 4955 3050 4949
f 3051 4823 3117
f 5012 926 2945
f 4586 583 4587
f 4316 2815 4943
f 4315 4820 4313
f 4953 4816 4940
f 585 5014 4599
f 2781 3940 4951
f 4655 4317 2782
f 2944 4900 5027
f 4950 4954 4309
f 793 1967 663
f 3108 3713 3712
f 4098 5027 4900
f 2813 4314 4947
f 4822 4955 4959
f 4103 2959 2096
f 4046 4045 4101
f 584 4787 5014
f 4824 4311 4941
f 1532 3369 4841
f 3020 2890 3729
f 4814 4953 4938
f 4812 4935 4957
f 4952 4951 4934
f 4782 3015 1476
f 1549 387 60
f 4662 3372 4986
f 4900 1009 4098
f 4109 5025 4107
f 583 4586 844
f 4100 4599 5014
f 5095 4304 4715
f 4930 1419 1418
f 394 4587 580
f 4607 2936 4926
f 4605 4603 5089
f 3314 4743 564
f 137 393 582
f 4329 392 394
f 3087 4665 5024
f 2077 2426 2273
f 2298 1821 3448
f 3351 3350 3338
f 2904 2900 807
f 1155 1133 3055
f 1083 2530 1084
f 1154 1153 4370
f 2257 1964 599
f 600 2787 3466
f 2787 1332 3466
f 1152 1951 1147
f 3137 4907 3409
f 3137 2946 2818
f 3313 2816 2948
f 3133 3132 3317
f 1528 4622 1490
f 3123 3130 3129
f 5014 4046 4100
f 1503 1516 4661
f 4621 1497 4325
f 5094 491 4082
f 3616 3097 4026
f 1497 1496 1511
f 2918 4914 2919
f 4912 3087 5024
f 4775 4619 3235
f 4671 4611 1960
f 2400 2257 4440
f 4564 4780 3943
f 2096 4098 1009
f 4586 4585 4049
f 2957 2956 578
f 583 580 4587
f 642 578 2956
f 4842 4750 4492
f 4840 4721 3934
f 3162 1633 707
f 4920 3161 152
f 4919 3089 4720
f 394 393 4587
f 3076 263 662
f 4768 4081 932
f 4922 4462 3063
f 696 217 5016
f 4726 2969 2968
f 1009 1008 1046
f 2819 759 3379
f 1628 1354 2586
f 969 2756 1044
f 4037 4341 1878
f 4840 4793 4917
f 947 946 993
f 4490 4528 1658
f 4922 3762 3761
f 3028 4236 4766
f 1011 1045 3152
f 4756 3032 4757
f 1616 1195 4594
f 4616 3428 1038
f 2085 2070 2066
f 4327 2083 2084
f 2068 3146 2081
f 2068 2067 2070
f 950 1031 1030
f 4598 2074 2055
f 2082 2085 2080
f 1029 2684 2683
f 1012 973 1047
f 2074 2078 2073
f 4899 1042 1003
f 3428 1808 1042
f 1667 1019 1020
f 984 2441 4897
f 4902 1057 1059
f 3368 1685 1100
f 972 1045 970
f 1016 1015 1018
f 985 984 988
f 1427 1041 4898
f 631 4627 607
f 4898 4902 1854
f 613 4623 620
f 994 993 931
f 4117 4332 4118
f 4773 3467 3321
f 624 658 622
f 4984 1329 4072
f 1407 1419 4930
f 3691 1841 1837
f 1050 1075 489
f 1926 1088 4334
f 1518 1521 1520
f 1390 1053 489
f 1511 3691 4911
f 490 4082 491
f 4084 4083 4896
f 1963 1836 3437
f 4084 5028 4082
f 4086 5017 4089
f 4633 4637 1538
f 5028 4084 4109
f 2944 4107 976
f 5094 1391 491
f 715 746 748
f 1368 1455 2994
f 1729 1359 3505
f 1366 1385 1383
f 1378 1360 1362
f 1387 1388 1409
f 4108 731 734
f 692 734 733
f 712 745 744
f 1374 1380 1375
f 1072 1071 1331
f 3006 2662 1682
f 700 754 698
f 4540 2286 592
f 1364 1469 1365
f 1379 1341 1340
f 4525 1392 1324
f 1372 4808 1459
f 1326 1314 1398
f 254 959 958
f 4985 3394 3977
f 1092 923 1307
f 706 4631 704
f 1257 1218 1220
f 4634 723 4637
f 1220 1300 1235
f 3343 2849 2527
f 1233 1229 1262
f 1261 2471 2473
f 1920 1814 1953
f 5000 3238 3237
f 84 1098 1921
f 2881 1266 1230
f 2938 5029 4620
f 5000 1240 1239
f 1923 1120 1817
f 1952 1811 1147
f 1240 4446 1281
f 2914 4436 1570
f 1278 1236 1299
f 1279 916 1204
f 3377 1749 4454
f 1477 1897 1478
f 1296 1201 1234
f 4839 1232 1231
f 1726 2684 3398
f 3494 5096 3493
f 1208 1242 1255
f 4833 1215 1283
f 1247 1245 1306
f 1232 4839 4347
f 4654 1993 4903
f 4903 4907 2817
f 1290 4928 1234
f 3057 3357 1153
f 5029 4619 1265
f 1173 1184 1248
f 2761 2416 1645
f 580 583 2957
f 393 137 136
f 2525 4553 4777
f 1632 1822 1700
f 577 576 3076
f 1197 4086 3076
f 4897 1078 1077
f 690 689 5027
f 691 4108 4107
f 4109 4108 4640
f 4107 689 691
f 216 1390 5016
f 1391 5094 697
f 3949 1059 3039
f 5094 5028 694
f 1249 1697 1250
f 2845 2846 4277
f 4277 1664 5090
f 576 656 1197
f 995 1001 3065
f 191 1757 189
f 480 418 420
f 1048 1866 1046
f 4441 4993 5088
f 1036 3385 1855
f 1866 1048 1867
f 617 616 2084
f 4585 4092 4049
f 939 985 940
f 4075 1056 4083
f 1055 977 4896
f 1054 1013 1014
f 3415 1189 3478
f 4732 4749 5088
f 2062 2061 4440
f 541 540 852
f 4973 465 4089
f 1043 1667 1003
f 1866 4103 2096
f 393 136 4092
f 4009 382 381
f 4837 297 4835
f 1001 944 1035
f 5014 585 584
f 4045 926 5012
f 1032 1034 1033
f 4089 920 4973
f 902 877 833
f 4544 2653 4771
f 821 3471 892
f 985 939 955
f 829 4790 827
f 3401 4465 4894
f 1417 3394 3393
f 4786 804 805
f 1693 2119 4514
f 3472 3474 1609
f 2365 4427 1704
f 822 683 820
f 830 827 856
f 4143 1651 1653
f 849 855 857
f 4492 3309 3308
f 824 823 829
f 4842 4923 4753
f 3474 882 881
f 836 801 800
f 910 876 875
f 914 361 1027
f 3225 3224 4522
f 197 1848 195
f 628 2092 4467
f 840 805 780
f 879 878 834
f 834 906 879
f 770 907 876
f 3382 764 785
f 780 804 867
f 848 783 767
f 381 5096 4009
f 1307 923 1277
f 3173 2047 4792
f 4340 4710 3955
f 3876 265 4847
f 3415 4731 5011
f 4440 2061 4870
f 4966 4120 1580
f 202 4581 3008
f 251 133 135
f 179 283 3013
f 3022 158 120
f 106 158 110
f 4700 4855 4707
f 144 4670 145
f 167 170 2487
f 112 168 113
f 3024 172 177
f 118 173 119
f 266 3037 155
f 2339 2913 4691
f 3022 3030 5033
f 3008 3030 159
f 166 3034 176
f 3935 4703 4702
f 119 3024 121
f 3018 113 2487
f 117 5097 181
f 119 123 5097
f 298 100 4991
f 1085 1665 4233
f 1209 1255 1312
f 153 2812 180
f 183 3036 5090
f 1217 1311 1256
f 1245 1247 1309
f 1216 1309 1222
f 165 126 163
f 285 165 3019
f 123 158 182
f 527 4523 3054
f 3039 949 3229
f 1283 1239 1303
f 144 1735 4670
f 916 1279 917
f 878 2133 4591
f 144 134 142
f 1738 133 170
f 4777 4554 2915
f 3434 558 557
f 2973 1231 1289
f 3209 4610 4360
f 809 811 3410
f 569 4687 3380
f 1223 1235 1221
f 3382 871 3381
f 1222 1246 1223
f 2299 1609 3474
f 1284 1213 4834
f 3471 821 820
f 2164 1715 1687
f 4085 3468 3467
f 4445 3465 1281
f 1427 1855 3423
f 2160 4596 2870
f 1278 1203 1312
f 3419 1070 1072
f 2078 2069 4993
f 1579 1763 1578
f 2831 3446 2832
f 2121 4232 5098
f 1581 3518 1582
f 2881 1298 1264
f 3507 4138 3506
f 5016 1391 697
f 4620 5029 1265
f 662 577 3076
f 528 1296 526
f 4482 1205 916
f 1205 4482 1206
f 1208 1207 2773
f 1401 1403 1345
f 1471 1472 1452
f 2773 3238 1208
f 4613 4614 562
f 1471 4807 1400
f 3205 2107 4514
f 1314 1399 1398
f 4484 557 3419
f 1316 1336 1410
f 5098 3607 2121
f 4585 393 4092
f 1355 4557 1443
f 1390 1391 5016
f 3930 3931 4658
f 926 920 4089
f 4808 1372 4612
f 4526 2670 332
f 739 4103 4642
f 4642 4103 1416
f 1357 1356 1377
f 3168 3170 3038
f 1473 1472 1371
f 1367 1400 1455
f 1626 4983 1635
f 1581 1580 4120
f 4327 5099 3147
f 1453 1385 1365
f 4509 437 1321
f 4993 3145 5088
f 1387 1362 1324
f 3038 2064 3168
f 3173 3168 2064
f 1442 1375 536
f 1386 3082 1345
f 2005 3729 2890
f 1402 1435 1434
f 1434 1346 1403
f 4894 4982 4072
f 4072 1407 4930
f 1381 1374 1458
f 4975 4133 1173
f 4966 853 852
f 1411 1341 1408
f 4895 4779 4803
f 1786 1785 2023
f 4771 2652 4588
f 3801 2316 275
f 7 2156 4487
f 3614 5032 4983
f 852 4120 4966
f 5060 4895 2327
f 5096 3494 4009
f 5029 3359 3235
f 926 4089 5017
f 3434 2108 3206
f 4457 524 523
f 465 466 4089
f 5011 3416 3415
f 5088 5011 4732
f 4942 4901 938
f 3229 3231 864
f 379 4222 5031
f 491 1390 489
f 4826 224 4457
f 3243 3245 4473
f 919 4973 920
f 4501 4536 4675
f 784 782 4988
f 4440 2257 2062
f 4137 1156 964
f 799 4629 797
f 798 907 4971
f 768 764 763
f 3380 1200 4593
f 827 4790 857
f 776 778 774
f 799 798 4971
f 849 766 920
f 489 1051 1050
f 821 891 846
f 901 4787 584
f 4342 4361 4360
f 2049 2055 2052
f 5029 3235 4619
f 2049 4792 2047
f 2928 2812 262
f 3079 1135 1137
f 1976 1978 2097
f 555 1981 556
f 3199 4792 2049
f 4786 4362 905
f 835 3154 902
f 834 4591 835
f 858 860 832
f 1930 4286 290
f 2902 222 2626
f 856 4045 831
f 1879 373 372
f 2938 1175 2939
f 1798 2969 4726
f 3512 4970 1136
f 4666 3317 3316
f 3116 4574 1987
f 960 2400 958
f 2001 1985 3113
f 3114 3113 4574
f 4788 842 3473
f 2134 878 3473
f 4375 4308 1995
f 2002 3112 1999
f 465 4973 4664
f 4362 805 4788
f 759 2088 2641
f 3689 3910 4847
f 3072 4567 3318
f 562 561 3038
f 1680 5026 4677
f 2892 2005 2890
f 5031 5032 380
f 5031 380 379
f 4964 4137 964
f 870 3412 871
f 4928 1290 4401
f 1411 2980 1341
f 2157 4648 1573
f 1176 4776 1165
f 4908 5098 4232
f 128 3173 4792
f 4465 4728 4982
f 4526 7 9
f 535 534 1358
f 3930 4730 1151
f 417 416 1189
f 5088 3145 5011
f 4502 157 156
f 1627 998 1168
f 3488 3323 4299
f 4517 1632 1631
f 3942 3328 3300
f 3672 4674 2358
f 643 645 4262
f 4484 4483 3502
f 535 1376 1442
f 1450 1703 1705
f 1050 1052 4841
f 2520 2519 934
f 4049 683 822
f 844 847 584
f 841 840 826
f 836 906 834
f 819 818 891
f 860 828 830
f 4790 4626 848
f 4656 3011 4769
f 3473 851 2134
f 1006 4575 839
f 1941 1918 4764
f 1198 762 764
f 843 822 821
f 4960 2672 4527
f 1915 4759 1944
f 1944 1928 1945
f 844 4586 845
f 882 3474 913
f 4766 1905 4767
f 1722 4478 1721
f 382 905 800
f 1919 1940 1902
f 1946 4764 1935
f 877 796 833
f 3194 2687 2691
f 4789 817 884
f 816 884 817
f 858 818 4789
f 1908 1929 3760
f 901 832 4787
f 1915 1914 4759
f 765 919 766
f 5092 3681 3727
f 779 783 4626
f 4533 2927 2158
f 4988 765 784
f 4516 1880 771
f 3245 3244 3493
f 1183 2250 396
f 1326 1325 4986
f 4984 4939 1325
f 4020 4643 4021
f 562 3038 3170
f 3199 2049 2052
f 1663 1665 2075
f 4660 3324 3055
f 2057 3171 2058
f 2071 4327 3147
f 2069 2081 4993
f 3148 1193 3176
f 1263 85 4370
f 1999 3012 762
f 4598 2055 2048
f 2071 2070 2082
f 2082 1005 2083
f 1277 4975 1307
f 2158 2102 4533
f 523 4826 4457
f 1698 1849 498
f 3429 4419 1806
f 4080 1028 943
f 1997 4666 4667
f 947 3949 2460
f 1529 4985 2980
f 1635 1113 1626
f 1983 1984 1986
f 379 378 2892
f 3844 1879 4607
f 4159 2113 895
f 4672 765 4988
f 396 801 4629
f 1488 1490 4622
f 4399 4710 4400
f 4683 2863 4865
f 3335 5100 3063
f 4865 3994 4723
f 4606 3240 3207
f 4711 4702 4704
f 3197 4848 4679
f 3244 3243 3366
f 4702 4711 4701
f 4195 4418 4868
f 2039 4343 4681
f 4694 4698 2543
f 2778 2027 2029
f 2471 1177 4569
f 4706 3075 3074
f 4724 4340 4695
f 4703 3935 2778
f 4699 4701 4697
f 4680 4697 4848
f 4684 4686 4682
f 2032 2031 4115
f 3046 3045 3637
f 2033 2028 2031
f 4868 4418 2779
f 3352 3080 3646
f 3655 3618 3656
f 3641 3643 3639
f 3609 3650 3091
f 4855 4706 3952
f 4296 3596 3547
f 2832 3818 2830
f 4720 358 1151
f 1580 4602 3586
f 1907 1086 457
f 4849 533 74
f 4784 1807 4499
f 3586 3587 1740
f 3205 4613 3170
f 3556 3153 3554
f 2052 2054 3199
f 1451 1450 4419
f 4177 4471 4472
f 3542 4977 3541
f 2057 2056 3175
f 1193 1195 3176
f 2821 678 3079
f 4557 1355 1354
f 3642 4389 4735
f 588 4734 3592
f 3510 3614 1626
f 3528 3004 3574
f 4179 3582 3528
f 2966 2196 4990
f 2660 3598 3597
f 1107 5010 5015
f 3476 1573 4648
f 4489 4532 3067
f 586 3575 4977
f 3943 3942 4564
f 3235 1163 4775
f 1608 2121 3607
f 3607 5098 3724
f 3651 3305 3304
f 4481 2602 1206
f 3380 4687 1200
f 3605 1063 1062
f 3679 3678 3863
f 3416 5011 3145
f 5099 3416 3147
f 3600 1537 2561
f 2061 2078 4870
f 1396 1393 1398
f 324 3127 2608
f 1369 1371 1367
f 1384 1383 1385
f 1379 1734 1377
f 1362 1387 1378
f 1388 1392 1317
f 1328 1405 1406
f 1682 5089 3007
f 1343 1435 1428
f 915 4657 4454
f 1452 1365 4807
f 3482 2399 3652
f 152 1539 4721
f 4525 4826 1392
f 861 863 88
f 1331 1468 1447
f 4647 1576 1575
f 3977 1458 1457
f 1458 3977 1415
f 1407 1329 1328
f 1215 4833 1213
f 1204 1205 531
f 2472 4399 4401
f 1299 1236 1300
f 4829 1273 1274
f 433 4501 4675
f 4839 1227 4347
f 3653 4435 3647
f 1233 1290 1234
f 2687 1565 2195
f 1217 1282 1214
f 1311 1255 1256
f 1265 1264 4620
f 4672 4772 3088
f 3243 4772 3365
f 1231 1230 1266
f 4728 4663 4939
f 4620 1218 2938
f 1163 1165 4776
f 4715 4768 945
f 3237 4446 1240
f 1100 1102 3368
f 1238 1280 5023
f 1312 1237 1236
f 1229 1233 1274
f 1556 1228 1227
f 1209 530 1207
f 2998 1456 3226
f 1208 5000 1242
f 388 1847 1698
f 1289 4619 4775
f 1052 1532 4841
f 1313 4986 3372
f 4359 2404 5080
f 1620 1425 403
f 1652 2754 1653
f 4710 4340 4724
f 170 171 1738
f 919 5024 4664
f 4692 4690 4689
f 1604 1603 315
f 1595 862 861
f 3993 1907 1655
f 4868 3935 3937
f 962 4322 1726
f 4855 4405 4706
f 3040 772 3513
f 616 313 417
f 1071 1070 3204
f 4851 4685 4684
f 4544 4438 4784
f 380 5032 3614
f 4682 4719 4683
f 4441 2078 4993
f 2078 4441 4870
f 3932 3826 3744
f 1804 3282 4147
f 1812 1816 2878
f 3105 2014 4709
f 3860 3870 4152
f 3197 3106 4848
f 3832 3872 3746
f 3690 31 4704
f 3926 3252 3925
f 3926 1800 4147
f 3871 3748 3918
f 3871 1809 1813
f 3277 3279 3748
f 2877 4323 3702
f 3874 3857 3858
f 2642 3859 4206
f 4755 4293 1870
f 3891 4207 3273
f 3363 3602 3603
f 4468 3094 4392
f 4511 3886 3693
f 3752 3901 3753
f 3753 3287 3751
f 4218 3922 3707
f 3441 3375 4470
f 2595 2594 3376
f 4224 93 3768
f 3850 3773 3925
f 4244 4245 4241
f 2809 2811 3447
f 3807 3920 4250
f 3855 3929 4255
f 3868 1881 3869
f 1880 4263 3873
f 3887 3702 3701
f 3293 3832 3831
f 4271 4272 3731
f 652 628 3672
f 4271 3831 3746
f 1433 4008 3821
f 3732 3784 4274
f 570 758 571
f 3732 4273 3730
f 3756 4285 3757
f 3902 4287 3749
f 1985 2001 2000
f 4653 1993 4654
f 3722 3808 4324
f 3723 3806 3809
f 1989 1988 1984
f 2817 2816 3852
f 3890 3733 4292
f 3913 3911 3880
f 3914 3880 109
f 4185 3369 4774
f 3908 3289 3288
f 3697 3915 3289
f 3714 3710 4295
f 4443 2094 1276
f 3736 2632 2634
f 3675 3674 3704
f 3841 3284 2648
f 1500 326 2999
f 3723 3666 3668
f 3854 4113 1606
f 3900 3686 3877
f 4470 1562 3441
f 3324 1601 3056
f 3735 3730 3733
f 3285 4112 312
f 224 223 4457
f 3737 3896 3736
f 4306 4336 4282
f 3705 3815 3703
f 3772 1801 1800
f 3903 3856 3421
f 3708 3669 3710
f 3709 4199 3918
f 3406 4332 4117
f 3063 5100 3061
f 3754 3279 3278
f 4323 2877 2876
f 1903 2100 1904
f 2648 2018 2017
f 5100 3335 3367
f 3086 4645 3310
f 3453 1091 565
f 3890 3275 3734
f 3275 3890 3273
f 3694 3697 3692
f 3886 4212 3805
f 4636 4641 732
f 3902 3901 4218
f 3669 3671 4294
f 745 4634 699
f 702 4638 753
f 4224 3671 3888
f 3252 3926 3906
f 731 4416 729
f 3251 3850 3252
f 3861 4114 4231
f 3402 2997 720
f 726 4631 724
f 3705 4241 3820
f 887 3847 888
f 4246 4247 4074
f 3719 3721 4250
f 4254 4338 3771
f 3770 1888 3420
f 4254 4255 2728
f 4076 4518 3867
f 629 653 608
f 3695 3701 3804
f 3688 3910 3689
f 3687 3812 4274
f 4282 4337 3675
f 3706 4925 4287
f 3767 2019 3809
f 3875 1901 3766
f 641 640 2960
f 3766 4324 2018
f 2807 3879 3912
f 3891 4292 3911
f 3714 1803 3715
f 4294 3907 3281
f 3665 2830 3817
f 2633 3740 3795
f 607 603 605
f 2634 2633 3676
f 4205 3841 4337
f 3673 886 3674
f 3764 3763 4245
f 657 613 615
f 1607 4113 3666
f 3667 3769 3668
f 4338 3919 3921
f 650 4332 3405
f 630 595 651
f 659 3685 660
f 3827 3826 3900
f 635 609 3684
f 4563 3185 1666
f 3745 3827 3909
f 4272 3746 3784
f 3883 3899 3735
f 3884 3885 3692
f 3789 3683 3788
f 918 1763 1623
f 3793 3792 3755
f 3897 3895 4336
f 3363 1589 680
f 3815 4240 3813
f 3703 3815 3896
f 1342 1344 2920
f 3210 3508 1434
f 1348 2577 1349
f 3813 4240 4235
f 3586 4966 1580
f 4417 2534 2209
f 771 5096 381
f 4286 3846 290
f 4445 686 903
f 4349 4446 2736
f 183 5090 1664
f 3892 184 183
f 2409 343 1202
f 1464 4915 4913
f 417 3416 5099
f 4915 1760 4913
f 4915 4916 19
f 3084 3085 3103
f 2508 1079 1081
f 925 3 4025
f 2069 4598 2067
f 3124 704 726
f 2073 2060 2058
f 1843 1670 1844
f 4728 4461 3221
f 90 3413 3353
f 4536 4501 3443
f 3146 2068 2071
f 1382 1048 975
f 3384 2045 1569
f 2046 2045 2256
f 3389 4382 4547
f 4499 4544 4784
f 2744 3134 2947
f 2649 377 376
f 2822 2946 3138
f 4576 2079 561
f 2080 1006 2082
f 2641 4609 811
f 2079 4576 4575
f 2084 4566 617
f 3319 3129 3131
f 1727 1726 4322
f 1423 3154 1424
f 2611 1674 1673
f 3007 5089 4603
f 2209 2105 1692
f 3435 3434 3504
f 3385 929 2855
f 1360 1359 1361
f 3133 3128 3132
f 2841 4459 1618
f 2136 3136 3132
f 3467 4773 4361
f 2332 2605 2555
f 1726 350 2684
f 328 1799 329
f 515 517 3100
f 515 537 1128
f 2063 2066 2047
f 2683 1035 1029
f 2551 884 816
f 1346 1348 1347
f 1353 1347 1349
f 2611 2843 1674
f 4347 1273 345
f 5098 4908 3724
f 5099 4327 616
f 2564 546 2562
f 2345 2342 2833
f 2186 4644 4643
f 2866 2953 4562
f 895 1621 4159
f 3205 3170 3169
f 2127 558 4795
f 3661 1186 3372
f 1186 3661 234
f 3438 464 4664
f 366 2923 2925
f 4672 3087 4912
f 1741 262 3037
f 4 1551 1608
f 1260 2863 4719
f 3054 4523 2733
f 2093 1277 2094
f 3518 2969 3585
f 799 4971 4367
f 2851 4554 2849
f 1055 979 977
f 1043 1808 967
f 3385 1036 992
f 5054 4863 4862
f 4902 989 1854
f 931 995 994
f 993 991 947
f 4583 2412 2926
f 1020 1078 1667
f 2931 539 2335
f 2656 2371 4444
f 988 987 940
f 1037 4616 1038
f 1032 1033 1030
f 1060 1057 4902
f 2171 1448 1066
f 4082 4075 4083
f 4466 1969 1674
f 1017 986 1056
f 4899 3428 1042
f 1004 1003 1667
f 1078 4897 2441
f 1077 986 988
f 4568 2350 4556
f 991 993 992
f 1044 2756 970
f 2241 2569 2568
f 479 1621 894
f 1034 1002 956
f 2142 1060 1039
f 1037 1034 1032
f 1681 1680 2919
f 995 931 930
f 4625 934 951
f 939 938 4901
f 4770 3330 3332
f 3213 3794 4333
f 5092 3447 2831
f 616 417 5099
f 1563 3608 3725
f 4286 1930 1159
f 1484 1930 290
f 2305 2557 2875
f 4906 1770 2357
f 2307 2873 4582
f 406 1636 2604
f 476 1592 409
f 925 1764 3
f 411 476 409
f 514 446 445
f 4797 475 2672
f 3354 3525 3526
f 2934 2949 2933
f 927 3065 1250
f 3072 942 4567
f 1978 1977 1979
f 70 634 141
f 3686 3685 3876
f 3910 3877 4847
f 2209 2534 4541
f 3212 3211 3140
f 4471 2242 2244
f 1136 4571 679
f 1728 1715 1361
f 456 1656 1655
f 1654 3506 4138
f 3513 3512 4737
f 3210 2366 2368
f 3210 2578 3508
f 2920 1344 2921
f 3513 681 3040
f 5060 3156 1937
f 239 868 3157
f 5015 3802 3801
f 3435 4417 1692
f 1582 4602 1580
f 2731 4535 2732
f 2269 2265 2267
f 3683 3794 3212
f 2175 2174 2769
f 4908 4739 3724
f 4394 4131 3927
f 4849 3211 3340
f 3853 4903 2817
f 1997 1996 2004
f 4590 4234 1969
f 4907 4903 1992
f 1612 2665 1613
f 4617 3419 1072
f 1862 3796 3430
f 2690 2689 2709
f 4667 4666 3316
f 3120 3130 3121
f 900 59 61
f 4677 1710 1680
f 2801 4508 2708
f 1654 3993 1655
f 2288 2489 2291
f 1287 1286 4550
f 2346 3362 298
f 2581 2580 4558
f 1638 4712 1725
f 4522 2470 2475
f 4099 1868 3430
f 4521 2415 2414
f 3427 461 4105
f 2494 2498 2492
f 1944 4760 4093
f 866 3424 4378
f 1872 4070 4030
f 4099 3738 4071
f 2382 2141 2378
f 4079 2407 4019
f 4022 4390 4512
f 3691 1839 1841
f 1838 4096 4353
f 4096 4095 3998
f 4356 4005 4173
f 2270 2275 2278
f 4093 4760 4090
f 2425 2182 2181
f 4241 3821 3820
f 3822 4090 3485
f 1857 1530 1529
f 2717 4354 1850
f 4097 4127 4369
f 2264 2266 2262
f 4510 4372 4371
f 2468 2713 2469
f 4016 4374 4017
f 4219 4376 3922
f 4037 4036 5095
f 2676 2481 2480
f 339 338 866
f 4189 3980 4380
f 2501 2503 2502
f 2377 2376 2372
f 4270 4088 4054
f 2375 2449 2132
f 4384 1876 4034
f 4088 4047 4055
f 1440 1439 4011
f 4010 1000 999
f 4520 2464 2466
f 3337 3719 4250
f 4391 4175 3971
f 2185 2680 4497
f 4194 3947 3946
f 4004 4166 4002
f 4507 2427 4505
f 4136 3370 3928
f 4043 4135 4013
f 4397 3578 4395
f 4057 4056 4421
f 4398 4056 3984
f 3823 3985 3984
f 3546 4415 3262
f 3546 4404 3544
f 2379 2381 4213
f 4074 4247 3460
f 2385 2667 2384
f 2635 4173 2636
f 1482 4268 3840
f 4130 3254 3253
f 2639 93 92
f 682 686 4479
f 3983 3987 4407
f 3835 4164 4038
f 2729 2728 4255
f 2617 4048 2618
f 462 3426 3975
f 999 462 3972
f 526 4471 4523
f 527 4486 2374
f 3950 3954 4423
f 2852 2854 3864
f 4059 3958 4125
f 2787 4480 2788
f 4163 4412 4411
f 4119 3965 4044
f 4444 971 2657
f 4784 4438 4437
f 1339 1341 2980
f 1855 3385 3423
f 3824 3823 4058
f 3824 3988 4053
f 1830 4024 3889
f 4240 3484 4235
f 4027 4371 2406
f 4270 4034 4033
f 4404 3262 4122
f 4905 4511 3265
f 2379 4212 4000
f 2348 2347 2645
f 4905 4000 3886
f 4174 3975 2635
f 3763 1431 4245
f 4094 3822 4008
f 3944 3257 3945
f 4357 1858 3257
f 1489 4028 1507
f 4029 4028 4369
f 2627 2338 2629
f 3558 3253 3959
f 3255 4374 4372
f 4052 4223 4376
f 4054 4189 4384
f 1969 4466 4590
f 4142 1876 3390
f 2965 2332 2331
f 2330 2609 2965
f 3965 3964 2617
f 4087 4141 4170
f 4141 4390 4022
f 3919 4012 3920
f 3972 4174 3973
f 4134 999 4175
f 4063 4393 4061
f 2962 2597 2596
f 4423 4042 4060
f 4131 4002 3862
f 4003 4131 4394
f 2591 2593 2208
f 448 3370 4043
f 4015 4136 4076
f 4398 4160 3578
f 3824 4058 3987
f 2314 4545 2583
f 4128 3546 4121
f 2229 2584 2217
f 3545 4217 4121
f 4601 4589 2580
f 2380 3999 4415
f 3973 2637 4073
f 4005 4102 4006
f 3948 4418 3946
f 3569 3947 2621
f 3258 4402 2620
f 2950 2949 2355
f 4050 4140 2625
f 4140 3838 2623
f 4050 2625 4051
f 4394 3927 3851
f 153 180 3013
f 2559 2911 2566
f 3560 3960 4229
f 3560 2639 4130
f 3836 4421 4422
f 2550 4555 2221
f 3835 4124 4407
f 4378 3980 3982
f 3929 3928 3371
f 2619 2729 449
f 3834 4170 4011
f 807 2535 808
f 3978 3426 3425
f 1000 461 460
f 4169 4141 1000
f 4869 2471 3956
f 3565 4069 4066
f 3956 4068 4069
f 2853 4132 4040
f 4166 4004 3990
f 3991 4424 3989
f 3557 4409 4424
f 4371 4029 3957
f 3959 4510 3957
f 4077 4412 3331
f 3829 4263 4412
f 3829 4163 3830
f 3830 4160 3986
f 4043 4013 3985
f 1006 839 1007
f 3268 1007 4451
f 2909 803 2118
f 3824 4119 3825
f 4055 3964 4053
f 2307 2306 2873
f 2176 4607 1879
f 2422 470 440
f 389 391 1699
f 341 455 1699
f 1638 1637 4712
f 2986 2367 2921
f 1596 354 1610
f 295 4835 297
f 4729 1564 1947
f 1663 183 1664
f 289 1736 1484
f 1422 1024 4578
f 2422 1639 1600
f 3888 3923 4223
f 3845 3844 4607
f 2914 2825 2507
f 1563 3725 4740
f 2646 4580 4582
f 285 3893 284
f 46 2328 2112
f 3665 5092 2831
f 2845 5090 2486
f 3876 3685 2147
f 2908 2548 2859
f 3616 2 3098
f 304 1370 1023
f 2522 4549 2336
f 4564 1168 4780
f 378 380 3699
f 2898 2539 2538
f 3126 1 3
f 4962 2780 4828
f 3377 1093 1095
f 2327 2326 5060
f 239 3157 908
f 4674 4204 15
f 2196 5059 4990
f 3803 4209 4018
f 2885 2887 2889
f 4857 4201 4200
f 2828 4892 4893
f 3800 4892 3798
f 273 3799 3798
f 4153 4186 4187
f 2883 2319 2962
f 837 2592 2882
f 5040 4154 4153
f 2310 2506 2589
f 4186 5101 2810
f 3790 1752 3791
f 2313 2314 2570
f 2361 4890 3790
f 2509 2511 4546
f 5040 4864 4889
f 2872 4601 2579
f 4889 4890 2360
f 2952 4588 2652
f 5054 3802 5045
f 4866 5051 4364
f 5051 5050 5052
f 1758 4886 4885
f 2573 2236 2574
f 5034 5042 4885
f 4882 1773 4883
f 962 3398 963
f 5048 5047 4882
f 11 4879 4881
f 5050 5049 4881
f 3742 3741 5048
f 2566 2565 2225
f 3743 4878 3741
f 5072 4801 4800
f 2858 2875 2557
f 5067 5071 2325
f 5070 5071 5064
f 2220 2857 2856
f 4802 5068 2983
f 2983 5082 2984
f 132 4856 4876
f 2445 130 132
f 4873 5036 4874
f 4874 318 4875
f 5035 4873 4852
f 2211 2210 3191
f 5093 5056 5052
f 4203 5093 4879
f 3802 5015 5043
f 1697 1696 2172
f 5043 5010 4157
f 2847 2696 2848
f 4866 5102 4893
f 2399 2398 3652
f 5058 3742 2826
f 4149 5041 2837
f 5046 2359 2361
f 2359 4859 2360
f 2840 2842 1686
f 4860 4863 2895
f 4539 4452 398
f 5057 4861 4200
f 5057 5102 4635
f 4366 4208 3803
f 2198 4208 4366
f 5059 2196 2198
f 488 3457 2510
f 5036 5063 5037
f 5042 4853 4875
f 3790 5053 1783
f 5053 2838 4886
f 4576 560 2120
f 5047 5046 3791
f 4593 4517 1631
f 4891 2827 4883
f 2712 1787 1786
f 1565 1321 436
f 1565 1567 2195
f 2552 816 2490
f 2802 892 2803
f 3471 3470 2803
f 2735 2488 2800
f 5049 4867 3799
f 4879 11 15
f 4856 4831 5039
f 4852 4873 4853
f 2445 4877 2895
f 2485 2799 4497
f 1686 2967 1687
f 2479 2183 4496
f 474 473 2755
f 2271 2270 2585
f 5073 2810 2809
f 4534 2478 2275
f 2270 2732 4534
f 3866 4785 909
f 4188 2326 5070
f 5073 4798 4187
f 5064 4150 5065
f 2474 2269 2475
f 2268 2793 2720
f 5082 2983 1094
f 1094 5068 1095
f 2793 3654 2695
f 3351 3338 1093
f 4830 131 5101
f 4151 4150 5067
f 4854 5041 4151
f 2144 410 2790
f 2446 2896 5044
f 4858 5087 4155
f 4858 4878 5039
f 2801 2260 4508
f 4460 2599 2786
f 2177 4460 2455
f 2449 2448 2453
f 5041 4854 5034
f 2701 2251 4504
f 3477 5091 5037
f 3315 620 4597
f 1424 3218 4537
f 498 3233 497
f 4491 4519 2199
f 1649 1684 2835
f 2991 735 567
f 2693 2776 3662
f 4796 2563 544
f 1637 1639 2117
f 2777 2775 2774
f 2192 2431 2435
f 2432 2739 2773
f 3266 391 390
f 402 404 3515
f 3506 3583 674
f 4495 2180 2182
f 1652 1651 3461
f 1610 341 1699
f 2912 4605 5089
f 5103 3463 1602
f 3404 2767 2769
f 2724 2675 2765
f 4603 4604 2530
f 4202 4893 5102
f 2769 2420 2764
f 3802 4888 3803
f 2247 2246 2763
f 4863 5054 5045
f 4364 5051 4365
f 2838 2837 4887
f 2827 2826 4884
f 5052 4880 5093
f 3802 5043 5045
f 4867 5050 5051
f 2757 1671 3439
f 2839 4890 4889
f 2263 2411 2727
f 4860 4861 4863
f 1484 290 289
f 3477 1736 322
f 5038 316 5036
f 316 318 4874
f 1747 3782 5042
f 3782 3781 1758
f 188 1783 5053
f 1753 3780 5047
f 3780 3779 1773
f 1772 1788 4891
f 1788 273 3798
f 273 1757 5049
f 1757 12 4881
f 11 10 15
f 3743 5058 4857
f 4531 2743 2302
f 33 201 34
f 200 257 194
f 258 16 3181
f 2493 2492 429
f 25 29 26
f 35 27 214
f 1647 428 4595
f 233 42 44
f 100 99 48
f 64 86 62
f 63 65 94
f 133 1738 3009
f 1847 388 387
f 231 230 1737
f 2484 2483 2289
f 233 76 1739
f 5063 4148 5037
f 4830 5087 4858
f 2278 2277 2423
f 186 3781 1744
f 218 3779 1750
f 1774 218 220
f 2731 2725 2727
f 2723 2676 2724
f 1776 1397 190
f 2823 3411 2087
f 2722 2718 2415
f 200 199 1748
f 2720 2436 2718
f 2267 2265 2266
f 96 86 82
f 2265 2474 2714
f 2685 2711 4530
f 212 28 95
f 193 97 96
f 79 221 193
f 269 1784 274
f 2749 2261 2454
f 1760 4717 1768
f 101 192 99
f 300 187 301
f 4123 213 75
f 2706 2248 2378
f 1745 317 4668
f 115 114 1777
f 4519 2249 4503
f 144 143 1735
f 4333 3818 2832
f 2808 3878 283
f 4846 3689 4847
f 3213 4995 3211
f 533 21 74
f 2205 2498 2494
f 3213 3212 3794
f 2698 2699 2200
f 4829 343 345
f 2200 2693 2437
f 1709 4914 2918
f 2709 2689 2686
f 1026 1643 1024
f 2935 4527 2671
f 2602 2188 2435
f 1942 1912 1916
f 4091 4760 4759
f 2425 2184 2183
f 194 201 200
f 2931 1101 2932
f 4797 4960 2353
f 1900 1893 1901
f 2676 2480 2677
f 3520 2615 2614
f 3663 2798 2284
f 1872 3432 1873
f 1932 1889 1933
f 3654 3403 2173
f 1905 2101 1906
f 4756 4758 4932
f 4243 4918 3761
f 1658 4528 2417
f 1422 4578 2616
f 2414 2161 4522
f 4475 4474 2403
f 2851 2916 4554
f 4762 4492 4722
f 4922 3062 3762
f 4921 3062 3090
f 3090 3089 4910
f 1911 1914 1912
f 1940 1899 3874
f 1919 1918 1941
f 4922 4918 4462
f 4918 4243 4844
f 4923 4793 4753
f 340 2389 495
f 1943 1942 4919
f 444 443 2667
f 2140 2139 2705
f 2138 2453 2139
f 1943 4720 4730
f 1927 3760 3762
f 4764 4278 4920
f 1630 1629 4350
f 1894 1946 1935
f 2242 4177 3006
f 3432 1872 1875
f 3032 3031 3431
f 3778 2101 2100
f 4643 2712 2711
f 1905 4766 2099
f 4748 4761 4381
f 4142 3390 3389
f 3903 2131 1886
f 1931 3497 2131
f 630 651 2009
f 1869 4754 1870
f 4242 4359 5080
f 815 819 2802
f 2486 5090 3036
f 3497 3496 4450
f 2157 914 4339
f 2843 4466 1674
f 2916 1251 2917
f 1168 1167 1627
f 1526 1740 485
f 3446 2831 3447
f 4426 3367 319
f 3938 4583 2926
f 3591 3407 3071
f 100 297 4837
f 286 145 4926
f 3177 2054 3171
f 3171 2040 3178
f 2020 3203 4630
f 3201 3203 3183
f 3195 3188 4795
f 3481 3480 3095
f 4501 1577 3443
f 129 128 3199
f 906 836 800
f 1332 2786 2599
f 128 127 3173
f 4859 4155 4154
f 2577 1348 3508
f 5035 5063 5036
f 5091 5038 5037
f 4483 3386 808
f 132 131 4831
f 2364 349 3179
f 4878 3743 5039
f 5039 4831 4830
f 1972 293 1601
f 1973 1132 3290
f 5034 4887 5041
f 318 1747 4875
f 4853 4873 4875
f 2896 5045 5044
f 3379 569 3380
f 4157 4156 5044
f 2577 1629 1349
f 2896 2895 4863
f 3247 3348 658
f 4877 4860 2895
f 4437 971 2756
f 4857 5058 4201
f 5048 4884 3742
f 1752 1753 3791
f 5050 4880 5052
f 5052 5059 4365
f 1159 1158 3844
f 4887 4886 2838
f 2839 2838 4890
f 1749 3933 1971
f 982 3326 3349
f 2932 1101 1716
f 4888 4366 3803
f 4884 4883 2827
f 1773 1772 4883
f 2828 2827 4892
f 4859 4154 2360
f 4890 2361 2360
f 4879 5093 4880
f 3483 344 2410
f 224 4826 4525
f 4350 1766 1630
f 4881 12 11
f 5102 5057 4202
f 4892 3800 4893
f 470 441 440
f 1709 1561 4914
f 2988 3312 4435
f 3306 3657 2594
f 3724 4739 3725
f 1534 1533 4476
f 4426 4383 5100
f 4417 3435 3504
f 2149 3510 791
f 4571 1136 1135
f 1654 3583 3506
f 3865 2849 1640
f 265 154 4847
f 1990 3356 3056
f 974 2369 3455
f 892 2802 819
f 2008 4564 3942
f 3660 139 634
f 2653 4427 4771
f 5059 5052 5056
f 3387 3660 3158
f 4074 3460 4073
f 1895 3499 3498
f 4446 3237 2736
f 681 3513 4737
f 3056 1601 1990
f 791 1626 792
f 3207 3240 3418
f 2822 2744 2946
f 3344 1543 3345
f 3040 687 772
f 327 208 687
f 1798 3584 3585
f 3198 3107 3197
f 3373 4615 3661
f 2016 3182 2015
f 3299 3298 1585
f 3182 2036 3184
f 2006 378 3699
f 3699 4565 2006
f 3008 2114 202
f 3585 2969 1798
f 1798 1797 3584
f 3651 3469 3220
f 1798 4726 3141
f 256 202 2114
f 4435 3311 1562
f 909 4801 3866
f 5092 3727 3447
f 4827 4962 4828
f 1608 3607 4
f 2077 2273 3280
f 3607 3724 3608
f 1685 4459 2840
f 285 184 3893
f 1993 4653 1987
f 3397 3408 3395
f 4903 1993 1992
f 2000 1998 4669
f 3409 1994 809
f 666 612 1979
f 2255 59 900
f 4375 4825 4646
f 4778 4308 4307
f 4305 3116 4941
f 4823 3118 3117
f 4382 3327 2613
f 4959 4969 4822
f 3716 4992 4959
f 2781 4952 4655
f 4651 4952 4934
f 4077 3330 4934
f 3469 3098 3442
f 3551 3322 4965
f 4820 5077 4313
f 3086 3088 3496
f 4938 4937 4183
f 3837 4422 4938
f 4181 1677 4182
f 3711 4816 4815
f 1676 1675 4945
f 3965 4119 3964
f 3490 4954 4950
f 4646 4608 4950
f 4263 3829 4014
f 4958 4961 4310
f 4307 4954 4958
f 4963 3717 3716
f 4811 3717 4963
f 3565 4041 3954
f 4174 3972 462
f 4812 3717 4811
f 4957 3940 2783
f 461 1000 4023
f 3940 4957 3580
f 3108 4714 4713
f 4816 5079 4940
f 5079 4816 3711
f 3051 4305 2814
f 4315 2813 2815
f 3052 2813 4947
f 3981 3983 4124
f 1675 4948 4947
f 3561 3560 4130
f 1505 593 2287
f 4825 3121 2254
f 4194 2622 2621
f 3569 4402 3944
f 4311 4310 4961
f 4824 2003 4778
f 3114 4823 4822
f 3939 4411 4951
f 2381 4121 3752
f 3552 4821 2815
f 4961 4944 4316
f 3986 4160 4398
f 4421 4397 4396
f 4819 4821 3552
f 4819 4817 4818
f 4818 2497 2496
f 4814 4183 4815
f 4938 4183 4814
f 4811 4963 4948
f 4182 1677 1676
f 4423 4040 4042
f 4060 4393 3946
f 3322 4300 4299
f 4954 3490 4813
f 4300 4944 4813
f 1440 4010 4134
f 4181 4936 4935
f 4141 4169 4170
f 4396 4395 4936
f 4087 4047 4088
f 4812 2783 3717
f 4054 4384 4270
f 4378 3424 4380
f 4957 2783 4812
f 2782 3718 3717
f 4039 4379 4110
f 4317 4992 3718
f 5095 4302 4304
f 4303 4302 5079
f 5077 2496 3712
f 5077 4946 4945
f 69 68 2358
f 3957 4029 4126
f 4317 3010 3111
f 1530 1857 4097
f 1135 3374 4571
f 678 4747 3374
f 457 1162 458
f 472 441 470
f 2122 4712 3479
f 1928 4102 4356
f 1668 1649 1650
f 3270 3463 5103
f 520 1678 1720
f 4334 4335 1924
f 4351 3437 4352
f 1839 4355 1840
f 1846 4355 1845
f 4104 4106 4512
f 3691 1970 4911
f 4032 4142 4318
f 1832 1475 1474
f 1508 2405 4363
f 1871 1869 4099
f 1832 1833 1830
f 4363 4079 1965
f 1830 3889 4065
f 4898 1041 1039
f 1837 1841 1838
f 1516 1498 4621
f 4354 1489 1488
f 1504 1480 1502
f 1503 1495 1498
f 1838 4352 1836
f 1499 1501 4335
f 1493 1846 1494
f 1481 4268 1482
f 1863 3430 1868
f 1835 1834 4351
f 1507 2405 1508
f 1828 3271 1826
f 3097 5026 4026
f 1481 4358 4268
f 2041 3248 1584
f 2560 677 672
f 687 3151 688
f 1530 1850 1531
f 2034 2030 2026
f 3107 2012 3105
f 374 1683 3215
f 2035 3184 2036
f 2012 3107 4628
f 2119 1693 2106
f 968 4784 4437
f 1097 1099 1275
f 761 893 3143
f 1920 1130 1921
f 3441 2595 3375
f 463 263 3077
f 1817 1816 1923
f 1801 1948 1802
f 1819 1142 1820
f 1123 1124 1140
f 1805 1125 1127
f 1125 1150 1126
f 9 2153 4526
f 349 2364 2992
f 3240 4608 1568
f 4306 3703 3897
f 1814 1813 1953
f 3788 3898 3285
f 3057 1152 1155
f 3734 3275 3884
f 5020 1134 4806
f 4806 1133 1149
f 3696 3883 3692
f 84 83 1098
f 1122 1123 1142
f 3776 1115 1114
f 3827 3745 3744
f 3667 4113 3854
f 3921 3807 3668
f 1109 1119 5021
f 3764 4244 3674
f 3819 1780 2634
f 2408 5020 1804
f 4295 3710 3669
f 1302 5022 5085
f 3282 3281 3906
f 1164 3870 1165
f 3697 3694 3915
f 5060 2326 3156
f 3287 3754 3288
f 2811 5101 4673
f 5072 5073 2809
f 4150 5064 5071
f 2327 4804 4802
f 4800 908 4188
f 4798 4800 5070
f 4799 5040 4153
f 4798 5064 4799
f 3708 4925 3706
f 4673 2780 4962
f 5082 3338 3350
f 5101 5087 4830
f 4379 1878 339
f 2985 4854 4151
f 4356 4320 1929
f 4148 1571 1573
f 4740 4914 1561
f 4319 4104 4512
f 4079 4358 1965
f 665 556 638
f 4597 3296 3315
f 677 4747 678
f 3439 2755 2757
f 4282 4285 4283
f 3893 4729 284
f 3818 2804 51
f 3466 601 600
f 101 4906 13
f 1979 636 2098
f 2808 2807 3812
f 620 639 4597
f 3731 3804 4271
f 3510 1626 791
f 3701 3700 3833
f 600 1964 4480
f 3844 1158 1879
f 4550 1286 4836
f 1530 4097 2717
f 561 560 4576
f 1798 3141 1796
f 1573 3476 4148
f 5101 4186 5087
f 5082 4852 2984
f 2985 2984 4854
f 3350 1571 5063
f 4512 4106 4022
f 461 4023 4105
f 5101 131 4673
f 4149 5065 4150
f 5065 5040 4799
f 5067 4802 2985
f 2623 3840 4268
f 5071 5067 4150
f 5068 4804 1095
f 954 104 1782
f 4076 3869 3873
f 4518 4136 3928
f 1363 110 3022
f 3211 4995 3340
f 3920 4012 1441
f 533 4849 4156
f 4248 3970 3458
f 4995 3213 4828
f 4962 2832 3446
f 3726 2809 3727
f 2147 3685 1782
f 3816 4071 3738
f 4581 204 5033
f 3689 4846 3878
f 4333 2832 4827
f 239 4785 237
f 4333 4827 3213
f 3679 5092 3665
f 3693 3885 4511
f 4131 4231 3927
f 4231 4114 3774
f 3962 3851 3850
f 3697 3696 3692
f 3697 3887 3695
f 3702 4323 3700
f 3705 4240 3815
f 3768 3671 4224
f 3669 3706 3670
f 3923 3670 3707
f 3710 3714 3709
f 3707 3902 4218
f 3806 3721 3720
f 3720 3719 4248
f 3723 3807 3806
f 3805 4212 3751
f 1892 1607 3666
f 117 119 5097
f 4413 3885 4211
f 124 120 122
f 124 126 246
f 146 135 134
f 3009 142 134
f 146 145 286
f 3731 4272 3732
f 4273 3733 3730
f 3859 3284 4205
f 3858 3857 3283
f 1779 3895 3737
f 3746 3872 3744
f 3279 3750 3748
f 3748 3871 3747
f 3279 3754 3749
f 2017 2019 3767
f 3771 4338 3769
f 3775 3772 3774
f 4199 3709 3715
f 3927 3774 3773
f 3775 1115 3776
f 1885 3904 3903
f 4062 4408 4059
f 2642 4206 4283
f 4396 4422 4421
f 4057 4407 3987
f 3777 2100 1903
f 266 240 3037
f 1888 1890 3420
f 262 2812 3037
f 164 3019 165
f 125 3034 166
f 167 169 171
f 170 133 251
f 5097 123 182
f 3832 1818 3872
f 3019 185 184
f 1819 3292 1956
f 2845 2486 252
f 252 2486 251
f 4670 1735 288
f 4274 3783 3688
f 3812 4273 4274
f 3271 4326 3785
f 3683 3789 2805
f 3792 52 2805
f 3677 3676 2633
f 3899 3883 3696
f 3897 4336 4306
f 4285 4282 3916
f 3985 3825 4043
f 3918 4199 1809
f 4925 3708 3917
f 3671 3907 4294
f 2019 4324 3808
f 4324 3766 3810
f 3884 3275 4211
f 3811 3912 4292
f 3814 3896 3815
f 3813 4235 3816
f 4110 3982 4039
f 3819 3817 51
f 52 1779 50
f 1881 3868 3060
f 3831 4271 3833
f 2877 3908 3278
f 1902 1940 3874
f 3915 3287 3289
f 3902 3707 4287
f 4287 4925 3750
f 3285 3898 4112
f 3787 3898 3788
f 2643 4283 4285
f 1109 3932 1825
f 2643 3759 2644
f 1876 4142 4034
f 3778 2642 2644
f 4090 4031 3485
f 3486 4030 4070
f 3842 886 3673
f 3841 4205 3284
f 3847 3849 4247
f 4413 4024 3265
f 1803 4295 3281
f 3252 3850 3925
f 3854 3769 3667
f 2878 1816 1815
f 2877 3277 2878
f 4014 3829 3828
f 3859 3858 3283
f 3869 4076 3867
f 2325 5070 2326
f 5072 4800 4798
f 4132 2853 2852
f 5101 2811 2810
f 3872 1824 1825
f 91 4052 4129
f 3854 1888 3770
f 4001 3264 3998
f 4191 3997 2620
f 4127 3997 4125
f 1901 3875 1899
f 3990 3989 4061
f 4056 4058 3984
f 3765 3857 3875
f 1964 2749 4480
f 3205 3206 2108
f 3426 3978 3975
f 3483 2410 4513
f 4175 3974 3971
f 2674 2467 4530
f 1846 1493 4122
f 2186 4643 2711
f 3489 4479 4348
f 4377 4376 4219
f 3470 3489 4348
f 2382 2386 2384
f 2245 4431 2246
f 2248 4503 2249
f 3961 3960 873
f 3960 3560 3562
f 3558 3959 3559
f 3959 3255 4510
f 4490 2615 4528
f 428 1647 1646
f 3948 3569 3571
f 2436 2438 2774
f 2144 2456 2462
f 3837 4164 3835
f 3580 4395 3578
f 4077 4411 4412
f 3124 3345 1543
f 2393 2790 2789
f 4117 1851 3406
f 771 383 4516
f 4067 3445 3864
f 2770 2427 2429
f 2195 2194 2687
f 2335 538 1272
f 1809 4199 1810
f 2372 2295 2745
f 1950 4147 1800
f 2820 2206 2502
f 1906 4144 311
f 3872 1818 1824
f 3292 1819 1818
f 2206 2205 2203
f 2444 2440 2442
f 4114 4152 1115
f 1670 4524 3400
f 2263 2262 2714
f 2878 3747 1812
f 1956 3291 1815
f 1669 2757 2411
f 2462 4508 2463
f 2261 2396 2259
f 2425 2424 2182
f 2424 2426 4494
f 2276 2277 2275
f 3906 4147 3282
f 2193 4529 2192
f 2768 2677 3663
f 3848 3720 4248
f 2283 2279 2281
f 2451 4504 2785
f 2706 2785 2253
f 2204 2494 3662
f 3378 1226 1225
f 3758 3285 3286
f 2418 2416 2415
f 2475 2269 2722
f 3749 3753 3902
f 3278 3288 3754
f 3908 2877 3702
f 3700 4323 3291
f 2288 2292 2289
f 2772 2770 2181
f 1108 1106 660
f 2670 4526 2155
f 3353 3413 2665
f 2304 2296 2302
f 2632 3736 3814
f 2252 2697 4519
f 2175 4433 2173
f 3811 4292 3733
f 2267 2716 2268
f 3885 3884 4211
f 2692 3194 2691
f 2275 2478 2274
f 2274 2478 2477
f 474 2115 475
f 2283 2735 2279
f 3671 3768 3907
f 443 442 2141
f 3918 3748 3917
f 3675 3704 4306
f 4434 4431 2249
f 4244 3705 3704
f 1647 1657 1659
f 2719 2269 2268
f 3805 3751 3915
f 2436 2694 2437
f 3731 3899 3804
f 3797 3863 3678
f 3739 3796 3795
f 2388 2391 2747
f 2394 4506 2392
f 2181 2681 2184
f 3271 4207 4326
f 3877 3910 3909
f 3784 3783 4274
f 2429 2483 2680
f 3859 2642 3777
f 3905 3856 3903
f 4518 3928 3904
f 2709 2792 2710
f 4489 2160 4532
f 4114 3775 3774
f 55 54 1025
f 3194 4509 1321
f 4338 4254 3919
f 1250 2978 1251
f 1613 2373 492
f 2064 2047 3173
f 3283 3765 2018
f 2677 2768 2767
f 888 4246 3763
f 3788 3758 3755
f 410 2144 411
f 475 4797 8
f 2396 2261 2748
f 2482 2423 2425
f 2426 2277 2276
f 2021 2467 2022
f 1443 516 536
f 2632 3740 2633
f 3816 3738 2632
f 4498 4455 4529
f 2742 2741 4515
f 2742 2431 2430
f 2737 2432 4515
f 2499 2498 2207
f 2387 2288 2390
f 3810 1892 3722
f 2119 4346 2120
f 3809 3806 3848
f 2770 2772 2771
f 4295 1803 3714
f 2177 2678 2178
f 4460 2179 1082
f 2709 2686 2792
f 4282 4206 4337
f 3675 4337 3673
f 2503 2303 2822
f 4559 2135 88
f 3887 3697 3289
f 3413 4531 2664
f 2302 2301 4531
f 1658 2298 2162
f 2442 2703 2702
f 2697 2704 2698
f 2804 3818 4333
f 2695 4432 4491
f 1827 3786 204
f 3880 3911 3879
f 2794 2716 3403
f 3877 3909 3900
f 2726 2264 2263
f 4537 3218 55
f 3167 3096 711
f 222 1420 2626
f 3096 3495 752
f 3142 1543 3344
f 4458 4457 2903
f 2535 2900 2537
f 1529 3394 4985
f 838 2882 4577
f 812 1853 2158
f 2525 2356 2934
f 270 4675 633
f 2950 2865 2888
f 4426 5100 3367
f 4582 2924 2116
f 2647 439 2645
f 2305 2558 2557
f 2584 2875 2858
f 2345 2340 2341
f 2963 4539 397
f 2321 4452 2884
f 4425 2241 3417
f 434 334 2590
f 2590 2588 2589
f 838 1007 839
f 1350 1414 1896
f 2287 3193 2166
f 2908 2941 2548
f 4576 2120 4346
f 4437 2871 2657
f 2872 4588 4601
f 2580 2579 4601
f 3160 3645 3388
f 1708 3099 3306
f 3311 4435 3312
f 2581 2658 2579
f 2627 2539 2898
f 2628 2213 2215
f 3605 4543 3604
f 4566 2084 1005
f 1649 2835 2834
f 4561 2886 2965
f 2696 2847 4448
f 2233 2950 2951
f 4596 2160 2159
f 4546 2315 2509
f 2565 2349 2344
f 2743 3413 3134
f 1067 897 898
f 3524 4386 3523
f 3413 90 3134
f 4743 3314 3451
f 2976 2342 2348
f 439 2976 2645
f 2591 3190 4560
f 4453 4483 808
f 3376 2594 4538
f 3636 4538 3657
f 2507 2110 2505
f 2231 2230 4573
f 3655 3649 3618
f 4806 1134 1133
f 2584 2229 2582
f 2220 2856 2218
f 1687 1100 1685
f 2930 2517 2521
f 4549 2908 2337
f 1666 1767 4563
f 1716 1729 2932
f 2168 3368 1102
f 1728 1716 1715
f 4745 3043 3042
f 4439 2904 2905
f 4439 2974 2899
f 2940 2210 2544
f 4453 2535 2534
f 4560 4548 2882
f 3622 3047 3632
f 2879 4560 3189
f 4806 1125 5020
f 3649 3617 3648
f 2234 2238 2235
f 2865 2232 2889
f 2583 4545 2874
f 1210 3615 4389
f 2797 2478 4534
f 2059 2060 2062
f 1170 3297 4738
f 435 2505 2110
f 3555 3606 3604
f 2515 1618 1617
f 2447 2516 2610
f 2871 2579 2658
f 2581 2954 2658
f 2368 2367 2954
f 3187 1865 2844
f 5080 4844 4242
f 2836 2834 2598
f 3531 3533 3600
f 2512 2880 2513
f 2696 2529 4561
f 1673 1672 2848
f 2529 2933 2887
f 2575 2362 2573
f 2590 336 2829
f 2975 2228 2227
f 4562 2953 4579
f 4733 4734 3594
f 3606 3555 3595
f 1767 4350 2867
f 2117 2422 440
f 2909 4552 2345
f 3596 588 587
f 3547 3601 4296
f 2320 2340 2321
f 2507 2504 2351
f 2229 2231 2582
f 4297 3537 3581
f 2323 2941 2324
f 2907 4549 2522
f 2842 2523 2906
f 1323 1322 2165
f 2608 4974 4718
f 3529 4298 3003
f 3509 3246 3698
f 1544 4727 2007
f 1861 237 3882
f 1574 1064 1648
f 4617 4484 3419
f 2147 265 3876
f 3228 3053 357
f 356 3228 357
f 496 2747 2746
f 451 468 496
f 3294 634 633
f 389 3511 3256
f 455 454 3511
f 3556 3604 3354
f 3802 5054 4888
f 3664 3521 3444
f 502 514 405
f 427 469 451
f 4468 3302 3341
f 1599 1713 471
f 468 1661 2747
f 3361 4728 3221
f 424 3534 3048
f 1851 147 708
f 1167 708 1627
f 380 3613 3699
f 3510 3509 3613
f 4663 4728 3361
f 1156 3468 4085
f 2151 3246 3509
f 4687 569 777
f 3333 3348 3514
f 3586 4602 1791
f 1305 480 4551
f 1623 1762 4239
f 5 4 3608
f 2918 1680 1710
f 4740 4739 4914
f 679 4571 3364
f 1332 1084 1333
f 1193 3466 1194
f 1614 4604 1615
f 553 3526 551
f 1359 1358 3505
f 2935 2673 2023
f 2612 4774 2546
f 4614 2119 560
f 2108 2107 3205
f 1692 1691 3435
f 2923 365 1637
f 3451 3296 3295
f 4570 4517 4593
f 3143 3456 1344
f 406 397 407
f 4445 4479 686
f 2138 426 1694
f 2760 1643 3066
f 1612 3353 2665
f 385 487 386
f 3247 3514 3348
f 315 314 1706
f 4726 4794 4727
f 2747 496 468
f 3241 5001 3239
f 1456 261 1074
f 2090 2091 1602
f 1711 3049 2123
f 1730 3256 3511
f 3217 3514 3247
f 749 4383 4426
f 1688 2671 2115
f 20 19 4838
f 1188 2090 1337
f 4717 1760 4915
f 954 953 2328
f 4670 288 3846
f 2042 2750 2006
f 3400 1883 1882
f 4932 1911 4280
f 4489 2161 2160
f 4845 5080 2404
f 4104 2404 4359
f 3501 4722 1933
f 4758 1911 4932
f 2099 4236 1938
f 4463 4225 4279
f 4572 3761 3979
f 4843 1605 1891
f 3391 4382 3389
f 4845 4474 4462
f 3089 4919 4910
f 4921 4910 1909
f 3395 1797 1796
f 458 1527 3150
f 4917 1891 1936
f 1250 1697 927
f 4523 4471 2244
f 4341 337 1878
f 297 100 48
f 3846 3845 145
f 2564 2563 4796
f 2149 1852 3163
f 542 5008 540
f 546 2564 547
f 3098 2 3442
f 307 1790 1021
f 1535 4571 3374
f 1848 1847 941
f 4532 2160 2870
f 1896 1351 1350
f 1895 747 740
f 337 4341 2460
f 1895 740 1351
f 4596 3520 2614
f 582 581 1701
f 4514 4614 3205
f 4575 2080 2079
f 2357 2358 4967
f 3298 3329 1583
f 3499 1895 1896
f 445 405 514
f 2824 402 2111
f 3064 1001 1035
f 4846 154 153
f 495 2388 2747
f 3487 3241 4360
f 1558 4085 4342
f 3154 4591 3155
f 3218 3155 2133
f 3850 4229 3962
f 811 4609 3410
f 452 2789 410
f 320 4476 1533
f 2132 1695 363
f 409 1592 1593
f 2123 1712 1711
f 2037 374 3214
f 3049 507 3048
f 1171 3219 3126
f 3511 469 1730
f 3356 1990 1525
f 4677 3099 1710
f 1563 5 3608
f 1563 3311 5
f 1316 4716 1336
f 626 140 2098
f 235 234 3661
f 806 2902 2905
f 4385 1139 3103
f 4559 3072 3318
f 3591 3070 3931
f 4602 1582 3517
f 1791 1789 3586
f 1980 3523 3644
f 4138 3992 1654
f 4635 4862 5057
f 3698 3246 3334
f 4683 4850 4684
f 4708 2541 4690
f 3387 3158 3388
f 1294 4232 2121
f 3417 4610 3209
f 2043 6 3312
f 2997 3320 2996
f 2038 3174 4705
f 4704 4679 4711
f 4703 2030 3690
f 5089 1682 1268
f 4686 4685 4696
f 2543 4709 4344
f 3354 3355 3556
f 4406 4405 4685
f 4724 4851 4850
f 4700 3936 4702
f 4855 4700 4699
f 2542 4686 4694
f 564 4743 3453
f 4682 2542 4708
f 4951 4411 4077
f 1553 666 1977
f 4395 3580 4935
f 4422 4396 4937
f 4953 4164 3837
f 4036 4164 4940
f 2459 4037 5095
f 4302 5095 4036
f 3342 3341 3302
f 2032 4115 1858
f 4165 4115 2031
f 4165 2027 3571
f 722 752 3495
f 4418 4195 3946
f 573 1288 1552
f 3937 4707 3952
f 3566 3954 3953
f 3075 4695 3073
f 1621 480 1305
f 3955 4869 3956
f 4510 4371 3957
f 3851 3962 3961
f 3964 4055 3963
f 448 3967 449
f 3167 1790 1792
f 4311 4961 4943
f 3322 3550 4300
f 4995 2051 3340
f 3142 1544 1543
f 3922 4218 3545
f 3544 4404 3969
f 1686 1460 2626
f 4404 4122 3838
f 3310 3087 3086
f 3971 3974 3459
f 3329 2750 2042
f 4572 3979 3978
f 3980 3988 3983
f 3985 4013 3986
f 4673 4962 3446
f 3990 4004 3991
f 4062 3989 4408
f 4097 3996 4127
f 3317 3132 3135
f 3998 4095 3999
f 2379 4213 4212
f 93 4224 91
f 2816 2818 2946
f 3860 3862 2852
f 1576 149 303
f 1432 4007 4008
f 1537 3363 1535
f 4011 4169 4010
f 4013 4015 3828
f 4078 4019 2624
f 4955 4963 3716
f 4945 1675 4314
f 4945 4313 5077
f 4948 4963 4949
f 3712 2496 2495
f 4375 4646 4309
f 4029 4371 4027
f 2405 1507 4027
f 1872 4030 1874
f 4030 3486 4031
f 4163 3579 3830
f 4379 4039 4035
f 3835 4038 4124
f 3258 3944 4402
f 2621 2620 4402
f 3258 3996 3259
f 3954 4041 4423
f 3236 390 2125
f 4066 2853 4041
f 4060 3950 4423
f 3254 4374 3255
f 872 874 4003
f 3260 1598 3267
f 4135 4043 3370
f 3825 4119 4044
f 4170 4047 4087
f 3059 413 2124
f 2734 369 518
f 3834 2618 4048
f 4050 4052 4377
f 3546 4128 4415
f 4415 3999 3261
f 462 999 460
f 4119 3824 4053
f 4407 4057 3836
f 4056 4398 4397
f 4409 3559 4059
f 4616 1451 3429
f 3958 3957 4126
f 3523 1980 555
f 3946 4393 4194
f 1615 4605 2912
f 4042 4061 4393
f 3947 4194 2621
f 4511 4905 3886
f 4121 4217 3752
f 4223 3923 4376
f 2639 3560 4229
f 4067 4066 4069
f 4073 2637 3843
f 3337 4134 4391
f 2729 2619 2730
f 4136 4518 4076
f 2011 2015 2020
f 3198 4630 4628
f 4263 4516 3331
f 4374 4016 4373
f 2014 2013 3178
f 4373 4019 2407
f 4363 2405 2407
f 4512 4390 4414
f 3175 3148 3176
f 3202 3172 127
f 4096 3264 4353
f 3264 4905 3265
f 4513 9 8
f 3168 3173 3172
f 4091 4090 4760
f 4028 2717 4369
f 1876 4384 4380
f 4655 4952 4651
f 4820 4315 4821
f 4312 4778 4307
f 4823 3051 3050
f 3334 4565 3698
f 3449 3524 3523
f 3051 2814 3052
f 4303 5079 4956
f 4301 3490 3239
f 3384 3383 2254
f 3121 2255 2254
f 3302 3301 3342
f 1840 4095 1841
f 4358 4079 4078
f 4099 1869 1868
f 4104 4359 4105
f 4105 4023 4106
f 866 4378 4110
f 2948 2816 2946
f 2650 4428 420
f 3342 1656 669
f 1977 1976 1554
f 4906 4967 13
f 4915 19 4717
f 1760 1759 4913
f 3185 3187 2334
f 284 1947 245
f 1553 2103 554
f 634 3294 3660
f 4410 1466 4871
f 2009 1169 2010
f 1786 2023 2022
f 1551 4 574
f 3231 3249 1877
f 1563 4740 1561
f 3327 2520 2669
f 1794 1792 1791
f 4502 3399 4456
f 4456 2996 4502
f 2669 4403 2612
f 3071 3125 3069
f 1505 1865 594
f 464 3438 3083
f 1168 4564 2010
f 432 1288 573
f 2257 2400 2258
f 4635 5102 4364
f 4403 2669 2520
f 4383 3061 5100
f 2135 3318 3136
f 3136 2136 2135
f 1796 3339 3395
f 4383 749 38
f 2547 4748 2545
f 1576 1539 1310
f 1188 467 2090
f 1591 1590 3234
f 3234 2089 1591
f 1789 307 3587
f 3657 3306 3469
f 422 421 1593
f 3464 2090 3463
f 1594 522 197
f 3134 90 89
f 401 400 2137
f 1620 402 2824
f 2118 481 399
f 497 3515 404
f 477 3461 478
f 1702 355 481
f 1865 1505 2844
f 4217 3545 4218
f 400 424 2137
f 424 400 3534
f 3457 385 367
f 488 336 486
f 2752 1652 477
f 3217 3334 3514
f 2119 4614 4514
f 1602 1668 5103
f 3534 412 414
f 3682 4492 4750
f 181 5097 182
f 3479 367 1712
f 446 3462 447
f 477 411 2145
f 349 2992 3104
f 181 108 180
f 1702 802 472
f 1596 1610 1597
f 4364 5102 4866
f 166 163 125
f 159 3030 120
f 245 2114 3008
f 435 2109 459
f 468 451 469
f 1524 1523 1172
f 3961 4394 3851
f 412 400 352
f 440 2647 2117
f 3456 4429 2921
f 1639 1638 1724
f 1598 1597 391
f 375 377 898
f 1725 3269 1723
f 4425 3208 4568
f 1598 391 3266
f 369 359 1591
f 2646 4582 2116
f 1648 1064 499
f 547 2564 4796
f 3315 3314 564
f 3169 3168 3196
f 3201 3188 3195
f 2672 4960 4797
f 2640 2343 2975
f 3203 2020 3183
f 3182 3183 2015
f 4795 3188 2127
f 3206 3195 4795
f 2503 2823 2087
f 963 3492 4964
f 2902 223 222
f 4487 475 8
f 4688 4687 4669
f 3180 129 3200
f 3180 2012 4628
f 4584 3185 4563
f 3177 3199 2054
f 3853 3852 1997
f 1673 2609 2610
f 2003 5076 4653
f 3229 338 3039
f 2045 2897 1569
f 949 3230 3229
f 1335 1411 1336
f 2605 2889 2964
f 4907 1992 1994
f 4401 2473 2472
f 2286 3193 2287
f 3698 4565 3699
f 2598 2880 2596
f 4991 2346 298
f 3489 820 683
f 975 974 3455
f 1314 1326 4986
f 88 90 3353
f 3510 2149 2151
f 3613 3509 3698
f 791 1852 2149
f 2582 2571 2314
f 791 695 1852
f 1545 3931 3070
f 2583 2875 2584
f 3141 4727 1544
f 1344 1430 3143
f 1450 330 1703
f 3342 669 1975
f 2951 2575 2234
f 4602 1794 1791
f 156 3399 4502
f 2950 2233 2865
f 5038 1742 316
f 3782 1747 1746
f 2569 4556 2567
f 2568 2567 2943
f 3780 1753 1751
f 1788 1772 1775
f 201 33 199
f 115 1777 214
f 4555 2554 2857
f 268 221 39
f 241 265 2147
f 153 3013 4846
f 111 166 178
f 3036 185 3018
f 117 2812 2928
f 2294 1558 4342
f 121 3034 122
f 126 165 250
f 72 186 1744
f 219 218 1750
f 79 257 3181
f 81 1748 44
f 2356 2525 4777
f 87 64 95
f 3022 5033 1363
f 111 113 164
f 201 193 96
f 4449 2517 2516
f 108 107 179
f 2835 1707 2514
f 4451 2514 2700
f 245 250 284
f 2915 2356 4777
f 287 2845 252
f 1195 1194 4594
f 1853 812 1690
f 3009 1738 4668
f 1735 143 5091
f 1066 1448 1067
f 4582 2873 2924
f 1707 2835 1684
f 314 313 617
f 2145 2752 477
f 2135 89 88
f 1224 2492 1225
f 3462 5103 447
f 1698 498 404
f 1604 1668 1602
f 1658 1657 2072
f 1462 2902 2626
f 507 425 3048
f 255 254 3433
f 1565 2687 1321
f 254 4592 959
f 446 2383 3462
f 427 423 2148
f 2488 2389 340
f 425 424 3048
f 2143 2667 2385
f 534 516 515
f 519 1718 362
f 969 1043 967
f 2284 2420 3663
f 5103 1668 447
f 356 1702 1713
f 2271 2482 2479
f 520 483 1678
f 331 473 2156
f 3475 3242 4535
f 426 2137 424
f 2475 4521 4522
f 3064 2683 2979
f 1712 367 385
f 2470 3224 2468
f 384 3058 1711
f 5103 3462 3270
f 4443 1756 1973
f 544 747 545
f 747 1895 545
f 1643 1026 2927
f 1799 1040 1041
f 1764 1172 3126
f 662 4117 577
f 623 621 3519
f 2463 2395 2461
f 624 623 3519
f 4505 2707 2392
f 650 597 2961
f 575 2960 640
f 2587 4328 629
f 596 629 608
f 578 642 4331
f 4637 723 2601
f 3761 3760 3979
f 701 743 4632
f 4456 721 720
f 4637 700 4634
f 700 4633 754
f 4108 691 731
f 551 710 552
f 2912 1268 4692
f 871 3382 785
f 796 798 797
f 1761 344 4239
f 4786 4009 804
f 3410 3409 809
f 881 884 2551
f 829 823 4790
f 4787 832 831
f 835 833 836
f 877 876 907
f 2181 2770 2681
f 2077 2076 2426
f 4788 840 842
f 1722 2666 4143
f 858 847 890
f 4045 855 926
f 824 829 859
f 4789 859 858
f 1016 1076 938
f 935 4901 933
f 2764 2421 2763
f 3204 3184 1330
f 4625 951 1030
f 1033 956 955
f 3379 759 570
f 3385 966 929
f 1041 1426 1799
f 1451 4616 1040
f 2153 9 2410
f 2395 2463 2396
f 3152 1045 972
f 975 1047 973
f 986 1077 979
f 991 1036 989
f 1002 4899 1003
f 1018 1017 4075
f 1018 1075 1016
f 4805 1114 1139
f 1308 4975 1173
f 2973 1289 4775
f 1178 1557 2973
f 1190 1260 1259
f 528 1201 1296
f 4829 1202 343
f 531 1206 529
f 4446 4445 1281
f 1229 1273 1227
f 2917 3104 2992
f 1297 1234 4928
f 1299 1279 1278
f 4436 2914 2350
f 1303 1238 5023
f 5000 1239 1242
f 2351 2504 2309
f 2349 2910 2347
f 2348 2344 2349
f 2684 350 2682
f 1245 1285 1243
f 1306 1248 1247
f 1822 1632 4517
f 1339 4985 3977
f 1463 1381 1406
f 2338 2974 2336
f 1342 3210 1434
f 4549 2907 2324
f 4439 2899 2901
f 1349 2586 1353
f 1357 535 1358
f 1404 1364 1366
f 1368 4612 1369
f 1371 1472 1471
f 1408 1379 1387
f 1459 1402 1473
f 1394 1327 1326
f 1399 3081 1396
f 1401 1345 3082
f 3082 1386 1385
f 1925 4198 1968
f 1705 4419 1450
f 4524 2468 3224
f 2884 2319 2318
f 4611 4671 4198
f 2512 4577 4548
f 885 4789 884
f 1500 1515 1501
f 1534 3369 1532
f 4567 3319 3318
f 4743 3044 3453
f 4345 3280 3007
f 1525 1263 3357
f 4545 2315 4546
f 4712 2122 1725
f 4580 2558 2305
f 1199 4570 1200
f 359 2109 497
f 2734 360 369
f 520 1594 1595
f 430 429 1224
f 428 4469 2774
f 2535 807 2900
f 398 2118 399
f 2739 2432 2737
f 481 2118 802
f 2143 2800 342
f 2292 2288 2291
f 2138 2137 426
f 444 1611 354
f 2283 2282 2285
f 487 486 386
f 1595 493 520
f 421 427 451
f 1622 4021 4693
f 1612 493 1595
f 2725 2272 2723
f 426 368 1694
f 4693 916 918
f 471 470 2422
f 4540 592 894
f 1792 3096 3167
f 2610 2611 1673
f 482 1718 1678
f 404 403 1698
f 400 412 3534
f 3461 1651 3522
f 1684 1604 1707
f 1625 1596 1598
f 370 368 425
f 2259 4508 2260
f 357 3053 503
f 1733 1732 3522
f 237 3680 3863
f 1735 5091 322
f 29 25 116
f 2427 2771 4505
f 1739 240 103
f 2252 4503 2253
f 2247 2280 2386
f 142 3009 4668
f 1742 5038 143
f 77 1777 114
f 4123 1743 282
f 73 243 71
f 4544 4588 2872
f 317 1745 318
f 2868 2869 2576
f 2866 2868 4589
f 3751 4213 3752
f 43 42 105
f 35 34 96
f 18 1754 205
f 39 80 40
f 2230 2233 4573
f 2235 2572 4573
f 47 40 80
f 40 49 190
f 3781 186 1758
f 66 213 67
f 28 212 26
f 269 220 267
f 1773 3779 1774
f 2217 2858 2218
f 12 1397 192
f 2630 2228 2213
f 1545 3069 1543
f 2540 2215 2940
f 2870 4596 2614
f 4485 3445 4067
f 3870 1164 4152
f 1950 1800 1802
f 1950 2408 1804
f 3715 1803 1805
f 3715 1127 1810
f 1811 1813 1809
f 2699 2776 2200
f 1816 1812 1814
f 1956 1815 1817
f 1956 1143 1819
f 1820 1824 1818
f 2191 2688 2194
f 2189 2191 2190
f 1119 1109 1825
f 4419 3429 1451
f 2188 2602 4481
f 1966 1965 4358
f 4497 4496 2185
f 814 4520 4488
f 1870 1863 1868
f 1869 1871 1873
f 1082 2599 4460
f 4318 4142 3389
f 3390 1876 1877
f 1888 3854 1606
f 3924 23 242
f 4763 1916 1910
f 1097 1954 1922
f 1625 1598 3260
f 634 139 141
f 809 1994 1982
f 1984 1988 1985
f 1989 1991 1987
f 762 4688 1998
f 1449 2170 3865
f 1641 2169 3454
f 1333 1614 4594
f 2682 350 3104
f 3517 3584 1795
f 4500 2166 2168
f 4565 3217 2042
f 2133 2134 850
f 2035 2025 2024
f 2028 2026 2029
f 2616 4490 2163
f 2030 2034 32
f 4489 1884 3223
f 4617 524 4458
f 728 1662 1370
f 1884 3067 2102
f 574 573 1552
f 2058 2054 2053
f 2065 2064 3038
f 475 4487 473
f 2047 2064 2063
f 2154 4486 2155
f 2066 2067 2048
f 1652 2751 2754
f 235 1546 1074
f 3493 5096 771
f 1188 3478 1189
f 1081 1080 2093
f 3522 4143 1733
f 568 2991 2990
f 4143 3522 1651
f 543 3664 4796
f 3525 1860 3526
f 140 2097 2098
f 565 1091 1701
f 677 1536 4747
f 4543 3354 3604
f 4385 3102 2600
f 1973 1972 3324
f 4747 1536 1535
f 669 458 1974
