# Generated by benchmark/pick_up_apple/mujoco_src/export.py
v -0.026589913293719292 0.042652875185012817 -0.05631222203373909
v 0.032474379986524582 0.0012417022371664643 -0.075981758534908295
v 0.028162503615021706 -0.0057389973662793636 -0.096364207565784454
v -0.0033644025679677725 0.041724137961864471 0.029074374586343765
v 0.01764046773314476 -0.044502474367618561 0.015465769916772842
v 0.02949417382478714 -0.033755887299776077 0.0039622304029762745
v -0.039589807391166687 -0.027210135012865067 -0.047555819153785706
v -0.042431846261024475 -0.0031455699354410172 -0.05881631001830101
v -0.041716322302818298 -0.01119736023247242 -0.050956029444932938
v -0.041836168617010117 -0.011312724091112614 -0.056367065757513046
v -0.038571294397115707 0.032524444162845612 -0.044476684182882309
v -0.011720588430762291 -0.035619515925645828 -0.096453152596950531
v 0.032250452786684036 -0.002783280098810792 -0.049899384379386902
v -0.028024373576045036 0.042911913245916367 -0.053128313273191452
v -0.03113548643887043 -0.030281458050012589 -0.010940367355942726
v -0.041428640484809875 -0.00015539415471721441 -0.047313358634710312
v -0.039338946342468262 -0.027833795174956322 -0.043925754725933075
v 0.0076688309200108051 -0.043370213359594345 0.026015860959887505
v -0.018977634608745575 -0.031522486358880997 0.022503973916172981
v -0.0085716359317302704 0.038966063410043716 0.029205990955233574
v -0.025742677971720695 -0.037157163023948669 0.016324285417795181
v 0.016936164349317551 -0.017633087933063507 -0.041678547859191895
v 0.02754543349146843 0.032770972698926926 0.010816815309226513
v 0.028514737263321877 -0.0030394254717975855 -0.096335902810096741
v 0.030095357447862625 -0.012884070165455341 -0.095303758978843689
v -0.026729105040431023 0.025750357657670975 -0.096507102251052856
v -0.036664832383394241 -0.036383669823408127 -0.047220807522535324
v -0.040544033050537109 -0.021654894575476646 -0.050798777490854263
v -0.025210486724972725 -0.030635891482234001 -0.096396803855895996
v -0.028042208403348923 -0.02640971913933754 -0.096482992172241211
v -0.03007962554693222 0.040309485048055649 0.0063912281766533852
v -0.018513724207878113 -0.044070377945899963 0.017437862232327461
v -0.026624275371432304 0.044457338750362396 -0.0076891048811376095
v -0.024941692128777504 0.044603385031223297 -0.010943954810500145
v 0.027248485013842583 -0.04316401481628418 0.0033411481417715549
v -0.04230862483382225 -0.0058814771473407745 -0.05680842325091362
v -0.036256991326808929 -0.037235908210277557 -0.022437619045376778
v -0.0013196734944358468 -0.044501915574073792 -0.047538962215185165
v -0.02773096039891243 -0.04265807569026947 -0.054312791675329208
v -0.025119064375758171 -0.034312564879655838 -0.092291221022605896
v 0.025068335235118866 -0.041714198887348175 0.015073426067829132
v -0.036844588816165924 0.034963853657245636 -0.022377947345376015
v -0.041777409613132477 0.0053594759665429592 -0.049296200275421143
v -0.036870785057544708 0.032278597354888916 -0.022185534238815308
v 0.023031605407595634 0.044195368885993958 -0.010006747208535671
v -0.011355802416801453 0.044598445296287537 0.017629386857151985
v 0.023287951946258545 0.030597010627388954 -0.09415290504693985
v 0.027587298303842545 -0.014295509085059166 -0.096343912184238434
v 0.027296537533402443 -0.017204614356160164 -0.096214912831783295
v 0.030435429885983467 -0.039269842207431793 -0.00098120851907879114
v 0.024489283561706543 -0.018527662381529808 -0.096477322280406952
v 0.026739612221717834 -0.042534206062555313 0.0093780839815735817
v 0.014615397900342941 -0.037668172270059586 -0.093903593719005585
v 0.019867826253175735 -0.038174472749233246 0.023065410554409027
v -0.015114646404981613 0.029230920597910881 0.025558475404977798
v -0.0036953063681721687 0.039552319794893265 0.030267586931586266
v 0.03247993066906929 6.2412364059127867e-05 -0.050741657614707947
v 0.027297947555780411 0.0069319596514105797 -0.096489273011684418
v 0.026317628100514412 0.0092487288638949394 -0.09649059921503067
v 0.028013221919536591 -0.0084657538682222366 -0.096424169838428497
v -0.036389578133821487 0.016779089346528053 -0.096012897789478302
v -0.04166533425450325 -0.013339020311832428 -0.05324186384677887
v -0.0370645672082901 -0.028122410178184509 -0.023241369053721428
v -0.033799566328525543 -0.023394608870148659 -0.095751255750656128
v -0.042451061308383942 -0.0017632846720516682 -0.091352984309196472
v -0.0059754666872322559 -0.044035907834768295 0.024788683280348778
v -0.033085346221923828 0.040806613862514496 -0.014747437089681625
v 0.010121282190084457 -0.036903627216815948 0.028746606782078743
v 0.0097229368984699249 -0.044589009135961533 0.019859904423356056
v -0.03289351612329483 -0.041152529418468475 -0.039439167827367783
v 0.016579229384660721 0.020746268332004547 -0.096500001847743988
v -0.03326057642698288 -0.039934892207384109 -0.045196544378995895
v -0.042249333113431931 -0.0056304363533854485 -0.053406428545713425
v -0.03687392920255661 -0.031495355069637299 -0.021497786045074463
v -0.037159644067287445 -0.031403634697198868 -0.025007039308547974
v -0.041211288422346115 0.017015684396028519 -0.052292253822088242
v -0.041863191872835159 0.011266846209764481 -0.053321816027164459
v -0.03112175315618515 0.042748250067234039 -0.013942644000053406
v -0.038245301693677902 0.032491020858287811 -0.049714956432580948
v 0.024887846782803535 0.044058013707399368 0.0056419535540044308
v 0.02756587415933609 0.041679646819829941 0.010168425738811493
v 0.01182115264236927 -0.038137760013341904 -0.093049183487892151
v 0.03017447330057621 -0.040430855005979538 -0.0029805740341544151
v -0.012074891477823257 0.034408740699291229 -0.09587908536195755
v -0.023028047755360603 0.044600944966077805 -0.013969617895781994
v 0.015171779319643974 0.044507980346679688 0.01783006452023983
v 0.025041257962584496 0.036814846098423004 0.017355883494019508
v 0.028943207114934921 -0.037124153226613998 0.0095470026135444641
v 0.020819947123527527 0.030499659478664398 -0.023227818310260773
v 0.030325274914503098 0.038733121007680893 0.0032872955780476332
v -0.01469291839748621 0.044592805206775665 0.016825789585709572
v 0.0220140740275383 -0.037931576371192932 0.021081490442156792
v 0.020774690434336662 0.024632060900330544 -0.096497222781181335
v -0.025517106056213379 0.032007038593292236 -0.095888741314411163
v -0.038592584431171417 -0.031744524836540222 -0.048705350607633591
v -0.038797296583652496 -0.031233146786689758 -0.043373115360736847
v -0.0078940587118268013 0.041916094720363617 0.027965039014816284
v 0.0038459622301161289 -0.044595260173082352 0.020809682086110115
v -0.0052767107263207436 0.04275934025645256 0.027573052793741226
v 0.018851399421691895 -0.043003931641578674 0.020314585417509079
v -0.036866132169961929 -0.03548743948340416 -0.050493542104959488
v 0.012821781449019909 -0.038733605295419693 0.027647839859127998
v 0.017501970753073692 -0.037863031029701233 0.024896955117583275
v 0.010687933303415775 0.037068858742713928 0.028547083958983421
v -0.042298328131437302 0.0057462570257484913 -0.054867815226316452
v -0.031112153083086014 0.037796244025230408 0.0036178540904074907
v -0.038223225623369217 0.018019123002886772 -0.093180693686008453
v -0.042414046823978424 0.0034219387453049421 -0.060664195567369461
v 0.029400693252682686 0.041217740625143051 0.0045675141736865044
v 0.024346468970179558 0.044055845588445663 -0.0077583454549312592
v 0.021528735756874084 0.044590182602405548 -0.0051282905042171478
v 0.017153779044747353 0.04451955109834671 0.015695091336965561
v -0.023373221978545189 0.044572249054908752 -0.050647486001253128
v 0.024179371073842049 0.044291436672210693 -0.0051104514859616756
v 0.01843281090259552 0.035492654889822006 -0.093501880764961243
v 0.030659615993499756 -0.0046081556938588619 -0.095835253596305847
v 0.025208009406924248 -0.04414021223783493 0.0016672807978466153
v -0.013682539574801922 0.03890286386013031 -0.089379586279392242
v 0.026940997689962387 -0.039000261574983597 0.014370457269251347
v 0.02156667597591877 0.039115622639656067 0.021576710045337677
v 0.0048241466283798218 -0.036486715078353882 0.030085276812314987
v -0.0021672789007425308 0.036724872887134552 0.0303946603089571
v 0.028806911781430244 0.0039375838823616505 -0.096378952264785767
v -0.011734600178897381 0.037282627075910568 -0.09416874498128891
v -0.03695552796125412 0.029550008475780487 -0.02221236377954483
v -0.037168622016906738 0.0303764957934618 -0.025172874331474304
v -0.031875770539045334 -0.038716435432434082 0.00063210888765752316
v -0.040948539972305298 -0.018916141241788864 -0.052885919809341431
v 0.0017334091244265437 0.031667649745941162 0.029635442420840263
v -0.041295487433671951 -0.016011258587241173 -0.051248013973236084
v -0.030511172488331795 -0.04314962774515152 -0.014048971235752106
v 0.030376581475138664 0.014166700653731823 -0.077739886939525604
v -0.031262233853340149 -0.025350693613290787 -0.096179872751235962
v -0.0070844800211489201 -0.032348975539207458 0.02881397120654583
v -0.0028166440315544605 -0.043209552764892578 0.027218442410230637
v -0.019457267597317696 0.038631066679954529 0.023442663252353668
v -0.024993881583213806 0.037665165960788727 0.017460573464632034
v -0.026439359411597252 0.044537343084812164 -0.014373071491718292
v -0.029368191957473755 -0.038080945611000061 0.0088476156815886497
v -0.031818967312574387 0.036441691219806671 0.00075621303403750062
v 0.020893549546599388 -0.040863513946533203 0.021547183394432068
v 0.025976881384849548 -0.042122278362512589 0.012501459568738937
v 0.020370719954371452 -0.044176533818244934 0.014715154655277729
v 0.014274522662162781 -0.044489923864603043 0.018841266632080078
v -0.025430072098970413 -0.04357721284031868 0.0083883311599493027
v -0.029477430507540703 -0.041921902447938919 0.0041928230784833431
v -0.037406500428915024 -0.035985469818115234 -0.044266935437917709
v -0.038188189268112183 -0.034160532057285309 -0.042457874864339828
v -0.033536866307258606 -0.039806235581636429 -0.042484685778617859
v -0.030071139335632324 -0.041947130113840103 -0.051414176821708679
v -0.026101050898432732 -0.042260769754648209 0.011749330908060074
v -0.030333375558257103 -0.03705412894487381 0.0059201009571552277
v 0.023841740563511848 -0.037206944078207016 0.018985126167535782
v -0.042438212782144547 0.0019942850340157747 -0.063493974506855011
v -0.042493849992752075 -0.00020589357882272452 -0.057126637548208237
v -0.042453579604625702 0.0020134034566581249 -0.091118201613426208
v -0.042173366993665695 0.0076141864992678165 -0.057231418788433075
v -0.033367864787578583 0.037931624799966812 -0.0094208316877484322
v -0.039551541209220886 0.027465194463729858 -0.049267619848251343
v -0.041450642049312592 0.014201506040990353 -0.050740361213684082
v -0.040418993681669235 0.021257823333144188 -0.047088060528039932
v -0.032807376235723495 0.026221901178359985 -0.094499014317989349
v -0.036608930677175522 0.036905623972415924 -0.037962067872285843
v -0.027151217684149742 0.043431222438812256 0.004393487237393856
v -0.031592007726430893 0.042386602610349655 -0.038980212062597275
v -0.036827504634857178 0.036333989351987839 -0.046670205891132355
v -0.03263319656252861 0.039770405739545822 -0.0029819577466696501
v -0.040740501135587692 0.020210757851600647 -0.050950158387422562
v 0.029295763000845909 0.0415850430727005 0.0019371291855350137
v 0.024789068847894669 0.044249869883060455 -0.0012658945051953197
v 0.018214760348200798 0.04358581081032753 0.019438538700342178
v 0.020245164632797241 0.044538583606481552 -0.011430899612605572
v 0.01794154942035675 0.033401068300008774 -0.095957525074481964
v -0.011460581794381142 -0.038099277764558792 -0.095423854887485504
v 0.023805160075426102 -0.043864462524652481 0.010481823235750198
v 0.027410011738538742 -0.043186109513044357 0.00099484052043408155
v 0.030114192515611649 -0.016753928735852242 -0.092310458421707153
v 0.029141915962100029 -0.041849590837955475 -0.00065504363738000393
v 0.028729725629091263 -0.021002806723117828 -0.090495690703392029
v 0.020739737898111343 -0.032742440700531006 -0.094929888844490051
v 0.028117140755057335 -0.042516268789768219 -0.0041911345906555653
v 0.02823079377412796 -0.041795074939727783 -0.0076982639729976654
v 0.03226843848824501 -0.0030286703258752823 -0.093779407441616058
v 0.030732531100511551 -0.0097375446930527687 -0.095290578901767731
v 0.023475216701626778 -0.04404091089963913 -0.010138368234038353
v 0.00050747627392411232 -0.044151507318019867 -0.050128135830163956
v -0.020539337769150734 0.044418353587388992 0.012618883512914181
v 0.020156480371952057 0.033326290547847748 0.021872062236070633
v 0.025138374418020248 -0.039799027144908905 0.017296932637691498
v 0.027792992070317268 0.039090521633625031 0.012389542534947395
v 0.026477398350834846 0.032308284193277359 0.013251361437141895
v 0.030063159763813019 -0.038336385041475296 0.0050373193807899952
v 0.029613420367240906 -0.037169851362705231 0.0072102383710443974
v 0.02898036502301693 0.039225716143846512 0.0091208601370453835
v 0.011498892679810524 0.043738774955272675 0.023629186674952507
v 0.021920796483755112 0.044584941118955612 0.0038149792235344648
v -0.0055586756207048893 0.03759477287530899 0.029965393245220184
v -0.0049317008815705776 0.034139007329940796 0.029848938807845116
v -0.0011003779945895076 -0.037545852363109589 0.030409729108214378
v 0.030004717409610748 0.016807939857244492 -0.093034021556377411
v 0.030000047758221626 0.040517833083868027 -0.003894824767485261
v 0.030540641397237778 0.038805607706308365 -0.00037191045703366399
v 0.025079365819692612 0.027561578899621964 -0.093844614923000336
v 0.028399206697940826 0.021971350535750389 -0.0924200639128685
v 0.0256829634308815 0.022581720724701881 -0.096270643174648285
v 0.026826892048120499 0.012161143124103546 -0.096445545554161072
v 0.031978104263544083 -0.006477216724306345 -0.093581579625606537
v 0.032234784215688705 0.0027976329438388348 -0.049696072936058044
v 0.032353028655052185 0.0024660334456712008 -0.09272177517414093
v 0.031842216849327087 0.0054093664512038231 -0.094417288899421692
v -0.014725036919116974 0.038571950048208237 -0.092402689158916473
v -0.038181144744157791 0.0016532228328287601 -0.096243739128112793
v -0.024066878482699394 0.028318721801042557 -0.096496604382991791
v -0.02856873907148838 0.023726465180516243 -0.096505068242549896
v -0.029797490686178207 0.02631661482155323 -0.096122555434703827
v -0.04181009903550148 -0.00549658527597785 -0.049563534557819366
v -0.041770461946725845 -0.0023047670256346464 -0.049073200672864914
v 0.016300445422530174 0.026199793443083763 0.024835176765918732
v -0.031081732362508774 -0.039583228528499603 0.0037473253905773163
v -0.032914869487285614 -0.04001905769109726 -0.0054196082055568695
v -0.040406897664070129 -0.021681610494852066 -0.053407076746225357
v -0.034917842596769333 -0.023850155994296074 -0.093247160315513611
v -0.041329100728034973 -0.016089532524347305 -0.053965535014867783
v -0.04243045300245285 -0.0029154436197131872 -0.055318254977464676
v -0.039075281471014023 -0.030166221782565117 -0.046414129436016083
v -0.039910294115543365 -0.024270962923765182 -0.045640382915735245
v -0.04102078452706337 -0.010670596733689308 -0.092735812067985535
v -0.023741248995065689 -0.043029710650444031 0.014096125029027462
v -0.025723846629261971 -0.044250234961509705 0.0022897270973771811
v -0.028664853423833847 -0.043930105865001678 -0.0083096707239747047
v 0.023126427084207535 -0.044518023729324341 -0.0036897375248372555
v 0.022516500204801559 -0.044566258788108826 0.0027728818822652102
v -0.04207509383559227 -0.0057502388954162598 -0.091869950294494629
v -0.005861224140971899 0.040736254304647446 0.029602015390992165
v -0.013000316917896271 0.037595871835947037 0.027574418112635612
v 0.024847693741321564 -0.044137399643659592 0.004519263282418251
v -0.0091127539053559303 -0.043122682720422745 0.025976616889238358
v -0.018645068630576134 -0.042975682765245438 0.020527094602584839
v -0.021903984248638153 -0.044553022831678391 0.0074276360683143139
v -0.026371750980615616 -0.040231030434370041 0.015171504579484463
v -0.021212851628661156 -0.044240262359380722 0.013166135177016258
v -0.023037366569042206 -0.037488475441932678 0.019960246980190277
v -0.016994083300232887 -0.03594636544585228 0.025235408917069435
v -0.021423855796456337 0.037117421627044678 0.021685793995857239
v -0.02309800498187542 0.038394510746002197 0.019920144230127335
v -0.022328581660985947 0.032312251627445221 0.018682839348912239
v -0.022009143605828285 0.04456670954823494 0.0066410740837454796
v -0.018657281994819641 0.043804939836263657 0.018361540511250496
v -0.030018838122487068 0.037206079810857773 0.0070038065314292908
v -0.027110891416668892 0.032824613153934479 0.0087718069553375244
v -0.029382355511188507 0.039149712771177292 0.0087986057624220848
v 0.027167316526174545 -0.04288046807050705 0.0062199924141168594
v 0.018325019627809525 -0.04457518458366394 0.013212485238909721
v 0.022848827764391899 -0.044552017003297806 -0.00023050984600558877
v 0.025371268391609192 -0.04380253329873085 -0.0066085923463106155
v -0.025419484823942184 -0.044135455042123795 -0.052273709326982498
v -0.017528187483549118 -0.03744836151599884 -0.094291657209396362
v 0.0026590079069137573 -0.043337658047676086 -0.049634069204330444
v -0.033320318907499313 -0.038976464420557022 -0.0088892607018351555
v -0.041561424732208252 -0.0084808822721242905 -0.093094229698181152
v -0.03788616880774498 -0.032914560288190842 -0.050986975431442261
v -0.031600173562765121 -0.041877653449773788 -0.046501729637384415
v -0.031418774276971817 -0.041431203484535217 -0.049135018140077591
v -0.03830646350979805 -0.03348981961607933 -0.045888159424066544
v -0.022535160183906555 -0.035612702369689941 -0.093262702226638794
v -0.020251907408237457 -0.036869000643491745 -0.092202119529247284
v -0.032736286520957947 -0.039695180952548981 -0.048074081540107727
v -0.028618153184652328 -0.029544172808527946 0.0041317036375403404
v -0.02672884427011013 -0.044489234685897827 -0.014540703967213631
v -0.028554687276482582 -0.044038411229848862 -0.011627970263361931
v -0.023225687444210052 -0.044596388936042786 -0.0022429293021559715
v -0.029938371852040291 -0.04043642058968544 0.0065366588532924652
v -0.028137711808085442 -0.039084646850824356 0.011872513219714165
v -0.030061295256018639 -0.042102593928575516 0.0011932263150811195
v -0.028204932808876038 -0.041397742927074432 0.0091214487329125404
v -0.016882438212633133 -0.034274820238351822 -0.096216313540935516
v 0.023135751485824585 -0.040420211851596832 0.019576165825128555
v 0.01797758974134922 -0.041371777653694153 0.023488223552703857
v 0.013100939802825451 0.038205809891223907 0.027548778802156448
v 0.01188565231859684 0.032513141632080078 0.027267055585980415
v -0.036712508648633957 0.020449670031666756 -0.094377316534519196
v -0.031080123037099838 0.041560471057891846 -0.00086622743401676416
v -0.029851488769054413 0.041864257305860519 0.0026710357051342726
v -0.039211541414260864 0.015250897035002708 -0.094423003494739532
v -0.038926593959331512 0.030669273808598518 -0.047221191227436066
v -0.039409846067428589 0.027932051569223404 -0.045667782425880432
v -0.042001187801361084 0.0076087098568677902 -0.051634818315505981
v -0.040914248675107956 0.017482217401266098 -0.048410557210445404
v -0.038151353597640991 0.03383352980017662 -0.046983711421489716
v -0.041815284639596939 0.0074497335590422153 -0.092841595411300659
v -0.037303246557712555 0.035231161862611771 -0.049390144646167755
v -0.041548486799001694 0.010995897464454174 -0.049428518861532211
v -0.041020527482032776 0.013993624597787857 -0.047226082533597946
v -0.042037792503833771 0.00018048507627099752 -0.050441838800907135
v -0.042431294918060303 0.0026428895071148872 -0.055691268295049667
v -0.042393717914819717 7.8183024015743285e-05 -0.053766053169965744
v -0.023887630552053452 0.044582493603229523 -0.047349821776151657
v -0.028881244361400604 0.043934520334005356 -0.039571937173604965
v -0.03087969496846199 0.04286237433552742 -0.042554315179586411
v -0.028954571112990379 0.043752990663051605 -0.045327037572860718
v -0.028833059594035149 0.043946392834186554 -0.011442526243627071
v -0.029202783480286598 0.043810494244098663 -0.01501544751226902
v -0.028827939182519913 0.043329175561666489 -0.00094999809516593814
v -0.032725606113672256 0.040613617748022079 -0.0066331708803772926
v -0.013166877441108227 0.043203670531511307 0.024026142433285713
v -0.036203596740961075 0.037167385220527649 -0.044324364513158798
v -0.037840239703655243 0.0352824367582798 -0.044311061501502991
v -0.032595202326774597 0.04057886078953743 -0.047636546194553375
v -0.03564898669719696 0.037050582468509674 -0.048593360930681229
v -0.031213667243719101 0.042350888252258301 -0.045853529125452042
v -0.035850729793310165 0.037528380751609802 -0.021456286311149597
v -0.036852758377790451 0.03673713281750679 -0.04146290197968483
v -0.033210918307304382 0.040763355791568756 -0.041162040084600449
v 0.028006814420223236 0.042107976973056793 0.0070961872115731239
v 0.027392322197556496 0.043039519339799881 0.0038415987510234118
v 0.028552394360303879 0.042346883565187454 -0.0011004828847944736
v 0.02227129228413105 0.044580418616533279 -0.003252668771892786
v -0.024497700855135918 0.044176530092954636 -0.053766801953315735
v 0.022137755528092384 0.044529270380735397 -0.0072194598615169525
v -0.021294534206390381 0.044584412127733231 -0.052553072571754456
v 0.017588900402188301 0.044597752392292023 -0.012670807540416718
v -0.027868622913956642 0.044040199369192123 -0.0042693978175520897
v -0.025784943252801895 0.044423822313547134 -0.0013718287227675319
v 0.0024213546421378851 0.043448444455862045 -0.049554292112588882
v 0.00022080748749431223 0.04419277235865593 -0.049967233091592789
v 0.02643948420882225 0.043217085301876068 -0.0070384074933826923
v 0.024939941242337227 0.028885353356599808 0.016005970537662506
v 0.023371798917651176 -0.030707389116287231 -0.093609273433685303
v 0.024761466309428215 -0.028656607493758202 -0.094239115715026855
v 0.026069063693284988 -0.043844573199748993 -0.0014610617654398084
v 0.029406709596514702 -0.019138367846608162 -0.092070110142230988
v 0.031281955540180206 -0.011680031195282936 -0.093353763222694397
v 0.030803313478827477 -0.014028342440724373 -0.092834621667861938
v 0.024075780063867569 -0.026030002161860466 -0.096046961843967438
v 0.017695121467113495 -0.035617142915725708 -0.094553239643573761
v 0.018563628196716309 0.027252543717622757 -0.096497200429439545
v 0.01596795953810215 0.03603724017739296 -0.095374055206775665
v 0.025909610092639923 0.040547356009483337 0.015668544918298721
v 0.0046842354349792004 0.031436268240213394 0.029331419616937637
v 0.023167585954070091 0.04323708638548851 0.014504074119031429
v 0.024381550028920174 0.040028724819421768 0.01830645278096199
v 0.021928997710347176 0.041461486369371414 0.019672498106956482
v 0.016856791451573372 0.042660444974899292 0.022602314129471779
v 0.012509102001786232 0.044574644416570663 0.018461491912603378
v 0.0011647080536931753 0.038311120122671127 0.030459718778729439
v -0.00097586592892184854 0.042566824704408646 0.028290539979934692
v -0.0012042321031913161 0.043934226036071777 0.025786843150854111
v 0.029185723513364792 0.019625520333647728 -0.092831365764141083
v 0.027855131775140762 0.021245639771223068 -0.095122098922729492
v 0.027070401236414909 0.024378752335906029 -0.09372527152299881
v 0.024929100647568703 0.019320737570524216 -0.096457071602344513
v 0.029225761070847511 0.0001468229602323845 -0.096351064741611481
v 0.025834443047642708 0.015670044347643852 -0.096461772918701172
v 0.032442826777696609 -0.0013582685496658087 -0.053414564579725266
v 0.031400371342897415 0.0024021409917622805 -0.095424681901931763
v -0.024351827800273895 0.034514125436544418 -0.093248255550861359
v -0.021620236337184906 0.036318901926279068 -0.091396495699882507
v -0.037431169301271439 0.012937978841364384 -0.096201002597808838
v -0.036106657236814499 -0.025724995881319046 -0.020400667563080788
v -0.03710436075925827 0.027127178385853767 -0.023917771875858307
v -0.038445286452770233 -0.016797678545117378 -0.094535484910011292
v -0.040416132658720016 -0.021978840231895447 -0.048001255840063095
v -0.041464302688837051 -0.013604456558823586 -0.050356168299913406
v -0.01866171695291996 -0.044506687670946121 0.01421914529055357
v -0.032629400491714478 -0.041265610605478287 -0.011492256075143814
v -0.037263236939907074 -0.014084630645811558 -0.096253432333469391
v -0.012843138538300991 0.040924552828073502 0.027127310633659363
v -0.018747782334685326 0.041187960654497147 0.023182949051260948
v -0.0057516749948263168 -0.044566433876752853 0.021723287180066109
v 0.005886404775083065 -0.044424597173929214 0.023349126800894737
v 0.012495485134422779 -0.044287007302045822 0.021297348663210869
v -0.0063725090585649014 -0.042309526354074478 0.027887649834156036
v -0.014510507695376873 -0.037779349833726883 0.026790017262101173
v -0.015875013545155525 -0.042760405689477921 0.023064762353897095
v -0.030380094423890114 0.0019347438355907798 -0.013876419514417648
v -0.024649770930409431 -0.038960818201303482 0.017964448779821396
v -0.021367317065596581 -0.039114732295274734 0.021790813654661179
v -0.015151483006775379 0.044022534042596817 0.020695991814136505
v -0.023842841386795044 0.04456622526049614 0.0012681123334914446
v -0.030764229595661163 0.042380806058645248 -0.0038116918876767159
v -0.028296219184994698 0.042375553399324417 0.0059954519383609295
v -0.025024326518177986 0.041168611496686935 0.016047419980168343
v -0.028365468606352806 0.039255931973457336 0.011296737007796764
v -0.026944553479552269 0.038734734058380127 0.01431978028267622
v 0.028322391211986542 -0.039957623928785324 0.011210398748517036
v 0.024444663897156715 -0.044027417898178101 0.007438240572810173
v 0.023168424144387245 -0.043496832251548767 0.013583648018538952
v 0.021172020584344864 -0.042346786707639694 0.019267434254288673
v 0.01972280815243721 -0.044594936072826385 -0.0098547684028744698
v 0.02041289210319519 -0.044501278549432755 0.011405074968934059
v 0.01682618074119091 -0.044266466051340103 0.018196001648902893
v 0.019658841192722321 -0.043746549636125565 0.017532572150230408
v -0.0068517588078975677 -0.013033349998295307 -0.096500001847743988
v 0.021669784560799599 -0.044568169862031937 -0.0069852257147431374
v -0.021687958389520645 -0.044417090713977814 -0.055979147553443909
v 0.017604531720280647 -0.044595040380954742 -0.012535645626485348
v -0.037399519234895706 -0.019601689651608467 -0.093702644109725952
v -0.026995936408638954 -0.032203979790210724 -0.094512566924095154
v -0.033219937235116959 -0.040699757635593414 -0.015008292160928249
v -0.035547312349081039 -0.036269951611757278 -0.052533615380525589
v -0.031994305551052094 -0.041942160576581955 -0.04321616142988205
v -0.029169453307986259 -0.043685663491487503 -0.044813994318246841
v -0.029972948133945465 -0.043444421142339706 -0.04072193056344986
v -0.027730884030461311 -0.042811322957277298 0.0060725822113454342
v 0.022714786231517792 -0.042574498802423477 0.016866529360413551
v 0.016900084912776947 -0.035154514014720917 0.025355860590934753
v 0.015149480663239956 -0.036697704344987869 0.026441231369972229
v -0.042430568486452103 0.0012031459482386708 -0.085504934191703796
v -0.040278341621160507 0.012249666266143322 -0.094411253929138184
v -0.032350260764360428 0.041491363197565079 -0.010872302576899529
v -0.039929375052452087 0.024963075295090675 -0.046685539186000824
v -0.040191199630498886 0.023692144080996513 -0.050061944872140884
v -0.04098394513130188 0.0093268360942602158 -0.094613291323184967
v -0.03007802739739418 0.043201189488172531 -0.0074218511581420898
v 0.022324051707983017 0.044581159949302673 0.0010705582099035382
v 0.024789838120341301 0.044245708733797073 0.0024036450777202845
v -0.026186998933553696 0.044202361255884171 -0.050259225070476532
v 0.013242365792393684 0.029976915568113327 0.026596222072839737
v -0.02678418904542923 0.032897032797336578 -0.093233920633792877
v -0.035577539354562759 0.036633037030696869 -0.051168899983167648
v -0.033033769577741623 0.040724121034145355 -0.04440699890255928
v -0.029850121587514877 0.042740229517221451 -0.04917173832654953
v -0.027049385011196136 0.044242564588785172 -0.047329604625701904
v 0.027089595794677734 0.043358422815799713 0.0011861351085826755
v 0.02073264867067337 0.043596688657999039 0.016739217564463615
v 0.025155110284686089 0.043569944798946381 0.0090440232306718826
v -0.022427266463637352 0.043331790715456009 -0.05978504940867424
v -0.028104959055781364 0.0441594198346138 -0.042489413172006607
v 0.020430376753211021 0.044592827558517456 -0.0089102378115057945
v 0.012040284462273121 0.044341720640659332 0.021214952692389488
v -0.0017663488397374749 0.044528588652610779 -0.046953152865171432
v 0.011377595365047455 0.038517065346240997 -0.093810446560382843
v 0.01268811896443367 0.036195944994688034 -0.095581375062465668
v 0.027868622913956642 -0.011358301155269146 -0.096395067870616913
v 0.024432549253106117 0.025317652150988579 -0.015824809670448303
v 0.030405716970562935 -0.039507221430540085 0.0018551882822066545
v 0.029262654483318329 -0.041308734565973282 0.0044497116468846798
v 0.031691543757915497 -0.0094826798886060715 -0.092102549970149994
v 0.011833842843770981 -0.036752782762050629 -0.095053397119045258
v 0.023394348099827766 0.04203559085726738 0.017108043655753136
v 0.029778165742754936 0.039039850234985352 0.0062688440084457397
v 0.02566453255712986 0.042446836829185486 0.012341093271970749
v 0.015562162734568119 0.041693363338708878 0.024801626801490784
v 0.014845993369817734 0.044116698205471039 0.020510798320174217
v -0.011364510282874107 0.044461134821176529 0.02096622996032238
v -0.0043183555826544762 0.044109925627708435 0.024930439889431
v 0.028431551530957222 0.018098268657922745 -0.095640406012535095
v 0.020956745371222496 0.033313553780317307 -0.093582205474376678
v 0.022724650800228119 0.022087590768933296 -0.096500307321548462
v 0.030842803418636322 -0.0021523302420973778 -0.095855891704559326
v -0.038402575999498367 0.0091920690611004829 -0.096277996897697449
v -0.031445968896150589 0.022870739921927452 -0.096401602029800415
v -0.033474307507276535 -0.025557732209563255 -0.094503387808799744
v -0.036236446350812912 -0.018876330927014351 -0.095804229378700256
v -0.037024170160293579 -0.034189734607934952 -0.023537997156381607
v -0.041150555014610291 -0.0067407437600195408 -0.095115303993225098
v -0.024503545835614204 -0.04393358901143074 -0.055114835500717163
v -0.026735987514257431 -0.044119302183389664 -7.4526789830997586e-05
v -0.031743831932544708 -0.041987430304288864 -0.0082443775609135628
v -0.020781639963388443 -0.041454244405031204 0.020916912704706192
v -0.019191348925232887 -0.040905065834522247 0.022892680019140244
v -0.038232371211051941 -0.0077534816227853298 -0.096371784806251526
v -0.038070961833000183 -0.011092277243733406 -0.096299871802330017
v -0.040652740746736526 0.006499498151242733 -0.095514379441738129
v -0.040274351835250854 0.0006407576147466898 -0.093803510069847107
v -0.015227833762764931 0.038750723004341125 0.026419932022690773
v 0.00086741213453933597 -0.044582445174455643 0.021847909316420555
v -0.0025994768366217613 -0.044509042054414749 0.022983476519584656
v 0.014522146433591843 -0.042817957699298859 0.023920254781842232
v 0.00072961190016940236 -0.043976910412311554 0.025681342929601669
v -0.0090796705335378647 -0.044402837753295898 0.022284524515271187
v -0.0036550876684486866 -0.038323827087879181 0.030278820544481277
v -0.01188619714230299 -0.039334360510110855 0.027869774028658867
v -0.0065995743498206139 -0.039550919085741043 0.029776325449347496
v 0.029005719348788261 0.0052898414433002472 -0.0013854835415259004
v -0.011440363712608814 -0.041818719357252121 0.026907650753855705
v 0.021537700667977333 -0.044533509761095047 0.0082770530134439468
v -0.022834835574030876 -0.040540214627981186 0.019778003916144371
v -0.023567821830511093 -0.04182068258523941 0.017114274203777313
v -0.027996692806482315 0.041673239320516586 0.0089834658429026604
v -0.03197241947054863 0.039163243025541306 0.00033567112404853106
v -0.026200566440820694 0.041992757469415665 0.012353585101664066
v 0.028006350621581078 -0.036972053349018097 0.012015136890113354
v 0.015903033316135406 -0.043687339872121811 0.021122310310602188
v -0.030445810407400131 -0.04275716096162796 -0.0050295819528400898
v -0.023324804380536079 -0.033363495022058487 -0.095732174813747406
v -0.029654478654265404 -0.043030612170696259 -0.04836263507604599
v -0.027402134612202644 -0.044116716831922531 -0.047604314982891083
v -0.026919227093458176 -0.044442977756261826 -0.041959542781114578
v -0.023020355030894279 -0.044064469635486603 0.010947637259960175
v -0.027522020041942596 -0.043475646525621414 0.0030910340137779713
v 0.019044268876314163 -0.029538087546825409 -0.096426017582416534
v 0.019852656871080399 0.038157593458890915 0.02314533106982708
v -0.033361513167619705 0.040515173226594925 -0.038389246910810471
v 0.02138398215174675 0.044571392238140106 0.007443821057677269
v -0.031985241919755936 0.04007195308804512 -0.050349052995443344
v 0.027342949062585831 0.04303693026304245 -0.0042138984426856041
v 0.022498466074466705 0.044187057763338089 0.011198127642273903
v 0.019254758954048157 0.04459453746676445 0.010210809297859669
v 0.019811837002635002 0.044458460062742233 0.013364405371248722
v 0.01990186795592308 0.044375460594892502 -0.013976974412798882
v 0.026997694745659828 -0.020252669230103493 -0.095923438668251038
v -0.014368676580488682 -0.03672921285033226 -0.096000507473945618
v 0.029340280219912529 -0.040257588028907776 0.0078202430158853531
v 0.0289034154266119 -0.042007319629192352 0.002024233341217041
v 0.027786705642938614 -0.023678278550505638 -0.091926291584968567
v 0.026884391903877258 -0.023556958884000778 -0.095176003873348236
v 0.014403457753360271 -0.035076696425676346 -0.096197947859764099
v 0.016924105584621429 -0.032441176474094391 -0.096346825361251831
v 0.014443020336329937 0.037916280329227448 -0.093667939305305481
v 0.017268326133489609 -0.032877210527658463 0.024191875010728836
v 0.015586101450026035 0.039205107837915421 0.02620566263794899
v 0.026639979332685471 0.037215396761894226 0.014806626364588737
v 0.023174867033958435 0.038124524056911469 0.019835967570543289
v 0.012718466110527515 0.04176773875951767 0.026226628571748734
v 0.013992992229759693 0.043332275003194809 0.023263828828930855
v 0.0067678885534405708 0.043070428073406219 0.02672603540122509
v 0.0094203585758805275 0.041637003421783447 0.02775978110730648
v 0.0041308794170618057 0.042375907301902771 0.028196495026350021
v 0.0039847232401371002 0.039725840091705322 0.029946861788630486
v 0.0064011896029114723 0.037866663187742233 0.029789408668875694
v 0.031429104506969452 0.0082082636654376984 -0.09464649111032486
v 0.029977304860949516 0.0068153687752783298 -0.09614139050245285
v 0.032046519219875336 -0.00011590673966566101 -0.094598770141601562
v -0.01583457924425602 0.036607369780540466 -0.095939204096794128
v -0.039953183382749557 -0.013182579539716244 -0.094241537153720856
v -0.036175351589918137 -0.016445795074105263 -0.096298113465309143
v -0.033853806555271149 -0.020475279539823532 -0.096327215433120728
v -0.026050638407468796 -0.044545631855726242 -0.01068914495408535
v -0.01736297644674778 0.039968650788068771 0.024997914209961891
v 0.0043444316834211349 -0.043655905872583389 0.026181062683463097
v 0.0069671552628278732 -0.044593002647161484 0.020269734784960747
v 0.015488003380596638 -0.040207907557487488 0.026086095720529556
v 0.021699095144867897 0.033444769680500031 0.020434554666280746
v -0.014117175713181496 -0.041146744042634964 0.02628309465944767
v -0.037332512438297272 0.018303642049431801 -0.030273353680968285
v -0.012158842757344246 -0.043262366205453873 0.024422837421298027
v -0.0092977248132228851 -0.040969353169202805 0.028479970991611481
v -0.021050203591585159 -0.042692802846431732 0.018717966973781586
v -0.028849188238382339 0.023801451548933983 0.0021672041621059179
v -0.01579715870320797 -0.04420168325304985 0.019350795075297356
v -0.019349519163370132 -0.037682980298995972 0.023571522906422615
v -0.025756159797310829 0.043611593544483185 0.0072444584220647812
v -0.026079695671796799 0.04451446607708931 -0.044422037899494171
v -0.010709157213568687 -0.039055768400430679 -0.092642106115818024
v -0.035994727164506912 -0.021586086601018906 -0.094762906432151794
v -0.027582116425037384 -0.043704450130462646 -0.050531573593616486
v -0.024806864559650421 -0.044290173798799515 0.004651928786188364
v -0.04210054874420166 0.0041438196785748005 -0.093609079718589783
v -0.039936210960149765 0.014184807427227497 -0.092944718897342682
v -0.041139945387840271 0.010382571257650852 -0.092104002833366394
v -0.030391383916139603 0.029257455840706825 -0.093761913478374481
v -0.024663964286446571 0.044346276670694351 0.0041482239030301571
v -0.026788834482431412 0.043956637382507324 0.0017298324964940548
v 0.014351203106343746 0.030994454398751259 -0.0280955471098423
v -0.011987525038421154 0.038723628968000412 -0.091657482087612152
v 0.029688028618693352 -0.015742164105176926 -0.095007427036762238
v 0.029200738295912743 -0.018538646399974823 -0.094520255923271179
v 0.022433813661336899 -0.02929217740893364 -0.095934227108955383
v 0.017980227246880531 0.040226764976978302 0.024541394785046577
v 0.019776659086346626 0.041225537657737732 0.022179221734404564
v 0.0089134490117430687 0.039056476205587387 0.029164852574467659
v -0.001277137896977365 0.040359925478696823 0.030356265604496002
v 0.004033269826322794 0.0439474917948246 0.025441465899348259
v 0.0014735610457137227 0.043387971818447113 0.026998667046427727
v 0.0065773958340287209 0.044254586100578308 0.023828534409403801
v 0.0012493524700403214 0.044391609728336334 0.024097733199596405
v -0.0030290628783404827 0.043200518935918808 0.027205450460314751
v 0.0094071840867400169 0.043485570698976517 0.025134613737463951
v 0.031268760561943054 0.01078980416059494 -0.09366200864315033
v 0.030767753720283508 0.013829457573592663 -0.093095451593399048
v 0.029306689277291298 0.0094936275854706764 -0.096186310052871704
v 0.022197360172867775 0.027794228866696358 -0.096041768789291382
v 0.024301072582602501 0.025066202506422997 -0.096307724714279175
v 0.030191265046596527 -0.0070393015630543232 -0.095955595374107361
v -0.028176441788673401 0.031319275498390198 -0.094330146908760071
v -0.018149854615330696 0.037688408046960831 -0.092452369630336761
v -0.040528297424316406 -0.0097721954807639122 -0.095127500593662262
v -0.037899691611528397 -0.034121066331863403 -0.048688873648643494
v -0.031974818557500839 -0.027511801570653915 -0.094042122364044189
v -0.030532924458384514 -0.043072190135717392 -0.010711895301938057
v -0.026861652731895447 -0.044310849159955978 -0.004441332072019577
v -0.023733546957373619 -0.04457024484872818 0.0014384378446266055
v 0.022184755653142929 -0.04455263540148735 0.0055469246581196785
v -0.039368599653244019 -0.0048940675333142281 -0.096275605261325836
v -0.041639231145381927 -0.0032951550092548132 -0.094907887279987335
v -0.0099906884133815765 0.043041538447141647 0.025789421051740646
v -0.015184676274657249 0.041289843618869781 0.025544233620166779
v -0.01114301010966301 0.039018075913190842 0.02833457849919796
v -0.01641169935464859 0.042334798723459244 0.023509977385401726
v -0.025956260040402412 0.04301019012928009 0.0098063144832849503
v -0.012803438119590282 -0.044281486421823502 0.021021114662289619
v 0.007259550504386425 -0.038546085357666016 0.029585473239421844
v 0.0092968130484223366 -0.044278498739004135 0.023000389337539673
v -0.0092890504747629166 -0.037692546844482422 0.029024861752986908
v -0.017103079706430435 -0.03964788094162941 0.02526366151869297
v -0.021209113299846649 -0.043674822896718979 0.015856232494115829
v -0.023516062647104263 0.043991714715957642 0.010421368293464184
v -0.020524954423308372 0.04400552436709404 0.015507894568145275
v 0.011896445415914059 -0.04348340630531311 0.024123763665556908
v 0.010306777432560921 -0.04305831715464592 0.025664979591965675
v -0.014148623682558537 -0.03871038556098938 -0.092805765569210052
v -0.029858753085136414 -0.029974428936839104 -0.093394443392753601
v 0.023758692666888237 -0.021991604939103127 -0.096396379172801971
v -0.034847255796194077 0.023262163624167442 -0.094789966940879822
v 0.02085321769118309 0.011277624405920506 -0.029883807525038719
v -0.033937741070985794 0.019903384149074554 -0.096312485635280609
v -0.019660687074065208 0.044003203511238098 -0.058768119663000107
v 0.026331562548875809 -0.026390060782432556 -0.093235090374946594
v 0.016548678278923035 0.036900684237480164 -0.092962227761745453
v 0.0014842901146039367 0.041428521275520325 0.029456276446580887
v 0.011187200434505939 0.039731241762638092 0.028345771133899689
v 0.029957763850688934 0.012366442009806633 -0.095630459487438202
v -0.040194474160671234 0.0034737230744212866 -0.095819093286991119
v -0.0384344682097435 -0.0018664073431864381 -0.096295684576034546
v 0.032492201775312424 0.00050253089284524322 -0.08797115832567215
v -0.023487383499741554 -0.043613985180854797 -0.057761527597904205
v -0.0070605427026748657 0.043496750295162201 0.025906424969434738
v 0.028676347807049751 -0.021230710670351982 -0.093570016324520111
v 0.020116789266467094 0.030593184754252434 -0.096048526465892792
v -0.0076945368200540543 0.044408168643712997 0.02278553694486618
v -0.0026716631837189198 -0.044584378600120544 -0.045060675591230392
v -0.018128395080566406 0.04273630678653717 0.021485321223735809
v -0.022210827097296715 0.042636867612600327 0.017468718811869621
v 0.011173377744853497 -0.036068897694349289 -0.029587116092443466
v -0.0237624142318964 0.040479138493537903 0.018770093098282814
v -0.021166123449802399 0.041061908006668091 0.021031174808740616
v 0.012624029070138931 -0.041852418333292007 0.026265297085046768
v -0.021330563351511955 -0.043915491551160812 -0.059085395187139511
v 0.02914918027818203 0.014961395412683487 -0.095704026520252228
v -0.010233365930616856 0.041060544550418854 0.02811666764318943
v 0.0017597930273041129 -0.038126446306705475 0.03037862665951252
v 0.0067360871471464634 0.04096713662147522 0.029152730479836464
v 0.0023889676667749882 -0.041957821696996689 0.028944158926606178
v -0.021366672590374947 0.044443219900131226 -0.056173276156187057
v -0.023137478157877922 0.043361980468034744 0.014168825000524521
v 0.025875773280858994 -0.029598984867334366 -0.011985582299530506
v 0.004540526308119297 -0.039532389491796494 0.030043169856071472
v 0.0097934408113360405 -0.041039504110813141 0.028228210285305977
v 0.0060888542793691158 -0.041735440492630005 0.0286388099193573
v -0.0011205662740394473 -0.04084368422627449 0.030016932636499405
v -0.0041473349556326866 -0.041119400411844254 0.029456960037350655
v 0.025598388165235519 -0.017230400815606117 -0.048124063760042191
v 0.025125959888100624 0.018322357907891273 -0.048610400408506393
v 0.023506348952651024 0.020273264497518539 -0.048373103141784668
v 0.024158108979463577 -0.019544929265975952 -0.048450615257024765
v 0.023946719244122505 -0.021361883729696274 -0.050475761294364929
v 0.022564925253391266 0.022258149459958076 -0.049280770123004913
v 0.021968437358736992 -0.023667611181735992 -0.050189133733510971
v 0.015092235058546066 0.0008423777180723846 -0.096500001847743988
v 0.021522369235754013 0.024166939780116081 -0.050106849521398544
v 0.019897948950529099 0.025840133428573608 -0.049606349319219589
v 0.020076636224985123 -0.025998419150710106 -0.050066325813531876
v 0.018216747790575027 -0.028156409040093422 -0.049942579120397568
v 0.019583521410822868 0.027593104168772697 -0.051504321396350861
v 0.016467804089188576 -0.030318973585963249 -0.049940954893827438
v 0.017387555912137032 0.029728362336754799 -0.050659868866205215
v 0.015520930290222168 0.032162748277187347 -0.051648639142513275
v 0.012455475516617298 -0.033924464136362076 -0.049745380878448486
v 0.014495753683149815 -0.032378852367401123 -0.049949072301387787
v 0.011668846942484379 0.034805726259946823 -0.050942186266183853
v 0.013832089491188526 -0.029867695644497871 0.02628522552549839
v 0.011482907459139824 0.035600792616605759 -0.053440388292074203
v 0.0094659831374883652 0.036892421543598175 -0.053846307098865509
v 0.010140616446733475 -0.036583065986633301 -0.054219342768192291
v -0.019292363896965981 -0.00059731828514486551 0.022379344329237938
v 0.028826087713241577 -0.030831798911094666 -0.0019366990309208632
v -0.0039947177283465862 -0.00093915621982887387 0.029433967545628548
v 0.015318178571760654 -0.00071134720928966999 0.025496281683444977
v -0.0067207617685198784 -0.00049010693328455091 0.028927570208907127
v 0.0027382492553442717 0.021208750084042549 -0.096500001847743988
v -0.029669122770428658 0.00013244872388895601 -0.0010684077860787511
v 0.021478788927197456 -0.016646141186356544 -0.022936070337891579
v -0.0016897128662094474 0.00043515759170986712 0.029650496318936348
v 0.019947255030274391 0.0034449819941073656 -0.039947018027305603
v -0.016697803512215614 0.00073071749648079276 0.024433575570583344
v -0.021086273714900017 -0.000584770692512393 0.02042018249630928
v 0.0034229571465402842 0.00023746295482851565 0.029551444575190544
v -0.01177520677447319 -0.00011693024134729058 0.02728252112865448
v 0.017642466351389885 -0.00012905974290333688 0.023955825716257095
v 0.020310500636696815 -0.015508532524108887 -0.028659505769610405
v -0.025540731847286224 -0.00050283398013561964 0.012324942275881767
v -0.026489444077014923 -0.00068314693635329604 0.0099418517202138901
v 0.029204428195953369 0.030770143494009972 0.0033577494323253632
v -0.001766886911354959 0.0011550560593605042 -0.096500001847743988
v 0.0022186099085956812 0.0013672813074663281 -0.096500001847743988
v -0.029251266270875931 -0.0033057755790650845 0.00093335227575153112
v 0.029283665120601654 0.0028334667440503836 0.0022689835168421268
v 0.029013372957706451 -0.0026273154653608799 0.0053642052225768566
v 0.028259076178073883 -0.0031687973532825708 0.0088662169873714447
v 0.027268553152680397 -0.0028182077221572399 0.011687560006976128
v 0.025559235364198685 0.0032115965150296688 0.015093919821083546
v 0.02091900072991848 -0.0028981496579945087 0.021138573065400124
v 0.013542128726840019 0.0089310267940163612 -0.096500001847743988
v 0.018782734870910645 -0.0033258793409913778 0.023081595078110695
v 0.016383595764636993 -0.0032923370599746704 0.024804988875985146
v 0.013817091472446918 -0.0030549054499715567 0.026315122842788696
v 0.012651735916733742 0.0036323424428701401 0.026925859972834587
v 0.010745934210717678 -0.0023736469447612762 0.027725491672754288
v 0.0078864702954888344 -0.0032340525649487972 0.028687981888651848
v 0.0057267448864877224 -0.0017115258378908038 0.029195420444011688
v 0.00090875022578984499 -0.0015305212000384927 0.029703855514526367
v -0.023399356752634048 -0.030516752973198891 0.016755500808358192
v -0.0044238469563424587 0.0024118553847074509 0.029370417818427086
v -0.0071338540874421597 0.0028400023002177477 0.028830831870436668
v -0.0094500547274947166 -0.002001059940084815 0.028147554025053978
v 0.0213179811835289 0.030594561249017715 0.020703526213765144
v -0.01615111343562603 0.0049006128683686256 0.024807052686810493
v -0.017194276675581932 -0.0030165552161633968 0.024072986096143723
v -0.020836630836129189 0.0021226566750556231 0.020696209743618965
v -0.022131530568003654 -0.0022190001327544451 0.018945673480629921
v -0.018842725083231926 0.0034030212555080652 0.022737480700016022
v -0.0015658471966162324 -0.016325540840625763 -0.096500001847743988
v -0.011652961373329163 0.0033684663940221071 0.027306705713272095
v 0.0033826010767370462 -0.0029147255700081587 0.02955949492752552
v -0.023304808884859085 0.0026923143304884434 0.016976723447442055
v -0.025948069989681244 0.0020797955803573132 0.011306674219667912
v 0.0045562856830656528 -0.0019230443285778165 -0.096500001847743988
v -0.027168558910489082 0.0026890661101788282 0.0082515841349959373
v -0.028370710089802742 0.0017720336327329278 0.0044090333394706249
v -0.024649409577250481 -0.0022010693792253733 0.014318453148007393
v -0.026889618486166 -0.003918113186955452 0.0089769549667835236
v -0.015726575627923012 0.044599998742341995 -0.020291538909077644
v 0.0014021339593455195 -0.0042433859780430794 -0.096500001847743988
v 0.0046190931461751461 -0.0054407129064202309 -0.096500001847743988
v -0.016344731673598289 0.0016931548016145825 -0.096500001847743988
v -0.030433453619480133 0.008147181011736393 -0.011851808056235313
v -0.030249422416090965 0.03134840726852417 -0.0022875799331814051
v -0.017218036577105522 0.044599998742341995 -0.016585096716880798
v 0.0048459409736096859 -0.008158351294696331 -0.096500001847743988
v 0.02852952852845192 0.000112987618194893 0.0079163862392306328
v 0.029268845915794373 0.00080909539246931672 0.00097951292991638184
v 0.013134434819221497 0.00027328377473168075 0.026690488681197166
v 0.027804510667920113 -0.00060874404152855277 0.010302719660103321
v 0.019694102928042412 -0.00086296966765075922 0.022343376651406288
v -0.014077098108828068 0.0019315270474180579 0.026111448183655739
v 0.0082267867401242256 -0.0001329729420831427 0.028594177216291428
v -0.026045322418212891 0.027226405218243599 0.011306143365800381
v 0.025427736341953278 9.9366516224108636e-05 0.015317578800022602
v 0.010613833554089069 0.0015102429315447807 0.027785461395978928
v -0.028999803587794304 -0.00025777643895708025 0.0019536421168595552
v -0.0053041363134980202 0.044599998742341995 -0.015537367202341557
v 0.0067876763641834259 -0.010274151340126991 -0.096500001847743988
v 0.022301528602838516 0.018404511734843254 -0.021073345094919205
v 0.022058816626667976 -0.018530098721385002 -0.0210570078343153
v -0.019667256623506546 -0.0045120092108845711 -0.096500001847743988
v -0.019629880785942078 0.044599998742341995 -0.013585819862782955
v 0.022220183163881302 0.02190777100622654 -0.021330852061510086
v 0.021868277341127396 -0.021885506808757782 -0.021486802026629448
v 0.0078588956966996193 -0.013913232833147049 -0.096500001847743988
v 0.022395448759198189 0.015198732726275921 -0.02087613008916378
v 0.022182544693350792 -0.015350842848420143 -0.020788939669728279
v -0.022588187828660011 -0.0071830754168331623 -0.096500001847743988
v -0.031177438795566559 0.028724072501063347 -0.012646044604480267
v 0.0086441440507769585 -0.019370991736650467 -0.096500001847743988
v -0.036386869847774506 0.00071252294583246112 -0.021481463685631752
v -0.025012707337737083 -0.0095652611926198006 -0.096500001847743988
v -0.036525055766105652 -0.00077026995131745934 -0.02427547425031662
v -0.022248048335313797 -0.044599998742341995 -0.028489479795098305
v 0.021744268015027046 -0.0001238834229297936 -0.022104417905211449
v -0.027532448992133141 -0.011992965824902058 -0.096500001847743988
v -0.038851369172334671 0.018465856090188026 -0.068773716688156128
v -0.037576530128717422 0.021069867536425591 -0.070089660584926605
v -0.036893807351589203 -0.022189132869243622 -0.070712447166442871
v 0.030817324295639992 -0.011344661004841328 -0.069954268634319305
v 0.030737288296222687 0.01147625595331192 -0.069098614156246185
v 0.022225553169846535 0.031969789415597916 -0.020978016778826714
v 0.02280900627374649 -0.032785054296255112 -0.019353576004505157
v 0.030059242621064186 -0.013921947218477726 -0.070077903568744659
v 0.030127858743071556 0.013628066517412663 -0.06971992552280426
v -0.013041254132986069 -0.044599998742341995 -0.024414947256445885
v -0.038382507860660553 -0.018947586417198181 -0.070764757692813873
v 0.029069570824503899 -0.016734717413783073 -0.07013305276632309
v -0.036046218127012253 0.023745039477944374 -0.071061655879020691
v 0.029245965182781219 0.016271444037556648 -0.070223703980445862
v -0.0041992678306996822 -0.039099998772144318 -0.074064552783966064
v -0.0041002081707119942 0.039099998772144318 -0.074039220809936523
v -0.039679776877164841 0.015820123255252838 -0.070318236947059631
v -0.039689455181360245 -0.015902575105428696 -0.069869779050350189
v 0.028295256197452545 0.018950661644339561 -0.070748209953308105
v 0.021355975419282913 -0.034294437617063522 -0.021754177287220955
v 0.027757462114095688 -0.019970392808318138 -0.069937802851200104
v 0.026336805894970894 0.023812457919120789 -0.071478717029094696
v 0.027272522449493408 0.021574258804321289 -0.071271918714046478
v 0.026344398036599159 -0.02354426309466362 -0.071020759642124176
v -0.0003876051923725754 -0.044599998742341995 0.00041732183308340609
v -0.035126030445098877 -0.025222776457667351 -0.071460045874118805
v 0.0070703611709177494 -0.022797213867306709 -0.096500001847743988
v 0.021994449198246002 0.035678334534168243 -0.021081618964672089
v -0.0010013121645897627 -0.044599998742341995 -0.0019899203907698393
v -0.0012161761987954378 -0.044599998742341995 0.0027063642628490925
v 0.024895412847399712 -0.02666984498500824 -0.070895515382289886
v 0.0074013606645166874 0.039098236709833145 -0.070030733942985535
v 0.007535167969763279 -0.039092797785997391 -0.070257939398288727
v -0.034409124404191971 0.026209671050310135 -0.071857787668704987
v -0.027034197002649307 0.035306442528963089 -0.071174435317516327
v -0.001553030451759696 -0.044599998742341995 0.0056282016448676586
v -0.028676357120275497 -0.014753848314285278 -0.096500001847743988
v -0.025224175304174423 -0.036607339978218079 -0.070509143173694611
v -0.0017404365353286266 -0.044599998742341995 -0.0050446991808712482
v -0.029135946184396744 0.033387113362550735 -0.071557387709617615
v -0.027717487886548042 -0.034619826823472977 -0.071783453226089478
v 0.024213550612330437 0.028205148875713348 -0.071917109191417694
v 0.0232109185308218 -0.029476666823029518 -0.071223869919776917
v 0.019384924322366714 -0.033676322549581528 -0.023551434278488159
v 0.022810453549027443 0.030331030488014221 -0.07270793616771698
v 0.014715350233018398 -0.027582759037613869 -0.030859773978590965
v 0.021227532997727394 0.032074097543954849 -0.072321482002735138
v 0.020890999585390091 -0.032287865877151489 -0.071231082081794739
v 0.019856689497828484 0.037369921803474426 -0.023117516189813614
v -0.033354371786117554 -0.028289267793297768 -0.071004658937454224
v 0.01851600781083107 0.019248558208346367 -0.096500001847743988
v 0.017639137804508209 0.039333425462245941 -0.024765901267528534
v 0.016770698130130768 0.036070603877305984 -0.071897275745868683
v 0.0019578768406063318 -0.0015792686026543379 -0.096500001847743988
v 0.014906195923686028 -0.037284616380929947 -0.072344370186328888
v 0.017157986760139465 -0.035719320178031921 -0.071378551423549652
v 0.0014717833837494254 0.044599998742341995 0.0024491348303854465
v -0.031521700322628021 -0.030917473137378693 -0.070558317005634308
v -0.0024771573953330517 -0.044599998742341995 -0.0084546096622943878
v 0.018882233649492264 -0.034396067261695862 -0.072104856371879578
v -0.025097792968153954 0.036574751138687134 -0.070922479033470154
v -0.032746288925409317 0.02862374484539032 -0.072125427424907684
v 0.019233312457799911 0.034097172319889069 -0.07215050607919693
v -0.040342770516872406 0.013607671484351158 -0.071297049522399902
v 0.014604377560317516 0.037483412772417068 -0.072805494070053101
v -0.0043844860047101974 -0.044599998742341995 0.007320093922317028
v 0.032460063695907593 -0.0016358629800379276 -0.071206606924533844
v -0.031016997992992401 0.031075973063707352 -0.071869224309921265
v -0.040234774351119995 -0.013700967654585838 -0.072761043906211853
v -0.038129646331071854 -0.01466144435107708 -0.035930626094341278
v 0.014972529374063015 0.040900155901908875 -0.026164788752794266
v 0.015045855194330215 -0.040372651070356369 -0.026387510821223259
v -0.038431379944086075 -0.020424876362085342 -0.036874566227197647
v -0.038468115031719208 0.01498576533049345 -0.037465315312147141
v 0.0070028672926127911 -0.026043741032481194 -0.096500001847743988
v -0.029633581638336182 -0.032116543501615524 -0.073402062058448792
v -0.023766651749610901 -0.03676149994134903 -0.073166802525520325
v 0.0091824140399694443 -0.042208228260278702 -0.029151458293199539
v 0.0079883746802806854 0.042663920670747757 -0.029658183455467224
v 0.0038158958777785301 0.044599998742341995 0.0050070378929376602
v 0.012528182007372379 0.038417413830757141 -0.072269216179847717
v -0.02833189070224762 -0.017826158553361893 -0.096500001847743988
v 0.012037160806357861 -0.038608569651842117 -0.072058826684951782
v -0.023965232074260712 -0.044601339846849442 -0.023759979754686356
v -0.022899674251675606 0.037354633212089539 -0.07226087898015976
v -0.038274310529232025 0.019976001232862473 -0.03620355948805809
v -0.020062321797013283 -0.038258429616689682 -0.072879232466220856
v -0.04098803922533989 -0.011152711696922779 -0.07154497504234314
v -0.037851400673389435 0.015043174847960472 -0.034635897725820541
v 0.010890591889619827 0.039761830121278763 -0.029862632974982262
v 0.015369796194136143 -0.027553705498576164 0.025441849604249001
v 0.0075012636370956898 -0.043608542531728745 -0.027785724028944969
v 0.016960944980382919 -0.0012972343247383833 -0.096500001847743988
v -0.041562691330909729 -0.0087676560506224632 -0.071989893913269043
v 0.020043512806296349 -0.00061867648037150502 -0.039985410869121552
v -0.038302015513181686 -0.017569858580827713 -0.036295365542173386
v -0.041785560548305511 0.007599883247166872 -0.072078011929988861
v 0.029263533651828766 0.020613072440028191 0.0026677276473492384
v -0.029741976410150528 0.020649738609790802 -0.0016189601738005877
v -0.029897678643465042 -0.018327279016375542 -0.0026061919052153826
v -0.030330000445246696 -0.0076162000186741352 -0.017946861684322357
v 0.017144553363323212 -0.01817910373210907 0.024313710629940033
v 0.020415728911757469 -0.019364671781659126 0.021639706566929817
v 0.0052424012683331966 -0.02826404757797718 -0.096500001847743988
v -0.019745441153645515 0.038383536040782928 -0.072251439094543457
v -0.0076512182131409645 -0.044599998742341995 0.0093874623998999596
v 0.022907206788659096 -0.026932355016469955 -0.019113475456833839
v -0.028153704479336739 0.019535204395651817 0.0051824138499796391
v 0.020498769357800484 -0.0045764120295643806 -0.030147301033139229
v -0.038074590265750885 0.017561731860041618 -0.035393901169300079
v -0.037951003760099411 0.012206303887069225 -0.035552322864532471
v -0.037510443478822708 -0.013533466495573521 -0.033040307462215424
v 0.0047418796457350254 0.044599998742341995 0.010193239897489548
v -0.038184501230716705 0.022527329623699188 -0.035640418529510498
v -0.041938509792089462 -0.0064779059030115604 -0.072621047496795654
v 0.0056440168991684914 0.02169627882540226 -0.096500001847743988
v -0.0073222648352384567 -0.016412857919931412 -0.096500001847743988
v -0.017402529716491699 -0.038749579340219498 -0.07337120920419693
v 0.010893718339502811 0.017480878159403801 -0.096500001847743988
v -0.0057726022787392139 0.019387818872928619 -0.096500001847743988
v -0.042106259614229202 -0.0054190573282539845 -0.075080119073390961
v -0.015234998427331448 -0.038948569446802139 -0.075338646769523621
v -0.014566525816917419 0.039081111550331116 -0.074252374470233917
v -0.029159260913729668 0.014775640331208706 0.00099782098550349474
v -0.029416151344776154 -0.020210033282637596 0.00013535629841499031
v 0.029164593666791916 -0.015348656103014946 0.0037538290489464998
v 0.028717538341879845 0.016429975628852844 0.0070579494349658489
v 0.028035391122102737 0.016181636601686478 0.0095831844955682755
v 0.027148043736815453 0.015764929354190826 0.011909429915249348
v 0.025939648970961571 0.019781989976763725 0.014375003986060619
v 0.025444228202104568 -0.015328334644436836 0.015270995907485485
v 0.021745309233665466 -0.020982285961508751 0.020305546000599861
v 0.021754661574959755 0.013687498867511749 0.020244425162672997
v 0.020405223593115807 0.015087912790477276 0.021686842665076256
v 0.01867632195353508 0.014810088090598583 0.023200148716568947
v 0.016439877450466156 0.014676637016236782 0.024774126708507538
v 0.014398716390132904 0.014760496094822884 0.026007961481809616
v 0.015843475237488747 -0.020789030939340591 0.025161178782582283
v 0.004496496170759201 0.014777850359678268 0.029402250424027443
v 0.0028880219906568527 -0.021009525284171104 0.029597224667668343
v 0.00089991645654663444 0.016022097319364548 0.029699200764298439
v -0.0025458233430981636 -0.014991695992648602 0.02957770973443985
v -0.0035332930274307728 0.021959330886602402 0.029476508498191833
v -0.0066344253718852997 0.022046232596039772 0.028952945023775101
v -0.0061215427704155445 -0.015161278657615185 0.029051339253783226
v -0.0084329182282090187 0.015282793901860714 0.028465239331126213
v -0.012293991632759571 0.02202887274324894 0.027090927585959435
v -0.013516673818230629 -0.015430022962391376 0.02635616809129715
v -0.016244815662503242 -0.013357975520193577 0.024699496105313301
v -0.0173138827085495 0.012693341821432114 0.023985825479030609
v -0.020535122603178024 0.022847596555948257 0.021006304770708084
v -0.023558935150504112 0.021315183490514755 0.01652681827545166
v -0.022458445280790329 0.014301338233053684 0.018438477069139481
v -0.023159334436058998 -0.023486047983169556 0.017223693430423737
v -0.0095600942149758339 0.022073548287153244 0.028125928714871407
v 0.00016532544395886362 -0.021329279989004135 0.029682375490665436
v -0.030554996803402901 0.016563352197408676 -0.0126311294734478
v 0.0076554003171622753 0.015315305441617966 0.02877277135848999
v 0.012336611747741699 -0.016343416646122932 0.027034319937229156
v 0.0046328804455697536 0.026037771254777908 0.029366631060838699
v -0.023880783468484879 -0.014215613715350628 0.015814198181033134
v 0.024285957217216492 -0.023391487076878548 0.017054155468940735
v 0.026468172669410706 0.013663129881024361 0.01340533047914505
v -0.038060553371906281 -0.025090860202908516 -0.034910097718238831
v -0.014991765841841698 0.038871347904205322 -0.078037753701210022
v -0.01761719211935997 0.038572095334529877 -0.075103722512722015
v -0.038468439131975174 -0.023287542164325714 -0.037353023886680603
v -0.028057165443897247 -0.015297027304768562 0.0055553065612912178
v -0.025424132123589516 -0.01605437695980072 0.012558544985949993
v -0.024248313158750534 -0.021164987236261368 0.015068222768604755
v -0.028315035626292229 0.023096155375242233 0.0044528092257678509
v -0.042109541594982147 0.0054205702617764473 -0.074995115399360657
v 0.013656960800290108 0.015935495495796204 -0.096500001847743988
v -0.013480493798851967 0.044599998742341995 -0.00086495053255930543
v 0.016579387709498405 0.014561746269464493 -0.096499919891357422
v 0.0034854754339903593 0.044599998742341995 0.012944772839546204
v -0.011955852620303631 0.019512461498379707 -0.096500001847743988
v -0.012887637130916119 -0.015143229626119137 -0.096500001847743988
v 0.0027859706897288561 -0.030947702005505562 -0.096500001847743988
v -0.042401418089866638 -0.0016885085497051477 -0.075875110924243927
v -0.031603574752807617 -0.0093273436650633812 -0.019999999552965164
v -0.030346209183335304 0.025742243975400925 -0.0041630854830145836
v -0.038103312253952026 0.025008760392665863 -0.035318117588758469
v 0.0021576129365712404 0.044599998742341995 0.015840427950024605
v -0.026667211204767227 -0.020953420549631119 -0.096500001847743988
v -0.03034210205078125 -0.013361028395593166 -0.013606388121843338
v 0.019316896796226501 0.0078713493421673775 -0.096500001847743988
v -0.019740581512451172 0.044599998742341995 -0.033654134720563889
v -0.015995459631085396 0.044599998742341995 0.00029697598074562848
v 0.0031545415986329317 -0.044599998742341995 -0.01770978607237339
v -0.011674690060317516 -0.044599998742341995 0.0095461364835500717
v -0.029363445937633514 0.017732225358486176 6.8221270339563489e-05
v -0.010592050850391388 -0.017968647181987762 0.027706332504749298
v 0.0060875560157001019 0.017967959865927696 0.029135532677173615
v 0.021622227504849434 0.016928663477301598 0.020371051505208015
v 0.029104525223374367 0.014837860129773617 0.0047060279175639153
v 0.029244843870401382 -0.017970168963074684 0.001568241510540247
v -0.030542947351932526 0.0087955677881836891 -0.017023161053657532
v -0.020042840391397476 -0.01592688262462616 0.021544152870774269
v -0.024134863168001175 -0.017936989665031433 0.015304182656109333
v -0.02274092473089695 0.016557775437831879 0.018003430217504501
v -0.026965050026774406 -0.016385098919272423 0.0088253766298294067
v 0.025168213993310928 -0.01792086660861969 0.015734845772385597
v 0.00966630969196558 0.036705575883388519 -0.032335586845874786
v 0.0099981976673007011 -0.036589149385690689 -0.031925138086080551
v -0.028698327019810677 0.017097575590014458 0.0029200357384979725
v -0.027842381969094276 -0.018217984586954117 0.0063356300815939903
v -0.038250666111707687 0.027185678482055664 -0.036324579268693924
v 0.021618479862809181 0.0055377772077918053 -0.0964999720454216
v -0.018417967483401299 0.044599998742341995 0.0015160359907895327
v -0.042253829538822174 0.0039772512391209602 -0.077325709164142609
v -0.015896633267402649 -0.015526647679507732 -0.096500001847743988
v -0.022080438211560249 0.013754099607467651 -0.096500001847743988
v -0.022241814061999321 0.044599998742341995 -0.031289014965295792
v 0.03247746080160141 0.00082486768951639533 -0.070040673017501831
v -0.0094184735789895058 0.044599998742341995 0.0025353129021823406
v -0.0049133691936731339 0.044599998742341995 -0.030200107023119926
v 0.02293560653924942 0.029215889051556587 -0.019587084650993347
v 0.026118924841284752 -0.032691497355699539 -0.01121218316257
v -0.024437610059976578 0.011520907282829285 -0.096500001847743988
v -0.023548513650894165 0.044599998742341995 -0.028557697311043739
v 0.0011233862023800611 -0.033973898738622665 -0.096496567130088806
v -0.019639771431684494 0.015266226604580879 -0.096500001847743988
v 0.022276539355516434 0.0093475710600614548 -0.044210150837898254
v -0.0080953426659107208 0.044599998742341995 -0.034615393728017807
v 0.026595883071422577 0.03324030339717865 -0.010182163678109646
v 0.021041825413703918 -0.01063154824078083 -0.043885901570320129
v -0.0042823329567909241 -0.022010287269949913 -0.096500001847743988
v 0.02010142058134079 -0.00033872437779791653 -0.096500001847743988
v -0.017719542607665062 -0.018148075789213181 -0.096500001847743988
v 0.026345189660787582 0.024181846529245377 -0.010752133093774319
v 0.022302685305476189 0.0061479238793253899 -0.04381372407078743
v 0.026695854961872101 -0.0081000803038477898 -0.0096315545961260796
v 0.026741405948996544 0.0080680176615715027 -0.0095467502251267433
v 0.026414459571242332 -0.023886324837803841 -0.010373531840741634
v 0.022435491904616356 -0.0072093624621629715 -0.044031422585248947
v 0.02383856289088726 0.02798130176961422 -0.068930700421333313
v -0.027149468660354614 0.018525648862123489 0.0083040036261081696
v -0.038018785417079926 -0.027905819937586784 -0.035072598606348038
v -0.019637849181890488 0.044599998742341995 0.0039888005703687668
v 0.021737514063715935 -0.0031338445842266083 -0.09649994969367981
v 0.028367552906274796 -0.018755156546831131 0.0085302917286753654
v 0.026271648705005646 -0.018848510459065437 0.013796279206871986
v 0.024796122685074806 0.017938204109668732 0.016248926520347595
v 0.023113511502742767 0.019196223467588425 0.018568543717265129
v 0.01113902498036623 0.018919972702860832 0.02758697047829628
v 0.007049554493278265 -0.019447807222604752 0.028878329321742058
v 0.0044001936912536621 -0.017857855185866356 0.029405552893877029
v 0.0013984452234581113 -0.018315384164452553 0.0296651441603899
v -0.0082303769886493683 0.019251180812716484 0.028529023751616478
v -0.011046374216675758 0.018600838258862495 0.027605623006820679
v -0.01359470933675766 0.019567487761378288 0.02640899270772934
v -0.01594846323132515 0.018287954851984978 0.024947082623839378
v -0.018387708812952042 -0.01901756227016449 0.023046480491757393
v -0.023611763492226601 0.018135437741875648 0.016437411308288574
v -0.026765661314129829 0.0088355774059891701 -0.096500001847743988
v -0.0198216512799263 0.018401823937892914 0.021797839552164078
v 0.016185848042368889 -0.0037463423795998096 -0.096500001847743988
v -0.0017580174608156085 0.018913755193352699 0.029630526900291443
v 0.013667690567672253 -0.019357522949576378 0.026399705559015274
v 0.02904374897480011 0.018426798284053802 0.0050653042271733284
v -0.024683035910129547 0.019676743075251579 0.014403366483747959
v -0.023170772939920425 0.044599998742341995 -0.02622697688639164
v -0.02025691419839859 -0.02069036103785038 -0.096500001847743988
v -0.029184632003307343 0.0063768578693270683 -0.096500001847743988
v 0.020543286576867104 -0.005952468141913414 -0.096500001847743988
v -0.027068076655268669 -0.044437598437070847 -0.028312435373663902
v 0.00067690119612962008 0.044599995017051697 0.018271351233124733
v -0.035839743912220001 0.037579074501991272 -0.027803236618638039
v -0.038176845759153366 0.030223146080970764 -0.037145987153053284
v -0.036882910877466202 0.016474450007081032 -0.022815855219960213
v -0.0037933294661343098 -0.025521762669086456 -0.096500001847743988
v -0.034951083362102509 -0.038279704749584198 -0.028289403766393661
v -0.028420975431799889 0.0027642720378935337 -0.096500001847743988
v -0.025260413065552711 -0.02430155873298645 -0.096500001847743988
v 0.019218409433960915 -0.009443419985473156 -0.096500001847743988
v -0.036822229623794556 0.014249250292778015 -0.023664575070142746
v -0.015326493419706821 -0.044599998742341995 0.0096680168062448502
v -0.02578398585319519 0.044575698673725128 -0.027003390714526176
v -0.031450212001800537 -0.042522609233856201 -0.026703378185629845
v -0.031465690582990646 0.042481157928705215 -0.027084441855549812
v -0.029233107343316078 -0.043804936110973358 -0.026496702805161476
v -0.028861420229077339 0.043955039232969284 -0.026873262599110603
v -0.033371146768331528 -0.04052024707198143 -0.027292018756270409
v -0.033560093492269516 0.040166042745113373 -0.027358230203390121
v -0.037564244121313095 0.00039849476888775826 -0.034897558391094208
v 0.0050626369193196297 0.044599998742341995 -0.013405877165496349
v -0.03650641068816185 -0.013148998841643333 -0.021973680704832077
v -0.001999162370339036 -0.039100728929042816 -0.061452548950910568
v -0.0019323490560054779 0.039101753383874893 -0.061395343393087387
v -0.030706359073519707 0.00075397011823952198 -0.096500001847743988
v -0.012208979576826096 -0.044599998742341995 -0.037479124963283539
v -0.0030064838938415051 -0.028682012110948563 -0.096500001847743988
v 0.03242633119225502 0.0019073389703407884 -0.062759242951869965
v -0.033252522349357605 0.018942132592201233 -0.020021745935082436
v -0.021532049402594566 -0.044599972665309906 -0.042826708406209946
v 0.026716895401477814 9.4837869255570695e-06 -0.0095946900546550751
v 0.022681280970573425 -0.00020299524476286024 -0.043736983090639114
v 0.026664501056075096 0.016060875728726387 -0.0097990147769451141
v 0.026582866907119751 -0.016168592497706413 -0.0099284769967198372
v -0.03333224356174469 -0.034477550536394119 -0.012022417038679123
v -0.032928198575973511 -0.0016640457324683666 -0.096499994397163391
v -0.038994461297988892 -0.025146551430225372 -0.057225387543439865
v -0.039542261511087418 0.024010937660932541 -0.056257449090480804
v 0.017151454463601112 -0.015812788158655167 -0.096500001847743988
v -0.038874465972185135 0.0163135826587677 -0.08307938277721405
v -0.0033791123423725367 0.026383694261312485 -0.096500001847743988
v -0.037755835801362991 -0.027683895081281662 -0.058821652084589005
v -0.03695196658372879 0.029065236449241638 -0.059688132256269455
v -0.039855148643255234 0.013976475223898888 -0.081354103982448578
v -0.038991902023553848 -0.016110688447952271 -0.081964515149593353
v 0.031903747469186783 -0.0074229962192475796 -0.081218786537647247
v 0.032117679715156555 0.0058227893896400928 -0.08106483519077301
v 0.028405360877513885 0.015882097184658051 -0.058588352054357529
v -0.037677839398384094 -0.018947871401906013 -0.082373067736625671
v 0.028507305309176445 -0.015864429995417595 -0.05956423282623291
v -0.00030124743352644145 0.038363717496395111 -0.095002390444278717
v -0.0015482268063351512 -0.03634604811668396 -0.096341453492641449
v -5.0468857807572931e-05 -0.038774486631155014 -0.094224736094474792
v 0.00010799796291394159 0.034809518605470657 -0.096458412706851959
v 0.015229773707687855 -0.023913344368338585 -0.034680504351854324
v 0.018191786482930183 -0.022306680679321289 -0.034255746752023697
v -0.038419280201196671 0.025350403040647507 -0.059321511536836624
v -0.037747602909803391 0.018797110766172409 -0.082900650799274445
v 0.031382787972688675 -0.010431046597659588 -0.081111498177051544
v 0.031578104943037033 0.0092559279873967171 -0.081396691501140594
v -0.018368031829595566 -0.044599998742341995 -0.013456492684781551
v -0.0074726301245391369 -0.044599998742341995 -0.035408742725849152
v -0.037738021463155746 0.031513471156358719 -0.033908199518918991
v 0.031096996739506721 0.011805103160440922 -0.081814371049404144
v -0.039961200207471848 -0.013692736625671387 -0.081238947808742523
v 0.028232898563146591 -0.035593818873167038 -0.01125004980713129
v -0.042411595582962036 0.0021197113674134016 -0.082321889698505402
v 0.030751334503293037 -0.013217879459261894 -0.081286370754241943
v 0.027792947366833687 0.035427436232566833 -0.012428689748048782
v -0.022313075140118599 -0.044599980115890503 -0.039802275598049164
v 0.017061354592442513 0.031074108555912971 0.024330392479896545
v 0.018664604052901268 -0.018209315836429596 -0.096500001847743988
v 0.030449675396084785 0.014397792518138885 -0.080779381096363068
v 0.0042704883962869644 -0.039099998772144318 -0.083030670881271362
v 0.0042865267023444176 0.039099998772144318 -0.082908377051353455
v 0.027297709137201309 -0.01842978224158287 -0.059570688754320145
v -0.013235653750598431 0.039121806621551514 -0.064912602305412292
v -0.013106768019497395 -0.039102736860513687 -0.065309889614582062
v -0.036111932247877121 0.021776935085654259 -0.083013653755187988
v -0.036643892526626587 -0.030788235366344452 -0.05851643905043602
v -0.036291517317295074 -0.021513685584068298 -0.082115329802036285
v 0.027493610978126526 0.018007572740316391 -0.059340901672840118
v -0.033452067524194717 0.035407200455665588 -0.011893964372575283
v -0.039561040699481964 0.021292049437761307 -0.059693969786167145
v -0.034026548266410828 -0.0047114877961575985 -0.096499994397163391
v 0.012045556679368019 -0.025345960631966591 -0.035523023456335068
v -0.040320500731468201 -0.019186442717909813 -0.058586150407791138
v -0.040760353207588196 -0.01130182296037674 -0.081929750740528107
v 0.030036838725209236 -0.015941036865115166 -0.081792108714580536
v 0.026197152212262154 0.020613381639122963 -0.060052111744880676
v 0.029431484639644623 -0.018129333853721619 -0.082512661814689636
v 0.0296779815107584 0.017088532447814941 -0.080898016691207886
v 0.012440736405551434 0.024935819208621979 -0.03585762158036232
v 0.029081039130687714 0.019223297014832497 -0.082267098128795624
v 0.02485186979174614 -0.023093648254871368 -0.060186166316270828
v 0.026043571531772614 -0.02085355669260025 -0.059892416000366211
v 0.028317747637629509 0.021634034812450409 -0.083860769867897034
v -0.030980592593550682 -0.024952573701739311 -0.012620130553841591
v 0.024856297299265862 0.023259345442056656 -0.060766149312257767
v 0.028685657307505608 -0.020334895700216293 -0.082205973565578461
v 0.011589880101382732 -0.027193067595362663 -0.032222051173448563
v -0.012817681767046452 -0.044599998742341995 -0.001903145806863904
v 0.011364265345036983 -0.044599998742341995 0.0018824615981429815
v -0.036448333412408829 -0.02925553172826767 -0.060745857656002045
v -0.0021963529288768768 -0.031411003321409225 -0.096500001847743988
v 0.018041318282485008 0.021959370002150536 -0.033845692873001099
v 0.02762397937476635 -0.023415450006723404 -0.082622021436691284
v 0.011226949281990528 0.026569709181785583 -0.033732838928699493
v 0.027401139959692955 0.024026192724704742 -0.082740671932697296
v 0.010893268510699272 -0.039079062640666962 -0.082276113331317902
v 0.0233735591173172 0.025900041684508324 -0.061076533049345016
v 0.010886096395552158 -0.044599998742341995 -0.0020738046150654554
v 0.01055016927421093 -0.044599998742341995 0.0053283381275832653
v 0.023579901084303856 -0.025270087644457817 -0.060180388391017914
v 0.0037898353766649961 0.03915666788816452 -0.059009905904531479
v 0.010630503296852112 0.039097357541322708 -0.081089496612548828
v 0.0037342950236052275 -0.039104841649532318 -0.05949295312166214
v 0.02763860858976841 0.038831956684589386 -0.012795521877706051
v 0.022217690944671631 -0.027517788112163544 -0.060332793742418289
v -0.03043752908706665 0.003762462642043829 -0.015973901376128197
v -0.035306710749864578 0.031028611585497856 -0.061462916433811188
v 0.010609653778374195 -0.044599998742341995 -0.0048402729444205761
v -0.025680052116513252 0.034099474549293518 -0.083118155598640442
v 0.031871575862169266 0.0057276450097560883 -0.059951573610305786
v -0.012237333692610264 -0.044599998742341995 0.0013211254263296723
v 0.0085692983120679855 -0.044599998742341995 0.0075972508639097214
v 0.031897071748971939 -0.0055881491862237453 -0.059907585382461548
v 0.0067943143658339977 0.037119802087545395 -0.042043149471282959
v -0.034614220261573792 -0.024172792211174965 -0.081598035991191864
v 0.0073310788720846176 -0.036816079169511795 -0.040457345545291901
v -0.02776711992919445 0.038534469902515411 -0.059885833412408829
v -0.029853207990527153 0.037428822368383408 -0.060617946088314056
v -0.028529973700642586 -0.038253344595432281 -0.059663973748683929
v 0.008852073922753334 -0.044599998742341995 -0.0070785842835903168
v -0.035205461084842682 -0.031613394618034363 -0.061094552278518677
v -0.028448887169361115 0.031553700566291809 -0.083077706396579742
v -0.030397359281778336 -0.037079751491546631 -0.060872945934534073
v -0.027954194694757462 -0.032082308083772659 -0.082502163946628571
v -0.026093063876032829 -0.033877473324537277 -0.082040630280971527
v -0.034198600798845291 0.024750532582402229 -0.0820327028632164
v 0.026234885677695274 0.026559527963399887 -0.082332879304885864
v 0.024894945323467255 -0.028727727010846138 -0.081481613218784332
v -0.012664849869906902 0.031024612486362457 0.026912897825241089
v 0.026221802458167076 -0.026551511138677597 -0.082004562020301819
v 0.021844882518053055 0.028476323932409286 -0.061187949031591415
v 0.024561300873756409 0.02928195521235466 -0.082127280533313751
v 0.010826528072357178 0.029547115787863731 -0.032485108822584152
v 0.023000963032245636 0.031404923647642136 -0.083270624279975891
v 0.023485185578465462 -0.030763706192374229 -0.08223656564950943
v 0.0085694985464215279 0.02856825664639473 0.02847093902528286
v 0.021426668390631676 -0.033130858093500137 -0.082548834383487701
v 0.021273598074913025 0.033278085291385651 -0.082939602434635162
v -0.031521622091531754 0.030903823673725128 -0.01536183524876833
v -0.039804358035326004 0.018447270616889 -0.062599234282970428
v 0.0065864510834217072 -0.044599998742341995 0.010259149596095085
v 0.020663924515247345 -0.029970217496156693 -0.060764815658330917
v 0.020132085308432579 0.030725467950105667 -0.061369661241769791
v -0.022341916337609291 -0.028570456430315971 0.018529733642935753
v -0.030361238867044449 -0.029662320390343666 -0.083060562610626221
v 0.010145535692572594 0.034699380397796631 -0.034673623740673065
v 0.023984916508197784 -0.041828334331512451 -0.016563398763537407
v 0.015541662462055683 0.034811884164810181 -0.06092086061835289
v -0.0375673808157444 -0.033592399209737778 -0.033836778253316879
v 0.017108652740716934 0.036642760038375854 -0.081949330866336823
v 0.019053678959608078 0.035258792340755463 -0.082586519420146942
v 0.013938140124082565 -0.038345139473676682 -0.082180783152580261
v -0.029422484338283539 -0.023763498291373253 0.0001122315225074999
v -0.023566886782646179 0.0280586127191782 0.016612136736512184
v 0.0098930280655622482 0.044599998742341995 -0.0045209857635200024
v 0.0015179016627371311 0.044599998742341995 -0.021246932446956635
v 0.015134809538722038 -0.035050299018621445 -0.060626085847616196
v 0.016539826989173889 -0.037013348191976547 -0.082253932952880859
v 0.01789412647485733 0.033005695790052414 -0.061713587492704391
v 0.019028624519705772 -0.035274643450975418 -0.082463055849075317
v 0.0083616133779287338 -0.044599998742341995 -0.010591014288365841
v -0.01346457377076149 -0.044599998742341995 -0.0049376152455806732
v -0.0025533535517752171 -0.044599998742341995 -0.024692218750715256
v -0.023490041494369507 0.035504907369613647 -0.083569623529911041
v 0.010798433795571327 -0.031085692346096039 -0.038209103047847748
v -0.031165657564997673 -0.027894176542758942 -0.012973264791071415
v 0.024140091612935066 0.041693113744258881 -0.01673869788646698
v 0.018562154844403267 -0.032203909009695053 -0.061198722571134567
v 0.016785068437457085 -0.033963050693273544 -0.06156931072473526
v 0.010480113327503204 0.031773630529642105 -0.035360582172870636
v 0.012105509638786316 0.044599998742341995 -0.001583971781656146
v -0.0050577837973833084 0.044599998742341995 0.010611673817038536
v -0.021847866475582123 -0.02390461228787899 -0.096500001847743988
v -0.032915603369474411 0.026512367650866508 -0.084321096539497375
v 0.0060423789545893669 0.028692705556750298 0.029126137495040894
v 0.015905868262052536 0.0066490508615970612 -0.096500001847743988
v 0.015057075768709183 0.037844311445951462 -0.08248833566904068
v 0.013660358265042305 0.036361072212457657 -0.061894405633211136
v -0.010490961372852325 0.042666558176279068 -0.05304742231965065
v 0.004749904852360487 -0.044599998742341995 0.0126775112003088
v -0.030274916440248489 -0.010657094419002533 -0.016756538301706314
v 0.017884418368339539 0.016318202018737793 -0.040537673979997635
v 0.03244081512093544 0.0020876745693385601 -0.082523077726364136
v 0.012413889169692993 0.025397976860404015 -0.039102151989936829
v 0.032304726541042328 -0.0039043212309479713 -0.081253163516521454
v 0.032325722277164459 -0.0027418411336839199 -0.059782877564430237
v 0.010056685656309128 -0.033872887492179871 -0.036651492118835449
v -0.031028358265757561 0.028887847438454628 -0.083474151790142059
v -0.034082822501659393 0.033368568867444992 -0.061417944729328156
v -0.040966775268316269 0.010542279109358788 -0.080959327518939972
v -0.040496733039617538 -0.015853229910135269 -0.062632620334625244
v -0.040115434676408768 -0.0083625800907611847 -0.042862158268690109
v -0.037466026842594147 -0.024306949228048325 -0.029690979048609734
v -0.037009809166193008 -0.036205906420946121 -0.032601699233055115
v -0.032621964812278748 -0.026922322809696198 -0.08237534761428833
v -0.037358805537223816 0.034492332488298416 -0.032754141837358475
v -0.033696990460157394 -0.0097350422292947769 -0.096500001847743988
v -0.032223131507635117 0.035703454166650772 -0.061165422201156616
v -0.040638193488121033 -0.013721028342843056 -0.04517003521323204
v -0.030671829357743263 0.024451222270727158 -0.01015726663172245
v 0.02033458836376667 -0.042278546839952469 -0.020219819620251656
v -0.011211433447897434 -0.042703825980424881 -0.053306072950363159
v -0.041904531419277191 -0.010524447076022625 -0.053478624671697617
v 0.019520081579685211 -0.0068329600617289543 -0.038930300623178482
v 0.0094051789492368698 0.038425303995609283 -0.061842244118452072
v 0.0083094416186213493 -0.038788191974163055 -0.063890151679515839
v -0.040716912597417831 0.015310643240809441 -0.061997946351766586
v 0.016175774857401848 -0.023945506662130356 -0.096500001847743988
v -0.033490635454654694 -0.032983511686325073 -0.062886469066143036
v -0.025827724486589432 -0.038174033164978027 -0.063644349575042725
v -0.024151952937245369 -0.035114426165819168 -0.083145894110202789
v 0.0029673045501112938 -0.017282705754041672 -0.096500001847743988
v 0.0039092889055609703 -0.042410437017679214 -0.038451846688985825
v 0.014659031294286251 0.043654207140207291 -0.022109434008598328
v 0.027102569118142128 0.030302019789814949 -0.0087534626945853233
v 0.012678477913141251 0.044599998742341995 0.0020083845593035221
v 0.0017742128111422062 0.018481850624084473 -0.096500001847743988
v -0.020058052614331245 -0.037380807101726532 -0.081478990614414215
v -0.031062722206115723 0.030030548572540283 -0.0099907023832201958
v 0.011680361814796925 0.037633944302797318 -0.062739796936511993
v 0.012615232728421688 0.038476064801216125 -0.082747466862201691
v -0.024298900738358498 -0.040023952722549438 -0.062596186995506287
v -0.022566070780158043 -0.036214780062437057 -0.081485629081726074
v 0.0300863366574049 0.010180817916989326 -0.049120385199785233
v 0.0031153315212577581 -0.044599998742341995 0.015110749751329422
v -0.011549973860383034 0.043919287621974945 -0.050973553210496902
v -0.024443941190838814 0.029679927974939346 0.01495816558599472
v 0.0029740065801888704 0.042936746031045914 -0.03951311856508255
v 0.030124813318252563 -0.010560544207692146 -0.049888245761394501
v 0.025670841336250305 -0.039164099842309952 -0.016320148482918739
v -0.023359224200248718 -0.044599641114473343 -0.012790464796125889
v -0.021168755367398262 0.036806602030992508 -0.082847043871879578
v 0.020014826208353043 -0.00071917357854545116 -0.037958256900310516
v -0.040906932204961777 -0.013540193438529968 -0.063779965043067932
v 0.009941556490957737 -0.034338705241680145 -0.039564866572618484
v -0.041425511240959167 -0.011642802506685257 -0.062908954918384552
v -0.039258338510990143 0.0088068805634975433 -0.040461767464876175
v 0.0086954087018966675 0.035729233175516129 -0.04484139010310173
v -0.012315293774008751 -0.04416554793715477 -0.050534915179014206
v 0.0096201198175549507 -0.034838911145925522 -0.042883429676294327
v 0.010781168006360531 -0.03798394650220871 -0.062603548169136047
v 0.011922909878194332 -0.044573143124580383 -0.019426688551902771
v 0.012206957675516605 0.044427160173654556 -0.020713295787572861
v -0.022569281980395317 -0.041170142590999603 -0.063274316489696503
v 0.0014594706008210778 -0.043983191251754761 -0.036548599600791931
v 0.0011867579305544496 0.044052153825759888 -0.037227246910333633
v -0.042486809194087982 0.00044860399793833494 -0.066308483481407166
v -0.0019286663737148046 0.044599998742341995 -0.0055667678825557232
v -0.0077817570418119431 -0.044599998742341995 -0.015487028285861015
v -0.042059186846017838 -0.0056365486234426498 -0.081938579678535461
v -0.030598863959312439 0.028970604762434959 -0.0047481665387749672
v 0.032464537769556046 -0.0011609668144956231 -0.062695331871509552
v -0.041516300290822983 -0.0084819793701171875 -0.082232542335987091
v -0.040249951183795929 -0.0052391598001122475 -0.043258789926767349
v -0.032193627208471298 -0.035282574594020844 -0.062057185918092728
v 0.009212421253323555 0.0352342389523983 -0.04225916787981987
v 0.029188577085733414 0.032252930104732513 0.00082411180483177304
v 0.02529594860970974 -0.03271358460187912 0.015486147254705429
v 0.0062910816632211208 0.034439843147993088 0.029423011466860771
v 0.0052042980678379536 -0.010397313162684441 0.029287545010447502
v -0.0046985503286123276 -0.033038079738616943 0.02929677814245224
v 0.021821338683366776 0.016534280031919479 -0.023151082918047905
v -0.031402315944433212 0.034154456108808517 -0.00070104043697938323
v -0.030094504356384277 0.010456028394401073 -0.0032136295922100544
v -0.029992066323757172 -0.0095762517303228378 -0.0033012544736266136
v -0.016574019566178322 -0.0096424082294106483 0.024493616074323654
v 0.021407069638371468 -0.032830700278282166 0.020629396662116051
v 0.01819133572280407 0.033489499241113663 0.023520739749073982
v 0.020443800836801529 -0.0096732992678880692 0.021599400788545609
v 0.014909486286342144 -0.026497000828385353 -0.096500001847743988
v -8.2782560184568865e-07 0.028758550062775612 0.029679754748940468
v -0.0076911286450922489 -0.039099998772144318 -0.084884695708751678
v -0.0077026588842272758 0.039099998772144318 -0.084520302712917328
v 0.026514425873756409 0.027718441560864449 -0.010338146239519119
v -0.010906136594712734 0.044483475387096405 -0.048348821699619293
v 7.5885618571192026e-05 -0.044599998742341995 0.01471317745745182
v -0.042085573077201843 0.0054116914980113506 -0.082774125039577484
v -0.017363186925649643 -0.038187805563211441 -0.083188161253929138
v -0.027634238824248314 0.0094720972701907158 0.0070927729830145836
v -0.030246231704950333 -0.0048481891863048077 -0.009871811605989933
v -0.039867781102657318 -0.011713974177837372 -0.04233865812420845
v -0.039961837232112885 0.011328953318297863 -0.04248543456196785
v -0.039452157914638519 0.0053458809852600098 -0.04096490889787674
v -0.036808978766202927 -0.0075165284797549248 -0.029150787740945816
v -0.036925215274095535 0.0066599994897842407 -0.03066747821867466
v -0.03916727751493454 -0.0062884669750928879 -0.040163300931453705
v -0.018015461042523384 0.037977088242769241 -0.084084928035736084
v -0.021518751978874207 0.039056599140167236 -0.065165810286998749
v -0.04015013575553894 -0.018102480098605156 -0.061145350337028503
v 0.019664619117975235 0.042957324534654617 -0.019656552001833916
v 0.017623404040932655 -0.043169457465410233 -0.021050410345196724
v -0.01982787624001503 0.040989696979522705 -0.064328275620937347
v -0.024314621463418007 0.039000008255243301 -0.06335737556219101
v -0.0033303105738013983 0.044599998742341995 0.013399369083344936
v -0.0098945414647459984 0.0445999875664711 -0.042042609304189682
v -0.039600122720003128 0.017978226765990257 -0.041803497821092606
v -0.042272184044122696 -0.0036463397555053234 -0.084207497537136078
v -0.014795267023146152 -0.044599998742341995 0.0034242831170558929
v 0.0084992079064249992 0.026362601667642593 -0.096500001847743988
v 0.0028718626126646996 0.011215219274163246 -0.096500001847743988
v -0.004213930107653141 -0.0072312643751502037 -0.096500001847743988
v -0.014100885950028896 0.011075636371970177 -0.096500001847743988
v -0.017128625884652138 -0.044599998742341995 -0.046321772038936615
v -0.042485732585191727 -0.00040032807737588882 -0.081021785736083984
v -0.012623569928109646 -0.039423130452632904 -0.058824177831411362
v -0.012512544170022011 0.039442006498575211 -0.058591201901435852
v -0.037450201809406281 0.023050980642437935 -0.030213473364710808
v -0.037305302917957306 -0.021581351757049561 -0.029081154614686966
v -0.011099781841039658 -0.024422978982329369 -0.096500001847743988
v -0.010139675810933113 -0.0078164031729102135 -0.096500001847743988
v -0.0098997959867119789 -0.031002502888441086 0.027921812608838081
v 0.0130061199888587 0.044599998742341995 0.0053941207006573677
v -0.002856244333088398 -0.010034090839326382 -0.096500001847743988
v 0.011352925561368465 0.024422679096460342 -0.096500001847743988
v -0.012069647200405598 -0.011943993158638477 -0.096500001847743988
v -0.0047107655555009842 0.010094335302710533 -0.096500001847743988
v -0.0087870853021740913 0.025985119864344597 -0.096500001847743988
v -0.025272037833929062 -0.04459492489695549 -0.033629946410655975
v -0.031272273510694504 -0.028370529413223267 -0.015922985970973969
v -0.018637059256434441 0.039088927209377289 -0.066439174115657806
v 0.0065412484109401703 0.010486138984560966 -0.096500001847743988
v 0.0042678001336753368 0.0077071273699402809 -0.096500001847743988
v -0.042159438133239746 -0.0059240609407424927 -0.064355470240116119
v -0.012258046306669712 -0.039104018360376358 -0.083889387547969818
v -0.012045693583786488 0.039104346185922623 -0.082983322441577911
v -0.0019071559654548764 -0.039099998772144318 -0.08399568498134613
v -0.0019019714090973139 0.039099998772144318 -0.083962097764015198
v -0.029187913984060287 0.025639396160840988 0.001075510517694056
v -0.029617881402373314 -0.012788628228008747 -0.00068149296566843987
v -0.030169285833835602 -0.033358752727508545 -0.0010481759672984481
v -0.031664829701185226 0.027038097381591797 -0.019960254430770874
v 0.029317744076251984 0.013008834794163704 0.0016771225491538644
v 0.029192665591835976 -0.0061486554332077503 0.0035498340148478746
v 0.029047567397356033 -0.023315230384469032 0.0045986035838723183
v -0.037277892231941223 0.020651031285524368 -0.028889454901218414
v 0.028916750103235245 -0.033280674368143082 0.0058131562545895576
v 0.029036547988653183 -0.012230981141328812 0.0049417079426348209
v 0.028669996187090874 0.0068389130756258965 0.0072284587658941746
v 0.028978364542126656 0.025681311264634132 0.0057250158861279488
v 0.018236959353089333 0.025784222409129143 0.023498358204960823
v 0.028494987636804581 0.023834528401494026 0.0081322919577360153
v 0.027944928035140038 0.0056386794894933701 0.0098130619153380394
v 0.027916561812162399 -0.012335514649748802 0.0099300779402256012
v 0.025417808443307877 -0.026674916967749596 0.015316607430577278
v 0.024228865280747414 0.012598626315593719 0.017097782343626022
v 0.00089290278265252709 -0.028863584622740746 0.029646741226315498
v 0.023036012426018715 0.012244562618434429 0.018686013296246529
v 0.021600639447569847 -0.012539670802652836 0.020458580926060677
v 0.020931370556354523 0.0067982887849211693 0.021107276901602745
v 0.021580018103122711 0.024560606107115746 0.020448034629225731
v 0.019545303657650948 0.023710375651717186 0.022467402741312981
v -0.030515566468238831 0.0093739498406648636 -0.01474295649677515
v 0.017263881862163544 0.023382890969514847 0.024230625480413437
v 0.010938547551631927 -0.028883982449769974 -0.035130705684423447
v 0.01436978206038475 0.023640638217329979 0.026018358767032623
v 0.014329821802675724 0.0062261777929961681 0.026039676740765572
v 0.014910224825143814 -0.013139159418642521 0.025727378204464912
v 0.012339336797595024 0.013057301752269268 0.027072520926594734
v 0.012878016568720341 -0.026265062391757965 0.026760894805192947
v 0.0088151087984442711 0.0069079762324690819 0.028413565829396248
v 0.0089128222316503525 0.023246854543685913 0.028384028002619743
v -0.012562815099954605 -0.0071086380630731583 -0.096500001847743988
v 0.0060841725207865238 0.023357737809419632 0.029132360592484474
v 0.0032189944759011269 0.023302514106035233 0.029541101306676865
v 0.00078701204620301723 0.023368183523416519 0.029706493020057678
v 7.8673729149159044e-05 -0.013277121819555759 0.029689192771911621
v -0.0046491357497870922 -0.024141965433955193 0.029313130304217339
v -0.030393244698643684 -0.0023236249107867479 -0.016663450747728348
v -0.0093493210151791573 -0.022581478580832481 -0.096500001847743988
v -0.0017504912102594972 0.032306980341672897 0.029585624113678932
v -0.0068060019984841347 -0.026900904253125191 0.028891893103718758
v -0.0090867932885885239 0.0053343554027378559 0.028261572122573853
v 0.028446467593312263 -0.028330150991678238 0.0080916695296764374
v -0.012367014773190022 -0.025094214826822281 0.026925148442387581
v -0.014866757206618786 -0.025183599442243576 0.025559799745678902
v -0.015494969673454762 -0.005959666334092617 0.025201577693223953
v -0.01850404404103756 0.0070940954610705376 0.023029221221804619
v -0.019165199249982834 0.012673325836658478 0.022515648975968361
v -0.02160150371491909 -0.024251021444797516 0.019634613767266273
v -0.022068686783313751 0.026422882452607155 0.019034311175346375
v 0.0084787998348474503 -0.02955569326877594 0.028427263721823692
v 0.012194040231406689 -0.0038808346726000309 -0.096500001847743988
v -0.022887924686074257 0.011361496523022652 0.017685739323496819
v -0.0043116551823914051 0.044559270143508911 0.02199680358171463
v -0.013604020699858665 -0.0041329530067741871 -0.096500001847743988
v 0.012154215015470982 -0.028171364217996597 -0.096500001847743988
v -0.02304304763674736 -0.011033110320568085 0.017484351992607117
v -0.021189341321587563 0.012697657570242882 0.020304946228861809
v -0.020026430487632751 -0.0059098713099956512 0.02159908227622509
v -0.020556287840008736 0.033468522131443024 0.021261449903249741
v 0.021719714626669884 0.013763441704213619 -0.023539956659078598
v 0.01255504135042429 -0.030010981485247612 -0.030051616951823235
v -0.019798243418335915 -0.025667306035757065 0.021762946620583534
v -0.017993854358792305 -0.0062704500742256641 0.023412516340613365
v -0.0180343147367239 0.033293642103672028 0.023505948483943939
v -0.016885733231902122 0.024262495338916779 0.024371709674596786
v -0.01281715277582407 -0.0057690381072461605 0.026753230020403862
v 0.019800441339612007 -0.0051255743019282818 -0.035876244306564331
v 0.013606434687972069 0.023414131253957748 -0.040856659412384033
v -0.011119488626718521 0.012257255613803864 0.02757100947201252
v -0.0097023304551839828 -0.025600103661417961 0.028035473078489304
v -0.0085704587399959564 0.011424249969422817 0.028426075354218483
v -0.030698742717504501 0.021800357848405838 -0.013642240315675735
v -0.0057639717124402523 0.012074004858732224 0.029119769111275673
v -0.0065701412968337536 -0.0061822598800063133 0.028958795592188835
v -0.0039014837238937616 -0.0064021870493888855 0.02944355271756649
v -0.0026831941213458776 -0.034863177686929703 0.030327644199132919
v -0.0019010098185390234 -0.011842302978038788 0.029622694477438927
v 0.0011769566917791963 0.0061365873552858829 0.029691653326153755
v 0.0039549097418785095 0.0066038635559380054 0.029481491073966026
v 0.0061056762933731079 0.0051701562479138374 0.029121300205588341
v 0.0097183827310800552 0.033871173858642578 0.028516434133052826
v 0.012179136276245117 -0.0060052350163459778 0.027112048119306564
v 0.017953036352992058 -0.017850518226623535 -0.036873962730169296
v -0.023363977670669556 -0.0046015097759664059 0.016868498176336288
v 0.016777291893959045 0.0059456783346831799 0.02454705722630024
v 0.014103383757174015 0.022627890110015869 -0.096500001847743988
v 0.018946168944239616 0.0062310118228197098 0.022949334233999252
v 0.022831728681921959 0.022415537387132645 0.018923474475741386
v 0.023540996015071869 0.025749942287802696 0.018010538071393967
v 0.025282323360443115 -0.005461537279188633 0.015544766560196877
v 0.025804022327065468 0.0073888236656785011 0.014642390422523022
v 0.026626618579030037 -0.031563263386487961 0.01308452058583498
v 0.027179064229130745 0.0074429572559893131 0.011838886886835098
v 0.029112845659255981 0.011319907382130623 0.004613150842487812
v 0.029609380289912224 0.033360879868268967 0.003271754365414381
v 0.02919183112680912 -0.02515869028866291 0.001288113184273243
v -0.024655146524310112 0.011523148976266384 0.014403834007680416
v -0.024837048724293709 -0.0057440581731498241 0.013886609114706516
v -0.02453436516225338 -0.024358285591006279 0.014498854987323284
v -0.025652928277850151 -0.025256965309381485 0.012028890661895275
v -0.026093872264027596 -0.0070163249038159847 0.010934518650174141
v -0.039739243686199188 -0.019275674596428871 -0.04234657809138298
v -0.037450071424245834 -0.029211994260549545 -0.030231907963752747
v -0.00083306548185646534 0.016571640968322754 -0.096500001847743988
v -0.0095657994970679283 -0.027562763541936874 -0.096500001847743988
v 0.00026998698012903333 -0.010464360937476158 -0.096500001847743988
v 0.017629224807024002 -0.030453445389866829 -0.02754729799926281
v 0.01376130897551775 0.019254736602306366 -0.096500001847743988
v -0.04246627539396286 -0.00086403486784547567 -0.083457387983798981
v -0.030471209436655045 0.0067542693577706814 -0.01515029463917017
v -0.018181594088673592 -0.039060648530721664 -0.067259363830089569
v -0.03750007227063179 0.026317514479160309 -0.030073719099164009
v -0.014792395755648613 0.038760486990213394 -0.08373761922121048
v -0.014947472140192986 -0.038695264607667923 -0.085054740309715271
v 0.0049215834587812424 0.032069187611341476 -0.096499733626842499
v -0.027550334110856056 0.01272455882281065 0.0073033901862800121
v -0.027331620454788208 -0.0069526550360023975 0.0078977076336741447
v -0.027497207745909691 -0.023527892306447029 0.0074962358921766281
v -0.028579821810126305 -0.0053391698747873306 0.0036132289096713066
v -0.020594211295247078 -0.029413517564535141 0.020901806652545929
v -0.026188094168901443 0.033348891884088516 0.011821740306913853
v -0.024211855605244637 0.0051464620046317577 0.015230749733746052
v -0.028761971741914749 -0.022190654650330544 0.0028712502680718899
v 0.017810914665460587 0.028338924050331116 0.023826893419027328
v -0.028070155531167984 -0.0069837910123169422 0.0055342959240078926
v -0.02818731963634491 -0.023957317695021629 0.0050461422652006149
v -0.026725830510258675 0.024777024984359741 0.0094626210629940033
v -0.039604168385267258 -0.015538698993623257 -0.041668247431516647
v -0.042273800820112228 0.0037162285298109055 -0.084805265069007874
v -0.041998207569122314 0.0069613885134458542 -0.065927863121032715
v 0.012940133921802044 0.044599998742341995 0.0086982790380716324
v 0.0077170543372631073 0.0073177511803805828 -0.096500001847743988
v -0.02061125822365284 0.044599998742341995 -0.045999571681022644
v -0.01354969572275877 0.044599998742341995 0.0066499044187366962
v 0.016341943293809891 0.017765447497367859 -0.096499994397163391
v 0.0088787814602255821 0.0041128466837108135 -0.096500001847743988
v -0.013934120535850525 0.017741255462169647 -0.096500001847743988
v 0.010670307092368603 0.044599998742341995 0.0093286838382482529
v 0.031184278428554535 0.0080816075205802917 -0.054598502814769745
v -0.042473360896110535 -0.00074439990567043424 -0.063778914511203766
v 0.031189760193228722 -0.008114091120660305 -0.054937191307544708
v -0.0019986324477940798 -0.044599991291761398 0.017093032598495483
v -0.039515078067779541 0.014960017055273056 -0.041230004280805588
v 0.032463826239109039 -0.001666258554905653 -0.075961202383041382
v 0.01420535147190094 0.027046561241149902 0.026107871904969215
v -0.005156329832971096 -0.044599995017051697 0.016431663185358047
v -0.011686027981340885 0.025569472461938858 -0.096500001847743988
v -0.014015487395226955 -0.0097682895138859749 -0.096500001847743988
v -0.013730487786233425 -0.025185232982039452 -0.096500001847743988
v -0.02920256182551384 -0.0312300194054842 0.0024292571470141411
v 0.019349977374076843 -0.022239774465560913 -0.046235162764787674
v -0.006995765957981348 -0.033674854785203934 -0.096499055624008179
v -0.04240097850561142 -0.0029165039304643869 -0.065986417233943939
v 0.019098542630672455 0.016809660941362381 -0.096500001847743988
v 0.0098412539809942245 0.0010288262274116278 -0.096500001847743988
v -0.00019120170327369124 -0.042734585702419281 0.028119474649429321
v -0.036212354898452759 -0.019419878721237183 -0.021318539977073669
v -0.030627913773059845 -0.0021980865858495235 -0.019999999552965164
v -0.030395328998565674 0.015283891931176186 -0.0083322795107960701
v -0.032562326639890671 -0.012473983690142632 -0.096500001847743988
v -0.039300635457038879 0.019977198913693428 -0.040743574500083923
v -0.037430517375469208 0.029715556651353836 -0.028711432591080666
v -0.0051978332921862602 0.044599998742341995 0.016674760729074478
v 0.011670744046568871 0.044599998742341995 0.011407497338950634
v -0.014617541804909706 0.044599998742341995 -0.041510645300149918
v -0.020371170714497566 -0.026638023555278778 -0.096499994397163391
v -0.030317516997456551 0.014457437209784985 -0.0060598570853471756
v -0.030143240466713905 -0.0059019289910793304 -0.0068232701160013676
v -0.033659264445304871 -0.020712548866868019 -0.020018177106976509
v -0.030861472710967064 -0.032616835087537766 -0.00564957270398736
v -0.037331417202949524 -0.031905226409435272 -0.028470400720834732
v -0.018327509984374046 0.044599998742341995 -0.026735143736004829
v 0.019804274663329124 0.0062879775650799274 -0.039374817162752151
v 0.0017272902186959982 -0.014230714179575443 -0.096500001847743988
v -0.0056473542936146259 -0.044599998742341995 -0.020809302106499672
v 0.012402285821735859 -0.044599998742341995 -0.014240567572414875
v -0.01004351582378149 -0.044599998742341995 -0.0098398514091968536
v 0.00085590907838195562 -0.044555246829986572 -0.030583268031477928
v -0.018160251900553703 0.023534620180726051 -0.096499994397163391
v -0.017953578382730484 -0.044599998742341995 0.0021190594416111708
v -0.0098610119894146919 0.044599998742341995 -0.025927295908331871
v -0.021884407848119736 0.044599998742341995 -0.040000539273023605
v -0.02944059856235981 0.0086212465539574623 -0.00010102108353748918
v 0.029103277251124382 0.0080330995842814445 0.0046921465545892715
v 0.023590361699461937 -0.010591271333396435 0.018022365868091583
v -0.016608893871307373 0.0081903701648116112 0.024504376575350761
v 0.010696402750909328 -0.0090648382902145386 0.027741404250264168
v 0.013361250050365925 0.0094776228070259094 0.026569664478302002
v 0.015858789905905724 0.0089293401688337326 0.02515592984855175
v -0.028625961393117905 -0.0087028201669454575 0.0034299273975193501
v 0.017801150679588318 0.0083670048043131828 0.023860424757003784
v 0.021766619756817818 0.010153309442102909 0.020253170281648636
v 0.023914230987429619 0.0094854850322008133 0.01754787378013134
v 0.026851041242480278 0.010383691638708115 0.012620888650417328
v 0.028038604184985161 0.0094286361709237099 0.0095563661307096481
v 0.029100814834237099 -0.0093855969607830048 0.0045216511934995651
v 0.022179769352078438 0.008248073048889637 -0.02123553678393364
v 0.022090895101428032 -0.0083962306380271912 -0.021109484136104584
v 0.029261240735650063 0.026073073968291283 0.00051705416990444064
v 0.029290162026882172 -0.0087387217208743095 0.0020079200621694326
v -0.010059738531708717 0.0089460611343383789 0.027928698807954788
v -0.007721481379121542 -0.0085237659513950348 0.028654772788286209
v -0.008048471063375473 0.025358039885759354 0.028577402234077454
v -0.023852001875638962 -0.0082260491326451302 0.015892364084720612
v 0.019584512338042259 0.0092407967895269394 0.022430827841162682
v -0.0010126663837581873 -0.025258494541049004 0.029641816392540932
v -0.0048939208500087261 0.02530612051486969 0.029251286759972572
v -0.0045729386620223522 0.0083435792475938797 0.029344238340854645
v 0.021425208076834679 -0.013922619633376598 -0.023298902437090874
v -0.0014627912314608693 0.025153974071145058 0.029625914990901947
v -0.0028192487079650164 -0.0092942630872130394 0.029552927240729332
v -0.011704867705702782 -0.008398805744946003 0.027307193726301193
v -0.012859590351581573 0.027453327551484108 0.026814345270395279
v -0.013922323472797871 -0.0088243139907717705 0.026167836040258408
v -0.014351236633956432 0.0080466195940971375 0.025974156334996223
v 0.0087817301973700523 -0.024017408490180969 0.028411636129021645
v 0.008314378559589386 0.010106975212693214 0.028579762205481529
v -0.019942978397011757 0.026879779994487762 0.021726878359913826
v -0.019392145797610283 -0.0092927496880292892 0.022254554554820061
v -0.021059717983007431 -0.0077885417267680168 0.020439457148313522
v 0.019185557961463928 0.030686991289258003 0.022788448259234428
v -0.022461120039224625 -0.007914331741631031 0.018426116555929184
v -0.022487428039312363 0.0082363840192556381 0.018395159393548965
v -0.026839297264814377 -0.0098735298961400986 0.009118884801864624
v -0.026641041040420532 0.0089278547093272209 0.0095741534605622292
v 0.025159766897559166 -0.0091407541185617447 0.015750665217638016
v -0.040481220930814743 0.018896935507655144 -0.045935202389955521
v -0.025690164417028427 0.024022681638598442 0.012020654045045376
v 0.016261665150523186 -0.0093925781548023224 0.024889400228857994
v 0.0069416272453963757 -0.02622128464281559 0.028887802734971046
v 0.0099372034892439842 -0.031379904597997665 -0.096500895917415619
v 0.0092113642022013664 0.044599998742341995 0.013582619838416576
v -0.039306748658418655 0.022424167022109032 -0.041083458811044693
v 0.020859263837337494 0.01065452303737402 -0.096500001847743988
v -0.01989835686981678 0.044599998742341995 -0.0075316056609153748
v -0.01516573503613472 0.044599998742341995 0.009767632931470871
v 0.015679741278290749 0.028997188434004784 0.02522590383887291
v -0.039612278342247009 -0.022512411698698997 -0.042667720466852188
v 0.006166430190205574 0.040232792496681213 -0.051641706377267838
v -0.015918733552098274 -0.024530710652470589 -0.096500001847743988
v -0.016805203631520271 -0.010558520443737507 -0.096500001847743988
v -0.01925990916788578 0.0069028036668896675 -0.096500001847743988
v -0.023835757747292519 0.021194759756326675 -0.096500001847743988
v 0.0062823854386806488 -0.039732854813337326 -0.051784303039312363
v -0.023608647286891937 0.044597696512937546 -0.03705577552318573
v -0.020921992138028145 0.044599998742341995 -0.024088304489850998
v -0.033516779541969299 0.038047913461923599 -0.015856156125664711
v -0.029760638251900673 -0.024865942075848579 -0.0017633633688092232
v -0.033534664660692215 -0.037596341222524643 -0.016221929341554642
v -0.011864995583891869 0.044599998742341995 0.010691690258681774
v -0.0076660490594804287 0.044599998742341995 -0.0066116657108068466
v -0.0060633253306150436 0.044599998742341995 -0.021692592650651932
v -0.0029495926573872566 0.044587250798940659 -0.037481416016817093
v 0.0065356772392988205 0.044589295983314514 -0.021981466561555862
v 0.003838076489046216 0.044599998742341995 -0.0047143595293164253
v -0.0084523940458893776 -0.044599998742341995 0.015907412394881248
v -0.029441814869642258 0.028911743313074112 0.00089798198314383626
v 0.01058240607380867 -0.0021808822639286518 -0.096500001847743988
v 0.0097590954974293709 0.044599983841180801 0.016831591725349426
v 0.029715549200773239 -0.035762179642915726 -0.0061982525512576103
v -0.019238581880927086 -0.012064101174473763 -0.096500001847743988
v -0.021836075931787491 0.0035105934366583824 -0.096500001847743988
v -0.026001621037721634 0.019597247242927551 -0.096500001847743988
v -0.016683230176568031 0.044599998742341995 -0.0071274098008871078
v -0.015682550147175789 0.0077949212864041328 -0.096500001847743988
v -0.021245973184704781 0.022466154769062996 -0.096500001847743988
v 0.028037212789058685 0.0072286361828446388 -0.045175720006227493
v -0.010749958455562592 0.044599998742341995 -0.0086001520976424217
v -0.013045293278992176 0.044599998742341995 -0.026666678488254547
v -0.0045282132923603058 0.044591069221496582 -0.040212340652942657
v -0.015110328793525696 0.044599998742341995 -0.044160764664411545
v 0.029773775488138199 0.03532685711979866 -0.0063249487429857254
v 0.024081341922283173 -0.026180867105722427 -0.01641029492020607
v 0.028347089886665344 -0.0069247824139893055 -0.045243050903081894
v 0.024402644485235214 0.032881353050470352 -0.015962930396199226
v 0.010382557287812233 -0.0056075332686305046 -0.096500001847743988
v 0.020423319190740585 0.013521327637135983 -0.032773356884717941
v 0.019789770245552063 -0.013944483362138271 -0.031954694539308548
v -0.02798706479370594 0.018287774175405502 -0.096500001847743988
v -0.017477374523878098 -0.026869481429457664 -0.096499986946582794
v -0.039224185049533844 0.025360709056258202 -0.041501183062791824
v 0.028756873682141304 0.033517014235258102 -0.0041293976828455925
v 0.024442227557301521 0.018999360501766205 -0.015718275681138039
v 0.020355897024273872 0.0095680942758917809 -0.033544190227985382
v 0.028810823336243629 0.0036893119104206562 -0.044902805238962173
v 0.024457477033138275 -0.011942223645746708 -0.01553382258862257
v 0.028531037271022797 -0.0039324923418462276 -0.003396195825189352
v 0.024454589933156967 0.0040352852083742619 -0.015599700622260571
v 0.028652351349592209 0.012570656836032867 -0.0031080108601599932
v 0.028263095766305923 -0.020755419507622719 -0.0044225822202861309
v 0.020157616585493088 -0.0033052852377295494 -0.03309241309762001
v 0.028402384370565414 0.020872168242931366 -0.0041230139322578907
v 0.020265698432922363 0.0032592255156487226 -0.033850710839033127
v 0.028462702408432961 -0.012412465177476406 -0.0035920885857194662
v 0.024443045258522034 -0.0040867095813155174 -0.015596947632730007
v 0.024508628994226456 0.011813444085419178 -0.015500896610319614
v 0.02849164791405201 0.0039763795211911201 -0.0036319759674370289
v 0.024284714832901955 -0.019439538940787315 -0.015914449468255043
v 0.019935088232159615 -0.010315099731087685 -0.032500185072422028
v 0.028946660459041595 -0.0037610018625855446 -0.044970471411943436
v 0.021183250471949577 -0.00025681001716293395 -0.025481980293989182
v -0.026718106120824814 0.0115821473300457 0.0093878526240587234
v -0.039020083844661713 -0.024274442344903946 -0.040134374052286148
v -0.021307425573468208 0.044600002467632294 -0.0046221283264458179
v 0.012022842653095722 -0.0085157072171568871 -0.096500001847743988
v -0.028982037678360939 -0.011399687267839909 0.0020609092898666859
v 0.028678549453616142 -0.010630709119141102 0.0071120946668088436
v 0.025480305776000023 0.011352083645761013 0.015222958289086819
v 0.023581624031066895 0.026976730674505234 -0.017946437001228333
v 0.017721302807331085 -0.012123428285121918 0.023912979289889336
v 0.0094997882843017578 -0.011529709212481976 0.028192361816763878
v 0.002577825915068388 -0.011874351650476456 0.029617119580507278
v -0.0025897931773215532 0.010896899737417698 0.029576860368251801
v -0.0097173647955060005 -0.0099832378327846527 0.028044352307915688
v -0.015915315598249435 0.010780933313071728 0.024974556639790535
v -0.029274027794599533 0.015886161476373672 -0.096500001847743988
v -0.021590467542409897 0.0096436785534024239 0.019750431180000305
v -0.019983556121587753 0.0097408900037407875 0.021662209182977676
v -0.017949821427464485 0.010186120867729187 0.023484792560338974
v -0.013715515844523907 0.011439326219260693 0.026330893859267235
v 0.029291791841387749 0.029203802347183228 0.0013822241453453898
v -0.0073729176074266434 0.0085970563814043999 0.028764648362994194
v 0.0099014732986688614 -0.026520896703004837 0.028006793931126595
v 0.010678824968636036 0.0098400814458727837 0.027765195816755295
v -0.023726450279355049 0.0082991635426878929 0.016174295917153358
v -0.025836680084466934 0.010062805376946926 0.011613073758780956
v 0.024390306323766708 0.022282302379608154 -0.015903392806649208
v 0.024085197597742081 -0.022824790328741074 -0.016363367438316345
v 0.0068918843753635883 -0.038743160665035248 -0.05835699662566185
v 0.0048447409644722939 -0.040959078818559647 -0.045450314879417419
v -0.019065739586949348 -0.029009096324443817 -0.096500709652900696
v -0.031306106597185135 -0.019025895744562149 -0.096496082842350006
v 0.00081961549585685134 -0.017507031559944153 -0.096500001847743988
v 0.0047004497610032558 0.041208814829587936 -0.045844700187444687
v 0.028113871812820435 -0.032466918230056763 -0.0049350359477102757
v 0.0079511161893606186 -0.034211602061986923 -0.096498660743236542
v -0.018530730158090591 0.044599998742341995 -0.0048534497618675232
v -0.03337555006146431 0.011781751178205013 -0.020060090348124504
v -0.021355090662837029 -0.014044675044715405 -0.096500001847743988
v -0.02685781754553318 -0.0027633858844637871 -0.096500001847743988
v -0.031085126101970673 0.013181665912270546 -0.096500001847743988
v 0.023431664332747459 -0.00073430768679827452 -0.096500001847743988
v 0.0010059640044346452 -0.021999873220920563 -0.096500001847743988
v -0.027478871867060661 -0.044349409639835358 -0.035018682479858398
v -0.011795167811214924 -0.044599663466215134 0.015571596100926399
v 0.0075377384200692177 0.044593889266252518 0.018975889310240746
v -0.025156257674098015 0.00060460163513198495 -0.096500001847743988
v -0.030877931043505669 -0.030030775815248489 -0.0077367662452161312
v -0.039086874574422836 0.028310902416706085 -0.042428247630596161
v -0.036993488669395447 0.024110931903123856 -0.022221952676773071
v -0.036174949258565903 -0.0048969415947794914 -0.021004289388656616
v 0.024148400872945786 -0.0030062189325690269 -0.096500001847743988
v -0.042340368032455444 0.0036815633065998554 -0.066216692328453064
v -0.042392134666442871 0.0020488100126385689 -0.069195814430713654
v -0.017109408974647522 0.030257977545261383 -0.096502870321273804
v -0.038947828114032745 -0.027093812823295593 -0.040631815791130066
v -0.035639923065900803 -0.037759106606245041 -0.034102786332368851
v -0.033699221909046173 -0.039167407900094986 -0.021754520013928413
v 0.024010200053453445 0.013909424655139446 -0.045402970165014267
v 0.024490347132086754 -0.015179659239947796 -0.045986756682395935
v -0.033724289387464523 -0.03934108093380928 -0.033513493835926056
v -0.028786309063434601 -0.026057839393615723 0.0028623186517506838
v -0.032600797712802887 0.010909617878496647 -0.096500001847743988
v -0.023339517414569855 -0.016128325834870338 -0.096500001847743988
v -0.027878439053893089 -0.027063548564910889 0.0063371900469064713
v -0.029728332534432411 0.032430380582809448 0.00051996554248034954
v -0.034711915999650955 0.038304541260004044 -0.033183261752128601
v 0.014091856777667999 -0.014546033926308155 -0.096500001847743988
v 0.023449357599020004 -0.0052637839689850807 -0.096500001847743988
v -0.017749989405274391 0.044599834829568863 0.01116581354290247
v 0.029138388112187386 -0.027227010577917099 0.0040396340191364288
v 0.028585644438862801 0.033315364271402359 0.0077171223238110542
v 0.02763911709189415 0.026142464950680733 0.010701787658035755
v 0.026330182328820229 0.027196146547794342 0.013608335517346859
v 0.02243291400372982 -0.0299088004976511 0.019425006583333015
v -0.037043731659650803 0.021165400743484497 -0.023689240217208862
v -0.037813816219568253 -0.0085620367899537086 -0.035254597663879395
v -0.038018751889467239 0.0070283785462379456 -0.036275267601013184
v -0.03061104379594326 0.019206611439585686 -0.01294309739023447
v -0.011747576296329498 -0.033323179930448532 0.02754724957048893
v -0.025617623701691628 -0.04458322748541832 -0.021638723090291023
v -0.030367329716682434 -0.043241966515779495 -0.02004338800907135
v -0.031560271978378296 0.042420949786901474 -0.021513814106583595
v -0.031209956854581833 0.042677450925111771 -0.033033452928066254
v -0.028019702062010765 0.044215526431798935 -0.032772526144981384
v -0.026054181158542633 0.04456062987446785 -0.020638898015022278
v -0.032005093991756439 -0.042028903961181641 -0.032590407878160477
v -0.032332409173250198 -0.041752416640520096 -0.02085510827600956
v -0.028105380013585091 -0.044199768453836441 -0.02092759869992733
v -0.029520269483327866 -0.043670307844877243 -0.033098120242357254
v -0.029202207922935486 0.043815057724714279 -0.020897334441542625
v -0.024897046387195587 -0.027138438075780869 0.013789576478302479
v -0.0334772989153862 0.040105726569890976 -0.020754924044013023
v -0.03340689092874527 0.040464580059051514 -0.033171404153108597
v -0.013259307481348515 -0.030686121433973312 0.026426870375871658
v 0.0034560747444629669 0.033792208880186081 0.029628178104758263
v 0.011177309788763523 0.028126947581768036 -0.036592539399862289
v 0.016157614067196846 0.03359140083193779 0.025133321061730385
v 0.020030580461025238 0.027309412136673927 0.022014839574694633
v 0.029231870546936989 -0.033105958253145218 0.0011178679997101426
v -0.036986518651247025 0.012759055010974407 -0.02890324778854847
v -0.036699030548334122 0.00081748503725975752 -0.029551640152931213
v -0.039461061358451843 -0.00085622922051697969 -0.041014805436134338
v -0.003518224461004138 0.044599998742341995 0.0032943491823971272
v 0.0018965110648423433 0.044527798891067505 -0.029720904305577278
v -0.00078955246135592461 0.044599998742341995 -0.014217338524758816
v 0.011094297282397747 0.044599998742341995 -0.012471860274672508
v -0.036498486995697021 -0.0066116577945649624 -0.022609321400523186
v -0.0031906843651086092 -0.039099998772144318 -0.068069435656070709
v -0.00088258046889677644 -0.040770776569843292 -0.055347681045532227
v -0.0031635896302759647 0.039099998772144318 -0.068036846816539764
v -0.0010004859650507569 0.040782827883958817 -0.055251087993383408
v 0.0062162126414477825 -0.039099998772144318 -0.07694583386182785
v 0.006083193700760603 0.039099998772144318 -0.07683931291103363
v -0.032626211643218994 0.0076942783780395985 -0.096500001847743988
v -0.017487490549683571 -0.044599998742341995 -0.03342706710100174
v -0.0073042036965489388 -0.044599995017051697 -0.041672199964523315
v -0.016932547092437744 -0.044599998742341995 -0.019843630492687225
v 0.022744325920939445 -0.0081514734774827957 -0.096499994397163391
v 0.0015764534473419189 -0.024533431977033615 -0.096500001847743988
v -0.0082721933722496033 -0.030679941177368164 -0.096500001847743988
v -0.033419925719499588 -0.0040284995920956135 -0.019997339695692062
v -0.030660199001431465 0.013484979048371315 -0.019819555804133415
v -0.034283697605133057 0.024801034480333328 -0.020134022459387779
v -0.031104519963264465 0.03224283829331398 -0.0083809448406100273
v -0.011635404080152512 -0.044599998742341995 -0.030416848137974739
v -0.02169942669570446 -0.044599998742341995 -0.023299157619476318
v -0.021650206297636032 -0.044596482068300247 -0.049102429300546646
v -0.012347396463155746 -0.044599991291761398 -0.043892044574022293
v -0.022701313719153404 0.044599998742341995 -0.020498497411608696
v 0.028506524860858917 0.00015579190221615136 -0.0035297051072120667
v 0.024432042613625526 -2.3249875084729865e-05 -0.015637330710887909
v 0.020209899172186852 -0.00014353310689330101 -0.033447571098804474
v 0.029560299590229988 -5.421889727585949e-05 -0.045017022639513016
v 0.028505221009254456 0.016831405460834503 -0.0036991490051150322
v 0.024490403011441231 0.015483438037335873 -0.015560216270387173
v 0.028387853875756264 -0.016631856560707092 -0.0039061424322426319
v 0.024405650794506073 -0.015725428238511086 -0.015646051615476608
v 0.024490673094987869 0.0079951612278819084 -0.015528681688010693
v 0.020436299964785576 0.0062428312376141548 -0.032733965665102005
v 0.020097488537430763 -0.0067018689587712288 -0.032818607985973358
v 0.024462472647428513 -0.0080683939158916473 -0.015535417012870312
v 0.028326665982604027 0.024647369980812073 -0.0044452603906393051
v 0.028647195547819138 0.0079945335164666176 -0.0030813550110906363
v 0.028508644551038742 -0.0081654060631990433 -0.0034475650172680616
v 0.028097402304410934 -0.025058748200535774 -0.005076149944216013
v -0.030237721279263496 0.0038240086287260056 -0.0068263518624007702
v -0.030096050351858139 -0.016075825318694115 -0.0081042544916272163
v -0.033704977482557297 -0.034448545426130295 -0.017460530623793602
v -0.032940227538347244 -0.035925827920436859 -0.006268457043915987
v -0.034438025206327438 0.0048113171942532063 -0.096499994397163391
v -0.017616370692849159 0.027159949764609337 -0.096499986946582794
v -0.038921639323234558 0.028879592195153236 -0.052266914397478104
v -0.038797300308942795 0.021115629002451897 -0.063556820154190063
v -0.039197608828544617 0.016199152916669846 -0.075138330459594727
v -0.0055699623189866543 0.044593054801225662 0.019959438592195511
v -0.036648992449045181 0.0079328417778015137 -0.023851256817579269
v 0.022422417998313904 -0.011322830803692341 -0.096501447260379791
v -0.039747778326272964 0.014466377906501293 -0.088344745337963104
v -0.0068281800486147404 0.031104385852813721 -0.096500009298324585
v -0.0046599889174103737 0.016262063756585121 -0.096500001847743988
v -0.009836660698056221 -0.0046899216249585152 -0.096500001847743988
v -0.0062015610747039318 0.0062909461557865143 -0.096500001847743988
v -0.038533378392457962 -0.017561255022883415 -0.076864264905452728
v -0.038132183253765106 0.03065115213394165 -0.05379868671298027
v -0.038032788783311844 0.018665028735995293 -0.076586760580539703
v -0.039695318788290024 -0.014518740586936474 -0.088124647736549377
v -0.037333838641643524 -0.024248840287327766 -0.064409352838993073
v -0.036064483225345612 0.026203963905572891 -0.065615922212600708
v 0.032231852412223816 -0.0051391967572271824 -0.087437301874160767
v 0.031349819153547287 0.0098966378718614578 -0.075390428304672241
v 0.02960529737174511 0.014138102531433105 -0.064475029706954956
v 0.027894053608179092 0.016059592366218567 -0.053960639983415604
v 0.032241430133581161 0.0035191383212804794 -0.06532556563615799
v -0.038674041628837585 -0.017045758664608002 -0.088961049914360046
v -0.037875335663557053 -0.03145952895283699 -0.053538423031568527
v 0.02826213650405407 -0.015393439680337906 -0.054303586483001709
v 0.031237127259373665 -0.010336717590689659 -0.075023390352725983
v 0.032306939363479614 -0.0029246944468468428 -0.065548181533813477
v 0.0061804158613085747 -0.037461187690496445 -0.095908783376216888
v 0.0058200322091579437 0.038008712232112885 -0.09539370983839035
v -0.0059611299075186253 0.034354373812675476 -0.096505634486675262
v 0.0057182740420103073 0.035055290907621384 -0.096425846219062805
v -0.0066068819724023342 0.037964601069688797 -0.095353014767169952
v -0.0055717434734106064 -0.036924779415130615 -0.096208468079566956
v -0.0075737135484814644 -0.00082859152462333441 -0.096500001847743988
v -0.0098251672461628914 -0.039099998772144318 -0.074916936457157135
v -0.0094260489568114281 0.039099998772144318 -0.075158745050430298
v -0.0060821278020739555 -0.038864392787218094 -0.094036057591438293
v 0.0066293347626924515 -0.039026603102684021 -0.092755883932113647
v 0.0056337257847189903 0.039110284298658371 -0.093086197972297668
v 0.019702920690178871 -0.016872497275471687 -0.031398005783557892
v 0.0023489168379455805 0.026587832719087601 -0.096500001847743988
v 0.029811587184667587 -0.013653074391186237 -0.064816743135452271
v 0.019670808687806129 -0.019959274679422379 -0.045500710606575012
v -0.028641074895858765 -0.0051995846442878246 -0.096500001847743988
v 0.019819669425487518 -0.027830963954329491 -0.02689305879175663
v -0.038705755025148392 -0.028732722625136375 -0.05372382327914238
v -0.025098083540797234 -0.018379669636487961 -0.096500001847743988
v -0.03587767481803894 0.0026935616042464972 -0.096494607627391815
v 0.019644977524876595 0.019107865169644356 -0.045152526348829269
v 0.032181210815906525 0.0057015037164092064 -0.087712809443473816
v -0.037143807858228683 -0.020386287942528725 -0.076726861298084259
v 0.031842119991779327 -0.0082670589908957481 -0.087018519639968872
v -0.038652669638395309 0.017068633809685707 -0.088876321911811829
v 0.001116635394282639 -0.044599998742341995 -0.012235159054398537
v 0.0054145730100572109 -0.044601138681173325 -0.023031879216432571
v -0.020795555785298347 -0.044599998742341995 -0.0076100695878267288
v 0.028908314183354378 0.029532581567764282 0.006098815705627203
v -0.0097684785723686218 0.028934987261891365 0.028054440394043922
v -0.0050211441703140736 -0.044599168002605438 -0.040892098098993301
v -0.037243586033582687 0.032681431621313095 -0.027619881555438042
v 0.031689133495092392 0.0093091987073421478 -0.087293244898319244
v 0.028841089457273483 -0.016189822927117348 -0.064748652279376984
v -0.039378874003887177 -0.026007626205682755 -0.054291792213916779
v -0.039373025298118591 -0.015737911686301231 -0.075236670672893524
v -0.040786799043416977 -0.011430037207901478 -0.087613567709922791
v -0.022753318771719933 -0.044599998742341995 -0.034038830548524857
v 0.00269160489551723 -0.039099998772144318 -0.066027067601680756
v 0.0027688243426382542 0.039099998772144318 -0.066136665642261505
v -0.0066787083633244038 0.039238650351762772 -0.056641489267349243
v -0.0067742080427706242 -0.039254296571016312 -0.056542396545410156
v -0.037556067109107971 0.023630775511264801 -0.064692206680774689
v -0.042358569800853729 0.0021674949675798416 -0.075235612690448761
v 0.018214736133813858 -0.03015616163611412 0.023516612127423286
v 0.029725579544901848 0.03829709067940712 -0.0066659748554229736
v -0.023253904655575752 -0.044599637389183044 -0.0092949280515313148
v 0.028521869331598282 0.016928007826209068 -0.064792558550834656
v -0.037229482084512711 0.033668212592601776 -0.052826806902885437
v 0.031175840646028519 -0.011980563402175903 -0.086944445967674255
v 0.026812074705958366 -0.017983673140406609 -0.053845737129449844
v 0.027765015140175819 -0.018606461584568024 -0.064686067402362823
v 0.014334811829030514 -0.017492799088358879 -0.096500001847743988
v -0.037407979369163513 -0.019602587446570396 -0.088336706161499023
v -0.035836312919855118 -0.026908380910754204 -0.065192021429538727
v 0.022525127977132797 -0.014359096996486187 -0.096500299870967865
v 0.031185394152998924 0.011901821009814739 -0.086460091173648834
v 0.0081789921969175339 -0.039099998772144318 -0.087985716760158539
v 0.0084836967289447784 0.039099995046854019 -0.088052161037921906
v -0.0039683929644525051 -0.039099998772144318 -0.089291207492351532
v -0.01177562028169632 -0.039102423936128616 -0.080813542008399963
v -0.011551921255886555 0.039101634174585342 -0.079759657382965088
v -0.0042303423397243023 0.039099987596273422 -0.08947395533323288
v -0.036294635385274887 0.021994661539793015 -0.076793745160102844
v 0.016948975622653961 0.030745770782232285 -0.02699800580739975
v 0.030429063364863396 -0.013614865951240063 -0.075638480484485626
v 1.6630998288746923e-05 0.039099998772144318 -0.078333169221878052
v -0.016605662181973457 0.041650500148534775 -0.061614107340574265
v -1.9847964722430333e-05 -0.039099998772144318 -0.078414656221866608
v -0.017513766884803772 -0.041848372668027878 -0.062362086027860641
v -0.0087293684482574463 -0.039099998772144318 -0.071794793009757996
v -0.0086904661729931831 0.039099998772144318 -0.071900099515914917
v 0.030628632754087448 0.012869670055806637 -0.075343318283557892
v -0.037417471408843994 0.019575919955968857 -0.088126100599765778
v 0.026407076045870781 0.01874564029276371 -0.054093185812234879
v 0.029864544048905373 0.015583368949592113 -0.075560368597507477
v -0.033188000321388245 0.0044740070588886738 -0.020076023414731026
v -0.03056645393371582 0.021803218871355057 -0.010623245500028133
v -0.033326059579849243 0.032493129372596741 -0.017590070143342018
v -0.032951608300209045 0.036751683801412582 -0.005672684870660305
v -0.0091102095320820808 -0.039099998772144318 -0.068959616124629974
v -0.0092012723907828331 0.039099998772144318 -0.068920120596885681
v -0.035728290677070618 1.3972990018373821e-05 -0.096495062112808228
v -0.030340053141117096 0.0013063842197880149 -0.01117989607155323
v -0.041432011872529984 -0.0087741231545805931 -0.08727429062128067
v -0.039273489266633987 0.018614141270518303 -0.065611161291599274
v -0.040513843297958374 0.012188242748379707 -0.086644791066646576
v 0.016757458448410034 0.020026300102472305 -0.04325585812330246
v 0.029024207964539528 -0.038415625691413879 -0.0089826807379722595
v -0.039900030940771103 -0.023277925327420235 -0.055206626653671265
v 0.030623463913798332 0.014378904365003109 -0.086969703435897827
v 0.024794315919280052 0.021518388763070107 -0.054563645273447037
v 0.029505360871553421 -0.016718728467822075 -0.076086610555648804
v -0.04007662832736969 0.013772333040833473 -0.075584612786769867
v 0.0290085319429636 0.018181031569838524 -0.076131388545036316
v 0.0251003447920084 -0.035855293273925781 -0.017243402078747749
v 0.017903434112668037 -0.021616645157337189 -0.044885620474815369
v 0.030283123254776001 -0.015658415853977203 -0.08686075359582901
v 0.029834408313035965 0.017206287011504173 -0.087472029030323029
v 0.025554563850164413 0.035841356962919235 -0.016592562198638916
v 0.026258761063218117 0.022283811122179031 -0.066184289753437042
v 0.029179349541664124 0.019471358507871628 -0.088098794221878052
v 0.017381126061081886 -0.044599998742341995 -8.6861335148569196e-05
v 0.017558835446834564 0.024105947464704514 -0.045800749212503433
v -0.028616392984986305 -0.023299491032958031 -0.096496254205703735
v 0.029572784900665283 -0.018082799389958382 -0.0864676833152771
v -0.038522526621818542 -0.021798038855195045 -0.063479579985141754
v -0.030076602473855019 -0.021278455853462219 -0.0070092366077005863
v -0.030257163569331169 0.0092034190893173218 -0.0057725454680621624
v -0.030091211199760437 -0.010802810080349445 -0.0066766203381121159
v 0.025361618027091026 0.024385161697864532 -0.067141704261302948
v 0.024479849264025688 -0.022369604557752609 -0.055771607905626297
v 0.02878119982779026 -0.020625967532396317 -0.087165944278240204
v 0.01733550988137722 -0.024046147242188454 -0.045602332800626755
v -0.018048146739602089 -0.044599998742341995 -0.001084769144654274
v 0.0044279401190578938 -0.044599998742341995 0.00095541332848370075
v 0.026698151603341103 -0.020988592877984047 -0.064820677042007446
v -0.0062259631231427193 -0.044599998742341995 -1.4631731573899742e-05
v 0.017964515835046768 -0.044599998742341995 0.0025196124333888292
v -0.036810316145420074 -0.032630831003189087 -0.055907022207975388
v 0.022698713466525078 -0.016814373433589935 -0.096499994397163391
v 0.0022182515822350979 -0.027531227096915245 -0.096500001847743988
v -0.031185207888484001 -0.0262641292065382 -0.017017960548400879
v 0.027309814468026161 0.024618435651063919 -0.087445586919784546
v 0.017614478245377541 0.032626375555992126 -0.02527708001434803
v 0.027367612347006798 0.019666198641061783 -0.065425798296928406
v 0.026121873408555984 0.025795815512537956 -0.076545357704162598
v 0.016845496371388435 -0.044599995017051697 -0.0036494599189609289
v -0.0072316359728574753 -0.044599998742341995 -0.0034342433791607618
v 0.024234233424067497 0.026496369391679764 -0.066719673573970795
v 0.017314430326223373 -0.032856747508049011 -0.025623520836234093
v 0.022899456322193146 -0.024687342345714569 -0.05541214719414711
v 0.017198095098137856 -0.044599995017051697 0.0052846726030111313
v 0.02119501493871212 -0.027123834937810898 -0.055215474218130112
v 0.028124378994107246 0.020891768857836723 -0.076864287257194519
v 0.027044167742133141 -0.025187214836478233 -0.087450377643108368
v 0.026270452886819839 0.026682790368795395 -0.087052248418331146
v 0.02297203429043293 0.024548998102545738 -0.055338375270366669
v -0.033555008471012115 0.035388041287660599 -0.016885906457901001
v 0.027692301198840141 -0.029302019625902176 0.010623188689351082
v 0.0017651238013058901 0.041805204004049301 -0.054817624390125275
v 0.0087548205628991127 0.039100024849176407 -0.076295815408229828
v 0.011943955905735493 0.039074555039405823 -0.08805403858423233
v 0.0019800409208983183 -0.041608322411775589 -0.054997127503156662
v 0.020833157002925873 0.027320370078086853 -0.054383836686611176
v 0.025452602654695511 -0.023541569709777832 -0.065066583454608917
v 0.012018145062029362 0.031858213245868683 -0.029710827395319939
v 0.020637098699808121 0.0042642969638109207 -0.030606027692556381
v -0.035529624670743942 -0.023351101204752922 -0.076662957668304443
v 0.0073037752881646156 -0.016948070377111435 -0.096500001847743988
v 0.025960959494113922 -0.026003118604421616 -0.076095715165138245
v 0.020345766097307205 -0.02986418642103672 0.021710339933633804
v 0.0047670211642980576 -0.044599998742341995 -0.0029173742514103651
v 0.023531030863523483 -0.029488878324627876 -0.017706949263811111
v 0.027278725057840347 -0.022918941453099251 -0.076456569135189056
v 0.0052756527438759804 0.039100002497434616 -0.065598905086517334
v 0.003444775240495801 -0.044599998742341995 0.0042174444533884525
v 0.028431691229343414 -0.019872216507792473 -0.076372064650058746
v -0.030195342376828194 -0.0070772203616797924 -0.096500001847743988
v 0.023875053972005844 -0.026522854343056679 -0.064995497465133667
v -0.040288180112838745 -0.013045086525380611 -0.076275907456874847
v 0.0088119441643357277 -0.039099760353565216 -0.0762171670794487
v 0.032263711094856262 0.0041665071621537209 -0.075627632439136505
v 0.020619349554181099 0.021240456029772758 -0.028117422014474869
v 0.031296912580728531 0.0088299661874771118 -0.064700409770011902
v 0.032268494367599487 0.0032251849770545959 -0.054659668356180191
v 0.029159428551793098 0.013399594463407993 -0.054044827818870544
v 0.019032891839742661 0.044599980115890503 0.004746041726320982
v 0.015316286124289036 -0.044599998742341995 0.008308027870953083
v -0.035558450967073441 -0.0026025311090052128 -0.096496999263763428
v 0.020373011007905006 -0.021065931767225266 -0.027114912867546082
v 0.032242640852928162 -0.0043755597434937954 -0.075733602046966553
v 0.031379062682390213 -0.0085039734840393066 -0.065027326345443726
v 0.032232720404863358 -0.0034731803461909294 -0.055069882422685623
v 0.029373623430728912 -0.012993687763810158 -0.054700989276170731
v 0.0069019072689116001 0.039884425699710846 -0.03591836616396904
v 0.0077899605967104435 0.036646265536546707 -0.04756150022149086
v 0.0099779795855283737 0.038764599710702896 -0.068533129990100861
v 0.012500754557549953 0.042538389563560486 -0.025738939642906189
v -0.034405838698148727 -0.02930394746363163 -0.065554335713386536
v -0.035493213683366776 -0.022847319021821022 -0.087611347436904907
v -0.034807391464710236 0.024334339424967766 -0.076921388506889343
v 0.02727130800485611 0.023291541263461113 -0.077571287751197815
v -0.025381393730640411 0.034126367419958115 -0.088256992399692535
v 0.006666925735771656 -0.041082270443439484 -0.034840445965528488
v 0.008488907478749752 -0.036154970526695251 -0.047600891441106796
v 0.010691618546843529 -0.038852952420711517 -0.069189786911010742
v 0.013246683403849602 -0.04272494837641716 -0.02489922009408474
v -0.029124535620212555 0.040879834443330765 -0.055829044431447983
v -0.033623345196247101 0.036755762994289398 -0.055929724127054214
v 0.014977009035646915 -0.044599998742341995 -0.0067863999865949154
v -0.023967564105987549 -0.044594056904315948 -0.042592428624629974
v -0.039473626762628555 -0.018716601654887199 -0.064167633652687073
v -0.02744532935321331 0.032456044107675552 -0.088528044521808624
v -0.030944859609007835 0.038335032761096954 -0.055392391979694366
v -0.034184783697128296 0.028921481221914291 -0.0667119100689888
v -0.035634838044643402 0.02270091325044632 -0.088940858840942383
v -0.026298675686120987 -0.034473773092031479 -0.076814010739326477
v 0.0055740596726536751 -0.039100069552659988 -0.06496874988079071
v -0.029236676171422005 -0.030693372711539268 -0.0880865678191185
v -0.029328612610697746 0.030608324334025383 -0.08852674812078476
v -0.028021980077028275 0.032868769019842148 -0.077027559280395508
v -0.027539048343896866 -0.032360117882490158 -0.087612494826316833
v 0.02583882212638855 -0.027453770861029625 -0.087508648633956909
v -0.028431709855794907 -0.032474827021360397 -0.076797567307949066
v -0.030522489920258522 -0.039460435509681702 -0.054495058953762054
v -0.027980022132396698 -0.036722216755151749 -0.065290376543998718
v 0.016010772436857224 -0.026600953191518784 -0.045832589268684387
v -0.011735908687114716 0.044599998742341995 -0.023828452453017235
v 0.027831431478261948 -0.041249953210353851 -0.010724962688982487
v 0.028369111940264702 0.021827714517712593 -0.087191194295883179
v 0.025014791637659073 0.028728744015097618 -0.087825365364551544
v 0.015666982159018517 0.025896621868014336 -0.045036859810352325
v -0.028247127309441566 0.03629540279507637 -0.065840266644954681
v -0.020248511806130409 -0.036994591355323792 -0.089886151254177094
v 0.019617021083831787 0.029722899198532104 -0.056179970502853394
v 0.014065190218389034 -0.028756817802786827 -0.044927716255187988
v 0.013617544434964657 0.028250642120838165 -0.043886095285415649
v 0.022940842434763908 -0.030968993902206421 -0.077591247856616974
v 0.023244615644216537 0.030546385794878006 -0.077247150242328644
v 0.024334482848644257 -0.028939731419086456 -0.076794303953647614
v 0.024713754653930664 0.028409384191036224 -0.076966181397438049
v 0.022700758650898933 -0.036471720784902573 -0.020336084067821503
v 0.024371594190597534 -0.029692407697439194 -0.08740612119436264
v 0.022744329646229744 0.028998898342251778 -0.066605031490325928
v 0.022291332483291626 -0.029419677332043648 -0.065910495817661285
v 0.02118268609046936 -0.033349953591823578 -0.088427893817424774
v 0.023962059989571571 0.038154754787683487 -0.018767619505524635
v 0.021241012960672379 0.033315956592559814 -0.0878167524933815
v 0.023060394451022148 0.031360317021608353 -0.088484145700931549
v 0.023141451179981232 -0.031237617135047913 -0.088704995810985565
v -0.035252463072538376 -0.035520691424608231 -0.055490326136350632
v -0.033669978380203247 0.025765854865312576 -0.078800469636917114
v -0.0088636931031942368 -0.044599998742341995 0.002928942209109664
v 0.013666379265487194 -0.044599998742341995 0.011700223200023174
v 0.015522743575274944 0.033090963959693909 -0.026480721309781075
v 0.020645979791879654 0.031522024422883987 -0.066603563725948334
v 0.015608860179781914 -0.034626007080078125 -0.026204133406281471
v 0.020877683535218239 -0.03128916397690773 -0.06667550653219223
v 0.019111689180135727 -0.029875962063670158 -0.054946161806583405
v 0.021251548081636429 -0.032846581190824509 -0.077226981520652771
v 0.021458281204104424 0.032657328993082047 -0.077443972229957581
v -0.034128919243812561 -0.025543071329593658 -0.076667673885822296
v -0.031058087944984436 -0.028706138953566551 -0.088309936225414276
v 0.011121730320155621 0.033485207706689835 -0.044367171823978424
v 0.013686289079487324 0.034786880016326904 -0.055719751864671707
v -0.037922583520412445 -0.032846219837665558 -0.037077724933624268
v 0.017942888662219048 0.036090843379497528 -0.087723344564437866
v 0.01964426226913929 0.0347423255443573 -0.088933423161506653
v -0.025552742183208466 -0.034013338387012482 -0.088694386184215546
v 0.014363166876137257 -0.020911792293190956 -0.096500001847743988
v 0.012926110066473484 -0.038243871182203293 -0.028018862009048462
v 0.021248491480946541 -0.019269073382019997 -0.096498608589172363
v 0.015035946853458881 0.03651006892323494 -0.067107453942298889
v -0.032519407570362091 -0.027807055041193962 -0.076681680977344513
v 0.014956590719521046 -0.03640235960483551 -0.066107705235481262
v 0.015790097415447235 0.032935876399278641 -0.05468156561255455
v 0.015198297798633575 -0.037779584527015686 -0.087462067604064941
v 0.025746650993824005 -0.042659662663936615 -0.011558265425264835
v 0.0015491724479943514 -0.044599998742341995 0.0071271397173404694
v 0.012774218805134296 -0.031373891979455948 -0.04514726996421814
v -0.035787090659141541 0.034475326538085938 -0.056206017732620239
v -0.002167549217119813 0.044599998742341995 0.0056224656291306019
v 0.014024246484041214 0.044599998742341995 -0.0084614893421530724
v 0.0039429599419236183 0.04456927627325058 -0.025543436408042908
v -0.0023385817185044289 0.044599998742341995 -0.016880836337804794
v -0.0055618188343942165 0.044599998742341995 -0.0019040253246203065
v 0.0014994856901466846 0.044599998742341995 -0.009441661648452282
v -0.0011287764646112919 0.044584609568119049 -0.034073721617460251
v 0.0086686741560697556 0.044599957764148712 -0.01758047379553318
v 0.014981897547841072 -0.033764131367206573 -0.055433232337236404
v 0.028197076171636581 -0.029002228751778603 -0.0046668038703501225
v 0.014402774162590504 0.035687092691659927 -0.02695821039378643
v 0.019372733309864998 0.034661225974559784 -0.07738136500120163
v 0.017250301316380501 0.034896168857812881 -0.0670815110206604
v -0.03055867925286293 -0.030243711546063423 -0.076672114431858063
v 0.017042078077793121 -0.034882429987192154 -0.066331639885902405
v 0.026355594396591187 0.034592684358358383 -0.01466790959239006
v 0.016535280272364616 -0.036769598722457886 -0.077197812497615814
v 0.013302606530487537 -0.044599998742341995 -0.0093411542475223541
v 0.0029534508939832449 -0.044599998742341995 -0.0097030717879533768
v -0.0081071974709630013 -0.044599998742341995 -0.0070516373962163925
v -0.018338456749916077 -0.044599998742341995 -0.0038702604360878468
v 0.0022591962479054928 -0.044579982757568359 -0.027899833396077156
v -0.0082775317132472992 -0.044599998742341995 -0.025178151205182076
v -0.0023574009537696838 -0.044599998742341995 -0.016604950651526451
v -0.013297854922711849 -0.044599998742341995 -0.014561701565980911
v -0.0020002513192594051 -0.044563557952642441 -0.036188609898090363
v 0.0087568527087569237 -0.044600076973438263 -0.018639033660292625
v 0.018499575555324554 -0.035666786134243011 -0.088130071759223938
v 0.017109096050262451 0.036404829472303391 -0.077370680868625641
v 0.01728077232837677 -0.032086748629808426 -0.056052826344966888
v 0.027158267796039581 0.0416991226375103 -0.011186975054442883
v 0.017685294151306152 0.03179723396897316 -0.056278843432664871
v 0.018963245674967766 -0.034956570714712143 -0.077113084495067596
v 0.013469529338181019 -0.035218831151723862 -0.027624798938632011
v -0.035809442400932312 0.006447475403547287 -0.020757874473929405
v 0.020009664818644524 0.0036043815780431032 -0.037285089492797852
v -0.021138964220881462 -0.04460042342543602 0.0036905822344124317
v 0.013274599798023701 0.030833616852760315 -0.045613870024681091
v 0.021829754114151001 0.038829468190670013 -0.021218599751591682
v -0.026040902361273766 0.03758607804775238 -0.065402157604694366
v -0.038260072469711304 0.032360140234231949 -0.039502725005149841
v 0.01626567542552948 0.044599998742341995 -0.0067652361467480659
v -0.0094989724457263947 0.044599998742341995 0.01290434505790472
v -0.018220700323581696 -0.028769662603735924 0.02319110743701458
v -0.036783643066883087 -0.0048439172096550465 -0.096494242548942566
v -0.033276878297328949 0.026044212281703949 -0.087949931621551514
v 0.019006768241524696 0.033435706049203873 -0.067592114210128784
v -0.025487713515758514 0.035047795623540878 -0.076804369688034058
v -0.025600047782063484 -0.037388909608125687 -0.066883869469165802
v -0.028423193842172623 -0.040288686752319336 -0.057577133178710938
v -0.040594782680273056 0.018656417727470398 -0.057435419410467148
v -0.031913407146930695 0.028325136750936508 -0.077950529754161835
v -0.031150033697485924 0.028606388717889786 -0.088352560997009277
v 0.0036297100596129894 -0.044599998742341995 -0.0063578221015632153
v -0.023733349516987801 -0.036254707723855972 -0.076206080615520477
v 0.022858189418911934 0.043641097843647003 -0.013566136360168457
v 0.0064834300428628922 0.044599998742341995 0.00018994028505403548
v 0.011104858480393887 -0.036633215844631195 -0.05636654794216156
v -0.027605462819337845 0.040659196674823761 -0.058461084961891174
v 0.019793717190623283 0.041178856045007706 -0.02234051376581192
v 0.014588413760066032 0.037853524088859558 -0.077484577894210815
v 0.015359103679656982 0.03770073875784874 -0.088412851095199585
v -0.01327972300350666 0.02454477921128273 0.026583036407828331
v 0.023923519998788834 -0.043173834681510925 -0.013459582813084126
v 0.011556996963918209 -0.039105940610170364 -0.087917864322662354
v 0.0015457089757546782 0.039099998772144318 -0.072364084422588348
v 0.001531492336653173 -0.039099998772144318 -0.072415262460708618
v -0.0077750007621943951 -0.039100006222724915 -0.06334976851940155
v -0.0077863568440079689 0.039100002497434616 -0.063240498304367065
v -0.030295766890048981 -0.0080762505531311035 -0.015178496949374676
v 0.010916316881775856 -0.044599968940019608 0.014393419027328491
v 0.014036435633897781 -0.038142986595630646 -0.077209301292896271
v -0.030540773645043373 0.034376490861177444 -0.066272549331188202
v 0.020386461168527603 0.018414480611681938 -0.030290417373180389
v 0.021146193146705627 0.015953909605741501 -0.044908918440341949
v -0.026945915073156357 0.027638519182801247 0.0090668471530079842
v 0.019971681758761406 -0.018933854997158051 -0.029520504176616669
v 0.019250668585300446 -0.016890585422515869 -0.044230882078409195
v 0.027305122464895248 -0.0097652599215507507 -0.045458283275365829
v -0.011603690683841705 -0.0094205550849437714 -0.096500001847743988
v 0.03245442733168602 -0.0020703936461359262 -0.087859869003295898
v -0.032339479774236679 0.031865857541561127 -0.066475406289100647
v -0.030011426657438278 0.030698787420988083 -0.077350594103336334
v -0.016522293910384178 0.043663609772920609 -0.055497221648693085
v -0.016680525615811348 -0.043682534247636795 -0.055661603808403015
v 0.019269146025180817 -0.041213497519493103 -0.022631390020251274
v -0.033245749771595001 -0.026118967682123184 -0.088609166443347931
v -0.03548775240778923 -0.03351004421710968 -0.058297470211982727
v 0.019248755648732185 -0.032943226397037506 -0.066413372755050659
v 0.021714013069868088 -0.039743617177009583 -0.021369677037000656
v -0.041327405720949173 0.0092519884929060936 -0.086725160479545593
v -0.033075012266635895 -0.029960073530673981 -0.068014539778232574
v -0.040969736874103546 -0.010734112001955509 -0.077331557869911194
v 0.019533166661858559 -0.030901607125997543 -0.025006800889968872
v -0.037823569029569626 -0.01961175724864006 -0.03389127179980278
v 0.01701456680893898 0.044599998742341995 -0.0043483222834765911
v -0.033101055771112442 -0.031579136848449707 -0.06536642462015152
v 0.00093523866962641478 -0.044599998742341995 0.0099572669714689255
v -0.0060037360526621342 0.043322693556547165 -0.051051400601863861
v -0.0055082216858863831 -0.043454088270664215 -0.050805278122425079
v -0.037070423364639282 0.035174541175365448 -0.026855451986193657
v -0.041489854454994202 -0.0091064516454935074 -0.04867066815495491
v -0.040914140641689301 0.011108977720141411 -0.07571110874414444
v 0.011457106098532677 0.039089906960725784 -0.077621370553970337
v 0.00836142897605896 0.037018567323684692 -0.035824637860059738
v 0.011312531307339668 -0.039058852940797806 -0.076879248023033142
v 0.0082518439739942551 -0.038177080452442169 -0.033710010349750519
v 0.0075417347252368927 0.039101317524909973 -0.066913977265357971
v 0.0088461562991142273 0.03815111517906189 -0.058674227446317673
v 0.0080079929903149605 -0.039087500423192978 -0.067046605050563812
v 0.010486924089491367 -0.037555523216724396 -0.059095241129398346
v 0.0058130309917032719 0.038715846836566925 -0.046807572245597839
v 0.0038105794228613377 0.039869226515293121 -0.055968068540096283
v 0.0039879083633422852 -0.039393149316310883 -0.056270226836204529
v 0.0058636623434722424 -0.037932902574539185 -0.046653617173433304
v -0.041186582297086716 0.005086156539618969 -0.046495459973812103
v 0.020770540460944176 -0.022095762193202972 -0.096497945487499237
v -0.031493689864873886 -0.032403241842985153 -0.067478522658348083
v -0.034117512404918671 -0.035546794533729553 -0.058052819222211838
v 0.0024999713059514761 -0.043022479861974716 -0.044909834861755371
v 0.0025867416989058256 0.042975716292858124 -0.045237615704536438
v 0.017949691042304039 0.044599991291761398 -0.0016454963479191065
v -0.00044488935964182019 0.044599998742341995 0.0079525792971253395
v -0.023907298222184181 0.038074709475040436 -0.066761210560798645
v -0.020805766806006432 0.036781754344701767 -0.087992526590824127
v -0.023436307907104492 -0.037922456860542297 -0.068242959678173065
v 0.0057177403941750526 0.04210565984249115 -0.034626778215169907
v -0.0085645401850342751 0.044599998742341995 -0.019421648234128952
v -0.0030530241783708334 0.018820701166987419 -0.096500001847743988
v -0.023139543831348419 0.035576354712247849 -0.088237777352333069
v 0.011037908494472504 0.036722488701343536 -0.05658407136797905
v -0.022437611594796181 0.022959144786000252 0.018432160839438438
v 0.019037380814552307 -0.010353486984968185 -0.038855772465467453
v 0.00092869973741471767 -0.043822169303894043 -0.042107138782739639
v 0.0013238603714853525 0.043663866817951202 -0.042527545243501663
v 0.022317433729767799 0.025986842811107635 -0.021184682846069336
v 0.0318717360496521 0.0066455621272325516 -0.070041060447692871
v 0.030420245602726936 0.011113685555756092 -0.059371422976255417
v 0.031799707561731339 0.0053830551914870739 -0.050297018140554428
v -0.021419849246740341 -0.037307091057300568 -0.076592989265918732
v -0.013424383476376534 0.00093400443438440561 -0.096500001847743988
v 0.02075614407658577 0.043589882552623749 -0.016806429252028465
v -0.010153220966458321 -0.044599998742341995 0.0064147152006626129
v 0.0082136867567896843 -0.044599980115890503 0.016930077224969864
v -0.039894793182611465 0.016092142090201378 -0.067308053374290466
v 0.016468999907374382 -0.042044445872306824 -0.023844903334975243
v 0.0075752492994070053 0.044599998742341995 0.0023393312003463507
v -0.023494718596339226 -0.035373624414205551 -0.08639034628868103
v 0.021763129159808159 -0.025647476315498352 -0.021836267784237862
v 0.031911246478557587 -0.0064244559034705162 -0.070387817919254303
v 0.030530830845236778 -0.0108194500207901 -0.059775415807962418
v 0.020074890926480293 -0.013657556846737862 -0.04385816678404808
v 0.02896626852452755 -0.013199076987802982 -0.050094157457351685
v 0.031794771552085876 -0.0054865502752363682 -0.050550792366266251
v -0.016763634979724884 0.044329851865768433 -0.052915427833795547
v -0.02424229308962822 -0.044601250439882278 -0.03062029741704464
v -0.023029299452900887 0.036397065967321396 -0.07750401645898819
v 0.012535557150840759 0.037901852279901505 -0.067598171532154083
v 0.0092444606125354767 0.036309923976659775 -0.050897989422082901
v 0.016631007194519043 0.042113658040761948 -0.023638049140572548
v 0.018033556640148163 -0.016466418281197548 -0.039282314479351044
v -0.040868766605854034 0.010929198935627937 -0.045864805579185486
v -0.040883392095565796 -0.016001671552658081 -0.059245310723781586
v 0.010839547961950302 -0.034572325646877289 -0.047799788415431976
v 0.016577459871768951 0.021603373810648918 -0.037445954978466034
v -0.041934605687856674 -0.0064551695249974728 -0.088517569005489349
v -0.041640497744083405 -0.0080537628382444382 -0.077057525515556335
v -0.041488576680421829 -0.013200552202761173 -0.058661803603172302
v -0.042267188429832458 -0.0041471244767308235 -0.087017767131328583
v -0.040449552237987518 0.004521047230809927 -0.043893080204725266
v 0.011457774788141251 0.037273168563842773 -0.060086715966463089
v 0.017680518329143524 0.044121112674474716 -0.018148122355341911
v 0.015367190353572369 -0.044594332575798035 -0.014965804293751717
v 0.015200715512037277 0.044583488255739212 -0.01653018593788147
v 0.0082729049026966095 -0.044455006718635559 -0.023223953321576118
v 0.010022757574915886 0.043713700026273727 -0.025094375014305115
v -0.00090581423137336969 -0.044599998742341995 0.011722619645297527
v -0.024248590692877769 0.041431013494729996 -0.061381828039884567
v -0.023721171543002129 -0.042298410087823868 -0.060617871582508087
v 0.0033803989645093679 0.043880391865968704 -0.032768141478300095
v 0.0054359277710318565 -0.042951207607984543 -0.032755732536315918
v 0.010654252022504807 0.034734606742858887 -0.047929812222719193
v 0.013193564489483833 -0.011536621488630772 -0.096500001847743988
v -0.0075712963007390499 -0.029739517718553543 0.028681645169854164
v -0.04078134149312973 0.013559344224631786 -0.065561622381210327
v -0.0080441450700163841 0.044599998742341995 0.0052322745323181152
v 0.0073042218573391438 0.044599998742341995 -0.0085173975676298141
v 0.0027864004950970411 0.044599998742341995 -0.01838964968919754
v -0.0018941768212243915 0.044599998742341995 -0.026098350062966347
v 0.0066256709396839142 -0.044599998742341995 -0.01326078362762928
v -0.015463304705917835 -0.044599998742341995 -0.0091099822893738747
v -0.0052304710261523724 -0.044599995017051697 -0.030520675703883171
v -0.00039390849997289479 -0.044599998742341995 -0.022244678810238838
v 0.00026784566580317914 0.044599998742341995 -0.00054402725072577596
v -0.0041427542455494404 0.044599998742341995 -0.010221566073596478
v -0.0043708416633307934 -0.044599998742341995 -0.011010472662746906
v -0.010829211212694645 -0.044599998742341995 -0.020068740472197533
v 0.019105043262243271 0.044599946588277817 0.0015193441649898887
v 0.032477222383022308 0.00063148373737931252 -0.05938233807682991
v -0.021343996748328209 0.038411363959312439 -0.068861186504364014
v -0.039106864482164383 -0.0095581961795687675 -0.039970420300960541
v -0.037198781967163086 -0.022930493578314781 -0.026613552123308182
v -0.037592243403196335 -0.021807057783007622 -0.031721651554107666
v -0.041029307991266251 -0.0069879819639027119 -0.045983526855707169
v 0.013123762793838978 -0.037612605839967728 -0.067404240369796753
v 0.011267120018601418 -0.033568825572729111 -0.045171473175287247
v 0.0099831568077206612 -0.03533819317817688 -0.03426264226436615
v -0.020428977906703949 -0.036964703351259232 -0.087303765118122101
v -0.029926236718893051 -0.034795098006725311 -0.066608540713787079
v -0.016874136403203011 -0.044418409466743469 -0.052443958818912506
v -0.02112405002117157 0.037103395909070969 -0.079366378486156464
v -0.0077760177664458752 -0.044401377439498901 -0.048219021409749985
v -0.019657908007502556 -0.0377950519323349 -0.078193336725234985
v -0.041831031441688538 0.010119061917066574 -0.059396080672740936
v -0.030596701428294182 -0.018685447052121162 -0.012837852351367474
v 0.029233586043119431 0.024112967774271965 0.0031135263852775097
v 0.025277150794863701 0.025372181087732315 0.015527513809502125
v -0.018639096990227699 0.024527283385396004 0.023001311346888542
v 0.0043679019436240196 -0.023962210863828659 0.0293923020362854
v 0.01533889677375555 -0.024460574612021446 0.025458572432398796
v -0.015134106390178204 0.025858728215098381 0.025524843484163284
v 0.021166320890188217 -0.043080274015665054 -0.017692858353257179
v -0.029692323878407478 0.02592068538069725 -0.0011109212646260858
v -0.029761241748929024 0.01538356114178896 -0.0016012723790481687
v -0.02978934533894062 -0.0060908496379852295 -0.0016013308195397258
v 0.027878306806087494 -0.023588920012116432 0.010075464844703674
v -0.01729113794863224 -0.025545584037899971 0.02393476665019989
v 0.022439038380980492 -0.02355537936091423 0.019484179094433784
v 0.028513519093394279 -0.023475565016269684 0.0077954484149813652
v -0.010988319292664528 0.02507946640253067 0.027625761926174164
v 0.017602661624550819 -0.023601910099387169 0.023959765210747719
v 0.020084206014871597 0.016388194635510445 -0.032170142978429794
v 0.027088547125458717 -0.025526793673634529 0.012153544463217258
v 0.020167404785752296 -0.023042730987071991 0.021856913343071938
v 0.0021207390818744898 -0.039099998772144318 -0.088544420897960663
v -0.013303861021995544 -0.039099998772144318 -0.070753671228885651
v -0.014089783653616905 0.039102781563997269 -0.070987492799758911
v 0.0020640194416046143 0.039099998772144318 -0.088783368468284607
v -0.0059247575700283051 -0.039099998772144318 -0.079568669199943542
v -0.0098182167857885361 -0.039103139191865921 -0.089934900403022766
v -0.0057141645811498165 0.039099998772144318 -0.079404868185520172
v -0.010598943568766117 0.039099171757698059 -0.089427568018436432
v 0.0070050070062279701 0.044599998742341995 0.0046543949283659458
v -0.041326854377985001 0.013211078010499477 -0.059862416237592697
v -0.041109140962362289 0.01144779659807682 -0.067894995212554932
v -0.016090452671051025 0.044562093913555145 -0.050374913960695267
v -0.018435787409543991 0.038171887397766113 -0.078435890376567841
v 0.0097088059410452843 0.044599998742341995 0.0070533766411244869
v 0.0014643953181803226 0.044599998742341995 0.010420691221952438
v -0.010762999765574932 0.044599998742341995 -0.016428103670477867
v -0.01736774854362011 -0.044599998742341995 -0.026654357090592384
v -0.014515731483697891 0.044599998742341995 -0.035828802734613419
v -0.017210345715284348 -0.044599998742341995 -0.04006623849272728
v -0.0077935652807354927 0.044504940509796143 -0.047494146972894669
v 0.0048678936436772346 -0.044599998742341995 0.017722697928547859
v 0.02343565970659256 -0.026679586619138718 0.018196789547801018
v 0.010492740198969841 -0.032164078205823898 -0.034269098192453384
v -0.041921671479940414 0.0066015943884849548 -0.088138654828071594
v -0.041662599891424179 0.0088010840117931366 -0.068572111427783966
v -0.023312252014875412 -0.044600926339626312 -0.016546322032809258
v -0.024591550230979919 -0.044593587517738342 -0.036799829453229904
v -0.032738689333200455 -0.037187393754720688 -0.056470490992069244
v -0.020203948020935059 -0.035331279039382935 -0.095173299312591553
v -0.028601160272955894 0.034376084804534912 0.010469004511833191
v -0.027412479743361473 -0.032890874892473221 0.0080118374899029732
v -0.018460759893059731 0.033185467123985291 -0.096312344074249268
v -0.030117468908429146 -0.0012100378517061472 -0.0043725906871259212
v -0.030692722648382187 -0.015767266973853111 -0.01971668004989624
v -0.030303338542580605 0.019070683047175407 -0.0043825455941259861
v -0.041893821209669113 0.0065318048000335693 -0.077713392674922943
v -0.037367548793554306 -0.01062313374131918 -0.032759729772806168
v -0.036748841404914856 0.010441112332046032 -0.026487261056900024
v -0.037172812968492508 0.0031647712457925081 -0.032705545425415039
v -0.03864089772105217 -0.0032710244413465261 -0.038750357925891876
v -0.038385327905416489 0.004854065366089344 -0.037845592945814133
v -0.037114538252353668 -0.0033996128477156162 -0.032451912760734558
v -0.036802817136049271 -0.010285478085279465 -0.027272721752524376
v -0.037218775600194931 0.0091081485152244568 -0.032119095325469971
v -0.040237434208393097 -0.0027218915056437254 -0.043181613087654114
v -0.018431013450026512 0.037748575210571289 -0.087313935160636902
v 0.0097420988604426384 -0.025336030870676041 -0.096500001847743988
v 0.01601489819586277 0.044599998742341995 0.0035487017594277859
v -0.015865612775087357 0.044599998742341995 -0.039054024964570999
v -0.0051453122869133949 0.044596217572689056 -0.044560529291629791
v -0.015627771615982056 0.044598754495382309 -0.047221478074789047
v -0.013161655515432358 0.044599998742341995 -0.032054539769887924
v -0.010913209989666939 0.044599998742341995 -0.012346286326646805
v -0.041747834533452988 -0.0073250043205916882 -0.079910270869731903
v -0.003044965211302042 -0.044599998742341995 0.013956431299448013
v -0.015371738001704216 -0.038585927337408066 -0.08768906444311142
v -0.0038875879254192114 -0.027142962440848351 0.02943812683224678
v -0.022157244384288788 0.041598904877901077 -0.063035033643245697
v -0.0057694786228239536 0.021977132186293602 -0.096500001847743988
v -0.0010255021043121815 0.031698126345872879 -0.096500001847743988
v 0.011232363991439342 0.031803052872419357 -0.096499130129814148
v 0.0029085362330079079 0.015455412678420544 -0.096500001847743988
v 0.00016350767691619694 0.005896005779504776 -0.096500001847743988
v -0.0058461418375372887 -0.0043177907355129719 -0.096500001847743988
v -0.0079943565651774406 0.015278153121471405 -0.096500001847743988
v -0.016283420845866203 0.0048685045912861824 -0.096500001847743988
v -0.010099809616804123 0.021057765930891037 -0.096500001847743988
v -0.014753575436770916 -0.044599998742341995 -0.041934490203857422
v -0.019453439861536026 -0.04459821805357933 -0.050810754299163818
v -0.014799865894019604 -0.044599998742341995 -0.028538895770907402
v -0.019703119993209839 -0.044599998742341995 -0.03833027184009552
v -0.010014470666646957 -0.044594455510377884 -0.045904651284217834
v -0.019690601155161858 -0.044599998742341995 -0.024781769141554832
v -0.019178099930286407 0.043095286935567856 -0.061869442462921143
v -0.0072651384398341179 -0.039101492613554001 -0.060015395283699036
v -0.016853300854563713 -0.042748123407363892 -0.058885592967271805
v -0.0072197704575955868 0.039101332426071167 -0.059966836124658585
v -0.017026215791702271 0.042874939739704132 -0.05882536992430687
v -0.0083640757948160172 -0.039099998772144318 -0.066485226154327393
v 0.0021409834735095501 -0.039099998772144318 -0.069251753389835358
v -0.0062004029750823975 -0.041327644139528275 -0.05364343523979187
v 0.0021449422929435968 0.039099998772144318 -0.069252476096153259
v -0.0084259333088994026 0.039099998772144318 -0.066376566886901855
v -0.0061347633600234985 0.041047185659408569 -0.053914561867713928
v 0.0008127483306452632 -0.039099998772144318 -0.075473569333553314
v 0.00083782669389620423 0.039099998772144318 -0.075401917099952698
v -0.018580533564090729 0.038792427629232407 -0.069631576538085938
v -0.0077796503901481628 -0.020369891077280045 -0.096500001847743988
v -0.0022721658460795879 -0.0043385112658143044 -0.096500001847743988
v 0.0020935013890266418 0.0051654069684445858 -0.096500001847743988
v 0.0078179193660616875 0.019090082496404648 -0.096500001847743988
v -0.030644170939922333 0.027090448886156082 -0.0067331450991332531
v -0.011102228425443172 -0.0211014524102211 -0.096500001847743988
v -0.0098193855956196785 -0.014124906621873379 -0.096500001847743988
v -0.022573895752429962 0.029570182785391808 0.018265293911099434
v -0.0020804926753044128 0.006826804019510746 -0.096500001847743988
v -0.0067967758513987064 0.017366478219628334 -0.096500001847743988
v -0.0078540109097957611 0.02136281318962574 -0.096500001847743988
v -0.0091751199215650558 0.030446141958236694 -0.096500001847743988
v -0.02541506290435791 0.029963154345750809 0.01281890831887722
v -0.042317237704992294 -0.0040267114527523518 -0.068796887993812561
v 0.012900413945317268 0.029712405055761337 -0.096499964594841003
v 0.015222171321511269 0.031348899006843567 0.025506138801574707
v 0.017586814239621162 -0.026647858321666718 -0.096499033272266388
v -0.042194109410047531 -0.0046803802251815796 -0.078644320368766785
v -0.041962411254644394 -0.0066446983255445957 -0.069770447909832001
v -0.042193543165922165 -0.0066332751885056496 -0.06053481251001358
v -0.012267145328223705 -0.038995128124952316 -0.087418302893638611
v -0.012278886511921883 0.03890502080321312 -0.086265794932842255
v 0.018732616677880287 0.014583142474293709 -0.038765840232372284
v -0.00094354659086093307 -0.039099998772144318 -0.088956110179424286
v -0.0030019814148545265 -0.039099998772144318 -0.07902197539806366
v -0.0010730770882219076 0.039099976420402527 -0.089186452329158783
v -0.0028978160116821527 0.039099998772144318 -0.07893054187297821
v -0.011182092130184174 -0.039099998772144318 -0.069958135485649109
v -0.0088307857513427734 -0.039099998772144318 -0.080122344195842743
v -0.0084598511457443237 0.039099998772144318 -0.079744704067707062
v -0.011414642445743084 0.039099998772144318 -0.069992423057556152
v -0.0069059464149177074 -0.039099946618080139 -0.089596621692180634
v 0.0051234648562967777 -0.039099998772144318 -0.088125526905059814
v 0.0052045146003365517 0.039099998772144318 -0.0883612260222435
v -0.0074275904335081577 0.039099998772144318 -0.089624620974063873
v -0.016285061836242676 0.039102844893932343 -0.068756818771362305
v -0.029146349057555199 0.002241120208054781 0.0012851945357397199
v -0.029416743665933609 -0.0091766873374581337 0.00025534169981256127
v -0.029463741928339005 -0.016544142737984657 8.5844716522842646e-05
v -0.029634801670908928 -0.027084261178970337 -0.00039975333493202925
v -0.032014708966016769 -0.035215146839618683 -3.4211920137749985e-05
v -0.030787281692028046 0.026993293315172195 -0.0096351513639092445
v -0.033921614289283752 0.027940114960074425 -0.020032532513141632
v -0.033401589840650558 0.0002791564620565623 -0.020003512501716614
v -0.030668433755636215 0.017019854858517647 -0.019870633259415627
v -0.032190315425395966 0.033801812678575516 -0.0064369761385023594
v 0.029259098693728447 -0.00041555456118658185 0.0026286542415618896
v -0.038369104266166687 0.0093998983502388 -0.037468362599611282
v -0.037565473467111588 0.016790173947811127 -0.032509300857782364
v -0.037198483943939209 0.023808790370821953 -0.026493506506085396
v 0.029918720945715904 -0.035466361790895462 0.0055465162731707096
v 0.028800666332244873 -0.017339609563350677 0.0065482365898787975
v 0.029040571302175522 0.0013571756426244974 0.0051156915724277496
v 0.028774455189704895 0.0097119063138961792 0.0067565091885626316
v 0.029176756739616394 -0.034635134041309357 0.0077963573858141899
v 0.028139630332589149 -0.0090875476598739624 0.0092471949756145477
v 0.028613869100809097 0.0034918393939733505 0.0075446795672178268
v 0.027861610054969788 0.0022657322697341442 0.010161370970308781
v 0.018465293571352959 -0.019345700740814209 -0.034988977015018463
v 0.027634045109152794 -0.018670236691832542 0.010803368873894215
v 0.026789601892232895 0.0005836953641846776 0.012779138050973415
v 0.026264427229762077 0.03424801304936409 0.015311449766159058
v 0.025501856580376625 0.031644247472286224 0.015067105181515217
v 0.026181712746620178 0.016812065616250038 0.013932021334767342
v 0.02606191486120224 -0.0024553476832807064 0.014206083491444588
v 0.024592094123363495 -0.0021756526548415422 0.016608599573373795
v 0.024876601994037628 -0.020141853019595146 0.016213316470384598
v 0.023427914828062057 0.015312124043703079 0.018174357712268829
v 0.02261563204228878 0.0072193793021142483 0.019232103601098061
v 0.022848796099424362 -0.0021319510415196419 0.018947700038552284
v 0.02136114239692688 -0.026645096018910408 0.020696895197033882
v 0.022162821143865585 -0.018369501456618309 0.019806023687124252
v 0.022033615037798882 -0.0086278226226568222 0.019940251484513283
v 0.021376870572566986 0.00067908503115177155 0.020662402734160423
v 0.018857192248106003 -0.026812702417373657 0.023014454171061516
v 0.019455963745713234 0.0013480859342962503 0.022529209032654762
v 0.018931632861495018 -0.01726166158914566 0.02294526994228363
v 0.028524300083518028 0.02699081227183342 0.0080052148550748825
v 0.016118593513965607 -0.030327726155519485 0.02497471496462822
v 0.015467910096049309 0.0026451973244547844 0.02540489099919796
v 0.013500427827239037 -0.0093496059998869896 0.026483073830604553
v 0.015222180634737015 -0.017181836068630219 0.025562912225723267
v 0.018877912312746048 0.030413597822189331 -0.024934984743595123
v 0.01253683865070343 0.035065148025751114 0.027776224538683891
v 0.011145958676934242 0.026398342102766037 0.027541056275367737
v 0.012879875488579273 0.016637887805700302 0.026830393821001053
v 0.011734727770090103 0.0067465170286595821 0.027320269495248795
v 0.0098984763026237488 -0.032973285764455795 0.027984911575913429
v -0.029329633340239525 -0.043154250830411911 -0.0020377757027745247
v 0.01692383736371994 -0.019026875495910645 -0.039065882563591003
v -0.030548758804798126 0.014423825778067112 -0.01424819603562355
v 0.0094893546774983406 -0.017931723967194557 0.028194442391395569
v 0.023398768156766891 0.03162769228219986 -0.018422303721308708
v 0.005917783360928297 0.0017498547676950693 0.029158802703022957
v 0.005913072731345892 0.0088176783174276352 0.029162948951125145
v 0.002306509530171752 -0.026234408840537071 0.02960054948925972
v -0.010575400665402412 0.043991908431053162 0.023448260501027107
v 0.0029642120935022831 0.0092094261199235916 0.029584566131234169
v 0.00020908877195324749 0.0098161054775118828 0.029695840552449226
v 0.00097040674882009625 0.0021616991143673658 0.029701879248023033
v 0.0001154938800027594 -0.0096423625946044922 0.029688524082303047
v -2.6699337468016893e-05 -0.01604708656668663 0.029683955013751984
v 0.018757134675979614 -0.01547575369477272 -0.03706364706158638
v -0.0018547569634392858 0.0074600665830075741 0.029643939808011055
v -0.0041666468605399132 -0.018186518922448158 0.029389107599854469
v -0.009317079558968544 0.0014799226773902774 0.028188221156597137
v -0.0096618728712201118 -0.0059721637517213821 0.028063505887985229
v -0.0082534262910485268 -0.0170875433832407 0.028492696583271027
v -0.0094552328810095787 -0.034331265836954117 0.028852628543972969
v -0.012818573974072933 -0.01932990550994873 0.026713984087109566
v -0.015245990827679634 -0.019115999341011047 0.025325370952486992
v -0.020604997873306274 -0.0030573508702218533 0.020965395495295525
v -0.021336643025279045 -0.018536107614636421 0.019979748874902725
v -0.022208767011761665 0.00081568519817665219 0.01882491447031498
v -0.021694250404834747 -0.0052515803836286068 0.019606644287705421
v -0.022821186110377312 -0.034405950456857681 0.019682271406054497
v -0.024643009528517723 0.033869221806526184 0.017226569354534149
v -0.02351144514977932 0.031086141243577003 0.016607386991381645
v -0.022880768403410912 0.005681412760168314 0.017738545313477516
v -0.023441702127456665 -0.00064565823413431644 0.016721582040190697
v -0.0083272792398929596 0.044593930244445801 0.018926622346043587
v -0.0016577758360654116 0.044528257101774216 0.022875534370541573
v -0.010192519053816795 -0.033338773995637894 -0.096500210464000702
v 6.4428968471474946e-05 -0.031873542815446854 -0.096500001847743988
v 0.01566283218562603 -0.029186561703681946 -0.096499823033809662
v -0.013951366767287254 0.0057970765046775341 -0.096500001847743988
v -0.022947080433368683 -0.016982080414891243 0.017607303336262703
v -0.023251844570040703 -0.033466249704360962 0.017020672559738159
v 0.021267121657729149 -0.0033231100533157587 -0.024635776877403259
v -0.020565230399370193 -0.032943367958068848 0.020931016653776169
v -0.018009133636951447 0.015674151480197906 0.023460151627659798
v -0.016360089182853699 -0.016371754929423332 0.024608133360743523
v -0.015298386104404926 0.033036902546882629 0.025463573634624481
v -0.013459614478051662 0.016656273975968361 0.026478342711925507
v -0.014269671402871609 -0.034308668226003647 0.026590792462229729
v 0.019250987097620964 -0.012709580361843109 -0.035626091063022614
v -0.012260725721716881 0.0094590494409203529 0.027092123404145241
v -0.0065145855769515038 -0.018256008625030518 0.028974950313568115
v -0.01009778119623661 0.033041220158338547 0.027955152094364166
v -0.0079464223235845566 0.035309288650751114 0.029407132416963577
v -0.0053491988219320774 0.01821495033800602 0.029189614579081535
v 0.0075904545374214649 0.02606353722512722 0.028740799054503441
v -0.0054292986169457436 -0.0089798346161842346 0.029182763770222664
v -0.0028636651113629341 -0.031950753182172775 0.029534593224525452
v -0.0013205265859141946 -0.018385306000709534 0.029639830812811852
v -0.0014485022984445095 -0.006890387274324894 0.029649090021848679
v 0.0014760519843548536 0.020336849614977837 0.029666753485798836
v 0.0035248375497758389 0.01796974241733551 0.029535533860325813
v 0.0029519691597670317 -0.0086960317566990852 0.029594777151942253
v 0.027245793491601944 -0.025294197723269463 -0.0080679291859269142
v 0.027507837861776352 -0.027937857434153557 -0.0073393951170146465
v 0.0079244505614042282 -0.0092543531209230423 0.028673769906163216
v 0.0087248971685767174 0.018260439857840538 0.028451945632696152
v 0.011495772749185562 -0.020111318677663803 0.027395684272050858
v 0.012450727634131908 -0.032174006104469299 0.026931541040539742
v 0.01390713918954134 0.033103335648775101 0.026279423385858536
v 0.020500421524047852 -0.018180850893259048 -0.026963571086525917
v 0.014791736379265785 -0.033222775906324387 0.025756742805242538
v 0.015195933170616627 0.017325099557638168 0.025570724159479141
v 0.026119738817214966 0.029954176396131516 0.013996566645801067
v -0.024213073775172234 -0.010961174964904785 0.015163489617407322
v 0.013635477051138878 0.01243919599801302 -0.096500001847743988
v 0.01750645786523819 0.017566939815878868 0.024068664759397507
v 0.0052700131200253963 0.0044764666818082333 -0.096500001847743988
v -0.030825873836874962 0.029547961428761482 -0.0075174714438617229
v 0.011064345948398113 0.020947786048054695 -0.096500001847743988
v 0.014570568688213825 0.026472216472029686 -0.096500001847743988
v 0.019713828340172768 0.017608651891350746 0.022327147424221039
v 0.018667193129658699 -0.0092433551326394081 0.023162582889199257
v 0.024771399796009064 -0.029292497783899307 -0.014776654541492462
v 0.013368569314479828 0.038489788770675659 -0.027640197426080704
v 0.022640617564320564 0.03225693479180336 0.019143138080835342
v 0.02352500893175602 -0.033481515944004059 0.018252218142151833
v 0.023915758356451988 -0.017415706068277359 0.017562184482812881
v 0.02374626137316227 -0.0072539485991001129 0.017797624692320824
v 0.0237923264503479 0.001336842542514205 0.017718134447932243
v 0.024186018854379654 0.032665956765413284 0.017089495435357094
v 0.02574724517762661 -0.043877746909856796 -0.0039986581541597843
v 0.026509465649724007 -0.0078192027285695076 0.013352671638131142
v 0.026932656764984131 -0.035010851919651031 0.01380817499011755
v 0.027221407741308212 0.019115762785077095 0.011716363020241261
v 0.027399979531764984 -0.0094333803281188011 0.011353509500622749
v 0.026818381622433662 -0.030283717438578606 -0.0092390095815062523
v 0.028440026566386223 0.019769905135035515 0.0082456963136792183
v 0.029130656272172928 -0.019306104630231857 0.0041192327626049519
v 0.029070505872368813 0.032562445849180222 0.0050942911766469479
v 0.030267480760812759 0.035552278161048889 0.0018481300212442875
v 0.029302360489964485 0.016931088641285896 0.0021276436746120453
v 0.029302546754479408 0.0093994727358222008 0.0021601940970867872
v -0.026464525610208511 0.035213548690080643 0.014896778389811516
v -0.024825185537338257 0.026684742420911789 0.014111695811152458
v -0.025045529007911682 0.0078152073547244072 0.013546561822295189
v -0.025051813572645187 -0.0090689249336719513 0.013431202620267868
v -0.025111895054578781 -0.019315609708428383 0.013320242054760456
v -0.02525494247674942 -0.033075377345085144 0.012987956404685974
v -0.026096979156136513 -0.019448569044470787 0.010953656397759914
v -0.025892488658428192 -0.010217374190688133 0.011421150527894497
v -0.026044679805636406 0.0070975474081933498 0.011079904623329639
v -0.041079457849264145 -0.015269488096237183 -0.048170216381549835
v -0.039078250527381897 -0.021351857110857964 -0.039777383208274841
v -0.0019855976570397615 -0.029288994148373604 0.02959289588034153
v -0.014359383843839169 -0.038770053535699844 -0.089683733880519867
v -0.012271733023226261 -0.038885273039340973 -0.09048943966627121
v -0.0044351690448820591 -0.014891141094267368 -0.096500001847743988
v -0.00091446854639798403 -0.0073141320608556271 -0.096500001847743988
v 0.0064249210990965366 0.0013240443076938391 -0.096500001847743988
v 0.010238333605229855 0.010407265275716782 -0.096500001847743988
v 0.017340864986181259 0.023899586871266365 -0.096500001847743988
v 0.028747687116265297 0.039491008967161179 -0.009644635021686554
v -0.014009945094585419 0.038924194872379303 -0.081141166388988495
v 0.020966671407222748 -0.02852010540664196 -0.023594964295625687
v -0.020018821582198143 0.035954415798187256 -0.094818808138370514
v -0.042499352246522903 2.1835634470335208e-05 -0.060678035020828247
v -0.042478036135435104 0.00020391555153764784 -0.088419675827026367
v -0.016828266903758049 0.038864843547344208 -0.071836806833744049
v -0.039623338729143143 0.025757381692528725 -0.052871678024530411
v -0.037713177502155304 0.020375519990921021 -0.032749004662036896
v -0.037231378257274628 0.027485406026244164 -0.026864362880587578
v -0.019131025299429893 -0.038688201457262039 -0.070373512804508209
v -0.020761260762810707 -0.042891412973403931 -0.062085051089525223
v -0.014676101505756378 -0.038809370249509811 -0.081869043409824371
v 0.028118029236793518 0.029752146452665329 0.009237091988325119
v -0.037773799151182175 0.024023430421948433 -0.032909519970417023
v -0.015666510909795761 0.038525544106960297 -0.086751542985439301
v -0.020083308219909668 -0.040414094924926758 -0.064701966941356659
v 0.00070442445576190948 0.029169099405407906 -0.096500001847743988
v 0.0083704572170972824 0.032635748386383057 -0.096494421362876892
v 0.0039131762459874153 0.024052266031503677 -0.096500001847743988
v -0.0035862489603459835 0.021403977647423744 -0.096500001847743988
v -0.0027921581640839577 0.033794425427913666 -0.096499599516391754
v -0.00052668317221105099 0.020566118881106377 -0.096500001847743988
v -0.010505502112209797 0.0021177695598453283 -0.096500001847743988
v -0.02781233936548233 0.02613932266831398 0.0066076656803488731
v -0.027663689106702805 -0.0011104111326858401 0.0070274258032441139
v -0.027212511748075485 -0.020213181152939796 0.0082457074895501137
v -0.029018266126513481 0.032221537083387375 0.0031202305108308792
v -0.028465954586863518 -0.0021100766025483608 0.0040496485307812691
v -0.025767913088202477 -0.0033429248724132776 0.011742927134037018
v -0.025415437296032906 0.0047320425510406494 0.012647178024053574
v -0.02582574263215065 -0.034260295331478119 0.016113085672259331
v -0.023665063083171844 -0.027135664597153664 0.016229482367634773
v -0.024706194177269936 0.0016190463211387396 0.014244768768548965
v -0.024607492610812187 0.017013601958751678 0.014534526504576206
v -0.024626445025205612 0.03240116685628891 0.014513211324810982
v -0.041423920542001724 -0.0098646404221653938 -0.069198362529277802
v -0.04174548014998436 -0.010561990551650524 -0.060135930776596069
v -0.016574185341596603 0.03845180943608284 -0.081114053726196289
v -0.029832394793629646 -0.033524438738822937 0.0014610876096412539
v -0.028644310310482979 -0.018248824402689934 0.0033253482542932034
v -0.028553012758493423 0.0088290991261601448 0.0036914846859872341
v -0.030168546363711357 0.034624643623828888 0.0050985338166356087
v -0.029455134645104408 0.034421198070049286 0.0080736028030514717
v -0.027837637811899185 -0.0095218922942876816 0.0063903373666107655
v -0.028768198564648628 -0.03346613422036171 0.0047736712731420994
v -0.026759564876556396 -0.026216955855488777 0.009421234019100666
v -0.038970813155174255 -0.018324030563235283 -0.039247497916221619
v -0.041251692920923233 -0.012207686901092529 -0.048144269734621048
v -0.042323168367147446 0.0036319759674370289 -0.087754890322685242
v -0.042192157357931137 0.0044734110124409199 -0.079901807010173798
v -0.042175624519586563 0.0065756570547819138 -0.060217510908842087
v 0.00010744408064056188 0.044599998742341995 0.013201936148107052
v 0.016773618757724762 0.044599998742341995 0.0073848851025104523
v 0.020020680502057076 0.0013279246632009745 -0.03886101022362709
v -0.016389286145567894 -0.044598430395126343 0.012537598609924316
v 0.019145542755723 -0.024079190567135811 -0.096499823033809662
v -0.010406222194433212 0.044596508145332336 -0.04522211104631424
v -0.0084256492555141449 0.044599998742341995 -0.038571208715438843
v -0.02101646363735199 0.044599771499633789 -0.04932374507188797
v -0.019831784069538116 0.044599995017051697 -0.04265211895108223
v -0.015761541202664375 0.044599998742341995 -0.025845525786280632
v -0.013367995619773865 0.044599998742341995 -0.0063795438036322594
v -0.012915988452732563 0.044599998742341995 0.0024126542266458273
v 0.028846221044659615 0.026281189173460007 -0.0021751988679170609
v 0.011104847304522991 0.0068364809267222881 -0.096500001847743988
v 0.0022588709834963083 -0.007680526003241539 -0.096500001847743988
v 0.0063727837987244129 0.044599998742341995 0.012493159621953964
v -0.0088161434978246689 0.044599998742341995 0.015631610527634621
v -0.038416970521211624 -0.010137123055756092 -0.037532467395067215
v -0.019176360219717026 -0.044595614075660706 0.010594259016215801
v 0.0031221848912537098 0.028766728937625885 0.029555737972259521
v -0.038711510598659515 -0.015770317986607552 -0.038415625691413879
v -0.037770695984363556 -0.024062784388661385 -0.032603617757558823
v -0.037268821150064468 -0.028949776664376259 -0.027105031535029411
v -0.015912044793367386 -0.03910185769200325 -0.069928966462612152
v 0.029815271496772766 0.012208383530378342 -0.056710608303546906
v 0.032087437808513641 0.0042010527104139328 -0.052438691258430481
v 0.032106135040521622 0.0054315798915922642 -0.072811998426914215
v 0.030875185504555702 0.0099711250513792038 -0.062052357941865921
v 0.028314962983131409 0.014704312197864056 -0.051269665360450745
v 0.021497102454304695 0.023534083738923073 -0.024618389084935188
v 0.031604479998350143 0.0077387038618326187 -0.067342765629291534
v 0.0075891404412686825 0.031239911913871765 0.028735967352986336
v -0.042441699653863907 -0.0013208301970735192 -0.069096758961677551
v -0.025662684813141823 -0.044550511986017227 -0.0077215814962983131
v 0.018843762576580048 -0.044301990419626236 -0.015825368463993073
v 0.01950383372604847 0.02164778858423233 -0.096500001847743988
v 0.019829785451292992 0.013695672154426575 -0.096499979496002197
v 0.029957862570881844 -0.011932604014873505 -0.057210907340049744
v 0.032077588140964508 -0.0042607942596077919 -0.05277126282453537
v 0.020913789048790932 -0.023035196587443352 -0.024398265406489372
v 0.028860477730631828 -0.013888241723179817 -0.052485641092061996
v 0.030981281772255898 -0.0096573438495397568 -0.062380917370319366
v 0.032106213271617889 -0.005473326425999403 -0.073076002299785614
v 0.03168502077460289 -0.0074063269421458244 -0.067702800035476685
v 0.0013590262969955802 -0.044599998742341995 0.018153989687561989
v 0.013023539446294308 0.028924647718667984 -0.029890082776546478
v -0.038817763328552246 0.018107719719409943 -0.038767717778682709
v -0.040426675230264664 0.01359208207577467 -0.044282298535108566
v 0.032491154968738556 -0.00049295061035081744 -0.079318106174468994
v 0.016614234074950218 0.0034276342485100031 -0.096500001847743988
v -0.0012670905562117696 -0.044597867876291275 0.019899914041161537
v -0.0063547105528414249 -0.044599998742341995 0.013164390809834003
v -0.013605502434074879 -0.044599998742341995 0.0065659233368933201
v -0.011646044440567493 0.031213827431201935 -0.096505120396614075
v -0.012260960415005684 0.022478878498077393 -0.096500001847743988
v -0.014069391414523125 0.014861386269330978 -0.096500001847743988
v -0.014096254482865334 -0.018835036084055901 -0.096500001847743988
v -0.015119582414627075 -0.026829816401004791 -0.096499994397163391
v -0.018894921988248825 0.020185103639960289 -0.096500001847743988
v -0.0189705491065979 0.044599998742341995 -0.030227720737457275
v -0.018827768042683601 0.044599998742341995 -0.039455488324165344
v 0.0084333764389157295 -0.028427110984921455 -0.096500001847743988
v -0.024433096870779991 -0.044601105153560638 -0.026899125427007675
v -0.03044852614402771 -0.027469698339700699 -0.0064270840957760811
v -0.040219720453023911 0.021153753623366356 -0.056253176182508469
v -0.0012687679845839739 -0.033491164445877075 -0.09649958461523056
v -0.042396470904350281 -0.0022792366798967123 -0.0885043665766716
v -0.042367428541183472 -0.0032296637073159218 -0.062368430197238922
v -0.0074297888204455376 -0.024365941062569618 -0.096500001847743988
v -0.011659842915832996 -0.030421093106269836 -0.096500001847743988
v -0.030194023624062538 -0.0083025814965367317 -0.0092473048716783524
v -0.03147212415933609 0.024138772860169411 -0.019129836931824684
v -0.033194106072187424 0.033675540238618851 -0.01456619706004858
v -0.036348409950733185 -0.022556163370609283 -0.020728901028633118
v -0.034054841846227646 -0.01446668803691864 -0.02000226266682148
v -0.031826000660657883 -0.0066907522268593311 -0.019983913749456406
v -0.030458046123385429 0.0025436300784349442 -0.019203336909413338
v -0.030406858772039413 0.010950111784040928 -0.0099967177957296371
v -0.030416917055845261 0.020368292927742004 -0.0072839637286961079
v 0.025234680622816086 0.023999622091650963 -0.013775024563074112
v -0.030231019482016563 0.00065659405663609505 -0.007619782816618681
v 0.0083499904721975327 0.044599998742341995 0.010202588513493538
v -0.042315084487199783 -0.0036397196818143129 -0.071943126618862152
v -0.042429998517036438 -0.0016738849226385355 -0.079144731163978577
v -0.030073286965489388 0.028195258229970932 -0.0022778012789785862
v -0.03130602091550827 -0.015606164000928402 -0.096499994397163391
v -0.036088649183511734 -0.0095528457313776016 -0.096493296325206757
v -0.040385071188211441 0.016723357141017914 -0.044630460441112518
v -0.037858579307794571 0.026802932843565941 -0.033502839505672455
v -0.037065289914608002 0.033689923584461212 -0.024787535890936852
v -0.025333281606435776 0.042143639177083969 -0.059077735990285873
v -0.038786608725786209 -0.012733820825815201 -0.038800556212663651
v -0.041115082800388336 -0.0033416119404137135 -0.046081703156232834
v -0.0013199173845350742 0.044599995017051697 0.016128825023770332
v 0.015804024413228035 0.044598806649446487 0.011675487272441387
v -0.035332493484020233 -0.011928890831768513 -0.096490614116191864
v -0.033042486757040024 0.021949680522084236 -0.020025819540023804
v -0.030236490070819855 -0.0098195811733603477 -0.01288043987005949
v -0.040276404470205307 -0.015222760848701 -0.066186040639877319
v -0.042129673063755035 0.0054840655066072941 -0.069040805101394653
v 0.015355742536485195 -0.0089173018932342529 -0.096500001847743988
v -0.029908819124102592 0.017799664288759232 -0.0022979739587754011
v -0.030327146872878075 0.010655220597982407 -0.0075935493223369122
v -0.029876863583922386 -0.0029520702082663774 -0.0020432171877473593
v -0.033586151897907257 -0.023722540587186813 -0.019996698945760727
v -0.031494211405515671 -0.033421564847230911 -0.0092344470322132111
v -0.029879793524742126 -0.022313093766570091 -0.0032661438453942537
v -0.030140399932861328 0.0073157967999577522 -0.0034790923818945885
v -0.030000701546669006 -0.013103323988616467 -0.0042687486857175827
v -0.030327649787068367 -0.020078552886843681 -0.0099928546696901321
v -0.031327776610851288 -0.027916820719838142 -0.019165998324751854
v -0.031899463385343552 -0.034147083759307861 -0.0029842471703886986
v 0.0034487131051719189 -0.010602219961583614 -0.096500001847743988
v 0.021164335310459137 0.019242571666836739 -0.096500001847743988
v 0.025041133165359497 0.043076455593109131 -0.011643057689070702
v -0.037153776735067368 -0.034523811191320419 -0.028219953179359436
v -0.037720542401075363 -0.029207171872258186 -0.032792791724205017
v -0.016712041571736336 0.044599998742341995 -0.013024737127125263
v 0.020979017019271851 0.015188799239695072 -0.029310371726751328
v 0.0077807228080928326 -0.0011067008599638939 -0.096500001847743988
v -0.025896528735756874 -0.042414769530296326 -0.057791557163000107
v 0.017072735354304314 0.010692994110286236 -0.096500001847743988
v 0.022324513643980026 0.016312161460518837 -0.096500001847743988
v -0.0095569780096411705 -0.044599998742341995 -0.022634413093328476
v -0.0013635825598612428 -0.044599998742341995 -0.019385715946555138
v 0.0077038519084453583 -0.044599998742341995 -0.015964824706315994
v 0.014401357620954514 -0.044599998742341995 -0.012043415568768978
v -0.014413413591682911 -0.044599998742341995 -0.01179679948836565
v -0.0054058283567428589 -0.044599998742341995 -0.008545910008251667
v -0.0036034376826137304 -0.044599760323762894 -0.033290263265371323
v 0.0038404264487326145 -0.044120229780673981 -0.030450744554400444
v -0.0033697171602398157 -0.044599998742341995 -0.013821901753544807
v 0.0055276774801313877 -0.044599998742341995 -0.010963772423565388
v 0.009436117485165596 -0.044572204351425171 -0.020984599366784096
v 0.0007923341472633183 -0.044599998742341995 -0.025139704346656799
v -0.016284819692373276 -0.044599998742341995 -0.0061207590624690056
v -0.012109775096178055 -0.044599998742341995 -0.017366809770464897
v -0.006836495827883482 -0.044599998742341995 -0.027808049693703651
v -0.00058380677364766598 -0.044373631477355957 -0.039227753877639771
v -0.016101587563753128 -0.0069055678322911263 -0.096500001847743988
v -0.015306964516639709 0.020742900669574738 -0.096500001847743988
v -0.020928505808115005 0.025978773832321167 -0.096499994397163391
v -0.014049836434423923 0.028529589995741844 -0.096499986946582794
v 0.012908976525068283 0.0037190753500908613 -0.096500001847743988
v -0.0044226385653018951 -0.018335392698645592 -0.096500001847743988
v -0.030525544658303261 0.011459986679255962 -0.013065462931990623
v -0.0098876599222421646 -0.044599998742341995 0.012682703323662281
v -0.0039797066710889339 -0.044598139822483063 0.019514081999659538
v 0.029965866357088089 -0.034199193120002747 -0.0026087791193276644
v -0.037181656807661057 -0.036159951239824295 -0.03607051819562912
v -0.0074535966850817204 0.044599998742341995 -0.02813195064663887
v -0.014318637549877167 0.044599998742341995 -0.02341100201010704
v -0.012076735496520996 0.044599998742341995 -0.0032871116418391466
v -0.0054357140325009823 0.044599998742341995 -0.036509744822978973
v -0.022949209436774254 0.044598039239645004 -0.04349113255739212
v -0.029901748523116112 -0.015403401106595993 -0.0025043922942131758
v -0.029724644497036934 0.0043398607522249222 -0.0013379422016441822
v -0.029607756063342094 0.012406381778419018 -0.00088668265379965305
v 0.028002951294183731 0.03046884573996067 -0.0057940809056162834
v 0.021866938099265099 -0.043560542166233063 -0.015340241603553295
v 0.029083166271448135 0.0047840005718171597 0.0048941858112812042
v -0.013151263818144798 0.044599998742341995 -0.029285555705428123
v 0.025941340252757072 -0.022714423015713692 0.0144303347915411
v 0.023719444870948792 -0.013933587819337845 0.017845654860138893
v 0.023284496739506721 -0.020630335435271263 0.018446275964379311
v 0.010450337082147598 0.0044097728095948696 0.02785048820078373
v 0.02131296880543232 0.0029351685661822557 -0.024848682805895805
v -0.0019885431975126266 -0.0034972755238413811 0.029627785086631775
v -0.021920662373304367 -0.014301342889666557 0.019260236993432045
v 0.020470961928367615 -0.0080795465037226677 -0.029736809432506561
v -0.02210596390068531 0.0035031128209084272 0.018973253667354584
v -0.021981328725814819 -0.021627655252814293 0.019149802625179291
v -0.018098281696438789 -0.012017704546451569 0.023327801376581192
v -0.013780037872493267 -0.022176042199134827 0.026195013895630836
v -0.007511775940656662 -0.0036422144621610641 0.028718683868646622
v 0.028549011796712875 -0.031287431716918945 0.0076411915943026543
v -0.0082693053409457207 -0.01990259625017643 0.028488954529166222
v -0.016518440097570419 -0.032032869756221771 0.02442130446434021
v -0.0015932800015434623 0.0040229992009699345 0.029656235128641129
v 0.0017578710103407502 -0.023571154102683067 0.029637347906827927
v 0.0096263298764824867 -0.014450540766119957 0.028134860098361969
v 0.01357954740524292 0.019857315346598625 0.026454005390405655
v 0.013361114077270031 0.0065413694828748703 -0.096500001847743988
v 0.015045564621686935 0.012069412507116795 0.025648314505815506
v -0.03053613193333149 -0.013790902681648731 -0.017175275832414627
v 0.017248934134840965 -0.015331731177866459 0.024242827668786049
v 0.018129849806427956 0.0032969689927995205 0.02360125444829464
v 0.018616367131471634 0.020560784265398979 0.0232514888048172
v 0.020866226404905319 -0.016218302771449089 0.021191202104091644
v -0.021176977083086967 0.029830276966094971 0.020305097103118896
v 0.022221509367227554 0.0042079123668372631 0.019700618460774422
v 0.024943720549345016 -0.012118860147893429 0.016107469797134399
v 0.028170498088002205 -0.016092214733362198 0.0091485800221562386
v -0.029796473681926727 -0.030678672716021538 -0.00010692507203202695
v 0.027745729312300682 0.022393908351659775 0.010447981767356396
v -0.027979049831628799 0.015585615299642086 0.005903064738959074
v -0.027887934818863869 -0.0044040028005838394 0.0062174457125365734
v 0.02812325581908226 -0.026071252301335335 0.0092544211074709892
v -0.026310756802558899 0.0046064681373536587 0.010397866368293762
v -0.025815458968281746 0.013420047238469124 0.011676812544465065
v -0.026382332667708397 0.021367710083723068 0.01027379184961319
v -0.025189142674207687 -0.012235723435878754 0.013166150078177452
v -0.026299448683857918 -0.012897815555334091 0.010441204532980919
v 0.026728413999080658 0.0040381369180977345 -0.0095726288855075836
v 0.026711124926805496 -0.0040388512425124645 -0.0095995496958494186
v 0.022540437057614326 0.0030642359051853418 -0.043739240616559982
v 0.022641144692897797 -0.003545534098520875 -0.043754532933235168
v 0.026551619172096252 0.019995160400867462 -0.010134485550224781
v 0.026726832613348961 0.012091092765331268 -0.0096046207472681999
v 0.026656271889805794 -0.012148906476795673 -0.0097315143793821335
v 0.026475848630070686 -0.020145021378993988 -0.010211464017629623
v 0.021994153037667274 0.0043406379409134388 -0.021554542705416679
v 0.022322678938508034 0.01186604518443346 -0.021007219329476357
v 0.021975014358758926 -0.0045288736000657082 -0.021457172930240631
v 0.022162836045026779 -0.012008384801447392 -0.020884199067950249
v 0.029005119577050209 0.022062528878450394 0.005509314127266407
v 0.028740394860506058 -0.020552335307002068 0.0068182251416146755
v 0.029287736862897873 0.022720864042639732 0.00079474522499367595
v 0.029243944212794304 0.0047982558608055115 0.00052197801414877176
v 0.029279276728630066 -0.0033455833327025175 0.0022673527710139751
v 0.029276121407747269 -0.011804787442088127 0.0024197003804147243
v 0.029211137443780899 -0.021315485239028931 0.001443744171410799
v 0.0046378998085856438 0.020634740591049194 0.029382979497313499
v 0.018589023500680923 0.0052857534028589725 -0.096500001847743988
v 0.029136169701814651 0.012837592512369156 -0.00066917599178850651
v 0.0051402635872364044 -0.020985590294003487 0.029296386986970901
v 0.0050480854697525501 -0.033245991915464401 0.029356278479099274
v 0.011778781190514565 -0.012304552830755711 0.027277145534753799
v -0.01637817919254303 -0.022334562614560127 0.024574335664510727
v -0.018491556867957115 -0.022913020104169846 0.022978488355875015
v -0.01792505569756031 0.021277831867337227 0.023552063852548599
v 0.028122143819928169 -0.021129811182618141 0.0093089444562792778
v 0.02793511189520359 -0.033719416707754135 0.010643744841217995
v 0.027239799499511719 -0.021743183955550194 0.01179075613617897
v 0.02694004587829113 0.0044149807654321194 0.012424638494849205
v 0.021451506763696671 0.0067337299697101116 -0.024332022294402122
v -0.013139626942574978 0.044540613889694214 0.019033914431929588
v -0.0072439941577613354 0.031897109001874924 0.028780631721019745
v -0.023041468113660812 -0.019943641498684883 0.017426915466785431
v -0.02144334465265274 -0.026778144761919975 0.01988367922604084
v 0.019398907199501991 -0.0327768474817276 0.022570963948965073
v 0.018380735069513321 -0.020367713645100594 0.023377705365419388
v 0.01960194855928421 -0.011536968871951103 0.02240072563290596
v 0.020223662257194519 0.0037580977659672499 0.021813103929162025
v 0.023797132074832916 -0.0044584516435861588 0.017725735902786255
v 0.026483939960598946 0.023129533976316452 0.013303174637258053
v 0.026622666046023369 -0.004966086708009243 0.013124457560479641
v 0.026459615677595139 -0.011656398884952068 0.013454023748636246
v -0.00015068400534801185 -0.032359134405851364 0.029646210372447968
v -0.00048634980339556932 0.012801403179764748 0.029686970636248589
v -0.0046906289644539356 0.031136825680732727 0.029281254857778549
v -0.0051193032413721085 -0.0035317922011017799 0.029241196811199188
v -0.0043429327197372913 -0.011965470388531685 0.029381878674030304
v -0.005687003955245018 -0.020864224061369896 0.029129777103662491
v 0.019678778946399689 0.012460401281714439 -0.036259490996599197
v -0.0027794206980615854 -0.021374840289354324 0.029547931626439095
v -0.010782597586512566 -0.021914659067988396 0.027626441791653633
v -0.011632564477622509 -0.0032206857576966286 0.027336545288562775
v -0.011879955418407917 0.0066739707253873348 0.027244916185736656
v -0.012879245914518833 0.034462232142686844 0.027455778792500496
v -0.014289638958871365 -0.0022089320700615644 0.025979012250900269
v -0.013647101819515228 0.004972514696419239 0.026344649493694305
v 0.0072664651088416576 -0.032156325876712799 0.028757788240909576
v 0.0091339964419603348 -0.021258080378174782 0.028321964666247368
v 0.0083723980933427811 0.0032669899519532919 0.02856404148042202
v 0.0095550548285245895 0.020679241046309471 0.028167510405182838
v -0.030421236529946327 -0.029526388272643089 -0.0047518168576061726
v -0.019083397462964058 -0.0037729863543063402 0.022557253018021584
v -0.019923374056816101 -0.012841547839343548 0.021699359640479088
v -0.020347828045487404 -0.021994153037667274 0.021179046481847763
v -0.022127235308289528 0.019469631835818291 0.018929222598671913
v 0.0213205236941576 -0.0069904266856610775 -0.024095356464385986
v -0.027477938681840897 -0.01265358179807663 0.0075335684232413769
v 0.028790328651666641 -0.035772018134593964 -0.0087082711979746819
v 0.022492144256830215 -0.015682408586144447 0.019411392509937286
v 0.0028434908017516136 -0.031260117888450623 0.029528424143791199
v 0.003596955444663763 0.0036762780509889126 0.029529646039009094
v 0.002084110863506794 0.012362366542220116 0.02964448556303978
v 0.01338068675249815 -0.022399025037884712 0.026545576751232147
v 0.011198439635336399 -0.013966747559607029 -0.096500001847743988
v -0.017976628616452217 0.01840396411716938 0.023492442443966866
v -0.028920378535985947 0.02074863575398922 0.0019037306774407625
v -0.028037495911121368 -0.021038379520177841 0.0055727469734847546
v -0.028312833979725838 -0.011984989978373051 0.0046072523109614849
v -0.0282424446195364 0.012111198157072067 0.0049158227629959583
v -0.028156755492091179 0.032455325126647949 0.0060344915837049484
v -0.025464549660682678 0.021112458780407906 0.012586647644639015
v -0.025379188358783722 -0.022039512172341347 0.012665566056966782
v 0.016130993142724037 0.020396281033754349 0.024972865357995033
v 0.0073657524771988392 0.020715460181236267 0.028853537514805794
v 0.0073849870823323727 -0.012606008909642696 0.02880169078707695
v 0.027614900842308998 -0.03063385933637619 -0.0068798051215708256
v 0.021075552329421043 0.020703671500086784 0.020970942452549934
v 0.006475803442299366 -0.031244637444615364 -0.096500009298324585
v 0.013384170830249786 -0.03178149089217186 -0.096500352025032043
v 0.032421298325061798 0.0026152795180678368 -0.089453801512718201
v -0.017838554456830025 0.044553160667419434 0.014590829610824585
v -0.039967510849237442 0.020095167681574821 -0.043605905026197433
v -0.038627814501523972 0.02448006346821785 -0.038226209580898285
v -0.037932772189378738 0.028998412191867828 -0.034546703100204468
v 0.023234529420733452 0.013112930580973625 -0.096500001847743988
v 0.0049434257671236992 -0.012937660329043865 -0.096500001847743988
v -0.021479761227965355 0.044599998742341995 -0.010656767524778843
v -0.019069710746407509 0.044599998742341995 -0.0016341196605935693
v -0.016396449878811836 0.044599998742341995 0.003714478574693203
v -0.038886956870555878 0.011956540867686272 -0.039126221090555191
v -0.040453910827636719 0.0077080409973859787 -0.043982140719890594
v -0.040247835218906403 -0.020687427371740341 -0.045460473746061325
v -0.034410152584314346 -0.038365397602319717 -0.036916118115186691
v -0.042272433638572693 0.0051809740252792835 -0.063240088522434235
v -0.042281046509742737 0.0038236714899539948 -0.072152502834796906
v 0.021169861778616905 0.018034325912594795 -0.027626015245914459
v -0.037251189351081848 -0.025972146540880203 -0.026555394753813744
v 0.010011022910475731 0.039096824824810028 -0.071464277803897858
v 0.0066015115007758141 0.039085038006305695 -0.060584630817174911
v 0.0053893281146883965 0.040355559438467026 -0.040766891092061996
v 0.0073760147206485271 0.037927225232124329 -0.052697572857141495
v 0.0043677114881575108 0.042361054569482803 -0.050557807087898254
v -0.016744665801525116 -0.021501515060663223 -0.096500001847743988
v -0.021096790209412575 0.01047871820628643 -0.096500001847743988
v -0.023837992921471596 0.018583480268716812 -0.096500001847743988
v -0.023866225033998489 0.024396561086177826 -0.096500001847743988
v -0.017821440473198891 0.010398605838418007 -0.096500001847743988
v 0.0095862019807100296 -0.039072204381227493 -0.071900099515914917
v 0.0060763619840145111 -0.039102844893932343 -0.061780884861946106
v 0.0056381896138191223 -0.040126517415046692 -0.039728265255689621
v 0.0080066397786140442 -0.037490528076887131 -0.052988354116678238
v 0.0046775080263614655 -0.042139608412981033 -0.050632886588573456
v -0.017397183924913406 0.044599998742341995 -0.023426802828907967
v -0.020660050213336945 0.044599998742341995 -0.036822479218244553
v 0.015832623466849327 0.028582438826560974 -0.028820419684052467
v 0.028760980814695358 -0.026198940351605415 0.0066714943386614323
v 0.032494820654392242 -0.00025687343440949917 -0.073255196213722229
v 0.03246833011507988 0.0010345225455239415 -0.055758398026227951
v 0.032479874789714813 -0.0011036429787054658 -0.0826449915766716
v -0.042485769838094711 0.00022329040803015232 -0.072265759110450745
v -0.03372708335518837 0.037470065057277679 -0.018875377252697945
v -0.029231401160359383 -0.020641468465328217 -0.096500009298324585
v -0.034405887126922607 -0.014673732221126556 -0.096490859985351562
v -0.010698864236474037 0.044599998742341995 -0.029410798102617264
v -0.011841388419270515 0.044599998742341995 0.014431653544306755
v -0.010772058740258217 0.044599998742341995 0.0048979520797729492
v -0.0086218509823083878 0.044599998742341995 -0.0031314180232584476
v -0.007444353774189949 0.044599998742341995 -0.010398629121482372
v -0.0054195476695895195 0.044599998742341995 -0.018487276509404182
v -0.0044291429221630096 0.044599991291761398 -0.027070969343185425
v -0.0031063486821949482 0.04459632933139801 -0.034978173673152924
v -0.0017184317111968994 0.044499542564153671 -0.0431097112596035
v 0.0057276543229818344 0.044599998742341995 -0.017918406054377556
v 0.0069342488422989845 0.044432513415813446 -0.024579036980867386
v 0.0043917796574532986 0.044599998742341995 -0.0090146306902170181
v 0.0033973099198192358 0.044599998742341995 -7.9168428783304989e-05
v -0.0027077172417193651 0.044599998742341995 -0.0011925514554604888
v -0.0050691482611000538 0.044599998742341995 0.0054950136691331863
v 0.0010227526072412729 0.044318638741970062 -0.034756749868392944
v 0.001020377385430038 0.044594857841730118 -0.026568688452243805
v 6.9714136770926416e-05 0.044599998742341995 -0.018688453361392021
v -0.0013377434806898236 0.044599998742341995 -0.0098429014906287193
v 0.012000860646367073 0.044594045728445053 -0.017617262899875641
v 0.010553398169577122 0.044599998742341995 -0.0076468074694275856
v -0.033501233905553818 0.038371607661247253 -0.012825514189898968
v -0.02221992239356041 0.044599216431379318 0.0034543664660304785
v -0.0071343141607940197 -0.044592909514904022 0.019065400585532188
v -0.034182082861661911 -0.037081349641084671 -0.01952674612402916
v 0.011514150537550449 -0.027811562642455101 -0.038004424422979355
v 0.02389911562204361 0.010170110501348972 -0.096500001847743988
v -0.019590331241488457 -0.031972464174032211 -0.096395023167133331
v -0.025236915796995163 -0.027799885720014572 -0.096498437225818634
v 0.007514535915106535 -0.0038445834070444107 -0.096500001847743988
v 0.02198183536529541 0.0083486586809158325 -0.096500001847743988
v -0.040993738919496536 0.015758490189909935 -0.058611754328012466
v -0.033588569611310959 0.038144748657941818 -0.049372054636478424
v -0.014818965457379818 -0.012696264311671257 -0.096500001847743988
v -0.021658848971128464 0.019492005929350853 -0.096500001847743988
v 0.013039052486419678 0.044599138200283051 0.015047752298414707
v 0.031249282881617546 0.0024610471446067095 -0.046637360006570816
v 0.027782479301095009 0.03330620750784874 -0.0072408099658787251
v 0.031308405101299286 -0.0025157858617603779 -0.046715483069419861
v 0.030323974788188934 -0.037629052996635437 -0.0031117892358452082
v -0.01941811665892601 -0.0086760856211185455 -0.096500001847743988
v -0.026269488036632538 0.022620325908064842 -0.096500001847743988
v -0.019192339852452278 0.044599998742341995 -0.020300514996051788
v -0.022187547758221626 0.044599995017051697 -0.034520953893661499
v 0.012740662321448326 0.032843567430973053 -0.047202333807945251
v -0.018155192956328392 0.044599998742341995 -0.010357365943491459
v -0.025473359972238541 0.044570710510015488 -0.040533121675252914
v 0.032433293759822845 -0.0017165716271847486 -0.056792024523019791
v 0.031027533113956451 0.0054896725341677666 -0.047371618449687958
v 0.02449573390185833 0.027833743020892143 -0.015679165720939636
v 0.028386671096086502 0.013012353330850601 -0.048319265246391296
v -0.013032152317464352 0.044596437364816666 -0.046227641403675079
v -0.017002955079078674 0.044599998742341995 -0.041968416422605515
v -0.014029907062649727 0.044599998742341995 -0.014370551332831383
v -0.016631923615932465 0.044599998742341995 -0.03283952921628952
v -0.012457616627216339 0.044599998742341995 -0.039352089166641235
v -0.0081168562173843384 0.044597629457712173 -0.044228516519069672
v -0.01829366572201252 0.044599998742341995 -0.04819074273109436
v 0.030217207968235016 0.036807704716920853 -0.0037910293322056532
v 0.023374596610665321 0.023804724216461182 -0.018438156694173813
v 0.028076738119125366 -0.033279784023761749 -0.0083946026861667633
v 0.022952619940042496 -0.024043865501880646 -0.018977325409650803
v 0.031075363978743553 -0.0055999960750341415 -0.047503154724836349
v 0.028570074588060379 -0.011729557998478413 -0.047455932945013046
v -0.017042834311723709 0.03063548170030117 0.024253658950328827
v -0.034039027988910675 0.038640975952148438 -0.036163937300443649
v 0.032472409307956696 -0.00051878002705052495 -0.091007992625236511
v 0.0072226226329803467 -0.0069363531656563282 -0.096500001847743988
v 0.012469061650335789 0.0002504204458091408 -0.096500001847743988
v 0.0052390266209840775 -0.019175004214048386 -0.096500001847743988
v 0.024343091994524002 0.0074765998870134354 -0.096499912440776825
v 0.025588072836399078 0.03290717676281929 -0.013062505051493645
v 0.02144680917263031 0.015919933095574379 -0.025784838944673538
v 0.025231873616576195 -0.031748760491609573 -0.013486450538039207
v 0.020908165723085403 -0.016076277941465378 -0.02536618709564209
v -0.032931480556726456 0.037928476929664612 -0.052613846957683563
v -0.028498627245426178 0.021029060706496239 -0.09650140255689621
v -0.015742409974336624 -0.030042536556720734 -0.096500396728515625
v -0.03982437402009964 0.023356711491942406 -0.043993216007947922
v 0.018856512382626534 0.0105315912514925 -0.042841892689466476
v 0.018517594784498215 -0.011804567649960518 -0.041878979653120041
v -0.017104638740420341 -0.013193428516387939 -0.096500001847743988
v -0.019262809306383133 0.0014140056446194649 -0.096500001847743988
v -0.02120673656463623 0.044599998742341995 -0.02784203365445137
v 0.027575226500630379 0.026840906590223312 -0.0073686260730028152
v 0.025448234751820564 0.021178878843784332 -0.013190874829888344
v 0.023370904847979546 0.017015935853123665 -0.018326438963413239
v 0.021285405382514 0.012607318349182606 -0.026572186499834061
v 0.019413435831665993 0.0075542936101555824 -0.042613033205270767
v 0.025376074016094208 0.004868475254625082 -0.044485315680503845
v 0.023271668702363968 -0.013726177625358105 -0.018263299018144608
v 0.025605294853448868 -0.010056170634925365 -0.012637348845601082
v 0.027716787531971931 -0.0060725277289748192 -0.0065578371286392212
v 0.029130062088370323 -0.001495509291999042 -0.00025770504726096988
v 0.025648202747106552 0.0060277506709098816 -0.012586900964379311
v 0.023127870634198189 0.0020414197351783514 -0.018657119944691658
v 0.02775261364877224 0.010191852226853371 -0.0064102159813046455
v 0.029124287888407707 0.015271640382707119 -0.00072979065589606762
v 0.027426281943917274 -0.022268025204539299 -0.0075564086437225342
v 0.028916750103235245 -0.019088808447122574 -0.0012057827552780509
v 0.01971394382417202 -0.0050888666883111 -0.042174879461526871
v 0.020843768492341042 -0.0022825386840850115 -0.027681354433298111
v 0.027616290375590324 0.018436567857861519 -0.0069452482275664806
v 0.028964942321181297 0.023345286026597023 -0.0016851202817633748
v 0.020008565858006477 0.0013870816910639405 -0.041923277080059052
v 0.02102188766002655 0.0053619081154465675 -0.027520988136529922
v 0.027639083564281464 -0.014331529848277569 -0.0068328389897942543
v 0.029043234884738922 -0.010324882343411446 -0.00047418454778380692
v 0.02562284842133522 -0.002029061783105135 -0.012620016001164913
v 0.023207418620586395 -0.0062107951380312443 -0.018438160419464111
v 0.02332051657140255 0.0099453646689653397 -0.018333964049816132
v 0.025635499507188797 0.013847213238477707 -0.012659576721489429
v 0.027714340016245842 0.0020426865667104721 -0.0065731615759432316
v 0.029198434203863144 0.0073624132201075554 1.9618446458480321e-05
v 0.028849434107542038 -0.027024077251553535 -0.0018291730666533113
v 0.025470245629549026 -0.017946561798453331 -0.012969301082193851
v 0.020829545333981514 -0.0093340817838907242 -0.026664473116397858
v 0.025890234857797623 -0.0018492223462089896 -0.044410791248083115
v 0.028893427923321724 0.032185476273298264 -0.0017826872644945979
v 0.025570839643478394 0.01760094054043293 -0.012849843129515648
v 0.021153600886464119 0.009020819328725338 -0.027052881196141243
v 0.025817984715104103 0.0015920767327770591 -0.044394612312316895
v 0.025560444220900536 -0.0140036316588521 -0.012742203660309315
v 0.023262785747647285 -0.010058385320007801 -0.018298029899597168
v 0.029140179976820946 -0.00602315878495574 2.6677664209273644e-05
v 0.027718953788280487 -0.0019743121229112148 -0.0065549355931580067
v 0.023232502862811089 0.0061121894977986813 -0.018479438498616219
v 0.025631295517086983 0.0020136763341724873 -0.01261379849165678
v 0.029153676703572273 0.010524039156734943 -0.00050726992776617408
v 0.027705324813723564 0.014364833943545818 -0.0065986919216811657
v 0.028871949762105942 -0.023065784946084023 -0.00164931605104357
v 0.02755015529692173 -0.018390756100416183 -0.0071489978581666946
v 0.020838819444179535 -0.0057712262496352196 -0.027134869247674942
v 0.019994795322418213 -0.0018624610966071486 -0.042253594845533371
v 0.027524974197149277 0.02249470166862011 -0.0072970627807080746
v 0.029136883094906807 0.019498758018016815 -0.00067116913851350546
v 0.019763411954045296 0.0045960261486470699 -0.042359068989753723
v 0.0208547692745924 0.0014797105686739087 -0.028261879459023476
v 0.027691688388586044 -0.01020840834826231 -0.0066427160054445267
v 0.029070703312754631 -0.014796009287238121 -0.00021748500876128674
v 0.025619858875870705 -0.0060627120546996593 -0.012612668797373772
v 0.023127513006329536 -0.0021486310288310051 -0.018640168011188507
v 0.023372814059257507 0.013564974069595337 -0.018266759812831879
v 0.025656560435891151 0.0099815530702471733 -0.012583483941853046
v 0.027736593037843704 0.0060528130270540714 -0.0064797382801771164
v 0.029096044600009918 0.0023335481528192759 -0.00072736584115773439
v 0.025303727015852928 -0.022124078124761581 -0.013388955034315586
v 0.02320769801735878 -0.017249675467610359 -0.018397415056824684
v 0.020841129124164581 -0.012855617329478264 -0.02615436352789402
v 0.019173255190253258 -0.0085063902661204338 -0.042057540267705917
v 0.025650862604379654 -0.0051755169406533241 -0.044527135789394379
v -0.037704654037952423 0.029251145198941231 -0.031896226108074188
v -0.015619149431586266 0.044599998742341995 -0.003400326706469059
v -0.024694841355085373 0.044593546539545059 -0.033795040100812912
v -0.014851296320557594 0.044599998742341995 0.01291701290756464
v 0.024736681953072548 0.0074691614136099815 -0.044613447040319443
v 0.025602476671338081 -0.0078297266736626625 -0.04476618766784668
v -0.026986772194504738 0.0064212782308459282 0.0087060434743762016
v -0.02684401348233223 0.014898092485964298 0.0090741943567991257
v -0.027495948597788811 0.022231722250580788 0.0074183479882776737
v -0.024975109845399857 0.014871713705360889 0.013743659481406212
v -0.028892068192362785 0.0052489372901618481 0.0023136208765208721
v -0.0286061130464077 0.014269939623773098 0.0033662144560366869
v 0.00606545340269804 0.044599998742341995 0.015641806647181511
v 0.013914575800299644 -0.0022184029221534729 -0.096500001847743988
v 0.023338655009865761 0.020402407273650169 -0.018463540822267532
v 0.023072404786944389 -0.020675722509622574 -0.018698439002037048
v 0.0092805391177535057 -0.0084593500941991806 -0.096500001847743988
v 0.022596811875700951 0.0022351129446178675 -0.096500001847743988
v -0.037532377988100052 -0.031455039978027344 -0.031805869191884995
v -0.0049809734337031841 -0.030072256922721863 0.029263146221637726
v -0.02314290776848793 0.044600944966077805 -0.007647479884326458
v 0.025076808407902718 0.0045972862280905247 -0.096498817205429077
v -0.018669616430997849 -0.015042657032608986 -0.096500001847743988
v -0.021286528557538986 -0.00060272717382758856 -0.096500001847743988
v 0.0017031899187713861 0.025925548747181892 0.029657896608114243
v -0.02893402986228466 0.011826626025140285 0.0020145396701991558
v -0.029160365462303162 -0.0065213385969400406 0.0013619026867672801
v -0.028857991099357605 -0.014367520809173584 0.0025248120073229074
v 0.029282631352543831 0.0061950897797942162 0.0024322536773979664
v 0.028720559552311897 -0.013993661850690842 0.0069120596162974834
v 0.028606487438082695 0.012985957786440849 0.0076130041852593422
v 0.027605066075921059 0.013063038699328899 0.010811471380293369
v 0.027665959671139717 -0.0062907957471907139 0.010704888962209225
v 0.027094274759292603 -0.015481314621865749 0.012106132693588734
v 0.019526364281773567 0.0028857060242444277 -0.096500001847743988
v 0.021366860717535019 -0.010586392134428024 -0.023688774555921555
v 0.0291274543851614 -0.030909452587366104 0.0042923283763229847
v 0.02463991753757 0.021930506452918053 0.01646655797958374
v 0.014050545170903206 0.023223590105772018 -0.038103725761175156
v 0.020160287618637085 -0.0064756562933325768 0.021849039942026138
v 0.020036963745951653 0.012412208132445812 0.022032080218195915
v 0.017587551847100258 -0.006319322157651186 0.023983407765626907
v 0.014990021474659443 -0.0062302849255502224 0.02567409910261631
v 0.011500434018671513 0.022141087800264359 0.027429666370153427
v 0.0093686096370220184 0.012737005949020386 0.028239723294973373
v 0.0067147044464945793 0.012216039933264256 0.029004989191889763
v 0.0071455873548984528 -0.016041329130530357 0.028853308409452438
v 0.0069135008379817009 -0.022649297490715981 0.028903517872095108
v 0.0054696700535714626 -0.0059728068299591541 0.029243333265185356
v 0.0048369076102972031 -0.013997938483953476 0.029340744018554688
v -0.0029797067400068045 0.014869044534862041 0.029529411345720291
v -0.00092110672267153859 0.021972784772515297 0.02968321368098259
v -0.0096983304247260094 -0.014080674387514591 0.028039740398526192
v -0.015042184852063656 0.022263152524828911 0.025556595996022224
v -0.030908768996596336 0.023088656365871429 -0.016117123886942863
v -0.015385783277451992 0.014203352853655815 0.025323763489723206
v -0.018214823678135872 -0.014926389791071415 0.023226181045174599
v 0.0083345798775553703 0.012820600531995296 -0.096500001847743988
v 0.029218856245279312 0.027570005506277084 0.0033837470691651106
v -0.030629586428403854 0.01906142383813858 -0.09650014340877533
v -0.021410152316093445 -0.010537637397646904 0.020022207871079445
v -0.021473942324519157 0.016083866357803345 0.019906636327505112
v -0.019999025389552116 0.015100374817848206 0.021652145311236382
v -0.014525583945214748 -0.011737941764295101 0.025813514366745949
v -0.013061881065368652 0.013969732448458672 0.026689266785979271
v -0.012221951968967915 -0.011416070163249969 0.02705012634396553
v -0.011459607630968094 0.015347201377153397 0.027440095320343971
v -0.0071883564814925194 -0.011459281668066978 0.028801143169403076
v 0.0013470901176333427 -0.005593505222350359 0.029677124693989754
v 0.0022214215714484453 -0.015230457298457623 0.029633563011884689
v 0.0044379192404448986 0.011486359871923923 0.029412221163511276
v 0.0091804778203368187 -0.0059811323881149292 0.028307437896728516
v 0.010381019674241543 0.0158355962485075 0.027885904535651207
v -0.023733586072921753 0.014821186661720276 0.016182154417037964
v 0.017679613083600998 0.011500509455800056 0.023941585794091225
v 0.019372390583157539 -0.014158354140818119 0.022590242326259613
v 0.025164306163787842 0.01461123488843441 0.015729235485196114
v 0.0020929444581270218 -0.019711796194314957 -0.096500001847743988
v 0.028695724904537201 -0.0067634270526468754 0.0070728273130953312
v 0.025472132489085197 0.027048196643590927 -0.013211887329816818
v 0.025422966107726097 -0.026125211268663406 -0.013106511905789375
v 0.014538765884935856 0.026499982923269272 -0.030692793428897858
v 0.0088431732729077339 -0.037665810436010361 -0.055957898497581482
v 0.0054991794750094414 -0.038857351988554001 -0.043074149638414383
v 0.0037214492913335562 -0.042373914271593094 -0.047768428921699524
v 0.010357159189879894 -0.039060045033693314 -0.074241936206817627
v 0.01125387754291296 -0.0295760128647089 0.027450099587440491
v 0.0047059757634997368 -0.041274789720773697 -0.05372980609536171
v 0.015483641065657139 -0.029694676399230957 -0.029180474579334259
v 0.0056790881790220737 -0.04120950773358345 -0.037195906043052673
v 0.0070044472813606262 -0.037530809640884399 -0.049951937049627304
v -0.033880840986967087 -0.017525387927889824 -0.096455961465835571
v -0.023226756602525711 0.0076934876851737499 -0.096500001847743988
v 0.006149922963231802 0.03886234387755394 -0.057380054146051407
v 0.0080955140292644501 0.037895310670137405 -0.055602423846721649
v 0.005322788842022419 0.039312489330768585 -0.043872877955436707
v 0.0035617814864963293 0.042531203478574753 -0.04785194993019104
v 0.010613603517413139 0.03909817710518837 -0.074358627200126648
v 0.0072053354233503342 0.039098966866731644 -0.063824780285358429
v 0.0044310325756669044 0.041622485965490341 -0.053543072193861008
v 0.0053741838783025742 0.041359715163707733 -0.037602242082357407
v 0.0082554146647453308 0.040321722626686096 -0.033063825219869614
v 0.0064721875824034214 0.038053128868341446 -0.049809537827968597
v -0.011330711655318737 -0.028055615723133087 0.027378402650356293
v 0.010489929467439651 0.042374655604362488 -0.027565710246562958
v -0.034468840807676315 -0.037581875920295715 -0.049917951226234436
v -0.012078350409865379 0.044599998742341995 -0.020514054223895073
v 0.011195345781743526 -0.03437168151140213 -0.096419423818588257
v -0.0037775416858494282 -0.033824343234300613 -0.096498668193817139
v -0.030663974583148956 0.018065910786390305 -0.017370505258440971
v -0.034364521503448486 0.038118280470371246 -0.046244025230407715
v -0.03424830362200737 -0.038090407848358154 -0.046841252595186234
v -0.02785058505833149 0.012536524794995785 -0.096500001847743988
v -0.036232050508260727 0.013765762560069561 -0.020997801795601845
v -0.03061274066567421 0.0099394498392939568 -0.01970205083489418
v -0.035770878195762634 0.02107197605073452 -0.020766561850905418
v -0.034940898418426514 -0.007631208747625351 -0.020050680264830589
v -0.038723595440387726 0.021254390478134155 -0.03845079243183136
v -0.021983681246638298 -0.010769080370664597 -0.096500001847743988
v -0.032589193433523178 0.016378961503505707 -0.096492558717727661
v -0.0010800596792250872 -0.019922895357012749 -0.096500001847743988
v 0.01004855427891016 -0.011091926135122776 -0.096500001847743988
v 0.025878436863422394 0.0014363587833940983 -0.096499226987361908
v 0.0035874268505722284 -0.02227102592587471 -0.096500001847743988
v -0.02597304992377758 -0.044564668089151382 -0.018608758226037025
v -0.02728956937789917 -0.044395387172698975 -0.031726740300655365
v -0.027457991614937782 -0.044346053153276443 -0.038467619568109512
v -0.010413440875709057 -0.044583715498447418 0.01863468810915947
v -0.025466494262218475 0.015864988788962364 -0.096500001847743988
v -0.025785773992538452 0.0049617229960858822 -0.096500001847743988
v 0.010187776759266853 0.044582825154066086 0.019450845196843147
v 0.016077557578682899 -0.021591713652014732 -0.038786090910434723
v -0.02064862847328186 -0.017153564840555191 -0.096500001847743988
v -0.023575862869620323 -0.0034302715212106705 -0.096500001847743988
v -0.030018080025911331 0.0099279815331101418 -0.096500001847743988
v -0.039572533220052719 0.025992965325713158 -0.044046912342309952
v -0.038561407476663589 0.029932772740721703 -0.040089696645736694
v 0.013910752721130848 -0.0055751553736627102 -0.096500001847743988
v -0.033349946141242981 0.015416102483868599 -0.020091047510504723
v -0.036237798631191254 -0.002119832206517458 -0.021108454093337059
v -0.033245716243982315 0.0081226332113146782 -0.020048731938004494
v -0.0061820223927497864 -0.027987169101834297 -0.096500001847743988
v 0.026188118383288383 -0.0015820077387616038 -0.096497826278209686
v 0.0044631343334913254 -0.034154914319515228 -0.096492558717727661
v -0.041514895856380463 0.014388303272426128 -0.0537281334400177
v -0.042159527540206909 0.0034704972058534622 -0.052039332687854767
v -0.01802733913064003 -0.0011472784681245685 -0.096500001847743988
v -0.016988081857562065 0.017145853489637375 -0.096500001847743988
v -0.014858666807413101 0.024668605998158455 -0.096500001847743988
v -0.020505392923951149 0.02993336133658886 -0.096514306962490082
v -0.014862195588648319 0.032401256263256073 -0.096474401652812958
v -0.039439328014850616 -0.025202980265021324 -0.042601108551025391
v -0.038369044661521912 -0.029487859457731247 -0.038121286779642105
v -0.033551435917615891 -0.039989423006772995 -0.030389519408345222
v -0.035292085260152817 -0.038029450923204422 -0.031399436295032501
v -0.033469125628471375 -0.039925877004861832 -0.018471697345376015
v -0.034438446164131165 -0.038628853857517242 -0.025005828589200974
v 0.030114615336060524 0.0082672908902168274 -0.047350633889436722
v 0.019071716815233231 0.015950143337249756 -0.035316683351993561
v 0.023954771459102631 0.01157926581799984 -0.044946268200874329
v 0.024564851075410843 0.016341038048267365 -0.046547763049602509
v 0.019130000844597816 -0.016540162265300751 -0.034360051155090332
v 0.029864871874451637 -0.0088952584192156792 -0.047303128987550735
v 0.022906938567757607 -0.012867974117398262 -0.044933278113603592
v -0.0032122719567269087 0.028571849688887596 0.029487978667020798
v -0.034199640154838562 0.013422702439129353 -0.096494086086750031
v -0.024230707436800003 -0.012990817427635193 -0.096500001847743988
v -0.018752716481685638 -0.0240461565554142 -0.096499994397163391
v -0.034334983676671982 0.038349714130163193 -0.042864378541707993
v -0.028007784858345985 0.0057339174672961235 0.0057784151285886765
v 0.010990324430167675 -0.02998766303062439 -0.032519403845071793
v -0.022968659177422523 -0.026436168700456619 -0.096500001847743988
v -0.020724615082144737 -0.044599998742341995 0.00027596644940786064
v -0.02934863418340683 0.023391034454107285 3.359637048561126e-05
v -0.033893268555402756 0.038793027400970459 -0.030534110963344574
v -0.034373793751001358 0.038638744503259659 -0.024346454069018364
v -0.021068330854177475 0.044599998742341995 -0.017027491703629494
v -0.040065277367830276 -0.024399621412158012 -0.049245100468397141
v -0.030924936756491661 0.034469414502382278 0.0021750123705714941
v -0.0012033954262733459 -0.023443702608346939 -0.096500001847743988
v 0.012222025543451309 -0.016252240166068077 -0.096500001847743988
v 0.010865190997719765 0.031032918021082878 -0.038839437067508698
v 0.025996316224336624 -0.0042760642245411873 -0.096491865813732147
v -0.024563977494835854 0.044599801301956177 -0.0045213140547275543
v -0.017829928547143936 0.044599998742341995 0.0073789479210972786
v -0.037693247199058533 -0.0026769870892167091 -0.035292822867631912
v -0.037949942052364349 -0.011718288064002991 -0.035577356815338135
v -0.037749655544757843 0.0048538073897361755 -0.035361703485250473
v -0.037665046751499176 0.009267670102417469 -0.034708447754383087
v -0.037088114768266678 -0.016872536391019821 -0.027304967865347862
v -0.036984793841838837 -0.009724050760269165 -0.030306229367852211
v -0.036898363381624222 0.0095966532826423645 -0.029445338994264603
v -0.037093605846166611 0.017838461324572563 -0.027479304000735283
v -0.036706998944282532 -0.0025638982187956572 -0.029672494158148766
v -0.030341576784849167 -0.0055620651692152023 -0.015747208148241043
v -0.039562791585922241 -0.0036859596148133278 -0.041282299906015396
v -0.017702270299196243 -0.044599998742341995 0.0062113311141729355
v -0.030609527602791786 0.015339978039264679 -0.01716497540473938
v -0.027479888871312141 0.044364485889673233 -0.023849854245781898
v -0.027014559134840965 -0.044441372156143188 -0.024472016841173172
v -0.025324806571006775 0.044595882296562195 -0.030467631295323372
v -0.024359807372093201 0.044601127505302429 -0.023703578859567642
v -0.024540729820728302 0.04460226371884346 -0.017340961843729019
v -0.030308917164802551 0.043263625353574753 -0.024057993665337563
v -0.030330341309309006 -0.043267987668514252 -0.023338932543992996
v -0.029935929924249649 -0.043479993939399719 -0.029747786000370979
v -0.030485823750495911 -0.043154463171958923 -0.036442331969738007
v -0.031364735215902328 0.042557757347822189 -0.017749371007084846
v -0.027643300592899323 0.044326789677143097 -0.029399249702692032
v -0.026798415929079056 0.04447188600897789 -0.036657214164733887
v -0.0278803501278162 0.044261496514081955 -0.017651403322815895
v -0.03167613223195076 -0.042340360581874847 -0.017634470015764236
v -0.032677337527275085 0.041388973593711853 -0.024179812520742416
v -0.028983525931835175 -0.043907672166824341 -0.017603153362870216
v -0.030050545930862427 0.04340846836566925 -0.029888249933719635
v -0.029943026602268219 0.043468881398439407 -0.036173839122056961
v -0.032884761691093445 -0.041211795061826706 -0.024124316871166229
v -0.032985493540763855 -0.041049543768167496 -0.035765737295150757
v -0.032205160707235336 -0.041863635182380676 -0.029333345592021942
v -0.032464809715747833 0.041555024683475494 -0.035985421389341354
v -0.032489344477653503 0.041535615921020508 -0.030170844867825508
v -0.033463038504123688 0.039979103952646255 -0.017579387873411179
v -0.0023421994410455227 0.044598896056413651 0.019529275596141815
v -0.023588396608829498 0.024737900123000145 0.016537709161639214
v -0.02105087973177433 0.0061786430887877941 0.020488234236836433
v -0.0060604047030210495 0.0055057434365153313 0.029062138870358467
v -0.0037084952928125858 0.0055449339561164379 0.029466765001416206
v 0.010937552899122238 -0.02342737652361393 0.02762577123939991
v 0.022304221987724304 -0.0052995444275438786 0.019609019160270691
v 0.024048762395977974 0.0054710302501916885 0.017368549481034279
v -0.019882878288626671 0.017764445394277573 -0.096500001847743988
v -0.02186056412756443 -0.044599991291761398 -0.036803945899009705
v -0.036613199859857559 -0.0066589540801942348 -0.025806814432144165
v -0.036697760224342346 0.0072559327818453312 -0.027419429272413254
v -0.037120431661605835 0.020410498604178429 -0.02620856836438179
v -0.037172701209783554 -0.0079141240566968918 -0.032059594988822937
v -0.038509543985128403 -0.0080719031393527985 -0.037981174886226654
v -0.038642209023237228 0.0070876036770641804 -0.038623206317424774
v -0.037383239716291428 0.0066879750229418278 -0.033644299954175949
v -0.036961615085601807 -0.013720002956688404 -0.027424318715929985
v -0.037209339439868927 -0.015312100760638714 -0.030301785096526146
v -0.036823533475399017 0.01338241808116436 -0.025865960866212845
v -0.03740290179848671 0.013579710386693478 -0.032239235937595367
v -0.036551825702190399 -0.00081733602564781904 -0.027295483276247978
v -0.037066876888275146 -0.00071681512054055929 -0.032443873584270477
v -0.038263898342847824 -0.00027457962278276682 -0.03764912486076355
v -0.040596213191747665 -0.00043851436930708587 -0.044262710958719254
v -0.0082782264798879623 0.044599998742341995 0.01050607580691576
v -0.0046430621296167374 0.044599998742341995 -0.0060490998439490795
v -0.0024014110676944256 0.044599998742341995 -0.020671946927905083
v -0.00063081341795623302 0.044371727854013443 -0.039480295032262802
v 0.0042552510276436806 0.044590272009372711 -0.022938152775168419
v 0.0093532232567667961 0.044484458863735199 -0.022180711850523949
v 0.0067804525606334209 0.044599998742341995 -0.0044309264048933983
v 0.00091397546930238605 0.044599998742341995 -0.005111688282340765
v -0.006390873808413744 0.044599998742341995 0.0029055357445031404
v -0.0010576101485639811 0.044599998742341995 0.0036215945146977901
v -0.0015745499404147267 0.044597078114748001 -0.029136719182133675
v 0.0048691756092011929 0.043943848460912704 -0.029929095879197121
v -0.0032216955441981554 0.044599998742341995 -0.014315182343125343
v 0.0021018055267632008 0.044599998742341995 -0.013830444775521755
v 0.0080682206898927689 0.044599998742341995 -0.012961486354470253
v 0.014395419508218765 0.044599998742341995 -0.011692319065332413
v -0.034582853317260742 -0.038217451423406601 -0.040562201291322708
v 0.029202060773968697 -0.029034065082669258 0.001160010346211493
v -0.027794564142823219 -0.02944914810359478 -0.096068195998668671
v -0.031355585902929306 -0.030659226700663567 -0.014046824537217617
v -0.036546766757965088 -0.016328884288668633 -0.021425189450383186
v -0.036529038101434708 0.0024563944898545742 -0.023548183962702751
v 0.020386664196848869 -0.011682960204780102 -0.029269112274050713
v -0.012865691445767879 -0.039184033870697021 -0.062176328152418137
v -0.011912088841199875 -0.041143152862787247 -0.055813711136579514
v -0.011644178070127964 0.041151769459247589 -0.055616553872823715
v -0.01286209374666214 0.039182968437671661 -0.061885032802820206
v -0.0036589705850929022 -0.039099998772144318 -0.071209058165550232
v -0.0025801665615290403 -0.039099998772144318 -0.06477782130241394
v -0.0014210300287231803 -0.039167806506156921 -0.058098666369915009
v -0.00027588236844167113 -0.042923405766487122 -0.052896011620759964
v -0.0036164589691907167 0.039099998772144318 -0.071183383464813232
v -0.0025262748822569847 0.039100002497434616 -0.064737819135189056
v -0.0014179465360939503 0.039210379123687744 -0.058028608560562134
v -0.00051277515012770891 0.04291938990354538 -0.052785303443670273
v 0.0053550251759588718 -0.039099995046854019 -0.080047935247421265
v 0.0052191447466611862 0.039099998772144318 -0.079871818423271179
v -0.035132799297571182 0.010277981869876385 -0.096495479345321655
v -0.014769393019378185 -0.044593214988708496 -0.048193853348493576
v -0.019529484212398529 -0.044599998742341995 -0.044531628489494324
v -0.020594261586666107 -0.044599998742341995 -0.031339660286903381
v -0.014771256595849991 -0.044599998742341995 -0.035422071814537048
v -0.0096983378753066063 -0.044599998742341995 -0.039548218250274658
v -0.0048978161066770554 -0.044599231332540512 -0.043633818626403809
v -0.020251847803592682 -0.044599998742341995 -0.018232779577374458
v -0.014664040878415108 -0.044599998742341995 -0.022561771795153618
v -0.0092667937278747559 -0.044599998742341995 -0.033326581120491028
v -0.020232865586876869 -0.044599998742341995 -0.011088953353464603
v -0.0351564921438694 -0.037819121032953262 -0.044018872082233429
v -0.038675714284181595 0.027583278715610504 -0.039277218282222748
v 0.025596676394343376 -0.0069718668237328529 -0.096496708691120148
v -0.03654058650135994 -0.0040635229088366032 -0.023547030985355377
v 0.03026086650788784 0.034724876284599304 -0.0012961706379428506
v 0.030492914840579033 -0.036558549851179123 -0.00011700322647811845
v 0.032417900860309601 0.001661857939325273 -0.052797671407461166
v -0.027661964297294617 0.029018402099609375 -0.096043504774570465
v -0.013517637737095356 -0.02749861404299736 0.026308013126254082
v -0.036429211497306824 0.027319101616740227 -0.020717224106192589
v -0.030820060521364212 0.031796917319297791 -0.0055693243630230427
v -0.030543552711606026 -0.00014534957881551236 -0.018881501629948616
v -0.030904941260814667 0.024840179830789566 -0.012748553417623043
v -0.030476987361907959 0.017791425809264183 -0.009921833872795105
v -0.038471009582281113 -0.026191079989075661 -0.037715613842010498
v 0.028688849881291389 0.036018852144479752 0.010251723229885101
v 0.022545745596289635 -0.035345859825611115 0.020378246903419495
v -0.0068481839261949062 -0.044599995017051697 -0.038353361189365387
v -0.017863970249891281 -0.044599998742341995 -0.016194531694054604
v -0.012051874771714211 -0.044599998742341995 -0.034157734364271164
v -0.012525450438261032 -0.044599998742341995 -0.026869622990489006
v -0.022004814818501472 -0.044599995017051697 -0.025828603655099869
v -0.022376716136932373 -0.044552572071552277 -0.052325215190649033
v -0.012407765723764896 -0.044588726013898849 -0.047039993107318878
v -0.01227946300059557 -0.044599998742341995 -0.0407109335064888
v -0.01749529130756855 -0.044599998742341995 -0.029949409887194633
v -0.017252525314688683 -0.044599998742341995 -0.023478647693991661
v -0.017321420833468437 -0.044599998742341995 -0.036834333091974258
v -0.017152069136500359 -0.044599998742341995 -0.043214570730924606
v -0.0171053446829319 -0.044595208019018173 -0.049365915358066559
v -0.0074144131503999233 -0.044597253203392029 -0.044899046421051025
v 0.020904377102851868 -0.035375107079744339 0.022165456786751747
v 0.018835972994565964 -0.035341665148735046 0.023950569331645966
v 0.012712136842310429 -0.035064801573753357 0.027626655995845795
v 0.0075230761431157589 -0.035008825361728668 0.029492964968085289
v 0.0024699345231056213 -0.034440387040376663 0.030348613858222961
v 0.0037609045393764973 0.036474484950304031 0.030232856050133705
v 8.2126462075393647e-05 -0.035458657890558243 0.030464092269539833
v -0.0077517665922641754 0.0090360213071107864 -0.096500001847743988
v -0.02577769011259079 -0.0060817818157374859 -0.096500001847743988
v 0.032082054764032364 -2.7048674837715225e-06 -0.047876890748739243
v 0.024329837411642075 -0.029902204871177673 0.016937803477048874
v -0.029884930700063705 0.023593170568346977 -0.0022674836218357086
v -0.031021507456898689 -0.012492597103118896 -0.019999999552965164
v -0.030337262898683548 -0.0036194098647683859 -0.013124336488544941
v -0.030165711417794228 0.013442863710224628 -0.0035562247503548861
v -0.030058834701776505 -0.0068229236640036106 -0.004393475130200386
v -0.031058149412274361 -0.022032234817743301 -0.01906760036945343
v -0.030749654397368431 -0.026904674246907234 -0.0095510799437761307
v -0.030367258936166763 -0.031631160527467728 -0.0028397741261869669
v -0.030328242108225822 0.0057475315406918526 -0.0091840820387005806
v -0.030141064897179604 0.0020855171605944633 -0.004221881739795208
v -0.030200622975826263 -0.014724179171025753 -0.010263313539326191
v -0.029997341334819794 -0.016316389665007591 -0.0053201792761683464
v -0.034659590572118759 -0.028933009132742882 -0.019990913569927216
v -0.032462332397699356 -0.033263444900512695 -0.014612887054681778
v -0.033330384641885757 -0.036020305007696152 -0.0096857668831944466
v -0.032532650977373123 -0.037525132298469543 -0.0026255766861140728
v 0.016853837296366692 -0.026134282350540161 0.024473592638969421
v -0.035627212375402451 0.0074346447363495827 -0.096496514976024628
v -0.010678340680897236 0.036375366151332855 0.0285633634775877
v -0.0091762766242027283 0.037634339183568954 -0.094638258218765259
v 0.01644999161362648 -0.01224994845688343 -0.096500001847743988
v -0.014865651726722717 0.036020971834659576 0.026629934087395668
v -0.038684282451868057 0.031200671568512917 -0.042113982141017914
v -0.019623465836048126 0.035720963031053543 0.023314991965889931
v -0.039138380438089371 -0.029324514791369438 -0.048994217067956924
v -0.023141855373978615 0.035413946956396103 0.019645011052489281
v -0.024504859000444412 -0.035836055874824524 0.018091466277837753
v 0.014471792615950108 -0.025398056954145432 -0.043142229318618774
v -0.013409150764346123 -0.044599998742341995 0.012599492445588112
v -0.038874633610248566 0.030158728361129761 -0.050049237906932831
v 0.0039206412620842457 0.0445999875664711 0.019013965502381325
v -0.013240698724985123 -0.044573165476322174 0.018039314076304436
v 0.0090827969834208488 0.044449064880609512 0.021918153390288353
v 0.011684499680995941 -0.018757220357656479 -0.096500001847743988
v -0.02946942113339901 -0.0350361168384552 0.0079146213829517365
v -0.036566533148288727 -0.0096640046685934067 -0.023071886971592903
v -0.0365801602602005 0.0049782544374465942 -0.022844534367322922
v -0.036738168448209763 0.011622303165495396 -0.023557011038064957
v -0.0050688469782471657 -0.031049402430653572 -0.096500001847743988
v 0.025282621383666992 -0.009858972392976284 -0.096500016748905182
v -0.040815327316522598 0.01133408211171627 -0.089207395911216736
v -0.04028797522187233 0.013113599270582199 -0.091417446732521057
v 0.0067589869722723961 0.02943514846265316 -0.096500001847743988
v 0.0031186859123408794 0.034122776240110397 -0.096490412950515747
v -0.0019170364830642939 0.023761807009577751 -0.096500001847743988
v -0.0050167208537459373 0.028801301494240761 -0.096500001847743988
v -0.0091696707531809807 0.032976880669593811 -0.096502780914306641
v 0.0002905437140725553 0.013337960466742516 -0.096500001847743988
v -0.011641349643468857 -0.0013034375151619315 -0.096500001847743988
v -0.0095520634204149246 0.007140736561268568 -0.096500001847743988
v -0.0036649599205702543 0.0036531367804855108 -0.096500001847743988
v -0.007111238781362772 0.023814190179109573 -0.096500001847743988
v 0.013111194595694542 0.024752065539360046 -0.03271450474858284
v -0.01051411684602499 -0.017676366493105888 -0.096500001847743988
v -0.011292546987533569 0.016522675752639771 -0.096500001847743988
v -0.0088164238259196281 0.01862386055290699 -0.096500001847743988
v -0.021269360557198524 -0.035952653735876083 0.021758101880550385
v -0.038526203483343124 0.017263304442167282 -0.080287732183933258
v -0.019133968278765678 -0.034312281757593155 0.023259676992893219
v -0.037172157317399979 0.026106236502528191 -0.06242658942937851
v -0.017301846295595169 0.036444209516048431 0.025088584050536156
v -0.011953922919929028 -0.036131184548139572 0.028005525469779968
v -0.036286845803260803 0.037146702408790588 -0.031397391110658646
v -0.0062346882186830044 -0.035708807408809662 0.029735272750258446
v -0.037788096815347672 -0.029829828068614006 -0.056109953671693802
v 0.018452432006597519 0.02182677760720253 -0.045452956110239029
v 0.0010368829825893044 0.034829359501600266 0.030333638191223145
v -0.040480069816112518 -0.012433965690433979 -0.090728498995304108
v 0.0084505211561918259 0.036451444029808044 0.029281539842486382
v 0.014963265508413315 0.035926643759012222 0.026526857167482376
v -0.031171942129731178 -0.03609132394194603 0.0029734007548540831
v 0.017656357958912849 0.036557462066411972 0.024840343743562698
v 0.019688427448272705 0.035472311079502106 0.023216743022203445
v 0.021529240533709526 0.036052186042070389 0.021528718993067741
v 0.023237774148583412 0.034865498542785645 0.019379571080207825
v -0.038978204131126404 0.030132139101624489 -0.044377069920301437
v 0.025527864694595337 -0.036193694919347763 0.016531841829419136
v 0.027564998716115952 0.035244215279817581 0.012948587536811829
v -0.029767977073788643 -0.0022841191384941339 -0.096500001847743988
v 0.029460450634360313 0.036629393696784973 0.0077752252109348774
v 0.029918128624558449 0.035578474402427673 0.0051224883645772934
v 0.0031408646609634161 -0.044477637857198715 0.023597056046128273
v 0.030324935913085938 -0.036049418151378632 0.0029421921353787184
v -0.040044955909252167 -0.024050001055002213 -0.052350051701068878
v -0.02697891928255558 -0.036373339593410492 0.014027778059244156
v -0.027870394289493561 0.036224056035280228 0.012266875244677067
v -0.03675161674618721 0.023650389164686203 -0.067833252251148224
v -0.037456635385751724 -0.020540213212370872 -0.07328951358795166
v 0.032334420830011368 -0.0040689478628337383 -0.090619437396526337
v 0.031612809747457504 0.0068482230417430401 -0.057239238172769547
v 0.030754603445529938 0.0092186005786061287 -0.051928441971540451
v 0.032261423766613007 0.0048703132197260857 -0.091112986207008362
v 0.032243739813566208 0.0047702114097774029 -0.084367051720619202
v 0.031730253249406815 0.0082008810713887215 -0.078294433653354645
v 0.030886208638548851 0.011446176096796989 -0.072060175240039825
v 0.030266791582107544 0.012710269540548325 -0.067016854882240295
v 0.02874356135725975 0.015745382755994797 -0.061477053910493851
v 0.028762867674231529 0.014757633209228516 -0.056491218507289886
v 0.018646199256181717 0.023255500942468643 -0.030439792200922966
v 0.032101787626743317 0.0046747298911213875 -0.062623389065265656
v 0.032368108630180359 0.0027652571443468332 -0.067865587770938873
v 0.03238489106297493 0.0030937995761632919 -0.078724637627601624
v 0.019128814339637756 0.018742047250270844 -0.033146761357784271
v 0.032214220613241196 0.0037602582015097141 -0.057461757212877274
v -0.03940945491194725 -0.015464990399777889 -0.091341666877269745
v -0.036282084882259369 -0.024509675800800323 -0.067820161581039429
v 0.030754540115594864 -0.0092883510515093803 -0.052444823086261749
v 0.031598635017871857 -0.0069120535627007484 -0.057393677532672882
v 0.02759198285639286 -0.015997828915715218 -0.050994254648685455
v 0.031167605891823769 -0.010233868844807148 -0.072065196931362152
v 0.032094404101371765 -0.006189537700265646 -0.084292754530906677
v 0.032155822962522507 -0.0042172274552285671 -0.062604606151580811
v 0.032426472753286362 -0.0019932661671191454 -0.068620279431343079
v 0.01937037892639637 -0.019440606236457825 -0.032549005001783371
v 0.032373286783695221 -0.0032504780683666468 -0.078127644956111908
v -0.017467869445681572 0.027380030602216721 0.023923825472593307
v 0.0029195756651461124 0.036809317767620087 -0.096169263124465942
v 0.009466179646551609 -0.038674462586641312 -0.09446166455745697
v 0.0031833169050514698 0.038910217583179474 -0.093983054161071777
v -0.022470921277999878 -0.026030328124761581 0.01830623485147953
v -0.0031665880233049393 0.036589961498975754 -0.09632892906665802
v 0.0081901839002966881 0.038994729518890381 -0.093622893095016479
v 0.0090812826529145241 0.036458585411310196 -0.095898747444152832
v -0.0090878140181303024 -0.036182906478643417 -0.09641709178686142
v -0.0092745861038565636 0.03622465580701828 -0.096402093768119812
v -0.0084647610783576965 -0.03853587806224823 -0.094804532825946808
v 0.0022464653011411428 -0.036969173699617386 -0.096175767481327057
v -0.033369272947311401 -0.037559345364570618 -0.053299050778150558
v 0.0094265453517436981 -0.036535017192363739 -0.096235819160938263
v 0.01053002942353487 0.033305041491985321 -0.032204043120145798
v -0.0075090518221259117 -0.0074229296296834946 -0.096500001847743988
v -0.00086154136806726456 0.010381083935499191 -0.096500001847743988
v -0.010972505435347557 0.013234288431704044 -0.096500001847743988
v -0.0060929362662136555 0.026246625930070877 -0.096500001847743988
v -0.015575696714222431 -0.039126303046941757 -0.06647104024887085
v -0.010136622935533524 -0.039100829511880875 -0.085285216569900513
v -0.010108734481036663 0.03910272940993309 -0.08460632711648941
v -0.015834106132388115 0.039131514728069305 -0.065695092082023621
v -0.0048620007000863552 -0.039099998772144318 -0.084446936845779419
v 0.0011331714922562242 -0.039099998772144318 -0.083520695567131042
v 0.0011476658983156085 0.039099998772144318 -0.083493486046791077
v -0.0048681055195629597 0.039099998772144318 -0.084309525787830353
v -0.0046992283314466476 0.0010483477963134646 -0.096500001847743988
v -0.012732136994600296 -0.039102029055356979 -0.075325742363929749
v -0.0069491397589445114 -0.039099998772144318 -0.074535131454467773
v -0.012021612375974655 0.039102762937545776 -0.076348796486854553
v -0.006756192073225975 0.039099998772144318 -0.074568241834640503
v -0.0033850332256406546 -0.038726571947336197 -0.094336956739425659
v 0.0033949427306652069 -0.038918118923902512 -0.093723863363265991
v -0.015655852854251862 -0.0283155906945467 0.025043582543730736
v -0.0035898466594517231 0.03869185596704483 -0.09447721391916275
v -0.0091077620163559914 0.039084643125534058 -0.092670708894729614
v 0.0052645378746092319 0.026685949414968491 -0.096500001847743988
v -0.00055016810074448586 0.026462908834218979 -0.096500001847743988
v -0.0039585675112903118 0.031473573297262192 -0.096500009298324585
v 0.0019185761921107769 0.031867653131484985 -0.096500009298324585
v 0.01591915637254715 -0.020279387012124062 -0.041222043335437775
v 0.019579991698265076 -0.0086858533322811127 -0.035738453269004822
v 0.02003825455904007 0.00089091819245368242 -0.036181718111038208
v -0.0089134844020009041 0.0046852021478116512 -0.096500001847743988
v 0.031622815877199173 -0.0088479667901992798 -0.078268006443977356
v 0.030344745144248009 -0.012521903030574322 -0.067436158657073975
v 0.017325242981314659 -0.019644731655716896 -0.043692562729120255
v 0.021010683849453926 -0.031562231481075287 -0.022265901789069176
v -0.022574622184038162 -0.018728742375969887 -0.096500001847743988
v -0.027957068756222725 -0.0083158304914832115 -0.096500001847743988
v -0.033506829291582108 0.0017892192117869854 -0.096499994397163391
v -0.03971225768327713 0.01428289245814085 -0.084899544715881348
v -0.038145363330841064 0.0211039949208498 -0.066764265298843384
v 0.029207808896899223 -0.014753245748579502 -0.062192413955926895
v 0.019368890672922134 -0.025788439437747002 -0.029459528625011444
v 0.027713444083929062 -0.0170106440782547 -0.056835375726222992
v 0.026653261855244637 -0.034045517444610596 -0.01412707194685936
v -0.038172084838151932 -0.018091063946485519 -0.079433701932430267
v -0.038362503051757812 -0.018288088962435722 -0.074255108833312988
v -0.038689687848091125 -0.030252737924456596 -0.051183316856622696
v -0.028186241164803505 -0.00018147983064409345 -0.096500001847743988
v -0.026186125352978706 -0.015357526950538158 -0.096500001847743988
v -0.037641104310750961 0.0051232506521046162 -0.096461497247219086
v 0.022732643410563469 0.018647292628884315 -0.046520333737134933
v -0.036981198936700821 0.021278498694300652 -0.073551565408706665
v -0.038539525121450424 0.017219049856066704 -0.085923172533512115
v -0.038582269102334976 0.018077095970511436 -0.072511196136474609
v -0.038323067128658295 0.031183745712041855 -0.051736775785684586
v 0.032485999166965485 0.00041939271613955498 -0.066120065748691559
v -0.020963354036211967 0.044599998742341995 0.001173061435110867
v -0.041659388691186905 0.0027026101015508175 -0.048519238829612732
v -0.036942649632692337 -0.02692500501871109 -0.062185347080230713
v -0.038533922284841537 -0.017191071063280106 -0.085616536438465118
v 0.022554256021976471 -0.018038714304566383 -0.046149160712957382
v 0.032021172344684601 -0.0071993647143244743 -0.090026892721652985
v -0.039298869669437408 0.01582053117454052 -0.091407068073749542
v -0.011516517028212547 0.0051500247791409492 -0.096500001847743988
v 0.026781747117638588 0.017457896843552589 -0.05125148594379425
v 0.031884927302598953 0.0075753694400191307 -0.084336638450622559
v -0.022590162232518196 0.044600609689950943 -0.0016085157403722405
v -0.034395415335893631 0.038382027298212051 -0.039680197834968567
v 0.017661942169070244 0.0011105492012575269 -0.096500001847743988
v -0.0066855247132480145 -0.044599998742341995 -0.018209990113973618
v -0.0047904564999043941 -0.044599998742341995 -0.023039383813738823
v 0.011441957205533981 -0.044599998742341995 -0.011516821570694447
v 0.013202731497585773 -0.044598929584026337 -0.016705647110939026
v -0.011490209028124809 -0.044599998742341995 -0.0071515645831823349
v -0.0088960165157914162 -0.044599998742341995 -0.012694184668362141
v -0.00080961681669577956 -0.04459989070892334 -0.027793727815151215
v 0.0026110205799341202 -0.044008102267980576 -0.033248543739318848
v 0.0021151590626686811 -0.044599998742341995 -0.014979316852986813
v 0.0001055381799233146 -0.044599998742341995 -0.0098584108054637909
v 0.0042376467026770115 -0.044599998742341995 -0.020403683185577393
v 0.0066706174984574318 -0.044341262429952621 -0.025594562292098999
v -0.020820708945393562 -0.044599998742341995 -0.0046810880303382874
v -0.0023036913480609655 -0.044546741992235184 -0.042071670293807983
v 0.029387973248958588 0.015277909114956856 -0.067322805523872375
v -0.037474833428859711 0.032111499458551407 -0.030723948031663895
v -0.037025917321443558 -0.020238500088453293 -0.080001935362815857
v 0.031891744583845139 0.0080688949674367905 -0.091247700154781342
v 0.029445525258779526 -0.01512296125292778 -0.067410469055175781
v -0.039239227771759033 -0.016531502828001976 -0.072588376700878143
v 0.031631626188755035 -0.0093525955453515053 -0.084017843008041382
v 0.00033518992131575942 -0.039100002497434616 -0.063785254955291748
v 0.00051046250155195594 0.039099998772144318 -0.063762418925762177
v -0.0088420072570443153 0.040663536638021469 -0.054718978703022003
v -0.0043098898604512215 0.039103809744119644 -0.059019476175308228
v -0.0091633051633834839 -0.040941119194030762 -0.054585300385951996
v -0.0043375799432396889 -0.039103753864765167 -0.059029020369052887
v -0.00077260308898985386 0.039099998772144318 -0.070215590298175812
v 0.0038937204517424107 0.039099998772144318 -0.074550502002239227
v 0.0039047291502356529 -0.039099998772144318 -0.074636571109294891
v -0.0008044274291023612 -0.039099998772144318 -0.070243127644062042
v -0.010122522711753845 -0.03910338506102562 -0.061052493751049042
v -0.0055238204076886177 -0.039099998772144318 -0.06574452668428421
v -0.0055245906114578247 0.039099998772144318 -0.065680839121341705
v -0.010091487318277359 0.039102315902709961 -0.060893353074789047
v -0.01436964888125658 0.041932858526706696 -0.056983254849910736
v -0.0033702785149216652 0.041942957788705826 -0.053231097757816315
v -0.0031779368873685598 -0.042018759995698929 -0.053162846714258194
v -0.014482084661722183 -0.041861597448587418 -0.057236365973949432
v 0.031608302146196365 -0.0097667481750249863 -0.089374303817749023
v -0.024648772552609444 -0.04450920969247818 -0.048987202346324921
v 0.031247138977050781 -0.01194700226187706 -0.09075155109167099
v 0.025791183114051819 -0.018938101828098297 -0.050802331417798996
v 0.028417956084012985 -0.017744306474924088 -0.067290939390659332
v 0.029784424230456352 -0.015305588953197002 -0.072949498891830444
v 0.026999613270163536 -0.01970069482922554 -0.062256988137960434
v -0.038027301430702209 -0.021215979009866714 -0.067002594470977783
v -0.038609050214290619 -0.027513664215803146 -0.05605790764093399
v 0.03020772710442543 -0.014942406676709652 -0.078795373439788818
v 0.03141329437494278 0.010530059225857258 -0.084215275943279266
v -0.00071082951035350561 -0.026553267613053322 -0.096500001847743988
v 0.019683243706822395 -0.013248705305159092 -0.096499994397163391
v -0.038117114454507828 -0.018401408568024635 -0.091385222971439362
v 0.031133495271205902 -0.011843881569802761 -0.083503499627113342
v 0.020129997283220291 0.0063888942822813988 -0.035676755011081696
v 0.025097208097577095 -0.012814031913876534 -0.096431389451026917
v 0.031215226277709007 0.011980222538113594 -0.089828476309776306
v 0.00973509531468153 -0.039089757949113846 -0.09105326235294342
v 0.010045984759926796 0.039102889597415924 -0.090935066342353821
v -0.0058686099946498871 -0.039099998772144318 -0.087039023637771606
v -0.0020577448885887861 -0.039090685546398163 -0.091664798557758331
v -0.009596576914191246 -0.039099995046854019 -0.082884401082992554
v -0.014290863648056984 -0.038969460874795914 -0.078278124332427979
v -0.0094343535602092743 0.039099991321563721 -0.082285620272159576
v -0.0060487613081932068 0.039099998772144318 -0.086932390928268433
v -0.0022919424809515476 0.039079487323760986 -0.0920519158244133
v 0.0041906381957232952 -0.039098843932151794 -0.090768411755561829
v 0.00010297102562617511 -0.039099998772144318 -0.0862579345703125
v -0.011696228757500648 -0.039099998772144318 -0.072625204920768738
v -0.01171120535582304 0.039100117981433868 -0.073121115565299988
v 7.3273600719403476e-05 0.039099998772144318 -0.086347244679927826
v 0.0040003820322453976 0.039098765701055527 -0.091147691011428833
v -0.0039156447164714336 -0.039099998772144318 -0.081774778664112091
v -0.0079160295426845551 -0.039099998772144318 -0.077309206128120422
v -0.007852296344935894 -0.039083842188119888 -0.092149347066879272
v -0.0075118169188499451 0.039099998772144318 -0.077235214412212372
v -0.0038332913536578417 0.039099998772144318 -0.081649526953697205
v -0.035537809133529663 -0.034450255334377289 -0.020551305264234543
v -0.0044039646163582802 -0.012201112695038319 -0.096500001847743988
v 0.026953889057040215 -0.037428375333547592 -0.014225995168089867
v 0.0064949761144816875 0.039099972695112228 -0.085353195667266846
v -0.0020659384317696095 0.039099998772144318 -0.076141178607940674
v 0.0063072140328586102 -0.039099998772144318 -0.085462078452110291
v -0.0021471958607435226 -0.039099998772144318 -0.076203107833862305
v -0.018971569836139679 -0.043518122285604477 -0.060076776891946793
v -0.038811363279819489 -0.029547566547989845 -0.041268613189458847
v -0.031471643596887589 0.0040428349748253822 -0.096500001847743988
v 0.027592474594712257 0.017215002328157425 -0.056584320962429047
v 0.031073948368430138 0.011528835631906986 -0.078675858676433563
v -0.042088259011507034 -0.0085587427020072937 -0.057768039405345917
v -0.038166135549545288 0.018174830824136734 -0.090567335486412048
v -0.035182736814022064 0.026120509952306747 -0.068794317543506622
v -0.037144072353839874 0.031417969614267349 -0.056248601526021957
v -0.037011150270700455 0.020282398909330368 -0.079861871898174286
v 0.02814193069934845 -0.017254509031772614 -0.062159173190593719
v 0.024850374087691307 0.020393107086420059 -0.051120329648256302
v 0.028372654691338539 0.017947638407349586 -0.067800506949424744
v 0.030021915212273598 0.014523537829518318 -0.072668425738811493
v -0.034603852778673172 -0.011171163059771061 -0.019995780661702156
v -0.035818543285131454 0.017468882724642754 -0.02061990462243557
v -0.035977207124233246 0.0099350372329354286 -0.020747847855091095
v -0.030471328645944595 0.014175891876220703 -0.010911209508776665
v -0.032223023474216461 0.033892497420310974 -0.003711591474711895
v -0.031354311853647232 0.032523244619369507 -0.011752850376069546
v -0.035906359553337097 0.0032774065621197224 -0.020904777571558952
v -0.030530378222465515 0.0061562070623040199 -0.018915923312306404
v -0.03087126836180687 0.020685900002717972 -0.0190103929489851
v -0.030502453446388245 0.024111870676279068 -0.0075923949480056763
v -0.03514702245593071 0.030526937916874886 -0.019918769598007202
v -0.032390870153903961 0.036690615117549896 -0.0019528019474819303
v 0.028821073472499847 0.020769268274307251 -0.090149186551570892
v -0.038448944687843323 -0.024126280099153519 -0.060777425765991211
v -0.03070460632443428 0.032631199806928635 -0.069023385643959045
v 0.0021365245338529348 -0.039099998772144318 -0.080683261156082153
v 0.0021291275043040514 0.039099998772144318 -0.080587431788444519
v -0.005980395246297121 -0.039099998772144318 -0.072191312909126282
v -0.0059111597947776318 0.039099998772144318 -0.072202280163764954
v -0.039401095360517502 0.015400601550936699 -0.077886305749416351
v -0.038337200880050659 0.023520419374108315 -0.06194671243429184
v -0.03620418906211853 -0.022747421637177467 -0.073913402855396271
v -0.036849532276391983 -0.020499693229794502 -0.085061110556125641
v -0.035332310944795609 0.024053443223237991 -0.074235402047634125
v -0.037220627069473267 0.019795330241322517 -0.085219018161296844
v -0.03946923092007637 -0.027165254577994347 -0.051063824445009232
v 0.030618682503700256 -0.012463555671274662 -0.072616532444953918
v 0.030978146940469742 -0.011900044977664948 -0.078356146812438965
v -0.030633265152573586 -0.0099672945216298103 -0.096500001847743988
v 0.029806990176439285 -0.039608363062143326 -0.0056681223213672638
v -0.0110904760658741 0.039099998772144318 -0.067041307687759399
v -0.01093048881739378 -0.039099998772144318 -0.067228421568870544
v -0.034536693245172501 -0.032091796398162842 -0.019460767507553101
v 0.0061964541673660278 0.044570364058017731 0.021196942776441574
v -0.030293270945549011 -0.0016647762386128306 -0.01039651595056057
v -0.030397586524486542 0.0043863477185368538 -0.012363442219793797
v -0.030390847474336624 -0.0049891197122633457 -0.019021216779947281
v 0.019795579835772514 0.009266173467040062 -0.037471786141395569
v -0.030331466346979141 0.022254550829529762 -0.0045267990790307522
v -0.040485680103302002 -0.012303953990340233 -0.079177923500537872
v -0.035910408943891525 -0.022334888577461243 -0.079315990209579468
v -0.039743710309267044 0.014993250370025635 -0.073046781122684479
v 0.030815884470939636 0.01324902568012476 -0.0840296670794487
v 0.023806409910321236 0.034306559711694717 -0.018755143508315086
v 0.021867405623197556 -0.021432366222143173 -0.04758787527680397
v -0.039624795317649841 -0.022165846079587936 -0.058109365403652191
v -0.041380561888217926 -0.0091531965881586075 -0.090269774198532104
v -0.040055178105831146 -0.013495043851435184 -0.084472008049488068
v 0.029770545661449432 0.016410179436206818 -0.078365802764892578
v 0.027454404160380363 0.018752496689558029 -0.062354914844036102
v -0.015441038645803928 -0.039399567991495132 -0.063384562730789185
v -0.015281270258128643 0.039806384593248367 -0.062916986644268036
v 0.026261644437909126 0.019761348143219948 -0.057053722441196442
v 0.027344651520252228 0.020588252693414688 -0.068387962877750397
v 0.029621420428156853 0.018231615424156189 -0.090270355343818665
v -0.038544755429029465 0.027927910909056664 -0.055814150720834732
v 0.025176780298352242 -0.020636759698390961 -0.053425904363393784
v 0.029974060133099556 0.016415296122431755 -0.08397655189037323
v 0.026158414781093597 0.021496869623661041 -0.06313769519329071
v 0.015643153339624405 0.023079980164766312 -0.043459050357341766
v 0.028789784759283066 0.04143993929028511 -0.0068267807364463806
v 0.023173443973064423 0.02316034771502018 -0.052056785672903061
v 0.030593892559409142 -0.014731615781784058 -0.089849129319190979
v 0.030418945476412773 0.015426310710608959 -0.090102940797805786
v -0.041109692305326462 -0.01005169004201889 -0.084785565733909607
v 0.020062524825334549 0.023738816380500793 -0.047635111957788467
v 0.016519133001565933 -0.018687549978494644 -0.096500001847743988
v 0.024810409173369408 0.022397378459572792 -0.057718418538570404
v -0.027881460264325142 -0.032078634947538376 -0.090717203915119171
v 0.030580298975110054 -0.01425528060644865 -0.084135368466377258
v 0.021909987553954124 0.029034683480858803 -0.021943721920251846
v 0.020100794732570648 -0.044599313288927078 0.0011748821707442403
v -0.0029163795989006758 -0.044599998742341995 0.00034281794796697795
v 0.028185801580548286 0.01999293640255928 -0.073742203414440155
v 0.028963157907128334 0.018944082781672478 -0.079134054481983185
v -0.032919172197580338 0.034597925841808319 -0.0088795265182852745
v -0.035005655139684677 0.034387145191431046 -0.019901374354958534
v 0.027428343892097473 -0.019869895651936531 -0.066869243979454041
v 0.02872844785451889 -0.018341401591897011 -0.073160365223884583
v 0.029852211475372314 -0.016880087554454803 -0.084393046796321869
v 0.0098143992945551872 -0.016532178968191147 -0.096500001847743988
v -0.03134516254067421 -0.022053325548768044 -0.096461795270442963
v 0.029686514288187027 -0.018006637692451477 -0.089328773319721222
v -0.039447307586669922 -0.015237371437251568 -0.078609481453895569
v 0.026139849796891212 -0.019906032830476761 -0.056770913302898407
v 0.01398780383169651 -0.022466510534286499 -0.040708977729082108
v 0.029117625206708908 0.017255079001188278 -0.073167912662029266
v -0.029965372756123543 -0.019291311502456665 -0.0051098386757075787
v -0.030520312488079071 -0.023234050720930099 -0.0097302459180355072
v -0.031176062300801277 -0.025023955851793289 -0.019220387563109398
v -0.033309664577245712 -0.026278696954250336 -0.019993845373392105
v -0.030332580208778381 0.0085205631330609322 -0.0084429839625954628
v -0.029221303761005402 -0.02890847809612751 0.0018125777132809162
v -0.030187327414751053 -0.011793368496000767 -0.0099820941686630249
v -0.030958333984017372 -0.018930206075310707 -0.019058153033256531
v -0.030236300081014633 -0.017312055453658104 -0.010179672390222549
v -0.030261820182204247 0.016211967915296555 -0.0040648877620697021
v -0.03017546609044075 0.0048097860999405384 -0.0043974206782877445
v -0.030084971338510513 -0.0043041198514401913 -0.0043635973706841469
v -0.0055809537880122662 0.013311089016497135 -0.096500001847743988
v -0.029932791367173195 -0.026399122551083565 -0.003634842811152339
v 0.020324992015957832 -0.016281701624393463 -0.096500001847743988
v 0.012083830311894417 0.026958657428622246 -0.031476873904466629
v 0.017599117010831833 -0.028023818507790565 -0.029586082324385643
v 0.028038984164595604 0.021847883239388466 -0.08031560480594635
v 0.023482443764805794 -0.023098107427358627 -0.052967362105846405
v 0.026516159996390343 -0.022160455584526062 -0.067612968385219574
v 0.01990852877497673 -0.024057386443018913 -0.047767855226993561
v 0.0017603981541469693 -0.044599998742341995 -0.0009441142319701612
v 0.0078225508332252502 -0.044599998742341995 -0.00037117151077836752
v 0.015263951383531094 -0.044599998742341995 0.0022996938787400723
v 0.014151486568152905 -0.044599998742341995 -0.00098295998759567738
v -0.017054129391908646 0.01355479471385479 -0.096500001847743988
v -0.015272974967956543 -0.044599998742341995 0.00016411738761235029
v 0.025747198611497879 -0.022075643762946129 -0.06246408075094223
v 0.029245978221297264 -0.018226498737931252 -0.07960064709186554
v 0.024944007396697998 -0.015665717422962189 -0.096495509147644043
v 0.0044653210788965225 -0.025265084579586983 -0.096500001847743988
v 0.025116555392742157 -0.022019024938344955 -0.058110643178224564
v 0.021328680217266083 0.021101156249642372 -0.046886783093214035
v 0.015073913149535656 0.02127324603497982 -0.040533866733312607
v 0.025682717561721802 -0.029901774600148201 0.014836511574685574
v -0.033493820577859879 -0.035502497106790543 -0.014522132463753223
v 0.027859680354595184 -0.023302627727389336 -0.088830389082431793
v 0.027861485257744789 0.023401377722620964 -0.090171463787555695
v 0.02682720310986042 0.024845609441399574 -0.079824313521385193
v 0.025712134316563606 0.025698667392134666 -0.073093511164188385
v 0.013719418086111546 0.025655772536993027 -0.042217299342155457
v 0.025190591812133789 0.025674885138869286 -0.069738596677780151
v -0.040722012519836426 0.011473852209746838 -0.084011644124984741
v 0.020034562796354294 -0.044598318636417389 -0.0018554121488705277
v -0.0040038954466581345 -0.044599998742341995 -0.0026577555108815432
v 0.023929748684167862 -0.023928575217723846 -0.057924080640077591
v 0.025150205940008163 -0.025063425302505493 -0.067979201674461365
v -0.035671375691890717 0.032486811280250549 -0.059006817638874054
v 0.019952617585659027 -0.044599555432796478 0.0039336779154837132
v 0.023712825030088425 -0.028017200529575348 -0.0682554692029953
v 0.019847812131047249 -0.027785139158368111 -0.052455402910709381
v 0.026324104517698288 0.023060254752635956 -0.069014959037303925
v 0.013592241331934929 -0.044599998742341995 0.0052072089165449142
v 0.0014592228690162301 -0.044599998742341995 0.0019477794412523508
v 0.026696663349866867 -0.025827227160334587 -0.084997132420539856
v 0.014403169974684715 -0.023587018251419067 -0.037645861506462097
v 0.022455669939517975 -0.026179783046245575 -0.057844053953886032
v 0.017942158505320549 0.025993539020419121 -0.047360941767692566
v 0.026376478374004364 0.026527160778641701 -0.090158693492412567
v -0.037742685526609421 0.033971473574638367 -0.036438599228858948
v 0.028024442493915558 -0.038781549781560898 -0.011913587339222431
v 0.021468378603458405 0.025530669838190079 -0.052125234156847
v 0.0023046378046274185 0.043487589806318283 -0.052099965512752533
v 0.0073314881883561611 0.039099983870983124 -0.073576197028160095
v 0.010241850279271603 0.039085857570171356 -0.084677286446094513
v 0.0072762556374073029 -0.039099868386983871 -0.073682874441146851
v 0.0026122676208615303 -0.04336896538734436 -0.052261214703321457
v -0.035559218376874924 -0.029174664989113808 -0.063069380819797516
v -0.03492911159992218 -0.02473059669137001 -0.074554570019245148
v 0.026854671537876129 -0.024696685373783112 -0.079295799136161804
v -0.033513102680444717 0.036186989396810532 -0.014379641972482204
v 0.019975533708930016 -0.044598575681447983 -0.0046271113678812981
v -0.035353034734725952 0.023160157725214958 -0.07956811785697937
v 0.019862856715917587 -0.044597763568162918 0.0062970630824565887
v 0.019696073606610298 0.033427037298679352 -0.023254331201314926
v 0.0044753947295248508 0.018715213984251022 -0.096500001847743988
v 0.023618504405021667 0.024668645113706589 -0.058563835918903351
v 0.027680350467562675 0.023542998358607292 -0.085227377712726593
v -0.031326420605182648 -0.0046878061257302761 -0.096500001847743988
v 0.0233183354139328 -0.026467757299542427 -0.062219228595495224
v 0.02573186531662941 -0.025642381981015205 -0.073167547583580017
v -0.040845062583684921 -0.018831182271242142 -0.048833601176738739
v 0.02681397832930088 0.025574810802936554 -0.084946081042289734
v 0.0081909680739045143 -0.044599998742341995 -0.0038471086882054806
v 0.013225436210632324 -0.044599998742341995 -0.004220129456371069
v 0.024484612047672272 -0.024474045261740685 -0.062527276575565338
v 0.026576373726129532 -0.02389531210064888 -0.074052080512046814
v 0.028057422488927841 -0.021584121510386467 -0.079427056014537811
v 0.0082785487174987793 0.039099998772144318 -0.078997030854225159
v 0.0089380871504545212 -0.039096172899007797 -0.079235672950744629
v -0.0096555957570672035 -0.044599998742341995 -0.00087518885266035795
v 0.0073318853974342346 -0.044599998742341995 0.0038169275503605604
v 0.027788816019892693 -0.023306749761104584 -0.08593248575925827
v 0.0049496963620185852 0.039099998772144318 -0.068237811326980591
v -0.022352257743477821 -0.044597052037715912 -0.045837763696908951
v -0.037128973752260208 0.02029421366751194 -0.091235078871250153
v -0.041626274585723877 0.013045837171375751 -0.056692663580179214
v 0.0032210948411375284 -0.039099998772144318 -0.062776319682598114
v 0.018249249085783958 -0.044599995017051697 -0.0069246417842805386
v 0.023134106770157814 0.027380198240280151 -0.063910812139511108
v -0.030754370614886284 0.040735907852649689 -0.052876867353916168
v 0.032426171004772186 0.0025978193152695894 -0.086221814155578613
v 0.017721695825457573 0.017256082966923714 -0.043283503502607346
v 0.032102953642606735 0.0056584631092846394 -0.077826991677284241
v 0.019385868683457375 0.020723864436149597 -0.031160473823547363
v 0.021662930026650429 0.019365843385457993 -0.024542180821299553
v 0.031004862859845161 0.01026134192943573 -0.067049749195575714
v 0.031584165990352631 0.0073102288879454136 -0.0623200424015522
v -0.027115356177091599 -0.029648195952177048 0.0087521197274327278
v 0.029644381254911423 0.011925562284886837 -0.051494214683771133
v -0.012548091821372509 0.0078105321153998375 -0.096500001847743988
v 0.020570501685142517 0.027523728087544441 -0.02441653236746788
v 0.032067801803350449 0.0051345904357731342 -0.06762753427028656
v 0.031626805663108826 0.0082963369786739349 -0.072565644979476929
v 0.030815057456493378 0.0095742540434002876 -0.056977294385433197
v 0.029970187693834305 0.012695618905127048 -0.061814956367015839
v 0.031518340110778809 0.0066562704741954803 -0.052306856960058212
v -0.0046198354102671146 -0.044599998742341995 0.0035524428822100163
v 0.018544873222708702 -0.044597920030355453 0.0084392130374908447
v 0.0038872661534696817 0.039100613445043564 -0.062772497534751892
v 0.019734065979719162 -0.022569544613361359 -0.030495839193463326
v 0.021078199148178101 -0.019343426451086998 -0.024174029007554054
v 0.032082058489322662 -0.0058244713582098484 -0.078357324004173279
v 0.032354190945625305 -0.0028779478743672371 -0.073337189853191376
v 0.031097447499632835 -0.0099759036675095558 -0.067504443228244781
v 0.031649839133024216 -0.0070136766880750656 -0.062496054917573929
v 0.032104194164276123 -0.0043535651639103889 -0.057327780872583389
v 0.029771612957119942 -0.011755489744246006 -0.052400026470422745
v 0.028965223580598831 -0.014437912032008171 -0.057031266391277313
v 0.02093268558382988 -0.025891771540045738 -0.024812402203679085
v 0.031662888824939728 -0.0080989934504032135 -0.072687640786170959
v 0.032130785286426544 -0.0047457721084356308 -0.068042196333408356
v 0.030179407447576523 -0.012228984385728836 -0.062274761497974396
v 0.030868593603372574 -0.0094446483999490738 -0.057326886802911758
v 0.031490229070186615 -0.0067719994112849236 -0.052626542747020721
v 0.010829362086951733 0.014101996086537838 -0.096500001847743988
v 0.0056904912926256657 0.039007429033517838 -0.05435885488986969
v 0.0039041785057634115 0.041922740638256073 -0.042932529002428055
v 0.0055755218490958214 0.040752202272415161 -0.048681311309337616
v 0.0082608973607420921 0.015581437386572361 -0.096500001847743988
v 0.006564323790371418 0.038403298705816269 -0.038484163582324982
v 0.0065962662920355797 0.037234820425510406 -0.045022964477539062
v -0.032500725239515305 -0.031002672389149666 -0.017391236498951912
v 0.010309531353414059 0.038514424115419388 -0.065160520374774933
v 0.011934383772313595 0.038441762328147888 -0.069987691938877106
v 0.014263165183365345 0.042723733931779861 -0.024261197075247765
v 0.012646407820284367 0.040993709117174149 -0.027643663808703423
v 0.0283957589417696 0.037408828735351562 -0.011044792830944061
v 0.008591553196310997 0.035929214209318161 -0.039447944611310959
v 0.005496081430464983 -0.029751736670732498 0.029174879193305969
v -0.034645155072212219 -0.027344375848770142 -0.068165279924869537
v -0.036441046744585037 -0.021504582837224007 -0.091382458806037903
v 0.02478286437690258 0.024452421814203262 -0.064120501279830933
v 0.027015071362257004 0.023008421063423157 -0.07435646653175354
v -0.026215182617306709 0.033553797751665115 -0.090837828814983368
v 0.0013297450495883822 -0.044599998742341995 -0.0040843626484274864
v 0.0050874128937721252 -0.039099987596273422 -0.068185754120349884
v 0.0061931624077260494 -0.0386308953166008 -0.054733235388994217
v 0.0085678873583674431 -0.038607515394687653 -0.061139177531003952
v 0.0057756379246711731 -0.04032314196228981 -0.048639066517353058
v 0.0038137037772685289 -0.042014673352241516 -0.041906006634235382
v 0.0080443564802408218 -0.041406013071537018 -0.032027903944253922
v 0.0066990167833864689 -0.0387544184923172 -0.037027914077043533
v 0.0075865429826080799 -0.036469243466854095 -0.044371195137500763
v 0.01073493342846632 -0.038448374718427658 -0.065747678279876709
v -0.026532663032412529 0.030165502801537514 0.010245512239634991
v 0.014451952651143074 -0.043819207698106766 -0.021837024018168449
v 0.012008147314190865 -0.041310913860797882 -0.027824100106954575
v 0.012374287471175194 -0.03846437856554985 -0.079595215618610382
v 0.0087684923782944679 -0.036267604678869247 -0.03694746270775795
v 0.00073715555481612682 -0.044599998742341995 0.0043256287463009357
v 0.011921210214495659 -0.044599998742341995 0.0081681674346327782
v 0.0012836757814511657 0.039445143193006516 -0.056973136961460114
v 0.0013181145768612623 -0.039325334131717682 -0.057204384356737137
v -0.03625478595495224 0.021570315584540367 -0.086134150624275208
v 0.009556187316775322 -0.039100009948015213 -0.085190862417221069
v -0.029215952381491661 0.038498222827911377 -0.057874787598848343
v -0.027491146698594093 0.034154519438743591 -0.074075445532798767
v -0.022106776013970375 -0.031579390168190002 0.018927551805973053
v -0.028357760980725288 0.031507730484008789 -0.086373277008533478
v 0.021692262962460518 -0.025459231808781624 -0.052693799138069153
v -0.031760957092046738 0.037154980003833771 -0.058342449367046356
v -0.035272669047117233 0.036146257072687149 -0.053823094815015793
v -0.030237695202231407 0.03608052060008049 -0.063480362296104431
v -0.029485840350389481 0.031928583979606628 -0.074424698948860168
v -0.026787279173731804 0.033563368022441864 -0.080007590353488922
v -0.015716075897216797 -0.044599998742341995 -0.0029468678403645754
v -0.0048408210277557373 -0.044599998742341995 -0.0058568171225488186
v -0.02867547795176506 0.026151083409786224 0.0033236970193684101
v -0.025746431201696396 -0.044512331485748291 -0.045293241739273071
v -0.039167031645774841 -0.018006723374128342 -0.067603394389152527
v 0.0051617668941617012 -0.044599998742341995 0.0071478239260613918
v 0.01706092432141304 -0.044596944004297256 0.011075222864747047
v -0.033780753612518311 0.028012644499540329 -0.069748356938362122
v -0.035887185484170914 0.022407874464988708 -0.092197135090827942
v -0.02576618455350399 -0.035457845777273178 -0.073845215141773224
v -0.026270139962434769 -0.033528737723827362 -0.085121519863605499
v -0.027495916932821274 0.037814583629369736 -0.062746189534664154
v -0.026690540835261345 0.033169649541378021 -0.085845530033111572
v 0.024760764092206955 -0.029124060645699501 -0.090759210288524628
v -0.028476530686020851 0.031477399170398712 -0.09140043705701828
v 0.028433805331587791 -0.02139001153409481 -0.084500178694725037
v -0.027750998735427856 -0.035655498504638672 -0.068485535681247711
v 0.018210990354418755 0.027587065473198891 -0.049217283725738525
v 0.027559993788599968 -0.02142651379108429 -0.073498629033565521
v 0.018055548891425133 -0.02630128525197506 -0.047731596976518631
v -0.03194635733962059 -0.039511691778898239 -0.050999443978071213
v -0.034771066159009933 -0.024095458909869194 -0.090575441718101501
v -0.028591342270374298 -0.031309545040130615 -0.085420012474060059
v 0.026701010763645172 -0.025902925059199333 -0.0899614617228508
v 0.025000043213367462 0.027556156739592552 -0.074628740549087524
v 0.011943547055125237 -0.044599998742341995 -0.0069111459888517857
v -0.028726080432534218 0.031677421182394028 -0.079557813704013824
v -0.038181506097316742 0.033888492733240128 -0.041876018047332764
v 0.019087895750999451 0.029123973101377487 -0.053270343691110611
v 0.025553397834300995 0.027874710038304329 -0.08493487536907196
v -0.028735099360346794 0.034884516149759293 -0.068731188774108887
v 0.020847335457801819 -0.028669150546193123 -0.0578945092856884
v -0.028191830962896347 -0.03764912486076355 -0.0622573122382164
v 0.020342465490102768 -0.032277479767799377 -0.068443253636360168
v 0.020533287897706032 0.029559547081589699 -0.059072595089673996
v 0.023961560800671577 0.030218850821256638 -0.085370004177093506
v 0.018123384565114975 -0.029678197577595711 -0.052012961357831955
v 0.02499818429350853 -0.028735706582665443 -0.084460094571113586
v 0.022281786426901817 -0.032008886337280273 -0.079822249710559845
v 0.021287357434630394 0.033243224024772644 -0.090285263955593109
v 0.012131163850426674 0.0281688142567873 -0.040532190352678299
v -0.027189290151000023 -0.033245965838432312 -0.079621464014053345
v 0.027613302692770958 0.042038459330797195 -0.0088784750550985336
v 0.024598652496933937 -0.028029711917042732 -0.07378309965133667
v 0.017679093405604362 -0.035740558058023453 -0.024826187640428543
v 0.019778847694396973 0.031711030751466751 -0.063720732927322388
v 0.022670429199934006 0.031561776995658875 -0.080329112708568573
v 0.015096189454197884 0.023558495566248894 -0.034988820552825928
v 0.023960079997777939 -0.029860956594347954 -0.079518266022205353
v -0.027647249400615692 -0.033894266933202744 -0.074551112949848175
v 0.02444428950548172 0.029519602656364441 -0.091004513204097748
v 0.018807804211974144 -0.0034511240664869547 -0.096500001847743988
v 0.022325946018099785 0.030310606583952904 -0.069800294935703278
v -0.034662824124097824 -0.02428753674030304 -0.078714571893215179
v 0.014774913899600506 -0.032217051833868027 -0.027778720483183861
v 0.015856105834245682 0.028516445308923721 -0.047188777476549149
v 0.022726051509380341 0.031693670898675919 -0.091507576406002045
v 0.022333567962050438 -0.03212825208902359 -0.091334804892539978
v 0.016243094578385353 -0.028498588129878044 -0.047644421458244324
v -0.036917254328727722 -0.034179233014583588 -0.053215343505144119
v -0.033624619245529175 -0.026796167716383934 -0.07401721179485321
v -0.033914148807525635 -0.025104662403464317 -0.08501753956079483
v 0.023758100345730782 0.029446423053741455 -0.074710264801979065
v -0.040284059941768646 0.02238229475915432 -0.053469587117433548
v 0.020493766292929649 0.001526336302049458 -0.03131403774023056
v -0.034762628376483917 0.023914499208331108 -0.085391193628311157
v 0.016210559755563736 -0.0445968396961689 0.013419612310826778
v 0.02402397058904171 -0.039209391921758652 -0.01876499317586422
v 0.021949825808405876 -0.030499249696731567 -0.06862322986125946
v 0.0062605417333543301 -0.044599998742341995 -0.0057342816144227982
v -0.030174624174833298 -0.036027770489454269 -0.063680835068225861
v 0.017690913751721382 0.031067917123436928 -0.053720802068710327
v 0.018741130828857422 0.031430710107088089 -0.058776553720235825
v 0.024208880960941315 0.029480533674359322 -0.079226374626159668
v -0.031306073069572449 0.026951985433697701 -0.016379905864596367
v 0.017224181443452835 0.035650964826345444 -0.025154734030365944
v 0.020179504528641701 0.032712478190660477 -0.069657169282436371
v 0.02221645787358284 0.031461205333471298 -0.074860289692878723
v 0.022096216678619385 0.032386027276515961 -0.085607796907424927
v 0.022588843479752541 -0.030972091481089592 -0.074600465595722198
v 0.022776985540986061 -0.031684722751379013 -0.08559408038854599
v 0.012578001245856285 -0.025305163115262985 -0.039477929472923279
v 0.029163999482989311 -0.01924622617661953 -0.084546886384487152
v -0.035441018640995026 -0.022821607068181038 -0.084287129342556
v -0.031430725008249283 -0.028619915246963501 -0.079639971256256104
v -0.033331423997879028 -0.026216534897685051 -0.079290024936199188
v -0.035637654364109039 0.028792280703783035 -0.06329730898141861
v 0.013605035841464996 0.033973429352045059 -0.052691858261823654
v 0.021484976634383202 0.029860179871320724 -0.063871227204799652
v -0.03164045512676239 -0.028083547949790955 -0.09112200140953064
v -0.030378036201000214 -0.037947081029415131 -0.057969193905591965
v 0.018580008298158646 -0.01360881794244051 -0.03906317800283432
v 0.025695251300930977 0.043212186545133591 -0.0094367554411292076
v 0.016943132504820824 0.036751694977283478 -0.084878668189048767
v 0.015837755054235458 0.037004359066486359 -0.074861340224742889
v -0.042172636836767197 -0.0026850397698581219 -0.051936071366071701
v -0.038356892764568329 -0.032048825174570084 -0.040282048285007477
v 0.017651906237006187 0.036263763904571533 -0.090610615909099579
v 0.019668376073241234 0.034689206629991531 -0.09138767421245575
v 0.014807484112679958 0.031344063580036163 -0.048606529831886292
v 0.013666120357811451 0.03565283864736557 -0.058873504400253296
v -0.039488505572080612 -0.020708637312054634 -0.06106170266866684
v 0.018194049596786499 0.034562401473522186 -0.069575667381286621
v -0.00013291893992573023 -0.029510399326682091 -0.096500001847743988
v 0.013453545048832893 -0.035572249442338943 -0.05801917240023613
v 0.015223040245473385 -0.037342265248298645 -0.075136668980121613
v -0.034340366721153259 -0.03092595562338829 -0.063583344221115112
v 0.011633827351033688 0.035549510270357132 -0.029151694849133492
v 0.015982706099748611 0.037246275693178177 -0.079902835190296173
v 0.01558074913918972 0.038021966814994812 -0.026177586987614632
v 0.016194593161344528 0.033524133265018463 -0.05812816321849823
v 0.016375459730625153 0.035932883620262146 -0.069143965840339661
v 0.013421024195849895 -0.038591362535953522 -0.090816691517829895
v 0.026249151676893234 -0.042898546904325485 -0.0093827806413173676
v -0.013677960261702538 0.0034197128843516111 -0.096500001847743988
v 0.0098830359056591988 -0.044599998742341995 0.01090655755251646
v 0.018193872645497322 0.035358481109142303 -0.074735149741172791
v 0.013556762598454952 -0.033890433609485626 -0.052295491099357605
v 0.015244118869304657 -0.037748008966445923 -0.084368102252483368
v -0.037342488765716553 -0.034042526036500931 -0.030733764171600342
v 0.015656065195798874 -0.036397159099578857 -0.068963706493377686
v 0.0009525635396130383 0.044587530195713043 0.020999399945139885
v 0.005969678983092308 0.044148221611976624 -0.027425093576312065
v 0.0020019218791276217 0.044599965214729309 -0.023995619267225266
v -0.0036517216358333826 0.044599998742341995 -0.0036920919083058834
v -0.0075731673277914524 0.044599998742341995 0.00013147246500011533
v -0.000218693443457596 0.044599998742341995 -0.0074924319051206112
v 0.0032583537977188826 0.044599998742341995 -0.011406594887375832
v -0.002680257661268115 0.044599693268537521 -0.032285664230585098
v 0.0099460696801543236 0.044592961668968201 -0.019582170993089676
v 0.0068940585479140282 0.044599998742341995 -0.015459374524652958
v -0.0098689226433634758 0.044599998742341995 0.0076500410214066505
v 0.019862882792949677 -0.003182755783200264 -0.038992535322904587
v 0.0054887407459318638 0.044599998742341995 -0.006690002977848053
v 0.0091835176572203636 0.044599998742341995 -0.010441466234624386
v 0.0047013391740620136 0.044599909335374832 -0.020382178947329521
v 0.00092954840511083603 0.044599998742341995 -0.016304261982440948
v -0.0037362338043749332 0.044599998742341995 -0.024022549390792847
v 0.019935285672545433 -0.0019451174885034561 -0.035889230668544769
v -0.0017096042865887284 0.044599998742341995 0.0013916462194174528
v 0.0021063101012259722 0.044599998742341995 -0.0026521633844822645
v -0.0054054753854870796 0.044599998742341995 -0.0082346843555569649
v -0.0024021484423428774 0.044599998742341995 -0.012194100767374039
v 0.0049951863475143909 -0.01574583537876606 -0.096500001847743988
v 0.013057496398687363 0.044599998742341995 -0.014576547779142857
v 0.01284592691808939 -0.03287355974316597 -0.047516569495201111
v 0.010366109199821949 -0.034137081354856491 -0.031692724674940109
v 0.012831121683120728 -0.038897469639778137 -0.08489777147769928
v 0.011801538988947868 0.030823789536952972 -0.042344868183135986
v 0.018242685124278069 0.035766303539276123 -0.079878099262714386
v -0.029961032792925835 -0.029938340187072754 -0.090329460799694061
v 0.015512622892856598 -0.035436511039733887 -0.063455045223236084
v 0.017408208921551704 0.026063175871968269 -0.029694108292460442
v 0.026807025074958801 0.036705482751131058 -0.014510683715343475
v 0.017487546429038048 -0.035859566181898117 -0.074237033724784851
v 0.010358933359384537 0.033472314476966858 -0.040745865553617477
v 0.016364941373467445 -0.044599998742341995 -0.0095917331054806709
v 0.0051306458190083504 -0.044255238026380539 -0.027907023206353188
v -0.028515543788671494 0.029291650280356407 0.0046387244947254658
v -0.0055694496259093285 -0.044599998742341995 -0.025243567302823067
v -0.010886846110224724 -0.044599998742341995 -0.024850331246852875
v -0.0050661643035709858 -0.044599998742341995 -0.016022741794586182
v 0.00037983543006703258 -0.044599998742341995 -0.017184177413582802
v -0.010528539307415485 -0.044599998742341995 -0.015012099407613277
v -0.016016306355595589 -0.044599998742341995 -0.014039498753845692
v 0.028429513797163963 0.028045980259776115 -0.0040587238036096096
v -0.0050363000482320786 -0.044599998742341995 -0.03585800901055336
v -0.0079024210572242737 0.011796974577009678 -0.096500001847743988
v 0.0059483954682946205 -0.044599998742341995 -0.018174318596720695
v 0.0095038507133722305 -0.044599998742341995 -0.013686251826584339
v 0.0038566738367080688 -0.044599998742341995 -0.012783054262399673
v -0.012847342528402805 -0.044599998742341995 -0.0095721045508980751
v -0.018135812133550644 -0.044599998742341995 -0.0085541168227791786
v -0.0022169689182192087 -0.044599086046218872 -0.030576016753911972
v -0.0082199377939105034 -0.044599998742341995 -0.030472856014966965
v -0.0031388262286782265 -0.044599998742341995 -0.021500848233699799
v 0.002534469123929739 -0.044599998742341995 -0.022711073979735374
v -0.0016170889139175415 -0.044599998742341995 -0.011634068563580513
v -0.0071683363057672977 -0.044599998742341995 -0.010389480739831924
v -0.0081859277561306953 -0.044599998742341995 -0.020399438217282295
v -0.013614422641694546 -0.044599998742341995 -0.019862288609147072
v 0.021987626329064369 0.027554545551538467 0.019973861053586006
v -0.032319594174623489 0.029738439247012138 -0.018548974767327309
v 0.016682438552379608 -0.036888435482978821 -0.091068372130393982
v 0.015947196632623672 -0.022173402830958366 -0.043357066810131073
v 0.015954524278640747 0.035224303603172302 -0.064064592123031616
v 0.015472312457859516 -0.037224754691123962 -0.026273099705576897
v 0.018521187826991081 -0.034195631742477417 -0.06926293671131134
v -0.02457805722951889 -0.029898537322878838 0.014464828185737133
v 0.011832273565232754 -0.033101629465818405 -0.029326528310775757
v 0.029149951413273811 0.019301686435937881 -0.085468873381614685
v 0.020172622054815292 -0.034354828298091888 -0.08536461740732193
v -0.030602974817156792 0.017265386879444122 -0.015032130293548107
v 0.02037045918405056 0.033452823758125305 -0.074802398681640625
v 0.02019360288977623 -0.034112293273210526 -0.079823873937129974
v 0.016449050977826118 -0.022586800158023834 -0.036562815308570862
v 0.019736319780349731 -0.034632991999387741 -0.091437190771102905
v -0.031686745584011078 0.027993509545922279 -0.085998304188251495
v 0.017972312867641449 -0.033484842628240585 -0.063821278512477875
v 0.017147466540336609 -0.025307944044470787 -0.031918447464704514
v -0.034278616309165955 0.024812949821352959 -0.091588720679283142
v -0.033476725220680237 0.026708373799920082 -0.07523597776889801
v 0.016502732411026955 -0.033439278602600098 -0.058739621192216873
v 0.020437836647033691 0.033946841955184937 -0.080088086426258087
v -0.0027092676609754562 0.01328660175204277 -0.096500001847743988
v 0.022496171295642853 -0.041470609605312347 -0.019094185903668404
v 0.017526352778077126 -0.036411035805940628 -0.085011221468448639
v -0.036938577890396118 0.018954509869217873 -0.022326545789837837
v 0.012558707036077976 -0.030181065201759338 -0.043476458638906479
v -0.020329412072896957 0.044588744640350342 0.0096618747338652611
v -0.015398403629660606 -0.044578101485967636 0.015671351924538612
v 0.017814962193369865 -0.036038283258676529 -0.079764693975448608
v 0.02590109221637249 0.041668731719255447 -0.013836443424224854
v -0.022235669195652008 -0.029439494013786316 -0.09650614857673645
v 0.014549479819834232 -0.030755234882235527 -0.047492645680904388
v 0.016455758363008499 -0.031882714480161667 -0.052898559719324112
v 0.020122254267334938 -0.033666826784610748 -0.074411123991012573
v -0.03249276801943779 -0.0072377505712211132 -0.096500001847743988
v 0.0034849538933485746 -0.044599998742341995 0.0099081629887223244
v 0.0199622493237257 -0.039293218404054642 -0.023021683096885681
v 0.017459902912378311 0.044599566608667374 -0.0094740437343716621
v 0.00071305007440969348 0.044599998742341995 0.0053879218176007271
v -0.031855907291173935 -0.029341531917452812 -0.073723696172237396
v 0.01135883666574955 -0.03203224390745163 -0.042263083159923553
v 0.025548515841364861 0.027444202452898026 -0.079491868615150452
v 0.025479845702648163 -0.027521492913365364 -0.079192832112312317
v 0.0058650895953178406 0.016470463946461678 -0.096500001847743988
v -0.032457899302244186 0.030191188678145409 -0.069313317537307739
v 0.025000527501106262 0.03010270744562149 -0.01442500576376915
v -0.031924515962600708 -0.027696980163455009 -0.085585415363311768
v -0.023857191205024719 0.035550694912672043 -0.080459944903850555
v -0.02359808050096035 -0.02118072472512722 -0.096500001847743988
v -0.030122358351945877 -0.01295922975987196 -0.096500001847743988
v -0.041525706648826599 0.0084124812856316566 -0.083440110087394714
v -0.040751803666353226 0.019312934949994087 -0.054333526641130447
v -0.033988531678915024 0.031315047293901443 -0.063858188688755035
v -0.010475562885403633 -0.044599998742341995 -0.0042135841213166714
v 0.0006207012920640409 -0.044599998742341995 -0.0072518982924520969
v 0.010766454972326756 -0.044599998742341995 -0.0091047035530209541
v -0.032148625701665878 0.027499128133058548 -0.091125473380088806
v -0.0035440342035144567 0.044599998742341995 0.0080246953293681145
v 0.0049544833600521088 0.044599998742341995 0.0024182540364563465
v 0.013585472479462624 0.044599998742341995 -0.0051110121421515942
v 0.018937500193715096 -0.031123047694563866 -0.058258518576622009
v -0.025298712775111198 0.035865869373083115 -0.073398061096668243
v -0.026189578697085381 0.036680765450000763 -0.068337969481945038
v -0.03232380747795105 0.027310837060213089 -0.081149980425834656
v -0.024446716532111168 0.034795921295881271 -0.085774675011634827
v 0.013234576210379601 0.033369403332471848 -0.049803070724010468
v 0.015503081493079662 0.037601068615913391 -0.091348372399806976
v 0.013237212784588337 0.038736097514629364 -0.091074943542480469
v 0.014324886724352837 0.037351079285144806 -0.070106573402881622
v 0.013273135758936405 0.037134710699319839 -0.064747519791126251
v 0.012312006205320358 -0.035406269133090973 -0.054581891745328903
v 0.0010232212953269482 0.039105299860239029 -0.060339313000440598
v 0.0075252805836498737 0.039099998772144318 -0.082163915038108826
v 0.00087208946933969855 -0.039103098213672638 -0.060484975576400757
v 0.0075500523671507835 -0.039099998772144318 -0.082554705440998077
v -0.00023149803746491671 -0.039099998772144318 -0.067052200436592102
v -0.00017219745495822281 0.039099998772144318 -0.067049264907836914
v 0.0030598053708672523 -0.039099998772144318 -0.077723219990730286
v -0.0063626444898545742 -0.039099998772144318 -0.069231517612934113
v -0.015035954304039478 -0.040591023862361908 -0.060414541512727737
v 0.0030264090746641159 0.039099998772144318 -0.077620267868041992
v -0.0063648205250501633 0.039099998772144318 -0.069206982851028442
v -0.01490344200283289 0.040616303682327271 -0.060060102492570877
v -0.0095766233280301094 0.039225336164236069 -0.057568103075027466
v -0.0037334691733121872 0.039439328014850616 -0.055655974894762039
v -0.003704519709572196 -0.039438575506210327 -0.055580161511898041
v -0.0097290938720107079 -0.039221446961164474 -0.057624302804470062
v 0.0045456835068762302 0.039099998772144318 -0.071358628571033478
v -0.0013658563839271665 0.039099998772144318 -0.073250271379947662
v 0.0045748348347842693 -0.039099976420402527 -0.07142946869134903
v -0.0014144678134471178 -0.039099998772144318 -0.073295027017593384
v -0.010519104078412056 -0.03910113126039505 -0.064279906451702118
v -0.0049058385193347931 -0.039099998772144318 -0.062415353953838348
v -0.010581973940134048 0.039100624620914459 -0.064069092273712158
v -0.0048819002695381641 0.039100006222724915 -0.06235983595252037
v -0.042095184326171875 0.0084659820422530174 -0.054680503904819489
v 0.013483596965670586 0.038518298417329788 -0.080237798392772675
v 0.0083208391442894936 0.044599998742341995 -0.0019814814440906048
v -0.020235219970345497 -0.044600002467632294 -0.0023095658980309963
v 0.014445940032601357 -0.04458879679441452 0.015684518963098526
v -0.034101851284503937 0.035212676972150803 -0.058790076524019241
v 0.029014088213443756 0.035870257765054703 -0.0092335594817996025
v 0.032380882650613785 0.002557647880166769 -0.072992168366909027
v 0.028454719111323357 0.010286982171237469 -0.046455670148134232
v 0.025716966018080711 0.0097555704414844513 -0.04499443992972374
v 0.021341253072023392 0.012531797401607037 -0.044305667281150818
v 0.018127439543604851 0.013966321013867855 -0.042626295238733292
v 0.026234349235892296 0.014408753253519535 -0.046741638332605362
v -0.027551261708140373 0.029775643721222878 0.0075983130373060703
v -0.031120734289288521 -0.026244724169373512 -0.014881128445267677
v 0.024202318862080574 -0.010112711228430271 -0.044810615479946136
v 0.017996864393353462 -0.01484955195337534 -0.041799794882535934
v 0.021822275593876839 -0.015300002880394459 -0.045083541423082352
v 0.03249720111489296 -0.00016763468738645315 -0.08533400297164917
v 0.014113049022853374 -0.025815393775701523 -0.032994907349348068
v 0.032399766147136688 -0.003087824210524559 -0.084802828729152679
v 0.019834209233522415 0.034641008824110031 -0.085782811045646667
v 0.01527418103069067 -0.037620335817337036 -0.079707644879817963
v -0.032347097992897034 0.033877100795507431 -0.063828513026237488
v -0.030015831813216209 0.029875760897994041 -0.085954301059246063
v -0.030334899201989174 0.029523523524403572 -0.090624257922172546
v -0.030419155955314636 0.029754428192973137 -0.080412201583385468
v -0.031454890966415405 0.029576897621154785 -0.074815936386585236
v 0.018483754247426987 0.033336713910102844 -0.065113507211208344
v -0.033452477306127548 -0.025963371619582176 -0.092023894190788269
v 0.0059171291068196297 -0.044599998742341995 -0.0084169292822480202
v 0.018003659322857857 -0.039090730249881744 -0.024587525054812431
v 0.012327279895544052 -0.028619106858968735 -0.041419416666030884
v 0.020186798647046089 -0.036913149058818817 -0.022826427593827248
v -0.041576620191335678 0.0084299156442284584 -0.08994872123003006
v -0.040595304220914841 0.012466591782867908 -0.073340646922588348
v -0.040378432720899582 0.017908617854118347 -0.06008031964302063
v -0.040442850440740585 -0.020482117310166359 -0.055738352239131927
v -0.032416123896837234 -0.036402404308319092 -0.059354644268751144
v -0.041394703090190887 0.0079472530633211136 -0.047783214598894119
v 0.019236782565712929 0.044599294662475586 -0.0064856302924454212
v -0.033991590142250061 -0.034367460757493973 -0.060376152396202087
v -0.011941556818783283 -0.044599998742341995 0.0041356286965310574
v -0.0013828113442286849 -0.044599998742341995 0.008737470954656601
v 0.0076748649589717388 -0.044599998742341995 0.013374664820730686
v -0.036416459828615189 -0.037136740982532501 -0.038899779319763184
v -0.036895111203193665 -0.036668702960014343 -0.041599780321121216
v -0.036772321909666061 -0.036427054554224014 -0.026166519150137901
v -0.0027225869707763195 0.043784942477941513 -0.050438586622476578
v -0.0024208228569477797 -0.043825823813676834 -0.050387784838676453
v -0.037163879722356796 0.034951809793710709 -0.029517075046896935
v -0.041959460824728012 -0.0083918385207653046 -0.051840938627719879
v 0.022240480408072472 -0.028575723990797997 -0.063021011650562286
v -0.042117610573768616 -0.0083853108808398247 -0.054951902478933334
v 0.020957592874765396 -0.044312819838523865 -0.012891188263893127
v 0.019449127838015556 0.0090796602889895439 -0.040395256131887436
v -0.0071401163004338741 -0.044599998742341995 0.0059221372939646244
v -0.00811751838773489 0.04234839603304863 -0.052724692970514297
v -0.037109669297933578 -0.033698737621307373 -0.026265032589435577
v -0.030867945402860641 -0.020303342491388321 -0.015905728563666344
v 0.01075271237641573 -0.021959168836474419 -0.096500001847743988
v 0.018113650381565094 -0.021024331450462341 -0.096500001847743988
v 0.02655915729701519 -0.028600657358765602 0.013236436061561108
v -0.013800597749650478 0.043576102703809738 -0.0531916543841362
v -0.01399177685379982 -0.043396640568971634 -0.053772173821926117
v 0.015231569297611713 0.044599998742341995 -0.0024857532698661089
v -0.041178487241268158 0.016376417130231857 -0.055529925972223282
v 0.022176245227456093 0.041478764265775681 -0.019610991701483727
v 0.020339071750640869 -0.031176289543509483 -0.063970468938350677
v -0.030254680663347244 -0.029629111289978027 -0.08609955757856369
v -0.031756952404975891 -0.041056662797927856 -0.0020647754427045584
v 0.015787078067660332 -0.044390205293893814 -0.018401265144348145
v 0.0013610832393169403 -0.043752722442150116 -0.047454971820116043
v 0.014892281964421272 0.044349517673254013 -0.019365968182682991
v 0.0012859351700171828 0.043788760900497437 -0.047404203563928604
v 0.019832774996757507 0.044599995017051697 -0.0036598683800548315
v 0.0027205096557736397 0.044599998742341995 0.0077262683771550655
v -0.0066975071094930172 0.044599998742341995 0.013278740458190441
v -0.019166324287652969 0.037455283105373383 -0.089766867458820343
v 0.01402648352086544 0.033090788871049881 -0.096443548798561096
v -0.0411805659532547 0.010129343718290329 -0.073478944599628448
v -0.0092218834906816483 0.044599998742341995 -0.022702900692820549
v -0.0076263216324150562 0.044599998742341995 -0.01677260734140873
v -0.0068266307935118675 0.044599998742341995 -0.024912377819418907
v -0.0078167496249079704 0.044599998742341995 -0.031356174498796463
v -0.010702749714255333 0.044599998742341995 -0.00036647962406277657
v -0.0053662206046283245 0.044599998742341995 -0.033307701349258423
v 0.0095144044607877731 0.044599998742341995 0.00077327550388872623
v -0.024200931191444397 0.034932538866996765 -0.090387798845767975
v -0.041357498615980148 0.011806843802332878 -0.062549874186515808
v -0.019084889441728592 0.03025100938975811 0.022536132484674454
v 0.023970222100615501 0.029764356091618538 -0.017000909894704819
v -0.022599730640649796 -0.035873454064130783 -0.09000975638628006
v -0.026357186958193779 -0.039818748831748962 -0.06054190918803215
v -0.02608775906264782 0.039894476532936096 -0.060777343809604645
v 0.0065768607892096043 -0.04323573037981987 -0.030067399144172668
v 0.0061422819271683693 0.042753737419843674 -0.032051857560873032
v 0.018171384930610657 0.019076285883784294 -0.036341331899166107
v 0.032258272171020508 0.0033412117045372725 -0.060433320701122284
v 0.031903576105833054 0.0069542895071208477 -0.075419887900352478
v 0.019769946113228798 0.025046259164810181 -0.027567125856876373
v 0.031880654394626617 0.0062101725488901138 -0.064983382821083069
v 0.030531566590070724 0.011437220498919487 -0.064507700502872467
v 0.031877201050519943 0.0054654129780828953 -0.054792109876871109
v -0.0019024009816348553 -0.013019940815865993 -0.096500001847743988
v 0.03025871142745018 0.010729312896728516 -0.054300587624311447
v 0.020514834672212601 -0.0012263285461813211 -0.030617956072092056
v 0.017092972993850708 -0.028207587078213692 0.024323398247361183
v 0.026343168690800667 0.012297237291932106 -0.045819256454706192
v 0.032263431698083878 0.0039007018785923719 -0.070228666067123413
v 0.031311299651861191 0.009316522628068924 -0.069687701761722565
v 0.03124060295522213 0.0084266392514109612 -0.059648167341947556
v 0.02938447892665863 0.013733317144215107 -0.059069171547889709
v 0.026845537126064301 0.015867134556174278 -0.048660397529602051
v -0.03073517233133316 0.020019836723804474 -0.015701230615377426
v 0.031160047277808189 0.0076042315922677517 -0.049698531627655029
v 0.013814377598464489 0.038482822477817535 -0.085201270878314972
v 0.013327633030712605 0.03827238455414772 -0.074901916086673737
v 0.027100423350930214 0.029696160927414894 0.01195687148720026
v 0.011669249273836613 -0.044592581689357758 0.017826490104198456
v -0.01884867250919342 0.044456113129854202 -0.054193206131458282
v -0.0088801048696041107 -0.043276838958263397 -0.051509376615285873
v -0.04211876168847084 0.005402417853474617 -0.090588442981243134
v -0.040098864585161209 0.01640896312892437 -0.064624108374118805
v -0.001806246698834002 0.044599998742341995 0.01059018075466156
v -0.022075928747653961 0.035134941339492798 -0.093835830688476562
v 0.015511337667703629 0.044599998742341995 0.00023093773052096367
v 0.013380669988691807 0.033363483846187592 -0.027801837772130966
v 0.013093669898808002 -0.037157196551561356 -0.0644402876496315
v -0.040464859455823898 -0.017224261537194252 -0.045267701148986816
v -0.040441833436489105 0.012382807210087776 -0.078281447291374207
v 0.021840842440724373 0.027162903919816017 -0.0579708032310009
v 0.024730375036597252 -0.024344038218259811 -0.014807827770709991
v 0.026023037731647491 0.038893241435289383 -0.015745056793093681
v 0.020452532917261124 -0.024377975612878799 -0.027244977653026581
v 0.03187074139714241 -0.0071630137972533703 -0.075526580214500427
v 0.030654804781079292 -0.011092839762568474 -0.064897879958152771
v 0.031958453357219696 -0.0058164680376648903 -0.065230436623096466
v 0.031843055039644241 -0.0056553012691438198 -0.055021855980157852
v 0.030345911160111427 -0.01058824360370636 -0.054829802364110947
v 0.024258043617010117 -0.032379508018493652 -0.015900162979960442
v 0.018560847267508507 0.028250383213162422 -0.027365757152438164
v 0.025956688448786736 -0.012472528032958508 -0.045699182897806168
v -0.02308228425681591 0.030965549871325493 -0.096331417560577393
v 0.032265543937683105 -0.0038632827345281839 -0.070778146386146545
v 0.031412575393915176 -0.0089185498654842377 -0.070047982037067413
v 0.031299572438001633 -0.0082479780539870262 -0.059871584177017212
v 0.029582710936665535 -0.013338229618966579 -0.05966239795088768
v 0.027195597067475319 -0.014504472725093365 -0.047797650098800659
v 0.031121920794248581 -0.0078413421288132668 -0.050012025982141495
v 0.026651497930288315 -0.041002478450536728 -0.013855285942554474
v -0.025038884952664375 -0.044590532779693604 -0.039912477135658264
v -0.02295696921646595 -0.044599998742341995 -0.020520607009530067
v -0.023435249924659729 -0.04459935799241066 -0.0059818071313202381
v -0.022214470431208611 0.03613300621509552 -0.085665255784988403
v -0.023931872099637985 0.037508077919483185 -0.069440744817256927
v -0.006330504547804594 0.028564859181642532 0.028997713699936867
v 0.013025696389377117 -0.038393255323171616 -0.074652284383773804
v -0.037720296531915665 -0.026693856343626976 -0.032065588980913162
v -0.021830188110470772 -0.037476778030395508 -0.074214048683643341
v -0.022046711295843124 -0.036719188094139099 -0.078960016369819641
v -0.040937744081020355 -0.017552094534039497 -0.056127041578292847
v -0.041088402271270752 -0.010490262880921364 -0.07447177916765213
v -0.023568596690893173 0.036495223641395569 -0.075142264366149902
v 0.013315328396856785 -0.037824299186468124 -0.069994524121284485
v 0.010370742529630661 -0.035714276134967804 -0.051153525710105896
v 0.0019123253878206015 -0.044599998742341995 0.012335767038166523
v 0.0099165253341197968 0.044599998742341995 0.0036977462004870176
v 0.021670429036021233 -0.024159153923392296 -0.096482433378696442
v -0.041435591876506805 -0.014592829160392284 -0.056278582662343979
v -0.0416916124522686 -0.0078566540032625198 -0.074257120490074158
v -0.021735016256570816 -0.036464333534240723 -0.084048539400100708
v -0.030425615608692169 0.00085798953659832478 -0.016354205086827278
v -0.040952231734991074 0.0023096641525626183 -0.045498225837945938
v -0.037881340831518173 -0.030753392726182938 -0.034782424569129944
v 0.017329143360257149 0.043313384056091309 -0.020963067188858986
v 0.017830440774559975 0.044512279331684113 -0.015384864062070847
v 0.015627035871148109 0.04459911584854126 -0.014153613708913326
v -0.00021561015455517918 -0.044217672199010849 -0.044846691191196442
v 0.00037911802064627409 0.044049188494682312 -0.045021142810583115
v -0.020966842770576477 0.037601497024297714 -0.075735971331596375
v 0.0057222470641136169 -0.044599998742341995 0.015149723738431931
v 0.013154385611414909 -0.036571945995092392 -0.061359651386737823
v 0.017334572970867157 -0.0061876177787780762 -0.096500001847743988
v -0.029756145551800728 -0.033484708517789841 -0.069748863577842712
v -0.037773642688989639 -0.034952748566865921 -0.039393156766891479
v -0.014974990859627724 -0.044421590864658356 -0.050877280533313751
v 0.0038327069487422705 0.044541757553815842 0.022408299148082733
v -0.041301708668470383 0.0094203399494290352 -0.078103512525558472
v -0.040511161088943481 0.01361391693353653 -0.06888175755739212
v 0.0051494017243385315 0.044599998742341995 -0.0022853887639939785
v 0.011856285855174065 0.044599998742341995 -0.010134249925613403
v 0.0035385980736464262 0.044503763318061829 -0.027831466868519783
v 0.017547853291034698 -0.020541947335004807 -0.036869335919618607
v -0.0045999917201697826 0.044599998742341995 0.00076560425804927945
v -0.0060578156262636185 0.044599998742341995 -0.0042799022048711777
v 0.00036553081008605659 0.044599998742341995 -0.011817985214293003
v 0.0026399691123515368 0.044599998742341995 -0.0070804059505462646
v 0.00014708272647112608 0.044559091329574585 -0.032113868743181229
v -0.00094243453349918127 0.04452940821647644 -0.036316417157649994
v 0.0099676968529820442 0.044599998742341995 -0.015095814131200314
v 0.0074826437048614025 0.044595718383789062 -0.01991836354136467
v 0.019188400357961655 0.011675245128571987 -0.03972514346241951
v -0.018881149590015411 -0.044599998742341995 -0.0061532687395811081
v 0.0037945127114653587 -0.044600315392017365 -0.025400446727871895
v -0.009744579903781414 -0.044599998742341995 -0.027601633220911026
v -0.0070106326602399349 -0.044599998742341995 -0.022892387583851814
v -0.00063282332848757505 -0.044599998742341995 -0.014415467157959938
v -0.0040479530580341816 -0.044599998742341995 -0.018763035535812378
v -0.014982573688030243 -0.044599998742341995 -0.016969066113233566
v -0.011681106872856617 -0.044599998742341995 -0.012237272225320339
v -0.0036539090797305107 -0.044588305056095123 -0.03876214474439621
v -0.00049201241927221417 -0.044552404433488846 -0.033420015126466751
v 0.0070052044466137886 -0.044601283967494965 -0.020756974816322327
v 0.010571582242846489 -0.044599998742341995 -0.016455318778753281
v -0.006654396653175354 0.044599998742341995 0.007916819304227829
v 0.0080043720081448555 0.044599998742341995 -0.0063631823286414146
v 0.0062075895257294178 0.044599998742341995 -0.010953341610729694
v 0.0032289340160787106 -0.028647510334849358 0.029509300366044044
v 0.0039012723136693239 0.044599998742341995 -0.0158736202865839
v -0.0006104336935095489 0.044599998742341995 -0.023755138739943504
v -0.016488999128341675 -0.003590375417843461 -0.096500001847743988
v 0.0048882164992392063 -0.044599998742341995 -0.015491272322833538
v -0.013922408223152161 -0.044599998742341995 -0.0073657031171023846
v -0.017113631591200829 -0.044599998742341995 -0.011327573098242283
v -0.0038861925713717937 -0.044599998742341995 -0.027784431353211403
v -0.0064941449090838432 -0.044599995017051697 -0.033147964626550674
v 0.028854550793766975 -0.02878604456782341 0.006164181511849165
v 0.0014167051995173097 -0.044599998742341995 -0.019952883943915367
v -0.00085370853776112199 0.044599998742341995 -0.0031329926569014788
v -0.0029739148449152708 0.044599998742341995 -0.0079011991620063782
v -0.0051032840274274349 0.044599998742341995 -0.012777848169207573
v -0.0061176195740699768 -0.044599998742341995 -0.013235149905085564
v -0.0093588661402463913 -0.044599998742341995 -0.01775670051574707
v -0.012108627706766129 -0.044599998742341995 -0.022396985441446304
v 0.017123289406299591 0.018888022750616074 -0.039927877485752106
v 0.0019696829840540886 -0.043506007641553879 -0.039660245180130005
v 0.021037917584180832 0.044593945145606995 -0.0011903442209586501
v -0.017558138817548752 -0.037988200783729553 -0.090025797486305237
v 0.0043666930869221687 -0.042763903737068176 -0.035547155886888504
v 0.0033513370435684919 0.043277058750391006 -0.036089874804019928
v 0.0097828954458236694 -0.043438591063022614 -0.025977905839681625
v 0.011219902895390987 -0.04413754865527153 -0.022786982357501984
v 0.008327028714120388 0.043629962950944901 -0.026897463947534561
v 0.012219168245792389 0.043763015419244766 -0.023385588079690933
v -0.020149374380707741 0.037142112851142883 -0.085584253072738647
v -0.041844699531793594 -0.0067537520080804825 -0.08514898270368576
v -0.029305296018719673 -0.031027635559439659 -0.079720474779605865
v -0.0091384574770927429 0.04372333362698555 -0.050675809383392334
v -0.017559973523020744 -0.038047719746828079 -0.086286075413227081
v -0.03704553097486496 -0.024430112913250923 -0.023529760539531708
v -0.037345714867115021 -0.018834993243217468 -0.030384087935090065
v -0.037390183657407761 -0.027034437283873558 -0.029136398807168007
v -0.022118916735053062 -0.037888988852500916 -0.071032650768756866
v -0.019462481141090393 -0.037449151277542114 -0.084462590515613556
v -0.0047045117244124413 0.044389188289642334 -0.048133078962564468
v -0.01026688888669014 -0.044410936534404755 -0.048674020916223526
v -0.031841684132814407 -0.03393922746181488 -0.064736425876617432
v -0.019311489537358284 -0.044519726186990738 -0.054093357175588608
v 0.018820906057953835 -0.043652758002281189 -0.018692811951041222
v -0.0045785922557115555 -0.04452865943312645 -0.047254480421543121
v -0.024619068950414658 -0.035155918449163437 -0.079761505126953125
v -0.040815118700265884 -0.010352645069360733 -0.045521877706050873
v -0.041939351707696915 0.010100655257701874 -0.056278448551893234
v -0.03015926294028759 -0.024578893557190895 -0.0065848501399159431
v -0.030070403590798378 -0.018360447138547897 -0.0075760572217404842
v -0.030248180031776428 0.0065522496588528156 -0.0063249161466956139
v -0.030279457569122314 0.011831259354948997 -0.005700558889657259
v -0.030086217448115349 -0.013787303119897842 -0.007397008128464222
v -0.030096562579274178 -0.0082790208980441093 -0.0060552642680704594
v -0.031384531408548355 -0.032722868025302887 -0.012218797579407692
v -0.030800452455878258 -0.021805025637149811 -0.012806180864572525
v -0.030389402061700821 -0.016132021322846413 -0.012513375841081142
v 0.011199235916137695 -0.03188660740852356 -0.03154764324426651
v -0.024147408083081245 -0.032431673258543015 0.015265402384102345
v 0.0099033741280436516 0.034027930349111557 -0.037464473396539688
v -0.023059766739606857 -0.038669422268867493 -0.065014846622943878
v -0.019643776118755341 -0.038084868341684341 -0.075345657765865326
v 0.020657699555158615 -0.026627926155924797 -0.096474349498748779
v 0.0067746653221547604 -0.039100021123886108 -0.090139053761959076
v -0.00093651056522503495 -0.039099998772144318 -0.08125140517950058
v 0.0285789854824543 0.030718343332409859 -0.0033749495632946491
v -0.017433606088161469 -0.03976103663444519 -0.064737200736999512
v -0.017538713291287422 0.040681783109903336 -0.063838794827461243
v -0.00089584459783509374 0.039099998772144318 -0.081178568303585052
v 0.0069352928549051285 0.039102695882320404 -0.090879268944263458
v -0.0029170415364205837 -0.039099998772144318 -0.086666680872440338
v -0.0050530806183815002 -0.039088215678930283 -0.091845713555812836
v -0.010903864167630672 -0.039100911468267441 -0.077806666493415833
v -0.0098054176196455956 0.039099998772144318 -0.077667713165283203
v -0.0055397860705852509 0.039053108543157578 -0.092315666377544403
v -0.0030096131376922131 0.039099998772144318 -0.086710475385189056
v 0.0031721491832286119 -0.039099998772144318 -0.085831359028816223
v 0.0011043524136766791 -0.03909510001540184 -0.091315962374210358
v -0.013332636095583439 -0.039099998772144318 -0.068285927176475525
v -0.014390674419701099 -0.039102654904127121 -0.072904400527477264
v -0.01366426981985569 0.039100032299757004 -0.067905113101005554
v 0.0032131804618984461 0.039099998772144318 -0.085886426270008087
v 0.0009359532268717885 0.039079152047634125 -0.091715887188911438
v -0.0050280294381082058 -0.039099998772144318 -0.076804652810096741
v -0.0068131834268569946 -0.039099998772144318 -0.082288496196269989
v -0.0087959421798586845 -0.039101134985685349 -0.087355814874172211
v -0.0048492220230400562 0.039099998772144318 -0.076742924749851227
v -0.0066776219755411148 0.039099998772144318 -0.082002922892570496
v -0.0090343086048960686 0.039101254194974899 -0.086905486881732941
v -0.042364001274108887 0.0046805860474705696 -0.057861842215061188
v -0.017253506928682327 -0.038342919200658798 -0.07996724545955658
v 0.029036061838269234 0.029267463833093643 -0.0012377738021314144
v -0.041021697223186493 0.01109190471470356 -0.070808805525302887
v -0.041706852614879608 0.0074786138720810413 -0.080494485795497894
v -0.018706811591982841 0.044597279280424118 -0.051251910626888275
v -0.041955437511205673 0.0061857001855969429 -0.085616737604141235
v -0.041497986763715744 0.010174473747611046 -0.065571680665016174
v -0.041578937321901321 0.0083788195624947548 -0.075364641845226288
v -0.041226185858249664 -0.0097153028473258018 -0.079617761075496674
v 0.020753359422087669 0.0076432451605796814 -0.030190851539373398
v -0.033485185354948044 -0.037837032228708267 -0.012511578388512135
v -0.028089303523302078 -0.035030249506235123 0.010827337391674519
v -0.00395209901034832 -0.044599998742341995 0.010705385357141495
v -0.037829041481018066 0.034885048866271973 -0.039426658302545547
v 0.0095688467845320702 -0.035138815641403198 -0.045567508786916733
v -0.024698011577129364 0.022924089804291725 0.01438407227396965
v 0.0060571674257516861 0.044599998742341995 0.0074618095532059669
v -0.02411963976919651 0.043589495122432709 -0.057081535458564758
v -0.020975593477487564 -0.038631580770015717 -0.067718639969825745
v -0.0056574135087430477 0.015112805180251598 0.029140457510948181
v 0.015875149518251419 0.023909822106361389 -0.031749159097671509
v -0.020571580156683922 -0.044599998742341995 -0.014702013693749905
v -0.0096092503517866135 -0.044599998742341995 -0.036372128874063492
v -0.014400457963347435 0.044599998742341995 -0.010303806513547897
v -0.015599585138261318 0.044599998742341995 -0.029077542945742607
v -0.0072442870587110519 0.044599872082471848 -0.041905023157596588
v -0.012599960900843143 0.044599983841180801 -0.043072860687971115
v -0.017744509503245354 0.044599998742341995 -0.045024558901786804
v -0.014721867628395557 -0.044599998742341995 -0.031976025551557541
v -0.019811248406767845 -0.044599998742341995 -0.02167925238609314
v -0.01995721273124218 -0.044599998742341995 -0.035115435719490051
v -0.019520223140716553 -0.044599927961826324 -0.04764348641037941
v -0.014756403863430023 -0.044599998742341995 -0.045083962380886078
v -0.0098526952788233757 -0.044599995017051697 -0.042759779840707779
v -0.0078950729221105576 0.044599998742341995 -0.014035229571163654
v -0.013993455097079277 0.044599998742341995 -0.017621647566556931
v -0.014957083389163017 -0.044599998742341995 -0.025412745773792267
v -0.019914275035262108 -0.044599998742341995 -0.027827763929963112
v -0.011166649870574474 0.044599998742341995 -0.035482253879308701
v -0.017714943736791611 0.044599998742341995 -0.036267500370740891
v -0.019566042348742485 -0.044599998742341995 -0.041446369141340256
v -0.014764701947569847 -0.044599998742341995 -0.038727737963199615
v -0.013489775359630585 0.044491548091173172 -0.049406316131353378
v -0.040665809065103531 -0.012905284762382507 -0.0692567378282547
v -0.04118075966835022 -0.013474605046212673 -0.061233442276716232
v -0.036538179963827133 0.036916565150022507 -0.034632317721843719
v -0.036719337105751038 0.036560975015163422 -0.0245855413377285
v -0.035198714584112167 -0.0072960974648594856 -0.0964975506067276
v -0.041880179196596146 0.0084663871675729752 -0.062831655144691467
v -0.025760475546121597 0.017601910978555679 0.011828051880002022
v -0.02644059993326664 -0.022770684212446213 0.01013330090790987
v 0.010369107127189636 -0.039208892732858658 -0.030446860939264297
v -0.017272124066948891 -0.038526378571987152 -0.076757915318012238
v -0.030045635998249054 -0.028006246313452721 -0.09570842981338501
v -0.026464540511369705 -0.032056443393230438 0.010354419238865376
v -0.042451146990060806 0.0021067741326987743 -0.058416951447725296
v -0.029019556939601898 0.036803681403398514 0.0096930591389536858
v -0.022165883332490921 0.033398624509572983 -0.095758989453315735
v -0.030394244939088821 -0.00059232540661469102 -0.013576525263488293
v -0.030310126021504402 0.0031712821219116449 -0.0094075882807374001
v -0.030288077890872955 -0.00671010697260499 -0.012650672346353531
v -0.03018389455974102 -0.0028739389963448048 -0.0072019197978079319
v -0.033698752522468567 -0.017612852156162262 -0.020217431709170341
v -0.030362868681550026 0.017187446355819702 -0.0066683469340205193
v -0.030364103615283966 0.012874160893261433 -0.0080967899411916733
v -0.030570363625884056 -0.016698431223630905 -0.01581929437816143
v -0.037987500429153442 -0.022385904565453529 -0.034578867256641388
v -0.03715236485004425 -0.019958516582846642 -0.026917982846498489
v -0.036982972174882889 0.015159157104790211 -0.027443371713161469
v -0.036692965775728226 -0.0050929193384945393 -0.028426757082343102
v -0.036563921719789505 -0.003330837469547987 -0.026509184390306473
v 0.018313894048333168 0.01700957678258419 -0.038193736225366592
v -0.014936474151909351 -0.0012562262127175927 -0.096500001847743988
v -0.038891401141881943 0.0022903017234057188 -0.039400126785039902
v -0.037375058978796005 -0.0056267725303769112 -0.033845990896224976
v -0.027969446033239365 -0.030533097684383392 0.0064332461915910244
v -0.037156760692596436 0.011248784139752388 -0.031160173937678337
v -0.0091383159160614014 -0.010533714666962624 -0.096500001847743988
v -0.036564365029335022 0.0047517577186226845 -0.025459397584199905
v -0.036883831024169922 -0.015126336365938187 -0.024533094838261604
v -0.036960981786251068 0.018487181514501572 -0.024607384577393532
v -0.037007696926593781 -0.021252041682600975 -0.023858819156885147
v 0.010359656997025013 0.030429676175117493 0.027849821373820305
v -0.036967504769563675 -0.018178034573793411 -0.02420618012547493
v -0.03689306229352951 0.015951782464981079 -0.025285806506872177
v -0.037663746625185013 -0.016597669571638107 -0.033332571387290955
v 0.026564046740531921 -0.027218688279390335 -0.010011895559728146
v -0.039991900324821472 0.0021863810252398252 -0.042511079460382462
v -0.037062287330627441 -0.012215218506753445 -0.030204290524125099
v 0.023145595565438271 0.029615264385938644 0.018506117165088654
v 0.026056336238980293 0.030218886211514473 -0.011656883172690868
v -0.030589675530791283 0.011817989870905876 -0.016552833840250969
v -0.038127552717924118 -0.0057633849792182446 -0.036910001188516617
v -0.037942707538604736 0.0025408898945897818 -0.036325491964817047
v -0.036933451890945435 -0.0053619709797203541 -0.030946943908929825
v -0.0090737724676728249 -0.028281338512897491 0.028232946991920471
v -0.036780286580324173 -0.01240400318056345 -0.024860719218850136
v -0.037441983819007874 0.011100589297711849 -0.03315136581659317
v -0.036684464663267136 0.0040761376731097698 -0.028705216944217682
v -0.03653692826628685 0.0017571066273376346 -0.026465987786650658
v -0.037164255976676941 0.015761399641633034 -0.029797438532114029
v 0.021591385826468468 0.010389498434960842 -0.023936467245221138
v -0.016661062836647034 0.03824181854724884 -0.089680872857570648
v 0.013011033646762371 -0.024484535679221153 -0.096500001847743988
v -0.01021288987249136 0.044599998742341995 -0.032567255198955536
v -0.03007514588534832 -0.029049072414636612 -0.0023221075534820557
v -0.041800111532211304 -0.0080983508378267288 -0.066640853881835938
v -0.041761111468076706 -0.0090642524883151054 -0.063423097133636475
v -0.03680809959769249 -0.036463994532823563 -0.029549978673458099
v -0.019086519256234169 0.037749174982309341 -0.081177510321140289
v -0.010524803772568703 0.044599998742341995 -0.005598798394203186
v -0.041200052946805954 -0.011488043703138828 -0.065921112895011902
v -0.0077283671125769615 0.028504215180873871 -0.096500001847743988
v 0.0044917510822415352 -0.026985110715031624 0.029380651190876961
v -0.025860985741019249 -0.029051942750811577 0.011705339886248112
v -0.0068989587016403675 0.002810589736327529 -0.096500001847743988
v -0.031021436676383018 -0.023789739236235619 -0.015922773629426956
v 0.0036575435660779476 0.02930973656475544 -0.096500001847743988
v 0.0010222711134701967 0.023779045790433884 -0.096500001847743988
v -0.004621709231287241 0.023936517536640167 -0.096500001847743988
v -0.010466674342751503 0.0099945617839694023 -0.096500001847743988
v 0.022268733009696007 -0.029181215912103653 -0.020685514435172081
v -0.0021898781415075064 0.02901313453912735 -0.096500001847743988
v 0.011077647097408772 0.034066479653120041 -0.096399597823619843
v 0.0098565388470888138 0.029539214447140694 -0.096500001847743988
v 0.00636683264747262 0.024325316771864891 -0.096500001847743988
v -0.0076699513010680676 -0.023234408348798752 0.028655733913183212
v -0.003732356010004878 -0.0014696760335937142 -0.096500001847743988
v -0.0058470810763537884 -0.010062046349048615 -0.096500001847743988
v -0.0096284961327910423 0.023372750729322433 -0.096500001847743988
v -0.013774393126368523 -0.022617070004343987 -0.096500001847743988
v -0.010512735694646835 0.02838156558573246 -0.096500001847743988
v -0.019055314362049103 -0.044071115553379059 -0.057322259992361069
v -0.018628938123583794 0.044069744646549225 -0.056709237396717072
v -0.042445208877325058 0.0012799581745639443 -0.078702442348003387
v -0.012806822545826435 -0.027426183223724365 -0.096500001847743988
v -0.00035514248884283006 -0.0015210256678983569 -0.096500001847743988
v 0.0058046523481607437 0.013638494536280632 -0.096500001847743988
v 0.0084634758532047272 0.0228080153465271 -0.096500001847743988
v -0.042418062686920166 -0.0015925021143630147 -0.086197860538959503
v -0.013431182131171227 -0.03341815248131752 -0.09649079293012619
v 0.016354670748114586 0.030090320855379105 -0.096483752131462097
v -0.018633849918842316 0.0036665331572294235 -0.096500001847743988
v -0.022117920219898224 0.01677997037768364 -0.096500001847743988
v -0.019567267969250679 0.012675781734287739 -0.096500001847743988
v -0.042276818305253983 -0.0040857386775314808 -0.08946586400270462
v -0.042383510619401932 -0.0028295980300754309 -0.081415347754955292
v -0.042168233543634415 -0.0055357818491756916 -0.067120656371116638
v -0.00049063831102102995 0.003972319420427084 -0.096500001847743988
v 0.011429028585553169 0.027301786467432976 -0.096500001847743988
v 0.0010852082632482052 0.0078151579946279526 -0.096500001847743988
f 118 556 211
f 1 318 4693
f 240 273 151
f 4542 4734 375
f 3554 3313 592
f 4770 2390 4750
f 1329 2314 2238
f 392 391 5
f 507 609 334
f 153 189 3599
f 1772 6 3605
f 3844 7 3363
f 62 9 1244
f 1721 3545 3598
f 1752 1767 2570
f 2558 12 4816
f 255 182 181
f 181 178 330
f 339 1768 129
f 3521 3073 13
f 307 289 11
f 605 281 4100
f 3590 227 526
f 20 197 234
f 412 168 161
f 557 558 49
f 106 481 140
f 116 575 3
f 436 192 437
f 503 276 4816
f 332 438 3762
f 251 480 31
f 3496 190 3600
f 3161 1811 1660
f 2586 4762 2585
f 638 640 593
f 332 184 438
f 463 2782 2791
f 4416 147 3481
f 2230 43 3709
f 4821 2280 2283
f 578 526 227
f 362 28 3363
f 283 106 31
f 2575 3541 2574
f 539 479 597
f 374 537 535
f 234 56 4
f 277 189 153
f 481 167 3830
f 4006 422 14
f 500 425 340
f 572 613 570
f 333 332 3762
f 504 52 252
f 2335 1585 55
f 2486 2490 193
f 2622 1298 3485
f 351 449 205
f 60 3 575
f 358 61 3351
f 409 413 551
f 3675 1865 4793
f 44 42 2785
f 155 296 295
f 130 363 62
f 73 224 36
f 2845 1235 1190
f 9 62 363
f 4816 12 503
f 366 2791 3034
f 538 474 595
f 3313 471 592
f 4687 139 273
f 299 310 421
f 3515 593 68
f 54 3513 103
f 458 271 583
f 141 388 277
f 3714 284 550
f 216 217 4187
f 73 4421 216
f 455 74 75
f 283 481 106
f 76 160 288
f 11 289 285
f 4370 157 105
f 3296 308 3067
f 79 285 289
f 506 507 619
f 3074 2844 3486
f 436 50 3486
f 437 505 436
f 179 3942 506
f 255 4205 182
f 558 557 177
f 3780 1912 4656
f 477 386 175
f 4275 53 335
f 2465 1914 4659
f 138 34 85
f 4014 2690 1737
f 2928 483 88
f 569 518 515
f 627 626 245
f 3512 54 92
f 4741 2382 3913
f 354 57 13
f 207 575 116
f 607 452 3245
f 42 4722 2785
f 224 296 155
f 224 73 4187
f 361 526 366
f 225 96 17
f 76 168 4326
f 543 247 553
f 3584 473 595
f 474 472 3586
f 478 377 242
f 19 2565 3581
f 618 97 99
f 444 344 430
f 142 41 387
f 255 394 185
f 4424 389 396
f 185 389 4424
f 38 186 4442
f 485 459 230
f 27 101 3291
f 267 72 3297
f 4462 40 265
f 3887 398 40
f 29 486 398
f 403 70 401
f 149 70 3449
f 3358 583 271
f 265 40 486
f 53 82 439
f 3514 68 102
f 406 407 103
f 135 642 372
f 3005 154 108
f 1288 1512 154
f 294 4187 217
f 626 137 245
f 412 411 159
f 551 290 4404
f 160 76 3330
f 43 287 3331
f 287 43 4409
f 2276 292 4409
f 4675 295 105
f 287 77 4370
f 422 423 417
f 353 206 2996
f 410 158 304
f 167 481 282
f 87 341 514
f 80 315 416
f 110 319 114
f 321 501 4546
f 319 45 429
f 297 113 417
f 318 113 320
f 4817 173 620
f 49 48 557
f 434 3562 60
f 3901 331 177
f 192 193 504
f 181 330 2613
f 53 508 335
f 495 426 80
f 3497 92 153
f 338 440 341
f 3599 189 119
f 560 561 343
f 415 170 4607
f 472 642 641
f 3517 345 3589
f 3516 632 121
f 345 563 122
f 237 476 537
f 3487 208 57
f 59 572 58
f 353 351 447
f 207 183 3611
f 3101 183 524
f 522 523 572
f 210 355 123
f 2314 1329 1361
f 357 356 4458
f 464 451 3701
f 3701 1872 212
f 451 358 3470
f 214 26 3076
f 75 74 63
f 126 125 44
f 126 1534 2653
f 360 125 126
f 3856 1656 3775
f 8 36 224
f 28 221 3606
f 130 223 128
f 3987 28 362
f 4421 73 4423
f 1056 3324 2480
f 3063 3357 4305
f 29 3451 3063
f 1240 2692 2634
f 627 244 136
f 235 589 367
f 1752 3584 2544
f 2413 2445 1833
f 469 600 371
f 642 472 474
f 542 596 243
f 591 482 598
f 736 676 2956
f 136 368 627
f 2208 1983 1479
f 3057 379 553
f 382 384 137
f 4166 2767 3240
f 1738 2671 3364
f 364 4302 32
f 185 4205 255
f 401 402 403
f 186 3463 3972
f 27 147 264
f 263 267 4112
f 3451 29 398
f 365 459 259
f 439 3640 3651
f 4608 257 602
f 405 189 277
f 2608 1308 3497
f 465 65 156
f 288 160 293
f 4633 157 4370
f 465 549 614
f 217 16 294
f 281 107 4001
f 286 411 3321
f 290 549 4492
f 3564 551 3563
f 291 1901 79
f 159 285 3552
f 307 166 289
f 409 551 3564
f 161 411 412
f 3331 296 294
f 3331 105 295
f 162 4292 4331
f 3965 4721 163
f 1 14 318
f 299 165 298
f 2647 2380 4733
f 4060 356 419
f 4292 162 605
f 1901 291 420
f 411 161 3113
f 201 3879 497
f 497 316 201
f 378 91 248
f 114 111 317
f 608 4809 2426
f 326 4184 110
f 3879 4134 326
f 327 2498 2612
f 557 333 177
f 3848 83 181
f 182 3848 181
f 333 3881 177
f 524 450 352
f 439 508 53
f 170 114 317
f 442 81 426
f 2192 2266 4386
f 3605 192 436
f 504 437 192
f 2490 88 193
f 81 442 190
f 341 440 342
f 425 342 440
f 3555 566 569
f 170 415 416
f 33 322 3369
f 346 563 611
f 3518 199 632
f 469 628 600
f 198 1411 122
f 1119 3876 1121
f 1593 1309 1098
f 448 4131 4148
f 203 47 4142
f 449 93 574
f 349 204 348
f 2838 1824 1727
f 3007 2188 2016
f 614 464 3701
f 615 212 1935
f 26 3488 213
f 452 214 3111
f 455 37 3798
f 275 272 404
f 274 219 127
f 259 4686 365
f 1822 3537 259
f 28 128 221
f 36 4423 73
f 236 584 232
f 30 133 1957
f 268 1522 2689
f 2159 4723 462
f 465 615 586
f 456 585 462
f 97 234 99
f 245 244 627
f 56 234 197
f 2955 3544 2568
f 3586 595 474
f 232 117 236
f 100 484 391
f 468 135 66
f 461 374 596
f 478 460 377
f 537 374 592
f 32 4302 541
f 377 460 461
f 3579 377 542
f 384 2625 137
f 3549 376 242
f 139 152 272
f 3718 3369 323
f 553 164 543
f 106 249 31
f 2378 4732 2687
f 387 175 142
f 143 387 405
f 144 391 484
f 1185 2676 703
f 5 253 143
f 254 117 232
f 489 4095 2044
f 231 255 2613
f 3229 2877 1396
f 602 174 545
f 261 579 95
f 262 401 72
f 267 263 262
f 148 4188 96
f 264 147 148
f 266 4608 2067
f 70 149 401
f 270 131 269
f 2827 2138 4577
f 212 615 465
f 481 283 282
f 3895 3032 311
f 286 285 159
f 285 286 3598
f 77 287 292
f 161 288 1599
f 166 291 289
f 307 306 166
f 293 160 292
f 4731 295 4675
f 295 296 3331
f 165 3405 3401
f 423 544 297
f 282 380 167
f 301 302 78
f 303 283 554
f 304 167 380
f 498 426 495
f 215 452 162
f 166 3296 309
f 2047 2042 3110
f 4722 42 311
f 494 165 313
f 3032 1765 311
f 424 416 315
f 80 314 315
f 326 114 497
f 80 196 495
f 498 500 340
f 317 111 4445
f 3748 2430 2180
f 379 3718 323
f 45 319 110
f 172 501 321
f 599 248 2992
f 2992 187 599
f 1461 2331 327
f 90 202 169
f 334 329 559
f 505 178 436
f 438 207 3713
f 332 333 25
f 620 47 573
f 510 610 337
f 211 525 577
f 341 87 338
f 54 141 92
f 3899 755 2002
f 483 385 88
f 1682 2881 3261
f 194 441 314
f 109 314 441
f 338 190 442
f 109 441 90
f 566 517 569
f 444 516 343
f 518 569 517
f 346 347 568
f 565 346 611
f 612 562 104
f 565 567 347
f 521 3591 562
f 517 519 633
f 198 2575 2933
f 1448 472 199
f 2726 2017 4471
f 348 447 349
f 630 447 200
f 523 123 58
f 1517 1609 418
f 206 613 572
f 572 523 58
f 184 575 207
f 3098 2193 4512
f 209 524 355
f 570 522 572
f 3 24 116
f 184 332 25
f 352 450 24
f 357 4448 577
f 215 26 214
f 214 452 215
f 603 4729 3451
f 4151 101 261
f 579 261 101
f 264 95 579
f 62 223 130
f 264 225 95
f 96 225 264
f 547 39 256
f 365 399 131
f 64 528 3900
f 3900 1957 133
f 133 30 4729
f 2782 463 462
f 4146 4281 1433
f 456 586 585
f 413 464 290
f 568 4 346
f 3581 542 243
f 2675 4644 2630
f 3584 2570 373
f 66 237 471
f 371 484 469
f 484 371 144
f 66 135 372
f 535 476 473
f 473 476 538
f 237 538 476
f 273 275 151
f 151 275 145
f 596 373 243
f 1436 3583 3546
f 2675 21 3549
f 530 368 136
f 242 377 3579
f 303 380 282
f 554 379 323
f 283 31 381
f 543 164 381
f 2817 1217 694
f 588 367 305
f 428 544 300
f 4227 3437 1197
f 172 429 45
f 543 381 480
f 44 125 3829
f 106 140 3364
f 2686 2981 2687
f 106 2686 249
f 4732 251 249
f 2379 2689 3557
f 2615 119 483
f 386 236 252
f 142 52 385
f 52 142 175
f 278 484 100
f 277 388 405
f 390 387 143
f 392 405 388
f 1391 1460 1461
f 230 270 529
f 390 143 253
f 255 231 394
f 4608 266 257
f 4442 186 258
f 220 259 459
f 146 404 272
f 4416 148 147
f 4784 1034 4417
f 266 265 2377
f 39 547 150
f 3222 1772 3450
f 401 149 72
f 147 27 3481
f 72 149 3481
f 145 548 239
f 402 4095 489
f 547 488 487
f 479 240 228
f 582 271 458
f 229 458 583
f 146 491 404
f 559 492 4648
f 119 189 41
f 533 407 102
f 2358 2328 4002
f 168 412 4155
f 413 290 551
f 4187 294 296
f 417 423 297
f 283 303 282
f 754 3493 2477
f 34 138 301
f 318 14 417
f 14 422 417
f 4106 2053 2046
f 312 306 307
f 67 410 78
f 109 169 315
f 424 316 170
f 416 424 170
f 169 424 315
f 171 425 112
f 45 2170 172
f 416 196 80
f 416 415 196
f 635 608 427
f 112 425 500
f 448 115 4190
f 4391 1192 1179
f 497 3879 326
f 4189 610 4341
f 115 610 4189
f 202 316 169
f 1078 3639 1081
f 525 124 84
f 25 333 557
f 48 49 3935
f 329 328 559
f 71 1507 1480
f 254 231 330
f 330 178 176
f 178 181 83
f 437 504 252
f 252 35 437
f 505 437 35
f 178 505 176
f 1134 1171 3960
f 619 507 502
f 24 450 116
f 183 207 116
f 4055 4789 4588
f 504 193 88
f 314 81 194
f 190 194 81
f 338 442 340
f 338 340 440
f 90 2622 202
f 46 2556 2712
f 561 120 342
f 343 561 171
f 344 444 86
f 171 444 343
f 343 516 443
f 444 430 516
f 247 3057 553
f 247 598 4301
f 446 568 347
f 3852 4557 566
f 195 569 515
f 518 517 633
f 2958 2922 3515
f 348 200 447
f 574 205 449
f 353 630 206
f 352 355 524
f 215 162 552
f 577 525 2647
f 556 124 211
f 3701 212 614
f 451 409 358
f 64 453 222
f 27 579 101
f 95 225 3547
f 586 456 233
f 3977 4004 394
f 597 32 539
f 131 581 365
f 585 615 2159
f 462 463 578
f 614 549 464
f 631 97 587
f 99 4 568
f 4 563 346
f 137 626 382
f 235 367 466
f 305 590 588
f 2766 4736 2793
f 132 1928 1925
f 540 1369 3359
f 583 3358 2151
f 269 1272 529
f 4095 488 3761
f 135 470 1528
f 370 18 531
f 641 642 135
f 102 68 639
f 228 241 597
f 478 479 539
f 461 460 238
f 461 596 542
f 535 596 374
f 240 151 228
f 2873 19 3581
f 3057 3708 379
f 164 554 283
f 303 322 380
f 383 480 251
f 4213 2557 567
f 445 621 2556
f 598 187 4301
f 91 2992 248
f 383 482 480
f 272 275 139
f 142 385 119
f 584 386 477
f 236 386 584
f 390 477 175
f 175 387 390
f 35 252 236
f 386 252 52
f 175 386 52
f 387 41 405
f 469 484 278
f 100 141 278
f 143 392 5
f 143 405 392
f 594 532 69
f 241 490 2714
f 389 185 394
f 2524 274 4440
f 459 485 220
f 503 602 257
f 1244 10 62
f 150 547 487
f 457 256 39
f 401 262 402
f 273 139 275
f 490 241 228
f 275 404 145
f 145 490 151
f 582 458 2524
f 146 274 491
f 548 145 404
f 229 548 491
f 4648 4538 334
f 4502 3266 1645
f 162 452 605
f 409 550 284
f 451 464 413
f 3719 313 3354
f 3354 421 3296
f 107 284 3714
f 165 299 313
f 302 301 138
f 1044 3384 1040
f 353 447 630
f 318 417 113
f 544 423 300
f 4607 170 317
f 410 304 414
f 380 414 304
f 322 33 414
f 323 322 303
f 310 422 308
f 421 313 299
f 422 496 308
f 310 308 421
f 310 300 422
f 4119 307 11
f 4119 312 307
f 3719 163 3100
f 1030 1046 3360
f 314 109 315
f 342 425 171
f 495 499 498
f 500 498 499
f 319 111 114
f 3555 195 430
f 429 172 4312
f 621 445 2532
f 510 337 433
f 525 84 3336
f 48 434 25
f 184 25 434
f 557 48 25
f 502 51 49
f 3436 3043 1642
f 83 50 178
f 436 178 50
f 438 3760 3762
f 510 433 432
f 407 533 103
f 87 513 338
f 190 338 513
f 385 483 119
f 41 142 119
f 426 498 442
f 340 442 498
f 120 514 342
f 343 443 560
f 520 521 633
f 518 612 515
f 195 516 430
f 171 86 444
f 3708 3718 379
f 3081 428 298
f 86 112 3070
f 322 323 3369
f 3884 3963 1956
f 563 4 56
f 111 319 4410
f 564 566 4557
f 565 347 346
f 3555 3852 566
f 569 195 3555
f 571 630 200
f 123 523 210
f 349 447 351
f 205 349 351
f 336 4817 620
f 573 336 620
f 349 205 350
f 349 350 204
f 574 350 205
f 207 438 184
f 184 60 575
f 3488 26 215
f 422 4006 496
f 465 614 212
f 3194 2668 932
f 580 453 133
f 3900 133 64
f 2634 2692 363
f 227 260 578
f 230 581 270
f 3930 1130 1139
f 458 229 491
f 2551 3579 2565
f 490 145 239
f 529 270 269
f 2044 4521 489
f 479 228 597
f 586 615 585
f 65 465 586
f 378 623 590
f 618 446 621
f 4 99 234
f 56 122 563
f 541 238 32
f 69 371 594
f 66 369 468
f 1100 3867 132
f 3310 1753 4522
f 532 370 98
f 3514 102 407
f 392 100 391
f 531 634 470
f 642 474 372
f 593 3515 121
f 474 538 372
f 473 373 535
f 537 476 535
f 2151 548 583
f 4248 396 389
f 541 4302 3554
f 238 539 32
f 374 461 238
f 461 542 377
f 243 373 2570
f 364 32 597
f 479 478 376
f 376 21 240
f 4312 172 321
f 812 2731 2809
f 414 380 322
f 301 414 33
f 305 378 590
f 480 482 591
f 31 480 381
f 31 249 251
f 383 384 482
f 382 482 384
f 240 21 3607
f 176 505 35
f 117 35 236
f 1297 1279 1155
f 41 189 405
f 388 141 100
f 4063 2228 1701
f 528 64 546
f 503 12 174
f 262 72 267
f 487 263 150
f 487 402 262
f 489 4521 3312
f 581 131 270
f 219 272 152
f 3681 1805 4230
f 274 458 491
f 4440 485 2524
f 4648 334 559
f 3594 512 3592
f 606 1656 1649
f 606 3122 3155
f 61 281 607
f 291 166 309
f 309 420 291
f 78 410 301
f 410 414 301
f 300 299 428
f 299 298 428
f 554 164 553
f 33 34 301
f 300 310 299
f 80 426 314
f 81 314 426
f 169 316 424
f 202 201 316
f 114 170 497
f 425 440 340
f 1082 4287 1083
f 635 427 4693
f 325 4418 431
f 173 337 115
f 497 170 316
f 4538 604 334
f 604 502 507
f 508 509 335
f 328 180 559
f 330 117 254
f 177 331 558
f 49 558 502
f 619 558 331
f 129 2715 339
f 277 153 92
f 2936 511 3513
f 612 279 515
f 385 52 504
f 561 342 171
f 341 342 514
f 443 515 512
f 4410 319 429
f 621 587 618
f 445 2556 46
f 564 517 566
f 567 564 4557
f 565 564 567
f 446 347 2557
f 563 345 611
f 612 104 279
f 512 515 279
f 613 630 571
f 572 59 206
f 350 574 203
f 620 448 47
f 210 523 522
f 3488 94 213
f 213 3017 26
f 576 94 3488
f 356 94 419
f 222 546 64
f 454 527 3277
f 133 453 64
f 456 578 260
f 4548 622 38
f 459 365 581
f 230 582 485
f 230 459 581
f 583 548 229
f 254 3890 3949
f 3002 1324 1278
f 616 3101 2991
f 578 456 462
f 248 623 378
f 367 631 587
f 590 530 588
f 248 627 623
f 234 97 20
f 631 20 97
f 537 592 471
f 3506 2418 2365
f 372 538 237
f 468 470 135
f 467 98 3604
f 594 370 532
f 370 531 3604
f 2458 2950 4572
f 2593 2590 3514
f 103 278 54
f 102 628 533
f 371 600 594
f 369 66 471
f 388 100 392
f 634 641 1528
f 4776 3378 536
f 237 66 372
f 473 538 595
f 596 535 373
f 536 1376 2652
f 3554 592 541
f 540 2977 932
f 592 374 541
f 460 478 539
f 238 460 539
f 238 541 374
f 626 624 382
f 553 379 554
f 323 303 554
f 1828 2556 621
f 543 598 247
f 367 587 305
f 568 446 99
f 482 636 598
f 482 382 636
f 624 626 627
f 504 88 385
f 277 92 141
f 486 2377 265
f 488 402 487
f 262 263 487
f 256 3761 547
f 3761 488 547
f 492 559 180
f 549 465 156
f 605 452 607
f 358 409 284
f 107 281 61
f 3406 1046 1042
f 2790 500 499
f 300 423 422
f 89 767 3889
f 117 330 176
f 179 619 331
f 3596 493 3595
f 560 443 512
f 561 493 120
f 378 445 2932
f 378 305 445
f 446 1425 621
f 519 517 564
f 564 565 519
f 567 2557 347
f 611 519 565
f 519 611 520
f 630 613 206
f 93 573 574
f 573 93 336
f 209 355 210
f 524 183 450
f 375 1936 3854
f 454 546 397
f 133 4729 580
f 457 617 395
f 241 364 597
f 2714 364 241
f 290 464 549
f 587 97 618
f 367 588 466
f 588 530 466
f 979 2250 3889
f 468 467 470
f 3604 531 470
f 1764 1472 4790
f 639 628 102
f 237 537 471
f 4645 4247 4054
f 478 242 376
f 446 618 99
f 2557 1425 446
f 636 382 624
f 598 636 187
f 35 117 176
f 141 54 278
f 18 601 639
f 638 121 632
f 18 370 594
f 400 101 4151
f 529 1899 2729
f 402 488 4095
f 3399 131 3397
f 3267 3575 3921
f 509 492 180
f 409 451 413
f 281 605 607
f 173 115 448
f 110 114 326
f 3718 3708 2999
f 180 335 509
f 337 173 4449
f 4449 433 337
f 124 3674 3542
f 515 443 516
f 516 195 515
f 562 612 518
f 613 571 570
f 573 47 203
f 116 450 183
f 525 211 124
f 616 4388 2195
f 274 146 219
f 272 219 146
f 361 454 397
f 454 528 546
f 603 580 4729
f 1496 1381 1771
f 2657 23 4488
f 590 623 368
f 368 530 590
f 631 367 589
f 68 593 639
f 2944 1448 3518
f 533 469 278
f 475 1669 1816
f 2914 3180 475
f 599 624 248
f 305 587 2532
f 4238 625 966
f 628 601 600
f 625 2104 4727
f 403 402 489
f 604 507 334
f 2500 1462 2942
f 94 576 419
f 174 602 503
f 619 502 558
f 609 329 334
f 561 560 493
f 633 519 520
f 520 611 345
f 352 123 355
f 463 366 526
f 256 457 3503
f 3503 457 395
f 627 368 623
f 20 631 589
f 634 531 640
f 641 634 632
f 376 240 479
f 640 18 639
f 594 600 601
f 337 610 115
f 619 179 506
f 448 620 173
f 4196 2172 2225
f 361 366 527
f 4628 395 4808
f 617 629 395
f 18 594 601
f 593 121 638
f 187 636 599
f 609 507 506
f 518 633 562
f 521 562 633
f 526 578 463
f 1304 3823 728
f 624 627 248
f 199 641 632
f 628 639 601
f 632 634 638
f 593 640 639
f 628 469 533
f 278 103 533
f 624 599 636
f 531 18 640
f 641 199 472
f 616 2991 4007
f 640 638 634
f 3108 2605 637
f 3712 646 643
f 1743 1375 3027
f 4033 2027 4509
f 646 3763 643
f 3816 648 645
f 3938 645 648
f 1119 3867 1100
f 3588 1956 3878
f 3926 653 649
f 647 3863 649
f 3924 647 649
f 653 4086 649
f 2060 4111 1966
f 653 654 3956
f 654 653 4111
f 2124 1707 2987
f 4163 658 657
f 4120 4163 657
f 657 4109 655
f 2204 4297 1242
f 4209 660 659
f 4237 659 660
f 658 4191 657
f 663 661 4179
f 663 2098 2245
f 2273 663 664
f 2803 1961 4636
f 688 2488 2482
f 1581 752 673
f 690 731 734
f 2496 2500 691
f 2496 692 739
f 2611 2505 2501
f 2509 735 693
f 695 735 680
f 680 669 696
f 733 697 669
f 733 2515 698
f 737 699 740
f 1707 2124 667
f 701 737 2529
f 2535 674 702
f 2541 679 706
f 2549 2555 711
f 716 2677 2555
f 674 2874 704
f 2673 682 683
f 2669 683 719
f 720 741 2672
f 1152 3996 2086
f 3088 2401 2364
f 3578 881 2445
f 1444 3493 3240
f 3853 1936 4734
f 690 3264 689
f 3141 2905 3173
f 3180 2914 688
f 2541 705 1413
f 3218 690 691
f 670 705 2541
f 2513 1382 1380
f 2957 708 736
f 1629 1369 4094
f 710 2549 677
f 3415 2611 692
f 2677 2674 717
f 696 669 697
f 737 701 700
f 3227 695 696
f 3225 693 695
f 4591 2835 746
f 3048 2119 4564
f 3201 3096 749
f 752 745 673
f 3332 746 3209
f 435 3094 1681
f 4027 3109 673
f 746 3075 753
f 3137 2903 3169
f 870 1813 1663
f 745 752 3182
f 746 753 3319
f 3304 757 753
f 3302 1794 1723
f 757 3304 3352
f 3520 753 757
f 3377 2386 1773
f 761 3847 3688
f 2758 759 3502
f 772 3740 3697
f 778 762 3705
f 3139 2901 3171
f 763 3691 3609
f 774 3842 3703
f 1948 2075 768
f 765 3684 769
f 4481 2252 4020
f 1647 2130 3106
f 2735 2263 4035
f 2738 2264 4036
f 772 3767 4096
f 761 3700 798
f 769 3739 773
f 4595 2306 4265
f 3845 765 769
f 4352 2433 1921
f 2463 2350 3789
f 4667 2352 3791
f 3765 3845 769
f 778 3860 825
f 773 3764 782
f 4324 761 798
f 805 1983 2208
f 762 778 2259
f 257 276 503
f 782 3897 773
f 3867 1119 3893
f 1990 3880 1944
f 1222 3524 2880
f 3925 785 782
f 3957 783 3947
f 3983 2063 1976
f 785 4110 782
f 1312 1582 3210
f 3986 785 792
f 3927 790 4061
f 4317 1171 3975
f 3966 1941 2062
f 790 3950 800
f 785 3952 792
f 4061 790 800
f 4099 823 795
f 2173 4464 1158
f 4102 1166 1165
f 4104 4085 1163
f 4293 795 823
f 801 4083 4090
f 2376 2233 4408
f 4121 1989 2064
f 4127 2064 2082
f 807 1128 4389
f 4127 4170 1175
f 804 4171 4135
f 4131 2081 2082
f 2203 4125 2091
f 815 686 718
f 1184 4137 1200
f 4314 811 4152
f 4093 820 800
f 4553 3323 1019
f 4136 805 4403
f 826 4343 814
f 816 4212 4534
f 1125 4384 1207
f 799 4101 838
f 2553 1268 1195
f 4586 2301 4225
f 4313 841 818
f 819 811 4314
f 4279 817 821
f 3981 2410 1258
f 4593 2305 4263
f 4329 800 820
f 4288 2079 2142
f 4246 4308 821
f 4333 818 841
f 4405 4450 4678
f 4331 2160 2167
f 4767 1393 2841
f 4291 4389 1082
f 2196 2187 3833
f 2639 878 393
f 2731 71 2643
f 3858 2207 4684
f 3008 2316 1234
f 1295 2393 2788
f 834 4742 2209
f 4629 1242 2336
f 4065 2229 1702
f 2262 4541 1252
f 4464 2786 2292
f 4071 250 4383
f 4559 825 4678
f 846 822 4525
f 2369 1266 4551
f 854 3199 650
f 2652 2658 875
f 2452 1249 2700
f 990 1714 1002
f 848 4647 879
f 1282 1247 4070
f 3050 2121 4568
f 2829 2141 4583
f 4623 4529 848
f 841 4446 4692
f 4785 1328 1273
f 873 3372 831
f 2088 1977 1917
f 4647 848 4529
f 858 4683 933
f 1573 2572 2954
f 2941 2331 3223
f 1020 2582 3237
f 3412 2539 1580
f 2337 3523 3359
f 2804 1962 4638
f 23 191 4488
f 3603 3602 1744
f 1256 1315 4766
f 2113 4306 2069
f 913 1016 2966
f 2610 3414 2508
f 3227 2604 3225
f 4728 879 4647
f 2217 4558 4683
f 1334 2292 2406
f 874 4692 4446
f 1266 2369 2740
f 714 679 2541
f 843 1871 946
f 2579 1448 2944
f 2654 848 879
f 1750 3423 2389
f 4777 3155 3122
f 875 2658 944
f 2334 1400 852
f 2698 2150 3681
f 2437 2640 1342
f 1328 4785 2682
f 850 2484 871
f 1504 1508 2599
f 3656 1068 4795
f 4206 2561 3715
f 1458 2601 1355
f 2439 880 4045
f 3782 1913 1365
f 4666 2351 2471
f 886 2684 2474
f 2623 859 1022
f 887 2487 2620
f 2487 2912 2620
f 2619 888 1022
f 2499 2616 891
f 964 892 2609
f 2609 2502 964
f 2521 2877 1007
f 713 1546 1705
f 2527 2959 2589
f 1476 2243 2666
f 955 2583 900
f 901 2921 1009
f 3921 1135 1174
f 2537 2580 1010
f 4384 4792 1975
f 904 905 2576
f 2543 954 2872
f 1705 1253 3263
f 2567 1015 2546
f 1018 2566 2976
f 1018 912 2966
f 2864 2548 960
f 3242 960 1015
f 1019 3323 3199
f 1012 3252 907
f 2927 1003 2495
f 930 2629 961
f 930 963 2631
f 879 4728 883
f 926 2682 2361
f 2891 869 967
f 929 2684 968
f 931 2934 961
f 858 933 3006
f 3089 2400 2366
f 4805 1519 1358
f 973 939 2752
f 1356 3068 1520
f 2382 3524 2770
f 2774 2383 3857
f 3198 2711 937
f 2780 943 2337
f 4429 2329 4741
f 4261 3723 1202
f 4267 3722 1204
f 953 967 2977
f 2338 2853 885
f 2609 2507 2860
f 1407 1449 903
f 3242 2868 2964
f 2864 1428 922
f 1424 914 3259
f 1687 3241 911
f 1747 2608 3522
f 1399 898 2521
f 3226 895 896
f 1388 2503 894
f 3217 889 890
f 2979 929 2968
f 3216 957 888
f 3163 1816 1661
f 2913 859 3170
f 3165 1818 1662
f 3174 2916 887
f 3216 888 889
f 3415 2504 2886
f 3238 2543 906
f 902 3236 2945
f 903 2948 906
f 3238 3251 909
f 3249 910 909
f 2864 2964 3246
f 3194 869 999
f 2879 897 898
f 3231 919 900
f 3260 896 897
f 3226 1564 894
f 1031 969 2995
f 944 969 2994
f 971 1001 3000
f 2694 1094 4810
f 2448 2626 1268
f 991 973 2752
f 3314 3016 4819
f 981 974 3015
f 3038 4786 2848
f 4585 2300 4223
f 3042 2849 4456
f 4590 2303 4229
f 4385 3191 997
f 991 3318 3208
f 1638 1551 2754
f 1614 3018 1637
f 1499 1600 738
f 4476 1805 4156
f 4563 1083 4287
f 3035 1641 1553
f 1093 3095 2969
f 981 3278 1017
f 1031 3322 3482
f 3314 974 981
f 1699 1655 3200
f 4651 3153 4677
f 3159 1817 1659
f 3158 1814 1658
f 3147 2899 3179
f 3146 2904 3178
f 3150 2906 3181
f 2586 2987 2618
f 988 997 3184
f 999 2896 3194
f 999 2891 3193
f 932 2977 869
f 2413 3918 4259
f 3314 981 3298
f 218 1394 1381
f 2888 1003 2487
f 3219 1004 2495
f 2884 864 2507
f 2512 2884 3261
f 2881 863 2512
f 1217 2878 694
f 920 1021 2517
f 2524 485 582
f 3233 2959 1008
f 3232 1009 1008
f 2532 445 305
f 3255 2537 1010
f 917 901 1010
f 2543 3238 954
f 1015 2567 3242
f 1017 3278 3315
f 2566 1419 911
f 4691 1023 913
f 3259 2678 3195
f 4762 3266 996
f 946 1036 1957
f 998 4144 2077
f 1017 3320 3298
f 1025 3687 3318
f 1025 3014 3353
f 3385 1043 1028
f 1026 1787 3320
f 2995 3186 1090
f 1929 3826 3326
f 1723 1794 3325
f 1728 17 3806
f 1733 1729 3004
f 3342 37 4417
f 1035 3699 1052
f 3718 1676 3369
f 3418 2391 3558
f 3396 1758 1763
f 1762 3392 1716
f 1044 3400 1042
f 1043 3390 1041
f 3397 1760 1754
f 3402 1045 1041
f 3402 1760 1730
f 3387 1024 1040
f 3135 2902 3168
f 1043 3391 1028
f 1029 2789 3408
f 1228 2321 4075
f 4767 2841 2526
f 3054 2122 4570
f 3053 2120 4566
f 4360 2429 1894
f 4350 2428 1891
f 3754 2431 2183
f 3601 1063 1052
f 3508 2419 2367
f 1055 4468 2313
f 3301 1796 1722
f 4284 3383 2526
f 1026 1035 3807
f 3507 2421 2365
f 1097 2044 1057
f 1052 3689 3807
f 3162 1804 1660
f 1803 1659 3160
f 3156 1806 1657
f 1805 1663 4230
f 1808 1655 3154
f 1807 1661 3164
f 1810 1658 3157
f 1809 1662 3166
f 2807 1542 1822
f 3832 1069 1064
f 1084 3839 1111
f 3553 1029 4213
f 1071 3838 3580
f 1848 261 3698
f 2665 2408 3677
f 1070 3582 1084
f 1067 3580 1085
f 3694 1103 1077
f 1073 3683 1086
f 2722 2015 4469
f 3685 2192 22
f 2725 4011 2016
f 1898 1644 4376
f 22 3679 3685
f 2737 2265 4038
f 1226 3633 4390
f 725 730 2710
f 3649 1080 1079
f 3647 1856 1854
f 1853 3644 3645
f 1856 3647 3542
f 3566 3639 1855
f 2468 2349 3787
f 3670 1861 1857
f 2470 1915 4660
f 3689 1052 1063
f 1063 3984 1112
f 3704 1067 1085
f 3846 1095 1086
f 2832 2139 4579
f 3480 1880 1899
f 2834 2140 4581
f 1085 3814 1106
f 1237 1090 3736
f 1103 3815 1077
f 2044 4000 1057
f 3803 4081 4349
f 4353 2427 1933
f 3749 2434 2180
f 1896 972 4810
f 1084 1065 3874
f 3776 48 3935
f 1109 3619 3868
f 3834 1921 4650
f 1922 4652 3869
f 1357 4259 3918
f 2469 1911 4655
f 3843 1085 1106
f 1069 3710 1131
f 3741 1073 1086
f 1069 3768 1064
f 1071 3690 3948
f 1111 1826 1181
f 1095 3774 1086
f 1025 3353 1214
f 1112 4309 4723
f 1942 221 4407
f 2013 830 4532
f 571 3882 3777
f 1900 3817 1978
f 3766 1103 1123
f 1947 3905 1928
f 1116 3769 3934
f 3905 780 775
f 200 3873 3882
f 3888 1095 1116
f 3893 3923 1987
f 780 3905 3892
f 3934 1127 1118
f 3933 1123 1122
f 4389 1128 1113
f 4025 2008 1892
f 3970 1995 1911
f 4079 1996 1782
f 3995 2014 1785
f 3993 1134 1127
f 3027 2343 2893
f 3831 3943 2063
f 3575 1135 3921
f 1036 3357 3063
f 1103 3903 1123
f 2805 1960 4635
f 3937 1122 1123
f 4282 1951 1954
f 1141 3991 1122
f 3954 1985 1971
f 4758 2520 418
f 1117 3871 1109
f 1145 2644 4053
f 350 3964 3943
f 3964 1989 1976
f 1095 3769 1116
f 4115 506 3942
f 4057 2033 1906
f 1118 3898 1116
f 1992 2928 2871
f 1146 1141 3962
f 3997 2009 1968
f 3800 1093 3966
f 1118 1127 4174
f 3826 2772 1147
f 4116 3945 1979
f 1941 3848 182
f 2000 3140 3172
f 3989 1149 1139
f 1256 3072 2854
f 1985 3979 4024
f 1106 3978 1167
f 2022 1063 1112
f 3989 4161 1161
f 2061 2847 3292
f 3626 4468 1151
f 2723 2017 4472
f 4098 2087 2021
f 4323 1025 1214
f 4032 2026 4508
f 2739 2264 4037
f 2218 1994 3283
f 3285 2227 1993
f 3288 2226 2029
f 2219 2028 3287
f 1167 4157 1106
f 3951 1141 1122
f 4107 1127 1134
f 3990 1139 1149
f 3887 2055 2052
f 1281 1157 4069
f 4060 2046 2036
f 1163 4118 4091
f 1160 1164 4124
f 875 847 2652
f 1159 4103 4089
f 4394 1229 1163
f 2376 2058 3650
f 4141 2057 2050
f 4123 1183 1146
f 1171 4317 1169
f 4399 2201 4113
f 1769 1174 1135
f 4117 1149 1161
f 4111 653 3926
f 3965 1237 4721
f 4422 1146 1183
f 47 4148 4142
f 4154 2074 2072
f 4130 2071 2093
f 2080 1208 4503
f 4164 2146 2068
f 4138 1175 1179
f 4129 3960 1171
f 806 4154 4169
f 1162 3973 4198
f 4092 1203 1129
f 1161 4161 4400
f 2062 1941 182
f 4500 1071 1231
f 1972 2202 2084
f 4181 2096 2201
f 1189 4277 1219
f 1218 4200 1191
f 1107 1131 1162
f 4170 1179 1175
f 4189 2100 2101
f 4535 4345 4209
f 2741 555 3026
f 4102 1252 1166
f 2962 2759 1720
f 4191 4340 3079
f 4163 2146 2109
f 2126 4208 4285
f 2110 4204 4275
f 2048 4319 4099
f 4146 3274 1479
f 3049 2115 1776
f 3055 2116 4561
f 4372 1212 1196
f 4563 2494 1083
f 3051 2117 4562
f 1096 4245 1145
f 2831 2135 4573
f 4328 1129 1203
f 2833 2137 4575
f 2830 2136 4574
f 846 4533 4336
f 448 4190 4131
f 4136 4401 4278
f 4149 2079 4288
f 1174 1211 3652
f 2161 4168 4194
f 1065 1084 1111
f 1111 3839 1826
f 1188 4520 2178
f 2075 4403 781
f 4723 2159 1112
f 4679 4558 1231
f 1181 4493 1248
f 4486 1262 1218
f 4330 1161 1202
f 4334 1196 1212
f 833 4073 2104
f 1188 2855 2336
f 2218 4487 2175
f 3757 2432 2213
f 1212 4372 4457
f 4447 1335 1213
f 4008 4381 2189
f 1649 3344 2346
f 2991 1874 4007
f 2313 4468 3626
f 1293 3707 1055
f 2192 3712 4387
f 2191 2023 4026
f 3637 2744 1516
f 2313 3029 3082
f 1230 3953 4375
f 4433 1267 1220
f 4177 1156 1236
f 4407 128 4531
f 2787 831 3372
f 728 1292 2780
f 63 4620 3008
f 4618 4427 1220
f 4494 1213 1335
f 1212 4457 1257
f 2845 4555 4415
f 1135 1120 1769
f 4371 1218 1262
f 4344 1261 1219
f 4325 4679 1231
f 2319 4534 4212
f 2216 9 2692
f 4424 2855 2178
f 2222 2008 3284
f 1701 4064 2225
f 2039 2224 794
f 2241 2028 3286
f 2234 1702 4066
f 1211 1174 1769
f 4528 2812 1475
f 3709 16 4543
f 2485 1348 1376
f 4679 4325 1318
f 2395 788 4430
f 2204 1242 2200
f 1219 2285 4192
f 2323 2232 4554
f 2102 3887 40
f 4631 1166 1252
f 2173 1 2786
f 4530 1264 1259
f 4624 1319 1259
f 4646 1263 1251
f 2553 2679 1268
f 1543 75 2718
f 4491 1280 1243
f 4434 1243 1280
f 1260 2477 2600
f 1268 2626 1195
f 4485 2253 4022
f 1404 1402 2577
f 3720 2745 3220
f 4727 2104 4073
f 4496 4435 1212
f 4614 1284 1255
f 833 4401 2260
f 4519 2268 3097
f 2736 2267 3631
f 1948 3800 1271
f 1292 728 3491
f 2341 2158 3672
f 1484 2653 1534
f 3001 835 1515
f 1162 4198 1250
f 849 830 4719
f 4539 2282 2277
f 2280 233 3865
f 1278 1323 3002
f 4486 2176 1995
f 4049 4344 2272
f 435 1699 3094
f 2730 2287 4441
f 1276 1228 4075
f 1282 4552 2225
f 4074 4392 2186
f 1254 4609 1286
f 4448 2239 2394
f 4606 1254 1286
f 1425 2557 3408
f 1248 2358 3066
f 4748 1426 4591
f 4600 2309 4233
f 4599 2308 4232
f 4603 2311 4271
f 4602 2310 4270
f 3436 1269 2249
f 3438 4614 2290
f 3728 4609 2295
f 1548 3724 2287
f 1319 4619 1486
f 3168 2902 1059
f 4767 2526 3383
f 4443 1255 1284
f 2281 4532 4540
f 4761 831 857
f 2216 4632 2318
f 3247 1429 3248
f 4646 1285 1263
f 1319 4676 1259
f 1255 4443 4545
f 1194 886 2802
f 4724 4682 1502
f 1501 1318 4681
f 1690 1691 1419
f 979 2528 4461
f 2862 3172 3140
f 700 3257 699
f 1303 3107 4011
f 4741 2329 4642
f 3526 2853 2338
f 2475 3919 4781
f 1389 3261 2884
f 3417 1890 2375
f 3215 2487 887
f 2542 2870 706
f 2925 1434 2341
f 716 2866 2554
f 4281 2148 625
f 1695 1602 1422
f 3939 1440 3224
f 2467 2354 3795
f 2464 2353 3794
f 4674 2356 2457
f 4673 2355 3797
f 1292 943 2780
f 1248 2299 4459
f 1267 4718 1316
f 2006 4797 868
f 1257 4537 1353
f 4420 1030 3585
f 3092 2399 2360
f 4618 1267 1316
f 3511 2420 2326
f 2369 532 98
f 3585 4721 1237
f 4646 4694 2660
f 3941 1821 1621
f 540 932 4094
f 2848 4455 3038
f 1455 3347 2494
f 4071 1493 250
f 2635 834 2691
f 363 130 2634
f 862 942 1222
f 831 2787 2716
f 1484 2784 2658
f 536 2484 4776
f 1324 2284 4763
f 3376 2385 4764
f 1749 3422 2713
f 2045 4193 1330
f 4545 1331 2174
f 1476 2666 1258
f 1335 2789 2696
f 2368 3091 2398
f 2397 2366 3090
f 2405 3205 2636
f 2402 2281 2453
f 3961 4287 1082
f 2660 4694 1483
f 4550 866 927
f 2740 98 467
f 4688 2403 2747
f 1337 2783 1515
f 3186 2995 2784
f 1285 4646 2660
f 4675 157 2695
f 4041 3243 4045
f 3654 1341 4826
f 3981 877 2439
f 1342 4804 3653
f 2437 2412 4803
f 4811 1521 1350
f 1343 4016 1637
f 1343 3655 4796
f 3510 2417 2324
f 2416 2367 3509
f 4354 2424 1922
f 2423 1894 4361
f 3756 2426 2198
f 2425 2183 3755
f 1484 1348 2485
f 1278 2483 3001
f 2316 4743 1349
f 2317 1349 4621
f 1342 2412 2437
f 2396 1257 1353
f 4632 1240 1322
f 1322 2315 1233
f 4676 1319 2656
f 2697 1503 2790
f 4821 2283 2762
f 941 2779 2453
f 1195 2443 2553
f 1356 2442 939
f 4788 2447 1832
f 3578 938 2415
f 4305 29 3063
f 288 293 2783
f 1341 1362 1363
f 2439 4814 2601
f 1214 1538 3357
f 2740 1514 1317
f 2602 336 2643
f 2641 686 2599
f 4041 934 2597
f 2437 724 2640
f 1455 2525 2275
f 2746 2740 467
f 2454 2680 4782
f 1922 3805 2655
f 2602 1355 4825
f 3899 2002 750
f 2645 926 1914
f 2422 1920 4653
f 2460 2353 3793
f 2459 2349 3788
f 2462 1919 4654
f 2461 1915 4661
f 1555 3196 2685
f 2683 1371 2476
f 1372 2478 1796
f 2622 1467 1298
f 1022 957 2623
f 1572 1374 1568
f 2486 6 1377
f 1679 1568 3264
f 1794 2771 3855
f 688 2856 2488
f 1744 2657 1881
f 4389 4291 807
f 1022 2911 2619
f 1566 1465 1567
f 327 1746 2595
f 2498 191 2497
f 3550 4173 4402
f 1598 1462 2610
f 3597 534 2607
f 3224 2279 3939
f 2525 22 2275
f 893 2860 2507
f 2988 2603 956
f 1561 1457 1563
f 1601 2516 1398
f 1007 2588 3258
f 681 3109 2592
f 2974 1021 2589
f 1559 3257 2587
f 920 2527 2589
f 1696 1589 1401
f 740 698 2861
f 2587 1301 2986
f 1301 2584 1684
f 2530 2533 1451
f 2534 1450 2533
f 1010 1009 3255
f 2536 1407 1684
f 2580 2540 2951
f 2540 2573 2949
f 2578 1583 1447
f 4762 996 2585
f 2578 1446 1574
f 2715 129 1312
f 954 2545 2952
f 4476 3136 870
f 907 1011 1012
f 218 1381 1496
f 1012 1013 2569
f 2956 679 736
f 2869 2545 2546
f 2566 3241 1014
f 1417 1307 1586
f 1691 1690 1418
f 1434 1492 2158
f 1015 960 2548
f 2966 962 3247
f 1592 2550 1594
f 2679 2553 2552
f 2562 2934 2548
f 983 2761 2559
f 2560 492 509
f 3549 2551 2563
f 711 2547 677
f 2963 666 2547
f 856 1274 4224
f 2873 243 2570
f 3242 2567 910
f 676 709 2956
f 679 2956 2953
f 4274 1372 4166
f 2872 954 2952
f 675 3171 1545
f 3253 1574 1686
f 670 2870 2947
f 2538 2275 4183
f 704 668 674
f 2582 1020 902
f 2583 955 2918
f 4055 2958 1422
f 2985 2918 955
f 697 733 699
f 2521 2594 2877
f 680 2511 2882
f 2594 2598 2984
f 2679 2552 2625
f 2562 961 2934
f 2882 2515 680
f 2598 2603 2883
f 4470 3621 4244
f 2006 1645 2605
f 2004 1308 1747
f 2939 2511 2509
f 1460 2988 1006
f 2886 2509 2611
f 2859 2609 892
f 1599 288 2783
f 1005 3223 1006
f 2969 1941 1093
f 3219 892 1004
f 1464 1299 2615
f 2616 2619 2890
f 2930 2496 2493
f 2492 1383 2493
f 1629 4250 2671
f 2378 1493 3608
f 4499 2634 3987
f 4528 925 1000
f 2719 1483 2654
f 2456 1486 2404
f 2719 879 4665
f 3112 2753 4811
f 2710 2640 724
f 1461 327 4765
f 93 2731 2643
f 3031 2778 2728
f 408 2649 4815
f 1328 2682 1485
f 1484 2485 2653
f 2652 1376 1348
f 2660 2655 1285
f 2456 2637 2638
f 2682 926 2645
f 671 877 3981
f 2661 2408 3678
f 1596 1489 2688
f 2672 2892 2669
f 968 2978 2670
f 3211 2685 2980
f 1497 1491 1562
f 2684 886 1495
f 2656 1319 1486
f 2629 930 2631
f 1473 2632 2628
f 4643 4281 4238
f 2562 922 961
f 2627 1494 1697
f 1023 2678 1016
f 1485 2457 2659
f 1495 2978 2684
f 1491 2672 687
f 2473 1678 1562
f 2671 2981 2686
f 2981 250 2687
f 717 2894 719
f 2632 1473 1596
f 2716 2787 1500
f 2404 2637 2456
f 2777 1510 2362
f 2650 927 866
f 2703 320 113
f 2518 4017 4511
f 1522 2683 2689
f 4238 4281 625
f 2817 948 1217
f 1536 1510 2777
f 4447 2712 1535
f 1483 4652 2660
f 2642 2709 1504
f 2721 2018 4473
f 2720 2019 4475
f 936 934 1507
f 1512 2763 2648
f 1480 880 2601
f 2745 1217 2919
f 730 743 2808
f 1477 1793 2765
f 989 2764 2436
f 2734 2268 4040
f 2733 2265 4039
f 2743 1323 1515
f 835 2742 1515
f 3029 3487 354
f 3028 976 828
f 354 2026 3082
f 2843 2746 468
f 1039 3382 2748
f 2749 2447 4807
f 1343 2751 3655
f 2835 4591 1426
f 2753 1652 1612
f 2441 4806 2752
f 2814 3107 3122
f 2813 3088 729
f 4730 4790 4014
f 2709 1508 1504
f 936 1526 2732
f 2560 509 2990
f 4822 2779 1345
f 449 351 2809
f 2770 3819 1049
f 2518 1977 3980
f 1771 1593 1496
f 2774 3828 1930
f 3822 2773 4740
f 3830 1932 3823
f 3303 875 2994
f 2784 1484 3186
f 2781 843 1704
f 2798 1961 4637
f 3915 2797 2383
f 2766 1962 4639
f 3917 2799 2381
f 3528 1541 2800
f 2802 1960 4634
f 4651 4257 2854
f 351 353 2818
f 3987 362 3003
f 1636 3187 2706
f 1544 3024 2705
f 297 544 2850
f 2641 1527 2815
f 1673 760 2564
f 2745 650 2839
f 2820 2138 4578
f 2819 2137 4576
f 2822 2132 3723
f 2821 2141 4584
f 4771 1412 1442
f 2823 2139 4580
f 2825 2140 4582
f 2837 1824 1551
f 3333 2754 2836
f 1552 2151 3358
f 369 3058 2843
f 2364 2242 3292
f 3035 2846 4454
f 950 3000 2707
f 3080 2813 747
f 3118 2755 975
f 723 3024 3077
f 544 3081 2850
f 2473 1306 1370
f 2624 1373 1466
f 1463 1566 1680
f 1386 1565 1680
f 3522 1299 3940
f 1564 2504 1565
f 3539 4477 2510
f 3272 2590 662
f 1007 3229 2961
f 1685 1580 2539
f 1207 15 3529
f 3219 1384 2943
f 1693 1298 684
f 1767 1752 1352
f 3108 3695 4510
f 1681 2250 979
f 1687 1558 1587
f 990 3720 3220
f 3715 3682 2667
f 4644 2563 703
f 4425 3856 1545
f 246 2553 2443
f 2589 2959 3413
f 3911 2475 2889
f 2943 2614 1598
f 2595 191 2498
f 1737 1734 268
f 738 1600 2626
f 2911 1022 859
f 2624 3163 1373
f 1573 1694 1443
f 910 3249 1307
f 2924 2546 1015
f 1276 4075 1157
f 2940 2505 3414
f 2859 1389 2970
f 1006 3223 1460
f 906 2948 3253
f 922 1428 2596
f 1469 1697 1424
f 2610 1462 2940
f 2859 892 2887
f 2919 970 3220
f 2863 1447 2581
f 4071 738 2448
f 3237 904 1020
f 908 1012 916
f 3249 909 3251
f 3239 1013 908
f 912 1018 2926
f 712 708 1418
f 2887 892 2943
f 1005 891 3223
f 2296 1279 2097
f 3229 1007 2877
f 3212 1491 687
f 1818 2124 2586
f 1682 1601 1398
f 3356 2371 1395
f 1604 2711 3198
f 2994 1653 1605
f 2993 1533 1605
f 2885 246 2443
f 2996 206 3061
f 2841 2773 3822
f 650 3199 3103
f 2997 743 750
f 1709 1607 1676
f 34 33 3206
f 1622 1608 3189
f 4544 3204 2812
f 3003 362 226
f 154 3005 1725
f 1613 3068 3116
f 3015 1614 3278
f 4818 3117 1634
f 3017 1638 1615
f 1635 1615 3016
f 3026 4244 3267
f 729 723 3077
f 1608 1742 3189
f 2778 2449 2728
f 1532 3034 2791
f 2313 3626 3029
f 3707 1846 1055
f 1345 4810 1094
f 3056 410 67
f 1628 2842 2747
f 1703 1538 1652
f 843 3033 1704
f 4223 3037 1506
f 3039 1640 1623
f 3038 2119 4565
f 3041 2846 4453
f 4273 707 1771
f 1642 1625 3436
f 3042 2121 4569
f 3437 1626 3045
f 3044 2122 4571
f 3047 2171 4560
f 3046 2120 4567
f 297 2850 1505
f 3060 4402 4173
f 3061 59 3105
f 730 725 3102
f 4797 2006 768
f 2002 755 3104
f 1375 2343 3027
f 1606 3065 948
f 4686 3941 1621
f 1621 1821 3059
f 2790 1536 3070
f 3931 3018 4820
f 1535 3408 2789
f 1603 1708 2989
f 3190 993 3124
f 208 3083 3071
f 1303 751 1432
f 4766 3106 987
f 3097 3073 1672
f 1671 1650 2571
f 3096 1700 1645
f 3095 1707 1632
f 3014 1612 3353
f 1634 3117 3209
f 4484 3827 3295
f 4291 1083 4026
f 2990 508 3293
f 1079 3294 2761
f 928 2635 1675
f 2837 1638 3017
f 3981 1258 671
f 987 1096 4376
f 2401 1640 3039
f 3035 2400 2857
f 2398 1642 3043
f 3087 2397 1537
f 3086 2399 1643
f 1632 3074 3848
f 2605 3108 4510
f 1864 1650 681
f 4513 94 4733
f 2993 2783 1337
f 2577 1402 2520
f 3199 854 1019
f 4237 2320 2278
f 3105 58 3207
f 1405 921 3210
f 1633 3116 3208
f 1554 1617 3025
f 1653 2994 3482
f 1633 3304 3075
f 1634 3278 1614
f 3121 744 3200
f 3126 2905 3157
f 3127 2900 3160
f 3129 2899 3162
f 3131 2904 3164
f 3133 2906 3166
f 1807 1664 3170
f 1815 1664 3169
f 3775 1665 2150
f 1809 1666 3174
f 1817 1666 3173
f 1804 1667 3176
f 1814 1667 3175
f 1811 1668 3178
f 1808 1668 3177
f 3180 1803 1669
f 1816 1669 3179
f 1707 3095 2987
f 1810 1670 3182
f 1700 1670 3181
f 1813 1671 3680
f 1806 1672 3073
f 3185 1646 1672
f 2998 1607 3080
f 950 3187 2999
f 1024 3387 1618
f 471 3313 3058
f 1473 722 1489
f 2895 3193 1674
f 1497 2892 1491
f 4383 2981 4250
f 2897 2628 2632
f 2627 2674 1494
f 2564 2909 2967
f 2976 2926 1018
f 2892 1497 1489
f 2633 1698 1597
f 963 2898 2968
f 1737 268 4751
f 2852 3196 1555
f 1631 3316 344
f 2857 1641 3035
f 3226 3260 1577
f 1631 3198 1718
f 2556 1828 1535
f 3171 2901 993
f 1399 3258 3230
f 2533 3256 2973
f 2534 2973 2945
f 1440 3878 3946
f 2953 2956 1438
f 1424 1595 1689
f 3370 3000 1001
f 3206 33 3369
f 3207 123 3308
f 4553 1027 1037
f 788 3309 3104
f 1033 3327 2764
f 3278 1634 3315
f 2554 2866 3410
f 2964 1591 3246
f 1591 2964 2868
f 1586 1307 3249
f 1586 3249 3251
f 2948 2578 3253
f 1225 1120 3224
f 3215 1378 1679
f 870 3167 2865
f 1465 2930 1383
f 2930 1465 1463
f 2610 1557 1598
f 2932 445 46
f 3625 4467 1133
f 2727 1300 339
f 2939 1390 1459
f 1457 2882 1459
f 3261 2938 1682
f 2515 2882 1457
f 2881 1682 1398
f 1834 3653 1351
f 1402 3229 2520
f 2876 1683 2986
f 3383 1795 4767
f 2960 1401 1452
f 1422 2958 2523
f 1683 2876 2923
f 1451 2972 1452
f 3235 2986 1301
f 2972 1451 1450
f 2971 4588 1387
f 2539 2874 1450
f 903 2537 1407
f 1583 2578 2948
f 3411 1694 1413
f 3238 1686 3251
f 2954 2572 1587
f 708 2957 1587
f 4796 3655 4259
f 2864 3246 1428
f 2886 2611 3415
f 2887 1598 1557
f 1652 2753 3112
f 1719 3699 1035
f 1713 1688 3298
f 1381 1394 1392
f 1432 751 2908
f 2870 2542 1446
f 1445 907 1443
f 2947 1446 1447
f 3254 2536 2584
f 3256 2533 2530
f 3234 2584 1301
f 2530 1589 3231
f 3234 1301 2587
f 4758 280 1453
f 1560 2879 1399
f 1454 1559 2516
f 1268 2679 2448
f 3227 1601 2604
f 3225 2604 1310
f 2613 330 231
f 1566 924 1680
f 3218 2942 2614
f 2491 3218 2617
f 1567 2489 3216
f 684 1298 1467
f 2915 1374 3159
f 2982 1023 4691
f 1492 1434 2935
f 2895 1698 1469
f 738 2626 2448
f 2781 3277 3034
f 1650 1671 3455
f 1645 1700 4502
f 3269 3021 4066
f 4305 3357 1538
f 2223 3279 3280
f 713 1705 3306
f 2235 1706 3282
f 2226 1706 3281
f 1708 3329 2989
f 1422 1602 4055
f 3293 439 3651
f 1700 3096 3201
f 3304 1633 1711
f 2955 1170 2574
f 1533 3303 1605
f 1711 3208 3318
f 1035 3315 1719
f 3520 1712 3319
f 1735 1713 3320
f 3076 1615 1635
f 3308 352 3328
f 750 3307 2975
f 989 3306 3365
f 1793 2558 2765
f 3310 1761 1753
f 3311 1762 1716
f 1653 3321 3113
f 2758 845 3385
f 4521 1097 2375
f 3551 952 2842
f 3111 1635 1651
f 344 3070 1631
f 1617 3395 3188
f 1634 3209 1719
f 1828 1425 3408
f 3553 3852 1718
f 1765 3361 311
f 126 2785 1884
f 3820 3301 4299
f 3559 2149 1829
f 1038 3560 3299
f 3819 3302 3558
f 3328 24 3368
f 3335 4733 2380
f 1000 925 3495
f 1728 3337 17
f 1688 3305 3245
f 3342 1045 3402
f 3449 3004 4415
f 4790 4280 1764
f 1235 1729 3340
f 3059 1730 3341
f 2189 3346 3702
f 4379 1639 4378
f 3319 1712 1719
f 1320 3355 3192
f 662 1400 3272
f 3403 1759 1733
f 3340 1733 3339
f 1704 528 3277
f 2978 1498 1490
f 1499 2896 1600
f 1675 1728 3495
f 1957 3900 3033
f 1420 2867 915
f 2714 490 239
f 3364 1304 1738
f 4751 4014 1737
f 1766 1739 3360
f 3028 1516 2
f 3368 3 3483
f 1033 989 3365
f 1054 1132 3561
f 1375 1743 1468
f 2858 1385 2347
f 3940 1299 1464
f 4755 3375 4759
f 3379 4745 4746
f 1829 3560 2386
f 1748 1722 2485
f 3638 2332 1437
f 3371 2388 4768
f 1750 3374 2483
f 4796 4016 1343
f 2974 1400 2334
f 3358 1967 1552
f 3305 1688 1713
f 138 3396 302
f 131 3399 269
f 3395 3081 298
f 138 85 3388
f 2374 1272 269
f 3400 1757 1756
f 3389 1755 1763
f 1042 3398 3389
f 3390 1761 1754
f 1762 3391 1759
f 1043 3385 3390
f 3391 1041 3404
f 403 3392 70
f 399 3397 131
f 3398 1765 1755
f 3406 1756 1766
f 3406 1042 3400
f 3393 3407 67
f 3405 165 494
f 1044 3389 3384
f 2270 1028 3311
f 1760 3397 3341
f 3339 1733 1759
f 1758 3388 1802
f 1757 3386 3188
f 1766 3405 3100
f 1046 1030 3361
f 3385 1753 1761
f 845 4522 1753
f 3213 1678 1370
f 3062 2377 486
f 3264 2491 1679
f 2494 3636 1083
f 2614 2617 3218
f 1680 924 3262
f 2503 1388 1386
f 2931 1569 2907
f 2862 2907 760
f 2587 1683 1559
f 2536 3254 2581
f 718 2815 3064
f 3963 4109 4147
f 3584 1752 2570
f 1692 1441 3250
f 1120 1225 1769
f 1429 1690 1419
f 1424 3259 1469
f 4738 3913 2382
f 921 1405 1404
f 1392 1391 1771
f 4748 3332 726
f 2941 2890 1745
f 2674 2627 2633
f 4761 4621 3426
f 738 2190 1499
f 4773 2392 4752
f 4760 4756 3378
f 134 2298 1352
f 4775 4774 1774
f 1775 3432 2393
f 4769 2389 4749
f 818 2308 4231
f 3441 977 2300
f 4589 2302 4228
f 4601 2309 4234
f 4547 2288 4236
f 4587 2301 4226
f 3825 3559 3454
f 4079 3462 4348
f 1993 1784 3467
f 3995 3468 4349
f 3969 1994 1786
f 3687 1871 1736
f 1868 3984 3601
f 1787 3807 1823
f 1883 1789 3476
f 1881 1380 3244
f 975 3188 3386
f 3321 1653 1721
f 3483 60 3562
f 1066 3885 1905
f 3487 3029 2018
f 3707 976 3623
f 2771 1794 3302
f 1433 1128 807
f 1722 1796 3490
f 1796 3301 2792
f 2481 1797 3491
f 3824 1260 1797
f 3352 1711 1736
f 1712 3601 3699
f 1798 3501 2418
f 4698 3479 3500
f 2421 1799 3502
f 4706 1890 3417
f 3503 2417 1800
f 4000 3761 1800
f 3505 2416 1801
f 3504 2420 1801
f 3362 1802 3388
f 4240 4247 3367
f 3128 1803 3180
f 3143 1804 3162
f 3172 3136 4476
f 3071 1806 3521
f 3152 1806 3156
f 3145 1811 3161
f 4685 3140 2000
f 3167 3151 2865
f 3144 1814 3158
f 2708 4257 4677
f 4685 3155 3140
f 3142 1817 3159
f 3149 1818 3165
f 3532 2852 3916
f 3854 1936 4735
f 1833 1476 4296
f 4642 2329 3914
f 3535 74 3851
f 3538 2476 2807
f 1409 3525 4734
f 1872 1823 3689
f 95 3547 3698
f 1072 3696 3902
f 3865 227 3590
f 1888 3902 1836
f 3864 4193 3832
f 7 3844 3547
f 1887 1870 3844
f 3335 1824 2837
f 3334 1824 2838
f 1825 1837 3874
f 79 1901 3706
f 3838 1946 1827
f 3316 1718 3555
f 2699 1039 3551
f 4045 880 4041
f 528 1704 3900
f 3341 399 1621
f 4756 1032 4299
f 788 3936 3309
f 1099 4431 3885
f 3562 434 3776
f 1309 1770 1098
f 4094 2668 4250
f 4095 3761 4000
f 1895 3582 1841
f 1901 3813 1837
f 526 3627 3590
f 1076 3737 3696
f 3767 764 3628
f 3676 1865 4794
f 1854 3569 3647
f 3656 1358 4788
f 4792 1125 4641
f 4072 1332 4441
f 3665 1858 4791
f 3572 4016 4796
f 3690 1071 1067
f 3874 1837 3813
f 1939 3948 3690
f 3704 1877 1831
f 3711 1072 3866
f 3610 772 3697
f 1069 3832 3710
f 1027 1002 1741
f 2514 4477 852
f 1849 3631 1903
f 1886 1866 3692
f 1876 1842 3633
f 3615 1074 1224
f 4480 2251 4019
f 1087 1091 3809
f 4482 2252 4021
f 770 3735 3618
f 4483 3085 2724
f 3620 1075 3808
f 1216 2727 339
f 3889 4017 89
f 3879 201 1898
f 4479 2251 4018
f 2313 1293 1055
f 764 3610 3840
f 1941 1632 3848
f 1897 2510 4477
f 4504 3693 4026
f 3712 2192 1867
f 1849 3694 4034
f 4030 2025 4506
f 4028 2024 4505
f 1842 3611 2195
f 3707 1851 3635
f 4031 2025 4507
f 3205 2579 2636
f 1852 3640 1862
f 1078 3641 3639
f 124 3647 84
f 1864 3347 1650
f 4381 3114 4380
f 2664 2666 2243
f 1923 3667 3836
f 3783 1913 4658
f 4672 2355 3796
f 884 2351 3790
f 1854 3643 2665
f 1855 3645 2662
f 3781 1912 4657
f 3778 1910 4649
f 1852 1862 3671
f 4668 2352 3792
f 3644 1853 1863
f 1864 2191 3636
f 2661 1865 3676
f 2663 1865 3675
f 3700 1736 1871
f 2752 3014 991
f 2011 4309 3984
f 4502 1700 3181
f 3816 644 3716
f 3614 210 3738
f 3814 1838 1916
f 787 4056 3628
f 1108 3859 3737
f 361 3773 3627
f 3741 1902 1876
f 1850 3632 3845
f 1886 3815 1904
f 820 2310 4269
f 4592 2304 4262
f 2289 3732 4611
f 4598 2307 4268
f 4594 2305 4264
f 4523 1899 1880
f 4604 2311 4272
f 4596 2306 4266
f 3734 4548 2248
f 1877 3704 1926
f 2155 3322 1031
f 2215 1884 2785
f 3736 1534 1884
f 3818 770 3617
f 3263 1253 3104
f 3694 1849 1903
f 4522 845 1799
f 1416 2341 3672
f 3452 4640 15
f 3702 645 3938
f 1109 3871 3808
f 775 3817 3735
f 3738 570 3777
f 2430 1892 3999
f 4346 4025 3743
f 1439 4230 1663
f 3834 3468 4352
f 3836 3460 4353
f 3869 3456 4354
f 1919 3802 2434
f 1934 3849 2431
f 2065 3946 3878
f 3745 2425 1893
f 3744 2432 1893
f 3746 3457 4361
f 1896 3031 3006
f 3765 1945 1918
f 1359 2375 1890
f 3763 647 3875
f 2279 4467 4605
f 1054 3771 4195
f 4429 4641 2329
f 755 3556 4430
f 3935 1908 3776
f 3868 1117 1109
f 3871 1944 1927
f 1910 3803 2468
f 1921 3804 2460
f 1933 3850 2463
f 4653 1920 3870
f 4296 3570 3654
f 4654 1919 3835
f 4655 1911 3779
f 2459 1912 3781
f 2467 1912 3780
f 3783 2656 1913
f 2464 1913 3782
f 3668 4659 1914
f 1366 1914 3784
f 4660 1915 3786
f 4661 1915 3785
f 2466 3849 1934
f 1000 3338 4544
f 3806 96 4188
f 2811 4417 4428
f 3470 1735 1787
f 1906 3841 3711
f 4765 2607 707
f 3861 1091 3770
f 1848 3587 1972
f 1838 3703 1916
f 1087 3717 3770
f 3099 1436 4460
f 1886 3739 1866
f 1381 1392 1771
f 2479 1929 3825
f 3828 2477 1241
f 4284 4484 3295
f 2768 1991 1931
f 2478 4274 3829
f 1932 3894 2481
f 1874 3717 3615
f 3697 3740 1888
f 1852 3649 3329
f 2792 2767 1796
f 3563 1939 1831
f 2205 4325 3948
f 2259 4493 1938
f 1877 1926 3811
f 3764 1886 1904
f 3846 1850 1918
f 646 3712 3863
f 4356 3837 1924
f 2370 1385 923
f 1871 3687 4323
f 4309 2011 3847
f 3861 1100 1091
f 1822 220 3538
f 455 3798 74
f 3530 1371 2889
f 1147 4542 375
f 2776 1936 3853
f 1942 1887 3606
f 1330 1232 2045
f 1888 3740 830
f 1294 4616 3883
f 1037 1027 1791
f 3861 1909 1943
f 780 3872 3817
f 1092 3902 3858
f 1940 3878 3939
f 3817 775 780
f 1880 3733 4523
f 1272 3480 1899
f 3876 1943 1951
f 3888 1950 1902
f 1904 3766 1969
f 3685 1949 1867
f 4139 2279 3224
f 3876 1119 1100
f 1944 3871 3886
f 3351 1713 1735
f 1943 3876 3861
f 1870 3768 3587
f 3713 1842 1876
f 3893 1119 1121
f 3892 784 780
f 3872 780 784
f 1837 1825 3706
f 3878 1956 2065
f 1978 3872 1953
f 1964 3937 3903
f 1117 3868 3877
f 1958 4174 1965
f 1121 1124 3923
f 3898 1958 1950
f 3933 1998 1969
f 4276 1966 1949
f 3332 4748 4591
f 1124 1121 4282
f 1902 3760 1876
f 1955 1971 3929
f 1995 4342 3779
f 1996 3972 3463
f 2010 3934 1945
f 4107 3998 1965
f 179 331 3901
f 3991 2012 1998
f 3550 1966 4276
f 3831 204 3943
f 4059 1987 2035
f 652 3963 3884
f 1174 2741 3921
f 1887 1942 1064
f 1245 1439 3680
f 4059 783 784
f 1990 3886 3982
f 3957 1963 1953
f 4634 1960 3907
f 4635 1960 3906
f 2806 3908 3909
f 4636 1961 3910
f 4637 1961 1305
f 4638 1962 3912
f 4639 1962 1306
f 2801 3537 1822
f 2208 3686 805
f 3951 1964 1984
f 3928 1139 1130
f 790 3927 786
f 786 3891 790
f 3960 2056 1988
f 3930 1980 1955
f 1968 3927 2005
f 4328 1981 3996
f 397 4057 3773
f 2032 3973 1907
f 791 4023 3891
f 3931 984 3333
f 232 584 3954
f 3540 1787 1823
f 51 1973 3935
f 4429 3913 3528
f 2559 1132 4195
f 3929 1971 1985
f 3962 1984 1986
f 3982 1138 4501
f 3967 651 3880
f 1604 1631 3070
f 3563 4404 2205
f 2341 1434 2158
f 4605 4467 4747
f 4080 2049 1926
f 477 3979 584
f 3959 791 786
f 1134 3975 1171
f 3859 1108 1156
f 3896 1904 1969
f 1867 1949 1523
f 2012 3985 4422
f 4497 555 1999
f 4116 803 3945
f 1932 3830 167
f 3925 1969 1998
f 1523 1949 1966
f 1138 4058 4005
f 4501 2068 1997
f 1271 4159 1948
f 4273 1391 1461
f 2092 4123 1986
f 3956 654 4128
f 3289 3489 1767
f 3975 3993 2007
f 3979 477 4024
f 4076 791 3959
f 1153 4097 3997
f 4245 2130 1952
f 3945 783 4059
f 3847 2011 3688
f 1857 3646 1524
f 3903 3875 1964
f 2158 19 2873
f 3993 2010 2007
f 3988 1168 1136
f 1979 3944 4316
f 1062 3941 4686
f 1976 1989 3988
f 3503 1800 3761
f 1677 2796 2297
f 3897 2010 1945
f 4696 3575 3267
f 3866 1115 3883
f 3990 4117 2043
f 4161 3989 2005
f 3901 1950 1958
f 3272 1400 1695
f 4377 2 2015
f 4469 2015 4009
f 2016 4011 3007
f 2016 4010 3621
f 4471 2017 4013
f 4472 2017 4012
f 4473 2018 3626
f 3620 1845 2019
f 4475 2019 4015
f 797 791 4076
f 4024 390 4098
f 2735 4504 2023
f 2738 2024 4029
f 4028 1073 1226
f 2737 2025 4031
f 2739 2025 4030
f 2734 2026 354
f 4032 1154 1227
f 2733 2027 4034
f 2736 2027 4033
f 3970 1262 4486
f 3969 3009 3283
f 4025 3010 3284
f 3968 3013 3285
f 2029 4047 1279
f 4432 2347 1385
f 2274 832 4051
f 787 3974 4152
f 1991 3895 1931
f 3956 1986 4086
f 1890 3473 2270
f 3881 1902 1950
f 3952 1998 2012
f 1422 2523 3272
f 603 398 3887
f 3778 4204 2179
f 2014 3995 2220
f 2224 2051 4062
f 1996 4079 2228
f 4068 2221 2037
f 2295 2037 4067
f 55 3638 2335
f 2229 2038 4069
f 2039 4534 2319
f 1351 3653 4753
f 419 576 4106
f 4322 1150 4091
f 3698 3844 1870
f 2053 4394 4085
f 2041 4082 2047
f 1830 3772 1037
f 2050 4133 4631
f 2102 2262 4102
f 4124 1164 4162
f 801 4122 796
f 1163 4091 1150
f 2005 4061 2168
f 1984 4086 1986
f 420 3067 3110
f 4087 1239 4375
f 2168 4400 4161
f 2132 2043 4117
f 3536 1821 3941
f 4157 2160 2049
f 222 4113 4057
f 1156 4177 4145
f 4103 1159 1158
f 4098 253 4158
f 1182 4310 4097
f 2051 1891 4062
f 2021 4077 3958
f 1156 4175 4153
f 2047 4082 4087
f 2066 4122 2187
f 2054 4118 2197
f 4395 2167 2053
f 4112 3291 3650
f 4162 1296 4627
f 2057 4141 837
f 4114 1165 1186
f 2007 3992 2003
f 4101 799 802
f 4316 1168 1173
f 4422 2078 2012
f 4154 803 4116
f 803 4144 998
f 4391 1179 4170
f 4172 2079 2083
f 4420 1884 2215
f 4689 4119 2155
f 3889 2250 4017
f 657 4147 4109
f 1172 4005 4180
f 4317 2003 2073
f 657 655 4120
f 2080 4503 1952
f 4140 2073 2071
f 2092 4335 4123
f 1172 1184 4126
f 1175 4138 1173
f 4144 806 808
f 4169 2072 2094
f 4438 2091 2078
f 4137 1184 4180
f 808 4168 4144
f 1241 1930 3828
f 1200 4164 1184
f 4771 2298 1412
f 4391 2081 2101
f 4398 2089 2161
f 2088 4497 2125
f 2061 1553 1641
f 2070 4240 4132
f 3955 2012 2078
f 1183 4123 4335
f 4171 2071 2073
f 4105 2056 2076
f 4121 2064 4127
f 1107 2202 1972
f 4135 2073 2003
f 4166 3493 754
f 807 3922 3274
f 2056 4105 4115
f 3988 1989 4121
f 1967 4373 2135
f 4128 656 4307
f 3961 1113 4173
f 603 4242 4181
f 2760 1111 2165
f 1946 4500 2217
f 797 4076 2112
f 4158 5 4374
f 2168 4061 4329
f 4177 1236 4176
f 4399 453 580
f 1160 4463 2164
f 2098 4192 2245
f 2793 1222 947
f 2174 4437 2153
f 3300 3326 3826
f 4001 1926 2049
f 1964 3924 1984
f 4185 2100 2176
f 3841 1906 2033
f 4314 837 819
f 1176 4172 4129
f 4277 2127 2106
f 2047 3110 4006
f 1070 3874 3813
f 1189 4192 4202
f 1416 3672 3489
f 4200 2175 2143
f 2070 2065 4147
f 4185 1218 1191
f 2087 4207 4077
f 810 4167 813
f 4179 2109 2098
f 3778 82 4204
f 4168 2161 2089
f 1192 1191 4241
f 4190 115 4189
f 2034 3842 4293
f 4188 148 4555
f 2109 4179 658
f 2256 2170 1208
f 4552 1282 4498
f 4196 2123 4345
f 4463 2816 2164
f 836 865 3936
f 51 604 2105
f 4194 814 4203
f 1190 3204 4544
f 3701 1823 1872
f 4140 2071 4130
f 4204 82 53
f 2145 4184 4134
f 4386 2275 22
f 1200 4398 4277
f 2123 4209 4345
f 2160 4292 2049
f 2110 4298 4210
f 3433 2157 4447
f 3442 1776 2115
f 4332 2237 2115
f 4560 2171 4372
f 3448 2116 4312
f 4334 2156 2116
f 3437 2117 4215
f 4562 2117 4214
f 4564 2119 4217
f 4565 2119 4216
f 4566 2120 4219
f 4567 2120 4218
f 4568 2121 4220
f 4570 2122 4222
f 4571 2122 4221
f 4246 817 816
f 4196 1198 4294
f 2057 2128 4617
f 4294 1198 1210
f 1944 3880 3816
f 4401 4403 4311
f 707 188 1593
f 2203 4290 2129
f 335 4288 4275
f 816 4197 4246
f 2010 4110 2007
f 3723 2132 4330
f 4400 2168 2133
f 3733 2135 4373
f 4092 1967 2135
f 3904 3961 4173
f 4574 2136 4249
f 4575 2137 4252
f 4576 2137 4251
f 4577 2138 4254
f 4578 2138 4253
f 4579 2139 4256
f 4580 2139 4255
f 4581 2140 4258
f 4582 2140 1286
f 4583 2141 4260
f 4584 2141 1283
f 4288 335 180
f 2148 2104 625
f 4294 2144 2123
f 1210 1198 4243
f 4303 4286 2147
f 4294 1210 1209
f 4520 2062 2111
f 2148 4281 4146
f 2320 4237 2113
f 2810 2145 4304
f 4533 2162 4336
f 1334 2154 4103
f 4203 2106 2127
f 821 817 4246
f 1221 4536 4310
f 827 4426 4023
f 4131 2101 2081
f 4295 1179 1192
f 4307 656 660
f 2203 4438 4290
f 4315 2320 2113
f 2152 4240 2070
f 552 162 4331
f 1229 4394 4289
f 2166 4338 2085
f 4246 2131 2147
f 2124 1818 3149
f 2100 4185 4391
f 3825 2149 3559
f 3821 2149 3326
f 815 724 4812
f 809 4125 4279
f 2247 3680 2571
f 1946 3860 1827
f 4155 412 2651
f 4278 2104 2148
f 2144 4307 2123
f 3545 2155 4119
f 4210 1193 4239
f 4278 2148 2090
f 1186 4321 4439
f 4171 809 4308
f 2150 1665 3681
f 4279 2203 2129
f 2110 4275 2142
f 781 768 2075
f 4248 2043 2132
f 4397 2197 2166
f 1215 4289 2160
f 2048 4327 2196
f 946 3033 843
f 2163 4646 1251
f 4681 4325 2205
f 2299 2259 4559
f 4406 3066 2165
f 2085 4293 2166
f 4298 2110 2142
f 2131 2186 4392
f 4172 1178 4283
f 4093 1981 2134
f 1200 4202 4164
f 2237 4446 4313
f 1747 2506 2004
f 2066 4103 2154
f 4337 796 4122
f 1218 4371 4200
f 4342 4341 510
f 2128 2107 4176
f 4201 2125 2606
f 2219 1187 4645
f 2093 2147 4286
f 4363 3464 3748
f 4365 2433 2181
f 4364 2428 2181
f 4367 2423 2182
f 4366 2427 2182
f 4368 3459 3755
f 4433 3458 3756
f 4418 3467 3757
f 2214 4491 2429
f 2199 4808 2424
f 2156 4334 2210
f 4457 2171 2261
f 4374 144 4489
f 801 829 3833
f 3901 1958 1965
f 2814 2188 3007
f 2189 1873 4008
f 4378 4478 4379
f 4383 2668 2190
f 3636 3347 1864
f 4384 1360 1207
f 1516 3028 4029
f 4512 2193 4385
f 4513 3335 213
f 4390 4388 3030
f 4088 2042 2114
f 2196 4327 4393
f 4394 2053 2167
f 2168 4329 2133
f 2174 1331 4437
f 2032 2206 2211
f 1908 3920 3772
f 2211 4198 2032
f 2794 1232 1275
f 2794 4719 779
f 4531 1114 4407
f 1330 1114 2277
f 16 217 2788
f 2787 2713 2315
f 4621 2209 2317
f 2107 2095 4177
f 4156 1805 1665
f 4447 2157 2712
f 2236 2210 4435
f 4291 3922 807
f 1942 3864 1064
f 2171 4333 2261
f 4784 4211 1235
f 2197 4397 4090
f 2187 4393 4089
f 2893 2340 2347
f 1907 3628 4056
f 2278 659 4237
f 1266 1317 4536
f 827 4413 4688
f 2216 4421 9
f 2787 1322 1500
f 4742 834 928
f 2255 2667 3571
f 1143 3994 2218
f 2219 4054 4046
f 3271 2220 4527
f 4067 2221 4727
f 1157 1281 1276
f 793 3999 2222
f 880 1480 934
f 3268 2225 2172
f 2288 4547 4546
f 2031 4614 4051
f 2241 4466 3287
f 2235 2249 4043
f 3270 2234 4442
f 2037 2295 4609
f 4073 2040 4611
f 4441 1283 4072
f 4044 2226 3288
f 1142 4078 2227
f 4042 2227 3285
f 1701 2228 1144
f 3273 2228 4063
f 3276 2229 4065
f 3002 2230 2284
f 604 4538 2231
f 2321 1228 2371
f 2232 2323 4627
f 837 802 4554
f 40 4462 2102
f 4572 2950 3856
f 4537 2261 2357
f 4054 2219 4645
f 2246 1421 3409
f 4530 2327 2254
f 4646 2163 2240
f 4339 2244 2036
f 4525 822 4337
f 2199 4434 2324
f 4101 2050 2169
f 4611 2040 4612
f 1681 979 4461
f 431 4549 4444
f 3040 2242 4452
f 3292 4451 2061
f 1543 2811 4428
f 2571 1650 3347
f 4002 77 3330
f 2256 1331 2286
f 1222 2793 2184
f 2322 4624 4541
f 1264 4541 1259
f 2205 4404 2372
f 2185 4414 4207
f 4410 2156 2210
f 4612 2289 4611
f 2725 2250 748
f 2726 2251 4480
f 2722 2251 4479
f 2720 2252 4482
f 2723 2252 4481
f 4766 3265 4320
f 4382 3085 4483
f 2721 2253 208
f 3083 2253 4485
f 1279 2296 2029
f 69 532 2258
f 375 3854 1147
f 4405 1946 2217
f 2260 4072 2040
f 1332 4072 2260
f 4073 839 4727
f 4167 2088 2125
f 4553 1037 2796
f 1019 4143 4553
f 1158 4082 2173
f 4493 1181 1938
f 2068 4120 1997
f 2145 4134 2644
f 4530 2254 2169
f 749 3096 2263
f 4797 2263 868
f 4036 2264 4515
f 4037 2264 4514
f 4038 2265 4517
f 4039 2265 4516
f 3631 2267 4518
f 3097 2268 13
f 4040 2268 4519
f 1002 1027 4143
f 1280 4556 4434
f 38 622 4630
f 4533 846 4550
f 2248 4548 2234
f 2237 4494 2363
f 4496 2312 2236
f 4533 2271 2162
f 393 2442 4753
f 357 4458 2244
f 4647 2327 4728
f 4531 223 4539
f 2757 836 2395
f 4529 2169 2254
f 233 2280 4821
f 838 4101 2169
f 835 3001 872
f 3001 1515 1323
f 2218 4371 1143
f 2272 4343 4050
f 2286 4545 4443
f 1319 4624 4619
f 4728 2327 4676
f 2244 4524 2239
f 2514 852 662
f 2319 4498 4070
f 4081 1910 2179
f 1273 1328 4615
f 2105 1099 3920
f 1393 727 2841
f 4445 2210 2236
f 2070 4147 2152
f 2244 4458 2036
f 1972 2084 4151
f 1180 2768 1931
f 1280 4491 4626
f 2069 4402 4300
f 621 1425 1828
f 4683 4450 2217
f 2748 1339 4412
f 867 2257 4426
f 3037 2300 977
f 3049 2300 4585
f 3046 2301 4587
f 3055 2301 4586
f 3044 2302 4589
f 1197 3052 2302
f 3051 2303 4590
f 2821 2304 4592
f 1202 2828 2304
f 2823 2305 4594
f 2831 2305 4593
f 2825 2306 4596
f 2833 2306 4595
f 2820 2307 4598
f 1204 2830 2307
f 3048 2308 4599
f 818 3047 2308
f 3039 2309 4601
f 3053 2309 4600
f 2827 2310 4602
f 820 2824 2310
f 2819 2311 4604
f 2832 2311 4603
f 2249 4549 3043
f 2294 4610 3050
f 3045 2290 4613
f 2288 4443 3054
f 2834 3734 2248
f 2295 4465 2826
f 2289 4612 2829
f 396 2822 2287
f 2258 4551 4414
f 1338 2283 4616
f 4787 2680 4719
f 10 2282 4539
f 4619 4624 2322
f 4496 2396 2312
f 2380 1727 3335
f 2817 694 2597
f 846 4525 2314
f 4431 2231 2700
f 4685 1812 1656
f 1250 4198 2211
f 4440 274 127
f 4322 2271 2325
f 1349 1234 2316
f 2209 4742 2317
f 1234 1349 2317
f 2336 2730 4629
f 2059 4108 2163
f 1826 3691 1938
f 4646 2240 4694
f 2057 4617 4133
f 1296 1164 4408
f 2040 4073 833
f 4490 635 320
f 4724 2695 2328
f 858 2795 2373
f 4681 2372 2693
f 2805 2329 4641
f 3244 1571 1693
f 1170 55 1585
f 1590 2332 3638
f 3600 2497 191
f 1299 3599 2615
f 2715 1216 339
f 3350 4526 1579
f 2520 1396 1517
f 4526 1882 1575
f 2336 2855 2730
f 2775 3265 992
f 728 2780 1629
f 2797 2338 953
f 2803 2852 1555
f 2339 687 2799
f 2804 2851 1370
f 1194 2802 1620
f 2807 2476 1371
f 1744 3602 3496
f 691 2942 3218
f 3415 1565 2504
f 3417 1097 2419
f 129 1768 3589
f 2951 1408 1578
f 1448 2579 1302
f 2639 4474 713
f 1423 3199 3323
f 3410 1595 2554
f 4690 2278 2320
f 2563 4644 2675
f 2531 1578 1387
f 2505 693 3414
f 2585 3133 1818
f 901 917 2875
f 3254 3234 715
f 1300 3591 521
f 1575 1882 2344
f 1578 2636 1387
f 4786 1623 1640
f 2345 2937 899
f 868 3096 1645
f 2885 1590 4460
f 2451 1609 1098
f 963 930 2898
f 2941 1745 1746
f 2591 1770 3592
f 2522 1397 1560
f 3514 2590 2523
f 1309 188 3595
f 1098 1609 1496
f 1582 1406 3210
f 702 2863 3254
f 1684 1407 3255
f 1769 4132 3367
f 864 2937 2348
f 1252 4102 2262
f 2080 789 2153
f 663 4179 2098
f 2080 2153 4437
f 2170 45 2810
f 4608 2404 4619
f 3787 2349 4663
f 3788 2349 4662
f 3789 2350 4665
f 2719 2350 4664
f 2471 2351 2650
f 2466 2351 4666
f 2461 2352 4668
f 2469 2352 4667
f 3793 2353 4670
f 3794 2353 4669
f 3795 2354 545
f 2456 2354 4671
f 2465 2355 4673
f 2462 2355 4672
f 2356 118 2457
f 2470 2356 4674
f 2363 874 4446
f 2292 2786 427
f 2394 2239 4615
f 2299 2359 4682
f 1267 4433 4718
f 4689 163 312
f 4608 4619 2322
f 4537 2357 2362
f 2363 4494 2696
f 4452 2364 4710
f 4713 3473 3506
f 4716 3472 3509
f 1316 2701 2368
f 4680 2703 3092
f 4556 3471 3510
f 4630 3476 3511
f 1232 1330 2277
f 2032 4056 2206
f 1110 3894 158
f 4558 4679 2384
f 2320 1281 4690
f 4625 2213 2368
f 4182 2376 4408
f 3090 4702 1537
f 1214 1036 4323
f 1821 3798 3059
f 4326 2760 2165
f 2256 4546 501
f 3211 2980 3197
f 4691 2626 1600
f 152 3557 2689
f 720 719 3355
f 932 869 3194
f 2436 3576 878
f 432 433 3645
f 3917 2381 4737
f 3857 2383 860
f 3915 2383 4739
f 1281 2320 4315
f 4695 2576 907
f 1698 2895 1674
f 1323 1278 3001
f 1396 1394 218
f 1376 3420 2485
f 3428 2484 850
f 3423 2483 1278
f 4763 2284 4543
f 873 3426 4764
f 4745 3418 4746
f 3427 2386 3560
f 3419 2386 3377
f 4747 1223 4605
f 4685 1656 606
f 3375 4743 4759
f 1327 3422 4768
f 3378 4744 4760
f 3373 2389 4769
f 3423 1324 2389
f 3371 2390 3430
f 3379 2390 4770
f 2391 4772 3558
f 3376 2391 1325
f 1695 3413 1588
f 3374 2392 4773
f 4754 4774 4775
f 4757 2316 4620
f 2698 3681 1274
f 1327 3381 1295
f 2169 4631 4530
f 2174 813 2274
f 1427 2395 4779
f 3032 1619 3407
f 1510 1503 2362
f 1496 1609 218
f 4607 2236 2312
f 2756 4715 2397
f 4625 2368 2398
f 4701 2398 3091
f 4718 2399 3086
f 3092 1505 4703
f 4714 2400 4780
f 4700 2400 3089
f 4781 3919 2962
f 4699 2401 3088
f 2164 39 2058
f 3066 4436 2165
f 2681 4783 1277
f 3810 10 4423
f 1508 2709 2839
f 2211 2206 2232
f 4728 4676 3783
f 2681 3810 2455
f 1311 2452 2560
f 2327 4647 2254
f 2245 2285 2223
f 2274 4051 1255
f 2286 2288 4546
f 1967 3932 1552
f 952 2748 2257
f 3303 1533 2742
f 4724 1502 3005
f 1332 2260 2200
f 257 2377 276
f 486 4305 3062
f 2694 972 2384
f 2695 108 4675
f 881 2446 2407
f 2664 2407 4795
f 3677 2408 4798
f 1081 3566 3678
f 2662 2409 4800
f 877 671 2663
f 2444 2411 4824
f 2440 943 1292
f 2446 2415 4805
f 4717 2416 3505
f 4628 2417 3503
f 4707 2417 3510
f 4704 2418 3506
f 4706 2419 3508
f 4626 2420 3504
f 4709 2420 3511
f 4705 2421 3507
f 2357 4692 2362
f 8 224 155
f 1288 2728 1525
f 1896 4810 941
f 3747 2423 4367
f 3805 2424 4808
f 3759 2424 4354
f 4369 2425 3745
f 2426 4809 2198
f 4357 2426 3756
f 3850 2427 4366
f 3753 2427 4353
f 4062 2428 4364
f 3751 2428 4350
f 3758 2429 4360
f 4351 2430 3748
f 4356 2431 3754
f 4427 2432 3744
f 4359 2432 3757
f 3804 2433 4365
f 3750 2433 4352
f 4355 2434 3749
f 4151 1848 1972
f 2655 3805 629
f 661 2273 2296
f 976 3707 3635
f 2437 4812 724
f 1363 2599 2438
f 2744 2 1516
f 2637 2404 4608
f 2440 3828 943
f 2696 945 937
f 2777 1604 1536
f 2449 4823 1525
f 233 4821 65
f 929 2979 3213
f 4806 1350 1521
f 1520 2194 1356
f 881 3578 2446
f 1358 1519 4807
f 2414 4206 726
f 2448 1493 4071
f 4499 1500 1240
f 2778 882 876
f 941 882 2778
f 2020 196 2312
f 4318 2410 3981
f 2944 1387 2636
f 2449 2778 2454
f 866 2435 2650
f 2471 2650 2435
f 1534 126 1884
f 944 2784 969
f 4449 2450 2409
f 2450 4825 4800
f 880 2439 2601
f 3112 1703 1652
f 1764 4280 2676
f 1354 1342 2640
f 4324 798 2781
f 2782 462 4723
f 4813 4318 4045
f 2654 4694 4623
f 4789 2333 2531
f 1427 2757 2395
f 2757 865 836
f 2452 2700 4648
f 2560 1427 1311
f 2625 384 3608
f 941 2453 882
f 4822 1338 1291
f 4782 1364 4823
f 2454 2778 876
f 2455 3810 36
f 2455 2763 1364
f 2410 4813 1341
f 4803 685 4812
f 2458 4572 4381
f 1442 3289 4771
f 2070 4132 3946
f 2456 3658 1365
f 4812 686 815
f 4449 173 4817
f 2298 4771 1352
f 879 883 4665
f 926 884 3668
f 3788 1367 4656
f 3781 1080 4663
f 3804 776 4669
f 3793 1367 4650
f 4661 1368 3791
f 4668 1078 3786
f 4672 777 3802
f 4654 1368 3797
f 3850 1105 4664
f 3789 1859 1923
f 3782 1313 4670
f 3794 1859 4658
f 4673 1314 3784
f 4659 1860 3796
f 4666 1104 3849
f 1924 1860 3790
f 3780 1313 4671
f 3795 1861 4657
f 3803 1101 4662
f 3787 1862 4649
f 4667 1102 3801
f 4655 1863 3792
f 4674 1314 3785
f 3674 2470 4660
f 686 685 4824
f 967 953 885
f 3211 3197 885
f 672 687 741
f 720 3196 2472
f 1370 1678 2473
f 2474 861 886
f 1370 2851 2474
f 2889 1371 2683
f 2476 127 3593
f 3829 125 3490
f 756 758 3325
f 3822 1531 3494
f 3894 1110 3824
f 2622 3485 202
f 1373 3132 2623
f 732 688 2482
f 2177 908 2344
f 1375 2620 2912
f 2483 872 3001
f 1377 2490 2486
f 193 192 2486
f 2492 2488 2856
f 689 2482 2488
f 2912 2487 1003
f 4741 4642 947
f 673 745 4027
f 1379 2489 1567
f 2911 1380 1382
f 2619 2616 889
f 731 2493 734
f 1383 2930 2493
f 3219 2495 2888
f 2893 1414 3027
f 2929 2495 1004
f 691 734 2496
f 1566 1463 1465
f 2616 2499 890
f 2612 2498 2497
f 2497 3600 513
f 1005 2503 3262
f 1005 2499 891
f 921 1404 2577
f 684 1881 3244
f 2858 923 1385
f 2612 2497 87
f 3262 2499 1005
f 1462 2500 2501
f 2501 739 2611
f 1557 2859 2887
f 2612 87 3597
f 6 1772 3222
f 2184 862 1222
f 1565 1386 1388
f 2667 2255 4206
f 2342 923 2860
f 2004 2510 1897
f 893 2507 864
f 2939 2509 2886
f 693 2505 2509
f 894 895 3226
f 895 894 956
f 1390 1564 1577
f 1467 2621 684
f 1431 246 2885
f 864 2884 2512
f 2603 2598 896
f 1577 1563 1459
f 735 2511 680
f 2511 2939 2882
f 2937 2512 863
f 2881 2517 863
f 2514 511 1897
f 2598 2594 897
f 2594 2521 898
f 2984 1396 2877
f 1561 1560 1397
f 669 2515 733
f 1397 698 2515
f 899 2517 1021
f 1398 920 2517
f 280 2591 2519
f 2519 3592 279
f 2521 3258 1399
f 1560 1399 1696
f 2600 1797 1260
f 2523 3515 68
f 2876 2527 920
f 2524 458 274
f 2960 737 740
f 1401 2522 1696
f 1602 1588 3233
f 2959 2527 1008
f 2530 1452 1401
f 2588 955 919
f 1009 2921 1008
f 3234 700 701
f 1452 2972 2529
f 2529 678 701
f 1009 1010 901
f 678 702 715
f 4276 3904 3550
f 1433 3356 1128
f 900 2583 902
f 4199 965 851
f 2582 1406 3237
f 702 678 2535
f 2535 2972 1450
f 2595 1746 4488
f 2580 2951 917
f 2537 3255 1407
f 1583 2581 1447
f 2948 903 1449
f 2538 2571 3347
f 4572 3114 4381
f 1685 2945 3236
f 1411 3589 122
f 903 906 2540
f 1593 1771 707
f 2871 2490 1377
f 668 704 670
f 2863 668 2947
f 1445 1580 1685
f 3236 2576 4695
f 197 2575 198
f 198 122 197
f 905 1011 2576
f 1695 1588 1602
f 2814 3122 606
f 3253 3238 906
f 673 3109 1581
f 2949 2872 4802
f 2573 2540 906
f 1413 1694 1573
f 907 1441 1443
f 706 670 2541
f 1413 714 2541
f 2872 2573 2543
f 2928 2490 2871
f 4802 1442 1412
f 2544 595 3586
f 959 1393 4767
f 1011 916 1012
f 1441 907 3252
f 3542 3674 1856
f 2955 3541 235
f 1441 3252 3250
f 1012 908 1013
f 1441 1692 2572
f 1584 2542 1438
f 909 2545 954
f 3544 466 3583
f 1692 3250 3241
f 709 1417 2956
f 910 1307 2868
f 1586 1438 1417
f 909 910 2567
f 911 1419 1691
f 709 676 666
f 1418 3410 712
f 2963 1435 709
f 1430 1591 1435
f 666 712 710
f 1419 2566 3248
f 3583 136 3546
f 244 3548 1431
f 1429 1689 1690
f 1430 2963 2547
f 666 710 677
f 1430 1592 1591
f 1420 2965 2867
f 3410 1689 1595
f 1424 1429 914
f 2866 2549 710
f 2553 246 2552
f 2552 3548 137
f 2975 3366 3899
f 2555 2549 716
f 2596 2897 922
f 1793 3561 1524
f 2279 1133 4467
f 492 2560 2452
f 1428 1594 1576
f 21 376 3549
f 2642 1504 1362
f 1429 3247 914
f 881 2664 2243
f 2964 2864 960
f 4605 1940 3939
f 1437 2332 2926
f 1587 1558 708
f 708 676 736
f 2924 1416 2869
f 2955 2568 1170
f 679 714 736
f 2869 1415 2952
f 1573 2954 1413
f 2542 1686 1574
f 1575 2344 916
f 2575 20 3541
f 704 705 670
f 2865 3151 3455
f 1410 1350 2441
f 2948 1449 1583
f 3518 632 3516
f 2532 587 621
f 2922 3516 121
f 900 3256 3231
f 2985 1404 2918
f 1402 1404 2985
f 919 3231 3230
f 1453 2519 104
f 3230 1696 1399
f 698 1397 2522
f 4084 2565 1492
f 2593 3514 407
f 931 1471 915
f 406 103 3513
f 897 2879 3260
f 1394 2984 2883
f 2441 2436 1410
f 718 724 815
f 2640 1478 1354
f 2988 1392 2883
f 1464 1992 4432
f 3513 54 3512
f 3512 92 3497
f 1460 1391 2988
f 1599 2993 161
f 3262 1386 1680
f 1565 3415 1463
f 2943 892 3219
f 2615 3599 119
f 890 924 3217
f 15 1207 3452
f 2615 483 2928
f 2928 88 2490
f 889 3217 3216
f 3556 755 3899
f 2857 2400 4700
f 2913 3138 1571
f 2624 3214 3148
f 1568 1378 2916
f 1375 1468 2917
f 2628 1576 1470
f 1471 931 2983
f 4643 3356 1433
f 2632 2898 2897
f 682 717 683
f 1473 2673 722
f 4010 2016 2188
f 2346 3344 3625
f 813 4201 832
f 2274 4545 2174
f 2314 866 846
f 2238 1334 1329
f 130 3987 2634
f 1000 2812 4528
f 4824 2438 686
f 1486 1365 2656
f 2637 4608 602
f 118 2356 556
f 1366 2457 1485
f 545 2638 602
f 3783 883 4728
f 4474 1546 713
f 2641 718 686
f 2727 1216 1177
f 2643 336 93
f 2644 4134 3879
f 2644 1145 2145
f 2646 1869 4035
f 2062 4520 3966
f 2647 525 2380
f 356 357 4495
f 154 1725 1288
f 941 3031 1896
f 4815 1481 408
f 2394 4615 1328
f 1361 1333 4653
f 159 1825 2651
f 3874 1065 2651
f 2708 3138 1815
f 4224 1274 4230
f 928 834 2635
f 4742 928 925
f 741 2472 672
f 4762 2586 2618
f 532 2369 2258
f 2177 1585 2335
f 2354 2456 2638
f 835 871 2742
f 2361 4550 927
f 400 4151 2084
f 4411 2233 2202
f 3678 1487 4793
f 3676 1068 4798
f 3645 433 4799
f 1340 4801 3675
f 4794 2663 671
f 3519 3572 4796
f 1081 2665 3643
f 3677 1832 1854
f 685 4803 3665
f 1858 2412 1834
f 3682 1835 4791
f 4250 2981 2671
f 2891 2980 1488
f 869 2891 999
f 719 3192 3355
f 722 2669 2892
f 719 720 2669
f 4094 1369 540
f 2980 2891 3197
f 2977 967 869
f 2976 2566 1014
f 3139 1059 2901
f 2673 1473 1470
f 4146 2090 2148
f 915 2934 931
f 721 2673 1470
f 2677 716 1494
f 2677 682 721
f 882 2281 4540
f 2402 1291 1294
f 2946 4526 3350
f 2680 2454 855
f 3212 2473 1562
f 2671 2686 3364
f 2687 249 2686
f 968 963 929
f 999 3193 4725
f 3192 2894 2633
f 4726 2631 2670
f 3557 139 4687
f 1244 4421 4423
f 857 2691 834
f 2371 3356 4643
f 2240 4623 4694
f 2693 408 1501
f 2693 4492 156
f 1318 1501 1094
f 2795 1725 1502
f 1328 1485 2659
f 927 926 2361
f 2659 118 4778
f 2699 4302 364
f 2394 2659 4778
f 2700 2231 4538
f 2645 1485 2682
f 2716 857 831
f 2406 427 2422
f 1333 1361 1329
f 2406 1329 1334
f 2701 1316 3086
f 2701 1336 3091
f 2702 986 2849
f 2702 1336 3090
f 1505 3092 2703
f 1170 1585 1882
f 1505 2704 4703
f 949 2755 3089
f 3024 723 2847
f 4511 4470 4244
f 1582 1312 3350
f 3187 935 2848
f 1522 268 3911
f 2707 3000 1506
f 3189 91 3036
f 1480 1507 934
f 1983 4146 1479
f 2967 1570 3221
f 3064 725 718
f 2641 1508 1527
f 878 2639 2840
f 617 2293 629
f 118 2659 2457
f 2638 2637 602
f 2656 3783 4676
f 926 927 884
f 4511 4244 3026
f 867 4688 2747
f 936 2732 2817
f 2599 1363 1504
f 834 2209 857
f 1747 1308 2608
f 1234 2717 4528
f 2422 427 608
f 4475 1511 4020
f 4482 1075 3620
f 4473 1511 4022
f 4479 976 4377
f 4469 1843 4019
f 4481 1151 4013
f 4472 1844 4021
f 3085 1265 4015
f 4017 2725 4470
f 4480 766 4012
f 4471 1846 4018
f 2808 2997 1546
f 936 2597 934
f 1355 2602 1458
f 1288 1525 1512
f 154 1512 2648
f 2151 239 548
f 2729 230 529
f 4523 271 582
f 2660 4652 1922
f 4424 396 2730
f 1458 2643 71
f 2731 93 449
f 4146 1983 2090
f 2727 1453 1300
f 1509 3333 2836
f 4816 3112 2765
f 1528 641 135
f 4039 1513 4509
f 4034 1077 4517
f 13 2734 354
f 4040 1513 4508
f 4504 2735 4035
f 1270 2267 4033
f 4031 1154 4516
f 4038 1866 4506
f 4029 828 4514
f 4036 1850 4505
f 4030 765 4515
f 4037 1851 4507
f 2403 1514 1518
f 2111 4205 185
f 4520 2111 2178
f 2816 457 39
f 3082 1227 2313
f 354 3487 57
f 1517 1396 218
f 467 468 2746
f 2257 867 952
f 3932 1339 1552
f 4807 1519 2838
f 2749 84 3569
f 2750 938 2836
f 2750 1519 4805
f 1509 938 3577
f 1520 1613 2835
f 939 973 3068
f 1612 3014 4806
f 2752 939 3576
f 4563 4287 3317
f 2753 1521 4811
f 3416 984 4819
f 2836 2754 1551
f 1622 1506 1608
f 950 2707 935
f 4699 3080 1636
f 729 4711 723
f 1579 4526 1575
f 1544 4700 2755
f 113 297 2703
f 1253 1705 1546
f 4727 2221 966
f 874 2711 2777
f 2178 2111 185
f 4499 1474 1500
f 3031 2728 1726
f 694 2642 2597
f 4240 2152 2097
f 2759 4634 3529
f 4621 4761 2209
f 2989 3329 940
f 2757 1427 1603
f 3294 1524 3561
f 2480 3295 3827
f 3064 3102 725
f 1528 470 634
f 2766 1321 4736
f 2889 2683 1522
f 1931 4274 1180
f 2769 2800 1541
f 359 3909 2800
f 3524 942 3819
f 3453 1529 4738
f 727 1393 1482
f 3492 1530 1409
f 4740 1531 3822
f 3910 2798 2773
f 3857 943 3828
f 3494 1531 4739
f 2796 1037 3543
f 1304 140 3830
f 3853 1321 4737
f 2776 1819 4735
f 1478 2640 2710
f 2740 1317 1266
f 3031 941 2778
f 2762 65 4821
f 2318 2788 216
f 1225 3946 4132
f 4693 427 2786
f 1334 4464 2292
f 2788 2318 1295
f 945 3553 3198
f 1503 1510 1536
f 1537 1643 3087
f 2694 1318 1094
f 2795 858 3006
f 3005 2695 4724
f 843 2781 798
f 2781 1532 4324
f 728 1738 1304
f 4739 1539 3915
f 860 2797 953
f 2773 727 3910
f 4637 1539 4740
f 4737 1540 3917
f 2799 687 672
f 947 3912 2793
f 2766 4639 1540
f 4738 1541 3913
f 4741 947 2880
f 2801 4640 1062
f 2802 886 861
f 2759 3919 4634
f 1305 2803 1555
f 4636 1819 3916
f 1306 2804 1370
f 3534 2804 4638
f 4641 1125 3907
f 4635 1820 3914
f 3536 3452 4048
f 2807 1371 3530
f 2710 724 725
f 1629 1738 728
f 2731 449 2809
f 4184 2145 2810
f 2170 2810 4304
f 2170 2256 501
f 1543 1475 3204
f 2635 1474 1610
f 1113 3961 1082
f 4559 4678 2359
f 3187 2848 2706
f 3024 2847 2705
f 4715 2756 3025
f 949 4715 3025
f 2756 2704 1554
f 3024 1544 1618
f 935 3187 950
f 1506 3000 3370
f 2764 1350 1410
f 3577 2751 1509
f 718 2641 2815
f 495 196 2020
f 1263 2293 4463
f 2653 360 126
f 2818 2809 351
f 743 730 3102
f 2808 2710 730
f 812 1507 71
f 4576 1547 4271
f 4604 771 4252
f 4598 951 4254
f 4578 1547 4267
f 4584 1548 4261
f 4592 951 4260
f 4580 1549 4263
f 4594 1088 4256
f 2824 820 4093
f 2134 1549 4270
f 4582 1550 4265
f 4596 1089 4258
f 4465 853 4249
f 2826 2136 1550
f 4602 1290 4253
f 4577 1878 4269
f 4677 3153 1298
f 2133 1878 4262
f 1283 2829 4612
f 4583 1879 2289
f 3027 1414 4597
f 4574 1879 4268
f 2831 4593 1203
f 4573 1880 4264
f 4603 1290 4255
f 4579 1790 4272
f 4595 1204 4251
f 4575 1798 4266
f 1286 2834 4606
f 3734 2834 4581
f 2649 2693 156
f 1343 1637 3018
f 2836 1551 3334
f 2837 1551 1638
f 2838 1727 3336
f 4373 1967 3358
f 3382 1552 1339
f 2747 1518 1628
f 3908 2806 1975
f 468 369 2843
f 1707 2844 1632
f 3485 1298 3153
f 1654 1644 3093
f 1544 2705 4700
f 4453 1553 4451
f 4454 978 4456
f 3292 2847 723
f 1641 2847 2061
f 935 2707 4455
f 2706 2848 4786
f 2849 1625 1642
f 2732 1526 2818
f 3370 1608 1506
f 2755 949 975
f 3025 2756 1554
f 4790 1472 2690
f 1320 1674 1488
f 2690 1490 1737
f 3212 687 2339
f 3359 2977 540
f 1113 3060 4173
f 3213 2684 929
f 2978 968 2684
f 1737 1498 1734
f 2742 871 847
f 2789 945 2696
f 2711 1604 2777
f 3940 1385 3522
f 4297 1188 2336
f 2795 3006 1726
f 936 1507 1526
f 2330 2911 859
f 3214 2856 688
f 2983 1472 1471
f 1378 1568 1679
f 3588 1940 1873
f 2491 1384 1679
f 957 1022 888
f 2513 1745 1382
f 2890 1382 1745
f 1384 2617 2943
f 2616 890 889
f 2941 1746 2331
f 3223 2331 1461
f 4588 4789 2531
f 2860 893 2342
f 1132 2559 2761
f 921 1216 2715
f 1427 2560 2990
f 956 894 2503
f 4765 707 4273
f 1389 1310 2938
f 1897 2936 2004
f 2938 1310 2604
f 2603 896 895
f 2516 2923 1398
f 2923 2876 920
f 2974 3413 1400
f 2589 1021 920
f 2923 1559 1683
f 2861 2960 740
f 2588 919 3258
f 2588 1007 2961
f 2596 1576 2628
f 2920 3163 1661
f 726 4206 2255
f 2219 3287 965
f 704 3412 3411
f 2543 2573 906
f 304 158 1932
f 916 2344 908
f 2952 1415 1442
f 3239 908 2177
f 714 2954 2957
f 3239 2335 1437
f 3240 3827 4484
f 2924 2341 1416
f 2880 947 1222
f 2566 911 3241
f 2926 2332 912
f 2965 1420 1434
f 703 2563 4084
f 1423 1648 1630
f 3246 1592 1594
f 2865 1813 870
f 962 914 3247
f 2564 3136 1673
f 4235 2997 750
f 2710 2808 1478
f 2597 936 2817
f 1526 812 2809
f 913 2966 2246
f 4143 1019 854
f 2964 960 3242
f 1578 2531 2875
f 2582 1405 1406
f 1405 2582 2918
f 918 3494 1751
f 701 715 3234
f 1405 2918 1404
f 1588 3413 2959
f 2985 2961 1402
f 733 740 699
f 662 2590 2593
f 3228 696 697
f 2984 1394 1396
f 2708 1815 4257
f 4386 3115 4183
f 2600 2477 2440
f 2937 2345 2348
f 3225 695 3227
f 1394 2883 1392
f 2342 893 2348
f 2988 1391 1392
f 707 2607 534
f 1098 1770 2451
f 3244 2330 1571
f 2929 2347 2340
f 1466 2489 1556
f 2488 731 689
f 1468 1743 3450
f 2898 2632 1596
f 683 717 719
f 2895 3195 4725
f 1698 1674 1597
f 2896 999 4725
f 2668 1499 2190
f 2676 1471 1764
f 1023 2982 4725
f 2630 4280 4790
f 3179 2899 995
f 3162 2899 1058
f 2900 994 3175
f 3160 2900 1058
f 1098 1496 1593
f 2901 1059 3156
f 2902 997 3185
f 3139 3168 1059
f 3169 2903 992
f 2903 1060 3154
f 3178 2904 995
f 3164 2904 1060
f 3173 2905 994
f 3157 2905 1061
f 3181 2906 996
f 3166 2906 1061
f 2907 1569 3161
f 2862 760 1673
f 2908 751 3177
f 4777 1569 2931
f 2909 1570 2967
f 2909 760 3176
f 1581 2910 752
f 2910 1570 3158
f 2911 2330 1380
f 3214 2624 1556
f 2916 1572 1568
f 731 690 689
f 1375 2912 2343
f 1298 1693 4677
f 859 2623 3170
f 1571 2330 2913
f 688 732 3180
f 1374 1572 3159
f 887 958 3174
f 2916 3142 1572
f 2917 1468 3165
f 899 2974 2334
f 2952 1442 4802
f 2546 909 2567
f 2925 2965 1434
f 2619 889 888
f 2927 2340 2343
f 990 1002 4143
f 1567 3217 1566
f 2508 1310 1389
f 2505 2611 2509
f 905 1575 916
f 913 3409 4691
f 3221 2910 1581
f 2499 3262 924
f 2500 2942 691
f 2347 2929 2858
f 674 668 2863
f 2534 2945 1685
f 1579 905 904
f 2540 2580 903
f 851 4052 2606
f 704 2874 3412
f 954 3238 909
f 534 188 707
f 959 1482 1393
f 1587 2957 2954
f 736 714 2957
f 737 700 699
f 3410 710 712
f 1418 1690 3410
f 2868 3242 910
f 1581 3183 3221
f 2896 1499 3194
f 2611 739 692
f 902 2973 900
f 2973 2534 2533
f 2672 741 687
f 741 720 2472
f 967 885 3197
f 3211 1555 2685
f 3355 1320 2685
f 1469 1698 2627
f 682 2677 717
f 2594 898 897
f 899 2334 2345
f 955 900 919
f 3233 2333 1602
f 680 696 695
f 2598 897 896
f 3260 1561 1563
f 1389 1557 2508
f 735 695 693
f 2603 895 956
f 2559 940 983
f 509 508 2990
f 1535 2789 1335
f 3036 91 46
f 209 3614 2991
f 4301 187 1742
f 2993 1605 3113
f 969 3482 2994
f 1605 3303 2994
f 2839 1527 1508
f 2732 1606 2817
f 353 2996 2818
f 1630 3103 3199
f 1297 4054 4247
f 743 2997 2808
f 2436 2840 989
f 2998 3206 1607
f 2998 85 34
f 2999 3708 971
f 1676 2999 1709
f 3000 950 971
f 2652 2484 536
f 4528 2717 925
f 2635 1610 1675
f 3003 4499 3987
f 3004 70 3403
f 1729 2845 3004
f 398 603 3451
f 2693 2649 408
f 2756 3087 2704
f 2375 3312 4521
f 1527 1630 2815
f 3008 2718 63
f 1234 4622 3008
f 972 933 2384
f 2795 1502 2373
f 2697 499 495
f 357 577 2647
f 567 4557 4213
f 793 2030 3009
f 3283 3009 842
f 851 840 3290
f 1354 1478 4474
f 1142 3279 3010
f 3284 3010 1246
f 3011 1155 3281
f 3011 1269 3286
f 3012 1611 3288
f 3012 664 3280
f 3013 324 3282
f 3285 3013 1611
f 1612 1521 2753
f 4806 1521 1612
f 3116 1633 1613
f 2835 1613 3075
f 1634 1614 4818
f 3015 974 4820
f 3016 1615 3069
f 4819 974 3314
f 3017 1615 3076
f 1637 2414 1614
f 662 2593 2514
f 794 3971 3019
f 2039 3019 844
f 1144 4003 3020
f 3020 1247 4064
f 3021 1157 4068
f 4066 3021 1254
f 3022 1616 4063
f 3022 665 4535
f 3023 258 3972
f 3023 1616 4065
f 3383 4284 3295
f 3025 3078 949
f 1337 1533 2993
f 1617 3078 3025
f 975 982 3118
f 3036 1622 3189
f 1474 4499 3003
f 1277 4720 2681
f 1345 1481 4822
f 2763 1525 1364
f 17 226 7
f 2692 1240 4632
f 1238 2782 4723
f 2728 1288 1726
f 1094 408 1481
f 2744 3624 2
f 2313 1227 1293
f 1481 1345 1094
f 1619 3032 1991
f 3056 158 410
f 3382 1339 2748
f 867 2747 2842
f 1518 2843 3058
f 2772 1929 2479
f 1957 3033 946
f 1532 2781 3034
f 2788 217 216
f 2318 1233 1295
f 2276 2743 293
f 3035 1553 2846
f 1622 3036 2157
f 46 2712 3036
f 1506 1622 4223
f 3038 1623 4786
f 4455 977 4217
f 3039 1623 4233
f 3040 1624 2242
f 3041 978 2846
f 4453 1624 4229
f 3042 1625 2849
f 4456 978 4220
f 4571 1626 4227
f 4589 1048 4222
f 4613 840 4214
f 3045 2117 3437
f 4567 1627 4225
f 4587 1048 4219
f 4560 1627 4232
f 4599 1289 4216
f 4564 1776 4231
f 4585 1213 4332
f 3050 1287 4569
f 4568 1777 2294
f 4590 1197 4215
f 3051 4562 1777
f 2118 1778 4228
f 4600 1289 4218
f 4566 1778 4234
f 3054 1284 4221
f 4570 1779 4236
f 3055 1196 4334
f 4561 1779 4226
f 2711 874 937
f 42 3895 311
f 67 1619 3056
f 1932 167 304
f 158 3056 1110
f 941 4810 2779
f 2449 1525 2728
f 2992 91 3189
f 3060 1113 1395
f 206 59 3061
f 2646 4797 3686
f 854 650 3720
f 4460 1431 2885
f 3064 1630 1648
f 2840 713 3306
f 3062 4305 1703
f 3112 4816 276
f 1630 1527 3103
f 4406 1181 1248
f 3059 3341 1621
f 259 220 1822
f 4686 1621 399
f 3059 3798 37
f 3198 1631 1604
f 729 747 2813
f 2704 1505 2850
f 3067 308 496
f 1356 939 3068
f 3068 1613 1520
f 3069 2754 3416
f 3069 1615 1638
f 1614 3015 3018
f 3070 1536 1604
f 1535 2712 2556
f 865 2757 2989
f 202 3485 3093
f 3083 1639 1657
f 3521 13 57
f 3190 4379 985
f 1656 3856 2950
f 1432 3107 1303
f 4461 3084 1681
f 3200 744 748
f 3072 1644 1654
f 3191 1646 3185
f 681 3183 3109
f 2605 1645 3266
f 3074 1632 2844
f 3208 1711 1633
f 3076 1635 3111
f 1506 3037 2707
f 975 949 3078
f 3079 4340 2296
f 4407 1114 3864
f 998 3947 803
f 747 2998 3080
f 3118 982 1024
f 3188 3078 1617
f 3081 544 428
f 3329 983 940
f 2757 1603 2989
f 1524 3294 1857
f 1767 1352 3289
f 3003 226 1610
f 3332 4591 746
f 4820 984 3931
f 3069 1638 2754
f 3017 213 2837
f 2944 2971 1387
f 3093 1644 1898
f 4320 3084 4461
f 4380 1731 2189
f 3085 4378 1265
f 4382 1731 4478
f 4786 1640 2706
f 4601 742 4710
f 2705 2847 1641
f 4454 986 4780
f 2702 2849 1642
f 431 3043 4549
f 3086 1643 4702
f 4703 2704 3087
f 3088 2364 4711
f 3089 2366 4715
f 3090 1336 4702
f 3090 2366 4714
f 4011 748 744
f 3074 50 83
f 1632 1941 2969
f 749 4027 745
f 997 988 4385
f 3097 1672 1646
f 1732 4518 4512
f 3712 1732 4387
f 3100 1739 1766
f 2790 499 2697
f 1279 1297 2097
f 1630 3064 2815
f 3202 1648 1677
f 3307 750 743
f 1630 3199 1423
f 3105 59 58
f 3110 496 4006
f 2042 4088 3110
f 3111 1651 3245
f 3075 1613 1633
f 3550 2060 1966
f 1554 2704 2850
f 2891 1488 3193
f 1490 4726 2670
f 2935 1185 1492
f 1497 2688 1489
f 3113 1605 1653
f 1491 3212 1562
f 2195 3101 616
f 3014 1025 991
f 3314 1651 1635
f 2718 4622 1475
f 1315 3119 992
f 4257 3119 2854
f 3120 1655 1699
f 3120 992 2903
f 3121 751 744
f 3121 1655 1808
f 4777 3122 1432
f 993 985 3123
f 1656 1812 3775
f 3124 1657 1639
f 3124 993 2901
f 3071 1657 1806
f 3125 1658 1810
f 3125 752 2910
f 3126 994 2905
f 3126 1658 1814
f 3127 1659 1817
f 3127 994 2900
f 2482 2915 3128
f 3128 1659 1803
f 3129 1660 1811
f 3129 995 2899
f 3130 760 2907
f 3130 1660 1804
f 3131 1661 1816
f 3131 995 2904
f 2623 957 1373
f 3132 1661 1807
f 3133 1662 1818
f 3133 996 2906
f 958 2620 2917
f 3134 1662 1809
f 1663 1813 1439
f 760 2909 2564
f 4476 1663 1805
f 3137 1060 2903
f 3137 1664 1807
f 3138 1664 1815
f 4238 2371 4643
f 1665 1805 3681
f 2931 2907 2862
f 89 4017 2518
f 3141 1061 2905
f 3141 1666 1809
f 2184 4736 3380
f 3142 1666 1817
f 3143 1058 2900
f 3143 1667 1804
f 3144 1570 2909
f 3144 1667 1814
f 3145 1569 2908
f 3145 1668 1811
f 3146 1060 2904
f 3146 1668 1808
f 3147 1058 2899
f 3147 1669 1803
f 3214 2914 3148
f 3148 475 1816
f 2124 3149 667
f 3150 1061 2906
f 3150 1670 1810
f 1570 2910 3221
f 2865 1671 1813
f 3152 1059 2902
f 3152 1672 1806
f 3154 1060 3146
f 3154 1655 3120
f 606 3155 4685
f 3156 1657 3124
f 3157 1061 3150
f 3158 1658 3125
f 3159 1659 3128
f 3160 1058 3147
f 3161 1660 3130
f 1661 3132 2920
f 3164 1060 3137
f 3165 1662 3134
f 3166 1061 3141
f 3136 3167 870
f 3169 992 3119
f 2623 3132 3170
f 3170 1664 3138
f 2000 3172 4156
f 3173 994 3127
f 3174 958 3134
f 3174 1666 3142
f 3175 1667 3143
f 3175 994 3126
f 3176 760 3130
f 3176 1667 3144
f 3177 1668 3145
f 3177 751 3121
f 3178 995 3129
f 3179 995 3131
f 3180 1669 475
f 2844 1707 667
f 996 3133 2585
f 3181 996 3266
f 3182 752 3125
f 3182 1670 3201
f 3151 3183 3455
f 3185 1672 3152
f 57 208 3521
f 2631 2983 2629
f 3187 1636 1709
f 2999 971 950
f 3799 4804 1354
f 3077 3024 1618
f 1411 1312 129
f 2842 1628 1717
f 3058 369 471
f 930 961 922
f 2554 1697 1494
f 963 2670 2631
f 1597 1674 1320
f 3194 1499 2668
f 1320 2980 2685
f 3067 496 3110
f 4725 3195 2678
f 3197 2891 967
f 2979 2688 1562
f 2633 1597 3192
f 3213 2979 1678
f 2979 2968 2688
f 1562 2688 1497
f 1352 1752 2544
f 2977 860 953
f 2851 3534 861
f 1555 2853 1305
f 2789 1029 945
f 1648 3102 3064
f 748 3094 3200
f 3200 1655 3121
f 3201 745 3182
f 3201 1670 1700
f 1527 2839 3103
f 1546 1478 2808
f 3519 4259 1357
f 2620 958 887
f 887 1378 3215
f 1466 3216 2489
f 1556 1379 2856
f 2487 3215 2888
f 2619 2911 1382
f 1379 1556 2489
f 1384 3219 2888
f 3217 1567 3216
f 3263 1715 3306
f 1566 3217 924
f 2502 2858 1004
f 2502 2609 2860
f 2987 2586 2124
f 2884 2507 2970
f 1389 2938 3261
f 2512 3261 2881
f 1217 2745 2839
f 3260 2879 1561
f 3205 2405 1412
f 2594 2984 2877
f 2517 2881 1398
f 966 2221 2321
f 3323 1648 1423
f 3539 2345 2334
f 2527 2876 3232
f 1589 3230 3231
f 1403 2194 1520
f 1009 3232 3235
f 3256 2530 3231
f 1009 3235 3255
f 2536 2581 1583
f 705 3411 1413
f 2542 1584 1686
f 3251 1584 1586
f 1014 2569 1013
f 928 1675 3495
f 3495 3338 1000
f 4315 4300 4402
f 708 1558 1418
f 1307 1435 1591
f 1016 3259 962
f 1456 1576 1594
f 1742 1608 3370
f 3708 1001 971
f 3206 2998 34
f 3207 58 123
f 3203 3308 1714
f 2796 3323 4553
f 4143 1027 4553
f 3307 1677 2297
f 4235 750 2002
f 3306 989 2840
f 2764 989 1033
f 2765 4811 1477
f 3314 1688 1651
f 2853 1555 3211
f 2473 3212 2339
f 3213 2474 2684
f 1424 1697 1595
f 2547 711 2550
f 1015 2965 2925
f 2868 1307 1591
f 2963 1430 1435
f 1687 1691 1558
f 2546 2924 2869
f 1438 2956 1417
f 2545 2869 2952
f 1438 1586 1584
f 3251 1686 1584
f 2540 2949 2951
f 957 1466 1373
f 1384 2491 2617
f 2563 2551 4084
f 2614 2943 2617
f 2943 1598 2887
f 924 890 2499
f 2612 2607 4765
f 964 2502 1004
f 2503 1006 956
f 2931 3140 3155
f 1564 3226 1577
f 2604 1682 2938
f 3260 1563 1577
f 1601 1682 2604
f 1561 2879 1560
f 1559 2923 2516
f 2862 3140 2931
f 3258 2521 1007
f 2451 2591 418
f 1177 2520 4758
f 3230 1589 1696
f 2986 1683 2587
f 1559 1454 3257
f 2333 3233 2921
f 2582 902 2583
f 1684 2584 2536
f 2875 2531 2333
f 1578 917 2951
f 1449 2536 1583
f 1020 2576 3236
f 3236 1445 1685
f 1411 2946 3350
f 2578 1447 1446
f 1580 3411 3412
f 2933 2574 1882
f 2949 2573 2872
f 2542 1574 1446
f 1011 907 2576
f 1694 1445 1443
f 1441 1573 1443
f 1439 1245 4224
f 3252 1012 2569
f 3241 1687 1692
f 3239 1014 1013
f 3241 2569 1014
f 854 990 4143
f 2341 2924 2925
f 1018 3248 2566
f 1419 3248 1429
f 4460 1436 1431
f 2548 2867 2965
f 3247 1018 2966
f 1432 3122 3107
f 2966 1016 962
f 1689 1429 1424
f 1420 915 3642
f 2867 2548 2934
f 1576 2596 1428
f 1016 913 1023
f 2626 4691 3409
f 1388 1564 1565
f 1652 3353 1612
f 3318 1736 1711
f 1719 3209 3319
f 3315 1634 1719
f 3298 981 1017
f 3245 1651 1688
f 1374 3264 1568
f 3246 1594 1428
f 3246 1591 1592
f 2620 1375 2917
f 2548 2965 1015
f 2926 1014 3239
f 909 2546 2545
f 1441 2572 1573
f 2333 901 2875
f 2578 1574 3253
f 198 2933 2946
f 3855 862 3380
f 2534 2539 1450
f 1407 2536 1449
f 2533 1450 1451
f 2582 2583 2918
f 2530 1451 1452
f 2971 3516 2922
f 955 2588 2985
f 1401 1589 2530
f 3862 1647 2528
f 2588 2961 2985
f 2592 4027 2023
f 1561 1397 1457
f 1601 3228 2516
f 2984 2598 2883
f 1563 1457 1459
f 2603 2988 2883
f 1577 1459 1390
f 862 3855 2771
f 3225 1310 2508
f 2988 956 1006
f 1564 1390 2504
f 1473 2628 1470
f 2942 1462 2614
f 1567 1465 1383
f 1383 1379 1567
f 2888 2495 1003
f 2917 3134 958
f 961 2629 931
f 1698 2633 2627
f 2703 297 1505
f 1639 3190 3124
f 606 1649 2814
f 435 3265 2775
f 3185 997 3191
f 3354 313 421
f 3296 166 306
f 27 3297 3481
f 1618 1802 3077
f 3267 3921 2741
f 1701 1144 3020
f 3268 665 3022
f 3268 1701 2225
f 3269 1702 2229
f 3269 1157 3021
f 3270 258 3023
f 3270 1702 2234
f 3271 844 3019
f 3271 2014 2220
f 2051 2224 1247
f 2523 2590 3272
f 3273 1616 3023
f 3273 1996 2228
f 2840 2639 713
f 4067 2037 2221
f 3275 1254 3021
f 4609 3275 2037
f 3276 1616 3022
f 3276 2038 2229
f 794 3019 2039
f 852 3539 2334
f 4542 3492 1409
f 3277 2781 1704
f 973 3208 3116
f 4235 1253 1546
f 3280 664 2245
f 3280 3279 4042
f 3281 1706 4043
f 3281 1155 4047
f 324 4444 3282
f 3282 1706 4044
f 3283 842 4487
f 3284 1246 4049
f 1269 4610 3286
f 3286 2028 4046
f 3287 851 965
f 4045 3243 4813
f 3288 2029 2273
f 2544 134 1352
f 840 4613 3290
f 3290 2031 4052
f 940 865 2989
f 1603 2990 3293
f 675 2150 2698
f 4320 3106 4766
f 3109 3183 1581
f 637 980 3108
f 1772 3486 2844
f 3067 420 309
f 723 4711 3292
f 4699 2813 3080
f 2755 3118 1544
f 3081 1617 1554
f 508 439 3293
f 3329 1708 1852
f 2761 983 1079
f 1514 2746 2843
f 3072 1654 2854
f 4425 3114 4572
f 992 3120 2775
f 3094 1699 3200
f 3181 3266 4502
f 749 745 3201
f 2790 112 500
f 215 552 3488
f 970 2919 948
f 3065 1606 3061
f 1618 3118 1024
f 4484 1444 3240
f 3291 101 400
f 3028 4377 976
f 3083 1657 3071
f 268 1734 3911
f 2370 2342 2506
f 1648 3202 3102
f 3299 1710 3324
f 1032 1038 3299
f 3826 959 3300
f 3301 1722 1748
f 1780 3558 3302
f 2784 2995 969
f 1711 3352 3304
f 1712 3699 1719
f 3320 1017 1026
f 3305 1713 3351
f 3075 746 2835
f 3278 981 3015
f 3314 1635 3016
f 288 161 168
f 3323 1677 1648
f 3308 123 352
f 1002 1714 1724
f 3365 3771 1033
f 3561 1793 3327
f 2558 4816 2765
f 4522 2374 3310
f 1628 3058 3313
f 948 2817 1606
f 269 3310 2374
f 3312 2375 1716
f 1090 1031 2995
f 3482 1721 1653
f 3385 1028 2758
f 1359 3311 1716
f 3312 403 489
f 591 543 480
f 2748 952 1039
f 3863 3712 1867
f 3117 3332 3209
f 3118 1618 1544
f 1636 2706 4699
f 3078 3188 975
f 1617 3081 3395
f 3208 973 991
f 1718 3198 3553
f 3316 1631 1718
f 3961 3904 3317
f 979 767 2528
f 970 3065 3105
f 1607 1709 1636
f 982 1040 1024
f 3407 1765 3032
f 3361 1030 4722
f 1237 4420 3585
f 312 4119 4689
f 1721 286 3321
f 3322 1721 3482
f 3186 1534 3736
f 1677 3307 3202
f 1345 2779 4810
f 1477 2764 3327
f 3306 1705 3263
f 3324 1056 3820
f 3300 1795 1710
f 3490 360 1722
f 3560 1829 3821
f 3325 3484 1723
f 3325 2479 756
f 3302 1723 1780
f 2769 359 2800
f 2968 1596 2688
f 3192 1597 1320
f 1498 1737 1490
f 2689 2379 4751
f 3365 1715 1792
f 1002 1724 1741
f 352 24 3328
f 128 28 3987
f 2694 4810 972
f 2795 1726 1725
f 2685 3196 3355
f 1562 1678 2979
f 1495 1734 1498
f 2689 4751 268
f 2791 366 463
f 1132 2761 3294
f 3293 3651 1708
f 3330 76 4436
f 3330 77 160
f 1620 2475 1194
f 3331 287 105
f 3331 294 3709
f 3332 3117 726
f 3775 1812 1665
f 2751 3333 1509
f 3333 984 3416
f 3334 1519 2750
f 3334 1551 1824
f 3335 1727 1824
f 3336 84 2749
f 3336 1727 2380
f 3337 226 17
f 3315 1026 1017
f 753 3075 3304
f 3298 1688 3314
f 3076 26 3017
f 306 3354 3296
f 3297 72 3481
f 1526 2809 2818
f 875 3303 847
f 292 160 77
f 3341 1730 1760
f 3342 1034 1045
f 3340 1729 1733
f 4555 4416 4415
f 3339 1045 1034
f 1759 3404 3339
f 3070 112 2790
f 3340 1034 4784
f 3342 1730 37
f 3115 2247 4183
f 3343 1265 4378
f 3343 1639 3083
f 4467 3344 4747
f 3344 1649 2950
f 4380 3345 1731
f 3345 985 4379
f 3346 644 3702
f 3346 1731 4382
f 1470 1576 1456
f 2626 3409 1195
f 2915 2482 689
f 2935 1434 1420
f 3193 1488 1674
f 3210 2715 1312
f 2006 4510 768
f 3348 1270 4519
f 3348 1646 2193
f 3349 1732 4512
f 3349 988 2266
f 4518 1732 643
f 1579 1582 3350
f 168 76 288
f 1730 3342 3402
f 3339 1034 3340
f 3403 1733 3004
f 4156 1665 2000
f 1036 1214 3357
f 3033 3900 1704
f 2897 2596 2628
f 3386 982 975
f 3203 970 3207
f 3351 1735 3470
f 3520 1868 1712
f 1736 3318 3687
f 885 2853 3211
f 966 2321 4238
f 1596 2968 2898
f 3204 1475 2812
f 925 928 3495
f 3337 1675 1610
f 1395 1113 1128
f 1538 1703 4305
f 3382 2714 239
f 885 953 2338
f 1306 2473 2339
f 1629 2337 1369
f 3360 1739 3585
f 1046 3406 3360
f 4721 1739 3100
f 3455 1671 2865
f 1765 3398 3361
f 747 3362 85
f 3077 1802 3362
f 7 226 3363
f 3593 2683 2476
f 3593 127 219
f 3306 1715 3365
f 10 2681 2282
f 1520 2835 1403
f 3209 746 3319
f 2695 157 2328
f 3115 4386 2266
f 3206 3369 1676
f 3368 24 3
f 1027 1741 1791
f 3327 1033 1054
f 1001 3708 3057
f 1001 247 3370
f 306 312 3354
f 1763 3393 3396
f 1757 3395 3401
f 1761 3310 3399
f 1673 3172 2862
f 1758 3396 3388
f 3401 298 165
f 1757 3401 1756
f 3393 78 302
f 3393 1763 1755
f 1761 3399 1754
f 1759 3403 3392
f 3392 1762 1759
f 3393 1755 1765
f 3405 1766 1756
f 1765 3407 3393
f 152 3593 219
f 1545 3123 4425
f 3063 3451 30
f 3222 1377 6
f 3244 1380 2330
f 3061 1606 2996
f 3218 2491 3264
f 3222 4597 2871
f 692 2930 1463
f 4008 1940 4605
f 2504 1390 2886
f 2970 2507 2609
f 3225 2508 3414
f 1771 1391 4273
f 2769 1529 4757
f 4620 63 359
f 3453 1049 4755
f 3484 3325 758
f 3559 1829 4754
f 4299 1748 4756
f 2485 1722 360
f 4768 1749 4750
f 3430 1047 3371
f 2387 3373 4769
f 2483 3374 872
f 1750 3424 3374
f 4621 1349 4743
f 1300 1768 339
f 2391 3376 4764
f 3377 2392 1326
f 3378 1376 536
f 4776 1773 4744
f 4770 1325 4745
f 1185 3642 2676
f 2387 4774 1326
f 3002 2284 1324
f 4763 1775 4749
f 2370 1747 3522
f 1601 3227 3228
f 670 706 2870
f 1454 2516 3228
f 2587 3257 3234
f 1444 1751 1930
f 3680 2247 1245
f 1684 3255 3235
f 2584 3234 3254
f 3232 2986 3235
f 2986 3232 2876
f 3358 271 4373
f 2987 3095 2618
f 3551 1717 4302
f 3551 1039 952
f 2874 2539 3412
f 1303 744 751
f 1445 1694 1580
f 1035 1026 3315
f 3320 1713 3298
f 3408 4213 1029
f 2405 1408 1412
f 2843 1518 1514
f 3393 302 3396
f 3384 1763 1758
f 3394 1044 1040
f 298 3401 3395
f 1757 3400 3394
f 3400 1044 3394
f 1758 3387 3384
f 3387 1040 3384
f 3310 269 3399
f 1762 3311 3391
f 3396 138 3388
f 1757 3394 3386
f 1040 3386 3394
f 3405 1756 3401
f 3389 1044 1042
f 3398 1755 3389
f 3397 1754 3399
f 3385 1761 3390
f 3391 1043 1041
f 3403 70 3392
f 1759 3391 3404
f 3390 1754 1760
f 1760 3402 3390
f 1041 3390 3402
f 3400 1756 3406
f 3404 1041 1045
f 67 78 3393
f 3398 1042 1046
f 1763 3384 3389
f 1435 1307 1417
f 3638 3099 4460
f 1418 1558 1691
f 3585 1030 3360
f 4721 3585 1739
f 2999 3187 1709
f 2270 2758 1028
f 3397 399 3341
f 3404 1045 3339
f 3405 494 3100
f 3406 1766 3360
f 3398 1046 3361
f 1720 1542 2962
f 1466 1556 2624
f 957 3216 1466
f 1384 2888 3215
f 2927 2912 1003
f 3135 3184 997
f 2495 2929 2927
f 2571 4183 2247
f 1869 2646 2208
f 1680 1565 1463
f 1557 1389 2859
f 1564 1388 894
f 3553 4557 3852
f 1718 3852 3555
f 2512 2937 864
f 3824 1180 754
f 2884 2970 1389
f 3260 3226 896
f 1395 1206 3060
f 2517 899 863
f 914 962 3259
f 2923 920 1398
f 2522 1560 1696
f 919 3230 3258
f 3257 1454 699
f 1008 2921 3233
f 1690 1689 3410
f 1999 3652 4199
f 1301 1684 3235
f 1010 2580 917
f 2973 3256 900
f 2920 3132 1373
f 3243 1362 4813
f 902 2945 2973
f 2539 2534 1685
f 2576 1020 904
f 916 1011 905
f 706 2953 2542
f 1692 1587 2572
f 1587 1692 1687
f 2924 1015 2925
f 1691 1687 911
f 912 1421 2246
f 2934 915 2867
f 3411 1580 1694
f 1697 2554 1595
f 1410 2436 2764
f 2522 1401 2861
f 1695 1400 3413
f 188 1309 1593
f 2503 1005 1006
f 2610 2508 1557
f 1014 2926 2976
f 4819 3069 3416
f 1462 1598 2614
f 1746 1745 4488
f 2856 3214 1556
f 3450 1743 3222
f 2879 898 1399
f 923 2858 2502
f 2929 1004 2858
f 2916 1378 887
f 2633 2894 2674
f 1472 2983 4726
f 930 2897 2898
f 1469 3195 2895
f 4757 1529 4759
f 3419 1326 4774
f 3420 1376 3378
f 4758 1453 2727
f 3421 1325 4770
f 2385 3421 1749
f 2315 2713 3422
f 3422 1749 4768
f 3424 1326 2392
f 3373 2387 3424
f 4755 1049 4772
f 3426 873 4761
f 3426 3425 4764
f 1773 3427 4744
f 3427 1038 4760
f 3428 872 4773
f 3428 1773 4776
f 3429 1774 3379
f 3429 758 4775
f 1774 2387 3430
f 1775 2388 3431
f 3431 1047 4769
f 16 2788 3432
f 3432 1775 4763
f 3111 214 3076
f 2990 1603 1427
f 159 411 286
f 3433 1213 4585
f 2157 3433 1622
f 3434 1289 4600
f 3434 1623 4565
f 3435 1197 4590
f 3040 2118 3435
f 1287 1269 3436
f 3436 1625 4569
f 4588 2971 4055
f 4792 3908 1975
f 1284 4614 3438
f 3438 1626 4571
f 3439 1196 4586
f 3439 1627 4560
f 3440 1289 4599
f 3440 1627 4567
f 3441 1776 4564
f 1645 2006 868
f 3443 1777 4568
f 3041 2303 3443
f 4315 1276 1281
f 3444 1777 4562
f 2118 3445 1778
f 3445 742 4601
f 3446 1048 4589
f 3446 1778 4566
f 3447 1779 4570
f 3447 1048 4587
f 3448 321 4547
f 3448 1779 4561
f 3297 27 3291
f 3296 421 308
f 3449 4416 3481
f 3450 3149 1468
f 3291 400 3650
f 3454 4775 758
f 3455 3183 681
f 1714 990 3203
f 983 3649 1079
f 729 3077 3362
f 3456 1105 4366
f 4354 3456 1346
f 1243 4434 3457
f 4361 3457 1346
f 3458 1220 3744
f 3756 3458 1347
f 1104 3870 3459
f 3755 3459 1347
f 4353 3460 1781
f 3460 776 4365
f 3461 1050 4367
f 3461 1781 4350
f 3462 1782 4360
f 4348 3462 1050
f 3463 186 4419
f 3463 1782 1996
f 3748 3464 1783
f 777 3837 3464
f 3465 1051 3743
f 3465 1783 3754
f 3466 1784 4078
f 3466 1051 3745
f 325 324 3968
f 3757 3467 1784
f 4352 3468 1785
f 4349 3468 1101
f 3971 794 4364
f 3971 1785 2014
f 3469 1786 3994
f 1102 3835 3469
f 3969 1786 3749
f 4003 1144 4348
f 2051 4003 1891
f 3743 4025 1892
f 4349 4081 1137
f 2004 2506 2510
f 1911 3801 3970
f 3352 1736 3700
f 3688 2011 1868
f 3807 1035 1052
f 3470 1787 3540
f 3471 1280 3504
f 3510 3471 1344
f 3472 1057 4000
f 3509 3472 1344
f 3506 3473 1788
f 3473 759 2270
f 3474 1053 3500
f 3474 1788 3508
f 3475 1789 3498
f 3475 1053 3505
f 3476 622 3734
f 3511 3476 1789
f 1790 3499 3477
f 2374 4522 3477
f 3478 1790 3507
f 3500 3479 1798
f 1899 529 1272
f 1607 1636 3080
f 3395 1757 3188
f 753 3520 3319
f 1715 3263 3309
f 7 225 17
f 2850 3081 1554
f 3105 3065 3061
f 3483 3 60
f 1037 1791 1830
f 1740 3543 1066
f 3771 1054 1033
f 1654 3093 3485
f 46 91 2932
f 1772 3605 3486
f 2337 3359 1369
f 2622 3603 1467
f 169 109 90
f 470 467 3604
f 344 86 3070
f 3058 1628 1518
f 192 3605 2486
f 3603 90 441
f 4738 2770 3453
f 942 2771 3302
f 3325 1794 2479
f 727 2773 2841
f 1795 2480 3324
f 1056 2792 3301
f 3490 125 360
f 3490 1796 2478
f 3894 3824 1797
f 3824 1110 2768
f 3491 2600 1292
f 2479 1530 3492
f 3493 1930 1241
f 4739 2774 3494
f 3494 1930 1751
f 4274 2478 1372
f 2775 3120 1699
f 3823 1932 2481
f 3451 4729 30
f 3337 1728 1675
f 441 194 3602
f 1744 2621 3603
f 194 190 3496
f 23 1744 3496
f 191 23 3600
f 3600 190 513
f 2497 513 87
f 404 491 548
f 1299 2608 3599
f 3099 3638 55
f 3387 1758 1802
f 3597 87 514
f 3113 161 2993
f 3498 1089 4698
f 3498 1789 1883
f 3499 1088 4697
f 2621 1744 1881
f 3500 1798 4704
f 3501 771 4712
f 1882 2574 1170
f 4523 2729 1899
f 1272 2374 4697
f 4522 1799 4705
f 3502 759 4713
f 3502 1799 845
f 3473 1890 4706
f 1097 1057 4716
f 4000 1800 4707
f 3504 1801 4708
f 3505 1801 4709
f 3507 2365 4712
f 3508 2367 4717
f 3509 1344 4708
f 3497 1308 3512
f 514 120 3596
f 534 3597 3596
f 283 381 164
f 2936 3513 3512
f 3596 120 493
f 188 534 3596
f 2892 1489 722
f 493 560 3594
f 3595 3594 1309
f 1770 1309 3594
f 3594 560 512
f 4139 4696 1133
f 3592 512 279
f 3592 2519 2591
f 407 406 2593
f 3245 452 3111
f 3386 1040 982
f 3387 1802 1618
f 3388 85 3362
f 2519 279 104
f 1453 280 2519
f 68 3514 2523
f 3591 104 562
f 1491 2892 2672
f 4677 4257 4651
f 3328 1724 1714
f 3034 527 366
f 121 3515 2922
f 1768 1300 3517
f 520 345 3517
f 3719 312 163
f 2971 2944 3516
f 3589 345 122
f 284 61 358
f 4259 3519 4796
f 3180 732 3128
f 3147 1803 3160
f 3162 1058 3143
f 3130 1804 3176
f 1673 3136 3172
f 3139 675 2698
f 3156 1059 3152
f 208 3071 3521
f 3521 1806 3073
f 3132 1807 3170
f 3137 1807 3164
f 3146 1808 3154
f 3121 1808 3177
f 3134 1809 3174
f 3141 1809 3166
f 3150 1810 3157
f 3125 1810 3182
f 3161 1569 3145
f 3129 1811 3178
f 1609 1517 218
f 2967 3151 3167
f 3158 1570 3144
f 3126 1814 3175
f 1571 3138 2708
f 3119 1815 3169
f 3148 3163 2624
f 3131 1816 3179
f 3159 1572 3142
f 3127 1817 3173
f 3165 1468 3149
f 2775 1699 435
f 3179 1669 3147
f 3162 1660 3129
f 3143 2900 3175
f 3160 1659 3127
f 3124 2901 3156
f 3152 2902 3185
f 3169 1664 3137
f 3120 2903 3154
f 3178 1668 3146
f 3164 1661 3131
f 3173 1666 3141
f 3157 1658 3126
f 3181 1670 3150
f 3166 1662 3133
f 3130 2907 3161
f 3145 2908 3177
f 1432 2908 4777
f 2564 3167 3136
f 3144 2909 3176
f 3183 3151 3221
f 3125 2910 3158
f 3138 2913 3170
f 1373 3163 2920
f 475 3148 2914
f 3128 2915 3159
f 3142 2916 3174
f 3134 2917 3165
f 3586 472 1448
f 122 56 197
f 2608 1299 3522
f 3523 860 3359
f 3523 943 3857
f 3525 1321 3853
f 1409 1530 3855
f 3526 1305 2853
f 3526 1539 4637
f 2339 3527 1306
f 3527 1540 4639
f 2759 3529 1720
f 3531 1819 4636
f 3531 727 3854
f 2852 3532 672
f 3532 1819 2776
f 3533 1820 4638
f 3533 947 4642
f 861 2474 2851
f 3534 1820 4635
f 3851 1821 4048
f 3535 359 63
f 3536 1062 4640
f 2975 1740 3366
f 2889 2475 4781
f 2476 3538 127
f 2575 197 20
f 3540 1823 3701
f 1063 1935 3689
f 3601 1712 1868
f 1868 3520 3688
f 20 589 3541
f 3584 595 2544
f 3541 589 235
f 1792 3771 3365
f 1905 3366 1740
f 3544 235 466
f 747 729 3362
f 3583 466 530
f 2568 3583 1436
f 3581 243 2873
f 3583 530 136
f 3598 3545 11
f 3545 3322 2155
f 4409 43 2230
f 1436 3546 1431
f 3546 136 244
f 3579 542 3581
f 3587 1848 1870
f 3832 1959 1840
f 3767 772 764
f 3902 1092 1072
f 3866 1889 1839
f 3865 260 227
f 1888 1836 3697
f 1064 3864 3832
f 3547 225 7
f 3547 3844 3698
f 3548 244 245
f 1431 3548 246
f 2838 1519 3334
f 2837 213 3335
f 3336 2749 2838
f 3334 2750 2836
f 3931 3333 2751
f 2836 938 1509
f 242 3579 2551
f 3548 245 137
f 867 2842 952
f 1493 2679 2625
f 1717 3313 3554
f 3552 1825 159
f 3552 285 79
f 1065 4155 2651
f 3874 2651 1825
f 1111 2760 1065
f 3860 778 3705
f 3705 762 763
f 1838 3580 3838
f 3481 149 3449
f 3564 550 409
f 3449 70 3004
f 3382 1039 2714
f 2673 721 682
f 3207 970 3105
f 1681 3094 2250
f 1753 3385 845
f 2375 1359 1716
f 1477 3327 1793
f 3543 1037 3772
f 3291 267 3297
f 3067 309 3296
f 3537 4686 259
f 4732 249 2687
f 152 139 3557
f 3135 997 2902
f 1494 2674 2677
f 3418 1780 3484
f 1032 4760 1038
f 3561 3327 1054
f 3771 1792 1974
f 3104 755 788
f 3885 1066 1099
f 4431 2103 3885
f 3772 1830 1908
f 60 184 434
f 2731 812 71
f 2375 1097 3417
f 2270 1359 1890
f 1831 3564 3563
f 3691 1895 3609
f 1067 3704 3690
f 1838 3705 3703
f 1841 3582 4178
f 3711 1839 1847
f 3696 1072 1076
f 1907 3710 1840
f 1069 3587 3768
f 3565 1340 3675
f 1487 2662 3565
f 3566 1081 3639
f 3566 1487 3678
f 3567 1068 3676
f 2666 2664 3567
f 3568 1832 3677
f 3568 1068 3656
f 3569 84 3647
f 3569 1832 2447
f 3570 1341 3654
f 2337 1629 2780
f 3653 1834 2412
f 2255 3571 4748
f 2443 1421 2885
f 3572 1835 3682
f 3573 685 3665
f 1835 2444 3573
f 3574 1358 3656
f 3574 2407 2446
f 2444 1357 3654
f 1681 3084 435
f 3576 939 2442
f 3576 2436 2441
f 3577 938 3578
f 2413 3655 3577
f 1795 3324 1710
f 4199 4497 1999
f 3578 2415 2446
f 4026 3636 2191
f 2563 2675 3549
f 2551 3549 242
f 1431 3546 244
f 3609 774 763
f 3609 1895 1841
f 1895 3839 3582
f 3838 1827 1838
f 2205 1939 3563
f 1901 1837 3706
f 373 473 3584
f 3583 2568 3544
f 4386 4183 2275
f 1600 2982 4691
f 235 3544 2955
f 1838 3814 3580
f 3564 1831 3714
f 3542 3647 124
f 2574 2933 2575
f 3705 763 3703
f 1070 4178 3582
f 3813 3953 1070
f 3522 1385 2370
f 3589 1768 3517
f 2944 3518 3516
f 2852 672 2472
f 521 3517 1300
f 1836 3696 1875
f 3610 764 772
f 2523 2958 3515
f 104 3591 1453
f 3305 607 3245
f 2597 2642 4041
f 3592 1770 3594
f 293 2743 2783
f 2842 1717 3551
f 511 406 3513
f 2686 106 3364
f 2689 2683 3593
f 3595 188 3596
f 1308 2936 3512
f 2606 4199 851
f 3598 11 285
f 2608 3497 153
f 3543 1740 2297
f 3368 1741 1724
f 1250 4411 1162
f 3600 23 3496
f 2928 1464 2615
f 3604 98 370
f 720 2672 2669
f 3605 436 3486
f 3192 719 2894
f 3606 3844 3363
f 3606 221 1942
f 4014 2379 4730
f 273 240 3607
f 4732 2378 3608
f 3714 1831 1877
f 3628 1907 1840
f 3711 1076 1072
f 3693 1869 3922
f 4276 1949 3685
f 3692 1077 3815
f 3684 1866 3739
f 3632 765 3845
f 1850 3846 3683
f 3633 1073 3741
f 3611 1842 3713
f 3612 1151 4481
f 3612 1511 4473
f 3613 1265 4485
f 3613 1511 4475
f 3614 1874 2991
f 3616 1843 4469
f 3616 1074 1087
f 3617 766 4480
f 3617 1843 1925
f 3618 1844 4472
f 3618 766 770
f 3619 1075 4482
f 3619 1844 1900
f 2639 393 3799
f 3716 644 4483
f 1927 3716 1845
f 3702 1873 2189
f 4767 3300 959
f 2605 3266 637
f 1133 3621 4010
f 2875 917 1578
f 3715 2561 4016
f 201 202 3093
f 3622 1846 4471
f 3622 1151 4468
f 3623 976 4479
f 3623 1846 3707
f 3624 1224 1074
f 3624 2015 2
f 4280 4644 703
f 3625 4010 2188
f 3626 2018 3029
f 3645 1855 1853
f 1852 3651 3640
f 3646 174 12
f 3640 439 82
f 1857 3648 3646
f 3648 545 174
f 3529 1125 1207
f 3629 1270 4033
f 3629 1513 4040
f 3630 1154 4032
f 3630 1513 4039
f 83 3848 3074
f 250 2981 4383
f 3695 3108 980
f 3026 1917 4511
f 4026 3693 4291
f 2343 2340 2893
f 3694 1077 4034
f 3692 1866 4038
f 3684 765 4030
f 3632 1850 4036
f 3683 1073 4028
f 3633 1842 4390
f 183 3101 3611
f 3634 1851 1293
f 3634 1154 4031
f 3635 828 976
f 3635 1851 4037
f 3026 555 1917
f 1226 3030 2744
f 3637 2024 4028
f 3082 2026 4032
f 556 3674 124
f 3645 3644 432
f 2636 2579 2944
f 1185 2935 3642
f 174 3646 3648
f 3640 82 3778
f 3671 3649 1852
f 1079 1080 3670
f 3648 1857 1861
f 3205 1302 2579
f 1853 3639 3641
f 3639 1853 1855
f 1856 3643 1854
f 3643 1078 1081
f 2084 2376 3650
f 1082 4389 1113
f 1856 3673 3643
f 2413 3577 3578
f 3652 1211 1187
f 878 3576 2442
f 4753 4804 393
f 2531 1387 4588
f 2444 3654 4826
f 3519 1357 1835
f 4795 3574 3656
f 4788 3568 3656
f 1105 3869 3657
f 1483 2719 3657
f 3658 1313 3782
f 1365 1486 2456
f 3659 1314 4674
f 3660 1104 4666
f 3660 1361 4653
f 3661 1313 3780
f 3661 1367 3793
f 1101 3834 3662
f 3662 1367 3788
f 3663 1102 4667
f 3663 1368 4654
f 3664 1314 4673
f 3664 1368 4661
f 1858 3571 2667
f 1858 3665 4803
f 4791 3573 3665
f 2243 1833 881
f 3666 1859 3789
f 883 3783 3666
f 776 3836 3667
f 3667 1859 3794
f 3668 1860 4659
f 3669 777 4672
f 1924 3669 1860
f 1079 1857 3294
f 203 574 573
f 1487 3566 1855
f 4799 2662 3645
f 3648 1861 3795
f 3670 1080 3781
f 1857 1079 3670
f 3671 1862 3787
f 1080 3649 3671
f 3778 1862 3640
f 3644 1863 4655
f 3641 1078 4668
f 3641 1863 1853
f 3673 1856 4660
f 1078 3643 3673
f 2356 3674 556
f 4793 3565 3675
f 4801 2663 3675
f 4798 2661 3676
f 4794 3567 3676
f 4795 3567 2664
f 1854 2665 3677
f 4798 3568 3677
f 4793 2661 3678
f 3678 2408 1081
f 2662 1487 1855
f 4800 3565 2662
f 671 2666 4794
f 754 1180 4166
f 2410 1341 3570
f 4791 2667 3682
f 3572 3682 3715
f 1831 3690 3704
f 3318 991 1025
f 4323 946 1871
f 3115 3184 2247
f 3984 1868 2011
f 1935 1063 2022
f 3482 969 1031
f 3495 1728 3338
f 2528 767 3862
f 209 210 3614
f 3030 4388 1224
f 3691 763 762
f 1826 3839 1895
f 1224 2744 3030
f 2346 2188 2814
f 16 3709 294
f 3709 43 3331
f 3800 1948 3695
f 1903 3631 3763
f 3842 1916 3703
f 1917 2518 4511
f 3808 1927 1845
f 3617 770 766
f 3628 764 787
f 3737 1076 1108
f 3711 1847 1906
f 526 361 3627
f 3777 570 571
f 3777 3882 1943
f 2992 3189 1742
f 3057 247 1001
f 3719 494 313
f 3713 1876 3760
f 2691 1500 1474
f 3739 1886 3764
f 1903 3903 3694
f 2439 4045 4318
f 4605 1223 4008
f 3702 644 645
f 3809 3616 1087
f 3717 1874 1885
f 210 522 3738
f 3721 1290 4603
f 3721 1547 4578
f 3722 1547 4576
f 1283 4441 3724
f 3724 1548 4584
f 3725 1203 4593
f 2134 3725 1549
f 3726 1290 4602
f 3726 1549 4580
f 3727 1204 4595
f 3727 1550 2136
f 1286 4609 3728
f 3728 1550 4582
f 3729 1878 4577
f 3729 951 4592
f 2133 3730 1878
f 3731 1879 4583
f 3731 951 4598
f 853 4611 3732
f 3732 1879 4574
f 3733 1880 4573
f 3733 271 4523
f 3480 1088 4594
f 3499 1790 4579
f 3478 771 4604
f 3501 1798 4575
f 3479 1089 4596
f 3498 1883 4581
f 622 4548 3734
f 3734 1883 3476
f 1875 3696 3737
f 1840 3767 3628
f 3627 1847 1839
f 3704 1085 3843
f 1916 3978 3814
f 1841 3812 3609
f 3308 3203 3207
f 1096 3106 2130
f 1905 3556 3366
f 1379 2492 2856
f 2492 1379 1383
f 1959 3767 1840
f 3866 1072 1092
f 3840 787 764
f 3859 2001 1875
f 1522 3911 2889
f 1721 3322 3545
f 1031 1090 3965
f 3736 1884 4420
f 4315 1206 1276
f 1896 3006 933
f 3816 645 644
f 2500 739 2501
f 2505 2940 2501
f 781 4403 805
f 1390 2939 2886
f 4193 2045 1959
f 2885 1421 1590
f 2939 1459 2882
f 1845 3620 3808
f 1818 2586 2585
f 2506 1747 2370
f 3735 1900 1844
f 3636 4026 1083
f 1940 4008 1873
f 3809 1925 1843
f 3717 1087 1074
f 555 2741 1999
f 3808 1075 1109
f 3735 770 775
f 1928 3818 1925
f 3809 1091 1100
f 3770 1885 1909
f 3738 522 570
f 4079 1782 3462
f 4078 1142 4346
f 4078 1784 1993
f 3995 1785 3468
f 3994 1143 4347
f 3994 1786 1994
f 3742 1891 4003
f 3742 1050 3461
f 4062 1891 2428
f 3743 1892 4351
f 3999 793 4362
f 3999 1892 2008
f 1910 4081 3803
f 3834 1101 3468
f 3804 1921 2433
f 3836 776 3460
f 3850 1933 2427
f 3869 1105 3456
f 3805 1922 2424
f 3779 1911 1995
f 3801 1102 4347
f 3835 1919 4355
f 3802 777 4363
f 1924 1934 4356
f 3849 1104 4368
f 3870 1920 4357
f 2426 2422 608
f 3744 1893 4358
f 3745 1893 4359
f 3746 1894 2429
f 3746 1243 3457
f 3747 1050 3462
f 3747 1894 2423
f 3749 2180 4362
f 3750 1785 3971
f 3750 2181 2433
f 3751 1781 3460
f 3751 2181 2428
f 3752 1346 3456
f 3752 2182 2423
f 3753 1781 3461
f 3753 2182 2427
f 3754 2183 4369
f 3755 1347 4358
f 3758 1782 3463
f 3758 2214 2429
f 3759 1346 3457
f 3759 2199 2424
f 1918 3845 3765
f 1457 1397 2515
f 1726 3006 3031
f 1620 2802 3919
f 156 65 2649
f 3846 1918 3769
f 1902 3762 3760
f 1095 3846 3769
f 1945 3769 1918
f 2270 3311 1359
f 1401 2960 2861
f 3811 3714 1877
f 4792 4641 4429
f 3763 646 647
f 2518 3980 89
f 3841 1108 1076
f 3196 2852 2472
f 2474 3213 1370
f 1194 2475 1734
f 2529 2960 1452
f 3814 1085 3580
f 3220 2745 2919
f 1450 2874 2535
f 2871 1414 1992
f 2657 2513 1881
f 3772 3920 1066
f 3587 1069 1107
f 2947 668 670
f 2001 3974 3840
f 1093 3800 3695
f 1545 3171 3123
f 4195 1132 1054
f 4430 788 755
f 3383 2480 1795
f 1195 3409 1421
f 3920 1908 1973
f 3776 434 48
f 19 1492 2565
f 4662 2468 3803
f 4650 3662 3834
f 4669 2460 3804
f 1654 3153 4651
f 4664 2463 3850
f 4652 3657 3869
f 2655 2660 1922
f 2426 1920 2422
f 3870 1104 3660
f 1924 2466 1934
f 3837 777 3669
f 3802 1919 2462
f 3835 1102 3663
f 3801 1911 2469
f 432 3644 3779
f 4656 3661 3780
f 4671 2467 3780
f 4663 2459 3781
f 4657 3670 3781
f 1365 3658 3782
f 4670 2464 3782
f 4658 3666 3783
f 3784 1914 2465
f 3784 1314 3659
f 926 3668 1914
f 3785 1915 2470
f 3785 1314 3664
f 1078 3673 3786
f 3786 1915 2461
f 4649 2468 3787
f 4663 3671 3787
f 4656 2459 3788
f 4662 3662 3788
f 1923 2463 3789
f 4665 3666 3789
f 681 1650 3455
f 4664 3657 2719
f 2471 1361 3660
f 3790 1860 3668
f 3790 2351 2466
f 3791 1368 3663
f 3791 2352 2461
f 3792 1863 3641
f 3792 2352 2469
f 4650 2460 3793
f 4670 3661 3793
f 4658 2464 3794
f 4669 3667 3794
f 4657 2467 3795
f 545 3648 3795
f 4671 3658 2456
f 3796 1860 3669
f 3796 2355 2465
f 3797 1368 3664
f 3797 2355 2462
f 1366 3659 2457
f 3674 2356 2470
f 1821 3851 3798
f 213 94 4513
f 2998 747 85
f 3766 1904 3815
f 2463 1923 1933
f 17 96 3806
f 2812 1000 4544
f 2099 4544 3338
f 2811 1543 4211
f 4211 3204 1190
f 455 4428 4417
f 3882 571 200
f 3882 3873 1951
f 3575 4139 1120
f 731 2492 2493
f 3601 1052 3699
f 2496 734 2493
f 1720 3529 15
f 2969 3095 1632
f 4056 2032 1907
f 1875 3737 3859
f 1076 3711 3841
f 3773 1906 1847
f 2501 2940 1462
f 3414 2610 2940
f 1875 3840 3610
f 2511 735 2509
f 2646 4035 2263
f 4477 3539 852
f 2515 669 680
f 698 740 733
f 4765 327 2612
f 3553 945 1029
f 1396 2520 3229
f 1839 3590 3627
f 3978 1916 2034
f 3842 774 795
f 4178 1070 1148
f 79 289 291
f 3710 1907 3973
f 1131 1107 1069
f 3840 1875 2001
f 1008 2527 3232
f 737 2960 2529
f 1476 1833 2243
f 678 2972 2535
f 2950 1649 1656
f 1406 1582 3237
f 2947 1447 2863
f 904 3237 1582
f 2870 1446 2947
f 905 1579 1575
f 4771 3289 1352
f 1873 3938 3588
f 3770 1091 1087
f 2344 1585 2177
f 2542 2953 1438
f 2177 2335 3239
f 3241 3250 2569
f 2549 2866 716
f 19 2158 1492
f 1590 912 2332
f 3248 1018 3247
f 2550 1430 2547
f 1421 912 1590
f 4291 3693 3922
f 2698 856 3139
f 3815 1886 3692
f 3845 1918 1850
f 2548 2864 2562
f 2967 3167 2564
f 2555 721 1456
f 1195 1421 2443
f 4139 3575 4696
f 1075 3619 1109
f 3818 775 770
f 676 708 712
f 3819 942 3302
f 1049 3453 2770
f 3820 1032 3299
f 3820 1056 3301
f 3299 3821 1710
f 3821 1829 2149
f 3855 1530 1794
f 3822 3494 918
f 2841 3822 2526
f 1372 1796 2767
f 3823 2481 3491
f 728 3823 3491
f 754 2477 1260
f 3825 1929 2149
f 3825 756 2479
f 2772 2479 3492
f 2767 3827 3240
f 1056 3827 2792
f 2440 2477 3828
f 1930 3494 2774
f 3829 1931 3895
f 3490 2478 3829
f 1797 2481 3894
f 3823 1304 3830
f 674 2535 2874
f 1954 1951 3873
f 3980 1977 4167
f 3809 1843 3616
f 3735 1844 3618
f 1074 3615 3717
f 678 2529 2972
f 1409 4734 4542
f 3866 1839 3711
f 1840 3710 3832
f 3697 1836 1875
f 3367 4247 4645
f 1454 697 699
f 922 2562 2864
f 2880 2382 4741
f 1456 711 2555
f 666 2963 709
f 3586 1302 134
f 679 2953 706
f 3541 2955 2574
f 2648 155 4731
f 1444 1930 3493
f 1870 1887 3768
f 2580 2537 903
f 829 4319 3833
f 2187 4122 3833
f 739 2500 2496
f 4789 1602 2333
f 983 3329 3649
f 3651 1852 1708
f 2978 1490 2670
f 852 1400 662
f 731 2488 2492
f 3259 1016 2678
f 721 2555 2677
f 1455 4563 2525
f 689 1374 2915
f 2510 2348 2345
f 2506 2342 2348
f 2609 2859 2970
f 2496 2930 692
f 4432 1385 3940
f 1992 1414 2893
f 2871 1377 3222
f 3617 1925 3818
f 732 2482 3128
f 2673 683 722
f 2448 2679 1493
f 3580 1067 1071
f 354 3082 3029
f 3948 1939 2205
f 4405 825 3860
f 1826 1938 1181
f 1927 3816 3716
f 3698 1870 1848
f 3705 1838 1827
f 3874 1070 1084
f 3978 1106 3814
f 3812 774 3609
f 3843 1926 3704
f 312 3719 3354
f 1847 3627 3773
f 1064 3768 1887
f 3864 1114 4193
f 3740 772 779
f 3902 1888 2013
f 1103 3694 3903
f 1902 3741 3774
f 3774 1095 3888
f 3764 1904 3896
f 3608 384 383
f 2630 4687 3607
f 3949 231 254
f 3949 1955 1980
f 775 3818 3905
f 3863 647 646
f 454 361 527
f 3554 4302 1717
f 3485 3153 1654
f 3486 50 3074
f 1498 2978 1495
f 1971 3890 3954
f 4353 1933 1923
f 1652 1538 3353
f 3700 1871 843
f 3847 1238 4309
f 1872 1935 212
f 1927 3808 3871
f 1925 3809 132
f 3311 1028 3391
f 3816 1927 1944
f 4440 127 3538
f 3537 1062 4686
f 2002 3104 4235
f 932 2668 4094
f 3851 74 3798
f 3408 1535 1828
f 4557 3553 4213
f 4734 3525 3853
f 4737 2776 3853
f 2772 4542 1147
f 4735 3531 3854
f 3380 3525 1409
f 2381 672 3532
f 3819 2770 3524
f 3828 2774 3857
f 860 3523 3857
f 1887 3844 3606
f 2152 4191 3079
f 1114 1330 4193
f 2794 4096 2045
f 3740 779 830
f 3858 4684 1115
f 3858 2013 2207
f 1115 4684 1294
f 260 3865 233
f 3714 550 3564
f 1905 1740 1066
f 3483 1791 1741
f 3890 254 232
f 3890 1971 1955
f 2699 2714 1039
f 3382 2151 1552
f 2793 3912 2766
f 2259 1938 762
f 4500 1946 3838
f 3948 1231 1071
f 769 773 3765
f 1943 1909 3777
f 3867 1928 132
f 132 3809 1100
f 3868 1900 1978
f 1952 4503 4245
f 226 3337 1610
f 1536 2790 1503
f 3738 1885 1874
f 582 230 2729
f 3328 1714 3308
f 3619 1900 3868
f 3858 1115 1092
f 233 456 260
f 3880 648 3816
f 3867 1947 1928
f 582 2729 4523
f 1951 4282 3876
f 1951 1943 3882
f 784 3957 3872
f 3588 3938 3884
f 1909 3861 3770
f 3703 763 774
f 3762 1902 3881
f 1836 3902 3696
f 3590 1839 1889
f 3818 1928 3905
f 3862 1952 1647
f 1117 3886 3871
f 3878 1440 3939
f 3352 761 757
f 1787 1735 3320
f 1103 3766 3815
f 1100 3861 3876
f 1294 3883 1115
f 609 506 4115
f 2056 4115 1988
f 3277 527 3034
f 1610 1474 3003
f 3739 769 3684
f 3846 1086 3683
f 3741 1876 3633
f 4282 1121 3876
f 3892 1947 1987
f 3877 1126 1117
f 3878 1940 3588
f 3938 648 3884
f 3886 1990 1944
f 3886 1117 1126
f 1953 3877 1978
f 3321 411 3113
f 3839 1084 3582
f 3934 1118 1116
f 1947 3867 3893
f 1953 3872 3957
f 1225 3224 1440
f 1947 3892 3905
f 3924 1964 3875
f 1969 3925 3896
f 2675 3607 21
f 1998 3952 3925
f 3934 2010 3993
f 3873 200 348
f 1244 9 4421
f 3880 651 648
f 3520 757 3688
f 3631 643 3763
f 3892 1987 4059
f 231 3949 3977
f 2052 4242 3887
f 3881 1950 3901
f 3926 3863 1523
f 1885 3770 3717
f 3943 204 350
f 348 3831 3873
f 3873 3831 1954
f 3923 2035 1987
f 3957 784 783
f 3884 648 651
f 1873 3702 3938
f 1900 3735 3817
f 3777 1909 1885
f 1985 3954 3979
f 4244 3621 4696
f 3764 773 3739
f 3929 1130 3930
f 3997 1968 3928
f 1968 3959 3927
f 3895 42 44
f 3968 3467 325
f 3968 1993 3467
f 4342 432 3779
f 3972 258 186
f 1412 2298 3205
f 3738 1874 3614
f 1110 3976 2768
f 3679 3904 4276
f 3933 1969 3766
f 2010 3897 4110
f 179 1965 3942
f 1966 4111 3926
f 1954 2063 4282
f 348 204 3831
f 767 979 3889
f 3923 1124 1136
f 3947 1963 3957
f 4058 1963 1982
f 3884 651 652
f 2873 2570 1767
f 3184 3135 1245
f 3923 3893 1121
f 784 3892 4059
f 1414 2871 4597
f 2063 3983 1124
f 1875 3610 3697
f 1953 1963 4058
f 3906 1960 2802
f 3906 861 3534
f 1125 3529 3907
f 3907 1960 2805
f 3909 359 3535
f 3909 3908 2800
f 1305 1961 2803
f 3910 727 3531
f 3910 1961 2798
f 1306 1962 2804
f 2792 3827 2767
f 3912 947 3533
f 2766 3912 1962
f 3530 1542 2807
f 1062 3537 2801
f 2801 1542 1720
f 3536 4640 3452
f 1541 3528 3913
f 3914 1820 3533
f 3914 2329 2805
f 2337 943 3523
f 3915 1539 3526
f 3915 2338 2797
f 3916 1819 3532
f 3916 2852 2803
f 3917 1540 3527
f 3917 2339 2799
f 3918 4296 1357
f 3534 2851 2804
f 2962 3530 4781
f 3919 2475 1620
f 2807 1822 3538
f 55 1170 2568
f 4058 1126 3877
f 4058 3877 1953
f 3936 1974 1792
f 3920 1099 1066
f 1126 3982 3886
f 4096 2794 779
f 3691 1826 1895
f 3760 438 3713
f 2007 4110 3992
f 1998 3933 3991
f 4086 1984 3924
f 1130 3997 3928
f 3930 1955 3929
f 786 3927 3959
f 1988 3998 3960
f 3942 1988 4115
f 2003 3986 4135
f 3777 1885 3738
f 3890 1955 3949
f 2005 3989 3928
f 1970 1981 3950
f 3996 1129 4328
f 3990 1980 3930
f 3812 795 774
f 1841 4178 2048
f 3773 361 397
f 3891 786 791
f 2009 3959 1968
f 3997 1130 1140
f 1985 3958 3929
f 3890 232 3954
f 3958 1140 1130
f 761 3352 3700
f 3689 1823 3807
f 1139 3928 3989
f 3928 1968 2005
f 790 3891 3950
f 3950 3891 1970
f 1139 3990 3930
f 51 3935 49
f 3854 1482 1147
f 918 2526 3822
f 2046 4060 4106
f 4181 580 603
f 3713 207 3611
f 1952 2130 1647
f 3741 1086 3774
f 4023 1970 3891
f 3931 1343 3018
f 1130 3929 3958
f 931 2629 2983
f 3964 1976 3943
f 2035 3923 3944
f 3966 4520 3800
f 2000 1665 1812
f 2012 3991 3985
f 767 3980 789
f 3967 652 651
f 1530 2479 1794
f 4058 1138 1126
f 3923 1136 3944
f 3988 3983 1976
f 1168 3944 1136
f 2630 3607 2675
f 4048 3535 3851
f 1980 3977 3949
f 2005 3927 4061
f 1990 3982 4501
f 2012 3955 3952
f 3811 1926 4001
f 3563 551 4404
f 3954 584 3979
f 3998 1134 3960
f 1992 2347 4432
f 3986 792 4135
f 3985 1141 1146
f 1975 1360 4384
f 3962 4123 1146
f 768 4510 1948
f 3955 804 792
f 804 4135 792
f 1981 1970 3996
f 811 4056 787
f 1156 4145 3859
f 2033 4175 3841
f 3898 1950 3888
f 2003 4317 3975
f 1146 4422 3985
f 1986 4123 3962
f 1138 4005 1172
f 3965 1090 1237
f 3210 1406 1405
f 3895 1991 3032
f 3894 1932 158
f 3830 140 481
f 3100 494 3719
f 1958 3898 4174
f 3556 1905 2103
f 1926 3843 4080
f 1952 3862 2080
f 3945 803 3947
f 4316 2074 1979
f 1464 4432 3940
f 1997 4120 655
f 652 3967 655
f 1990 4501 1997
f 2646 3686 2208
f 4520 1271 3800
f 1999 2741 1174
f 3956 4128 2092
f 720 3355 3196
f 3932 1967 4092
f 1981 4093 3950
f 1442 1415 3289
f 4501 1138 1172
f 1941 3966 1093
f 1134 3993 3975
f 3958 1985 2021
f 3997 1140 1153
f 4023 791 797
f 2697 495 2020
f 3932 1129 1152
f 3171 993 3123
f 4503 1145 4245
f 3947 783 3945
f 3944 1979 2035
f 1025 4323 3687
f 3646 12 2558
f 4722 311 3361
f 2215 4722 1030
f 2065 1956 3963
f 782 3896 3925
f 3538 220 4440
f 2009 4076 3959
f 231 3977 394
f 1980 4004 3977
f 1979 2074 4116
f 4058 1982 4005
f 1168 4316 3944
f 3998 1988 3942
f 1136 3983 3988
f 3955 792 3952
f 4024 2021 1985
f 845 2758 3502
f 2049 4100 4001
f 4080 1106 4157
f 2085 2034 4293
f 2048 4099 3812
f 1123 3933 3766
f 1106 4080 3843
f 2063 1954 3831
f 3899 750 2975
f 3942 1965 3998
f 1991 2768 3976
f 4696 3621 1133
f 4002 4436 3066
f 2328 4633 4002
f 782 4110 3897
f 344 3316 430
f 4100 281 4001
f 486 29 4305
f 1984 3962 3951
f 3982 1126 1138
f 3866 1092 1115
f 1937 3865 1889
f 3826 1147 1482
f 3990 1149 4117
f 2168 4161 2005
f 4328 2134 1981
f 4339 2036 4104
f 2054 4083 2162
f 3926 649 3863
f 4007 1224 4388
f 1874 3615 4007
f 3452 1360 4048
f 2130 4245 1096
f 1055 1846 3622
f 4009 2015 3624
f 4009 1074 3616
f 4377 2015 2722
f 4010 3625 1133
f 2016 4470 2725
f 4012 2017 2726
f 4012 766 3618
f 4013 1151 3622
f 4013 2017 2723
f 3626 1151 3612
f 3487 2018 2721
f 4015 2019 2724
f 4015 1265 3613
f 4016 3572 3715
f 3620 2019 2720
f 4017 2250 2725
f 4018 1846 3623
f 4018 2251 2726
f 4019 1843 3617
f 4019 2251 2722
f 4020 1511 3612
f 4020 2252 2720
f 4021 1844 3619
f 4021 2252 2723
f 2724 1845 3716
f 4022 1511 3613
f 4022 2253 2721
f 3996 1152 1129
f 2112 4413 797
f 4097 2112 2009
f 4077 2021 2087
f 477 390 4024
f 3903 3937 1123
f 1935 2022 615
f 3978 2034 2085
f 4327 2048 4178
f 3368 1724 3328
f 738 4071 2190
f 4390 1842 2195
f 1293 1227 3634
f 1293 1851 3707
f 4026 2023 4504
f 3274 1433 807
f 749 2735 4027
f 2023 2191 2592
f 4505 3683 4028
f 1226 3637 4028
f 4514 2738 4029
f 4029 2024 1516
f 4506 3684 4030
f 4515 2739 4030
f 4516 2737 4031
f 4507 3634 4031
f 4508 3630 4032
f 1227 3082 4032
f 2414 1637 2561
f 4509 3629 4033
f 2267 2736 4033
f 4517 2733 4034
f 4034 2027 1849
f 4035 1869 4504
f 4505 2738 4036
f 4515 3632 4036
f 4507 2739 4037
f 4514 3635 4037
f 4506 2737 4038
f 4517 3692 4038
f 4509 2733 4039
f 4516 3630 4039
f 1849 2736 3631
f 4508 2734 4040
f 4519 3629 4040
f 2223 1246 3010
f 4041 2642 3243
f 4042 1611 3012
f 3279 2227 4042
f 4043 1269 3011
f 4043 1706 2235
f 4044 1611 3013
f 4044 1706 2226
f 2176 4342 1995
f 1143 1262 3970
f 3994 1994 2218
f 3969 793 3009
f 3999 2008 2222
f 4025 1142 3010
f 4078 1993 2227
f 3968 324 3013
f 3287 2028 2241
f 3287 840 851
f 4046 1155 3011
f 4046 2028 2219
f 4047 2029 2226
f 4047 1155 1279
f 2273 664 3012
f 2030 2222 4049
f 1246 1261 4049
f 4050 842 3009
f 4050 2030 2272
f 418 2591 280
f 832 4052 2031
f 1629 4094 4250
f 2255 4748 726
f 4054 1297 1155
f 3095 980 2618
f 4055 1602 4789
f 1246 2223 2285
f 1609 2451 418
f 4443 2288 2286
f 3973 1162 1131
f 4152 811 787
f 4145 2095 2001
f 4057 397 546
f 3868 1978 3877
f 3359 860 2977
f 3967 1990 1997
f 1945 3934 3769
f 3765 773 3897
f 3961 3317 4287
f 4057 1906 3773
f 4461 2528 1647
f 3937 1964 3951
f 3811 107 3714
f 1897 511 2936
f 3947 1982 1963
f 3983 1136 1124
f 3943 1976 2063
f 4339 4104 1150
f 4336 4083 796
f 2041 2173 4082
f 1129 3932 4092
f 3881 333 3762
f 4108 802 799
f 1166 4133 1165
f 4114 2052 2055
f 4242 603 3887
f 1165 4114 4102
f 4063 1701 3268
f 4065 1702 3270
f 4606 2248 4066
f 1137 4074 3995
f 3971 2014 3271
f 2551 2565 4084
f 3972 1996 3273
f 3274 3922 1479
f 839 4465 4067
f 4068 2037 3275
f 4690 4069 2038
f 4069 1157 3269
f 4535 2038 3276
f 1247 3020 2051
f 844 4534 2039
f 3519 1835 3572
f 4072 1283 4612
f 1193 4392 4074
f 4075 2221 4068
f 1282 2225 4064
f 1332 4629 4441
f 2893 2347 1992
f 4085 2046 2053
f 4060 419 4106
f 2066 4337 4122
f 3123 3114 4425
f 2312 2396 2020
f 4077 1153 1140
f 4178 1148 4327
f 2046 4104 2036
f 647 3924 3875
f 4083 801 796
f 3898 1118 4174
f 795 3812 4099
f 2049 4080 4157
f 3590 1889 3865
f 1163 4085 4394
f 2054 4091 4118
f 2046 4085 4104
f 3562 1830 1791
f 2058 39 150
f 2059 1251 4124
f 4631 2169 2050
f 4112 150 263
f 2167 4395 4331
f 3901 177 3881
f 3887 2102 2055
f 3313 1717 1628
f 1163 1150 4104
f 4082 1158 1159
f 4091 2054 2162
f 3680 1439 1813
f 1532 2791 1238
f 1990 3967 3880
f 1141 3985 3991
f 4087 2042 2047
f 4087 1159 1239
f 4089 1239 1159
f 4089 2066 2187
f 4090 829 801
f 4090 2054 2197
f 4105 2076 2083
f 1161 4330 4117
f 4004 2043 4248
f 3941 1062 3536
f 4100 2049 4292
f 830 2013 1888
f 546 222 4057
f 2201 4153 2033
f 4166 1180 4274
f 2112 4076 2009
f 4463 1160 4124
f 4093 800 3950
f 3888 1116 3898
f 4149 2083 2079
f 2082 4148 4131
f 4098 390 253
f 4097 1153 1182
f 827 4023 797
f 3996 1970 2086
f 3932 1152 1339
f 4106 576 552
f 1470 1456 721
f 4206 2414 2561
f 2009 3997 4097
f 1140 3958 4077
f 3363 28 3606
f 4083 4336 2162
f 2593 406 511
f 1166 4631 4133
f 4375 2042 4087
f 4006 2041 2047
f 4082 1159 4087
f 4103 2066 4089
f 4083 2054 4090
f 4118 1163 4396
f 4112 267 3291
f 4182 2058 2376
f 4162 1164 1296
f 4108 2059 2323
f 4141 802 837
f 1186 4439 4114
f 4242 2052 2096
f 1150 1205 4339
f 2162 4322 4091
f 2569 3250 3252
f 4059 2035 1979
f 3998 4107 1134
f 2003 3975 2007
f 785 3986 3992
f 4175 1156 1108
f 2050 4101 4141
f 4189 2176 2100
f 802 4141 4101
f 2057 4133 2050
f 655 4109 652
f 4126 4501 1172
f 2077 4180 4005
f 1173 4165 4316
f 3964 350 203
f 4107 1965 4174
f 1171 1169 4129
f 1141 3951 3962
f 2618 980 637
f 3953 3813 2114
f 4327 1148 1230
f 2078 4160 3955
f 3963 652 4109
f 152 2689 3593
f 4170 2082 2081
f 4148 47 448
f 808 4169 4285
f 4295 2094 4138
f 824 4168 808
f 4169 808 806
f 3139 3171 675
f 4722 2215 2785
f 3965 4689 2155
f 1956 3588 3884
f 1124 4282 2063
f 1185 4084 1492
f 2064 1989 3964
f 4144 803 806
f 2089 4137 4180
f 2526 918 4284
f 789 3980 810
f 2498 327 2595
f 2080 3862 789
f 4180 1184 1172
f 4111 2060 4150
f 3575 1120 1135
f 329 609 4105
f 2056 4129 2076
f 3896 782 3764
f 1902 3774 3888
f 1979 3945 4059
f 3821 3299 3560
f 758 4746 3484
f 3986 2003 3992
f 328 4105 4149
f 4160 2078 2091
f 2082 4142 4148
f 2072 4165 4138
f 653 3956 4086
f 4167 810 3980
f 4136 4278 2090
f 2687 250 2378
f 2379 3557 4687
f 4165 1173 4138
f 1145 4503 4304
f 4171 2093 2071
f 4306 656 4150
f 4438 2203 2091
f 4335 1209 1183
f 2081 4391 4170
f 2094 2072 4138
f 328 329 4105
f 4172 2083 2076
f 4140 1176 1169
f 804 4160 809
f 3688 757 761
f 4687 273 3607
f 2494 4563 1455
f 4154 806 803
f 2074 4165 2072
f 1208 4304 4503
f 2078 4422 4438
f 1179 4295 4138
f 4163 2068 2146
f 4438 1183 1209
f 4004 389 394
f 4004 1980 2043
f 2091 4125 4160
f 4053 1096 1145
f 4295 2126 2094
f 4154 2072 4169
f 998 2077 1982
f 4121 1173 1168
f 3964 4142 2064
f 4055 2922 2958
f 2055 4102 4114
f 4296 3918 1833
f 654 4150 656
f 4130 1178 1176
f 180 328 4149
f 2067 4462 266
f 2068 4163 4120
f 2074 4154 4116
f 4142 2082 2064
f 4139 1133 2279
f 654 4111 4150
f 4147 2065 3963
f 1173 4121 4127
f 4296 3654 1357
f 4198 3973 2032
f 2095 2107 4152
f 1977 2088 4167
f 1983 805 4136
f 1183 4438 4422
f 4180 2077 2089
f 1184 4164 4126
f 4005 1982 2077
f 2520 1177 2577
f 2068 4501 4126
f 3974 2001 2095
f 2056 3960 4129
f 609 4115 4105
f 2074 4316 4165
f 1168 3988 4121
f 327 2331 1746
f 1974 4195 3771
f 4403 4401 4136
f 4159 1271 1188
f 4137 2089 4398
f 4128 654 656
f 2021 4024 4098
f 4176 1236 1186
f 2206 811 819
f 4321 1186 1236
f 3824 2768 1180
f 4155 2760 4326
f 1169 4317 4140
f 1152 4412 1339
f 4413 827 797
f 4310 2212 2112
f 4158 253 5
f 3267 4244 4696
f 2069 4150 2060
f 4171 804 809
f 2096 4321 2201
f 580 4181 4399
f 796 822 4336
f 4182 1164 1160
f 1596 1473 1489
f 2096 4181 4242
f 2176 4486 4185
f 4277 2106 4344
f 3326 2149 1929
f 1978 3817 3872
f 785 3992 4110
f 3933 1122 3991
f 4302 2699 3551
f 4343 2106 4203
f 510 4341 610
f 4341 2176 4189
f 2001 3859 4145
f 1108 3841 4175
f 4402 2069 3550
f 2082 4170 4127
f 4186 826 814
f 4186 2143 2175
f 4179 661 4340
f 3550 2069 2060
f 4129 1169 1176
f 1161 1149 3989
f 1980 3990 2043
f 3842 2034 1916
f 3953 1148 1070
f 1107 1972 3587
f 813 2174 810
f 2095 4152 3974
f 2059 4124 4162
f 2068 4126 4164
f 3380 1409 3855
f 1999 1174 3652
f 1191 4200 4241
f 800 4329 4061
f 3903 1903 3875
f 2067 4608 2322
f 4172 1176 1178
f 4203 814 4343
f 4207 1153 4077
f 4167 4201 813
f 4495 357 2647
f 4239 2179 2110
f 4392 1193 1199
f 4197 4527 2186
f 2129 4243 2108
f 3652 1187 965
f 2854 3119 1256
f 4398 2161 2127
f 4194 824 814
f 4241 4295 1192
f 4391 2101 2100
f 2201 4399 4181
f 2109 4202 2098
f 3392 403 3312
f 3184 3115 988
f 2143 4241 4200
f 1433 4281 4643
f 4175 2033 4153
f 4192 2098 4202
f 4187 73 216
f 4417 2811 4784
f 4417 37 455
f 1235 4211 1190
f 1190 4544 2099
f 96 264 148
f 4277 1189 1200
f 4199 2606 2125
f 4437 2256 1208
f 4239 1193 1137
f 4345 2172 4196
f 4209 659 4535
f 2561 1637 4016
f 2169 4529 838
f 3767 1959 2045
f 2153 810 2174
f 4431 1099 2105
f 4195 1974 940
f 3936 788 836
f 1249 4779 2103
f 4431 2105 2231
f 1200 4137 4398
f 2101 4190 4189
f 222 4399 4113
f 4762 637 3266
f 4285 824 808
f 1063 3601 3984
f 1935 1872 3689
f 1176 4140 4130
f 4208 2143 4186
f 4243 1198 4552
f 4184 326 4134
f 53 4275 4204
f 4303 1199 1201
f 4212 816 817
f 2371 1228 1206
f 4298 1201 1199
f 4202 1200 1189
f 3842 795 4293
f 1945 3765 3897
f 2095 4145 4177
f 4113 2201 2033
f 3895 44 3829
f 1970 4023 2086
f 4207 1182 1153
f 4048 2806 3535
f 4645 1211 3367
f 4208 814 824
f 4241 2143 2126
f 2083 4149 4105
f 2073 4140 4317
f 4243 4290 1210
f 1695 1422 3272
f 2073 4135 4171
f 1199 4210 4298
f 2157 3036 2712
f 4447 1213 3433
f 4332 2115 3049
f 818 3442 4313
f 4333 2171 3047
f 4372 1196 3439
f 4334 2116 3055
f 4312 321 3448
f 4214 2117 3045
f 840 4466 3444
f 1197 3437 4215
f 4215 2117 3051
f 3052 1197 3435
f 2118 3040 742
f 4216 2119 3048
f 4216 1289 3434
f 977 3441 4217
f 4217 2119 3038
f 4218 2120 3053
f 4218 1289 3440
f 4219 1048 3446
f 4219 2120 3046
f 4569 2121 3050
f 4569 1287 3436
f 4220 978 3443
f 4220 2121 3042
f 4221 2122 3054
f 4221 1284 3438
f 4222 1048 3447
f 4222 2122 3044
f 4223 1622 3433
f 4223 2300 3037
f 4224 3135 3168
f 3441 2300 3049
f 4225 1627 3439
f 4225 2301 3046
f 4226 1779 3447
f 4226 2301 3055
f 4227 1626 3437
f 4227 2302 3044
f 4228 1778 3446
f 4228 2302 3052
f 4229 1624 3435
f 2303 3041 4229
f 3051 1777 3443
f 2004 2936 1308
f 1776 3442 4231
f 4231 2308 3048
f 4232 1627 3440
f 4232 2308 3047
f 4233 1623 3434
f 4233 2309 3039
f 4234 1778 3445
f 4234 2309 3053
f 3436 2249 3043
f 3444 2294 1777
f 4235 3104 1253
f 3045 1626 3438
f 3367 1211 1769
f 4236 1779 3448
f 4236 2288 3054
f 30 1036 3063
f 1206 1228 1276
f 833 2104 4278
f 2606 832 4201
f 4304 1208 2170
f 1372 2767 4166
f 2128 2057 837
f 2211 4627 1250
f 2084 2202 2233
f 3650 400 2084
f 4176 4617 2128
f 4176 2107 4177
f 4376 1096 4053
f 1201 4298 4283
f 2127 4194 4203
f 2013 3858 3902
f 3883 1937 1889
f 4294 2123 4196
f 942 3524 1222
f 4248 2132 2822
f 3723 4330 1202
f 2133 2828 4400
f 820 3730 4329
f 2134 2824 4093
f 4328 1203 3725
f 4092 2135 2831
f 4373 271 3733
f 2136 2826 4249
f 4249 853 3732
f 2830 1204 3727
f 4251 2137 2833
f 1204 3722 4251
f 4252 771 3501
f 4252 2137 2819
f 4253 2138 2827
f 4253 1290 3721
f 4254 951 3729
f 4254 2138 2820
f 4255 2139 2832
f 4255 1290 3726
f 4256 1088 3499
f 4256 2139 2823
f 1286 2140 2834
f 4257 1815 3119
f 4258 1089 3498
f 4258 2140 2825
f 1283 2141 2829
f 2413 4259 3655
f 4260 951 3731
f 4260 2141 2821
f 1548 3723 4261
f 4261 2304 2821
f 4262 1878 3729
f 4262 2304 2828
f 4263 1549 3725
f 4263 2305 2823
f 4264 1880 3480
f 4264 2305 2831
f 4265 1550 3727
f 4265 2306 2825
f 1798 3479 4266
f 4266 2306 2833
f 4267 1547 3722
f 4267 2307 2820
f 4268 1879 3731
f 4268 2307 2830
f 4269 1878 3730
f 4269 2310 2827
f 4270 1549 3726
f 4270 2310 2824
f 4271 1547 3721
f 4271 2311 2819
f 1790 3478 4272
f 4272 2311 2832
f 2248 4606 2834
f 3728 2295 2826
f 2289 1879 3732
f 1882 4526 2933
f 1548 2287 2822
f 4283 2142 2079
f 1201 4283 1178
f 4308 809 821
f 1178 4286 1201
f 4279 821 809
f 1217 948 2919
f 2111 2062 4205
f 4209 2123 4307
f 1716 3392 3312
f 2101 4131 4190
f 1034 3342 4417
f 1210 4290 1209
f 3079 2097 2152
f 2161 4194 2127
f 1192 4391 4185
f 2538 3347 1455
f 4280 2630 4644
f 1208 2080 4437
f 3964 203 4142
f 4336 822 846
f 4337 2154 2238
f 4103 1158 4464
f 658 4340 4191
f 4374 5 391
f 4207 2087 2185
f 4310 1182 1221
f 2257 4412 2086
f 420 3110 4088
f 2109 2146 4202
f 2129 4212 4279
f 4306 2113 4237
f 1167 3978 2085
f 2085 4338 1167
f 2999 1676 3718
f 4285 2094 2126
f 1209 4335 4294
f 1175 1173 4127
f 1987 1947 3893
f 1209 4290 4438
f 3685 3679 4276
f 2090 1983 4136
f 2097 4247 4240
f 2127 4277 4398
f 4208 2126 2143
f 3367 4132 4240
f 1982 3947 998
f 804 3955 4160
f 2089 4144 4168
f 4289 2167 2160
f 4289 1215 1229
f 4395 552 4331
f 4397 823 829
f 4338 1229 1215
f 4396 4338 2166
f 823 4319 829
f 4319 2048 2196
f 809 4160 4125
f 4144 2089 2077
f 2204 4311 4403
f 2094 4285 4169
f 4196 4552 1198
f 2076 4129 4172
f 2126 4295 4241
f 4185 1191 1192
f 3326 1710 3821
f 3454 756 3825
f 3820 3299 3324
f 4299 1032 3820
f 4299 3301 1748
f 3558 1049 3819
f 1188 4297 4159
f 187 2992 1742
f 2113 4300 4315
f 1128 3356 1395
f 2069 4300 2113
f 4303 1201 4286
f 2086 4412 1152
f 4206 3715 2667
f 1 2173 2041
f 4312 2116 2156
f 3690 1831 1939
f 3705 1827 3860
f 2760 4155 1065
f 2651 412 159
f 3901 1965 179
f 4420 1237 3736
f 3965 2155 1031
f 4119 11 3545
f 4212 2129 2108
f 4392 4303 2131
f 4210 1199 1193
f 4401 833 4278
f 2044 4095 4000
f 1382 2890 2619
f 4212 817 4279
f 2147 4308 4246
f 2156 4410 4312
f 2171 4457 4372
f 4318 4813 2410
f 4286 4130 2093
f 1241 2477 3493
f 2164 2058 4182
f 2062 182 4205
f 265 266 4462
f 2246 2966 912
f 3686 781 805
f 2941 2616 2890
f 4288 2142 4275
f 3847 4324 1532
f 2159 615 2022
f 660 4209 4307
f 4292 2160 4331
f 1215 4157 1167
f 4397 2166 4293
f 660 4306 4237
f 3706 3552 79
f 2204 2075 4159
f 4243 2129 4290
f 1122 3937 3951
f 4400 1202 1161
f 4330 2132 4117
f 4394 2167 4289
f 2144 4294 4335
f 4721 3100 163
f 923 2502 2860
f 389 4004 4248
f 1538 1214 3353
f 2022 1112 2159
f 1251 2059 2163
f 4492 2372 4404
f 4558 2217 4500
f 4405 2217 4450
f 4493 2259 2299
f 4326 2165 4436
f 2932 91 378
f 2142 4283 4298
f 2112 4097 4310
f 4392 1199 4303
f 4274 1931 3829
f 4306 660 656
f 2166 2197 4396
f 814 4208 4186
f 2176 4341 4342
f 3101 524 209
f 65 2762 2649
f 2439 4318 3981
f 45 110 4184
f 948 3065 970
f 832 2274 813
f 2033 4057 4113
f 2592 2191 681
f 4158 2087 4098
f 2125 4201 4167
f 2131 4303 2147
f 2186 2131 4197
f 4322 1205 1150
f 4337 822 796
f 2154 4337 2066
f 3543 2297 2796
f 2296 2097 3079
f 4340 658 4179
f 2272 4344 2106
f 842 4050 4343
f 510 432 4342
f 4338 1215 1167
f 3953 1230 1148
f 1186 4617 4176
f 4314 2107 2128
f 2974 899 1021
f 2112 2212 4413
f 605 4100 4292
f 2160 4157 1215
f 3229 1402 2961
f 1178 4130 4286
f 4308 2147 2093
f 1787 1026 3807
f 4186 2175 4487
f 4247 2097 1297
f 826 4186 4487
f 2175 4200 4371
f 1415 3489 3289
f 4204 2110 2179
f 4346 1051 3466
f 4346 1142 4025
f 4347 1102 3469
f 4347 1143 3970
f 4348 1050 3742
f 4350 1891 3742
f 4351 1783 3465
f 4351 1892 2430
f 4355 1786 3469
f 4355 1919 2434
f 4356 1783 3464
f 4356 1934 2431
f 4357 1347 3459
f 4357 1920 2426
f 4358 1347 3458
f 4358 1893 2425
f 4359 1784 3466
f 4359 1893 2432
f 4360 1894 3747
f 4361 1346 3752
f 4362 2180 2430
f 4362 793 3969
f 4363 777 3464
f 4363 2180 2434
f 4364 2181 3750
f 4365 2181 3751
f 4366 2182 3752
f 4367 2182 3753
f 4368 2183 2431
f 4368 1104 3459
f 4369 1051 3465
f 4369 2183 2425
f 4809 4490 2198
f 4809 608 635
f 4433 1220 3458
f 4427 2213 2432
f 4418 325 3467
f 4419 2214 3758
f 3746 2429 4491
f 4434 2199 3759
f 395 629 4808
f 107 3811 4001
f 2053 4106 4395
f 4343 2272 2106
f 4487 842 826
f 1212 4435 4334
f 2357 2261 4333
f 4313 2115 2237
f 2237 4332 4494
f 1266 4536 1221
f 4414 2185 2258
f 4374 391 144
f 4371 2218 2175
f 2278 4535 659
f 4498 2319 2108
f 4074 1137 1193
f 4393 2187 2196
f 4393 1230 1239
f 4122 801 3833
f 4375 1239 1230
f 2042 4375 2114
f 4396 1163 1229
f 1767 3489 3672
f 785 3925 3952
f 1127 3934 3993
f 2644 3879 1898
f 1644 3072 4376
f 4011 744 1303
f 3625 2188 2346
f 1223 4381 4008
f 4007 4388 616
f 2744 1224 3624
f 1639 3343 4378
f 4484 1751 1444
f 985 993 3190
f 4478 3345 4379
f 1647 4320 4461
f 4381 4380 2189
f 921 2715 3210
f 2458 1223 4747
f 3085 4382 4478
f 4483 3346 4382
f 4485 3343 3083
f 980 3095 1093
f 4071 4383 2190
f 3695 1948 4510
f 3109 4027 2592
f 3347 3636 2494
f 2192 3685 1867
f 3712 643 1732
f 3101 2195 3611
f 1516 2024 3637
f 2744 3637 1226
f 3028 828 4029
f 3348 2193 3098
f 1312 1411 3350
f 4385 988 3349
f 2193 3191 4385
f 1455 2275 2538
f 4387 1732 3349
f 4387 2266 2192
f 2267 3098 4518
f 3097 1646 3348
f 724 718 725
f 2224 4070 1247
f 4390 2195 4388
f 1901 420 4088
f 3953 2114 4375
f 4327 1230 4393
f 4319 2196 3833
f 552 4395 4106
f 2839 2709 2878
f 2131 4246 4197
f 3470 358 3351
f 810 2153 789
f 2600 3491 1797
f 276 2377 3062
f 38 4419 186
f 4527 4197 816
f 1331 2256 4437
f 2093 4171 4308
f 2110 4210 4239
f 222 453 4399
f 4321 1236 4153
f 4307 2144 2092
f 4159 4297 2204
f 3239 1437 2926
f 1792 3309 3936
f 1905 3885 2103
f 1066 3543 3772
f 3776 1908 1830
f 2259 778 4559
f 3799 4474 2639
f 1156 4153 1236
f 4532 830 849
f 4719 830 779
f 4787 2794 1275
f 71 1480 1458
f 2277 4720 1232
f 4407 221 128
f 2718 75 63
f 1327 1233 2315
f 2317 2717 1234
f 4622 2718 3008
f 3483 1741 3368
f 2201 4321 4153
f 3215 1679 1384
f 2233 4411 4408
f 4283 2079 4172
f 3924 649 4086
f 1910 3778 2179
f 292 287 4409
f 2230 3002 4409
f 296 224 4187
f 824 4285 4208
f 3218 3264 690
f 4156 3172 4476
f 743 3102 3202
f 4410 429 4312
f 4457 2261 4537
f 1257 4496 1212
f 4410 2210 4445
f 3225 3414 693
f 2370 923 2342
f 4555 148 4416
f 696 3228 3227
f 435 3084 3265
f 697 1454 3228
f 4426 2257 2086
f 4414 1221 1182
f 4332 1213 4494
f 4416 3449 4415
f 4415 3004 2845
f 3598 286 1721
f 761 4324 3847
f 180 4149 4288
f 1889 3866 3883
f 700 3234 3257
f 4293 823 4397
f 4321 2096 4439
f 702 3254 715
f 2065 2070 3946
f 4730 2379 4687
f 4396 2197 4118
f 4397 829 4090
f 4393 1239 4089
f 2114 1901 4088
f 703 2676 4280
f 4423 36 3810
f 4460 1590 3638
f 3812 1841 2048
f 4423 10 1244
f 4168 824 4194
f 2125 4497 4199
f 1435 1417 709
f 2213 4427 4618
f 867 4426 827
f 2212 4536 2291
f 4489 144 371
f 2962 1542 3530
f 3410 2866 710
f 1594 2550 1456
f 2554 1494 716
f 2216 216 4421
f 4632 2216 2692
f 1240 1500 1322
f 857 2716 2691
f 4428 75 1543
f 940 2559 4195
f 2103 4430 3556
f 2246 3409 913
f 841 2357 4333
f 105 287 4370
f 1188 2178 2855
f 4401 2200 2260
f 816 844 4527
f 1995 3970 4486
f 4049 1261 4344
f 2031 4051 832
f 2179 4239 4081
f 2038 2278 4690
f 4535 2278 2038
f 4070 2039 2319
f 2732 2996 1606
f 4053 2644 4376
f 4487 2218 3283
f 4054 1155 4046
f 4074 2220 3995
f 4527 844 3271
f 4527 2220 2186
f 4068 1157 4075
f 839 4067 4727
f 793 2222 2030
f 4049 2222 3284
f 4055 2971 2922
f 2245 2223 3280
f 794 2224 4062
f 2224 2039 4070
f 4064 1247 1282
f 2172 4345 665
f 2225 4552 4196
f 1255 4051 4614
f 2290 2031 3290
f 4466 840 3287
f 4610 2241 3286
f 2249 1269 4043
f 4444 2235 3282
f 4442 258 3270
f 2248 2234 4066
f 4609 1254 3275
f 4465 2295 4067
f 839 4073 4611
f 2040 4072 4612
f 3288 1611 4044
f 4047 2226 3281
f 3285 1611 4042
f 1142 2227 3279
f 4063 1616 3273
f 1144 2228 4079
f 4065 1616 3276
f 3269 2229 4069
f 2030 4050 3009
f 3283 1994 3969
f 4052 851 3290
f 3279 2223 3010
f 3284 2008 4025
f 4043 3011 3281
f 4046 3011 3286
f 2273 3012 3288
f 4042 3012 3280
f 4044 3013 3282
f 3285 1993 3968
f 3274 4146 1433
f 1476 3570 4296
f 3271 3019 3971
f 4802 2872 2952
f 2051 3020 4003
f 1701 3020 4064
f 3275 3021 4068
f 4066 1702 3269
f 3268 3022 4063
f 3276 3022 4535
f 3273 3023 3972
f 3270 3023 4065
f 2869 1416 1415
f 4543 2230 3709
f 1274 856 2698
f 4183 2571 2538
f 1323 2276 3002
f 3317 3904 3679
f 4802 1412 1408
f 2205 2372 4681
f 1315 3265 4766
f 1408 2951 2949
f 2395 836 788
f 1524 2558 1793
f 2200 4311 2204
f 4486 1218 4185
f 4488 1745 2657
f 965 1187 2219
f 1206 4402 3060
f 4411 1250 1296
f 4627 2211 2232
f 4554 819 837
f 4617 1186 1165
f 4439 2096 2052
f 4374 2087 4158
f 4396 1229 4338
f 990 854 3720
f 711 1456 2550
f 2962 3919 2759
f 2577 1177 1216
f 1264 4631 1252
f 4102 2055 2102
f 398 486 40
f 4202 2146 4164
f 3240 3493 4166
f 2954 714 1413
f 2270 759 2758
f 704 3411 705
f 2863 2581 3254
f 2236 4607 4445
f 2616 2941 891
f 2522 2861 698
f 2041 14 1
f 4464 2173 2786
f 293 292 2276
f 677 2547 666
f 2322 4462 2067
f 4623 2240 799
f 555 4497 2088
f 2816 4463 2293
f 4541 2262 2322
f 4309 1112 3984
f 3555 430 3316
f 1256 3119 1315
f 4444 324 325
f 4060 2036 4458
f 3686 4797 768
f 1220 1267 4618
f 3135 4224 1245
f 4322 2162 2271
f 3214 688 2914
f 4433 2198 2269
f 2894 717 2674
f 4193 1959 3832
f 799 838 4623
f 4449 2409 4799
f 3114 985 4380
f 3698 261 95
f 2164 4182 1160
f 4442 2234 4548
f 4610 2294 2241
f 2290 4614 2031
f 4451 2242 1624
f 2061 4451 1553
f 742 3040 4452
f 4452 2242 2364
f 4229 3041 4453
f 4453 2846 1553
f 4780 3035 4454
f 4454 2846 978
f 4217 3038 4455
f 2848 935 4455
f 4220 3042 4456
f 2849 986 4456
f 4754 3454 3559
f 4428 455 75
f 1475 1543 2718
f 4622 1234 4528
f 4490 2269 2198
f 247 4301 3370
f 1127 4107 4174
f 2244 4339 4524
f 4459 2328 2358
f 4682 4724 4459
f 4633 77 4002
f 4683 858 4450
f 858 4678 4450
f 4678 2373 2359
f 3007 4011 3107
f 2170 501 172
f 3824 754 1260
f 4488 191 2595
f 1256 987 3072
f 4551 1266 1221
f 3706 1825 3552
f 838 4529 4623
f 2163 799 2240
f 4624 1259 4541
f 4500 1231 4558
f 4536 2212 4310
f 2086 4023 4426
f 1182 4207 4414
f 4374 2185 2087
f 4466 2241 2294
f 841 4313 4446
f 4435 2210 4334
f 3290 4613 2290
f 987 3106 1096
f 3072 987 4376
f 1074 4009 3624
f 1224 4007 3615
f 1055 3622 4468
f 4019 2722 4469
f 4009 3616 4469
f 4017 4470 4511
f 4018 2726 4471
f 4013 3622 4471
f 4021 2723 4472
f 4012 3618 4472
f 4022 2721 4473
f 3626 3612 4473
f 2724 2019 1845
f 4020 2720 4475
f 4015 3613 4475
f 667 3149 3450
f 965 4199 3652
f 3007 3107 2814
f 2189 1731 3346
f 4477 2514 1897
f 2636 1578 2405
f 4379 3190 1639
f 4478 1731 3345
f 4378 3085 4478
f 89 3980 767
f 748 4011 2725
f 748 2250 3094
f 4018 3623 4479
f 4377 2722 4479
f 4012 2726 4480
f 4019 3617 4480
f 4020 3612 4481
f 4013 2723 4481
f 3620 2720 4482
f 4021 3619 4482
f 4380 985 3345
f 2724 3716 4483
f 4483 644 3346
f 2724 3085 4015
f 3827 1056 2480
f 4022 3613 4485
f 4485 1265 3343
f 208 3487 2721
f 208 2253 3083
f 4322 1273 1205
f 2244 2239 357
f 4688 867 827
f 1317 2403 2291
f 2369 4551 2258
f 371 69 4489
f 3826 1482 959
f 4492 549 156
f 4492 2693 2372
f 2165 1111 4406
f 1332 1242 4629
f 665 3268 2172
f 4498 4243 4552
f 2109 658 4163
f 4284 918 1751
f 1083 4291 1082
f 2041 4006 14
f 3104 3309 3263
f 4465 839 853
f 3444 4214 840
f 1440 3946 1225
f 4319 823 4099
f 4464 1334 4103
f 3608 383 4732
f 4325 1231 3948
f 3860 1946 4405
f 655 3967 1997
f 1898 4376 2644
f 3695 980 1093
f 1073 3633 1226
f 1227 1154 3634
f 1869 3693 4504
f 2023 4027 2735
f 1850 3683 4505
f 4505 2024 2738
f 4506 1866 3684
f 4506 2025 2737
f 4507 1851 3634
f 4507 2025 2739
f 4508 1513 3630
f 4508 2026 2734
f 4509 1513 3629
f 4509 2027 2733
f 1849 2027 2736
f 2605 4510 2006
f 4320 3265 3084
f 681 2191 1864
f 3638 1437 2335
f 4384 1125 4792
f 4518 3098 4512
f 4385 3349 4512
f 1646 3191 2193
f 3098 1270 3348
f 2571 3680 1671
f 3686 768 781
f 749 2263 2735
f 4514 2264 2738
f 4514 828 3635
f 765 3632 4515
f 4515 2264 2739
f 4516 2265 2737
f 4516 1154 3630
f 1077 3692 4517
f 4517 2265 2733
f 22 2192 4386
f 2266 988 3115
f 2266 4387 3349
f 3631 4518 643
f 1270 3098 2267
f 3097 3348 4519
f 4519 1270 3629
f 13 3073 3097
f 13 2268 2734
f 3736 1090 3186
f 2092 1986 3956
f 4159 2075 1948
f 4339 1205 4524
f 2144 4335 2092
f 4520 1188 1271
f 4491 2214 2326
f 2262 2102 4462
f 2325 4785 1273
f 4524 1205 1273
f 4052 832 2606
f 2249 2235 4549
f 2786 1 4693
f 4534 844 816
f 3351 61 3305
f 126 44 2785
f 847 3303 2742
f 2742 1337 1515
f 4224 3168 856
f 3002 2276 4409
f 2202 1107 1162
f 4526 2946 2933
f 3338 1728 3806
f 4616 2283 2280
f 3987 130 128
f 128 223 4531
f 4720 2277 2282
f 4787 1275 1277
f 4719 2680 849
f 4532 849 855
f 4684 2207 2281
f 4212 2108 2319
f 604 51 502
f 4413 2212 2291
f 4779 1249 1311
f 4618 2368 2213
f 257 266 2377
f 65 586 233
f 4616 2280 1937
f 1294 4684 2402
f 4404 290 4492
f 4539 223 62
f 2380 525 3336
f 2451 1770 2591
f 872 850 835
f 835 850 871
f 2485 360 2653
f 4188 2099 3338
f 2245 4192 2285
f 4611 853 839
f 228 151 490
f 598 543 591
f 4371 1262 1143
f 4343 826 842
f 2272 2030 4049
f 2273 661 663
f 4548 38 4442
f 2235 4444 4549
f 2361 4785 2325
f 4778 211 577
f 4695 1445 3236
f 3540 451 3470
f 4629 2730 4441
f 4250 2668 4383
f 2321 2221 4075
f 4535 665 4345
f 4498 1282 4070
f 2186 2220 4074
f 1137 4081 4239
f 4615 4524 1273
f 1269 1287 4610
f 2975 3307 2297
f 4444 325 431
f 2324 4434 4556
f 4630 2326 2214
f 3562 1791 3483
f 2878 2709 694
f 3920 1973 2105
f 3935 1973 1908
f 2277 4531 4539
f 4448 4778 577
f 1328 2659 2394
f 1258 2410 1476
f 866 4550 846
f 4537 1257 4457
f 4496 2236 4435
f 1408 2949 4802
f 4147 657 4191
f 1901 2114 3813
f 3973 1131 3710
f 787 3840 3974
f 261 1848 4151
f 4554 802 4108
f 2232 2206 819
f 3679 2525 3317
f 2732 2818 2996
f 2213 4625 4418
f 4605 3939 2279
f 4463 1251 1263
f 2199 2324 4628
f 4430 2103 4779
f 2203 4279 4125
f 4402 1206 4315
f 4306 4150 2069
f 4213 3408 2557
f 2648 108 154
f 2258 4489 69
f 3059 37 1730
f 4741 3913 4429
f 2088 1917 555
f 1776 3441 3049
f 2115 4313 3442
f 4232 3047 4560
f 4372 3439 4560
f 4226 3055 4561
f 4561 2116 3448
f 3681 4230 1274
f 4214 3444 4562
f 4228 3052 2118
f 2118 742 3445
f 3435 1624 3040
f 2118 3052 3435
f 4231 3048 4564
f 4217 3441 4564
f 4565 1623 3038
f 4216 3434 4565
f 4234 3053 4566
f 4219 3446 4566
f 4225 3046 4567
f 4218 3440 4567
f 2294 3050 4568
f 4220 3443 4568
f 4569 1625 3042
f 4236 3054 4570
f 4222 3447 4570
f 4227 3044 4571
f 4221 3438 4571
f 1548 2822 3723
f 4381 1223 2458
f 4262 2828 2133
f 2133 4329 3730
f 4270 2824 2134
f 2134 4328 3725
f 4264 2831 4573
f 4573 2135 3733
f 2136 2830 3727
f 4268 2830 4574
f 4249 3732 4574
f 4266 2833 4575
f 4252 3501 4575
f 4271 2819 4576
f 4251 3722 4576
f 4269 2827 4577
f 4254 3729 4577
f 4267 2820 4578
f 4253 3721 4578
f 4272 2832 4579
f 4256 3499 4579
f 4263 2823 4580
f 4255 3726 4580
f 4581 1883 3734
f 4258 3498 4581
f 4265 2825 4582
f 1286 3728 4582
f 2289 2829 4583
f 4260 3731 4583
f 4261 2821 4584
f 1283 3724 4584
f 4223 3433 4585
f 4332 3049 4585
f 977 2707 3037
f 4225 3439 4586
f 4586 1196 3055
f 4219 3046 4587
f 4226 3447 4587
f 1197 2302 4227
f 4222 3044 4589
f 4228 3446 4589
f 4229 3435 4590
f 4215 3051 4590
f 3443 978 3041
f 2303 3051 3443
f 1202 2304 4261
f 1202 4400 2828
f 4260 2821 4592
f 4262 3729 4592
f 4263 3725 4593
f 1203 4092 2831
f 4256 2823 4594
f 4264 3480 4594
f 4265 3727 4595
f 4251 2833 4595
f 4258 2825 4596
f 4266 3479 4596
f 1204 2307 4267
f 4254 2820 4598
f 4268 3731 4598
f 4231 3442 818
f 818 4333 3047
f 4216 3048 4599
f 4232 3440 4599
f 4233 3434 4600
f 4218 3053 4600
f 4710 3039 4601
f 4234 3445 4601
f 4269 3730 820
f 3309 1792 1715
f 4253 2827 4602
f 4270 3726 4602
f 4271 3721 4603
f 4255 2832 4603
f 4252 2819 4604
f 4272 3478 4604
f 4797 2646 2263
f 4610 1287 3050
f 4214 3045 4613
f 2290 3045 3438
f 4443 1284 3054
f 4236 3448 4547
f 2854 1654 4651
f 2826 1550 3728
f 4249 2826 4465
f 4441 2287 3724
f 396 4248 2822
f 4630 4419 38
f 4551 1221 4414
f 4489 2258 2185
f 163 4689 3965
f 4616 1294 1291
f 2281 2402 4684
f 855 876 4540
f 4084 1185 703
f 4720 2282 2681
f 4539 62 10
f 196 415 2312
f 4733 3335 4513
f 2297 1740 2975
f 1471 2676 915
f 1546 2997 4235
f 4211 4784 2811
f 209 2991 3101
f 841 4692 2357
f 4645 1187 1211
f 1426 1834 1403
f 865 940 1974
f 1249 4431 2700
f 4787 4782 2680
f 2680 855 849
f 2394 4778 4448
f 837 4314 2128
f 4808 2199 4628
f 1882 1585 2344
f 4550 2325 2271
f 4445 111 4410
f 4491 2326 4626
f 1693 1571 4677
f 4761 873 831
f 1295 1233 1327
f 4495 4733 356
f 4743 3375 4621
f 2209 4761 857
f 1233 4632 1322
f 4632 1233 2318
f 1332 2200 1242
f 799 2163 4108
f 1071 4500 3838
f 3691 762 1938
f 2327 4530 1259
f 4439 2052 4114
f 4617 1165 4133
f 4627 1296 1250
f 4162 4627 2323
f 4411 1296 4408
f 2376 2084 2233
f 2839 2878 1217
f 2214 4419 4630
f 650 3103 2839
f 2714 2699 364
f 4066 1254 4606
f 2835 1426 1403
f 2108 4243 4498
f 2371 4238 2321
f 185 4424 2178
f 1334 2238 2154
f 2291 4688 4413
f 320 4680 4490
f 2360 4718 4433
f 2285 1219 1261
f 2666 671 1258
f 1734 1495 1194
f 39 2164 2816
f 1903 3763 3875
f 1545 2150 675
f 4625 431 4418
f 4633 2328 157
f 4682 2373 1502
f 4683 2384 933
f 4681 2693 1501
f 925 2717 4742
f 3919 2802 4634
f 3907 3529 4634
f 3914 2805 4635
f 3906 3534 4635
f 3909 3535 2806
f 2800 3908 3528
f 3916 2803 4636
f 3910 3531 4636
f 4740 2798 4637
f 1305 3526 4637
f 4638 1820 3534
f 3912 3533 4638
f 1306 3527 4639
f 1822 1542 2801
f 15 2801 1720
f 1360 1975 2806
f 4429 3528 4792
f 3907 2805 4641
f 3914 3533 4642
f 859 2913 2330
f 2600 2440 1292
f 2503 1386 3262
f 2613 255 181
f 3672 2873 1767
f 2565 3579 3581
f 3899 3366 3556
f 1463 3415 692
f 3416 2754 3333
f 1004 892 964
f 1448 1302 3586
f 1582 1579 904
f 2946 1411 198
f 1300 1453 3591
f 3413 2974 2589
f 3204 4211 1543
f 3642 915 2676
f 2298 134 3205
f 2873 3672 2158
f 2568 1436 3099
f 1304 3364 140
f 2336 1242 4297
f 2338 3915 3526
f 2381 2799 672
f 2339 3917 3527
f 861 3906 2802
f 3602 194 3496
f 734 691 690
f 2607 2612 3597
f 1460 3223 1461
f 3244 1693 684
f 112 86 171
f 3221 3151 2967
f 153 3599 2608
f 3603 2622 90
f 2621 1467 3603
f 2931 3155 4777
f 1374 689 3264
f 6 2486 3605
f 2863 702 674
f 1448 199 3518
f 1686 3238 3253
f 134 2544 3586
f 1764 1471 1472
f 2550 1592 1430
f 246 3548 2552
f 2625 2552 137
f 711 677 2549
f 4690 1281 4069
f 3597 514 3596
f 1881 684 2621
f 3603 441 3602
f 1743 3027 4597
f 2333 2921 901
f 678 715 701
f 521 520 3517
f 3205 134 1302
f 1469 2627 1697
f 511 2514 2593
f 2513 1380 1881
f 3026 3267 2741
f 4725 3193 2895
f 1464 2928 1992
f 1647 3106 4320
f 966 625 4727
f 3595 493 3594
f 694 2709 2642
f 2510 2345 3539
f 3223 891 2941
f 2348 2510 2506
f 4687 2630 4730
f 4541 1264 1252
f 393 4804 3799
f 3856 3775 1545
f 843 798 3700
f 1238 4723 4309
f 4779 1311 1427
f 4344 1219 4277
f 2245 664 663
f 45 4184 2810
f 3778 4649 1862
f 4649 1910 2468
f 4650 1367 3662
f 4650 1921 2460
f 1923 1859 3667
f 4652 1483 3657
f 1333 2422 4653
f 3870 3660 4653
f 3790 2466 1924
f 1924 3837 3669
f 3797 2462 4654
f 3835 3663 4654
f 3792 2469 4655
f 3779 3644 4655
f 4656 1367 3661
f 4656 1912 2459
f 4657 1861 3670
f 4657 1912 2467
f 2656 1365 1913
f 4658 1859 3666
f 4658 1913 2464
f 3796 2465 4659
f 1366 2645 1914
f 3784 3659 1366
f 1856 3674 4660
f 3786 3673 4660
f 3791 2461 4661
f 3785 3664 4661
f 4662 2349 2468
f 4662 1101 3662
f 1080 3671 4663
f 4663 2349 2459
f 4664 2350 2463
f 4664 1105 3657
f 4665 883 3666
f 2719 4665 2350
f 2471 3660 4666
f 3849 2466 4666
f 884 2650 2351
f 3668 884 3790
f 3791 3663 4667
f 3801 2469 4667
f 3786 2461 4668
f 3792 3641 4668
f 4669 2353 2460
f 4669 776 3667
f 4670 1313 3661
f 4670 2353 2464
f 4671 2354 2467
f 4671 1313 3658
f 2638 545 2354
f 3796 3669 4672
f 3802 2462 4672
f 3784 2465 4673
f 3797 3664 4673
f 2457 3659 4674
f 3785 2470 4674
f 1315 992 3265
f 4726 2983 2631
f 2690 1472 4726
f 2045 4096 3767
f 4403 2075 2204
f 1273 4322 2325
f 3854 727 1482
f 3066 2358 4002
f 4284 1751 4484
f 4459 2299 4682
f 858 2373 4678
f 2328 4459 4724
f 2359 2373 4682
f 1415 1416 3489
f 789 3862 767
f 201 3093 1898
f 4532 2281 2207
f 4720 1277 1275
f 1291 1338 4616
f 2271 4533 4550
f 4725 2982 2896
f 383 251 4732
f 2239 4448 357
f 1361 2435 2314
f 2294 3444 4466
f 2362 1503 1353
f 4446 2237 2363
f 4420 2215 1030
f 2707 977 4455
f 4456 986 4454
f 4697 2374 3477
f 4697 1088 3480
f 4698 1053 3475
f 4698 1089 3479
f 4451 1624 4453
f 4699 1640 2401
f 4700 1641 2857
f 2702 4701 1336
f 4701 1642 2398
f 4702 1336 2701
f 4702 1643 1537
f 1966 3926 1523
f 4703 1643 2399
f 4704 1788 3474
f 4704 1798 2418
f 4705 1790 3477
f 4705 1799 2421
f 3473 4706 1788
f 3417 2419 4706
f 4707 1344 3472
f 4707 1800 2417
f 4708 1344 3471
f 4708 1801 2416
f 4709 1789 3475
f 4709 1801 2420
f 4710 2364 2401
f 742 4452 4710
f 4711 2364 3292
f 4712 2365 2418
f 4712 771 3478
f 4713 759 3473
f 4713 2365 2421
f 4714 2366 2400
f 4714 986 2702
f 3114 3123 985
f 4715 2366 2397
f 4716 2367 2419
f 4716 1057 3472
f 4717 1053 3474
f 4717 2367 2416
f 431 4625 2398
f 2368 4618 1316
f 4718 2360 2399
f 320 2703 4680
f 4628 2324 2417
f 4556 1280 3471
f 4626 2326 2420
f 4630 622 3476
f 3292 2242 4451
f 2293 617 2816
f 4720 1275 1232
f 811 2206 4056
f 356 4060 4458
f 2239 4524 4615
f 1991 3976 1619
f 1479 3922 1869
f 1532 1238 3847
f 868 2263 3096
f 4683 4558 2384
f 3056 1619 3976
f 1514 2403 1317
f 1318 2694 4679
f 2044 1097 4521
f 3589 1411 129
f 4680 2360 2269
f 2151 3382 239
f 2323 2059 4162
f 1164 4182 4408
f 4440 220 485
f 3650 2058 4112
f 4489 2185 4374
f 1317 2291 4536
f 2293 1285 2655
f 4731 155 295
f 4731 108 2648
f 1216 921 2577
f 3642 2935 1420
f 1469 3259 3195
f 922 2897 930
f 963 968 2670
f 963 2968 929
f 1320 1488 2980
f 1493 2378 250
f 683 2669 722
f 2692 9 363
f 1240 2634 4499
f 2691 1474 2635
f 1475 4622 4528
f 812 1526 1507
f 712 666 676
f 4108 2323 4554
f 4734 1936 375
f 4735 1819 3531
f 2776 4735 1936
f 942 862 2771
f 4736 1321 3525
f 2184 2793 4736
f 4737 2381 2776
f 4737 1321 1540
f 2776 2381 3532
f 4738 2382 2770
f 4738 1529 1541
f 3524 2382 2880
f 4739 2383 2774
f 4739 1531 1539
f 860 2383 2797
f 2766 1540 1321
f 1529 2769 1541
f 4740 1539 1531
f 4740 2773 2798
f 2796 1677 3323
f 4675 108 4731
f 63 74 3535
f 3148 1816 3163
f 3976 1110 3056
f 4790 2690 4014
f 1545 3775 2150
f 2772 3492 4542
f 3224 1120 4139
f 4433 2269 2360
f 1676 1607 3206
f 2694 2384 4679
f 2647 4733 4495
f 4733 94 356
f 2103 4431 1249
f 2105 1973 51
f 879 2719 2654
f 2099 2845 1190
f 2691 2716 1500
f 1534 3186 1484
f 1484 2658 1348
f 871 2484 2652
f 1744 23 2657
f 1323 2743 2276
f 2982 1600 2896
f 4607 317 4445
f 1867 1523 3863
f 4766 987 1256
f 3375 3425 3426
f 1278 1324 3423
f 4543 16 3432
f 3372 873 2385
f 2727 1177 4758
f 2000 1812 4685
f 3421 2385 3376
f 3418 4745 1325
f 4746 758 3429
f 3418 3484 4746
f 3377 1326 3419
f 3560 1038 3427
f 4753 1356 2194
f 2387 1326 3424
f 2387 1047 3430
f 4747 3344 2458
f 2388 3381 1327
f 2525 3679 22
f 3371 1047 3431
f 2772 3826 1929
f 1750 2389 3373
f 4749 1775 3431
f 4749 2389 1324
f 4750 1749 3421
f 4750 2390 3371
f 3379 1774 3430
f 3558 1780 3418
f 3856 4425 4572
f 4752 1773 3428
f 2392 3377 4752
f 637 4762 2618
f 1829 3419 4754
f 4775 3454 4754
f 2387 1774 4774
f 1749 2713 3372
f 1775 2393 3381
f 850 872 3428
f 4772 3425 4755
f 4759 3453 4755
f 1748 3420 4756
f 4760 1032 4756
f 4759 4743 4757
f 4620 2769 4757
f 1748 2485 3420
f 1529 3453 4759
f 4467 3625 3344
f 4744 3427 4760
f 359 2769 4620
f 4621 3375 3426
f 4753 3653 4804
f 1750 2483 3423
f 4749 1324 4763
f 4543 3432 4763
f 1749 3372 2385
f 4764 3425 2391
f 4764 2385 873
f 4014 4751 2379
f 4746 3429 3379
f 1780 1723 3484
f 1461 4765 4273
f 1773 4752 3377
f 1773 2386 3427
f 1829 2386 3419
f 4767 1795 3300
f 3380 4736 3525
f 3424 1750 3373
f 862 2184 3380
f 1775 3381 2388
f 2388 3371 3431
f 4750 3371 4768
f 4768 2388 1327
f 4769 1047 2387
f 4749 3431 4769
f 4750 3421 4770
f 4745 3379 4770
f 4748 3571 1426
f 3430 2390 3379
f 1325 2391 3418
f 1325 3421 3376
f 1049 3558 4772
f 2391 3425 4772
f 4752 3428 4773
f 4773 872 3374
f 2392 3374 3424
f 4774 4754 3419
f 758 756 3454
f 1774 3429 4775
f 856 3168 3139
f 2788 2393 3432
f 4744 3378 4776
f 4776 2484 3428
f 4777 2908 1569
f 3425 3375 4755
f 3378 4756 3420
f 4743 2316 4757
f 1495 886 1194
f 2257 2748 4412
f 2269 4490 4680
f 1264 4530 4631
f 4616 1937 3883
f 4532 2207 2013
f 779 772 4096
f 1232 2794 2045
f 2208 1479 1869
f 3864 1942 4407
f 8 155 2648
f 2040 833 2260
f 552 576 3488
f 2452 1311 1249
f 4648 492 2452
f 1361 2471 2435
f 1619 67 3407
f 2314 4525 2238
f 4474 3799 1354
f 1708 1603 3293
f 3776 1830 3562
f 2396 1353 2697
f 874 2363 937
f 1335 4447 1535
f 4726 1490 2690
f 2814 1649 2346
f 3099 55 2568
f 4779 2395 4430
f 825 4559 778
f 4693 318 635
f 2397 3087 2756
f 1537 2397 3090
f 3091 1336 4701
f 431 2398 3043
f 4703 2399 3092
f 3086 1316 4718
f 2755 4700 3089
f 4780 986 4714
f 4780 2400 3035
f 3088 2813 4699
f 4781 3530 2889
f 4710 2401 3039
f 4702 2701 3086
f 2368 2701 3091
f 2702 1642 4701
f 4714 2702 3090
f 3092 2360 4680
f 3087 1643 4703
f 4715 949 3089
f 4700 2705 1641
f 729 3088 4711
f 4699 2706 1640
f 1251 4463 4124
f 150 4112 2058
f 2678 1023 4725
f 4678 825 4405
f 2299 1248 4493
f 2658 2784 944
f 3295 2480 3383
f 10 3810 2681
f 4787 1277 4783
f 2405 1578 1408
f 4783 1364 4782
f 4540 876 882
f 2453 4822 1291
f 1338 4815 2283
f 4782 4787 4783
f 4783 2681 2455
f 2845 1729 1235
f 4784 1235 3340
f 3184 1245 2247
f 1329 2406 1333
f 4778 118 211
f 743 3202 3307
f 3865 1937 2280
f 3701 451 3540
f 2371 1206 1395
f 1439 4224 4230
f 819 4554 2232
f 3370 4301 1742
f 4619 2404 1486
f 2654 1483 4694
f 4823 2454 4782
f 2281 882 2453
f 3198 937 945
f 36 8 2455
f 3294 3561 1132
f 4188 3338 3806
f 396 2287 2730
f 4547 321 4546
f 1259 4676 2327
f 4529 2254 4647
f 1285 2293 1263
f 457 2816 617
f 1261 1246 2285
f 1255 4545 2274
f 4545 2286 1331
f 2286 4546 2256
f 4550 2361 2325
f 3236 902 1020
f 2625 3608 1493
f 2558 1524 3646
f 1518 2747 2403
f 1514 2740 2746
f 2743 1515 2783
f 1533 1337 2742
f 399 365 4686
f 2145 1145 4304
f 2296 4340 661
f 2092 4128 4307
f 4719 2794 4787
f 4326 168 4155
f 1181 4406 1111
f 2238 4525 4337
f 970 3203 3220
f 2730 2855 4424
f 667 1772 2844
f 408 1094 1501
f 933 972 1896
f 1725 3005 1502
f 3005 108 2695
f 4675 105 157
f 4788 1832 3568
f 2412 1342 3653
f 2444 1835 1357
f 4790 4730 2630
f 1858 1834 3571
f 1772 667 3450
f 4791 1835 3573
f 1858 2667 4791
f 3528 3908 4792
f 1854 1832 3569
f 418 2520 1517
f 2708 4677 1571
f 4793 1487 3565
f 4793 1865 2661
f 4794 2666 3567
f 4794 1865 2663
f 4795 2407 3574
f 4795 1068 3567
f 881 2407 2664
f 1081 2408 2665
f 4798 1068 3568
f 4798 2408 2661
f 4799 2409 2662
f 4799 433 4449
f 4800 1340 3565
f 4801 877 2663
f 1207 1360 3452
f 2410 3570 1476
f 4826 2411 2444
f 1363 4826 1341
f 4824 685 3573
f 2438 4824 2411
f 2412 1858 4803
f 393 878 2442
f 4753 2194 1351
f 2840 2436 878
f 2441 1350 4806
f 3578 2445 2413
f 2445 881 1833
f 726 4818 2414
f 1356 4753 2442
f 4805 1358 3574
f 938 2750 2415
f 3014 2752 4806
f 1343 3931 2751
f 2194 1403 1351
f 2838 2749 4807
f 4807 2447 4788
f 2806 4048 1360
f 4800 2409 2450
f 3505 1053 4717
f 4708 2416 3509
f 3510 1344 4707
f 3503 395 4628
f 3506 1788 4704
f 4712 2418 3501
f 3508 1788 4706
f 4716 2419 1097
f 3511 1789 4709
f 3504 1280 4626
f 3507 1790 4705
f 4713 2421 3502
f 4708 3471 3504
f 3510 2324 4556
f 4707 3472 4000
f 3509 2367 4716
f 3506 2365 4713
f 4704 3474 3500
f 4717 3474 3508
f 4698 3475 3498
f 4709 3475 3505
f 3511 2326 4630
f 4697 3477 3499
f 4705 3477 4522
f 4712 3478 3507
f 3500 1053 4698
f 4697 3480 1272
f 61 607 3305
f 4436 76 4326
f 2292 427 2406
f 855 4540 4532
f 15 4640 2801
f 1917 1977 2518
f 4401 4311 2200
f 1769 1225 4132
f 4173 3550 3904
f 2763 8 2648
f 1525 2763 1512
f 2762 4815 2649
f 4367 1050 3747
f 3752 2423 4361
f 4354 1346 3759
f 629 3805 4808
f 2671 1738 1629
f 3745 1051 4369
f 4358 2425 3755
f 3756 1347 4357
f 635 4490 4809
f 4353 1781 3753
f 4366 1105 3850
f 4350 1781 3751
f 794 4062 4364
f 4360 1782 3758
f 4491 1243 3746
f 3748 1783 4351
f 4362 2430 3999
f 3754 1783 4356
f 4368 2431 3849
f 3757 1784 4359
f 3744 1220 4427
f 4352 1785 3750
f 4365 776 3804
f 3749 1786 4355
f 4363 2434 3802
f 3752 3456 4366
f 4354 1922 3869
f 3759 3457 4434
f 4361 1894 3746
f 4358 3458 3744
f 3756 2198 4433
f 4357 3459 3870
f 3755 2183 4368
f 1923 3836 4353
f 3751 3460 4365
f 3753 3461 4367
f 3742 3461 4350
f 3747 3462 4360
f 1144 4079 4348
f 3758 3463 4419
f 3748 2180 4363
f 4356 3464 3837
f 4351 3465 3743
f 4369 3465 3754
f 4346 3466 4078
f 4359 3466 3745
f 3757 2213 4418
f 4352 1921 3834
f 4349 1137 3995
f 3750 3971 4364
f 4347 3469 3994
f 4355 3469 3835
f 4362 3969 3749
f 3742 4003 4348
f 3743 1051 4346
f 4349 1101 3803
f 4347 3970 3801
f 2107 4314 4152
f 1162 4411 2202
f 4538 4648 2700
f 2293 2655 629
f 226 362 3363
f 1348 2658 2652
f 2652 847 871
f 2657 1745 2513
f 3720 650 2745
f 4555 2845 2099
f 1725 1726 1288
f 3277 528 454
f 2450 4449 4817
f 3330 4436 4002
f 4462 2322 2262
f 284 107 61
f 870 1663 4476
f 4620 2316 3008
f 2315 1322 2787
f 3030 1226 4390
f 907 1445 4695
f 1342 1354 4804
f 4812 685 686
f 1355 4814 1340
f 4817 2602 2450
f 4494 1335 2696
f 2362 4692 2777
f 1353 4537 2362
f 1248 3066 4406
f 320 635 318
f 3028 2 4377
f 4742 2717 2317
f 3372 2713 2787
f 216 2216 2318
f 3422 1327 2315
f 3381 2393 1295
f 2403 4688 2291
f 579 27 264
f 2273 2029 2296
f 937 2363 2696
f 2777 4692 874
f 2697 1353 1503
f 2396 2697 2020
f 4823 1364 1525
f 1481 4815 1338
f 4822 2453 2779
f 4815 2762 2283
f 1338 4822 1481
f 4191 2152 4147
f 418 280 4758
f 1477 4811 1350
f 1478 1546 4474
f 2438 2599 686
f 1504 1363 1362
f 4811 2765 3112
f 4805 2415 2750
f 2525 4563 3317
f 3576 2441 2752
f 3577 3655 2751
f 1426 3571 1834
f 3573 2444 4824
f 3222 1743 4597
f 1833 3918 2413
f 3574 2446 4805
f 4788 1358 4807
f 3569 2447 2749
f 2422 1333 2406
f 2414 4818 1614
f 726 3117 4818
f 3621 4470 2016
f 973 3116 3068
f 4819 984 974
f 4819 3016 3069
f 4820 974 984
f 4820 3018 3015
f 2284 2230 4543
f 4192 1189 1219
f 276 3062 3112
f 1957 1036 30
f 2763 2455 8
f 4823 2449 2454
f 2343 2912 2927
f 1257 2396 4496
f 415 4607 2312
f 1351 1403 1834
f 4826 2438 2411
f 4813 1362 1341
f 1340 4825 1355
f 2602 4825 2450
f 2340 2927 2929
f 1364 4783 2455
f 1291 2402 2453
f 876 855 2454
f 2361 2682 4785
f 2994 875 944
f 2783 2993 1599
f 3761 256 3503
f 877 4801 4814
f 4803 4812 2437
f 4825 1340 4800
f 1340 4814 4801
f 4681 1318 4325
f 2299 4559 2359
f 1248 4459 2358
f 2458 3344 2950
f 3243 2642 1362
f 1355 2601 4814
f 3112 3062 1703
f 3911 1734 2475
f 3203 990 3220
f 4555 2099 4188
f 98 2740 2369
f 2348 893 864
f 3300 1710 3326
f 2602 4817 336
f 1458 2602 2643
f 1480 2601 1458
f 934 4041 880
f 1508 2641 2599
f 2764 1477 1350
f 1036 946 4323
f 2791 2782 1238
f 462 585 2159
f 2937 863 899
f 877 4814 2439
f 2645 1366 1485
f 927 2650 884
f 2277 1114 4531
f 2438 4826 1363
f 2435 866 2314
f 2959 3233 1588
f 865 1974 3936
f 604 2231 2105
f 4370 77 4633
f 848 2654 4623
f 4048 1821 3536
