# Generated by benchmark/pick_up_apple/mujoco_src/export.py
v 0.025321027263998985 0.0021376723889261484 0.017368948087096214
v 0.024281255900859833 0.0011025222484022379 0.017465235665440559
v 0.025321027263998985 0.0011025222484022379 0.017465235665440559
v 0.025321027263998985 0.0031652783509343863 0.017211362719535828
v 0.024281255900859833 0.0021376723889261484 0.017368948087096214
v 0.026360798627138138 0.0021376723889261484 0.017368948087096214
v 0.027381286025047302 0.0021160596515983343 0.017371585592627525
v 0.027381286025047302 0.0010808475781232119 0.017466582357883453
v 0.02834392711520195 0.0020297968294471502 0.017381813377141953
v 0.027381286025047302 0.0041604558937251568 0.016998244449496269
v 0.027381286025047302 0.0031438046135008335 0.017215289175510406
v 0.028343925252556801 0.0040755732916295528 0.017018731683492661
v 0.027381286025047302 0.0051624258048832417 0.016721216961741447
v 0.026360798627138138 0.0041817133314907551 0.016993036493659019
v 0.026360798627138138 0.0061667747795581818 0.01637745089828968
v 0.025321027263998985 0.0051833908073604107 0.016714738681912422
v 0.026360798627138138 0.0051833908073604107 0.016714738681912422
v 0.023255506530404091 0.0071435132995247841 0.015975607559084892
v 0.023255506530404091 0.006182319950312376 0.016371583566069603
v 0.024281255900859833 0.0071283956058323383 0.015982365235686302
v 0.025321027263998985 0.0041817133314907551 0.016993036493659019
v 0.025321027263998985 0.0061667747795581818 0.01637745089828968
v 0.024281255900859833 0.0051833908073604107 0.016714738681912422
v 0.027381286025047302 0.007108242716640234 0.015991328284144402
v 0.027381286025047302 0.0061461785808205605 0.016385182738304138
v 0.028343925252556801 0.007027714978903532 0.016026811674237251
v 0.027381286025047302 0.0080452235415577888 0.015541044995188713
v 0.026360798627138138 0.0071283956058323383 0.015982365235686302
v 0.026360798627138138 0.0089728599414229393 0.015024572610855103
v 0.025321027263998985 0.008064858615398407 0.015530874021351337
v 0.026360798627138138 0.008064858615398407 0.015530874021351337
v 0.023255504667758942 0.0098627340048551559 0.014456012286245823
v 0.023255506530404091 0.0089869722723960876 0.015016129240393639
v 0.024281255900859833 0.0098491935059428215 0.01446524728089571
v 0.025321027263998985 0.0071283956058323383 0.015982365235686302
v 0.025321027263998985 0.0089728599414229393 0.015024572610855103
v 0.024281255900859833 0.008064858615398407 0.015530874021351337
v 0.027381286025047302 0.009830809198319912 0.014477737247943878
v 0.027381286025047302 0.0089538143947720528 0.015035919845104218
v 0.028343923389911652 0.0097572840750217438 0.014527313411235809
v 0.027381286025047302 0.010673113167285919 0.013868466019630432
v 0.026360798627138138 0.0098491935059428215 0.01446524728089571
v 0.026360798627138138 0.01149461418390274 0.013195599429309368
v 0.025321027263998985 0.010690769180655479 0.01385487150400877
v 0.026360798627138138 0.010690769180655479 0.01385487150400877
v 0.023255504667758942 0.012269460596144199 0.012478388845920563
v 0.023255504667758942 0.011506878770887852 0.013184899464249611
v 0.024281255900859833 0.012257893569767475 0.012489758431911469
v 0.025321027263998985 0.0098491935059428215 0.01446524728089571
v 0.025321027263998985 0.01149461418390274 0.013195599429309368
v 0.024281255900859833 0.010690769180655479 0.01385487150400877
v 0.027381286025047302 0.012241893447935581 0.012505428865551949
v 0.027381286025047302 0.011477754451334476 0.013210254721343517
v 0.028343923389911652 0.012177834287285805 0.012567726895213127
v 0.027381286025047302 0.012962832115590572 0.0117564732208848
v 0.026360798627138138 0.012257893569767475 0.012489758431911469
v 0.026360798627138138 0.013652130030095577 0.010948486626148224
v 0.025321027263998985 0.012977912090718746 0.011739837937057018
v 0.026360798627138138 0.012977912090718746 0.011739837937057018
v 0.023255504667758942 0.014287437312304974 0.010105393826961517
v 0.023255504667758942 0.013662196695804596 0.010935913771390915
v 0.024281255900859833 0.014278166927397251 0.010118495672941208
v 0.025321027263998985 0.012257893569767475 0.012489758431911469
v 0.025321027263998985 0.013652130030095577 0.010948486626148224
v 0.024281255900859833 0.012977912090718746 0.011739837937057018
v 0.027381286025047302 0.014265099540352821 0.010136893019080162
v 0.027381286025047302 0.013638028874993324 0.010966031812131405
v 0.028343921527266502 0.014212704263627529 0.010210112668573856
v 0.027381286025047302 0.014841832220554352 0.0092719839885830879
v 0.026360798627138138 0.014278166927397251 0.010118495672941208
v 0.026360798627138138 0.015377039089798927 0.0083544394001364708
v 0.025321027263998985 0.01485381368547678 0.0092527950182557106
v 0.026360798627138138 0.01485381368547678 0.0092527950182557106
v 0.023255504667758942 0.015852725133299828 0.0074122166261076927
v 0.023255504667758942 0.01538463681936264 0.0083404304459691048
v 0.024281255900859833 0.015845997259020805 0.0074266004376113415
v 0.025321027263998985 0.014278166927397251 0.010118495672941208
v 0.025321027263998985 0.015377039089798927 0.0083544394001364708
v 0.024281255900859833 0.01485381368547678 0.0092527950182557106
v 0.027381284162402153 0.015836326405405998 0.0074471770785748959
v 0.027381286025047302 0.015366191044449806 0.0083743557333946228
v 0.028343921527266502 0.01579744927585125 0.0075291385874152184
v 0.027381284162402153 0.016250578686594963 0.0064937183633446693
v 0.026360798627138138 0.015845997259020805 0.0074266004376113415
v 0.026360798627138138 0.016614684835076332 0.0054956595413386822
v 0.025321027263998985 0.016259031370282173 0.0064725512638688087
v 0.026360798627138138 0.016259031370282173 0.0064725512638688087
v 0.023255504667758942 0.016915731132030487 0.0044841882772743702
v 0.023255504667758942 0.016619624570012093 0.0054806871339678764
v 0.024281255900859833 0.016911702230572701 0.004499372560530901
v 0.025321027263998985 0.015845997259020805 0.0074266004376113415
v 0.025321027263998985 0.016614684835076332 0.0054956595413386822
v 0.024281255900859833 0.016259031370282173 0.0064725512638688087
v 0.027381284162402153 0.016905788332223892 0.0045215017162263393
v 0.027381284162402153 0.016607485711574554 0.0055173449218273163
v 0.028343919664621353 0.016881879419088364 0.0046097123995423317
v 0.027381284162402153 0.017144434154033661 0.00350970309227705
v 0.026360798627138138 0.016911702230572701 0.004499372560530901
v 0.026360798627138138 0.01732584647834301 0.0024627335369586945
v 0.025321027263998985 0.017149034887552261 0.0034872065298259258
v 0.026360798627138138 0.017149034887552261 0.0034872065298259258
v 0.023255504667758942 0.017442770302295685 0.0014140804996713996
v 0.023255504667758942 0.017328029498457909 0.0024472908116877079
v 0.024281255900859833 0.017441511154174805 0.0014295692089945078
v 0.025321027263998985 0.016911702230572701 0.004499372560530901
v 0.025321027263998985 0.01732584647834301 0.0024627335369586945
v 0.024281255900859833 0.017149034887552261 0.0034872065298259258
v 0.027381284162402153 0.017439600080251694 0.001452565542422235
v 0.027381284162402153 0.017322581261396408 0.0024855197407305241
v 0.028343919664621353 0.017431650310754776 0.0015442935982719064
v 0.027381284162402153 0.017495078966021538 0.00041448554839007556
v 0.026360798627138138 0.017441511154174805 0.0014295692089945078
v 0.026360798627138138 0.017487989738583565 -0.00064823083812370896
v 0.025321027263998985 0.017495622858405113 0.0003913598193321377
v 0.026360798627138138 0.017495622858405113 0.0003913598193321377
v 0.023255504667758942 0.017417147755622864 -0.0017008311115205288
v 0.023255504667758942 0.017487406730651855 -0.00066364638041704893
v 0.024281255900859833 0.017418637871742249 -0.0016855337889865041
v 0.025321027263998985 0.017441511154174805 0.0014295692089945078
v 0.025321027263998985 0.017487989738583565 -0.00064823083812370896
v 0.024281255900859833 0.017495622858405113 0.0003913598193321377
v 0.027381284162402153 0.017420850694179535 -0.0016623939154669642
v 0.027381284162402153 0.017488822340965271 -0.00062505702953785658
v 0.028343917801976204 0.017429348081350327 -0.0015700331423431635
v 0.027381284162402153 0.01729140616953373 -0.0026938647497445345
v 0.026360798627138138 0.017418637871742249 -0.0016855337889865041
v 0.026360798627138138 0.017095977440476418 -0.0037386540789157152
v 0.025321027263998985 0.017287814989686012 -0.002716888440772891
v 0.026360798627138138 0.017287814989686012 -0.002716888440772891
v 0.023255504667758942 0.016839673742651939 -0.0047618532553315163
v 0.023255504667758942 0.017092708498239517 -0.0037535564042627811
v 0.024281255900859833 0.016843806952238083 -0.0047472259029746056
v 0.025321027263998985 0.017418637871742249 -0.0016855337889865041
v 0.025321027263998985 0.017095977440476418 -0.0037386540789157152
v 0.024281255900859833 0.017287814989686012 -0.002716888440772891
v 0.027381284162402153 0.016850132495164871 -0.0047246813774108887
v 0.027381284162402153 0.017100941389799118 -0.0037158292252570391
v 0.028343917801976204 0.016875050961971283 -0.0046346355229616165
v 0.027381284162402153 0.016539864242076874 -0.0057168612256646156
v 0.026360798627138138 0.016843806952238083 -0.0047472259029746056
v 0.026360798627138138 0.01616223156452179 -0.0067106080241501331
v 0.025321027263998985 0.016532192006707191 -0.0057390439324080944
v 0.026360798627138138 0.016532192006707191 -0.0057390439324080944
v 0.023255504667758942 0.015728646889328957 -0.007671999279409647
v 0.023255504667758942 0.016156436875462532 -0.0067245373502373695
v 0.024281255900859833 0.015735233202576637 -0.0076584890484809875
v 0.025321027263998985 0.016843806952238083 -0.0047472259029746056
v 0.025321027263998985 0.01616223156452179 -0.0067106080241501331
v 0.024281255900859833 0.016532192006707191 -0.0057390439324080944
v 0.027381284162402153 0.015745529904961586 -0.0076372707262635231
v 0.027381284162402153 0.016171228140592575 -0.0066888676956295967
v 0.028343915939331055 0.015786310657858849 -0.0075524565763771534
v 0.027381284162402153 0.015264267101883888 -0.0085587222129106522
v 0.028343915939331055 0.015310120768845081 -0.00847628153860569
v 0.020500000566244125 0.010996746830642223 -0.013613286428153515
v 0.020500000566244125 0.011784575879573822 -0.012937301769852638
v 0.021208846941590309 0.011463339440524578 -0.013221308588981628
v 0.023255504667758942 0.014708260074257851 -0.0094824554398655891
v 0.023255504667758942 0.015245351940393448 -0.0085923876613378525
v 0.024281255900859833 0.014716340228915215 -0.009469917044043541
v 0.021294184029102325 0.012012060731649399 -0.012724792584776878
v 0.020500000566244125 0.012530937790870667 -0.012215793132781982
v 0.021337388083338737 0.012680527754127979 -0.012058761902153492
v 0.02227182500064373 0.014084142632782459 -0.010386776179075241
v 0.02227182500064373 0.014675908721983433 -0.0095323603600263596
v 0.023255504667758942 0.014119266532361507 -0.010339062660932541
v 0.022184967994689941 0.01210809126496315 -0.012635017745196819
v 0.02227182500064373 0.013442697934806347 -0.011204554699361324
v 0.023255504667758942 0.013480448164045811 -0.011159184388816357
v 0.024259369820356369 0.012820403091609478 -0.011911632493138313
v 0.024281255900859833 0.013489885255694389 -0.011147779412567616
v 0.02529972605407238 0.012820403091609478 -0.011911632493138313
v 0.025321027263998985 0.014128043316304684 -0.010327070951461792
v 0.025321027263998985 0.014716340228915215 -0.009469917044043541
v 0.026360798627138138 0.014128043316304684 -0.010327070951461792
v 0.025321027263998985 0.015252701006829739 -0.0085793416947126389
v 0.025321027263998985 0.015735233202576637 -0.0076584890484809875
v 0.027381284162402153 0.014729141257703304 -0.0094499727711081505
v 0.028343915939331055 0.014779930002987385 -0.0093702087178826332
v 0.027381284162402153 0.013505032286047935 -0.011129406280815601
v 0.027381284162402153 0.014142039231956005 -0.010307877324521542
v 0.028343915939331055 0.013565204106271267 -0.011055874638259411
v 0.026340082287788391 0.012820403091609478 -0.011911632493138313
v 0.026360798627138138 0.013489885255694389 -0.011147779412567616
v 0.027363566681742668 0.012834592722356319 -0.011896317824721336
v 0.029207797721028328 0.013029899448156357 -0.011679863557219505
v 0.029210286214947701 0.013698113150894642 -0.01088850200176239
v 0.029999999329447746 0.013233205303549767 -0.011451300233602524
v 0.028288684785366058 0.012212261557579041 -0.012533973902463913
v 0.029187936335802078 0.012331454083323479 -0.012413931079208851
v 0.029113532975316048 0.011656694114208221 -0.013051979243755341
v 0.028158104047179222 0.011597907170653343 -0.013101172633469105
v 0.028848972171545029 0.011186767369508743 -0.013518630526959896
v 0.027963638305664062 0.011075458489358425 -0.013575652614235878
v 0.023255506530404091 0.0031817846465855837 0.017208313569426537
v 0.023255506530404091 0.0021543870680034161 0.017366876825690269
v 0.024281255900859833 0.0031652783509343863 0.017211362719535828
v 0.026360798627138138 6.3481187680736184e-05 0.017499884590506554
v 0.025321027263998985 6.3481187680736184e-05 0.017499884590506554
v 0.025321027263998985 -0.00097578391432762146 0.017472773790359497
v 0.024281255900859833 -0.00097578391432762146 0.017472773790359497
v 0.027381286025047302 4.1821436752798036e-05 0.01749994233250618
v 0.027381286025047302 -0.0009973522974178195 0.017471548169851303
v 0.02834392711520195 -4.4592918129637837e-05 0.017499871551990509
v 0.026360798627138138 -0.00097578391432762146 0.017472773790359497
v 0.023255506530404091 8.0436693679075688e-05 0.017499808222055435
v 0.023255506530404091 -0.00095879728905856609 0.017473708838224411
v 0.024281255900859833 6.3481187680736184e-05 0.017499884590506554
v 0.026360798627138138 -0.0030403276905417442 0.017233874648809433
v 0.025321027263998985 -0.0030403276905417442 0.017233874648809433
v 0.025321027263998985 -0.0040583196096122265 0.017022926360368729
v 0.024281255900859833 -0.0040583196096122265 0.017022926360368729
v 0.027381286025047302 -0.0030614871066063643 0.017230119556188583
v 0.027381286025047302 -0.0040791640058159828 0.017017936334013939
v 0.02834392711520195 -0.0031458523590117693 0.017214853316545486
v 0.026360798627138138 -0.0040583196096122265 0.017022926360368729
v 0.023255506530404091 -0.003023460041731596 0.01723683625459671
v 0.023255506530404091 -0.0040416023693978786 0.017026897519826889
v 0.024281255900859833 -0.0030403276905417442 0.017233874648809433
v 0.026360798627138138 -0.0060477950610220432 0.016421759501099586
v 0.025321027263998985 -0.0060477950610220432 0.016421759501099586
v 0.025321027263998985 -0.0070122568868100643 0.016033660620450974
v 0.024281255900859833 -0.0070122568868100643 0.016033660620450974
v 0.027381286025047302 -0.006067794281989336 0.016414372250437737
v 0.027381286025047302 -0.0070317303761839867 0.016025122255086899
v 0.028343928977847099 -0.0061474810354411602 0.016384629532694817
v 0.026360798627138138 -0.0070122568868100643 0.016033660620450974
v 0.023255506530404091 -0.0060315602459013462 0.016427721828222275
v 0.023255506530404091 -0.0069963526912033558 0.016040598973631859
v 0.024281255900859833 -0.0060477950610220432 0.016421759501099586
v 0.026360798627138138 -0.0088636213913559914 0.015089275315403938
v 0.025321027263998985 -0.0088636213913559914 0.015089275315403938
v 0.025321027263998985 -0.0097439903765916824 0.014536322094500065
v 0.024281255900859833 -0.0097439903765916824 0.014536322094500065
v 0.027381286025047302 -0.0088818473741412163 0.015078545548021793
v 0.027381286025047302 -0.009761500172317028 0.014524560421705246
v 0.028343928977847099 -0.0089544160291552544 0.015035494230687618
v 0.026360798627138138 -0.0097439903765916824 0.014536322094500065
v 0.023255506530404091 -0.0088485544547438622 0.015098107978701591
v 0.023255506530404091 -0.0097294272854924202 0.014546065591275692
v 0.024281255900859833 -0.0088636213913559914 0.015089275315403938
v 0.026360798627138138 -0.011398578062653542 0.013278644531965256
v 0.025321027263998985 -0.011398578062653542 0.013278644531965256
v 0.025321027263998985 -0.012166958302259445 0.012578359805047512
v 0.024281255900859833 -0.012166958302259445 0.012578359805047512
v 0.027381286025047302 -0.011414485052227974 0.013264964334666729
v 0.027381286025047302 -0.012181984260678291 0.012563798576593399
v 0.028343930840492249 -0.011477758176624775 0.0132101746276021
v 0.026360798627138138 -0.012166958302259445 0.012578359805047512
v 0.024281255900859833 -0.011398578062653542 0.013278644531965256
v 0.026360798627138138 -0.013572339899837971 0.011047244071960449
v 0.025321027263998985 -0.013572339899837971 0.011047244071960449
v 0.025321027263998985 -0.014204381965100765 0.010221816599369049
v 0.024281255900859833 -0.014204381965100765 0.010221816599369049
v 0.024281255900859833 -0.014786294661462307 0.009360315278172493
v 0.025321027263998985 -0.014786294661462307 0.009360315278172493
v 0.027381287887692451 -0.013585462234914303 0.011031092144548893
v 0.027381287887692451 -0.014216489158570766 0.010204960592091084
v 0.028343930840492249 -0.013637593947350979 0.010966481640934944
v 0.026360798627138138 -0.014786294661462307 0.009360315278172493
v 0.027381287887692451 -0.014797349460422993 0.0093428175896406174
v 0.026360798627138138 -0.014204381965100765 0.010221816599369049
v 0.026360798627138138 -0.015316023491322994 0.0084657799452543259
v 0.025321027263998985 -0.015316023491322994 0.0084657799452543259
v 0.025321027263998985 -0.015791699290275574 0.0075413668528199196
v 0.024281255900859833 -0.016211645677685738 0.0065903398208320141
v 0.025321027263998985 -0.016211645677685738 0.0065903398208320141
v 0.027381287887692451 -0.015325992368161678 0.0084477057680487633
v 0.027381287887692451 -0.015800552442669868 0.0075227841734886169
v 0.028343932703137398 -0.015365518629550934 0.0083754733204841614
v 0.026360798627138138 -0.016211645677685738 0.0065903398208320141
v 0.027381287887692451 -0.016219358891248703 0.0065713166259229183
v 0.026360798627138138 -0.015791699290275574 0.0075413668528199196
v 0.024281255900859833 -0.015791699290275574 0.0075413668528199196
v 0.026360798627138138 -0.016574375331401825 0.005616053007543087
v 0.025321027263998985 -0.016574375331401825 0.005616053007543087
v 0.025321027263998985 -0.016878614202141762 0.0046219476498663425
v 0.024281255900859833 -0.017123283818364143 0.0036115299444645643
v 0.025321027263998985 -0.017123283818364143 0.0036115299444645643
v 0.027381287887692451 -0.016580928117036819 0.0055966596119105816
v 0.027381287887692451 -0.016883987933397293 0.0046022539027035236
v 0.028343932703137398 -0.016606807708740234 0.0055192071013152599
v 0.026360798627138138 -0.017123283818364143 0.0036115299444645643
v 0.027381287887692451 -0.017127467319369316 0.00359160709194839
v 0.026360798627138138 -0.016878614202141762 0.0046219476498663425
v 0.024281255900859833 -0.016878614202141762 0.0046219476498663425
v 0.026360798627138138 -0.017307523638010025 0.0025883668567985296
v 0.025321027263998985 -0.017307523638010025 0.0025883668567985296
v 0.025321027263998985 -0.017430681735277176 0.001556068891659379
v 0.024281255900859833 -0.017492324113845825 0.00051827926654368639
v 0.025321027263998985 -0.017492324113845825 0.00051827926654368639
v 0.027381287887692451 -0.017310509458184242 0.0025682868435978889
v 0.027381287887692451 -0.01743246428668499 0.0015359034296125174
v 0.028343934565782547 -0.017322150990366936 0.0024881451390683651
v 0.026360798627138138 -0.017492324113845825 0.00051827926654368639
v 0.027381287887692451 -0.017492905259132385 0.00049810018390417099
v 0.026360798627138138 -0.017430681735277176 0.001556068891659379
v 0.024281255900859833 -0.017430681735277176 0.001556068891659379
v 0.026360798627138138 -0.017492232844233513 -0.00052133941790089011
v 0.025321027263998985 -0.017492232844233513 -0.00052133941790089011
v 0.025321027263998985 -0.017430407926440239 -0.0015591181581839919
v 0.024281255900859833 -0.017307069152593613 -0.0025913945864886045
v 0.025321027263998985 -0.017307069152593613 -0.0025913945864886045
v 0.027381287887692451 -0.017491616308689117 -0.00054146075854077935
v 0.027381287887692451 -0.017428603023290634 -0.0015791109763085842
v 0.028343934565782547 -0.017488889396190643 -0.00062171841273084283
v 0.026360798627138138 -0.017307069152593613 -0.0025913945864886045
v 0.027381287887692451 -0.017304088920354843 -0.0026111889164894819
v 0.026360798627138138 -0.017430407926440239 -0.0015591181581839919
v 0.024281255900859833 -0.017430407926440239 -0.0015591181581839919
v 0.026360798627138138 -0.017122652381658554 -0.0036145257763564587
v 0.025321027263998985 -0.017122652381658554 -0.0036145257763564587
v 0.025321027263998985 -0.016877803951501846 -0.0046248999424278736
v 0.024281255900859833 -0.01657339371740818 -0.0056189531460404396
v 0.025321027263998985 -0.01657339371740818 -0.0056189531460404396
v 0.027381287887692451 -0.017118513584136963 -0.0036340528167784214
v 0.027381287887692451 -0.016872527077794075 -0.0046440921723842621
v 0.028343936428427696 -0.017101746052503586 -0.0037118922919034958
v 0.026360798627138138 -0.01657339371740818 -0.0056189531460404396
v 0.027381287887692451 -0.016567004844546318 -0.0056377444416284561
v 0.026360798627138138 -0.016877803951501846 -0.0046248999424278736
v 0.024281255900859833 -0.016877803951501846 -0.0046248999424278736
v 0.026360798627138138 -0.016210490837693214 -0.0065931747667491436
v 0.025321027263998985 -0.016210490837693214 -0.0065931747667491436
v 0.025321027263998985 -0.015790380537509918 -0.0075441291555762291
v 0.024281255900859833 -0.015314542688429356 -0.00846845842897892
v 0.025321027263998985 -0.015314542688429356 -0.00846845842897892
v 0.027381287887692451 -0.016203019767999649 -0.006611501332372427
v 0.027381287887692451 -0.015781858935952187 -0.0075619285926222801
v 0.028343936428427696 -0.016172977164387703 -0.0066845077089965343
v 0.026360798627138138 -0.015314542688429356 -0.00846845842897892
v 0.027381287887692451 -0.015305005945265293 -0.0084856711328029633
v 0.026360798627138138 -0.015790380537509918 -0.0075441291555762291
v 0.024281255900859833 -0.015790380537509918 -0.0075441291555762291
v 0.026360798627138138 -0.014784656465053558 -0.0093629015609622002
v 0.025321027263998985 -0.014784656465053558 -0.0093629015609622002
v 0.025321027263998985 -0.014202593825757504 -0.010224301367998123
v 0.024281255900859833 -0.013570406474173069 -0.011049618013203144
v 0.025321027263998985 -0.013570406474173069 -0.011049618013203144
v 0.027381287887692451 -0.014774145558476448 -0.0093794697895646095
v 0.027381287887692451 -0.014191150665283203 -0.010240170173346996
v 0.028343938291072845 -0.014732002280652523 -0.0094454213976860046
v 0.027381287887692451 -0.013558076694607735 -0.011064735241234303
v 0.028343938291072845 -0.014145298860967159 -0.010303321294486523
v 0.026360798627138138 -0.014202593825757504 -0.010224301367998123
v 0.024281255900859833 -0.014202593825757504 -0.010224301367998123
v 0.021358111873269081 -0.013736349530518055 -0.010840802453458309
v 0.02227184921503067 -0.014257878996431828 -0.010146987624466419
v 0.021358111873269081 -0.014355386607348919 -0.010006648488342762
v 0.025658812373876572 -0.011611401103436947 -0.01309148408472538
v 0.025051932781934738 -0.011057716794312 -0.013585269451141357
v 0.026099303737282753 -0.011057716794312 -0.013585269451141357
v 0.027490099892020226 -0.012220557779073715 -0.012526227161288261
v 0.027726706117391586 -0.011599206365644932 -0.013102512806653976
v 0.028449326753616333 -0.012169234454631805 -0.012576171196997166
v 0.02357049472630024 -0.011613183654844761 -0.013089876621961594
v 0.024004561826586723 -0.011057716794312 -0.013585269451141357
v 0.024613779038190842 -0.011611401103436947 -0.01309148408472538
v 0.026467269286513329 -0.012234430760145187 -0.012512682937085629
v 0.026703845709562302 -0.011611401103436947 -0.01309148408472538
v 0.022954704239964485 -0.011061684228479862 -0.01358324196189642
v 0.022528886795043945 -0.011628682725131512 -0.013075918890535831
v 0.021480333060026169 -0.011673536151647568 -0.013037863187491894
v 0.02233482152223587 -0.012275137938559055 -0.012472512200474739
v 0.021380767226219177 -0.012370802462100983 -0.012376098893582821
v 0.021871469914913177 -0.011064243502914906 -0.013581820763647556
v 0.020500000566244125 -0.010996746830642223 -0.013613286428153515
v 0.027146674692630768 -0.011057716794312 -0.013585269451141357
v 0.024296710267663002 -0.012903313152492046 -0.011821772903203964
v 0.023347938433289528 -0.012241296470165253 -0.012505977414548397
v 0.024383047595620155 -0.012234430760145187 -0.012512682937085629
v 0.028343938291072845 -0.013508700765669346 -0.011124877259135246
v 0.028361745178699493 -0.012837515212595463 -0.011893101967871189
v 0.029210293665528297 -0.013395213522017002 -0.011258048005402088
v 0.02817453071475029 -0.011054781265556812 -0.013586647808551788
v 0.028676539659500122 -0.011561034247279167 -0.013136419467628002
v 0.029289981350302696 -0.012045803479850292 -0.012692046351730824
v 0.029159625992178917 -0.011044994927942753 -0.013591175898909569
v 0.029412982985377312 -0.01148634497076273 -0.013201605528593063
v 0.029999999329447746 -0.010996746830642223 -0.013613286428153515
v 0.029226060956716537 -0.012719199992716312 -0.012017334811389446
v 0.029999999329447746 -0.012530937790870667 -0.012215793132781982
v 0.029999999329447746 -0.013233205303549767 -0.011451300233602524
v 0.029999999329447746 -0.011784575879573822 -0.012937301769852638
v 0.025425158441066742 -0.012234430760145187 -0.012512682937085629
v 0.022279182448983192 -0.012961241416633129 -0.011758185923099518
v 0.021359918639063835 -0.013070498593151569 -0.011634950526058674
v 0.020500000566244125 -0.011784575879573822 -0.012937301769852638
v 0.029210293665528297 -0.014634549617767334 -0.0095919640734791756
v 0.029999999329447746 -0.014495739713311195 -0.0098042609170079231
v 0.029999999329447746 -0.015051563270390034 -0.0089275110512971878
v 0.027398496866226196 -0.012890171259641647 -0.01183611061424017
v 0.020500000566244125 -0.013233205303549767 -0.011451300233602524
v 0.020500000566244125 -0.012530937790870667 -0.012215793132781982
v 0.026377424597740173 -0.012903313152492046 -0.011821772903203964
v 0.025337066501379013 -0.012903313152492046 -0.011821772903203964
v 0.023268621414899826 -0.012914620339870453 -0.011809398420155048
v 0.029999999329447746 -0.013888908550143242 -0.010646511800587177
v 0.029210293665528297 -0.014039617963135242 -0.010443407110869884
v 0.026360798627138138 -0.013570406474173069 -0.011049618013203144
v 0.022271851077675819 -0.013630363158881664 -0.01097550243139267
v 0.02325550839304924 -0.013582455925643444 -0.011034788563847542
v 0.028343938291072845 -0.015266742557287216 -0.0085542071610689163
v 0.029210293665528297 -0.015177912078797817 -0.0087067214772105217
v 0.02325550839304924 -0.014213708229362965 -0.010208829306066036
v 0.020500000566244125 -0.013888908550143242 -0.010646511800587177
v 0.029210293665528297 -0.016102461144328117 -0.0068474193103611469
v 0.029999999329447746 -0.016002550721168518 -0.0070829647593200207
v 0.029999999329447746 -0.016394367441534996 -0.0061216587200760841
v 0.024281255900859833 -0.014784656465053558 -0.0093629015609622002
v 0.021358111873269081 -0.014923836104571819 -0.0091372327879071236
v 0.020500000566244125 -0.015051563270390034 -0.0089275110512971878
v 0.020500000566244125 -0.014495739713311195 -0.0098042609170079231
v 0.02227184921503067 -0.014835103414952755 -0.0092826802283525467
v 0.02325550839304924 -0.014794803224503994 -0.0093468436971306801
v 0.029999999329447746 -0.01555442251265049 -0.0080193467438220978
v 0.029210293665528297 -0.015667792409658432 -0.0077907978557050228
v 0.021358110010623932 -0.015439699403941631 -0.008235621266067028
v 0.02227184921503067 -0.015830719843506813 -0.0074590053409337997
v 0.021358110010623932 -0.015901153907179832 -0.0073049892671406269
v 0.02227184921503067 -0.015360001474618912 -0.008385632187128067
v 0.02325550839304924 -0.015323690138757229 -0.008451877161860466
v 0.028343936428427696 -0.015747632831335068 -0.0076328190043568611
v 0.028343936428427696 -0.016541276127099991 -0.0057126195169985294
v 0.029210293665528297 -0.016480391845107079 -0.0058799125254154205
v 0.02325550839304924 -0.015798503533005714 -0.0075270845554769039
v 0.020500000566244125 -0.01555442251265049 -0.0080193467438220978
v 0.029210293665528297 -0.017060903832316399 -0.0038862195797264576
v 0.029999999329447746 -0.017003761604428291 -0.0041378824971616268
v 0.029999999329447746 -0.017219195142388344 -0.0031223930418491364
v 0.024281255900859833 -0.016210490837693214 -0.0065931747667491436
v 0.021358110010623932 -0.016306577250361443 -0.0063486159779131413
v 0.020500000566244125 -0.016394367441534996 -0.0061216587200760841
v 0.020500000566244125 -0.016002550721168518 -0.0070829647593200207
v 0.02227184921503067 -0.016245599836111069 -0.0065060681663453579
v 0.02325550839304924 -0.016217565163969994 -0.0065757306292653084
v 0.029999999329447746 -0.016728496178984642 -0.0051388116553425789
v 0.029210293665528297 -0.016800247132778168 -0.0048916847445070744
v 0.021358110010623932 -0.016654539853334427 -0.0053698732517659664
v 0.022271847352385521 -0.016902191564440727 -0.0045347921550273895
v 0.021358110010623932 -0.016943814232945442 -0.0043722079135477543
v 0.02227184921503067 -0.016603177413344383 -0.005530183669179678
v 0.02325550839304924 -0.016579402610659599 -0.0056011728011071682
v 0.028343936428427696 -0.016851229593157768 -0.0047205807641148567
v 0.028343936428427696 -0.01729193702340126 -0.0026901103556156158
v 0.029210291802883148 -0.017261438071727753 -0.0028670588508248329
v 0.02325550839304924 -0.016882730647921562 -0.0046068490482866764
v 0.020500000566244125 -0.016728496178984642 -0.0051388116553425789
v 0.029210291802883148 -0.017479544505476952 -0.00080205401172861457
v 0.029999999329447746 -0.017467742785811424 -0.0010620646644383669
v 0.029999999329447746 -0.017499983310699463 -2.4475804821122438e-05
v 0.024281255900859833 -0.017122652381658554 -0.0036145257763564587
v 0.021358110010623932 -0.017173383384943008 -0.0033591371029615402
v 0.020500000566244125 -0.017219195142388344 -0.0031223930418491364
v 0.020500000566244125 -0.017003761604428291 -0.0041378824971616268
v 0.022271847352385521 -0.017141588032245636 -0.0035234058741480112
v 0.02325550839304924 -0.017126487568020821 -0.0035962695255875587
v 0.029999999329447746 -0.017374036833643913 -0.0020959165412932634
v 0.029210291802883148 -0.017401149496436119 -0.0018377946689724922
v 0.021358110010623932 -0.017342435196042061 -0.0023342291824519634
v 0.022271847352385521 -0.017438359558582306 -0.0014669598313048482
v 0.021358110010623932 -0.017450377345085144 -0.001301096985116601
v 0.022271847352385521 -0.017320521175861359 -0.0024995910935103893
v 0.02325550839304924 -0.017309805378317833 -0.002572998870164156
v 0.028343934565782547 -0.017421137541532516 -0.0016588398721069098
v 0.028343934565782547 -0.017494954168796539 0.00041759604937396944
v 0.029210291802883148 -0.017496343702077866 0.00023651382070966065
v 0.02325550839304924 -0.017432041466236115 -0.0015406488673761487
v 0.020500000566244125 -0.017374036833643913 -0.0020959165412932634
v 0.029210291802883148 -0.017345141619443893 0.0023074948694556952
v 0.029999999329447746 -0.017379831522703171 0.0020473089534789324
v 0.029999999329447746 -0.017227862030267715 0.003074214793741703
v 0.024281255900859833 -0.017492232844233513 -0.00052133941790089011
v 0.021358108147978783 -0.017496829852461815 -0.00026338055613450706
v 0.020500000566244125 -0.017499983310699463 -2.4475804821122438e-05
v 0.020500000566244125 -0.017467742785811424 -0.0010620646644383669
v 0.022271847352385521 -0.017494691535830498 -0.00042915446101687849
v 0.02325550839304924 -0.017492765560746193 -0.0005028623272664845
v 0.029999999329447746 -0.017470644786953926 0.0010131992166861892
v 0.029210291802883148 -0.017451491206884384 0.0012742490507662296
v 0.021358108147978783 -0.017481625080108643 0.00077526347013190389
v 0.022271845489740372 -0.017422247678041458 0.0016473317518830299
v 0.021358108147978783 -0.017404818907380104 0.0018111751414835453
v 0.022271847352385521 -0.017489314079284668 0.00061016477411612868
v 0.02325550839304924 -0.017491761595010757 0.00053669878980144858
v 0.028343934565782547 -0.017439309507608414 0.0014554375084117055
v 0.028343934565782547 -0.017143893986940384 0.0035120765678584576
v 0.029210291802883148 -0.017177671194076538 0.0033326102420687675
v 0.02325550839304924 -0.017429031431674957 0.0015743660042062402
v 0.020500000566244125 -0.017470644786953926 0.0010131992166861892
v 0.029210291802883148 -0.01666194386780262 0.0053440425544977188
v 0.029999999329447746 -0.016742806881666183 0.0050919982604682446
v 0.029999999329447746 -0.016411427408456802 0.0060757757164537907
v 0.024281255900859833 -0.017307523638010025 0.0025883668567985296
v 0.021358108147978783 -0.017266683280467987 0.0028407040517777205
v 0.020500000566244125 -0.017227862030267715 0.003074214793741703
v 0.020500000566244125 -0.017379831522703171 0.0020473089534789324
v 0.022271845489740372 -0.017293728888034821 0.0026786881498992443
v 0.02325550839304924 -0.017304796725511551 0.0026064778212457895
v 0.029999999329447746 -0.017015270888805389 0.0040903030894696712
v 0.029210291802883148 -0.016949672251939774 0.0043459832668304443
v 0.021358108147978783 -0.017067702487111092 0.0038602224085479975
v 0.022271845489740372 -0.016854360699653625 0.0047094514593482018
v 0.021358108147978783 -0.016808578744530678 0.0048661376349627972
v 0.022271845489740372 -0.017104208469390869 0.0037005962803959846
v 0.02325550839304924 -0.017119498923420906 0.0036293915472924709
v 0.028343932703137398 -0.016905166208744049 0.0045236200094223022
v 0.028343932703137398 -0.016249876469373703 0.0064953276887536049
v 0.029210291802883148 -0.016315504908561707 0.0063232718966901302
v 0.023255506530404091 -0.016873789951205254 0.0046394984237849712
v 0.020500000566244125 -0.017015270888805389 0.0040903030894696712
v 0.029210291802883148 -0.015451568178832531 0.0082115139812231064
v 0.029999999329447746 -0.015576793812215328 0.0079758064821362495
v 0.029999999329447746 -0.015076476149260998 0.0088853733614087105
v 0.024281255900859833 -0.016574375331401825 0.005616053007543087
v 0.021358108147978783 -0.016490224748849869 0.005854905117303133
v 0.020500000566244125 -0.016411427408456802 0.0060757757164537907
v 0.020500000566244125 -0.016742806881666183 0.0050919982604682446
v 0.022271845489740372 -0.016545061022043228 0.0057016946375370026
v 0.023255506530404091 -0.016568535938858986 0.0056332331150770187
v 0.029999999329447746 -0.016022300347685814 0.0070381741970777512
v 0.029210291802883148 -0.015911569818854332 0.0072802193462848663
v 0.021358106285333633 -0.0161137655377388 0.0068230414763092995
v 0.022271843627095222 -0.015752684324979782 0.0076224193908274174
v 0.021358106285333633 -0.015680521726608276 0.0077671329490840435
v 0.022271845489740372 -0.016177404671907425 0.0066738277673721313
v 0.023255506530404091 -0.016204817220568657 0.0066070901229977608
v 0.028343932703137398 -0.015835624188184738 0.0074485363438725471
v 0.028343932703137398 -0.014841214753687382 0.0092728668823838234
v 0.029210289940237999 -0.014937117695808411 0.0091138742864131927
v 0.023255506530404091 -0.015783913433551788 0.007557631004601717
v 0.020500000566244125 -0.016022300347685814 0.0070381741970777512
v 0.029210289940237999 -0.013752307742834091 0.01081918366253376
v 0.029999999329447746 -0.013918635435402393 0.010607619769871235
v 0.029999999329447746 -0.013265185989439487 0.011414239183068275
v 0.024281255900859833 -0.015316023491322994 0.0084657799452543259
v 0.021358106285333633 -0.015192026272416115 0.0086838556453585625
v 0.020500000566244125 -0.015076476149260998 0.0088853733614087105
v 0.020500000566244125 -0.015576793812215328 0.0079758064821362495
v 0.022271843627095222 -0.015272402204573154 0.0085441255941987038
v 0.023255506530404091 -0.01530731376260519 0.008481503464281559
v 0.029999999329447746 -0.014523107558488846 0.0097636748105287552
v 0.029210289940237999 -0.014370030723512173 0.0099841197952628136
v 0.021358106285333633 -0.014649997465312481 0.0095699774101376534
v 0.022271843627095222 -0.014152113348245621 0.010293981060385704
v 0.021358106285333633 -0.014056343585252762 0.010422375984489918
v 0.022271843627095222 -0.014738250523805618 0.0094356946647167206
v 0.023255506530404091 -0.01477669645100832 0.0093754464760422707
v 0.028343930840492249 -0.014264561235904694 0.010137553326785564
v 0.028343930840492249 -0.012962523847818375 0.011756728403270245
v 0.029210289940237999 -0.013086123391985893 0.011616124771535397
v 0.023255506530404091 -0.014193935319781303 0.010236305184662342
v 0.020500000566244125 -0.014523107558488846 0.0097636748105287552
v 0.029210289940237999 -0.011617924086749554 0.01308454480022192
v 0.029999999329447746 -0.0118207186460495 0.01290428638458252
v 0.029999999329447746 -0.011034782975912094 0.013582472689449787
v 0.024281255900859833 -0.013572339899837971 0.011047244071960449
v 0.021358106285333633 -0.013413160108029842 0.011238047853112221
v 0.020500000566244125 -0.013265185989439487 0.011414239183068275
v 0.020500000566244125 -0.013918635435402393 0.010607619769871235
v 0.022271843627095222 -0.013516058214008808 0.011115958914160728
v 0.023255506530404091 -0.013561087660491467 0.011061042547225952
v 0.029999999329447746 -0.012565058656036854 0.012180693447589874
v 0.029210289940237999 -0.012373825535178185 0.012372133322060108
v 0.027381286025047302 -0.012906495481729507 0.011818297207355499
v 0.026360798627138138 -0.012892398983240128 0.011833683587610722
v 0.021358106285333633 -0.012722711078822613 0.012014119885861874
v 0.022271841764450073 -0.012103335000574589 0.012639526277780533
v 0.021358104422688484 -0.011987430974841118 0.012747854925692081
v 0.020500000566244125 -0.012565058656036854 0.012180693447589874
v 0.022271843627095222 -0.012832327745854855 0.011898727156221867
v 0.025321027263998985 -0.012892398983240128 0.011833683587610722
v 0.024281255900859833 -0.012892398983240128 0.011833683587610722
v 0.023255506530404091 -0.012880385853350163 0.011846748180687428
v 0.028343930840492249 -0.012241730466485023 0.012505507096648216
v 0.028343930840492249 -0.010673301294445992 0.013868247158825397
v 0.029210289940237999 -0.010821083560585976 0.013750850223004818
v 0.023255506530404091 -0.01215423084795475 0.012590648606419563
v 0.029210289940237999 -0.009115949273109436 0.014935921877622604
v 0.029999999329447746 -0.0093493275344371796 0.014793244190514088
v 0.029999999329447746 -0.0084557374939322472 0.015321569517254829
v 0.023255506530404091 -0.011385186575353146 0.013290119357407093
v 0.021358104422688484 -0.011209908872842789 0.013436669483780861
v 0.022271841764450073 -0.011331650428473949 0.013335741125047207
v 0.020500000566244125 -0.0118207186460495 0.01290428638458252
v 0.029999999329447746 -0.01021001860499382 0.014212864451110363
v 0.029210289940237999 -0.0099861109629273415 0.014368702657520771
v 0.027381286025047302 -0.010606707073748112 0.013919321820139885
v 0.026360798627138138 -0.010589971207082272 0.013932067900896072
v 0.021358104422688484 -0.010392887517809868 0.014078136533498764
v 0.022271841764450073 -0.0096712373197078705 0.014584768563508987
v 0.021358104422688484 -0.0095392428338527679 0.014669994823634624
v 0.020500000566244125 -0.01021001860499382 0.014212864451110363
v 0.020500000566244125 -0.011034782975912094 0.013582472689449787
v 0.022271841764450073 -0.010519998148083687 0.013984919525682926
v 0.025321027263998985 -0.010589971207082272 0.013932067900896072
v 0.024281255900859833 -0.010589971207082272 0.013932067900896072
v 0.023255506530404091 -0.010575966909527779 0.01394269336014986
v 0.028343928977847099 -0.0098311975598335266 0.014477402903139591
v 0.028343928977847099 -0.0080460496246814728 0.015540550462901592
v 0.029210289940237999 -0.0082136634737253189 0.015450511127710342
v 0.029210289940237999 -0.0063255415298044682 0.016314737498760223
v 0.029999999329447746 -0.0065825455822050571 0.016214810311794281
v 0.029999999329447746 -0.0056095346808433533 0.016576584428548813
v 0.022271841764450073 -0.008788364939391613 0.015133174136281013
v 0.021358104422688484 -0.0086519848555326462 0.015210159122943878
v 0.020500000566244125 -0.0093493275344371796 0.014793244190514088
v 0.029999999329447746 -0.0075323940254747868 0.015795981511473656
v 0.029210289940237999 -0.0072824340313673019 0.015910657122731209
v 0.027381286025047302 -0.0079708527773618698 0.015579321421682835
v 0.026360798627138138 -0.0079519711434841156 0.015588975511491299
v 0.021358104422688484 -0.0077342395670711994 0.015696724876761436
v 0.022271839901804924 -0.0069328462705016136 0.016068104654550552
v 0.021358104422688484 -0.0067892409861087799 0.016127979382872581
v 0.020500000566244125 -0.0075323940254747868 0.015795981511473656
v 0.020500000566244125 -0.0084557374939322472 0.015321569517254829
v 0.025321027263998985 -0.0079519711434841156 0.015588975511491299
v 0.024281255900859833 -0.0079519711434841156 0.015588975511491299
v 0.022271839901804924 -0.0078744934871792793 0.015628201887011528
v 0.023255506530404091 -0.0079364562407135963 0.015596873126924038
v 0.028343928977847099 -0.007109303493052721 0.015990791842341423
v 0.028343928977847099 -0.0051639750599861145 0.016720674932003021
v 0.029210289940237999 -0.0053463587537407875 0.016661329194903374
v 0.029210289940237999 -0.0033349888399243355 0.017177363857626915
v 0.029999999329447746 -0.0036077890545129776 0.017124071717262268
v 0.029999999329447746 -0.0025860986206680536 0.017307862639427185
v 0.022271839901804924 -0.0059667453169822693 0.016451330855488777
v 0.021358102560043335 -0.005820318590849638 0.016502402722835541
v 0.020500000566244125 -0.0065825455822050571 0.016214810311794281
v 0.029999999329447746 -0.0046167843975126743 0.016880026087164879
v 0.029210289940237999 -0.0043483353219926357 0.016949208453297615
v 0.027381286025047302 -0.0050824466161429882 0.016745701432228088
v 0.026360798627138138 -0.0050619901157915592 0.016751904040575027
v 0.021358102560043335 -0.0048308875411748886 0.01681867428123951
v 0.022271839901804924 -0.0039748870767652988 0.017042551189661026
v 0.021358102560043335 -0.0038244333118200302 0.017075680196285248
v 0.020500000566244125 -0.0046167843975126743 0.016880026087164879
v 0.020500000566244125 -0.0056095346808433533 0.016576584428548813
v 0.025321027263998985 -0.0050619901157915592 0.016751904040575027
v 0.024281255900859833 -0.0050619901157915592 0.016751904040575027
v 0.022271839901804924 -0.0049795988015830517 0.016776528209447861
v 0.023255506530404091 -0.0050454838201403618 0.016756875440478325
v 0.02834392711520195 -0.0041622542776167393 0.016997741535305977
v 0.02834392711520195 -0.0021183541975915432 0.017371244728565216
v 0.02921028807759285 -0.0023098892997950315 0.017344990745186806
v 0.02921028807759285 -0.00023890977900009602 0.017496505752205849
v 0.029999999329447746 -0.00051904481370002031 0.017492301762104034
v 0.029999999329447746 0.00051904487190768123 0.017492301762104034
v 0.022271839901804924 -0.0029561559204012156 0.01724846288561821
v 0.021358102560043335 -0.0028045035433024168 0.017272515222430229
v 0.020500000566244125 -0.0036077890545129776 0.017124071717262268
v 0.029999999329447746 -0.00155530811753124 0.017430748790502548
v 0.02921028807759285 -0.0012766493018716574 0.017451494932174683
v 0.027381286025047302 -0.0020330066327005625 0.017381502315402031
v 0.026360798627138138 -0.0020116053055971861 0.01738400012254715
v 0.021358102560043335 -0.0017746913945302367 0.01740848645567894
v 0.022271838039159775 -0.00089104153448715806 0.017477251589298248
v 0.021358102560043335 -0.00073862605495378375 0.017483111470937729
v 0.020500000566244125 -0.00155530811753124 0.017430748790502548
v 0.020500000566244125 -0.0025860986206680536 0.017307862639427185
v 0.025321027263998985 -0.0020116053055971861 0.01738400012254715
v 0.024281255900859833 -0.0020116053055971861 0.01738400012254715
v 0.022271838039159775 -0.0019269972108304501 0.017393533140420914
v 0.023255506530404091 -0.0019946480169892311 0.017385948449373245
v 0.02834392711520195 -0.0010833842679858208 0.017466362565755844
v 0.02834392711520195 0.00099435565061867237 0.017471656203269958
v 0.02921028807759285 0.00079967261990532279 0.017479864880442619
v 0.02921028807759285 0.0028647370636463165 0.017262067645788193
v 0.029999999329447746 0.0025860986206680536 0.017307862639427185
v 0.029999999329447746 0.0036077890545129776 0.017124071717262268
v 0.022271838039159775 0.00014805694809183478 0.017499323934316635
v 0.021358100697398186 0.00030004151631146669 0.017496131360530853
v 0.020500000566244125 -0.00051904481370002031 0.017492301762104034
v 0.029999999329447746 0.00155530811753124 0.017430748790502548
v 0.02921028807759285 0.0018354381900280714 0.017401626333594322
v 0.026360798627138138 0.0011025222484022379 0.017465235665440559
v 0.021358100697398186 0.0013376515125855803 0.017447499558329582
v 0.022271838039159775 0.0022210238967090845 0.017358437180519104
v 0.021358100697398186 0.0023705475032329559 0.017337385565042496
v 0.020500000566244125 0.00155530811753124 0.017430748790502548
v 0.020500000566244125 0.00051904487190768123 0.017492301762104034
v 0.022271838039159775 0.0011866332497447729 0.017459673807024956
v 0.023255506530404091 0.0011193868704140186 0.017464157193899155
v 0.028343925252556801 0.0030580784659832716 0.01723065972328186
v 0.02921028807759285 0.0038839422632008791 0.017061684280633926
v 0.02921028807759285 0.0058777537196874619 0.016481464728713036
v 0.029999999329447746 0.0056095346808433533 0.016576584428548813
v 0.029999999329447746 0.0065825455822050571 0.016214810311794281
v 0.021358100697398186 0.0033950898796319962 0.017166178673505783
v 0.022271836176514626 0.0042626820504665375 0.016972854733467102
v 0.021358100697398186 0.0044076684862375259 0.016934482380747795
v 0.020500000566244125 0.0036077890545129776 0.017124071717262268
v 0.020500000566244125 0.0025860986206680536 0.017307862639427185
v 0.026360798627138138 0.0031652783509343863 0.017211362719535828
v 0.022271836176514626 0.0032475804910063744 0.017195973545312881
v 0.029999999329447746 0.0046167843975126743 0.016880026087164879
v 0.02921028807759285 0.0048894626088440418 0.016801176592707634
v 0.024281255900859833 0.0041817133314907551 0.016993036493659019
v 0.020500000566244125 0.0046167843975126743 0.016880026087164879
v 0.023255506530404091 0.0041979546658694744 0.016989026218652725
v 0.028343925252556801 0.0050786929205060005 0.016746772453188896
v 0.028343925252556801 0.0060638985596597195 0.01641574315726757
v 0.02921028807759285 0.0068453345447778702 0.016103675588965416
v 0.022271836176514626 0.0052627483382821083 0.01668987050652504
v 0.023255506530404091 0.005199311301112175 0.016709787771105766
v 0.021358100697398186 0.0054047149606049061 0.016643112525343895
v 0.02921028807759285 0.0087048094719648361 0.015179389156401157
v 0.029999999329447746 0.0084557374939322472 0.015321569517254829
v 0.029999999329447746 0.0093493275344371796 0.014793244190514088
v 0.021358098834753036 0.0063827154226601124 0.016293095424771309
v 0.022271836176514626 0.0072037293575704098 0.015948496758937836
v 0.021358098834753036 0.0073382253758609295 0.015885666012763977
v 0.024281255900859833 0.0061667747795581818 0.01637745089828968
v 0.022271836176514626 0.0062442510388791561 0.016348015516996384
v 0.020500000566244125 0.0056095346808433533 0.016576584428548813
v 0.029999999329447746 0.0075323940254747868 0.015795981511473656
v 0.02921028807759285 0.0077887945808470249 0.015669139102101326
v 0.020500000566244125 0.0075323940254747868 0.015795981511473656
v 0.020500000566244125 0.0065825455822050571 0.016214810311794281
v 0.028343925252556801 0.0079667428508400917 0.015581349842250347
v 0.028343923389911652 0.0088776703923940659 0.015080928802490234
v 0.02921028807759285 0.0095901517197489738 0.014636149629950523
v 0.022271836176514626 0.008137797936797142 0.015492724254727364
v 0.023255506530404091 0.0080794980749487877 0.015523257665336132
v 0.021358098834753036 0.0082678757607936859 0.015422257594764233
v 0.02921028807759285 0.011256457306444645 0.013397040776908398
v 0.029999999329447746 0.011034782975912094 0.013582472689449787
v 0.029999999329447746 0.0118207186460495 0.01290428638458252
v 0.021358098834753036 0.0091683920472860336 0.0149045055732131
v 0.022271834313869476 0.0099166296422481537 0.014419039711356163
v 0.021358098834753036 0.01003660075366497 0.014334233477711678
v 0.024281255900859833 0.0089728599414229393 0.015024572610855103
v 0.022271834313869476 0.0090431626886129379 0.014982304535806179
v 0.020500000566244125 0.0084557374939322472 0.015321569517254829
v 0.029999999329447746 0.01021001860499382 0.014212864451110363
v 0.02921028807759285 0.010441701859235764 0.014041335321962833
v 0.020500000566244125 0.01021001860499382 0.014212864451110363
v 0.020500000566244125 0.0093493275344371796 0.014793244190514088
v 0.028343923389911652 0.010602481663227081 0.013922456651926041
v 0.028343923389911652 0.01141028106212616 0.013268492184579372
v 0.02921028807759285 0.012031549587845802 0.012705538421869278
v 0.022271834313869476 0.010755118913948536 0.013804915361106396
v 0.023255504667758942 0.010703692212700844 0.013844884000718594
v 0.021358098834753036 0.010869442485272884 0.013713452033698559
v 0.02921028807759285 0.013451963663101196 0.011190809309482574
v 0.029999999329447746 0.013265185989439487 0.011414239183068275
v 0.029999999329447746 0.013918635435402393 0.010607619769871235
v 0.021358096972107887 0.011663981713354588 0.013044346123933792
v 0.022271834313869476 0.01231546513736248 0.012432923540472984
v 0.021358096972107887 0.01241741981357336 0.012329275719821453
v 0.024281255900859833 0.01149461418390274 0.013195599429309368
v 0.022271834313869476 0.011555670760571957 0.013142096810042858
v 0.020500000566244125 0.011034782975912094 0.013582472689449787
v 0.029999999329447746 0.012565058656036854 0.012180693447589874
v 0.02921028807759285 0.012764245271682739 0.011969261802732944
v 0.020500000566244125 0.012565058656036854 0.012180693447589874
v 0.020500000566244125 0.0118207186460495 0.01290428638458252
v 0.028343923389911652 0.012902433052659035 0.01182263158261776
v 0.028343921527266502 0.013581521809101105 0.01103583537042141
v 0.02921028807759285 0.014092280529439449 0.010372920893132687
v 0.022271832451224327 0.013031817972660065 0.011679895222187042
v 0.023255504667758942 0.012988745234906673 0.011727843433618546
v 0.021358096972107887 0.0131271006539464 0.011570759117603302
v 0.02921028807759285 0.015221860259771347 0.0086304964497685432
v 0.029999999329447746 0.015076476149260998 0.0088853733614087105
v 0.029999999329447746 0.015576793812215328 0.0079758064821362495
v 0.021358096972107887 0.013790525496006012 0.01077147014439106
v 0.022271832451224327 0.014324260875582695 0.01005304791033268
v 0.021358096972107887 0.014405354857444763 0.0099342251196503639
v 0.024281255900859833 0.013652130030095577 0.010948486626148224
v 0.022271832451224327 0.013702205382287502 0.010885669849812984
v 0.020500000566244125 0.013265185989439487 0.011414239183068275
v 0.029999999329447746 0.014523107558488846 0.0097636748105287552
v 0.02921028807759285 0.01468294020742178 0.0095184799283742905
v 0.020500000566244125 0.014523107558488846 0.0097636748105287552
v 0.020500000566244125 0.013918635435402393 0.010607619769871235
v 0.028343921527266502 0.014793755486607552 0.0093483766540884972
v 0.028343921527266502 0.015322625637054443 0.0084536662325263023
v 0.029210286214947701 0.015707144513726234 0.0077121010981500149
v 0.022271832451224327 0.014895791187882423 0.0091849667951464653
v 0.023255504667758942 0.014862259849905968 0.0092392144724726677
v 0.021358096972107887 0.014969422481954098 0.0090619735419750214
v 0.029210286214947701 0.016510151326656342 0.0057971104979515076
v 0.029999999329447746 0.016411427408456802 0.0060757757164537907
v 0.029999999329447746 0.016742806881666183 0.0050919982604682446
v 0.021358095109462738 0.015480740927159786 0.0081577906385064125
v 0.022271830588579178 0.015879400074481964 0.0073547875508666039
v 0.021358095109462738 0.015937509015202522 0.0072248619981110096
v 0.024281255900859833 0.015377039089798927 0.0083544394001364708
v 0.022271832451224327 0.01541478093713522 0.0082844877615571022
v 0.020500000566244125 0.015076476149260998 0.0088853733614087105
v 0.029999999329447746 0.016022300347685814 0.0070381741970777512
v 0.029210286214947701 0.016137078404426575 0.0067665283568203449
v 0.020500000566244125 0.016022300347685814 0.0070381741970777512
v 0.020500000566244125 0.015576793812215328 0.0079758064821362495
v 0.028343921527266502 0.016216551885008812 0.0065780533477663994
v 0.028343919664621353 0.016578454524278641 0.0056037656031548977
v 0.029210286214947701 0.016825044527649879 0.0048072640784084797
v 0.022271830588579178 0.01628800667822361 0.006399144884198904
v 0.023255504667758942 0.016264872625470161 0.0064578461460769176
v 0.021358095109462738 0.01633811742067337 0.0062664742581546307
v 0.029210286214947701 0.017276069149374962 0.0027802959084510803
v 0.029999999329447746 0.017227862030267715 0.003074214793741703
v 0.029999999329447746 0.017379831522703171 0.0020473089534789324
v 0.021358095109462738 0.01668115146458149 0.005286005325615406
v 0.022271830588579178 0.016931628808379173 0.0044235964305698872
v 0.021358095109462738 0.016965406015515327 0.0042869094759225845
v 0.024281255900859833 0.016614684835076332 0.0054956595413386822
v 0.022271830588579178 0.016639163717627525 0.0054209311492741108
v 0.020500000566244125 0.016411427408456802 0.0060757757164537907
v 0.029999999329447746 0.017015270888805389 0.0040903030894696712
v 0.029210286214947701 0.017080649733543396 0.003800476435571909
v 0.020500000566244125 0.017015270888805389 0.0040903030894696712
v 0.020500000566244125 0.016742806881666183 0.0050919982604682446
v 0.028343919664621353 0.017125759273767471 0.0035993990022689104
v 0.028343919664621353 0.01730923168361187 0.0025763902813196182
v 0.029210286214947701 0.017410609871149063 0.0017503169365227222
v 0.022271830588579178 0.01716437004506588 0.0034106583334505558
v 0.023255504667758942 0.017152143642306328 0.0034718650858849287
v 0.021358093246817589 0.017189877107739449 0.0032727080397307873
v 0.029210286214947701 0.017495380714535713 -0.00032449638820253313
v 0.029999999329447746 0.017499983310699463 -2.4475804821122438e-05
v 0.029999999329447746 0.017467742785811424 -0.0010620646644383669
v 0.021358093246817589 0.017353776842355728 0.0022469745017588139
v 0.022271828725934029 0.017447620630264282 0.0013523070374503732
v 0.021358093246817589 0.017456522211432457 0.0012133232085034251
v 0.024281255900859833 0.01732584647834301 0.0024627335369586945
v 0.022271830588579178 0.017336571589112282 0.0023856903426349163
v 0.020500000566244125 0.017227862030267715 0.003074214793741703
v 0.029999999329447746 0.017470644786953926 0.0010131992166861892
v 0.029210286214947701 0.017483798786997795 0.0007141691748984158
v 0.020500000566244125 0.017470644786953926 0.0010131992166861892
v 0.020500000566244125 0.017379831522703171 0.0020473089534789324
v 0.028343919664621353 0.017492583021521568 0.00050675013335421681
v 0.028343919664621353 0.017491815611720085 -0.0005325807724148035
v 0.029210286214947701 0.017445310950279236 -0.0013620196841657162
v 0.022271828725934029 0.017497127875685692 0.00031415413832291961
v 0.023255504667758942 0.017495958134531975 0.00037588027771562338
v 0.021358093246817589 0.017497757449746132 0.00017539682448841631
v 0.029210286214947701 0.01716114766895771 -0.0034190327860414982
v 0.029999999329447746 0.017219195142388344 -0.0031223930418491364
v 0.029999999329447746 0.017003761604428291 -0.0041378824971616268
v 0.021358093246817589 0.017477333545684814 -0.00086314737563952804
v 0.022271828725934029 0.017411036416888237 -0.00176181027200073
v 0.02135809138417244 0.017395323142409325 -0.0018986498471349478
v 0.024281255900859833 0.017487989738583565 -0.00064823083812370896
v 0.022271828725934029 0.017484920099377632 -0.00072510691825300455
v 0.020500000566244125 0.017499983310699463 -2.4475804821122438e-05
v 0.029999999329447746 0.017374036833643913 -0.0020959165412932634
v 0.029210286214947701 0.017333770170807838 -0.0023947451263666153
v 0.020500000566244125 0.017374036833643913 -0.0020959165412932634
v 0.020500000566244125 0.017467742785811424 -0.0010620646644383669
v 0.028343917801976204 0.017305407673120499 -0.0026019476354122162
v 0.028343917801976204 0.017120422795414925 -0.003624684177339077
v 0.029210286214947701 0.016928050667047501 -0.0044312737882137299
v 0.022271828725934029 0.017275743186473846 -0.0027922994922846556
v 0.023255504667758942 0.017285427078604698 -0.0027320142835378647
v 0.02135809138417244 0.017252016812562943 -0.0029274618718773127
v 0.029210286214947701 0.01628393866121769 -0.0064054033719003201
v 0.029999999329447746 0.016394367441534996 -0.0061216587200760841
v 0.029999999329447746 0.016002550721168518 -0.0070829647593200207
v 0.02135809138417244 0.017047915607690811 -0.0039459574036300182
v 0.022271826863288879 0.016823034733533859 -0.0048201302997767925
v 0.02135809138417244 0.016783744096755981 -0.0049505485221743584
v 0.024281255900859833 0.017095977440476418 -0.0037386540789157152
v 0.022271826863288879 0.017079509794712067 -0.0038129391614347696
v 0.020500000566244125 0.017219195142388344 -0.0031223930418491364
v 0.029999999329447746 0.016728496178984642 -0.0051388116553425789
v 0.029210286214947701 0.016635306179523468 -0.0054279016330838203
v 0.020500000566244125 0.016728496178984642 -0.0051388116553425789
v 0.020500000566244125 0.017003761604428291 -0.0041378824971616268
v 0.028343917801976204 0.016570156440138817 -0.0056282398290932178
v 0.028343917801976204 0.016206815838813782 -0.006601991131901741
v 0.029210286214947701 0.015875192359089851 -0.0073603354394435883
v 0.022271826863288879 0.016507221385836601 -0.0058103189803659916
v 0.023255504667758942 0.016527216881513596 -0.0057533467188477516
v 0.02135809138417244 0.016460428014397621 -0.005937695037573576
v 0.029210286214947701 0.014891509898006916 -0.0091891204938292503
v 0.029999999329447746 0.015051563270390034 -0.0089275110512971878
v 0.029999999329447746 0.014495739713311195 -0.0098042609170079231
v 0.02135808952152729 0.016079111024737358 -0.0069039175286889076
v 0.02135808952152729 0.015641134232282639 -0.0078458124771714211
v 0.020500000566244125 0.016002550721168518 -0.0070829647593200207
v 0.024281255900859833 0.01616223156452179 -0.0067106080241501331
v 0.020500000566244125 0.016394367441534996 -0.0061216587200760841
v 0.022271826863288879 0.016133183613419533 -0.0067800134420394897
v 0.029999999329447746 0.01555442251265049 -0.0080193467438220978
v 0.029210286214947701 0.015410502441227436 -0.0082893315702676773
v 0.028343915939331055 0.014197606593370438 -0.010231085121631622
v 0.020500000566244125 0.01555442251265049 -0.0080193467438220978
v 0.026360798627138138 0.015735233202576637 -0.0076584890484809875
v 0.022271826863288879 0.015702240169048309 -0.0077257934026420116
v 0.024281255900859833 0.015252701006829739 -0.0085793416947126389
v 0.026360798627138138 0.015252701006829739 -0.0085793416947126389
v 0.02135808952152729 0.015148039907217026 -0.0087600592523813248
v 0.02227182500064373 0.01521590817719698 -0.00864432193338871
v 0.029999999329447746 0.012530937790870667 -0.012215793132781982
v 0.026360798627138138 0.014716340228915215 -0.009469917044043541
v 0.02135808952152729 0.014601568691432476 -0.0096434382721781731
v 0.020500000566244125 0.014495739713311195 -0.0098042609170079231
v 0.020500000566244125 0.015051563270390034 -0.0089275110512971878
v 0.029999999329447746 0.013888908550143242 -0.010646511800587177
v 0.029210286214947701 0.014320042915642262 -0.010056529194116592
v 0.02135808952152729 0.014003644697368145 -0.010492836125195026
v 0.021358087658882141 0.013356373645365238 -0.011305258609354496
v 0.020500000566244125 0.013888908550143242 -0.010646511800587177
v 0.024281255900859833 0.014128043316304684 -0.010327070951461792
v 0.022248756140470505 0.012770193628966808 -0.011965371668338776
v 0.023233033716678619 0.012810366228222847 -0.011922435835003853
v 0.023164741694927216 0.012146523222327232 -0.012598038651049137
v 0.025321027263998985 0.013489885255694389 -0.011147779412567616
v 0.028333941474556923 0.012893076054751873 -0.011832864955067635
v 0.025234946981072426 0.012157074175775051 -0.012587823905050755
v 0.026277055963873863 0.012157074175775051 -0.012587823905050755
v 0.0261261947453022 0.011556058190762997 -0.013140865601599216
v 0.024192836135625839 0.012157074175775051 -0.012587823905050755
v 0.02508116140961647 0.011556058190762997 -0.013140865601599216
v 0.02300826832652092 0.011547124944627285 -0.013148843310773373
v 0.020500000566244125 0.013233205303549767 -0.011451300233602524
v 0.029999999329447746 0.011784575879573822 -0.012937301769852638
v 0.026920245960354805 0.011040876619517803 -0.013593725860118866
v 0.025868242606520653 0.011035311035811901 -0.013596436008810997
v 0.024820871651172638 0.011035311035811901 -0.013596436008810997
v 0.027304675430059433 0.012167338281869888 -0.012577852234244347
v 0.022028978914022446 0.011519684456288815 -0.013172851875424385
v 0.022736812010407448 0.01103120855987072 -0.013598321005702019
v 0.021712224930524826 0.011017368175089359 -0.013604736886918545
v 0.027163947001099586 0.011562937870621681 -0.013134293258190155
v 0.02403612993657589 0.011556058190762997 -0.013140865601599216
v 0.029999999329447746 0.010996746830642223 -0.013613286428153515
v 0.023773500695824623 0.011035311035811901 -0.013596436008810997
v 0.029999999329447746 0.0071818181313574314 -0.01839793473482132
v 0.029999999329447746 0.0074999998323619366 -0.017932163551449776
v 0.029999999329447746 0.0065851649269461632 -0.017167882993817329
v 0.029999999329447746 -0.010856935754418373 -0.013035871088504791
v 0.029999999329447746 -0.0056397775188088417 -0.017246618866920471
v 0.029999999329447746 -0.0065961382351815701 -0.017447076737880707
v 0.029999999329447746 -0.005835043266415596 -0.018119649961590767
v 0.029999999329447746 0.0058759301900863647 -0.010900106281042099
v 0.029999999329447746 0.0048493305221199989 -0.010906164534389973
v 0.029999999329447746 0.0058437543921172619 -0.011892677284777164
v 0.029999999329447746 -0.013829229399561882 -0.0098713105544447899
v 0.029999999329447746 -0.0074999998323619366 -0.017932163551449776
v 0.029999999329447746 -0.0074999998323619366 -0.016871776431798935
v 0.029999999329447746 -0.0071818181313574314 -0.01839793473482132
v 0.029999999329447746 -0.0066502117551863194 -0.018120380118489265
v 0.029999999329447746 -0.0061939689330756664 -0.018753593787550926
v 0.029999999329447746 -0.011000129394233227 -0.012080768123269081
v 0.029999999329447746 0.00032718785223551095 -0.018914593383669853
v 0.029999999329447746 9.6069931523889984e-12 -0.019749999046325684
v 0.029999999329447746 0.0010495523456484079 -0.019722092896699905
v 0.029999999329447746 -0.0037887266371399164 -0.018289715051651001
v 0.029999999329447746 -0.0048484420403838158 -0.018187219277024269
v 0.029999999329447746 -0.0041685984469950199 -0.01930505782365799
v 0.029999999329447746 -0.00655348040163517 -0.016480417922139168
v 0.029999999329447746 -0.0074999998323619366 -0.015811387449502945
v 0.029999999329447746 -0.0046190209686756134 -0.017195170745253563
v 0.029999999329447746 -0.0076938928104937077 -0.01401142030954361
v 0.029999999329447746 -0.0068009030073881149 -0.014212526381015778
v 0.029999999329447746 -0.0078417211771011353 -0.013147073797881603
v 0.029999999329447746 -0.0035416351165622473 -0.017211075872182846
v 0.029999999329447746 -0.0045275515876710415 -0.016143973916769028
v 0.029999999329447746 -0.0013835227582603693 -0.016110800206661224
v 0.029999999329447746 -0.0013835227582603693 -0.015071027912199497
v 0.029999999329447746 -0.0024232943542301655 -0.015071027912199497
v 0.029999999329447746 0.00060856685740873218 -0.017091806977987289
v 0.029999999329447746 -0.00038091538590379059 -0.017113916575908661
v 0.029999999329447746 0.00051285640802234411 -0.018025454133749008
v 0.029999999329447746 0.0022630626335740089 -0.018367964774370193
v 0.029999999329447746 0.001321355695836246 -0.017907055094838142
v 0.029999999329447746 0.0013119340874254704 -0.01878410205245018
v 0.029999999329447746 0.0047814538702368736 -0.016054712235927582
v 0.029999999329447746 0.0038095586933195591 -0.015065251849591732
v 0.029999999329447746 0.0037839317228645086 -0.016094040125608444
v 0.029999999329447746 0.0074999998323619366 -0.016871776431798935
v 0.029999999329447746 0.0036871179472655058 -0.017155740410089493
v 0.029999999329447746 0.0027469615451991558 -0.016120342537760735
v 0.029999999329447746 0.0026207477785646915 -0.017197158187627792
v 0.029999999329447746 -0.0024248275440186262 -0.016117613762617111
v 0.029999999329447746 -0.0034630659501999617 -0.015071027912199497
v 0.029999999329447746 -0.0055665732361376286 -0.01623917929828167
v 0.029999999329447746 -0.0066099413670599461 -0.015422321856021881
v 0.029999999329447746 -0.010749843902885914 -0.0098791532218456268
v 0.029999999329447746 -0.0097016952931880951 -0.0098721692338585854
v 0.029999999329447746 -0.010741467587649822 -0.0088323978707194328
v 0.029999999329447746 0.00069602037547156215 -0.0098721692338585854
v 0.029999999329447746 -0.00034375122049823403 -0.0088323978707194328
v 0.029999999329447746 -0.00034375122049823403 -0.0098721692338585854
v 0.029999999329447746 -0.010741467587649822 -0.0077926265075802803
v 0.029999999329447746 -0.0097016952931880951 -0.0088323978707194328
v 0.029999999329447746 -0.0097016952931880951 -0.0077926265075802803
v 0.029999999329447746 0.0038153352215886116 -0.010911941528320312
v 0.029999999329447746 0.0027755636256188154 -0.0098721692338585854
v 0.029999999329447746 0.0027755636256188154 -0.010911941528320312
v 0.029999999329447746 0.011031727306544781 -0.010828355327248573
v 0.029999999329447746 0.01000808272510767 -0.010884171351790428
v 0.029999999329447746 0.010919949971139431 -0.011860193684697151
v 0.029999999329447746 0.010661282576620579 -0.012809701263904572
v 0.029999999329447746 0.0097195869311690331 -0.012802291661500931
v 0.029999999329447746 0.010512998327612877 -0.013694708235561848
v 0.029999999329447746 0.00069602037547156215 -0.0088323978707194328
v 0.029999999329447746 -0.0055426093749701977 -0.0046733114868402481
v 0.029999999329447746 -0.0045028375461697578 -0.0057130833156406879
v 0.029999999329447746 -0.0045028375461697578 -0.0046733114868402481
v 0.029999999329447746 -0.0024232943542301655 -0.0088323978707194328
v 0.029999999329447746 -0.0024232943542301655 -0.0077926265075802803
v 0.029999999329447746 -0.0034630659501999617 -0.0077926265075802803
v 0.029999999329447746 -0.0065823807381093502 -0.0036335398908704519
v 0.029999999329447746 -0.0055426093749701977 -0.0036335398908704519
v 0.029999999329447746 -0.0065823807381093502 -0.0088323978707194328
v 0.029999999329447746 -0.0065823807381093502 -0.0077926265075802803
v 0.029999999329447746 -0.00762215256690979 -0.0077926265075802803
v 0.029999999329447746 -0.0045028375461697578 -0.0077926265075802803
v 0.029999999329447746 -0.0045028375461697578 -0.0067528546787798405
v 0.029999999329447746 -0.0055426093749701977 -0.0067528546787798405
v 0.029999999329447746 -0.0055426093749701977 -0.0015539966989308596
v 0.029999999329447746 -0.0045028375461697578 -0.0025937682949006557
v 0.029999999329447746 -0.0045028375461697578 -0.0015539966989308596
v 0.029999999329447746 -0.0097016952931880951 -0.0025937682949006557
v 0.029999999329447746 -0.0086619239300489426 -0.0036335398908704519
v 0.029999999329447746 -0.0086619239300489426 -0.0025937682949006557
v 0.029999999329447746 -0.010741467587649822 -0.0067528546787798405
v 0.029999999329447746 -0.00762215256690979 -0.0067528546787798405
v 0.029999999329447746 -0.0065823807381093502 -0.0067528546787798405
v 0.029999999329447746 -0.00762215256690979 -0.0057130833156406879
v 0.029999999329447746 -0.0013835227582603693 -0.0025937682949006557
v 0.029999999329447746 -0.0013835227582603693 -0.0015539966989308596
v 0.029999999329447746 -0.0024232943542301655 -0.0015539966989308596
v 0.029999999329447746 -0.0086619239300489426 -0.00051422504475340247
v 0.029999999329447746 -0.00762215256690979 -0.0015539966989308596
v 0.029999999329447746 -0.00762215256690979 -0.00051422504475340247
v 0.029999999329447746 -0.0097016952931880951 -0.00051422504475340247
v 0.029999999329447746 -0.0086619239300489426 -0.0015539966989308596
v 0.029999999329447746 0.00069602037547156215 0.0026050896849483252
v 0.029999999329447746 0.00069602037547156215 0.0036448612809181213
v 0.029999999329447746 -0.00034375122049823403 0.0036448612809181213
v 0.029999999329447746 -0.012821010313928127 -0.0015539966989308596
v 0.029999999329447746 -0.011781238950788975 -0.0025937682949006557
v 0.029999999329447746 -0.011781238950788975 -0.0015539966989308596
v 0.029999999329447746 0.00069602037547156215 0.0046846331097185612
v 0.029999999329447746 -0.00034375122049823403 0.0046846331097185612
v 0.029999999329447746 -0.010741467587649822 -0.0057130833156406879
v 0.029999999329447746 -0.0097016952931880951 -0.0057130833156406879
v 0.029999999329447746 -0.010741467587649822 -0.0046733114868402481
v 0.029999999329447746 -0.013860782608389854 -0.0015539966989308596
v 0.029999999329447746 -0.012821010313928127 -0.0025937682949006557
v 0.029999999329447746 -0.010741467587649822 0.00052554655121639371
v 0.029999999329447746 -0.0097016952931880951 0.00052554655121639371
v 0.029999999329447746 -0.00762215256690979 -0.0025937682949006557
v 0.029999999329447746 -0.0065823807381093502 -0.0025937682949006557
v 0.029999999329447746 -0.0034630659501999617 0.001565318088978529
v 0.029999999329447746 -0.0034630659501999617 0.0026050896849483252
v 0.029999999329447746 -0.0045028375461697578 0.0026050896849483252
v 0.029999999329447746 -0.0097016952931880951 -0.0046733114868402481
v 0.029999999329447746 -0.010741467587649822 -0.0036335398908704519
v 0.029999999329447746 -0.013856374658644199 -0.0067909914068877697
v 0.029999999329447746 -0.012821299023926258 -0.0067543829791247845
v 0.029999999329447746 -0.013856875710189342 -0.0057354769669473171
v 0.029999999329447746 -0.011781238950788975 -0.0046733114868402481
v 0.029999999329447746 -0.011781238950788975 -0.0036335398908704519
v 0.029999999329447746 -0.0086619239300489426 0.0046846331097185612
v 0.029999999329447746 -0.00762215256690979 0.0046846331097185612
v 0.029999999329447746 -0.0086619239300489426 0.0057244044728577137
v 0.029999999329447746 -0.0086619239300489426 0.00052554655121639371
v 0.029999999329447746 -0.00762215256690979 0.0057244044728577137
v 0.029999999329447746 -0.0086619239300489426 0.0067641763016581535
v 0.029999999329447746 -0.011781238950788975 0.0026050896849483252
v 0.029999999329447746 -0.010741467587649822 0.001565318088978529
v 0.029999999329447746 -0.010741467587649822 0.0026050896849483252
v 0.029999999329447746 -0.014867342077195644 -0.0058184117078781128
v 0.029999999329447746 -0.011781238950788975 0.0036448612809181213
v 0.029999999329447746 -0.010741467587649822 0.0036448612809181213
v 0.029999999329447746 -0.010741467587649822 -0.0025937682949006557
v 0.029999999329447746 -0.011781238950788975 0.0046846331097185612
v 0.029999999329447746 -0.010741467587649822 0.0046846331097185612
v 0.029999999329447746 -0.010741467587649822 -0.0015539966989308596
v 0.029999999329447746 -0.011781238950788975 -0.00051422504475340247
v 0.029999999329447746 -0.0065823807381093502 0.0046846331097185612
v 0.029999999329447746 -0.01386879850178957 -0.0046874880790710449
v 0.029999999329447746 -0.012821010313928127 -0.0046733114868402481
v 0.029999999329447746 -0.013875274918973446 -0.0036385664716362953
v 0.029999999329447746 -0.01386916171759367 0.0025800196453928947
v 0.029999999329447746 -0.012821010313928127 0.001565318088978529
v 0.029999999329447746 -0.012821010313928127 0.0026050896849483252
v 0.029999999329447746 -0.0097016952931880951 0.0026050896849483252
v 0.029999999329447746 -0.0096895061433315277 0.0098619498312473297
v 0.029999999329447746 -0.0096814492717385292 0.010892878286540508
v 0.029999999329447746 -0.010666759684681892 0.010800612159073353
v 0.029999999329447746 -0.012821010313928127 -0.0036335398908704519
v 0.029999999329447746 -0.013867420144379139 -0.0025938902981579304
v 0.029999999329447746 -0.014942965470254421 0.0024673903826624155
v 0.029999999329447746 -0.01386970654129982 0.0015369403408840299
v 0.029999999329447746 -0.010741467587649822 0.0057244044728577137
v 0.029999999329447746 -0.01177546288818121 0.0057186279445886612
v 0.029999999329447746 -0.014908230863511562 -0.0047604120336472988
v 0.029999999329447746 -0.014955402351915836 -0.0036813097540289164
v 0.029999999329447746 -0.012482389807701111 0.010873213410377502
v 0.029999999329447746 -0.011668682098388672 0.0098125440999865532
v 0.029999999329447746 -0.011461355723440647 0.01060668658465147
v 0.029999999329447746 -0.014897163957357407 0.0035332390107214451
v 0.029999999329447746 -0.013841669075191021 0.0036165283527225256
v 0.029999999329447746 -0.014793823473155499 0.0045664114877581596
v 0.029999999329447746 -0.014938595704734325 -0.0026092249900102615
v 0.029999999329447746 -0.013799071311950684 0.0046142903156578541
v 0.029999999329447746 -0.01378741767257452 0.0055994275026023388
v 0.029999999329447746 -0.014587778598070145 0.0053884130902588367
v 0.029999999329447746 -0.01489229965955019 -0.0015697864582762122
v 0.029999999329447746 -0.014863818883895874 -0.00054620421724393964
v 0.029999999329447746 -0.013855005614459515 -0.00052000157302245498
v 0.029999999329447746 -0.014841419644653797 0.00044399872422218323
v 0.029999999329447746 -0.015859499573707581 0.0043938248418271542
v 0.029999999329447746 -0.015617508441209793 0.0055915238335728645
v 0.029999999329447746 -0.016663622111082077 0.00022946378157939762
v 0.029999999329447746 -0.016703633591532707 -0.00076161796459928155
v 0.029999999329447746 -0.015827937051653862 -0.00061243755044415593
v 0.029999999329447746 -0.01653105765581131 0.0012067289790138602
v 0.029999999329447746 -0.016110725700855255 0.0021440740674734116
v 0.029999999329447746 -0.015774700790643692 0.00036728524719364941
v 0.029999999329447746 -0.016727069392800331 -0.0016197087243199348
v 0.029999999329447746 -0.016165988519787788 -0.0026425016112625599
v 0.029999999329447746 -0.015888726338744164 -0.0049285911954939365
v 0.029999999329447746 -0.016018599271774292 -0.003862244775518775
v 0.029999999329447746 -0.015795422717928886 -0.0059804343618452549
v 0.029999999329447746 -0.014891142956912518 -0.0079564675688743591
v 0.029999999329447746 -0.014885777607560158 -0.0068931151181459427
v 0.029999999329447746 -0.01399555616080761 -0.0090391431003808975
v 0.029999999329447746 -0.01272865291684866 -0.011196722276508808
v 0.029999999329447746 -0.01298943068832159 -0.010058268904685974
v 0.029999999329447746 -0.01196433138102293 -0.011869092471897602
v 0.029999999329447746 -0.010512998327612877 -0.013694708235561848
v 0.029999999329447746 -0.0097016952931880951 0.0046846331097185612
v 0.029999999329447746 -0.0097016952931880951 0.0057244044728577137
v 0.029999999329447746 -0.015655148774385452 0.0011748555116355419
v 0.029999999329447746 -0.015892913565039635 -0.001613162225112319
v 0.029999999329447746 -0.016012057662010193 0.0033205288928002119
v 0.029999999329447746 -0.014891274273395538 0.0014287920203059912
v 0.029999999329447746 -0.013883796520531178 -0.0078717367723584175
v 0.029999999329447746 -0.0065823807381093502 -0.0046733114868402481
v 0.029999999329447746 -0.013769396580755711 0.0066144340671598911
v 0.029999999329447746 -0.014779806137084961 0.0063418466597795486
v 0.029999999329447746 -0.01468852162361145 0.0075900005176663399
v 0.029999999329447746 -0.01385592482984066 0.00050538958748802543
v 0.029999999329447746 -0.013884038664400578 0.0085535254329442978
v 0.029999999329447746 -0.013601735234260559 0.0074737658724188805
v 0.029999999329447746 -0.012831263244152069 -0.0078102420084178448
v 0.029999999329447746 -0.01286960206925869 -0.0088992351666092873
v 0.029999999329447746 -0.0086619239300489426 -0.0067528546787798405
v 0.029999999329447746 -0.0086619239300489426 -0.0057130833156406879
v 0.029999999329447746 -0.0045028375461697578 0.0088437190279364586
v 0.029999999329447746 -0.0034630659501999617 0.0088437190279364586
v 0.029999999329447746 -0.0045028375461697578 0.0098834913223981857
v 0.029999999329447746 -0.012821010313928127 -0.0057130833156406879
v 0.029999999329447746 -0.0086619239300489426 0.001565318088978529
v 0.029999999329447746 -0.00762215256690979 0.001565318088978529
v 0.029999999329447746 -0.0086619239300489426 0.0026050896849483252
v 0.029999999329447746 -0.010741734877228737 0.0078024864196777344
v 0.029999999329447746 -0.0097016952931880951 0.0078039476647973061
v 0.029999999329447746 -0.010723174549639225 0.0088308034464716911
v 0.029999999329447746 -0.012815234251320362 0.0036390847526490688
v 0.029999999329447746 -0.012723945081233978 0.0097487736493349075
v 0.029999999329447746 -0.012769246473908424 0.0087199173867702484
v 0.029999999329447746 -0.011751276440918446 0.0088085439056158066
v 0.029999999329447746 -0.012821010313928127 -0.00051422504475340247
v 0.029999999329447746 -0.012821010313928127 0.00052554655121639371
v 0.029999999329447746 -0.013573860749602318 0.0095044812187552452
v 0.029999999329447746 -0.012809837237000465 0.0046647209674119949
v 0.029999999329447746 -0.012799894437193871 0.0056881653144955635
v 0.029999999329447746 -0.012772496789693832 0.0066950242035090923
v 0.029999999329447746 -0.01277979277074337 0.0077009936794638634
v 0.029999999329447746 -0.011855699121952057 -0.010990847833454609
v 0.029999999329447746 -0.011792832985520363 -0.0088427774608135223
v 0.029999999329447746 -0.011823505163192749 -0.0099194077774882317
v 0.029999999329447746 -0.0097016952931880951 -0.0036335398908704519
v 0.029999999329447746 -0.011781238950788975 -0.0077926265075802803
v 0.029999999329447746 -0.011781238950788975 -0.0067528546787798405
v 0.029999999329447746 -0.0045028375461697578 0.0057244044728577137
v 0.029999999329447746 -0.0034630659501999617 0.0057244044728577137
v 0.029999999329447746 -0.0045028375461697578 0.0067641763016581535
v 0.029999999329447746 -0.011781238950788975 -0.0057130833156406879
v 0.029999999329447746 -0.0097016952931880951 0.001565318088978529
v 0.029999999329447746 -0.0097016952931880951 0.0036448612809181213
v 0.029999999329447746 -0.011781238950788975 0.00052554655121639371
v 0.029999999329447746 -0.011781238950788975 0.001565318088978529
v 0.029999999329447746 -0.011773012578487396 0.0067481868900358677
v 0.029999999329447746 -0.011775098741054535 0.0077781802974641323
v 0.029999999329447746 -0.010808129794895649 -0.010940090753138065
v 0.029999999329447746 0.0069346502423286438 0.0036448612809181213
v 0.029999999329447746 0.005894878413528204 0.0046846331097185612
v 0.029999999329447746 0.005894878413528204 0.0036448612809181213
v 0.029999999329447746 -0.0045028375461697578 0.0078039476647973061
v 0.029999999329447746 -0.0055426093749701977 0.0088437190279364586
v 0.029999999329447746 -0.00762215256690979 0.0026050896849483252
v 0.029999999329447746 -0.0086619239300489426 0.0036448612809181213
v 0.029999999329447746 -0.010741467587649822 -0.00051422504475340247
v 0.029999999329447746 -0.01067749410867691 0.00981882493942976
v 0.029999999329447746 -0.011639097705483437 0.011559076607227325
v 0.029999999329447746 -0.010741467587649822 0.0067641763016581535
v 0.029999999329447746 -0.010678062215447426 0.011859800666570663
v 0.029999999329447746 -0.0094511397182941437 -0.013581325300037861
v 0.029999999329447746 -0.010093118064105511 -0.012869881466031075
v 0.029999999329447746 -0.0084566026926040649 -0.013970294967293739
v 0.029999999329447746 -0.0077534224838018417 -0.014773998409509659
v 0.029999999329447746 -0.009863685816526413 -0.011941671371459961
v 0.029999999329447746 -0.0097357295453548431 -0.010915275663137436
v 0.029999999329447746 -0.0045028375461697578 -0.00051422504475340247
v 0.029999999329447746 -0.0034630659501999617 -0.00051422504475340247
v 0.029999999329447746 -0.0045028375461697578 0.00052554655121639371
v 0.029999999329447746 -0.0097016952931880951 -0.0067528546787798405
v 0.029999999329447746 -0.0065823807381093502 0.001565318088978529
v 0.029999999329447746 -0.0065823807381093502 0.0026050896849483252
v 0.029999999329447746 -0.0045028375461697578 0.0036448612809181213
v 0.029999999329447746 -0.0045028375461697578 0.0046846331097185612
v 0.029999999329447746 -0.0055426093749701977 0.0046846331097185612
v 0.029999999329447746 -0.00762215256690979 0.00052554655121639371
v 0.029999999329447746 -0.0097016952931880951 -0.0015539966989308596
v 0.029999999329447746 -0.0086619239300489426 0.0088437190279364586
v 0.029999999329447746 -0.00762215256690979 0.0088437190279364586
v 0.029999999329447746 -0.0086621064692735672 0.0098830349743366241
v 0.029999999329447746 -0.00762215256690979 0.0036448612809181213
v 0.029999999329447746 -0.00762215256690979 0.0067641763016581535
v 0.029999999329447746 -0.0096959192305803299 0.0088379429653286934
v 0.029999999329447746 -0.0097016952931880951 0.0067641763016581535
v 0.029999999329447746 -0.0094717983156442642 0.01298537477850914
v 0.029999999329447746 -0.010490230284631252 0.012919502332806587
v 0.029999999329447746 -0.0096259182319045067 0.011935796588659286
v 0.029999999329447746 -0.0090485652908682823 -0.012908415868878365
v 0.029999999329447746 -0.00762215256690979 -0.0036335398908704519
v 0.029999999329447746 -0.0087699778378009796 -0.011961226351559162
v 0.029999999329447746 -0.0086760632693767548 -0.010917344130575657
v 0.029999999329447746 -0.0086619239300489426 -0.0098721692338585854
v 0.029999999329447746 -0.0086619239300489426 -0.0088323978707194328
v 0.029999999329447746 -0.0086619239300489426 -0.0077926265075802803
v 0.029999999329447746 0.0090141929686069489 0.0036448612809181213
v 0.029999999329447746 0.0079744216054677963 0.0046846331097185612
v 0.029999999329447746 0.0079744216054677963 0.0036448612809181213
v 0.029999999329447746 -0.0065823807381093502 -0.0015539966989308596
v 0.029999999329447746 -0.0086619239300489426 -0.0046733114868402481
v 0.029999999329447746 -0.0034630659501999617 0.00052554655121639371
v 0.029999999329447746 -0.0045028375461697578 0.001565318088978529
v 0.029999999329447746 -0.0065823807381093502 0.010923262685537338
v 0.029999999329447746 -0.0075880833901464939 0.011960254050791264
v 0.029999999329447746 -0.0076196920126676559 0.010924050584435463
v 0.029999999329447746 -0.0082835685461759567 0.014066271483898163
v 0.029999999329447746 -0.007284974679350853 0.013745155185461044
v 0.029999999329447746 -0.0074311955831944942 0.014666629955172539
v 0.029999999329447746 -0.0086619239300489426 0.0078039476647973061
v 0.029999999329447746 -0.0084881382063031197 0.012969785369932652
v 0.029999999329447746 -0.0091921621933579445 0.013809993863105774
v 0.029999999329447746 -0.0086516356095671654 0.010922129265964031
v 0.029999999329447746 -0.0086032403632998466 0.011956344358623028
v 0.029999999329447746 -0.00762215256690979 -0.0098721692338585854
v 0.029999999329447746 -0.0076707922853529453 -0.011981735937297344
v 0.029999999329447746 -0.0076254638843238354 -0.010915825143456459
v 0.029999999329447746 -0.00762215256690979 -0.0088323978707194328
v 0.029999999329447746 -0.0055426093749701977 -0.0025937682949006557
v 0.029999999329447746 -0.0055426093749701977 0.00052554655121639371
v 0.029999999329447746 -0.0055426093749701977 0.001565318088978529
v 0.029999999329447746 -0.00762215256690979 -0.0046733114868402481
v 0.029999999329447746 -0.0024232943542301655 0.00052554655121639371
v 0.029999999329447746 -0.0024232943542301655 0.001565318088978529
v 0.029999999329447746 -0.0055426093749701977 0.0057244044728577137
v 0.029999999329447746 -0.00762215256690979 0.0078039476647973061
v 0.029999999329447746 -0.00762215256690979 0.0098834913223981857
v 0.029999999329447746 -0.0074996310286223888 0.012957831844687462
v 0.029999999329447746 -0.0045028375461697578 -0.0098721692338585854
v 0.029999999329447746 -0.0045028375461697578 -0.0088323978707194328
v 0.029999999329447746 -0.0055426093749701977 -0.0088323978707194328
v 0.029999999329447746 -0.0066505079157650471 -0.013044756837189198
v 0.029999999329447746 -0.0065936506725847721 -0.011962428689002991
v 0.029999999329447746 -0.0065823807381093502 -0.010911941528320312
v 0.029999999329447746 -0.0065823807381093502 -0.0098721692338585854
v 0.029999999329447746 -0.0013835227582603693 -0.0088323978707194328
v 0.029999999329447746 -0.0013835227582603693 -0.0077926265075802803
v 0.029999999329447746 -0.0034630659501999617 -0.0067528546787798405
v 0.029999999329447746 -0.00034375122049823403 -0.0025937682949006557
v 0.029999999329447746 -0.00034375122049823403 -0.0015539966989308596
v 0.029999999329447746 -0.0065823807381093502 -0.0057130833156406879
v 0.029999999329447746 -0.0065823807381093502 0.0036448612809181213
v 0.029999999329447746 -0.0065823807381093502 -0.00051422504475340247
v 0.029999999329447746 -0.0055426093749701977 0.0036448612809181213
v 0.029999999329447746 -0.0065823807381093502 0.00052554655121639371
v 0.029999999329447746 -0.0013835227582603693 0.011963034048676491
v 0.029999999329447746 -0.0024232943542301655 0.013002806343138218
v 0.029999999329447746 -0.0024232943542301655 0.011963034048676491
v 0.029999999329447746 -0.0055426093749701977 0.0067641763016581535
v 0.029999999329447746 -0.0055426093749701977 0.0078039476647973061
v 0.029999999329447746 -0.0055426093749701977 0.010923262685537338
v 0.029999999329447746 -0.0055426093749701977 0.0098834913223981857
v 0.029999999329447746 -0.0065823807381093502 0.0057244044728577137
v 0.029999999329447746 -0.0045028375461697578 0.010923262685537338
v 0.029999999329447746 -0.0055368328467011452 0.011957257986068726
v 0.029999999329447746 -0.0065823807381093502 0.0067641763016581535
v 0.029999999329447746 -0.0063373851589858532 0.015032442286610603
v 0.029999999329447746 -0.0064648613333702087 0.013928857631981373
v 0.029999999329447746 -0.005452791228890419 0.013974527828395367
v 0.029999999329447746 -0.0065823807381093502 0.0078039476647973061
v 0.029999999329447746 -0.0052526802755892277 0.014750133268535137
v 0.029999999329447746 -0.0054493080824613571 0.015620042569935322
v 0.029999999329447746 -0.0065823807381093502 0.0088437190279364586
v 0.029999999329447746 -0.0065823807381093502 0.0098834913223981857
v 0.029999999329447746 -0.0065147192217409611 0.012946370057761669
v 0.029999999329447746 -0.0065644853748381138 0.011955409310758114
v 0.029999999329447746 -0.0051886155270040035 -0.019056253135204315
v 0.029999999329447746 -0.0031368008349090815 -0.019499307498335838
v 0.029999999329447746 -0.0055802520364522934 -0.015163655392825603
v 0.029999999329447746 -0.0034630659501999617 -0.014031256549060345
v 0.029999999329447746 -0.0045074843801558018 -0.014034203253686428
v 0.029999999329447746 -0.0055855722166597843 -0.014072669669985771
v 0.029999999329447746 -0.0055426093749701977 -0.0098721692338585854
v 0.029999999329447746 -0.0055552143603563309 -0.01300126314163208
v 0.029999999329447746 -0.0055426093749701977 -0.011951712891459465
v 0.029999999329447746 -0.0055426093749701977 -0.010911941528320312
v 0.029999999329447746 -0.0055426093749701977 -0.0077926265075802803
v 0.029999999329447746 -0.0034630659501999617 -0.0036335398908704519
v 0.029999999329447746 -0.0034630659501999617 -0.0025937682949006557
v 0.029999999329447746 -0.0055426093749701977 -0.0057130833156406879
v 0.029999999329447746 -0.0034630659501999617 -0.0057130833156406879
v 0.029999999329447746 -0.0034630659501999617 -0.0046733114868402481
v 0.029999999329447746 -0.00034375122049823403 0.0067641763016581535
v 0.029999999329447746 0.00069602037547156215 0.0067641763016581535
v 0.029999999329447746 -0.00034375122049823403 0.0078039476647973061
v 0.029999999329447746 -0.0055426093749701977 0.0026050896849483252
v 0.029999999329447746 -0.0034630659501999617 0.0067641763016581535
v 0.029999999329447746 -0.0055426093749701977 -0.00051422504475340247
v 0.029999999329447746 -0.0034630659501999617 0.0036448612809181213
v 0.029999999329447746 -0.0034630659501999617 0.0046846331097185612
v 0.029999999329447746 -0.0055149463005363941 0.012981845997273922
v 0.029999999329447746 0.00067495257826521993 -0.016106061637401581
v 0.029999999329447746 0.00069602037547156215 -0.015071027912199497
v 0.029999999329447746 -0.00034375122049823403 -0.015071027912199497
v 0.029999999329447746 -0.0045121735893189907 -0.015083788894116879
v 0.029999999329447746 -0.0045028375461697578 -0.010911941528320312
v 0.029999999329447746 -0.0045028375461697578 -0.012991484254598618
v 0.029999999329447746 -0.0045028375461697578 -0.011951712891459465
v 0.029999999329447746 -0.0024232943542301655 -0.0057130833156406879
v 0.029999999329447746 0.00069602037547156215 -0.0036335398908704519
v 0.029999999329447746 0.0017357920296490192 -0.0036335398908704519
v 0.029999999329447746 0.00069602037547156215 -0.0025937682949006557
v 0.029999999329447746 -0.0024232943542301655 -0.0036335398908704519
v 0.029999999329447746 -0.0024232943542301655 -0.00051422504475340247
v 0.029999999329447746 -0.0024232943542301655 -0.0046733114868402481
v 0.029999999329447746 0.0017357920296490192 0.0057244044728577137
v 0.029999999329447746 0.0017357920296490192 0.0067641763016581535
v 0.029999999329447746 -0.0045028375461697578 -0.0036335398908704519
v 0.029999999329447746 -0.0045028375461697578 0.011963034048676491
v 0.029999999329447746 -0.0044868029654026031 0.012994452379643917
v 0.029999999329447746 -0.0044446154497563839 0.013977741822600365
v 0.029999999329447746 -0.004411360714584589 0.01495243888348341
v 0.029999999329447746 -0.0043230680748820305 0.016069250181317329
v 0.029999999329447746 -0.0020961384288966656 -0.01963844895362854
v 0.029999999329447746 -0.0025551191065460443 -0.018426584079861641
v 0.029999999329447746 -0.0034727018792182207 -0.01612602174282074
v 0.029999999329447746 -0.0034630659501999617 -0.010911941528320312
v 0.029999999329447746 -0.0034630659501999617 -0.012991484254598618
v 0.029999999329447746 -0.0034630659501999617 -0.011951712891459465
v 0.029999999329447746 -0.0034630659501999617 -0.0098721692338585854
v 0.029999999329447746 0.0017357920296490192 -0.0088323978707194328
v 0.029999999329447746 0.00069602037547156215 -0.0077926265075802803
v 0.029999999329447746 -0.0034630659501999617 -0.0088323978707194328
v 0.029999999329447746 -0.0013835227582603693 -0.0046733114868402481
v 0.029999999329447746 -0.00034375122049823403 -0.0067528546787798405
v 0.029999999329447746 -0.00034375122049823403 -0.0057130833156406879
v 0.029999999329447746 -0.0013835227582603693 -0.0057130833156406879
v 0.029999999329447746 -0.00034375122049823403 -0.0036335398908704519
v 0.029999999329447746 0.0017357920296490192 -0.00051422504475340247
v 0.029999999329447746 0.0017357920296490192 0.00052554655121639371
v 0.029999999329447746 0.00069602037547156215 0.00052554655121639371
v 0.029999999329447746 -0.0013835227582603693 -0.00051422504475340247
v 0.029999999329447746 -0.0034630659501999617 -0.0015539966989308596
v 0.029999999329447746 -0.0013835227582603693 0.0046846331097185612
v 0.029999999329447746 -0.00034375122049823403 0.0057244044728577137
v 0.029999999329447746 -0.0013835227582603693 0.0067641763016581535
v 0.029999999329447746 -0.0034630659501999617 0.0078039476647973061
v 0.029999999329447746 -0.00034375122049823403 0.0088437190279364586
v 0.029999999329447746 -0.0013835227582603693 0.0098834913223981857
v 0.029999999329447746 -0.0013835227582603693 0.0088437190279364586
v 0.029999999329447746 -0.0034630659501999617 0.0098834913223981857
v 0.029999999329447746 -0.0024232943542301655 0.010923262685537338
v 0.029999999329447746 -0.0024232943542301655 0.0098834913223981857
v 0.029999999329447746 -0.0013835227582603693 0.010923262685537338
v 0.029999999329447746 -0.0030519447755068541 0.016151832416653633
v 0.029999999329447746 -0.002271326957270503 0.015108337625861168
v 0.029999999329447746 -0.0019757531117647886 0.016225460916757584
v 0.029999999329447746 -0.0034630659501999617 0.010923262685537338
v 0.029999999329447746 -0.0033545787446200848 0.015066510997712612
v 0.029999999329447746 -0.0034630659501999617 0.011963034048676491
v 0.029999999329447746 -0.0034572894219309092 0.012997029349207878
v 0.029999999329447746 -0.003437951672822237 0.014020686969161034
v 0.029999999329447746 -0.0010495523456484079 -0.019722092896699905
v 0.029999999329447746 -0.0015482943272218108 -0.018983237445354462
v 0.029999999329447746 -0.00047102721873670816 -0.018078645691275597
v 0.029999999329447746 -0.001484269741922617 -0.018145697191357613
v 0.029999999329447746 -0.00067386176669970155 -0.018955666571855545
v 0.029999999329447746 -0.0024581567849963903 -0.01719093881547451
v 0.029999999329447746 -0.00034375122049823403 -0.014031256549060345
v 0.029999999329447746 -0.0013835227582603693 -0.014031256549060345
v 0.029999999329447746 -0.00034375122049823403 -0.010911941528320312
v 0.029999999329447746 -0.0013835227582603693 -0.0098721692338585854
v 0.029999999329447746 -0.0013835227582603693 -0.010911941528320312
v 0.029999999329447746 -0.0024232943542301655 -0.014031256549060345
v 0.029999999329447746 -0.0024232943542301655 -0.012991484254598618
v 0.029999999329447746 -0.0024232943542301655 -0.011951712891459465
v 0.029999999329447746 -0.0024232943542301655 -0.010911941528320312
v 0.029999999329447746 -0.0024232943542301655 -0.0098721692338585854
v 0.029999999329447746 -0.0024232943542301655 -0.0067528546787798405
v 0.029999999329447746 0.005894878413528204 -0.0015539966989308596
v 0.029999999329447746 0.0048551070503890514 -0.00051422504475340247
v 0.029999999329447746 0.0048551070503890514 -0.0015539966989308596
v 0.029999999329447746 -0.0013835227582603693 0.001565318088978529
v 0.029999999329447746 -0.00034375122049823403 0.001565318088978529
v 0.029999999329447746 -0.0013835227582603693 0.0026050896849483252
v 0.029999999329447746 -0.0024232943542301655 -0.0025937682949006557
v 0.029999999329447746 -0.0024232943542301655 0.0036448612809181213
v 0.029999999329447746 -0.0024232943542301655 0.0046846331097185612
v 0.029999999329447746 -0.0024232943542301655 0.0057244044728577137
v 0.029999999329447746 -0.0024232943542301655 0.0026050896849483252
v 0.029999999329447746 -0.0013835227582603693 0.0057244044728577137
v 0.029999999329447746 -0.00034375122049823403 0.010923262685537338
v 0.029999999329447746 -0.00034375122049823403 0.011963034048676491
v 0.029999999329447746 -0.0013835227582603693 0.0078039476647973061
v 0.029999999329447746 -0.00034375122049823403 0.0098834913223981857
v 0.029999999329447746 -0.0024232943542301655 0.0067641763016581535
v 0.029999999329447746 -0.0024232943542301655 0.0078039476647973061
v 0.029999999329447746 -0.0024232943542301655 0.0088437190279364586
v 0.029999999329447746 -0.0023959742393344641 0.014046034775674343
v 0.029999999329447746 -0.0014080718392506242 -0.017142821103334427
v 0.029999999329447746 0.00069602037547156215 -0.010911941528320312
v 0.029999999329447746 -0.0013835227582603693 -0.012991484254598618
v 0.029999999329447746 -0.0013835227582603693 -0.011951712891459465
v 0.029999999329447746 -0.00034375122049823403 -0.0046733114868402481
v 0.029999999329447746 0.00069602037547156215 -0.0046733114868402481
v 0.029999999329447746 0.0017357920296490192 -0.0025937682949006557
v 0.029999999329447746 0.00069602037547156215 -0.0015539966989308596
v 0.029999999329447746 -0.0013835227582603693 -0.0067528546787798405
v 0.029999999329447746 0.00069602037547156215 -0.0067528546787798405
v 0.029999999329447746 0.00069602037547156215 -0.0057130833156406879
v 0.029999999329447746 -0.0013835227582603693 -0.0036335398908704519
v 0.029999999329447746 -0.0013835227582603693 0.0036448612809181213
v 0.029999999329447746 -0.0013835227582603693 0.00052554655121639371
v 0.029999999329447746 0.00069602037547156215 0.001565318088978529
v 0.029999999329447746 -0.00034375122049823403 0.0026050896849483252
v 0.029999999329447746 0.00069602037547156215 0.0078039476647973061
v 0.029999999329447746 0.00069602037547156215 0.0088437190279364586
v 0.029999999329447746 0.00069602037547156215 0.0057244044728577137
v 0.029999999329447746 -0.0012223287485539913 0.015127028338611126
v 0.029999999329447746 -0.00093399378238245845 0.016271229833364487
v 0.029999999329447746 -0.0013511413708329201 0.014049693942070007
v 0.029999999329447746 -0.0013835227582603693 0.013002806343138218
v 0.029999999329447746 -0.00034952771966345608 -0.016105024144053459
v 0.029999999329447746 0.0017357920296490192 -0.011951712891459465
v 0.029999999329447746 0.00069602037547156215 -0.011951712891459465
v 0.029999999329447746 -0.00034375122049823403 -0.012991484254598618
v 0.029999999329447746 -0.00034375122049823403 -0.011951712891459465
v 0.029999999329447746 0.0017357920296490192 -0.0098721692338585854
v 0.029999999329447746 0.0027755636256188154 -0.0088323978707194328
v 0.029999999329447746 0.0017357920296490192 -0.0077926265075802803
v 0.029999999329447746 -0.00034375122049823403 -0.0077926265075802803
v 0.029999999329447746 0.0017357920296490192 -0.0067528546787798405
v 0.029999999329447746 0.0048551070503890514 0.0046846331097185612
v 0.029999999329447746 0.0048551070503890514 0.0036448612809181213
v 0.029999999329447746 0.0027755636256188154 0.00052554655121639371
v 0.029999999329447746 0.0027755636256188154 0.001565318088978529
v 0.029999999329447746 0.0017357920296490192 0.001565318088978529
v 0.029999999329447746 -0.00034375122049823403 -0.00051422504475340247
v 0.029999999329447746 -0.00034375122049823403 0.00052554655121639371
v 0.029999999329447746 0.0017357920296490192 0.0026050896849483252
v 0.029999999329447746 0.0028071552515029907 0.014049693942070007
v 0.029999999329447746 0.0017676486168056726 0.014053106307983398
v 0.029999999329447746 0.0027755636256188154 0.013002806343138218
v 0.029999999329447746 -0.00034375122049823403 0.013002806343138218
v 0.029999999329447746 -0.00031163476523943245 0.014053106307983398
v 0.029999999329447746 -0.00018351056496612728 0.015138409100472927
v 0.029999999329447746 0.00010406058572698385 0.016287177801132202
v 0.029999999329447746 0.0057409298606216908 -0.017933234572410583
v 0.029999999329447746 0.0045232595875859261 -0.018140563741326332
v 0.029999999329447746 0.0051886155270040035 -0.019056253135204315
v 0.029999999329447746 0.0017046662978827953 -0.016120245680212975
v 0.029999999329447746 0.0015876409597694874 -0.017142890021204948
v 0.029999999329447746 0.00069602037547156215 -0.014031256549060345
v 0.029999999329447746 0.0027755636256188154 -0.011951712891459465
v 0.029999999329447746 0.0017357920296490192 -0.010911941528320312
v 0.029999999329447746 0.00069602037547156215 -0.012991484254598618
v 0.029999999329447746 0.0038153352215886116 -0.0098721692338585854
v 0.029999999329447746 0.0027755636256188154 -0.0036335398908704519
v 0.029999999329447746 0.0038153352215886116 -0.0036335398908704519
v 0.029999999329447746 0.0027755636256188154 -0.0025937682949006557
v 0.029999999329447746 0.0038153352215886116 -0.0046733114868402481
v 0.029999999329447746 0.0027755636256188154 -0.0046733114868402481
v 0.029999999329447746 0.0027755636256188154 -0.00051422504475340247
v 0.029999999329447746 0.00069602037547156215 -0.00051422504475340247
v 0.029999999329447746 0.0038153352215886116 0.0078039476647973061
v 0.029999999329447746 0.0027755636256188154 0.0088437190279364586
v 0.029999999329447746 0.0027755636256188154 0.0078039476647973061
v 0.029999999329447746 0.00069602037547156215 0.0098834913223981857
v 0.029999999329447746 0.00069602037547156215 0.010923262685537338
v 0.029999999329447746 0.0027755636256188154 0.010923262685537338
v 0.029999999329447746 0.0017357920296490192 0.011963034048676491
v 0.029999999329447746 0.0017357920296490192 0.010923262685537338
v 0.029999999329447746 0.0017357920296490192 0.013002806343138218
v 0.029999999329447746 0.0027755636256188154 0.011963034048676491
v 0.029999999329447746 0.0011421149829402566 0.016271229833364487
v 0.029999999329447746 0.0018944634357467294 0.015127028338611126
v 0.029999999329447746 0.0021782782860100269 0.016223445534706116
v 0.029999999329447746 0.00069602037547156215 0.011963034048676491
v 0.029999999329447746 0.00069602037547156215 0.013002806343138218
v 0.029999999329447746 0.00085564528126269579 0.015138409100472927
v 0.029999999329447746 0.00072800694033503532 0.014054245315492153
v 0.029999999329447746 0.0020961384288966656 -0.01963844895362854
v 0.029999999329447746 0.0034407069906592369 -0.018278701230883598
v 0.029999999329447746 0.0031368008349090815 -0.019499307498335838
v 0.029999999329447746 0.0041685984469950199 -0.01930505782365799
v 0.029999999329447746 0.0038153352215886116 -0.014031256549060345
v 0.029999999329447746 0.0027755636256188154 -0.014031256549060345
v 0.029999999329447746 0.0017357920296490192 -0.015071027912199497
v 0.029999999329447746 0.0038153352215886116 -0.011951712891459465
v 0.029999999329447746 0.0038153352215886116 -0.012991484254598618
v 0.029999999329447746 0.0017357920296490192 -0.014031256549060345
v 0.029999999329447746 0.0017357920296490192 -0.012991484254598618
v 0.029999999329447746 0.0038153352215886116 -0.0088323978707194328
v 0.029999999329447746 0.0027755636256188154 -0.0077926265075802803
v 0.029999999329447746 0.0048551070503890514 -0.0046733114868402481
v 0.029999999329447746 0.0048551070503890514 -0.0036335398908704519
v 0.029999999329447746 0.0038153352215886116 -0.0067528546787798405
v 0.029999999329447746 0.0027755636256188154 -0.0057130833156406879
v 0.029999999329447746 0.0027755636256188154 -0.0067528546787798405
v 0.029999999329447746 0.0017357920296490192 -0.0057130833156406879
v 0.029999999329447746 0.0038153352215886116 -0.0057130833156406879
v 0.029999999329447746 0.0017357920296490192 -0.0046733114868402481
v 0.029999999329447746 0.0017357920296490192 -0.0015539966989308596
v 0.029999999329447746 0.0038153352215886116 -0.00051422504475340247
v 0.029999999329447746 0.0038153352215886116 0.00052554655121639371
v 0.029999999329447746 0.0038153352215886116 0.0057244044728577137
v 0.029999999329447746 0.0038153352215886116 0.0046846331097185612
v 0.029999999329447746 0.0048551070503890514 0.010923262685537338
v 0.029999999329447746 0.0038153352215886116 0.011963034048676491
v 0.029999999329447746 0.0038153352215886116 0.010923262685537338
v 0.029999999329447746 0.0017357920296490192 0.0036448612809181213
v 0.029999999329447746 0.0038153352215886116 0.0067641763016581535
v 0.029999999329447746 0.0027755636256188154 0.0067641763016581535
v 0.029999999329447746 0.0017357920296490192 0.0046846331097185612
v 0.029999999329447746 0.0038153352215886116 0.0088437190279364586
v 0.029999999329447746 0.0027755636256188154 0.0098834913223981857
v 0.029999999329447746 0.0038153352215886116 0.0098834913223981857
v 0.029999999329447746 0.0017357920296490192 0.0078039476647973061
v 0.029999999329447746 0.0038153352215886116 0.013002806343138218
v 0.029999999329447746 0.0017357920296490192 0.0088437190279364586
v 0.029999999329447746 0.0017357920296490192 0.0098834913223981857
v 0.029999999329447746 0.0027755636256188154 -0.015071027912199497
v 0.029999999329447746 0.0027755636256188154 -0.012991484254598618
v 0.029999999329447746 0.0048551070503890514 -0.0098721692338585854
v 0.029999999329447746 0.005894878413528204 -0.0057130833156406879
v 0.029999999329447746 0.005894878413528204 -0.0046733114868402481
v 0.029999999329447746 0.005894878413528204 -0.0036335398908704519
v 0.029999999329447746 0.0048551070503890514 -0.0057130833156406879
v 0.029999999329447746 0.0027755636256188154 -0.0015539966989308596
v 0.029999999329447746 0.0048551070503890514 0.00052554655121639371
v 0.029999999329447746 0.0038153352215886116 0.001565318088978529
v 0.029999999329447746 0.0027755636256188154 0.0046846331097185612
v 0.029999999329447746 0.0027755636256188154 0.0057244044728577137
v 0.029999999329447746 0.0027755636256188154 0.0026050896849483252
v 0.029999999329447746 0.0048551070503890514 0.0057244044728577137
v 0.029999999329447746 0.0027755636256188154 0.0036448612809181213
v 0.029999999329447746 0.0048551070503890514 0.0067641763016581535
v 0.029999999329447746 0.0029322698246687651 0.015104307793080807
v 0.029999999329447746 0.0032063301187008619 0.016143187880516052
v 0.029999999329447746 0.0058850301429629326 -0.013948863372206688
v 0.029999999329447746 0.0048494376242160797 -0.01401751022785902
v 0.029999999329447746 0.0058247074484825134 -0.015016290359199047
v 0.029999999329447746 0.00484871631488204 -0.01193461287766695
v 0.029999999329447746 0.0058706323616206646 -0.012894906103610992
v 0.029999999329447746 0.0069346502423286438 -0.0088323978707194328
v 0.029999999329447746 0.005894878413528204 -0.0077926265075802803
v 0.029999999329447746 0.005894878413528204 -0.0088323978707194328
v 0.029999999329447746 0.0038153352215886116 -0.0077926265075802803
v 0.029999999329447746 0.0069346502423286438 -0.0046733114868402481
v 0.029999999329447746 0.0069346502423286438 -0.0036335398908704519
v 0.029999999329447746 0.010053965263068676 0.0026050896849483252
v 0.029999999329447746 0.0090141929686069489 0.0026050896849483252
v 0.029999999329447746 0.0038153352215886116 -0.0025937682949006557
v 0.029999999329447746 0.005894878413528204 -0.00051422504475340247
v 0.029999999329447746 0.0038153352215886116 -0.0015539966989308596
v 0.029999999329447746 0.0038153352215886116 0.0036448612809181213
v 0.029999999329447746 0.0038153352215886116 0.0026050896849483252
v 0.029999999329447746 0.005894878413528204 0.0057244044728577137
v 0.029999999329447746 0.0038463922683149576 0.014044019393622875
v 0.029999999329447746 0.0039613181725144386 0.01507501769810915
v 0.029999999329447746 0.0042054047808051109 0.016048179939389229
v 0.029999999329447746 0.0061939689330756664 -0.018753593787550926
v 0.029999999329447746 0.0047269952483475208 -0.01706233061850071
v 0.029999999329447746 0.0070305741392076015 -0.013744611293077469
v 0.029999999329447746 0.0048246383666992188 -0.015054178424179554
v 0.029999999329447746 0.0048564360477030277 -0.012971852906048298
v 0.029999999329447746 0.0069346502423286438 -0.0098721692338585854
v 0.029999999329447746 0.0069087110459804535 -0.010903234593570232
v 0.029999999329447746 0.005894878413528204 -0.0098721692338585854
v 0.029999999329447746 0.0079744216054677963 -0.0088323978707194328
v 0.029999999329447746 0.0069346502423286438 -0.0077926265075802803
v 0.029999999329447746 0.0069346502423286438 -0.0057130833156406879
v 0.029999999329447746 0.0048551070503890514 -0.0088323978707194328
v 0.029999999329447746 0.0048551070503890514 -0.0077926265075802803
v 0.029999999329447746 0.0048551070503890514 -0.0067528546787798405
v 0.029999999329447746 0.0069346502423286438 -0.0025937682949006557
v 0.029999999329447746 0.0069346502423286438 -0.0015539966989308596
v 0.029999999329447746 0.0079744216054677963 -0.0025937682949006557
v 0.029999999329447746 0.0048551070503890514 -0.0025937682949006557
v 0.029999999329447746 0.0048551070503890514 0.0026050896849483252
v 0.029999999329447746 0.0048551070503890514 0.001565318088978529
v 0.029999999329447746 0.0069346502423286438 0.0046846331097185612
v 0.029999999329447746 0.0079744216054677963 0.010923262685537338
v 0.029999999329447746 0.0069346502423286438 0.010923262685537338
v 0.029999999329447746 0.0079744216054677963 0.0098834913223981857
v 0.029999999329447746 0.0048551070503890514 0.0088437190279364586
v 0.029999999329447746 0.0048551070503890514 0.0098834913223981857
v 0.029999999329447746 0.0048551070503890514 0.0078039476647973061
v 0.029999999329447746 0.0060268277302384377 0.015293573960661888
v 0.029999999329447746 0.0059315906837582588 0.014080521650612354
v 0.029999999329447746 0.0069968071766197681 0.014072420075535774
v 0.029999999329447746 0.0050605693832039833 0.015972122550010681
v 0.029999999329447746 0.0048551070503890514 0.011963034048676491
v 0.029999999329447746 0.0048551070503890514 0.013002806343138218
v 0.029999999329447746 0.004973425529897213 0.015084072947502136
v 0.029999999329447746 0.0048840832896530628 0.014047895558178425
v 0.029999999329447746 0.0057505653239786625 -0.016049871221184731
v 0.029999999329447746 0.0055589433759450912 -0.016874061897397041
v 0.029999999329447746 0.0077534224838018417 -0.014773998409509659
v 0.029999999329447746 0.0084566026926040649 -0.013970294967293739
v 0.029999999329447746 0.0090141929686069489 -0.0088323978707194328
v 0.029999999329447746 0.0079744216054677963 -0.0077926265075802803
v 0.029999999329447746 0.005894878413528204 -0.0067528546787798405
v 0.029999999329447746 0.011093736626207829 -0.0025937682949006557
v 0.029999999329447746 0.010053965263068676 -0.0015539966989308596
v 0.029999999329447746 0.010053965263068676 -0.0025937682949006557
v 0.029999999329447746 0.011093736626207829 0.001565318088978529
v 0.029999999329447746 0.010053965263068676 0.001565318088978529
v 0.029999999329447746 0.011093736626207829 0.00052554655121639371
v 0.029999999329447746 0.0079744216054677963 -0.0015539966989308596
v 0.029999999329447746 0.0069346502423286438 -0.00051422504475340247
v 0.029999999329447746 0.005894878413528204 -0.0025937682949006557
v 0.029999999329447746 0.005894878413528204 0.001565318088978529
v 0.029999999329447746 0.005894878413528204 0.0026050896849483252
v 0.029999999329447746 0.005894878413528204 0.00052554655121639371
v 0.029999999329447746 0.0079744216054677963 0.0067641763016581535
v 0.029999999329447746 0.0079744216054677963 0.0078039476647973061
v 0.029999999329447746 0.0069346502423286438 0.0078039476647973061
v 0.029999999329447746 0.0090141929686069489 0.0098834913223981857
v 0.029999999329447746 0.0090141929686069489 0.0088437190279364586
v 0.029999999329447746 0.005894878413528204 0.0078039476647973061
v 0.029999999329447746 0.005894878413528204 0.0088437190279364586
v 0.029999999329447746 0.005894878413528204 0.0098834913223981857
v 0.029999999329447746 0.005894878413528204 0.0067641763016581535
v 0.029999999329447746 0.0079744216054677963 0.011963034048676491
v 0.029999999329447746 0.0069346502423286438 0.011963034048676491
v 0.029999999329447746 0.0069437939673662186 0.013014320284128189
v 0.029999999329447746 0.0079921158030629158 0.013012866489589214
v 0.029999999329447746 0.0071876030415296555 0.015045320615172386
v 0.029999999329447746 0.005894878413528204 0.010923262685537338
v 0.029999999329447746 0.005894878413528204 0.011963034048676491
v 0.029999999329447746 0.0058964751660823822 0.013009103015065193
v 0.029999999329447746 0.0066825458779931068 -0.01598319411277771
v 0.029999999329447746 0.006793515756726265 -0.01490103080868721
v 0.029999999329447746 0.0068284105509519577 -0.011886253021657467
v 0.029999999329447746 0.0066631026566028595 -0.012688273563981056
v 0.029999999329447746 0.0088918395340442657 -0.011895358562469482
v 0.029999999329447746 0.0078549319878220558 -0.011906150728464127
v 0.029999999329447746 0.0086989980190992355 -0.012854344211518764
v 0.029999999329447746 0.0089850639924407005 -0.010898048058152199
v 0.029999999329447746 0.0079508023336529732 -0.010903287678956985
v 0.029999999329447746 0.0090125780552625656 -0.0098719187080860138
v 0.029999999329447746 0.0079744216054677963 -0.0098721692338585854
v 0.029999999329447746 0.010053965263068676 -0.0067528546787798405
v 0.029999999329447746 0.010053965263068676 -0.0057130833156406879
v 0.029999999329447746 0.0090141929686069489 -0.0057130833156406879
v 0.029999999329447746 0.0090141929686069489 -0.0067528546787798405
v 0.029999999329447746 0.0090141929686069489 -0.0036335398908704519
v 0.029999999329447746 0.0090141929686069489 -0.0025937682949006557
v 0.029999999329447746 0.0069346502423286438 -0.0067528546787798405
v 0.029999999329447746 0.0090141929686069489 -0.0046733114868402481
v 0.029999999329447746 0.0079744216054677963 -0.0036335398908704519
v 0.029999999329447746 0.0079744216054677963 -0.0046733114868402481
v 0.029999999329447746 0.0069346502423286438 0.001565318088978529
v 0.029999999329447746 0.0069346502423286438 0.0026050896849483252
v 0.029999999329447746 0.0090141929686069489 0.001565318088978529
v 0.029999999329447746 0.0079744216054677963 0.0026050896849483252
v 0.029999999329447746 0.0079744216054677963 0.001565318088978529
v 0.029999999329447746 0.0069346502423286438 0.00052554655121639371
v 0.029999999329447746 0.0069346502423286438 0.0067641763016581535
v 0.029999999329447746 0.0069346502423286438 0.0088437190279364586
v 0.029999999329447746 0.0069346502423286438 0.0057244044728577137
v 0.029999999329447746 0.0090141929686069489 0.010923262685537338
v 0.029999999329447746 0.0090258335694670677 0.011977325193583965
v 0.029999999329447746 0.0069346502423286438 0.0098834913223981857
v 0.029999999329447746 0.0074999998323619366 -0.015811387449502945
v 0.029999999329447746 0.0076167341321706772 -0.012872009538114071
v 0.029999999329447746 0.010046977549791336 -0.0098608760163187981
v 0.029999999329447746 0.011093736626207829 -0.0057130833156406879
v 0.029999999329447746 0.011087959632277489 -0.006747078150510788
v 0.029999999329447746 0.010053965263068676 -0.0036335398908704519
v 0.029999999329447746 0.0079744216054677963 -0.0067528546787798405
v 0.029999999329447746 0.010053965263068676 -0.0046733114868402481
v 0.029999999329447746 0.0079744216054677963 -0.0057130833156406879
v 0.029999999329447746 0.0090141929686069489 -0.0015539966989308596
v 0.029999999329447746 0.0090141929686069489 -0.00051422504475340247
v 0.029999999329447746 0.0079744216054677963 0.00052554655121639371
v 0.029999999329447746 0.0079744216054677963 -0.00051422504475340247
v 0.029999999329447746 0.010053965263068676 0.0088437190279364586
v 0.029999999329447746 0.010053965263068676 0.0078039476647973061
v 0.029999999329447746 0.0079744216054677963 0.0057244044728577137
v 0.029999999329447746 0.010053965263068676 0.0098834913223981857
v 0.029999999329447746 0.0079744216054677963 0.0088437190279364586
v 0.029999999329447746 0.008034316822886467 0.014040407724678516
v 0.029999999329447746 0.0080373296514153481 0.014875762164592743
v 0.029999999329447746 0.0094511397182941437 -0.013581325300037861
v 0.029999999329447746 0.012088400311768055 -0.0087216431275010109
v 0.029999999329447746 0.011089193634688854 -0.008801058866083622
v 0.029999999329447746 0.012088378891348839 -0.0097128972411155701
v 0.029999999329447746 0.0090141929686069489 -0.0077926265075802803
v 0.029999999329447746 0.012133507989346981 0.001565318088978529
v 0.029999999329447746 0.011093736626207829 0.0026050896849483252
v 0.029999999329447746 0.011093736626207829 0.0046846331097185612
v 0.029999999329447746 0.010053965263068676 0.0057244044728577137
v 0.029999999329447746 0.010053965263068676 0.0046846331097185612
v 0.029999999329447746 0.0090141929686069489 0.00052554655121639371
v 0.029999999329447746 0.0090141929686069489 0.0057244044728577137
v 0.029999999329447746 0.0090141929686069489 0.0067641763016581535
v 0.029999999329447746 0.012148194015026093 0.0088643888011574745
v 0.029999999329447746 0.011093736626207829 0.0088437190279364586
v 0.029999999329447746 0.012136934325098991 0.0078082391992211342
v 0.029999999329447746 0.0090141929686069489 0.0046846331097185612
v 0.029999999329447746 0.011093736626207829 0.0078039476647973061
v 0.029999999329447746 0.01110979076474905 0.0098935207352042198
v 0.029999999329447746 0.0090141929686069489 0.0078039476647973061
v 0.029999999329447746 0.0090570440515875816 0.013053268194198608
v 0.029999999329447746 0.0090434784069657326 0.014202482998371124
v 0.029999999329447746 0.0099056148901581764 -0.011879736557602882
v 0.029999999329447746 0.011075189337134361 -0.0098155559971928596
v 0.029999999329447746 0.012069529853761196 -0.010690673254430294
v 0.029999999329447746 0.010053965263068676 -0.0077926265075802803
v 0.029999999329447746 0.010054242797195911 -0.0088300816714763641
v 0.029999999329447746 0.012132576666772366 -0.0057135233655571938
v 0.029999999329447746 0.011093736626207829 -0.0046733114868402481
v 0.029999999329447746 0.01211084146052599 -0.0067423083819448948
v 0.029999999329447746 0.013167986646294594 -0.0036130771040916443
v 0.029999999329447746 0.012133507989346981 -0.0036335398908704519
v 0.029999999329447746 0.013179151341319084 -0.0046435082331299782
v 0.029999999329447746 0.012133507989346981 -0.0025937682949006557
v 0.029999999329447746 0.010053965263068676 -0.00051422504475340247
v 0.029999999329447746 0.010053965263068676 0.00052554655121639371
v 0.029999999329447746 0.010053965263068676 0.0036448612809181213
v 0.029999999329447746 0.012133507989346981 0.0067641763016581535
v 0.029999999329447746 0.011166432872414589 0.010965336114168167
v 0.029999999329447746 0.012199727818369865 0.0099264532327651978
v 0.029999999329447746 0.010053965263068676 0.0067641763016581535
v 0.029999999329447746 0.010116499848663807 0.012019236572086811
v 0.029999999329447746 0.010068736970424652 0.010935657657682896
v 0.029999999329447746 0.010245101526379585 0.013150357641279697
v 0.029999999329447746 0.013807213865220547 -0.0087406998500227928
v 0.029999999329447746 0.013193791732192039 -0.0095477793365716934
v 0.029999999329447746 0.012872780673205853 -0.0085303923115134239
v 0.029999999329447746 0.013170240446925163 -0.0056860297918319702
v 0.029999999329447746 0.012133507989346981 -0.0046733114868402481
v 0.029999999329447746 0.011086145415902138 -0.0077756242826581001
v 0.029999999329447746 0.01312929205596447 -0.0067314268089830875
v 0.029999999329447746 0.011093736626207829 -0.0036335398908704519
v 0.029999999329447746 0.013167503289878368 -0.0025879917666316032
v 0.029999999329447746 0.013173279352486134 -0.00051422504475340247
v 0.029999999329447746 0.012133507989346981 -0.00051422504475340247
v 0.029999999329447746 0.013173279352486134 -0.0015539966989308596
v 0.029999999329447746 0.011093736626207829 -0.0015539966989308596
v 0.029999999329447746 0.013173279352486134 0.001565318088978529
v 0.029999999329447746 0.013173279352486134 0.00052554655121639371
v 0.029999999329447746 0.011093736626207829 -0.00051422504475340247
v 0.029999999329447746 0.013173279352486134 0.0026050896849483252
v 0.029999999329447746 0.012133507989346981 0.0026050896849483252
v 0.029999999329447746 0.011093736626207829 0.0036448612809181213
v 0.029999999329447746 0.011093736626207829 0.0057244044728577137
v 0.029999999329447746 0.013180531561374664 0.0067789074964821339
v 0.029999999329447746 0.013173829764127731 0.0057260314933955669
v 0.029999999329447746 0.013194194063544273 0.0078549720346927643
v 0.029999999329447746 0.011093736626207829 0.0067641763016581535
v 0.029999999329447746 0.011271437630057335 0.012117314152419567
v 0.029999999329447746 0.011077173985540867 0.012927558273077011
v 0.029999999329447746 0.011939170770347118 -0.011679774150252342
v 0.029999999329447746 0.012902621179819107 -0.01043799240142107
v 0.029999999329447746 0.0120747284963727 -0.0077351443469524384
v 0.029999999329447746 0.014187945984303951 -0.0025627159047871828
v 0.029999999329447746 0.014158478006720543 -0.0035515788476914167
v 0.029999999329447746 0.012133507989346981 -0.0015539966989308596
v 0.029999999329447746 0.0142159229144454 0.002622996224090457
v 0.029999999329447746 0.014218145981431007 0.001583402045071125
v 0.029999999329447746 0.012133507989346981 0.00052554655121639371
v 0.029999999329447746 0.014210229739546776 0.0057628839276731014
v 0.029999999329447746 0.012133507989346981 0.0036448612809181213
v 0.029999999329447746 0.014230125583708286 0.0068387249484658241
v 0.029999999329447746 0.012133507989346981 0.0046846331097185612
v 0.029999999329447746 0.01320283580571413 0.008938109502196312
v 0.029999999329447746 0.014324814081192017 0.0080232834443449974
v 0.029999999329447746 0.012133507989346981 0.0057244044728577137
v 0.029999999329447746 0.012243586592376232 0.011914322152733803
v 0.029999999329447746 0.012366989627480507 0.011001787148416042
v 0.029999999329447746 0.015207415446639061 -0.0063883280381560326
v 0.029999999329447746 0.014156357385218143 -0.0066361487843096256
v 0.029999999329447746 0.015015220269560814 -0.007485710084438324
v 0.029999999329447746 0.013046782463788986 -0.00773237319663167
v 0.029999999329447746 0.014979397878050804 -0.0042797024361789227
v 0.029999999329447746 0.014198591932654381 -0.0045327683910727501
v 0.029999999329447746 0.015398250892758369 -0.005234242882579565
v 0.029999999329447746 0.014211163856089115 -0.0015352264745160937
v 0.029999999329447746 0.015211413614451885 -0.0024924196768552065
v 0.029999999329447746 0.01527330931276083 0.0016553271561861038
v 0.029999999329447746 0.01527873333543539 0.00061624799855053425
v 0.029999999329447746 0.016365636140108109 0.00077876989962533116
v 0.029999999329447746 0.014218092896044254 0.00054374354658648372
v 0.029999999329447746 0.015272772870957851 -0.00042281523928977549
v 0.029999999329447746 0.01421143114566803 0.0036623911000788212
v 0.029999999329447746 0.015256518498063087 0.0026937471702694893
v 0.029999999329447746 0.013173279352486134 0.0046846331097185612
v 0.029999999329447746 0.013173279352486134 0.0036448612809181213
v 0.029999999329447746 0.013347692787647247 0.010001292452216148
v 0.029999999329447746 0.013207047246396542 0.010745024308562279
v 0.029999999329447746 0.014060916379094124 -0.0077358796261250973
v 0.029999999329447746 0.015128485858440399 -0.003477494465187192
v 0.029999999329447746 0.015911130234599113 -0.0043140724301338196
v 0.029999999329447746 0.014225410297513008 -0.0055651217699050903
v 0.029999999329447746 0.01525544747710228 -0.0014611874939873815
v 0.029999999329447746 0.016263047233223915 -0.0023312412668019533
v 0.029999999329447746 0.014215762726962566 -0.00049584428779780865
v 0.029999999329447746 0.016334507614374161 0.0018161589978262782
v 0.029999999329447746 0.015211201272904873 0.004787820391356945
v 0.029999999329447746 0.015230070799589157 0.0037357155233621597
v 0.029999999329447746 0.016189100220799446 0.0038918156642466784
v 0.029999999329447746 0.014206336811184883 0.0047063329257071018
v 0.029999999329447746 0.015245263464748859 0.0077539761550724506
v 0.029999999329447746 0.015244046226143837 0.0069158426485955715
v 0.029999999329447746 0.014081154949963093 0.0091052846983075142
v 0.029999999329447746 0.015247207134962082 0.0058643738739192486
v 0.029999999329447746 0.016140077263116837 -0.003346022916957736
v 0.029999999329447746 0.016364883631467819 -0.00025952045689336956
v 0.029999999329447746 0.016332253813743591 -0.0012968203518539667
v 0.029999999329447746 0.016272157430648804 0.0028523846995085478
v 0.029999999329447746 0.016139572486281395 0.004950378555804491
v 0.026218743994832039 0.0014863236574456096 -0.019693993031978607
v 0.026218743994832039 0.00044792017433792353 -0.019744919613003731
v 0.025178972631692886 0.0014863236574456096 -0.019693993031978607
v 0.029141934588551521 0.0017999710980802774 -0.019667161628603935
v 0.028228171169757843 0.0026329474058002234 -0.01957368478178978
v 0.029141932725906372 0.0028376881964504719 -0.019544480368494987
v 0.026218743994832039 0.0035479085054248571 -0.019428711384534836
v 0.026218743994832039 0.0025206084828823805 -0.019588492810726166
v 0.025178972631692886 0.0035479085054248571 -0.019428711384534836
v 0.029141934588551521 0.00075722025940194726 -0.019734786823391914
v 0.028228173032402992 0.0015973913250491023 -0.019685270264744759
v 0.028251240029931068 0.0046657351776957512 -0.019190985709428787
v 0.029162632301449776 0.0048699462786316872 -0.019139932468533516
v 0.029141932725906372 0.0038674669340252876 -0.01936708390712738
v 0.02724449522793293 0.0035703964531421661 -0.019424576312303543
v 0.02724449522793293 0.002542905742302537 -0.019585596397519112
v 0.028320034965872765 0.0056104306131601334 -0.018936442211270332
v 0.027335261926054955 0.0055228606797754765 -0.018962062895298004
v 0.027496339753270149 0.0063693723641335964 -0.018693655729293823
v 0.029217015951871872 0.0058107362128794193 -0.018875902518630028
v 0.029324311763048172 0.0065701371058821678 -0.018624881282448769
v 0.029141936451196671 -0.0023720236495137215 -0.019606208428740501
v 0.028228176757693291 -0.0015243582893162966 -0.019691053777933121
v 0.029141934588551521 -0.0013317007105797529 -0.019704267382621765
v 0.024139201268553734 -0.0026632184162735939 -0.019569613039493561
v 0.025178972631692886 -0.0026632184162735939 -0.019569613039493561
v 0.025178972631692886 -0.003689327510073781 -0.019402354955673218
v 0.026218743994832039 -0.003689327510073781 -0.019402354955673218
v 0.02620328962802887 -0.0046865390613675117 -0.019185898825526237
v 0.024122577160596848 -0.0046865390613675117 -0.019185898825526237
v 0.025162933394312859 -0.0046865390613675117 -0.019185898825526237
v 0.025113936513662338 -0.005617290735244751 -0.018934277817606926
v 0.023048989474773407 -0.0056348377838730812 -0.018929088488221169
v 0.024071825668215752 -0.005617290735244751 -0.018934277817606926
v 0.023946687579154968 -0.0064301919192075729 -0.018673125654459
v 0.022689096629619598 -0.0071394620463252068 -0.018431050702929497
v 0.021962651982903481 -0.0064920280128717422 -0.018651967868208885
v 0.022923823446035385 -0.0064451615326106548 -0.018668137490749359
v 0.024991719052195549 -0.0064301919192075729 -0.018673125654459
v 0.026036752387881279 -0.0064301919192075729 -0.018673125654459
v 0.025815630331635475 -0.0071333451196551323 -0.018435679376125336
v 0.02476825937628746 -0.0071333451196551323 -0.018435679376125336
v 0.026156045496463776 -0.005617290735244751 -0.018934277817606926
v 0.027911750599741936 -0.0070947427302598953 -0.018461618572473526
v 0.027074458077549934 -0.0064208311960101128 -0.018675897270441055
v 0.028075875714421272 -0.0063777649775147438 -0.018687194213271141
v 0.029059257358312607 -0.0063224351033568382 -0.018709868192672729
v 0.028803683817386627 -0.0069887628778815269 -0.018534304574131966
v 0.026866884902119637 -0.0071279434487223625 -0.018439576029777527
v 0.023720888420939445 -0.0071333451196551323 -0.018435679376125336
v 0.023136410862207413 0.0045394236221909523 -0.019221238791942596
v 0.023118702694773674 0.003533271374180913 -0.019431378692388535
v 0.022165950387716293 0.0044871089048683643 -0.019233554601669312
v 0.021173136308789253 -0.0065821018069982529 -0.018620114773511887
v 0.021679362282156944 -0.0071581350639462471 -0.018416650593280792
v 0.021241307258605957 -0.0058564632199704647 -0.018859881907701492
v 0.020500000566244125 -0.0061939689330756664 -0.018753593787550926
v 0.027186028659343719 -0.0056051751598715782 -0.018937872722744942
v 0.020500000566244125 -0.0071818181313574314 -0.01839793473482132
v 0.027231389656662941 -0.0046696052886545658 -0.019190015271306038
v 0.023118704557418823 -0.0026802215725183487 -0.01956729032099247
v 0.023118704557418823 -0.0037065586075186729 -0.019399069249629974
v 0.022156057879328728 -0.0027491021901369095 -0.01955769956111908
v 0.026218743994832039 -0.0016297294059768319 -0.019682643935084343
v 0.027244497090578079 -0.0026428212877362967 -0.019572367891669273
v 0.026218743994832039 -0.0026632184162735939 -0.019569613039493561
v 0.023118702694773674 -0.0006081170286051929 -0.01974063366651535
v 0.023118704557418823 -0.0016464521177113056 -0.019681250676512718
v 0.022156054154038429 -0.00067458447301760316 -0.019738445058465004
v 0.024139201268553734 0.00044792017433792353 -0.019744919613003731
v 0.025178972631692886 -0.00059172447072342038 -0.019741132855415344
v 0.024139201268553734 -0.00059172447072342038 -0.019741132855415344
v 0.024139201268553734 0.0014863236574456096 -0.019693993031978607
v 0.023118702694773674 0.0014707284281030297 -0.019695162773132324
v 0.02724449522793293 0.0015083631733432412 -0.019692305475473404
v 0.023118702694773674 0.00043190451106056571 -0.019745275378227234
v 0.023118702694773674 0.002505473792552948 -0.019590433686971664
v 0.022155983373522758 0.0034737514797598124 -0.019442116841673851
v 0.021292146295309067 0.0043602287769317627 -0.019260020926594734
v 0.022211294621229172 0.0054532289505004883 -0.018982328474521637
v 0.023331232368946075 0.0063361544162034988 -0.018704166635870934
v 0.022489400580525398 0.0070495335385203362 -0.018493527546525002
v 0.023521235212683678 0.0070845414884388447 -0.018471023067831993
v 0.021632114425301552 0.0069481795653700829 -0.018561379984021187
v 0.021385256201028824 0.0062708929181098938 -0.018726751208305359
v 0.020500000566244125 0.0071818181313574314 -0.01839793473482132
v 0.022338317707180977 0.0062997466884553432 -0.01871166005730629
v 0.021273963153362274 -0.0049317269586026669 -0.019122302532196045
v 0.020500000566244125 -0.0051886155270040035 -0.019056253135204315
v 0.020500000566244125 -0.0041685984469950199 -0.01930505782365799
v 0.02208971232175827 -0.005700363777577877 -0.018909543752670288
v 0.029123922809958458 -0.005418368149548769 -0.01899108849465847
v 0.028220849111676216 -0.0045986580662429333 -0.019207127392292023
v 0.029140127822756767 -0.0044274944812059402 -0.019246393814682961
v 0.028184294700622559 -0.0055542141199111938 -0.018952565267682076
v 0.02128969319164753 -0.0029059471562504768 -0.019532481208443642
v 0.021289695054292679 -0.0039349896833300591 -0.019351458176970482
v 0.020500000566244125 -0.0031368008349090815 -0.019499307498335838
v 0.022138258442282677 -0.0047744042240083218 -0.019164176657795906
v 0.022156059741973877 -0.0037763314321637154 -0.019385574385523796
v 0.023101495578885078 -0.0047039478085935116 -0.019181644544005394
v 0.029141936451196671 -0.0034057023003697395 -0.019453266635537148
v 0.024139201268553734 -0.003689327510073781 -0.019402354955673218
v 0.028228180482983589 -0.0035891623701900244 -0.019421098753809929
v 0.027244497090578079 -0.0036694775335490704 -0.019406110048294067
v 0.02128969132900238 -0.001868771854788065 -0.019658824428915977
v 0.020500000566244125 -0.0020961384288966656 -0.01963844895362854
v 0.020500000566244125 -0.0010495523456484079 -0.019722092896699905
v 0.02822817862033844 -0.0025603207759559155 -0.019583309069275856
v 0.021289687603712082 0.00021835049847140908 -0.019746219739317894
v 0.021289689466357231 -0.00082636676961556077 -0.019730137661099434
v 0.020500000566244125 9.6070018260063783e-12 -0.019749999046325684
v 0.022156056016683578 -0.0017142272554337978 -0.01967543363571167
v 0.02215605229139328 0.00036693454603664577 -0.019746562466025352
v 0.024139201268553734 -0.0016297294059768319 -0.019682643935084343
v 0.025178972631692886 -0.0016297294059768319 -0.019682643935084343
v 0.027244497090578079 -0.0016088363481685519 -0.019684351980686188
v 0.027244497090578079 -0.00057039014063775539 -0.01974174939095974
v 0.028228174895048141 -0.00048415621859021485 -0.019744034856557846
v 0.029141934588551521 -0.00028764526359736919 -0.019747167825698853
v 0.026218743994832039 -0.00059172447072342038 -0.019741132855415344
v 0.021289685741066933 0.0012624558294191957 -0.019707025960087776
v 0.020500000566244125 0.0010495523456484079 -0.019722092896699905
v 0.020500000566244125 0.0020961384288966656 -0.01963844895362854
v 0.028228173032402992 0.00055739254457876086 -0.019742105156183243
v 0.025178972631692886 0.00044792017433792353 -0.019744919613003731
v 0.027244497090578079 0.00046963768545538187 -0.019744403660297394
v 0.021289682015776634 0.0033371502067893744 -0.019463401287794113
v 0.021289683878421783 0.0023030266165733337 -0.019612666219472885
v 0.020500000566244125 0.0031368008349090815 -0.019499307498335838
v 0.022156050428748131 0.0014074333012104034 -0.019699761644005775
v 0.024139201268553734 0.0035479085054248571 -0.019428711384534836
v 0.024139201268553734 0.0025206084828823805 -0.019588492810726166
v 0.022156048566102982 0.0024440176784992218 -0.019598169252276421
v 0.025200273841619492 0.0045518488623201847 -0.019218301400542259
v 0.024159917607903481 0.0045518488623201847 -0.019218301400542259
v 0.025178972631692886 0.0025206084828823805 -0.019588492810726166
v 0.020500000566244125 0.0041685984469950199 -0.01930505782365799
v 0.020500000566244125 0.0051886155270040035 -0.019056253135204315
v 0.023195318877696991 0.0054903840646147728 -0.018971499055624008
v 0.026240630075335503 0.0045518488623201847 -0.019218301400542259
v 0.025265052914619446 0.0055001773871481419 -0.018968652933835983
v 0.028228169307112694 0.003661181079223752 -0.019407661631703377
v 0.027266964316368103 0.0045744604431092739 -0.019212916493415833
v 0.021312015131115913 0.0053556710481643677 -0.019007215276360512
v 0.024222943931818008 0.0055001773871481419 -0.018968652933835983
v 0.026458609849214554 0.0063453996554017067 -0.018701666966080666
v 0.025619572028517723 0.0070900637656450272 -0.018467027693986893
v 0.026671400293707848 0.0070921052247285843 -0.018465561792254448
v 0.027731461450457573 0.0071213971823453903 -0.018444955348968506
v 0.026307163760066032 0.0055001773871481419 -0.018968652933835983
v 0.028501924127340317 0.0064499517902731895 -0.018666680902242661
v 0.020500000566244125 0.0061939689330756664 -0.018753593787550926
v 0.024368543177843094 0.0063452534377574921 -0.018701277673244476
v 0.025413576513528824 0.0063453996554017067 -0.018701666966080666
v 0.028913915157318115 0.0072293588891625404 -0.018359977751970291
v 0.024572201073169708 0.0070900637656450272 -0.018467027693986893
v 0.028492320328950882 0.0075001618824899197 -0.016476674005389214
v 0.027954919263720512 0.0075042927637696266 -0.015759402886033058
v 0.028917310759425163 0.0075027178972959518 -0.015774989500641823
v 0.028840722516179085 0.0075543788261711597 -0.017730588093400002
v 0.029134640470147133 0.0074986661784350872 -0.017113728448748589
v 0.027181291952729225 0.0074995830655097961 -0.017210705205798149
v 0.027513762935996056 0.0075001097284257412 -0.016500549390912056
v 0.02817804180085659 0.007498342078179121 -0.01717064343392849
v 0.026483418419957161 0.0075000603683292866 -0.016510449349880219
v 0.025895830243825912 0.0075047505088150501 -0.015754805877804756
v 0.026940276846289635 0.0075047505088150501 -0.015754805877804756
v 0.025095010176301003 0.0075000016950070858 -0.017220621928572655
v 0.024048224091529846 0.0074997767806053162 -0.017220661044120789
v 0.024392183870077133 0.0075000766664743423 -0.01651044562458992
v 0.023004459217190742 0.0075000002980232239 -0.017231224104762077
v 0.022718606516718864 0.0074988557025790215 -0.017937861382961273
v 0.021988263353705406 0.0075002480298280716 -0.017270809039473534
v 0.021553739905357361 0.0074654999189078808 -0.018038246780633926
v 0.021165242418646812 0.0074992142617702484 -0.017336081713438034
v 0.021346341818571091 0.0075001278892159462 -0.016601512208580971
v 0.020500000566244125 0.0074999998323619366 -0.015811387449502945
v 0.021736098453402519 0.0075037418864667416 -0.015762543305754662
v 0.020500000566244125 0.0074999998323619366 -0.017932163551449776
v 0.022328551858663559 0.0075000016950070858 -0.016530295833945274
v 0.023348972201347351 0.0074999993667006493 -0.016512759029865265
v 0.02380693331360817 0.0075047514401376247 -0.015754805877804756
v 0.024851381778717041 0.0075047505088150501 -0.015754805877804756
v 0.025437800213694572 0.0075000603683292866 -0.016510449349880219
v 0.026141796261072159 0.0075000016950070858 -0.017220623791217804
v 0.027966298162937164 0.0075225019827485085 -0.017856912687420845
v 0.026927800849080086 0.0075099598616361618 -0.017902331426739693
v 0.029303984716534615 0.0075001060031354427 -0.016420667991042137
v 0.020500000566244125 0.0074999998323619366 -0.016871776431798935
v 0.023775840178132057 0.007507044356316328 -0.017911123111844063
v 0.024828070774674416 0.0075077889487147331 -0.017908908426761627
v 0.025876026600599289 0.0075077884830534458 -0.017908910289406776
v 0.022772330790758133 0.0075045125558972359 -0.015756720677018166
v 0.026501480489969254 -0.0075125428847968578 -0.017891669645905495
v 0.025448907166719437 -0.0075133088976144791 -0.017889466136693954
v 0.027578104287385941 -0.0075066252611577511 -0.017908621579408646
v 0.028817584738135338 -0.0074816681444644928 -0.017997562885284424
v 0.024400951340794563 -0.0075133088976144791 -0.017889466136693954
v 0.02335299551486969 -0.0075133088976144791 -0.017889466136693954
v 0.022325759753584862 -0.0075120148248970509 -0.01789378933608532
v 0.021342592313885689 -0.0075082946568727493 -0.017905911430716515
v 0.020500000566244125 -0.0074999998323619366 -0.017932163551449776
v 0.020500000566244125 -0.011781238950788975 0.0026050896849483252
v 0.020500000566244125 -0.011781238950788975 0.001565318088978529
v 0.020500000566244125 -0.012821010313928127 0.0026050896849483252
v 0.020500000566244125 -0.0086619239300489426 -0.0025937682949006557
v 0.020500000566244125 -0.0086619239300489426 -0.0036335398908704519
v 0.020500000566244125 -0.0097016952931880951 -0.0025937682949006557
v 0.020500000566244125 -0.013860782608389854 -0.0015539966989308596
v 0.020500000566244125 -0.013867420144379139 -0.0025938902981579304
v 0.020500000566244125 -0.01489229965955019 -0.0015697864582762122
v 0.020500000566244125 -0.0097016952931880951 0.0026050896849483252
v 0.020500000566244125 -0.0086619239300489426 0.001565318088978529
v 0.020500000566244125 -0.0097016952931880951 0.001565318088978529
v 0.020500000566244125 0.0058437543921172619 -0.011892677284777164
v 0.020500000566244125 0.0048493305221199989 -0.010906164534389973
v 0.020500000566244125 0.0058759301900863647 -0.010900106281042099
v 0.020500000566244125 0.010661282576620579 -0.012809701263904572
v 0.020500000566244125 0.010919949971139431 -0.011860193684697151
v 0.020500000566244125 0.0097195869311690331 -0.012802291661500931
v 0.020500000566244125 0.0088918395340442657 -0.011895358562469482
v 0.020500000566244125 0.0099056148901581764 -0.011879736557602882
v 0.020500000566244125 0.0017357920296490192 -0.010911941528320312
v 0.020500000566244125 0.0017357920296490192 -0.0098721692338585854
v 0.020500000566244125 0.0027755636256188154 -0.010911941528320312
v 0.020500000566244125 -0.00034375122049823403 -0.0098721692338585854
v 0.020500000566244125 -0.00034375122049823403 -0.0088323978707194328
v 0.020500000566244125 0.00069602037547156215 -0.0098721692338585854
v 0.020500000566244125 -0.0024232943542301655 -0.0046733114868402481
v 0.020500000566244125 -0.0013835227582603693 -0.0057130833156406879
v 0.020500000566244125 -0.0024232943542301655 -0.0057130833156406879
v 0.020500000566244125 -0.0045028375461697578 -0.0088323978707194328
v 0.020500000566244125 -0.0034630659501999617 -0.0088323978707194328
v 0.020500000566244125 -0.0034630659501999617 -0.0098721692338585854
v 0.020500000566244125 -0.0045028375461697578 -0.0036335398908704519
v 0.020500000566244125 -0.0045028375461697578 -0.0046733114868402481
v 0.020500000566244125 -0.0055426093749701977 -0.0036335398908704519
v 0.020500000566244125 -0.0055426093749701977 -0.0077926265075802803
v 0.020500000566244125 -0.0045028375461697578 -0.0077926265075802803
v 0.020500000566244125 -0.00034375122049823403 -0.0046733114868402481
v 0.020500000566244125 0.00069602037547156215 -0.0046733114868402481
v 0.020500000566244125 0.00069602037547156215 -0.0057130833156406879
v 0.020500000566244125 -0.0034630659501999617 -0.0015539966989308596
v 0.020500000566244125 -0.0034630659501999617 -0.0025937682949006557
v 0.020500000566244125 -0.0045028375461697578 -0.0015539966989308596
v 0.020500000566244125 -0.0065823807381093502 -0.0025937682949006557
v 0.020500000566244125 -0.0065823807381093502 -0.0036335398908704519
v 0.020500000566244125 -0.00762215256690979 -0.0025937682949006557
v 0.020500000566244125 -0.010741467587649822 -0.0067528546787798405
v 0.020500000566244125 -0.0097016952931880951 -0.0077926265075802803
v 0.020500000566244125 -0.010741467587649822 -0.0077926265075802803
v 0.020500000566244125 -0.00762215256690979 -0.0057130833156406879
v 0.020500000566244125 -0.0065823807381093502 -0.0067528546787798405
v 0.020500000566244125 -0.00762215256690979 -0.0067528546787798405
v 0.020500000566244125 -0.0024232943542301655 -0.0015539966989308596
v 0.020500000566244125 -0.0013835227582603693 -0.0015539966989308596
v 0.020500000566244125 -0.0013835227582603693 -0.0025937682949006557
v 0.020500000566244125 -0.0055426093749701977 -0.0046733114868402481
v 0.020500000566244125 -0.00762215256690979 -0.00051422504475340247
v 0.020500000566244125 -0.00762215256690979 -0.0015539966989308596
v 0.020500000566244125 -0.0086619239300489426 -0.00051422504475340247
v 0.020500000566244125 -0.0086619239300489426 -0.0015539966989308596
v 0.020500000566244125 -0.0097016952931880951 -0.00051422504475340247
v 0.020500000566244125 -0.00034375122049823403 0.0036448612809181213
v 0.020500000566244125 0.00069602037547156215 0.0036448612809181213
v 0.020500000566244125 0.00069602037547156215 0.0026050896849483252
v 0.020500000566244125 -0.011781238950788975 -0.0015539966989308596
v 0.020500000566244125 -0.011781238950788975 -0.0025937682949006557
v 0.020500000566244125 -0.012821010313928127 -0.0015539966989308596
v 0.020500000566244125 -0.00034375122049823403 0.0046846331097185612
v 0.020500000566244125 0.00069602037547156215 0.0046846331097185612
v 0.020500000566244125 -0.010741467587649822 -0.0046733114868402481
v 0.020500000566244125 -0.0097016952931880951 -0.0057130833156406879
v 0.020500000566244125 -0.010741467587649822 -0.0057130833156406879
v 0.020500000566244125 -0.012821010313928127 -0.0025937682949006557
v 0.020500000566244125 -0.0097016952931880951 0.00052554655121639371
v 0.020500000566244125 -0.010741467587649822 0.00052554655121639371
v 0.020500000566244125 -0.0045028375461697578 0.0026050896849483252
v 0.020500000566244125 -0.0034630659501999617 0.0026050896849483252
v 0.020500000566244125 -0.0034630659501999617 0.001565318088978529
v 0.020500000566244125 -0.010741467587649822 -0.0036335398908704519
v 0.020500000566244125 -0.0097016952931880951 -0.0046733114868402481
v 0.020500000566244125 -0.012821010313928127 -0.0046733114868402481
v 0.020500000566244125 -0.011781238950788975 -0.0057130833156406879
v 0.020500000566244125 -0.012821010313928127 -0.0057130833156406879
v 0.020500000566244125 -0.011781238950788975 0.00052554655121639371
v 0.020500000566244125 -0.011781238950788975 -0.00051422504475340247
v 0.020500000566244125 -0.012821010313928127 0.00052554655121639371
v 0.020500000566244125 -0.0034630659501999617 0.0098834913223981857
v 0.020500000566244125 -0.0034630659501999617 0.010923262685537338
v 0.020500000566244125 -0.0024232943542301655 0.0098834913223981857
v 0.020500000566244125 -0.0086619239300489426 0.0046846331097185612
v 0.020500000566244125 -0.0086619239300489426 0.0036448612809181213
v 0.020500000566244125 -0.0097016952931880951 0.0046846331097185612
v 0.020500000566244125 -0.0097016952931880951 -0.0015539966989308596
v 0.020500000566244125 -0.0097016952931880951 0.0057244044728577137
v 0.020500000566244125 -0.012821010313928127 -0.0036335398908704519
v 0.020500000566244125 -0.011781238950788975 -0.0046733114868402481
v 0.020500000566244125 -0.015892913565039635 -0.001613162225112319
v 0.020500000566244125 -0.015827937051653862 -0.00061243755044415593
v 0.020500000566244125 -0.0086619239300489426 0.00052554655121639371
v 0.020500000566244125 -0.0086619239300489426 0.0057244044728577137
v 0.020500000566244125 -0.00762215256690979 0.0057244044728577137
v 0.020500000566244125 -0.00762215256690979 0.0046846331097185612
v 0.020500000566244125 -0.010741467587649822 -0.0015539966989308596
v 0.020500000566244125 -0.01385592482984066 0.00050538958748802543
v 0.020500000566244125 -0.013855005614459515 -0.00052000157302245498
v 0.020500000566244125 -0.014841419644653797 0.00044399872422218323
v 0.020500000566244125 -0.010741467587649822 -0.00051422504475340247
v 0.020500000566244125 -0.011775098741054535 0.0077781802974641323
v 0.020500000566244125 -0.010741467587649822 0.0067641763016581535
v 0.020500000566244125 -0.011773012578487396 0.0067481868900358677
v 0.020500000566244125 -0.014908230863511562 -0.0047604120336472988
v 0.020500000566244125 -0.013856875710189342 -0.0057354769669473171
v 0.020500000566244125 -0.014867342077195644 -0.0058184117078781128
v 0.020500000566244125 -0.01386970654129982 0.0015369403408840299
v 0.020500000566244125 -0.014891274273395538 0.0014287920203059912
v 0.020500000566244125 -0.012821010313928127 -0.00051422504475340247
v 0.020500000566244125 -0.01378741767257452 0.0055994275026023388
v 0.020500000566244125 -0.012809837237000465 0.0046647209674119949
v 0.020500000566244125 -0.013799071311950684 0.0046142903156578541
v 0.020500000566244125 -0.013769396580755711 0.0066144340671598911
v 0.020500000566244125 -0.012772496789693832 0.0066950242035090923
v 0.020500000566244125 -0.012799894437193871 0.0056881653144955635
v 0.020500000566244125 -0.016727069392800331 -0.0016197087243199348
v 0.020500000566244125 -0.016703633591532707 -0.00076161796459928155
v 0.020500000566244125 -0.01386916171759367 0.0025800196453928947
v 0.020500000566244125 -0.012821010313928127 0.001565318088978529
v 0.020500000566244125 -0.014779806137084961 0.0063418466597795486
v 0.020500000566244125 -0.01468852162361145 0.0075900005176663399
v 0.020500000566244125 -0.013884038664400578 0.0085535254329442978
v 0.020500000566244125 -0.013601735234260559 0.0074737658724188805
v 0.020500000566244125 -0.015617508441209793 0.0055915238335728645
v 0.020500000566244125 -0.014793823473155499 0.0045664114877581596
v 0.020500000566244125 -0.015859499573707581 0.0043938248418271542
v 0.020500000566244125 -0.016110725700855255 0.0021440740674734116
v 0.020500000566244125 -0.016663622111082077 0.00022946378157939762
v 0.020500000566244125 -0.01653105765581131 0.0012067289790138602
v 0.020500000566244125 -0.015774700790643692 0.00036728524719364941
v 0.020500000566244125 -0.016018599271774292 -0.003862244775518775
v 0.020500000566244125 -0.01177546288818121 0.0057186279445886612
v 0.020500000566244125 -0.016165988519787788 -0.0026425016112625599
v 0.020500000566244125 -0.015888726338744164 -0.0049285911954939365
v 0.020500000566244125 -0.015795422717928886 -0.0059804343618452549
v 0.020500000566244125 -0.014891142956912518 -0.0079564675688743591
v 0.020500000566244125 -0.014885777607560158 -0.0068931151181459427
v 0.020500000566244125 -0.013829229399561882 -0.0098713105544447899
v 0.020500000566244125 -0.01399555616080761 -0.0090391431003808975
v 0.020500000566244125 -0.01298943068832159 -0.010058268904685974
v 0.020500000566244125 -0.01272865291684866 -0.011196722276508808
v 0.020500000566244125 -0.011855699121952057 -0.010990847833454609
v 0.020500000566244125 -0.01196433138102293 -0.011869092471897602
v 0.020500000566244125 -0.011000129394233227 -0.012080768123269081
v 0.020500000566244125 -0.010856935754418373 -0.013035871088504791
v 0.020500000566244125 -0.010093118064105511 -0.012869881466031075
v 0.020500000566244125 -0.010512998327612877 -0.013694708235561848
v 0.020500000566244125 -0.0065823807381093502 0.0046846331097185612
v 0.020500000566244125 -0.0097016952931880951 -0.0088323978707194328
v 0.020500000566244125 -0.0048484420403838158 -0.018187219277024269
v 0.020500000566244125 -0.0037887266371399164 -0.018289715051651001
v 0.020500000566244125 -0.009863685816526413 -0.011941671371459961
v 0.020500000566244125 -0.0090485652908682823 -0.012908415868878365
v 0.020500000566244125 -0.01277979277074337 0.0077009936794638634
v 0.020500000566244125 0.00032718785223551095 -0.018914593383669853
v 0.020500000566244125 -0.005835043266415596 -0.018119649961590767
v 0.020500000566244125 -0.0066502117551863194 -0.018120380118489265
v 0.020500000566244125 -0.0065961382351815701 -0.017447076737880707
v 0.020500000566244125 -0.0074999998323619366 -0.016871776431798935
v 0.020500000566244125 -0.0074999998323619366 -0.015811387449502945
v 0.020500000566244125 -0.00655348040163517 -0.016480417922139168
v 0.020500000566244125 -0.0056397775188088417 -0.017246618866920471
v 0.020500000566244125 -0.0025551191065460443 -0.018426584079861641
v 0.020500000566244125 -0.0035416351165622473 -0.017211075872182846
v 0.020500000566244125 -0.0024581567849963903 -0.01719093881547451
v 0.020500000566244125 -0.0066505079157650471 -0.013044756837189198
v 0.020500000566244125 -0.0055855722166597843 -0.014072669669985771
v 0.020500000566244125 -0.0068009030073881149 -0.014212526381015778
v 0.020500000566244125 -0.0066099413670599461 -0.015422321856021881
v 0.020500000566244125 -0.0055665732361376286 -0.01623917929828167
v 0.020500000566244125 -0.0046190209686756134 -0.017195170745253563
v 0.020500000566244125 -0.0045275515876710415 -0.016143973916769028
v 0.020500000566244125 -0.001484269741922617 -0.018145697191357613
v 0.020500000566244125 -0.0014080718392506242 -0.017142821103334427
v 0.020500000566244125 -0.00047102721873670816 -0.018078645691275597
v 0.020500000566244125 -0.00038091538590379059 -0.017113916575908661
v 0.020500000566244125 0.0015876409597694874 -0.017142890021204948
v 0.020500000566244125 0.00067495257826521993 -0.016106061637401581
v 0.020500000566244125 0.0017046662978827953 -0.016120245680212975
v 0.020500000566244125 0.0036871179472655058 -0.017155740410089493
v 0.020500000566244125 0.0027469615451991558 -0.016120342537760735
v 0.020500000566244125 0.0037839317228645086 -0.016094040125608444
v 0.020500000566244125 0.0057505653239786625 -0.016049871221184731
v 0.020500000566244125 0.0047814538702368736 -0.016054712235927582
v 0.020500000566244125 0.0048246383666992188 -0.015054178424179554
v 0.020500000566244125 0.0066825458779931068 -0.01598319411277771
v 0.020500000566244125 0.0058247074484825134 -0.015016290359199047
v 0.020500000566244125 0.0057409298606216908 -0.017933234572410583
v 0.020500000566244125 0.0055589433759450912 -0.016874061897397041
v 0.020500000566244125 0.0065851649269461632 -0.017167882993817329
v 0.020500000566244125 -0.015655148774385452 0.0011748555116355419
v 0.020500000566244125 -0.014938595704734325 -0.0026092249900102615
v 0.020500000566244125 -0.014897163957357407 0.0035332390107214451
v 0.020500000566244125 -0.016012057662010193 0.0033205288928002119
v 0.020500000566244125 -0.014955402351915836 -0.0036813097540289164
v 0.020500000566244125 -0.014863818883895874 -0.00054620421724393964
v 0.020500000566244125 -0.014942965470254421 0.0024673903826624155
v 0.020500000566244125 -0.014587778598070145 0.0053884130902588367
v 0.020500000566244125 -0.013883796520531178 -0.0078717367723584175
v 0.020500000566244125 -0.0065823807381093502 -0.0046733114868402481
v 0.020500000566244125 -0.013856374658644199 -0.0067909914068877697
v 0.020500000566244125 -0.0097016952931880951 0.0067641763016581535
v 0.020500000566244125 -0.01386879850178957 -0.0046874880790710449
v 0.020500000566244125 -0.013875274918973446 -0.0036385664716362953
v 0.020500000566244125 -0.013841669075191021 0.0036165283527225256
v 0.020500000566244125 -0.01286960206925869 -0.0088992351666092873
v 0.020500000566244125 -0.012831263244152069 -0.0078102420084178448
v 0.020500000566244125 -0.012821299023926258 -0.0067543829791247845
v 0.020500000566244125 -0.0055426093749701977 0.0026050896849483252
v 0.020500000566244125 -0.0045028375461697578 0.001565318088978529
v 0.020500000566244125 -0.0086619239300489426 0.0078039476647973061
v 0.020500000566244125 -0.00762215256690979 0.0078039476647973061
v 0.020500000566244125 -0.00762215256690979 0.0067641763016581535
v 0.020500000566244125 -0.011751276440918446 0.0088085439056158066
v 0.020500000566244125 -0.010741734877228737 0.0078024864196777344
v 0.020500000566244125 -0.013573860749602318 0.0095044812187552452
v 0.020500000566244125 -0.012769246473908424 0.0087199173867702484
v 0.020500000566244125 -0.012815234251320362 0.0036390847526490688
v 0.020500000566244125 -0.012723945081233978 0.0097487736493349075
v 0.020500000566244125 -0.011823505163192749 -0.0099194077774882317
v 0.020500000566244125 -0.011781238950788975 -0.0067528546787798405
v 0.020500000566244125 -0.011792832985520363 -0.0088427774608135223
v 0.020500000566244125 -0.011781238950788975 -0.0077926265075802803
v 0.020500000566244125 -0.0034630659501999617 -0.0036335398908704519
v 0.020500000566244125 -0.0034630659501999617 -0.0046733114868402481
v 0.020500000566244125 -0.0045028375461697578 0.0067641763016581535
v 0.020500000566244125 -0.0034630659501999617 0.0057244044728577137
v 0.020500000566244125 -0.0045028375461697578 0.0057244044728577137
v 0.020500000566244125 -0.0086619239300489426 0.0026050896849483252
v 0.020500000566244125 -0.0097016952931880951 0.0036448612809181213
v 0.020500000566244125 -0.011781238950788975 -0.0036335398908704519
v 0.020500000566244125 -0.010678062215447426 0.011859800666570663
v 0.020500000566244125 -0.011639097705483437 0.011559076607227325
v 0.020500000566244125 -0.012482389807701111 0.010873213410377502
v 0.020500000566244125 -0.011461355723440647 0.01060668658465147
v 0.020500000566244125 -0.011668682098388672 0.0098125440999865532
v 0.020500000566244125 -0.011781238950788975 0.0036448612809181213
v 0.020500000566244125 -0.011781238950788975 0.0046846331097185612
v 0.020500000566244125 -0.010808129794895649 -0.010940090753138065
v 0.020500000566244125 -0.010749843902885914 -0.0098791532218456268
v 0.020500000566244125 -0.010741467587649822 -0.0088323978707194328
v 0.020500000566244125 -0.0097016952931880951 -0.0067528546787798405
v 0.020500000566244125 -0.0086619239300489426 -0.0077926265075802803
v 0.020500000566244125 -0.0086619239300489426 -0.0057130833156406879
v 0.020500000566244125 -0.010741467587649822 -0.0025937682949006557
v 0.020500000566244125 -0.0097016952931880951 0.0078039476647973061
v 0.020500000566244125 -0.0086619239300489426 0.0067641763016581535
v 0.020500000566244125 -0.010741467587649822 0.0046846331097185612
v 0.020500000566244125 -0.010741467587649822 0.0057244044728577137
v 0.020500000566244125 -0.0082835685461759567 0.014066271483898163
v 0.020500000566244125 -0.0084881382063031197 0.012969785369932652
v 0.020500000566244125 -0.0091921621933579445 0.013809993863105774
v 0.020500000566244125 -0.010741467587649822 0.001565318088978529
v 0.020500000566244125 -0.0094717983156442642 0.01298537477850914
v 0.020500000566244125 -0.0096259182319045067 0.011935796588659286
v 0.020500000566244125 -0.010490230284631252 0.012919502332806587
v 0.020500000566244125 -0.010741467587649822 0.0026050896849483252
v 0.020500000566244125 -0.010741467587649822 0.0036448612809181213
v 0.020500000566244125 -0.010666759684681892 0.010800612159073353
v 0.020500000566244125 -0.010723174549639225 0.0088308034464716911
v 0.020500000566244125 -0.01067749410867691 0.00981882493942976
v 0.020500000566244125 -0.0094511397182941437 -0.013581325300037861
v 0.020500000566244125 -0.0078417211771011353 -0.013147073797881603
v 0.020500000566244125 -0.0097357295453548431 -0.010915275663137436
v 0.020500000566244125 -0.0097016952931880951 -0.0098721692338585854
v 0.020500000566244125 -0.00762215256690979 -0.0036335398908704519
v 0.020500000566244125 -0.0045028375461697578 0.00052554655121639371
v 0.020500000566244125 -0.0034630659501999617 -0.00051422504475340247
v 0.020500000566244125 -0.0045028375461697578 -0.00051422504475340247
v 0.020500000566244125 -0.0065823807381093502 0.0026050896849483252
v 0.020500000566244125 -0.0065823807381093502 0.001565318088978529
v 0.020500000566244125 -0.00762215256690979 0.0026050896849483252
v 0.020500000566244125 -0.0097016952931880951 -0.0036335398908704519
v 0.020500000566244125 -0.0086619239300489426 0.0088437190279364586
v 0.020500000566244125 -0.00762215256690979 0.0088437190279364586
v 0.020500000566244125 -0.0086621064692735672 0.0098830349743366241
v 0.020500000566244125 -0.0086516356095671654 0.010922129265964031
v 0.020500000566244125 -0.00762215256690979 0.0098834913223981857
v 0.020500000566244125 -0.0096959192305803299 0.0088379429653286934
v 0.020500000566244125 -0.0096895061433315277 0.0098619498312473297
v 0.020500000566244125 -0.0096814492717385292 0.010892878286540508
v 0.020500000566244125 -0.0084566026926040649 -0.013970294967293739
v 0.020500000566244125 -0.0086619239300489426 -0.0098721692338585854
v 0.020500000566244125 -0.0087699778378009796 -0.011961226351559162
v 0.020500000566244125 -0.0086760632693767548 -0.010917344130575657
v 0.020500000566244125 -0.0086619239300489426 -0.0088323978707194328
v 0.020500000566244125 0.0079744216054677963 0.0036448612809181213
v 0.020500000566244125 0.0079744216054677963 0.0046846331097185612
v 0.020500000566244125 0.0090141929686069489 0.0036448612809181213
v 0.020500000566244125 -0.0065823807381093502 -0.0057130833156406879
v 0.020500000566244125 -0.0055426093749701977 -0.0057130833156406879
v 0.020500000566244125 -0.0055426093749701977 -0.0067528546787798405
v 0.020500000566244125 -0.0086619239300489426 -0.0067528546787798405
v 0.020500000566244125 -0.0086619239300489426 -0.0046733114868402481
v 0.020500000566244125 -0.0034630659501999617 0.00052554655121639371
v 0.020500000566244125 -0.0065823807381093502 -0.0015539966989308596
v 0.020500000566244125 -0.0055426093749701977 0.001565318088978529
v 0.020500000566244125 -0.0055426093749701977 0.0046846331097185612
v 0.020500000566244125 -0.0055426093749701977 0.0036448612809181213
v 0.020500000566244125 -0.0065644853748381138 0.011955409310758114
v 0.020500000566244125 -0.0055368328467011452 0.011957257986068726
v 0.020500000566244125 -0.0055426093749701977 0.010923262685537338
v 0.020500000566244125 -0.0065823807381093502 0.0078039476647973061
v 0.020500000566244125 -0.0055426093749701977 0.0078039476647973061
v 0.020500000566244125 -0.0055426093749701977 0.0067641763016581535
v 0.020500000566244125 -0.0086032403632998466 0.011956344358623028
v 0.020500000566244125 -0.0076938928104937077 -0.01401142030954361
v 0.020500000566244125 -0.0077534224838018417 -0.014773998409509659
v 0.020500000566244125 -0.0076707922853529453 -0.011981735937297344
v 0.020500000566244125 -0.0076254638843238354 -0.010915825143456459
v 0.020500000566244125 -0.00762215256690979 -0.0098721692338585854
v 0.020500000566244125 -0.00762215256690979 -0.0088323978707194328
v 0.020500000566244125 -0.00762215256690979 -0.0077926265075802803
v 0.020500000566244125 -0.0065823807381093502 -0.0077926265075802803
v 0.020500000566244125 -0.0055426093749701977 -0.0088323978707194328
v 0.020500000566244125 -0.0055426093749701977 -0.0015539966989308596
v 0.020500000566244125 -0.0055426093749701977 -0.0025937682949006557
v 0.020500000566244125 -0.0055426093749701977 0.00052554655121639371
v 0.020500000566244125 -0.00762215256690979 -0.0046733114868402481
v 0.020500000566244125 -0.0024232943542301655 0.001565318088978529
v 0.020500000566244125 -0.0024232943542301655 0.00052554655121639371
v 0.020500000566244125 -0.0065823807381093502 0.0067641763016581535
v 0.020500000566244125 -0.0065823807381093502 0.0036448612809181213
v 0.020500000566244125 -0.00762215256690979 0.00052554655121639371
v 0.020500000566244125 -0.0065823807381093502 0.0057244044728577137
v 0.020500000566244125 -0.0055426093749701977 0.0057244044728577137
v 0.020500000566244125 -0.00762215256690979 0.001565318088978529
v 0.020500000566244125 -0.0065823807381093502 0.0088437190279364586
v 0.020500000566244125 -0.0055426093749701977 0.0088437190279364586
v 0.020500000566244125 -0.00762215256690979 0.0036448612809181213
v 0.020500000566244125 -0.0065823807381093502 0.0098834913223981857
v 0.020500000566244125 -0.0065823807381093502 0.010923262685537338
v 0.020500000566244125 -0.0055426093749701977 0.0098834913223981857
v 0.020500000566244125 -0.0075880833901464939 0.011960254050791264
v 0.020500000566244125 -0.0076196920126676559 0.010924050584435463
v 0.020500000566244125 -0.0074996310286223888 0.012957831844687462
v 0.020500000566244125 -0.007284974679350853 0.013745155185461044
v 0.020500000566244125 -0.0074311955831944942 0.014666629955172539
v 0.020500000566244125 -0.0065823807381093502 -0.0098721692338585854
v 0.020500000566244125 -0.0065936506725847721 -0.011962428689002991
v 0.020500000566244125 -0.0065823807381093502 -0.010911941528320312
v 0.020500000566244125 -0.0065823807381093502 -0.0088323978707194328
v 0.020500000566244125 -0.00034375122049823403 -0.0036335398908704519
v 0.020500000566244125 -0.0013835227582603693 -0.0036335398908704519
v 0.020500000566244125 -0.0013835227582603693 -0.00051422504475340247
v 0.020500000566244125 -0.0024232943542301655 -0.00051422504475340247
v 0.020500000566244125 -0.00034375122049823403 -0.0015539966989308596
v 0.020500000566244125 -0.00034375122049823403 -0.0025937682949006557
v 0.020500000566244125 -0.0065823807381093502 -0.00051422504475340247
v 0.020500000566244125 -0.0065823807381093502 0.00052554655121639371
v 0.020500000566244125 -0.0064648613333702087 0.013928857631981373
v 0.020500000566244125 -0.0063373851589858532 0.015032442286610603
v 0.020500000566244125 -0.0065147192217409611 0.012946370057761669
v 0.020500000566244125 -0.0055802520364522934 -0.015163655392825603
v 0.020500000566244125 -0.0034727018792182207 -0.01612602174282074
v 0.020500000566244125 -0.0055426093749701977 -0.0098721692338585854
v 0.020500000566244125 -0.0055552143603563309 -0.01300126314163208
v 0.020500000566244125 -0.0055426093749701977 -0.011951712891459465
v 0.020500000566244125 -0.0055426093749701977 -0.010911941528320312
v 0.020500000566244125 -0.0034630659501999617 -0.0057130833156406879
v 0.020500000566244125 -0.0045028375461697578 -0.0057130833156406879
v 0.020500000566244125 -0.0034630659501999617 -0.0067528546787798405
v 0.020500000566244125 -0.0024232943542301655 -0.0067528546787798405
v 0.020500000566244125 -0.0024232943542301655 -0.0077926265075802803
v 0.020500000566244125 -0.00034375122049823403 0.0078039476647973061
v 0.020500000566244125 0.00069602037547156215 0.0067641763016581535
v 0.020500000566244125 -0.00034375122049823403 0.0067641763016581535
v 0.020500000566244125 -0.0045028375461697578 0.0078039476647973061
v 0.020500000566244125 -0.0034630659501999617 0.0067641763016581535
v 0.020500000566244125 -0.0055426093749701977 -0.00051422504475340247
v 0.020500000566244125 -0.0045028375461697578 0.0036448612809181213
v 0.020500000566244125 -0.0034630659501999617 0.0036448612809181213
v 0.020500000566244125 -0.0045028375461697578 0.0046846331097185612
v 0.020500000566244125 -0.0034630659501999617 0.0046846331097185612
v 0.020500000566244125 -0.0055149463005363941 0.012981845997273922
v 0.020500000566244125 -0.005452791228890419 0.013974527828395367
v 0.020500000566244125 -0.0052526802755892277 0.014750133268535137
v 0.020500000566244125 -0.0054493080824613571 0.015620042569935322
v 0.020500000566244125 -0.00034375122049823403 -0.015071027912199497
v 0.020500000566244125 0.00069602037547156215 -0.015071027912199497
v 0.020500000566244125 -0.0045121735893189907 -0.015083788894116879
v 0.020500000566244125 -0.0045074843801558018 -0.014034203253686428
v 0.020500000566244125 -0.0024232943542301655 -0.0098721692338585854
v 0.020500000566244125 -0.0024232943542301655 -0.010911941528320312
v 0.020500000566244125 -0.0045028375461697578 -0.012991484254598618
v 0.020500000566244125 -0.0045028375461697578 -0.011951712891459465
v 0.020500000566244125 -0.0045028375461697578 -0.010911941528320312
v 0.020500000566244125 -0.0045028375461697578 -0.0098721692338585854
v 0.020500000566244125 -0.0013835227582603693 -0.0067528546787798405
v 0.020500000566244125 -0.0013835227582603693 -0.0077926265075802803
v 0.020500000566244125 -0.0045028375461697578 -0.0067528546787798405
v 0.020500000566244125 0.0017357920296490192 0.0067641763016581535
v 0.020500000566244125 0.0017357920296490192 0.0057244044728577137
v 0.020500000566244125 -0.0045028375461697578 -0.0025937682949006557
v 0.020500000566244125 -0.0024232943542301655 0.0078039476647973061
v 0.020500000566244125 -0.0013835227582603693 0.0078039476647973061
v 0.020500000566244125 -0.0013835227582603693 0.0067641763016581535
v 0.020500000566244125 -0.0034630659501999617 0.0078039476647973061
v 0.020500000566244125 -0.0024232943542301655 0.0067641763016581535
v 0.020500000566244125 -0.0034630659501999617 0.0088437190279364586
v 0.020500000566244125 -0.0024232943542301655 0.0088437190279364586
v 0.020500000566244125 -0.0034630659501999617 0.011963034048676491
v 0.020500000566244125 -0.0024232943542301655 0.010923262685537338
v 0.020500000566244125 -0.0034572894219309092 0.012997029349207878
v 0.020500000566244125 -0.0024232943542301655 0.011963034048676491
v 0.020500000566244125 -0.0033545787446200848 0.015066510997712612
v 0.020500000566244125 -0.004411360714584589 0.01495243888348341
v 0.020500000566244125 -0.0043230680748820305 0.016069250181317329
v 0.020500000566244125 -0.0045028375461697578 0.0088437190279364586
v 0.020500000566244125 -0.0045028375461697578 0.0098834913223981857
v 0.020500000566244125 -0.0044446154497563839 0.013977741822600365
v 0.020500000566244125 -0.0045028375461697578 0.010923262685537338
v 0.020500000566244125 -0.0045028375461697578 0.011963034048676491
v 0.020500000566244125 -0.0044868029654026031 0.012994452379643917
v 0.020500000566244125 -0.0015482943272218108 -0.018983237445354462
v 0.020500000566244125 -0.0034630659501999617 -0.015071027912199497
v 0.020500000566244125 -0.0034630659501999617 -0.010911941528320312
v 0.020500000566244125 -0.0034630659501999617 -0.014031256549060345
v 0.020500000566244125 -0.0034630659501999617 -0.012991484254598618
v 0.020500000566244125 -0.0034630659501999617 -0.011951712891459465
v 0.020500000566244125 -0.00034375122049823403 -0.0077926265075802803
v 0.020500000566244125 -0.0034630659501999617 -0.0077926265075802803
v 0.020500000566244125 -0.0024232943542301655 -0.0025937682949006557
v 0.020500000566244125 -0.0024232943542301655 -0.0036335398908704519
v 0.020500000566244125 -0.0013835227582603693 0.00052554655121639371
v 0.020500000566244125 -0.00034375122049823403 -0.00051422504475340247
v 0.020500000566244125 -0.0013835227582603693 0.0036448612809181213
v 0.020500000566244125 -0.00034375122049823403 0.0026050896849483252
v 0.020500000566244125 -0.0013835227582603693 0.0026050896849483252
v 0.020500000566244125 -0.0013835227582603693 0.0046846331097185612
v 0.020500000566244125 -0.00034375122049823403 0.0057244044728577137
v 0.020500000566244125 -0.0013835227582603693 0.0088437190279364586
v 0.020500000566244125 -0.0013835227582603693 0.0098834913223981857
v 0.020500000566244125 -0.00034375122049823403 0.0088437190279364586
v 0.020500000566244125 -0.003437951672822237 0.014020686969161034
v 0.020500000566244125 -0.00067386176669970155 -0.018955666571855545
v 0.020500000566244125 -0.00034952771966345608 -0.016105024144053459
v 0.020500000566244125 0.00060856685740873218 -0.017091806977987289
v 0.020500000566244125 -0.0024248275440186262 -0.016117613762617111
v 0.020500000566244125 -0.0024232943542301655 -0.015071027912199497
v 0.020500000566244125 -0.0024232943542301655 -0.014031256549060345
v 0.020500000566244125 -0.0024232943542301655 -0.012991484254598618
v 0.020500000566244125 -0.0024232943542301655 -0.011951712891459465
v 0.020500000566244125 -0.0013835227582603693 -0.0098721692338585854
v 0.020500000566244125 -0.0013835227582603693 -0.0088323978707194328
v 0.020500000566244125 -0.00034375122049823403 -0.0057130833156406879
v 0.020500000566244125 -0.0024232943542301655 -0.0088323978707194328
v 0.020500000566244125 -0.0013835227582603693 -0.0046733114868402481
v 0.020500000566244125 0.00069602037547156215 -0.0015539966989308596
v 0.020500000566244125 0.00069602037547156215 -0.0025937682949006557
v 0.020500000566244125 0.00069602037547156215 -0.0036335398908704519
v 0.020500000566244125 -0.00034375122049823403 0.001565318088978529
v 0.020500000566244125 -0.0013835227582603693 0.001565318088978529
v 0.020500000566244125 -0.0024232943542301655 0.0036448612809181213
v 0.020500000566244125 -0.0024232943542301655 0.0046846331097185612
v 0.020500000566244125 -0.0024232943542301655 0.0057244044728577137
v 0.020500000566244125 -0.0024232943542301655 0.0026050896849483252
v 0.020500000566244125 -0.0013835227582603693 0.0057244044728577137
v 0.020500000566244125 -0.0013835227582603693 0.011963034048676491
v 0.020500000566244125 -0.00034375122049823403 0.011963034048676491
v 0.020500000566244125 -0.00034375122049823403 0.010923262685537338
v 0.020500000566244125 -0.0013835227582603693 0.010923262685537338
v 0.020500000566244125 -0.0024232943542301655 0.013002806343138218
v 0.020500000566244125 -0.0023959742393344641 0.014046034775674343
v 0.020500000566244125 -0.002271326957270503 0.015108337625861168
v 0.020500000566244125 -0.0030519447755068541 0.016151832416653633
v 0.020500000566244125 -0.0019757531117647886 0.016225460916757584
v 0.020500000566244125 -0.0013835227582603693 -0.016110800206661224
v 0.020500000566244125 -0.0013835227582603693 -0.015071027912199497
v 0.020500000566244125 -0.0013835227582603693 -0.010911941528320312
v 0.020500000566244125 -0.0013835227582603693 -0.011951712891459465
v 0.020500000566244125 -0.0013835227582603693 -0.014031256549060345
v 0.020500000566244125 -0.0013835227582603693 -0.012991484254598618
v 0.020500000566244125 0.0027755636256188154 -0.0046733114868402481
v 0.020500000566244125 0.0038153352215886116 -0.0057130833156406879
v 0.020500000566244125 0.0027755636256188154 -0.0057130833156406879
v 0.020500000566244125 0.00069602037547156215 -0.00051422504475340247
v 0.020500000566244125 0.0017357920296490192 -0.0015539966989308596
v 0.020500000566244125 0.0027755636256188154 0.0057244044728577137
v 0.020500000566244125 0.0038153352215886116 0.0057244044728577137
v 0.020500000566244125 0.0038153352215886116 0.0046846331097185612
v 0.020500000566244125 0.00069602037547156215 0.001565318088978529
v 0.020500000566244125 0.00069602037547156215 0.0088437190279364586
v 0.020500000566244125 0.00069602037547156215 0.0078039476647973061
v 0.020500000566244125 0.00069602037547156215 0.0057244044728577137
v 0.020500000566244125 -0.0013835227582603693 0.013002806343138218
v 0.020500000566244125 -0.00093399378238245845 0.016271229833364487
v 0.020500000566244125 -0.0012223287485539913 0.015127028338611126
v 0.020500000566244125 -0.0013511413708329201 0.014049693942070007
v 0.020500000566244125 -0.00034375122049823403 -0.010911941528320312
v 0.020500000566244125 -0.00034375122049823403 -0.011951712891459465
v 0.020500000566244125 -0.00034375122049823403 -0.014031256549060345
v 0.020500000566244125 -0.00034375122049823403 -0.012991484254598618
v 0.020500000566244125 0.0038153352215886116 -0.0098721692338585854
v 0.020500000566244125 0.0038153352215886116 -0.0088323978707194328
v 0.020500000566244125 0.0048551070503890514 -0.0098721692338585854
v 0.020500000566244125 0.0017357920296490192 -0.0088323978707194328
v 0.020500000566244125 0.0017357920296490192 -0.0077926265075802803
v 0.020500000566244125 0.0027755636256188154 -0.0088323978707194328
v 0.020500000566244125 0.0017357920296490192 -0.0046733114868402481
v 0.020500000566244125 0.0027755636256188154 -0.0025937682949006557
v 0.020500000566244125 0.0017357920296490192 -0.0025937682949006557
v 0.020500000566244125 -0.00034375122049823403 -0.0067528546787798405
v 0.020500000566244125 0.0017357920296490192 -0.0057130833156406879
v 0.020500000566244125 0.0017357920296490192 -0.0067528546787798405
v 0.020500000566244125 0.0027755636256188154 -0.0036335398908704519
v 0.020500000566244125 0.0069346502423286438 0.0046846331097185612
v 0.020500000566244125 0.0069346502423286438 0.0057244044728577137
v 0.020500000566244125 0.0017357920296490192 0.001565318088978529
v 0.020500000566244125 0.0027755636256188154 0.001565318088978529
v 0.020500000566244125 0.0027755636256188154 0.00052554655121639371
v 0.020500000566244125 0.0017357920296490192 0.00052554655121639371
v 0.020500000566244125 -0.00034375122049823403 0.00052554655121639371
v 0.020500000566244125 0.0017357920296490192 0.0026050896849483252
v 0.020500000566244125 -0.00034375122049823403 0.0098834913223981857
v 0.020500000566244125 0.0027755636256188154 0.013002806343138218
v 0.020500000566244125 0.0017676486168056726 0.014053106307983398
v 0.020500000566244125 0.0028071552515029907 0.014049693942070007
v 0.020500000566244125 -0.00034375122049823403 0.013002806343138218
v 0.020500000566244125 -0.00031163476523943245 0.014053106307983398
v 0.020500000566244125 0.00010406058572698385 0.016287177801132202
v 0.020500000566244125 -0.00018351056496612728 0.015138409100472927
v 0.020500000566244125 0.0045232595875859261 -0.018140563741326332
v 0.020500000566244125 0.00051285640802234411 -0.018025454133749008
v 0.020500000566244125 0.0026207477785646915 -0.017197158187627792
v 0.020500000566244125 0.00069602037547156215 -0.011951712891459465
v 0.020500000566244125 0.00069602037547156215 -0.012991484254598618
v 0.020500000566244125 0.00069602037547156215 -0.014031256549060345
v 0.020500000566244125 0.0048551070503890514 -0.0067528546787798405
v 0.020500000566244125 0.005894878413528204 -0.0067528546787798405
v 0.020500000566244125 0.005894878413528204 -0.0077926265075802803
v 0.020500000566244125 0.00069602037547156215 -0.010911941528320312
v 0.020500000566244125 0.00069602037547156215 -0.0067528546787798405
v 0.020500000566244125 0.00069602037547156215 -0.0088323978707194328
v 0.020500000566244125 0.00069602037547156215 -0.0077926265075802803
v 0.020500000566244125 0.0027755636256188154 -0.0067528546787798405
v 0.020500000566244125 0.0027755636256188154 -0.0077926265075802803
v 0.020500000566244125 0.0038153352215886116 -0.0025937682949006557
v 0.020500000566244125 0.0038153352215886116 -0.0036335398908704519
v 0.020500000566244125 0.0027755636256188154 -0.0015539966989308596
v 0.020500000566244125 0.0027755636256188154 -0.00051422504475340247
v 0.020500000566244125 0.0027755636256188154 0.0067641763016581535
v 0.020500000566244125 0.00069602037547156215 0.00052554655121639371
v 0.020500000566244125 0.0027755636256188154 0.0078039476647973061
v 0.020500000566244125 0.0027755636256188154 0.0088437190279364586
v 0.020500000566244125 0.0038153352215886116 0.0078039476647973061
v 0.020500000566244125 0.00069602037547156215 0.0098834913223981857
v 0.020500000566244125 0.00069602037547156215 0.010923262685537338
v 0.020500000566244125 0.0017357920296490192 0.010923262685537338
v 0.020500000566244125 0.0017357920296490192 0.011963034048676491
v 0.020500000566244125 0.0027755636256188154 0.010923262685537338
v 0.020500000566244125 0.0027755636256188154 0.011963034048676491
v 0.020500000566244125 0.0017357920296490192 0.013002806343138218
v 0.020500000566244125 0.0021782782860100269 0.016223445534706116
v 0.020500000566244125 0.0018944634357467294 0.015127028338611126
v 0.020500000566244125 0.0011421149829402566 0.016271229833364487
v 0.020500000566244125 0.00069602037547156215 0.013002806343138218
v 0.020500000566244125 0.00069602037547156215 0.011963034048676491
v 0.020500000566244125 0.00085564528126269579 0.015138409100472927
v 0.020500000566244125 0.00072800694033503532 0.014054245315492153
v 0.020500000566244125 0.0013119340874254704 -0.01878410205245018
v 0.020500000566244125 0.0034407069906592369 -0.018278701230883598
v 0.020500000566244125 0.001321355695836246 -0.017907055094838142
v 0.020500000566244125 0.0038095586933195591 -0.015065251849591732
v 0.020500000566244125 0.0027755636256188154 -0.014031256549060345
v 0.020500000566244125 0.0038153352215886116 -0.014031256549060345
v 0.020500000566244125 0.0017357920296490192 -0.015071027912199497
v 0.020500000566244125 0.0017357920296490192 -0.011951712891459465
v 0.020500000566244125 0.0017357920296490192 -0.012991484254598618
v 0.020500000566244125 0.0017357920296490192 -0.014031256549060345
v 0.020500000566244125 0.0069346502423286438 -0.0067528546787798405
v 0.020500000566244125 0.0069346502423286438 -0.0077926265075802803
v 0.020500000566244125 0.0038153352215886116 -0.0077926265075802803
v 0.020500000566244125 0.0038153352215886116 -0.0067528546787798405
v 0.020500000566244125 0.0048551070503890514 -0.0036335398908704519
v 0.020500000566244125 0.0038153352215886116 0.00052554655121639371
v 0.020500000566244125 0.0017357920296490192 -0.0036335398908704519
v 0.020500000566244125 0.0038153352215886116 -0.00051422504475340247
v 0.020500000566244125 0.0017357920296490192 -0.00051422504475340247
v 0.020500000566244125 0.0038153352215886116 0.010923262685537338
v 0.020500000566244125 0.0038153352215886116 0.011963034048676491
v 0.020500000566244125 0.0048551070503890514 0.010923262685537338
v 0.020500000566244125 0.0017357920296490192 0.0036448612809181213
v 0.020500000566244125 0.0038153352215886116 0.0067641763016581535
v 0.020500000566244125 0.0017357920296490192 0.0046846331097185612
v 0.020500000566244125 0.0027755636256188154 0.0098834913223981857
v 0.020500000566244125 0.0038153352215886116 0.0088437190279364586
v 0.020500000566244125 0.0038153352215886116 0.0098834913223981857
v 0.020500000566244125 0.0017357920296490192 0.0078039476647973061
v 0.020500000566244125 0.0038153352215886116 0.013002806343138218
v 0.020500000566244125 0.0017357920296490192 0.0088437190279364586
v 0.020500000566244125 0.0017357920296490192 0.0098834913223981857
v 0.020500000566244125 0.0022630626335740089 -0.018367964774370193
v 0.020500000566244125 0.0027755636256188154 -0.015071027912199497
v 0.020500000566244125 0.0027755636256188154 -0.012991484254598618
v 0.020500000566244125 0.0038153352215886116 -0.011951712891459465
v 0.020500000566244125 0.0038153352215886116 -0.010911941528320312
v 0.020500000566244125 0.00484871631488204 -0.01193461287766695
v 0.020500000566244125 0.0027755636256188154 -0.011951712891459465
v 0.020500000566244125 0.0027755636256188154 -0.0098721692338585854
v 0.020500000566244125 0.005894878413528204 -0.0036335398908704519
v 0.020500000566244125 0.005894878413528204 -0.0046733114868402481
v 0.020500000566244125 0.0048551070503890514 -0.0046733114868402481
v 0.020500000566244125 0.0048551070503890514 -0.0025937682949006557
v 0.020500000566244125 0.011093736626207829 0.0036448612809181213
v 0.020500000566244125 0.010053965263068676 0.0046846331097185612
v 0.020500000566244125 0.011093736626207829 0.0046846331097185612
v 0.020500000566244125 0.0027755636256188154 0.0026050896849483252
v 0.020500000566244125 0.0027755636256188154 0.0046846331097185612
v 0.020500000566244125 0.0048551070503890514 0.0057244044728577137
v 0.020500000566244125 0.0027755636256188154 0.0036448612809181213
v 0.020500000566244125 0.0048551070503890514 0.0067641763016581535
v 0.020500000566244125 0.0029322698246687651 0.015104307793080807
v 0.020500000566244125 0.0032063301187008619 0.016143187880516052
v 0.020500000566244125 0.0048494376242160797 -0.01401751022785902
v 0.020500000566244125 0.0058850301429629326 -0.013948863372206688
v 0.020500000566244125 0.0038153352215886116 -0.012991484254598618
v 0.020500000566244125 0.0048551070503890514 -0.0088323978707194328
v 0.020500000566244125 0.005894878413528204 -0.0098721692338585854
v 0.020500000566244125 0.0069346502423286438 -0.0036335398908704519
v 0.020500000566244125 0.0069346502423286438 -0.0046733114868402481
v 0.020500000566244125 0.005894878413528204 -0.0057130833156406879
v 0.020500000566244125 0.0069346502423286438 -0.0057130833156406879
v 0.020500000566244125 0.0079744216054677963 -0.0015539966989308596
v 0.020500000566244125 0.0079744216054677963 -0.00051422504475340247
v 0.020500000566244125 0.0090141929686069489 -0.0015539966989308596
v 0.020500000566244125 0.0038153352215886116 -0.0046733114868402481
v 0.020500000566244125 0.0038153352215886116 0.001565318088978529
v 0.020500000566244125 0.0038153352215886116 -0.0015539966989308596
v 0.020500000566244125 0.0048551070503890514 0.00052554655121639371
v 0.020500000566244125 0.0048551070503890514 0.001565318088978529
v 0.020500000566244125 0.005894878413528204 0.00052554655121639371
v 0.020500000566244125 0.0048551070503890514 0.0026050896849483252
v 0.020500000566244125 0.005894878413528204 0.001565318088978529
v 0.020500000566244125 0.0038153352215886116 0.0036448612809181213
v 0.020500000566244125 0.0048551070503890514 0.0046846331097185612
v 0.020500000566244125 0.005894878413528204 0.0046846331097185612
v 0.020500000566244125 0.0038153352215886116 0.0026050896849483252
v 0.020500000566244125 0.005894878413528204 0.0057244044728577137
v 0.020500000566244125 0.0048551070503890514 0.0098834913223981857
v 0.020500000566244125 0.005894878413528204 0.0098834913223981857
v 0.020500000566244125 0.0038463922683149576 0.014044019393622875
v 0.020500000566244125 0.0039613181725144386 0.01507501769810915
v 0.020500000566244125 0.0042054047808051109 0.016048179939389229
v 0.020500000566244125 0.0047269952483475208 -0.01706233061850071
v 0.020500000566244125 0.0048564360477030277 -0.012971852906048298
v 0.020500000566244125 0.0066631026566028595 -0.012688273563981056
v 0.020500000566244125 0.0068284105509519577 -0.011886253021657467
v 0.020500000566244125 0.005894878413528204 -0.0088323978707194328
v 0.020500000566244125 0.0069346502423286438 -0.0088323978707194328
v 0.020500000566244125 0.0069346502423286438 -0.0098721692338585854
v 0.020500000566244125 0.0079744216054677963 -0.0067528546787798405
v 0.020500000566244125 0.0079744216054677963 -0.0077926265075802803
v 0.020500000566244125 0.0048551070503890514 -0.0057130833156406879
v 0.020500000566244125 0.0048551070503890514 -0.0077926265075802803
v 0.020500000566244125 0.0048551070503890514 -0.00051422504475340247
v 0.020500000566244125 0.005894878413528204 -0.00051422504475340247
v 0.020500000566244125 0.0069346502423286438 -0.00051422504475340247
v 0.020500000566244125 0.0048551070503890514 -0.0015539966989308596
v 0.020500000566244125 0.0069346502423286438 0.00052554655121639371
v 0.020500000566244125 0.005894878413528204 0.0088437190279364586
v 0.020500000566244125 0.0069346502423286438 0.0088437190279364586
v 0.020500000566244125 0.0048551070503890514 0.0036448612809181213
v 0.020500000566244125 0.0048551070503890514 0.0088437190279364586
v 0.020500000566244125 0.0048551070503890514 0.0078039476647973061
v 0.020500000566244125 0.0069968071766197681 0.014072420075535774
v 0.020500000566244125 0.0059315906837582588 0.014080521650612354
v 0.020500000566244125 0.0060268277302384377 0.015293573960661888
v 0.020500000566244125 0.0050605693832039833 0.015972122550010681
v 0.020500000566244125 0.0048551070503890514 0.011963034048676491
v 0.020500000566244125 0.0048551070503890514 0.013002806343138218
v 0.020500000566244125 0.004973425529897213 0.015084072947502136
v 0.020500000566244125 0.0048840832896530628 0.014047895558178425
v 0.020500000566244125 0.0058706323616206646 -0.012894906103610992
v 0.020500000566244125 0.0079744216054677963 -0.0046733114868402481
v 0.020500000566244125 0.005894878413528204 -0.0015539966989308596
v 0.020500000566244125 0.005894878413528204 -0.0025937682949006557
v 0.020500000566244125 0.005894878413528204 0.0036448612809181213
v 0.020500000566244125 0.005894878413528204 0.0026050896849483252
v 0.020500000566244125 0.005894878413528204 0.0078039476647973061
v 0.020500000566244125 0.005894878413528204 0.0067641763016581535
v 0.020500000566244125 0.0079744216054677963 0.010923262685537338
v 0.020500000566244125 0.0069346502423286438 0.011963034048676491
v 0.020500000566244125 0.0079744216054677963 0.011963034048676491
v 0.020500000566244125 0.0079921158030629158 0.013012866489589214
v 0.020500000566244125 0.0069437939673662186 0.013014320284128189
v 0.020500000566244125 0.0071876030415296555 0.015045320615172386
v 0.020500000566244125 0.005894878413528204 0.010923262685537338
v 0.020500000566244125 0.005894878413528204 0.011963034048676491
v 0.020500000566244125 0.0058964751660823822 0.013009103015065193
v 0.020500000566244125 0.0070305741392076015 -0.013744611293077469
v 0.020500000566244125 0.0077534224838018417 -0.014773998409509659
v 0.020500000566244125 0.006793515756726265 -0.01490103080868721
v 0.020500000566244125 0.010512998327612877 -0.013694708235561848
v 0.020500000566244125 0.0094511397182941437 -0.013581325300037861
v 0.020500000566244125 0.0086989980190992355 -0.012854344211518764
v 0.020500000566244125 0.0078549319878220558 -0.011906150728464127
v 0.020500000566244125 0.0090141929686069489 -0.0088323978707194328
v 0.020500000566244125 0.0090141929686069489 -0.0077926265075802803
v 0.020500000566244125 0.010054242797195911 -0.0088300816714763641
v 0.020500000566244125 0.0069087110459804535 -0.010903234593570232
v 0.020500000566244125 0.0089850639924407005 -0.010898048058152199
v 0.020500000566244125 0.0079744216054677963 -0.0098721692338585854
v 0.020500000566244125 0.0090125780552625656 -0.0098719187080860138
v 0.020500000566244125 0.0090141929686069489 -0.0046733114868402481
v 0.020500000566244125 0.0090141929686069489 -0.0057130833156406879
v 0.020500000566244125 0.010053965263068676 -0.0057130833156406879
v 0.020500000566244125 0.0079744216054677963 -0.0036335398908704519
v 0.020500000566244125 0.0090141929686069489 -0.0036335398908704519
v 0.020500000566244125 0.0090141929686069489 -0.0025937682949006557
v 0.020500000566244125 0.010053965263068676 -0.0036335398908704519
v 0.020500000566244125 0.0069346502423286438 -0.0015539966989308596
v 0.020500000566244125 0.012133507989346981 0.001565318088978529
v 0.020500000566244125 0.011093736626207829 0.0026050896849483252
v 0.020500000566244125 0.012133507989346981 0.0026050896849483252
v 0.020500000566244125 0.0069346502423286438 -0.0025937682949006557
v 0.020500000566244125 0.0079744216054677963 0.00052554655121639371
v 0.020500000566244125 0.0090141929686069489 -0.00051422504475340247
v 0.020500000566244125 0.0069346502423286438 0.0036448612809181213
v 0.020500000566244125 0.0069346502423286438 0.0026050896849483252
v 0.020500000566244125 0.0069346502423286438 0.001565318088978529
v 0.020500000566244125 0.0079744216054677963 0.0057244044728577137
v 0.020500000566244125 0.0090141929686069489 0.0046846331097185612
v 0.020500000566244125 0.0079744216054677963 0.0067641763016581535
v 0.020500000566244125 0.0090141929686069489 0.0057244044728577137
v 0.020500000566244125 0.0069346502423286438 0.0078039476647973061
v 0.020500000566244125 0.0090141929686069489 0.0098834913223981857
v 0.020500000566244125 0.0090141929686069489 0.010923262685537338
v 0.020500000566244125 0.0069346502423286438 0.0067641763016581535
v 0.020500000566244125 0.0090258335694670677 0.011977325193583965
v 0.020500000566244125 0.0090570440515875816 0.013053268194198608
v 0.020500000566244125 0.008034316822886467 0.014040407724678516
v 0.020500000566244125 0.0069346502423286438 0.0098834913223981857
v 0.020500000566244125 0.0069346502423286438 0.010923262685537338
v 0.020500000566244125 0.0084566026926040649 -0.013970294967293739
v 0.020500000566244125 0.0076167341321706772 -0.012872009538114071
v 0.020500000566244125 0.0079508023336529732 -0.010903287678956985
v 0.020500000566244125 0.01000808272510767 -0.010884171351790428
v 0.020500000566244125 0.010046977549791336 -0.0098608760163187981
v 0.020500000566244125 0.010053965263068676 -0.0077926265075802803
v 0.020500000566244125 0.0079744216054677963 -0.0088323978707194328
v 0.020500000566244125 0.010053965263068676 -0.0046733114868402481
v 0.020500000566244125 0.0079744216054677963 -0.0057130833156406879
v 0.020500000566244125 0.010053965263068676 -0.0015539966989308596
v 0.020500000566244125 0.0079744216054677963 -0.0025937682949006557
v 0.020500000566244125 0.0079744216054677963 0.0026050896849483252
v 0.020500000566244125 0.010053965263068676 0.0036448612809181213
v 0.020500000566244125 0.0079744216054677963 0.001565318088978529
v 0.020500000566244125 0.0090141929686069489 0.0078039476647973061
v 0.020500000566244125 0.0090141929686069489 0.0088437190279364586
v 0.020500000566244125 0.010053965263068676 0.0078039476647973061
v 0.020500000566244125 0.0079744216054677963 0.0088437190279364586
v 0.020500000566244125 0.010053965263068676 0.0088437190279364586
v 0.020500000566244125 0.010053965263068676 0.0098834913223981857
v 0.020500000566244125 0.010116499848663807 0.012019236572086811
v 0.020500000566244125 0.0079744216054677963 0.0078039476647973061
v 0.020500000566244125 0.0079744216054677963 0.0098834913223981857
v 0.020500000566244125 0.0080373296514153481 0.014875762164592743
v 0.020500000566244125 0.011939170770347118 -0.011679774150252342
v 0.020500000566244125 0.011031727306544781 -0.010828355327248573
v 0.020500000566244125 0.012069529853761196 -0.010690673254430294
v 0.020500000566244125 0.0090141929686069489 -0.0067528546787798405
v 0.020500000566244125 0.011089193634688854 -0.008801058866083622
v 0.020500000566244125 0.011086145415902138 -0.0077756242826581001
v 0.020500000566244125 0.011093736626207829 -0.0057130833156406879
v 0.020500000566244125 0.011093736626207829 -0.0046733114868402481
v 0.020500000566244125 0.011093736626207829 0.001565318088978529
v 0.020500000566244125 0.010053965263068676 -0.00051422504475340247
v 0.020500000566244125 0.011093736626207829 -0.0015539966989308596
v 0.020500000566244125 0.0090141929686069489 0.0026050896849483252
v 0.020500000566244125 0.0090141929686069489 0.001565318088978529
v 0.020500000566244125 0.0090141929686069489 0.00052554655121639371
v 0.020500000566244125 0.0090141929686069489 0.0067641763016581535
v 0.020500000566244125 0.011166432872414589 0.010965336114168167
v 0.020500000566244125 0.010068736970424652 0.010935657657682896
v 0.020500000566244125 0.0090434784069657326 0.014202482998371124
v 0.020500000566244125 0.012902621179819107 -0.01043799240142107
v 0.020500000566244125 0.012088378891348839 -0.0097128972411155701
v 0.020500000566244125 0.011075189337134361 -0.0098155559971928596
v 0.020500000566244125 0.012132576666772366 -0.0057135233655571938
v 0.020500000566244125 0.010053965263068676 -0.0067528546787798405
v 0.020500000566244125 0.012133507989346981 -0.0046733114868402481
v 0.020500000566244125 0.011093736626207829 -0.0025937682949006557
v 0.020500000566244125 0.012133507989346981 -0.0025937682949006557
v 0.020500000566244125 0.010053965263068676 -0.0025937682949006557
v 0.020500000566244125 0.010053965263068676 0.00052554655121639371
v 0.020500000566244125 0.010053965263068676 0.0026050896849483252
v 0.020500000566244125 0.010053965263068676 0.001565318088978529
v 0.020500000566244125 0.012133507989346981 0.0036448612809181213
v 0.020500000566244125 0.012133507989346981 0.0046846331097185612
v 0.020500000566244125 0.010053965263068676 0.0067641763016581535
v 0.020500000566244125 0.010053965263068676 0.0057244044728577137
v 0.020500000566244125 0.012199727818369865 0.0099264532327651978
v 0.020500000566244125 0.01110979076474905 0.0098935207352042198
v 0.020500000566244125 0.012366989627480507 0.011001787148416042
v 0.020500000566244125 0.011271437630057335 0.012117314152419567
v 0.020500000566244125 0.011077173985540867 0.012927558273077011
v 0.020500000566244125 0.010245101526379585 0.013150357641279697
v 0.020500000566244125 0.013193791732192039 -0.0095477793365716934
v 0.020500000566244125 0.012088400311768055 -0.0087216431275010109
v 0.020500000566244125 0.012872780673205853 -0.0085303923115134239
v 0.020500000566244125 0.0120747284963727 -0.0077351443469524384
v 0.020500000566244125 0.013046782463788986 -0.00773237319663167
v 0.020500000566244125 0.013170240446925163 -0.0056860297918319702
v 0.020500000566244125 0.011087959632277489 -0.006747078150510788
v 0.020500000566244125 0.013179151341319084 -0.0046435082331299782
v 0.020500000566244125 0.011093736626207829 -0.0036335398908704519
v 0.020500000566244125 0.013167503289878368 -0.0025879917666316032
v 0.020500000566244125 0.012133507989346981 -0.0015539966989308596
v 0.020500000566244125 0.013173279352486134 -0.0015539966989308596
v 0.020500000566244125 0.012133507989346981 -0.00051422504475340247
v 0.020500000566244125 0.013173279352486134 -0.00051422504475340247
v 0.020500000566244125 0.013173279352486134 0.0036448612809181213
v 0.020500000566244125 0.011093736626207829 -0.00051422504475340247
v 0.020500000566244125 0.013173279352486134 0.001565318088978529
v 0.020500000566244125 0.013173279352486134 0.0026050896849483252
v 0.020500000566244125 0.011093736626207829 0.00052554655121639371
v 0.020500000566244125 0.011093736626207829 0.0067641763016581535
v 0.020500000566244125 0.011093736626207829 0.0078039476647973061
v 0.020500000566244125 0.011093736626207829 0.0057244044728577137
v 0.020500000566244125 0.01320283580571413 0.008938109502196312
v 0.020500000566244125 0.012148194015026093 0.0088643888011574745
v 0.020500000566244125 0.012243586592376232 0.011914322152733803
v 0.020500000566244125 0.011093736626207829 0.0088437190279364586
v 0.020500000566244125 0.013807213865220547 -0.0087406998500227928
v 0.020500000566244125 0.01211084146052599 -0.0067423083819448948
v 0.020500000566244125 0.014225410297513008 -0.0055651217699050903
v 0.020500000566244125 0.014198591932654381 -0.0045327683910727501
v 0.020500000566244125 0.015211413614451885 -0.0024924196768552065
v 0.020500000566244125 0.014211163856089115 -0.0015352264745160937
v 0.020500000566244125 0.01525544747710228 -0.0014611874939873815
v 0.020500000566244125 0.012133507989346981 -0.0036335398908704519
v 0.020500000566244125 0.014187945984303951 -0.0025627159047871828
v 0.020500000566244125 0.012133507989346981 0.00052554655121639371
v 0.020500000566244125 0.0142159229144454 0.002622996224090457
v 0.020500000566244125 0.01421143114566803 0.0036623911000788212
v 0.020500000566244125 0.012133507989346981 0.0057244044728577137
v 0.020500000566244125 0.012133507989346981 0.0067641763016581535
v 0.020500000566244125 0.014081154949963093 0.0091052846983075142
v 0.020500000566244125 0.013347692787647247 0.010001292452216148
v 0.020500000566244125 0.013207047246396542 0.010745024308562279
v 0.020500000566244125 0.012136934325098991 0.0078082391992211342
v 0.020500000566244125 0.015015220269560814 -0.007485710084438324
v 0.020500000566244125 0.014156357385218143 -0.0066361487843096256
v 0.020500000566244125 0.015207415446639061 -0.0063883280381560326
v 0.020500000566244125 0.015911130234599113 -0.0043140724301338196
v 0.020500000566244125 0.01312929205596447 -0.0067314268089830875
v 0.020500000566244125 0.014979397878050804 -0.0042797024361789227
v 0.020500000566244125 0.014158478006720543 -0.0035515788476914167
v 0.020500000566244125 0.013167986646294594 -0.0036130771040916443
v 0.020500000566244125 0.014215762726962566 -0.00049584428779780865
v 0.020500000566244125 0.015272772870957851 -0.00042281523928977549
v 0.020500000566244125 0.013173279352486134 0.00052554655121639371
v 0.020500000566244125 0.015256518498063087 0.0026937471702694893
v 0.020500000566244125 0.013173829764127731 0.0057260314933955669
v 0.020500000566244125 0.015244046226143837 0.0069158426485955715
v 0.020500000566244125 0.014230125583708286 0.0068387249484658241
v 0.020500000566244125 0.014324814081192017 0.0080232834443449974
v 0.020500000566244125 0.013173279352486134 0.0046846331097185612
v 0.020500000566244125 0.013180531561374664 0.0067789074964821339
v 0.020500000566244125 0.013194194063544273 0.0078549720346927643
v 0.020500000566244125 0.014060916379094124 -0.0077358796261250973
v 0.020500000566244125 0.015128485858440399 -0.003477494465187192
v 0.020500000566244125 0.016332253813743591 -0.0012968203518539667
v 0.020500000566244125 0.016272157430648804 0.0028523846995085478
v 0.020500000566244125 0.016189100220799446 0.0038918156642466784
v 0.020500000566244125 0.015230070799589157 0.0037357155233621597
v 0.020500000566244125 0.014218092896044254 0.00054374354658648372
v 0.020500000566244125 0.015211201272904873 0.004787820391356945
v 0.020500000566244125 0.014218145981431007 0.001583402045071125
v 0.020500000566244125 0.015247207134962082 0.0058643738739192486
v 0.020500000566244125 0.014206336811184883 0.0047063329257071018
v 0.020500000566244125 0.014210229739546776 0.0057628839276731014
v 0.020500000566244125 0.015245263464748859 0.0077539761550724506
v 0.020500000566244125 0.015398250892758369 -0.005234242882579565
v 0.020500000566244125 0.016364883631467819 -0.00025952045689336956
v 0.020500000566244125 0.01527873333543539 0.00061624799855053425
v 0.020500000566244125 0.01527330931276083 0.0016553271561861038
v 0.020500000566244125 0.016140077263116837 -0.003346022916957736
v 0.020500000566244125 0.016263047233223915 -0.0023312412668019533
v 0.020500000566244125 0.016365636140108109 0.00077876989962533116
v 0.020500000566244125 0.016334507614374161 0.0018161589978262782
v 0.020500000566244125 0.016139572486281395 0.004950378555804491
v 0.027009805664420128 -0.0076380879618227482 -0.01504709105938673
v 0.025968465954065323 -0.0076372143812477589 -0.015049532055854797
v 0.026747727766633034 -0.0075004040263593197 -0.01581103540956974
v 0.029139557853341103 -0.0082253916189074516 -0.014153033494949341
v 0.028195986524224281 -0.0081159491091966629 -0.014266425743699074
v 0.029045188799500465 -0.0076836263760924339 -0.014949196949601173
v 0.028791425749659538 -0.0075046257115900517 -0.015769192948937416
v 0.02777598612010479 -0.0075014051981270313 -0.015798863023519516
v 0.02803443931043148 -0.0076479041017591953 -0.015022164210677147
v 0.028303906321525574 -0.0088766459375619888 -0.013737044297158718
v 0.029201475903391838 -0.0090541597455739975 -0.013667592778801918
v 0.027490060776472092 -0.0096417544409632683 -0.013564766384661198
v 0.027319876477122307 -0.0088089806959033012 -0.01376782264560461
v 0.02929011732339859 -0.0098327035084366798 -0.013564610853791237
v 0.025112766772508621 -0.0080709569156169891 -0.014314042404294014
v 0.026154877617955208 -0.0080709569156169891 -0.014314042404294014
v 0.024925185367465019 -0.0076372143812477589 -0.015049532055854797
v 0.025703279301524162 -0.0075004040263593197 -0.01581103540956974
v 0.026291707530617714 -0.0087931156158447266 -0.013775184750556946
v 0.027188422158360481 -0.0080777779221534729 -0.014306563884019852
v 0.024658830836415291 -0.0075004040263593197 -0.01581103540956974
v 0.023881906643509865 -0.0076372143812477589 -0.015049532055854797
v 0.022862015292048454 -0.0076328194700181484 -0.015061615966260433
v 0.023614382371306419 -0.0075004040263593197 -0.01581103540956974
v 0.02208196185529232 -0.00802649836987257 -0.014365458860993385
v 0.023047599941492081 -0.0080622760578989983 -0.014323852956295013
v 0.021914215758442879 -0.00761765381321311 -0.015105573460459709
v 0.022595424205064774 -0.0074994699098169804 -0.015822239220142365
v 0.023174185305833817 -0.0087864361703395844 -0.013778327032923698
v 0.024070657789707184 -0.0080709569156169891 -0.014314042404294014
v 0.021614458411931992 -0.0074977236799895763 -0.015844834968447685
v 0.021146925166249275 -0.0075988289900124073 -0.015186108648777008
v 0.023331321775913239 -0.0096223363652825356 -0.013565459288656712
v 0.024206319823861122 -0.0087931156158447266 -0.013775184750556946
v 0.021478710696101189 -0.010373066179454327 -0.013692581094801426
v 0.0213593989610672 -0.0095716128125786781 -0.013583834283053875
v 0.021230706945061684 -0.0079408539459109306 -0.01448372844606638
v 0.022536398842930794 -0.010370905511081219 -0.013692808337509632
v 0.022312384098768234 -0.0096076102927327156 -0.013565865345299244
v 0.021295715123414993 -0.0086534591391682625 -0.013854182325303555
v 0.022186839953064919 -0.0087509891018271446 -0.013796715065836906
v 0.026463869959115982 -0.0096242120489478111 -0.013565408997237682
v 0.025249013677239418 -0.0087931156158447266 -0.013775184750556946
v 0.027762711048126221 -0.010383148677647114 -0.013692832551896572
v 0.026726499199867249 -0.010371148586273193 -0.013692742213606834
v 0.028468813747167587 -0.0097059430554509163 -0.013563890941441059
v 0.024373805150389671 -0.0096242120489478111 -0.013565408997237682
v 0.023584386333823204 -0.010371148586273193 -0.013692742213606834
v 0.025418838486075401 -0.0096242120489478111 -0.013565408997237682
v 0.024631757289171219 -0.010371148586273193 -0.013692742213606834
v 0.025679128244519234 -0.010371148586273193 -0.013692742213606834
v 0.028787355870008469 -0.010424149222671986 -0.013693224638700485
v 0.027576645836234093 0.010426971130073071 -0.013692672364413738
v 0.028006346896290779 0.0097105642780661583 -0.01356611680239439
v 0.026939366012811661 0.0097180921584367752 -0.013564880937337875
v 0.02140798419713974 0.0077099781483411789 -0.014903283677995205
v 0.021300438791513443 0.0082801654934883118 -0.014116560108959675
v 0.022200673818588257 0.0081922449171543121 -0.014189581386744976
v 0.028814792633056641 0.010519168339669704 -0.01369708776473999
v 0.029048096388578415 0.0096437027677893639 -0.013575301505625248
v 0.025448067113757133 0.010409159585833549 -0.013692355714738369
v 0.026500361040234566 0.010411199182271957 -0.013692337088286877
v 0.02588622085750103 0.0097167482599616051 -0.013564870692789555
v 0.0248411875218153 0.0097167482599616051 -0.013564870692789555
v 0.02379615418612957 0.0097167482599616051 -0.013564870692789555
v 0.024400696158409119 0.010409159585833549 -0.013692355714738369
v 0.024224113672971725 0.0081573436036705971 -0.014222283847630024
v 0.024053448811173439 0.0089085008949041367 -0.01372499018907547
v 0.025096142664551735 0.0089085008949041367 -0.01372499018907547
v 0.022774534299969673 0.0097296824678778648 -0.013564727269113064
v 0.021825272589921951 0.0097758378833532333 -0.01356513611972332
v 0.022325862199068069 0.0104173319414258 -0.013692514970898628
v 0.021341051906347275 0.010442847386002541 -0.013693640939891338
v 0.021088067442178726 0.0098706232383847237 -0.01357443630695343
v 0.022400382906198502 0.0076756756752729416 -0.014943955466151237
v 0.022063577547669411 0.0089719593524932861 -0.013700413517653942
v 0.023029794916510582 0.008920649066567421 -0.013719995506107807
v 0.023192558437585831 0.0081625860184431076 -0.01421706285327673
v 0.023353325203061104 0.010409159585833549 -0.013692355714738369
v 0.025266222655773163 0.0081573436036705971 -0.014222283847630024
v 0.026138836517930031 0.0089085008949041367 -0.01372499018907547
v 0.027335897088050842 0.0081449514254927635 -0.014234683476388454
v 0.027178164571523666 0.0089008435606956482 -0.013728216290473938
v 0.028194781392812729 0.0088523561134934425 -0.013749544508755207
v 0.02914089523255825 0.0087079498916864395 -0.013814193196594715
v 0.029213448986411095 0.0079679032787680626 -0.014431306160986423
v 0.028319327160716057 0.0080929547548294067 -0.014287975616753101
v 0.029324857518076897 0.0076041244901716709 -0.015140539966523647
v 0.021215718239545822 0.0091127278283238411 -0.013659579679369926
v 0.028534622862935066 0.0076412269845604897 -0.015031648799777031
v 0.026308333501219749 0.0081573436036705971 -0.014222283847630024
v 0.023418828845024109 0.0076709273271262646 -0.014956583268940449
v 0.024459557607769966 0.0076702218502759933 -0.01495832484215498
v 0.026546115055680275 0.0076702218502759933 -0.01495832484215498
v 0.025502836331725121 0.0076702218502759933 -0.01495832484215498
v 0.027570594102144241 0.0076633179560303688 -0.014974618330597878
v 0.02389242872595787 -0.007499688770622015 -0.017221786081790924
v 0.022858172655105591 -0.0074998061172664165 -0.017228215932846069
v 0.023271368816494942 -0.0075000044889748096 -0.016535336151719093
v 0.022261114791035652 -0.007500015664845705 -0.016551526263356209
v 0.021311817690730095 -0.0074999760836362839 -0.016610456630587578
v 0.021879691630601883 -0.0074996026232838631 -0.017250178381800652
v 0.024314578622579575 -0.0074999998323619366 -0.016533024609088898
v 0.024939216673374176 -0.0075000002980232239 -0.017221707850694656
v 0.025986002758145332 -0.007499688770622015 -0.017221786081790924
v 0.026405813172459602 -0.0075000012293457985 -0.016533024609088898
v 0.027040958404541016 -0.0075000002980232239 -0.017223302274942398
v 0.027446329593658447 -0.0074999937787652016 -0.016527902334928513
v 0.028105264529585838 -0.0075002536177635193 -0.017222724854946136
v 0.028449747711420059 -0.0074999700300395489 -0.016501083970069885
v 0.029124809429049492 -0.0074997278861701488 -0.017160274088382721
v 0.029287258163094521 -0.0074999770149588585 -0.016432030126452446
v 0.021112279966473579 -0.0074999528005719185 -0.017313702031970024
v 0.025360196828842163 -0.0074999998323619366 -0.016533024609088898
f 1 2 3
f 4 5 1
f 6 1 3
f 7 8 9
f 10 11 12
f 13 14 10
f 15 16 17
f 18 19 20
f 17 16 21
f 22 23 16
f 24 25 26
f 27 28 24
f 29 30 31
f 32 33 34
f 31 30 35
f 36 37 30
f 38 39 40
f 41 42 38
f 43 44 45
f 46 47 48
f 45 44 49
f 50 51 44
f 52 53 54
f 55 56 52
f 57 58 59
f 60 61 62
f 59 58 63
f 64 65 58
f 66 67 68
f 69 70 66
f 71 72 73
f 74 75 76
f 73 72 77
f 78 79 72
f 80 81 82
f 83 84 80
f 85 86 87
f 88 89 90
f 87 86 91
f 92 93 86
f 94 95 96
f 97 98 94
f 99 100 101
f 102 103 104
f 101 100 105
f 106 107 100
f 108 109 110
f 111 112 108
f 113 114 115
f 116 117 118
f 115 114 119
f 120 121 114
f 122 123 124
f 125 126 122
f 127 128 129
f 130 131 132
f 129 128 133
f 134 135 128
f 136 137 138
f 139 140 136
f 141 142 143
f 144 145 146
f 143 142 147
f 148 149 142
f 150 151 152
f 153 150 154
f 155 156 157
f 158 159 160
f 161 162 163
f 164 165 166
f 161 163 167
f 168 164 169
f 170 171 172
f 173 174 175
f 176 146 177
f 178 153 179
f 180 181 182
f 183 184 185
f 180 175 181
f 186 187 188
f 189 190 191
f 192 193 194
f 191 193 192
f 195 196 197
f 198 199 200
f 199 201 200
f 202 203 204
f 202 205 203
f 198 200 205
f 206 207 208
f 209 210 211
f 210 212 211
f 213 214 215
f 213 216 214
f 209 211 216
f 217 218 219
f 220 221 222
f 221 223 222
f 224 225 226
f 224 227 225
f 220 222 227
f 228 229 230
f 231 232 233
f 232 234 233
f 235 236 237
f 235 238 236
f 231 233 238
f 239 240 241
f 242 243 244
f 243 245 244
f 246 247 248
f 246 249 247
f 242 244 249
f 250 245 243
f 251 252 253
f 252 254 253
f 253 255 256
f 257 258 259
f 258 260 261
f 251 253 262
f 254 255 253
f 263 264 265
f 265 266 267
f 268 269 270
f 269 271 272
f 263 265 273
f 274 266 265
f 275 276 277
f 277 278 279
f 280 281 282
f 281 283 284
f 275 277 285
f 286 278 277
f 287 288 289
f 289 290 291
f 292 293 294
f 293 295 296
f 287 289 297
f 298 290 289
f 299 300 301
f 301 302 303
f 304 305 306
f 305 307 308
f 299 301 309
f 310 302 301
f 311 312 313
f 313 314 315
f 316 317 318
f 317 319 320
f 311 313 321
f 322 314 313
f 323 324 325
f 325 326 327
f 328 329 330
f 329 331 332
f 323 325 333
f 334 326 325
f 335 336 337
f 337 338 339
f 340 341 342
f 341 343 344
f 335 337 345
f 346 338 337
f 347 348 349
f 350 351 352
f 353 354 355
f 356 357 358
f 359 350 360
f 361 356 362
f 363 364 365
f 362 366 361
f 351 350 358
f 366 363 367
f 352 368 360
f 369 370 371
f 354 360 368
f 372 373 374
f 354 375 376
f 355 376 377
f 378 379 376
f 379 378 380
f 381 382 383
f 384 379 380
f 384 382 377
f 378 376 375
f 379 384 377
f 355 354 376
f 368 375 354
f 359 385 350
f 350 352 360
f 354 353 360
f 365 386 387
f 370 362 356
f 357 351 358
f 357 356 361
f 358 385 371
f 371 370 356
f 363 366 362
f 364 363 362
f 388 367 363
f 381 377 382
f 376 379 377
f 381 355 377
f 389 390 391
f 360 353 359
f 355 381 373
f 373 392 353
f 385 358 350
f 353 392 359
f 387 393 394
f 358 371 356
f 385 359 395
f 396 369 371
f 364 362 370
f 369 397 370
f 365 388 363
f 386 365 364
f 394 388 365
f 398 374 383
f 383 374 381
f 355 373 353
f 374 398 399
f 343 400 395
f 395 359 392
f 385 395 396
f 392 372 343
f 385 396 371
f 395 392 343
f 395 400 396
f 401 347 387
f 370 397 364
f 369 339 338
f 397 386 364
f 397 338 402
f 365 387 394
f 386 401 387
f 381 374 373
f 398 390 399
f 344 343 372
f 392 373 372
f 399 344 372
f 403 342 404
f 341 400 343
f 339 396 400
f 405 401 402
f 369 396 339
f 369 338 397
f 339 400 345
f 405 402 346
f 386 397 402
f 347 401 348
f 386 402 401
f 393 347 406
f 393 387 347
f 389 399 390
f 372 374 399
f 389 344 399
f 407 408 409
f 400 341 345
f 344 389 342
f 410 405 346
f 337 339 345
f 341 340 345
f 411 412 413
f 411 349 414
f 402 338 346
f 336 410 346
f 348 401 405
f 410 415 405
f 349 406 347
f 414 349 348
f 413 406 349
f 416 404 391
f 391 404 389
f 344 342 341
f 404 416 417
f 332 331 335
f 335 345 340
f 403 332 340
f 418 419 420
f 337 336 346
f 335 340 332
f 335 331 336
f 421 418 411
f 405 415 348
f 410 327 326
f 415 414 348
f 415 326 422
f 349 411 413
f 414 421 411
f 389 404 342
f 416 408 417
f 423 332 403
f 340 342 403
f 417 423 403
f 424 330 425
f 336 331 327
f 332 423 329
f 426 421 422
f 410 336 327
f 410 326 415
f 327 331 333
f 426 422 334
f 414 415 422
f 418 421 419
f 414 422 421
f 412 418 427
f 412 411 418
f 407 417 408
f 403 404 417
f 407 423 417
f 428 429 430
f 331 329 333
f 423 407 330
f 431 426 334
f 325 327 333
f 329 328 333
f 432 433 434
f 432 420 435
f 422 326 334
f 324 431 334
f 419 421 426
f 431 436 426
f 420 427 418
f 435 420 419
f 434 427 420
f 437 425 409
f 409 425 407
f 423 330 329
f 425 437 438
f 320 319 323
f 323 333 328
f 424 320 328
f 439 440 441
f 325 324 334
f 323 328 320
f 323 319 324
f 442 439 432
f 426 436 419
f 431 315 314
f 436 435 419
f 436 314 443
f 420 432 434
f 435 442 432
f 407 425 330
f 437 429 438
f 444 320 424
f 328 330 424
f 438 444 424
f 445 318 446
f 324 319 315
f 320 444 317
f 447 442 443
f 431 324 315
f 431 314 436
f 315 319 321
f 447 443 322
f 435 436 443
f 439 442 440
f 435 443 442
f 433 439 448
f 433 432 439
f 428 438 429
f 424 425 438
f 428 444 438
f 449 450 451
f 319 317 321
f 444 428 318
f 452 447 322
f 313 315 321
f 317 316 321
f 453 454 455
f 453 441 456
f 443 314 322
f 312 452 322
f 440 442 447
f 452 457 447
f 441 448 439
f 456 441 440
f 455 448 441
f 458 446 430
f 430 446 428
f 444 318 317
f 446 458 459
f 308 307 311
f 311 321 316
f 445 308 316
f 460 461 462
f 313 312 322
f 311 316 308
f 311 307 312
f 463 460 453
f 447 457 440
f 452 303 302
f 457 456 440
f 457 302 464
f 441 453 455
f 456 463 453
f 428 446 318
f 458 450 459
f 465 308 445
f 316 318 445
f 459 465 445
f 466 306 467
f 312 307 303
f 308 465 305
f 468 463 464
f 452 312 303
f 452 302 457
f 303 307 309
f 468 464 310
f 456 457 464
f 460 463 461
f 456 464 463
f 454 460 469
f 454 453 460
f 449 459 450
f 445 446 459
f 449 465 459
f 470 471 472
f 307 305 309
f 465 449 306
f 473 468 310
f 301 303 309
f 305 304 309
f 474 475 476
f 474 462 477
f 464 302 310
f 300 473 310
f 461 463 468
f 473 478 468
f 462 469 460
f 477 462 461
f 476 469 462
f 479 467 451
f 451 467 449
f 465 306 305
f 467 479 480
f 296 295 299
f 299 309 304
f 466 296 304
f 481 482 483
f 301 300 310
f 299 304 296
f 299 295 300
f 484 481 474
f 468 478 461
f 473 291 290
f 478 477 461
f 478 290 485
f 462 474 476
f 477 484 474
f 449 467 306
f 479 471 480
f 486 296 466
f 304 306 466
f 480 486 466
f 487 294 488
f 300 295 291
f 296 486 293
f 489 484 485
f 473 300 291
f 473 290 478
f 291 295 297
f 489 485 298
f 477 478 485
f 481 484 482
f 477 485 484
f 475 481 490
f 475 474 481
f 470 480 471
f 466 467 480
f 470 486 480
f 491 492 493
f 295 293 297
f 486 470 294
f 494 489 298
f 289 291 297
f 293 292 297
f 495 496 497
f 495 483 498
f 485 290 298
f 288 494 298
f 482 484 489
f 494 499 489
f 483 490 481
f 498 483 482
f 497 490 483
f 500 488 472
f 472 488 470
f 486 294 293
f 488 500 501
f 284 283 287
f 287 297 292
f 487 284 292
f 502 503 504
f 289 288 298
f 287 292 284
f 287 283 288
f 505 502 495
f 489 499 482
f 494 279 278
f 499 498 482
f 499 278 506
f 483 495 497
f 498 505 495
f 470 488 294
f 500 492 501
f 507 284 487
f 292 294 487
f 501 507 487
f 508 282 509
f 288 283 279
f 284 507 281
f 510 505 506
f 494 288 279
f 494 278 499
f 279 283 285
f 510 506 286
f 498 499 506
f 502 505 503
f 498 506 505
f 496 502 511
f 496 495 502
f 491 501 492
f 487 488 501
f 491 507 501
f 512 513 514
f 283 281 285
f 507 491 282
f 515 510 286
f 277 279 285
f 281 280 285
f 516 517 518
f 516 504 519
f 506 278 286
f 276 515 286
f 503 505 510
f 515 520 510
f 504 511 502
f 519 504 503
f 518 511 504
f 521 509 493
f 493 509 491
f 507 282 281
f 509 521 522
f 272 271 275
f 275 285 280
f 508 272 280
f 523 524 525
f 277 276 286
f 275 280 272
f 275 271 276
f 526 523 516
f 510 520 503
f 515 267 266
f 520 519 503
f 520 266 527
f 504 516 518
f 519 526 516
f 491 509 282
f 521 513 522
f 528 272 508
f 280 282 508
f 522 528 508
f 529 270 530
f 276 271 267
f 272 528 269
f 531 526 527
f 515 276 267
f 515 266 520
f 267 271 273
f 531 527 274
f 519 520 527
f 523 526 524
f 519 527 526
f 517 523 532
f 517 516 523
f 512 522 513
f 508 509 522
f 512 528 522
f 533 534 535
f 271 269 273
f 528 512 270
f 536 531 274
f 265 267 273
f 269 268 273
f 537 538 539
f 537 525 540
f 527 266 274
f 264 536 274
f 524 526 531
f 536 541 531
f 525 532 523
f 540 525 524
f 539 532 525
f 542 530 514
f 514 530 512
f 528 270 269
f 530 542 543
f 261 260 263
f 263 273 268
f 529 261 268
f 544 545 546
f 265 264 274
f 263 268 261
f 263 260 264
f 547 544 537
f 531 541 524
f 536 256 255
f 541 540 524
f 541 255 548
f 525 537 539
f 540 547 537
f 512 530 270
f 542 534 543
f 549 261 529
f 268 270 529
f 543 549 529
f 550 259 551
f 264 260 256
f 261 549 258
f 552 547 548
f 536 264 256
f 536 255 541
f 256 260 262
f 552 548 254
f 540 541 548
f 544 547 545
f 540 548 547
f 538 544 553
f 538 537 544
f 533 543 534
f 529 530 543
f 533 549 543
f 554 555 556
f 260 258 262
f 549 533 259
f 557 552 254
f 253 256 262
f 258 257 262
f 558 559 560
f 558 546 561
f 548 255 254
f 252 557 254
f 545 547 552
f 557 562 552
f 546 553 544
f 561 546 545
f 560 553 546
f 563 551 535
f 535 551 533
f 549 259 258
f 551 563 564
f 565 566 251
f 251 262 257
f 550 565 257
f 567 568 569
f 257 565 251
f 567 570 559
f 251 566 252
f 571 567 558
f 552 562 545
f 557 572 573
f 562 561 545
f 562 573 574
f 546 558 560
f 561 571 558
f 533 551 259
f 563 555 564
f 575 565 550
f 257 259 550
f 564 575 550
f 576 248 577
f 252 566 572
f 565 575 247
f 252 572 557
f 566 565 247
f 557 573 562
f 572 566 249
f 562 574 561
f 573 244 245
f 574 571 561
f 574 245 578
f 558 567 559
f 571 568 567
f 554 564 555
f 550 551 564
f 554 575 564
f 579 580 581
f 566 247 249
f 575 554 248
f 250 578 245
f 244 572 249
f 582 568 578
f 573 572 244
f 583 569 584
f 574 573 245
f 582 578 250
f 571 574 578
f 569 568 584
f 571 578 568
f 570 569 585
f 570 567 569
f 586 577 556
f 556 577 554
f 575 248 247
f 577 586 587
f 588 589 242
f 242 249 246
f 576 588 246
f 590 591 592
f 246 588 242
f 590 593 594
f 242 589 243
f 595 590 583
f 596 597 250
f 584 568 582
f 597 598 582
f 583 585 569
f 595 583 584
f 594 585 583
f 554 577 248
f 586 580 587
f 599 588 576
f 246 248 576
f 587 599 576
f 600 237 601
f 243 589 596
f 588 599 236
f 243 596 250
f 589 588 236
f 250 597 582
f 596 589 238
f 582 598 584
f 597 233 234
f 598 595 584
f 598 234 240
f 583 590 594
f 595 591 590
f 579 587 580
f 576 577 587
f 579 599 587
f 602 603 604
f 589 236 238
f 599 579 237
f 241 240 234
f 233 596 238
f 605 591 239
f 597 596 233
f 241 234 232
f 598 597 234
f 606 592 605
f 595 598 240
f 592 591 605
f 595 240 591
f 593 592 607
f 593 590 592
f 608 601 581
f 581 601 579
f 599 237 236
f 601 608 609
f 610 611 231
f 231 238 235
f 600 610 235
f 612 613 614
f 235 610 231
f 612 615 616
f 231 611 232
f 239 591 240
f 617 618 241
f 619 612 606
f 618 620 239
f 606 607 592
f 619 606 605
f 616 607 606
f 579 601 237
f 608 603 609
f 621 610 600
f 235 237 600
f 609 621 600
f 622 226 623
f 232 611 617
f 610 621 225
f 232 617 241
f 611 610 225
f 241 618 239
f 617 611 227
f 239 620 605
f 618 222 223
f 620 619 605
f 620 223 229
f 606 612 616
f 619 613 612
f 602 609 603
f 600 601 609
f 602 621 609
f 624 625 626
f 611 225 227
f 621 602 226
f 230 229 223
f 222 617 227
f 627 613 228
f 618 617 222
f 230 223 221
f 620 618 223
f 628 614 627
f 619 620 229
f 614 613 627
f 619 229 613
f 615 614 629
f 615 612 614
f 630 623 604
f 604 623 602
f 621 226 225
f 623 630 631
f 632 633 220
f 220 227 224
f 622 632 224
f 634 635 636
f 224 632 220
f 634 637 638
f 220 633 221
f 228 613 229
f 639 640 230
f 641 634 628
f 640 642 228
f 628 629 614
f 641 628 627
f 638 629 628
f 602 623 226
f 630 625 631
f 643 632 622
f 224 226 622
f 631 643 622
f 644 215 645
f 221 633 639
f 632 643 214
f 221 639 230
f 633 632 214
f 230 640 228
f 639 633 216
f 228 642 627
f 640 211 212
f 642 641 627
f 642 212 218
f 628 634 638
f 641 635 634
f 624 631 625
f 622 623 631
f 624 643 631
f 646 647 648
f 633 214 216
f 643 624 215
f 219 218 212
f 211 639 216
f 649 635 217
f 640 639 211
f 219 212 210
f 642 640 212
f 650 636 649
f 641 642 218
f 636 635 649
f 641 218 635
f 637 636 651
f 637 634 636
f 652 645 626
f 626 645 624
f 643 215 214
f 645 652 653
f 654 655 209
f 209 216 213
f 644 654 213
f 656 657 658
f 213 654 209
f 656 659 660
f 209 655 210
f 217 635 218
f 661 662 219
f 663 656 650
f 662 664 217
f 650 651 636
f 663 650 649
f 660 651 650
f 624 645 215
f 652 647 653
f 665 654 644
f 213 215 644
f 653 665 644
f 666 204 667
f 210 655 661
f 654 665 203
f 210 661 219
f 655 654 203
f 219 662 217
f 661 655 205
f 217 664 649
f 662 200 201
f 664 663 649
f 664 201 207
f 650 656 660
f 663 657 656
f 646 653 647
f 644 645 653
f 646 665 653
f 668 669 670
f 655 203 205
f 665 646 204
f 208 207 201
f 200 661 205
f 671 657 206
f 662 661 200
f 208 201 199
f 664 662 201
f 672 658 671
f 663 664 207
f 658 657 671
f 663 207 657
f 659 658 673
f 659 656 658
f 674 667 648
f 648 667 646
f 665 204 203
f 667 674 675
f 8 676 198
f 198 205 202
f 666 8 202
f 677 678 679
f 202 8 198
f 677 680 681
f 198 676 199
f 206 657 207
f 3 2 208
f 682 677 672
f 2 683 206
f 672 673 658
f 682 672 671
f 681 673 672
f 646 667 204
f 674 669 675
f 9 8 666
f 202 204 666
f 675 9 666
f 12 684 685
f 5 683 2
f 3 199 676
f 199 3 208
f 676 8 7
f 208 2 206
f 3 676 6
f 206 683 671
f 2 1 5
f 683 682 671
f 683 5 196
f 672 677 681
f 682 678 677
f 668 675 669
f 666 667 675
f 668 9 675
f 686 687 688
f 676 7 6
f 9 668 684
f 684 11 7
f 689 690 691
f 7 11 6
f 689 692 693
f 6 694 1
f 196 682 683
f 4 197 5
f 695 689 679
f 679 678 695
f 682 196 678
f 680 679 693
f 680 677 679
f 696 685 670
f 670 685 668
f 9 684 7
f 685 696 697
f 10 14 694
f 694 6 11
f 698 195 197
f 4 1 694
f 11 10 694
f 691 699 692
f 5 197 196
f 4 694 14
f 196 195 678
f 197 21 698
f 195 695 678
f 195 698 700
f 679 689 693
f 695 690 689
f 668 685 684
f 696 687 697
f 701 10 12
f 11 684 12
f 697 701 12
f 26 702 703
f 4 14 21
f 10 701 13
f 704 690 705
f 197 4 21
f 14 17 21
f 700 695 195
f 16 23 698
f 704 706 691
f 700 690 695
f 700 23 705
f 689 691 692
f 690 704 691
f 686 697 687
f 12 685 697
f 686 701 697
f 707 708 709
f 14 13 17
f 701 686 702
f 702 25 13
f 710 711 712
f 21 16 698
f 17 13 25
f 713 23 22
f 700 698 23
f 710 706 714
f 690 700 705
f 713 19 705
f 706 699 691
f 714 706 704
f 715 699 706
f 716 703 688
f 688 703 686
f 701 702 13
f 703 716 717
f 24 28 15
f 15 17 25
f 20 19 713
f 22 16 15
f 25 24 15
f 712 718 719
f 23 713 705
f 22 15 28
f 705 19 704
f 713 35 20
f 710 714 711
f 704 19 714
f 715 710 719
f 715 706 710
f 686 703 702
f 716 708 717
f 720 24 26
f 25 702 26
f 717 720 26
f 40 721 722
f 22 28 35
f 24 720 27
f 723 711 724
f 713 22 35
f 28 31 35
f 18 714 19
f 30 37 20
f 723 725 712
f 18 711 714
f 18 37 724
f 710 712 719
f 711 723 712
f 707 717 708
f 26 703 717
f 707 720 717
f 726 727 728
f 28 27 31
f 720 707 721
f 721 39 27
f 729 730 731
f 35 30 20
f 31 27 39
f 732 37 36
f 18 20 37
f 729 725 733
f 711 18 724
f 732 33 724
f 725 718 712
f 733 725 723
f 734 718 725
f 735 722 709
f 709 722 707
f 720 721 27
f 722 735 736
f 38 42 29
f 29 31 39
f 34 33 732
f 36 30 29
f 39 38 29
f 731 737 738
f 37 732 724
f 36 29 42
f 724 33 723
f 732 49 34
f 729 733 730
f 723 33 733
f 734 729 738
f 734 725 729
f 707 722 721
f 735 727 736
f 739 38 40
f 39 721 40
f 736 739 40
f 54 740 741
f 36 42 49
f 38 739 41
f 742 730 743
f 732 36 49
f 42 45 49
f 32 733 33
f 44 51 34
f 742 744 731
f 32 730 733
f 32 51 743
f 729 731 738
f 730 742 731
f 726 736 727
f 40 722 736
f 726 739 736
f 745 746 747
f 42 41 45
f 739 726 740
f 740 53 41
f 748 749 750
f 49 44 34
f 45 41 53
f 751 51 50
f 32 34 51
f 748 744 752
f 730 32 743
f 751 47 743
f 744 737 731
f 752 744 742
f 753 737 744
f 754 741 728
f 728 741 726
f 739 740 41
f 741 754 755
f 52 56 43
f 43 45 53
f 48 47 751
f 50 44 43
f 53 52 43
f 750 756 757
f 51 751 743
f 50 43 56
f 743 47 742
f 751 63 48
f 748 752 749
f 742 47 752
f 753 748 757
f 753 744 748
f 726 741 740
f 754 746 755
f 758 52 54
f 53 740 54
f 755 758 54
f 68 759 760
f 50 56 63
f 52 758 55
f 761 749 762
f 751 50 63
f 56 59 63
f 46 752 47
f 58 65 48
f 761 763 750
f 46 749 752
f 46 65 762
f 748 750 757
f 749 761 750
f 745 755 746
f 54 741 755
f 745 758 755
f 764 765 766
f 56 55 59
f 758 745 759
f 759 67 55
f 767 768 769
f 63 58 48
f 59 55 67
f 770 65 64
f 46 48 65
f 767 763 771
f 749 46 762
f 770 61 762
f 763 756 750
f 771 763 761
f 772 756 763
f 773 760 747
f 747 760 745
f 758 759 55
f 760 773 774
f 66 70 57
f 57 59 67
f 62 61 770
f 64 58 57
f 67 66 57
f 769 775 776
f 65 770 762
f 64 57 70
f 762 61 761
f 770 77 62
f 767 771 768
f 761 61 771
f 772 767 776
f 772 763 767
f 745 760 759
f 773 765 774
f 777 66 68
f 67 759 68
f 774 777 68
f 82 778 779
f 64 70 77
f 66 777 69
f 780 768 781
f 770 64 77
f 70 73 77
f 60 771 61
f 72 79 62
f 780 782 769
f 60 768 771
f 60 79 781
f 767 769 776
f 768 780 769
f 764 774 765
f 68 760 774
f 764 777 774
f 783 784 785
f 70 69 73
f 777 764 778
f 778 81 69
f 786 787 788
f 77 72 62
f 73 69 81
f 789 79 78
f 60 62 79
f 786 782 790
f 768 60 781
f 789 75 781
f 782 775 769
f 790 782 780
f 791 775 782
f 792 779 766
f 766 779 764
f 777 778 69
f 779 792 793
f 80 84 71
f 71 73 81
f 76 75 789
f 78 72 71
f 81 80 71
f 788 794 795
f 79 789 781
f 78 71 84
f 781 75 780
f 789 91 76
f 786 790 787
f 780 75 790
f 791 786 795
f 791 782 786
f 764 779 778
f 792 784 793
f 796 80 82
f 81 778 82
f 793 796 82
f 96 797 798
f 78 84 91
f 80 796 83
f 799 787 800
f 789 78 91
f 84 87 91
f 74 790 75
f 86 93 76
f 799 801 788
f 74 787 790
f 74 93 800
f 786 788 795
f 787 799 788
f 783 793 784
f 82 779 793
f 783 796 793
f 802 803 804
f 84 83 87
f 796 783 797
f 797 95 83
f 805 806 807
f 91 86 76
f 87 83 95
f 808 93 92
f 74 76 93
f 805 801 809
f 787 74 800
f 808 89 800
f 801 794 788
f 809 801 799
f 810 794 801
f 811 798 785
f 785 798 783
f 796 797 83
f 798 811 812
f 94 98 85
f 85 87 95
f 90 89 808
f 92 86 85
f 95 94 85
f 807 813 814
f 93 808 800
f 92 85 98
f 800 89 799
f 808 105 90
f 805 809 806
f 799 89 809
f 810 805 814
f 810 801 805
f 783 798 797
f 811 803 812
f 815 94 96
f 95 797 96
f 812 815 96
f 110 816 817
f 92 98 105
f 94 815 97
f 818 806 819
f 808 92 105
f 98 101 105
f 88 809 89
f 100 107 90
f 818 820 807
f 88 806 809
f 88 107 819
f 805 807 814
f 806 818 807
f 802 812 803
f 96 798 812
f 802 815 812
f 821 822 823
f 98 97 101
f 815 802 816
f 816 109 97
f 824 825 826
f 105 100 90
f 101 97 109
f 827 107 106
f 88 90 107
f 824 820 828
f 806 88 819
f 827 103 819
f 820 813 807
f 828 820 818
f 829 813 820
f 830 817 804
f 804 817 802
f 815 816 97
f 817 830 831
f 108 112 99
f 99 101 109
f 104 103 827
f 106 100 99
f 109 108 99
f 826 832 833
f 107 827 819
f 106 99 112
f 819 103 818
f 827 119 104
f 824 828 825
f 818 103 828
f 829 824 833
f 829 820 824
f 802 817 816
f 830 822 831
f 834 108 110
f 109 816 110
f 831 834 110
f 124 835 836
f 106 112 119
f 108 834 111
f 837 825 838
f 827 106 119
f 112 115 119
f 102 828 103
f 114 121 104
f 837 839 826
f 102 825 828
f 102 121 838
f 824 826 833
f 825 837 826
f 821 831 822
f 110 817 831
f 821 834 831
f 840 841 842
f 112 111 115
f 834 821 835
f 835 123 111
f 843 844 845
f 119 114 104
f 115 111 123
f 846 121 120
f 102 104 121
f 843 839 847
f 825 102 838
f 846 117 838
f 839 832 826
f 847 839 837
f 848 832 839
f 849 836 823
f 823 836 821
f 834 835 111
f 836 849 850
f 122 126 113
f 113 115 123
f 118 117 846
f 120 114 113
f 123 122 113
f 845 851 852
f 121 846 838
f 120 113 126
f 838 117 837
f 846 133 118
f 843 847 844
f 837 117 847
f 848 843 852
f 848 839 843
f 821 836 835
f 849 841 850
f 853 122 124
f 123 835 124
f 850 853 124
f 138 854 855
f 120 126 133
f 122 853 125
f 856 844 857
f 846 120 133
f 126 129 133
f 116 847 117
f 128 135 118
f 856 858 845
f 116 844 847
f 116 135 857
f 843 845 852
f 844 856 845
f 840 850 841
f 124 836 850
f 840 853 850
f 859 860 861
f 126 125 129
f 853 840 854
f 854 137 125
f 862 863 864
f 133 128 118
f 129 125 137
f 865 135 134
f 116 118 135
f 862 858 866
f 844 116 857
f 865 131 857
f 858 851 845
f 866 858 856
f 867 851 858
f 868 855 842
f 842 855 840
f 853 854 125
f 855 868 869
f 136 140 127
f 127 129 137
f 132 131 865
f 134 128 127
f 137 136 127
f 864 870 871
f 135 865 857
f 134 127 140
f 857 131 856
f 865 147 132
f 862 866 863
f 856 131 866
f 867 862 871
f 867 858 862
f 840 855 854
f 868 860 869
f 872 136 138
f 137 854 138
f 869 872 138
f 152 873 874
f 134 140 147
f 136 872 139
f 875 863 876
f 865 134 147
f 140 143 147
f 130 866 131
f 142 149 132
f 875 877 864
f 130 863 866
f 130 149 876
f 862 864 871
f 863 875 864
f 859 869 860
f 138 855 869
f 859 872 869
f 878 879 880
f 140 139 143
f 872 859 873
f 873 151 139
f 881 882 883
f 147 142 132
f 143 139 151
f 884 149 148
f 130 132 149
f 885 877 881
f 863 130 876
f 884 145 876
f 877 870 864
f 886 877 875
f 885 870 877
f 887 874 861
f 861 874 859
f 872 873 139
f 874 887 888
f 181 178 889
f 141 143 151
f 146 145 884
f 148 142 141
f 151 150 141
f 882 890 883
f 149 884 876
f 148 141 891
f 876 145 875
f 884 177 146
f 881 886 892
f 875 145 886
f 885 881 883
f 877 886 881
f 859 874 873
f 887 879 888
f 154 150 152
f 151 873 152
f 141 150 891
f 152 888 154
f 893 144 146
f 177 148 891
f 148 177 884
f 891 150 153
f 891 894 177
f 144 886 145
f 176 893 146
f 895 890 882
f 144 892 886
f 144 893 159
f 892 882 881
f 892 896 882
f 878 888 879
f 152 874 888
f 878 154 888
f 186 188 897
f 891 153 894
f 154 878 179
f 174 893 176
f 176 177 894
f 178 898 894
f 899 900 901
f 898 174 176
f 159 892 144
f 174 160 893
f 899 901 895
f 895 896 165
f 892 159 896
f 890 895 901
f 882 896 895
f 902 903 880
f 880 903 878
f 154 179 153
f 903 902 187
f 153 178 894
f 179 903 889
f 173 160 174
f 176 894 898
f 181 175 898
f 904 905 906
f 907 160 173
f 159 893 160
f 900 899 904
f 896 159 158
f 158 165 896
f 158 907 166
f 165 899 895
f 165 164 899
f 878 903 179
f 902 188 187
f 184 173 175
f 178 179 889
f 178 181 898
f 889 187 182
f 171 166 907
f 174 898 175
f 180 184 175
f 908 909 910
f 160 907 158
f 173 184 911
f 158 166 165
f 907 911 171
f 171 169 166
f 904 899 164
f 168 904 164
f 906 900 904
f 186 182 187
f 889 903 187
f 185 184 180
f 181 889 182
f 186 912 182
f 913 914 915
f 912 185 180
f 916 913 917
f 170 169 171
f 907 173 911
f 183 172 911
f 167 910 918
f 919 905 163
f 164 166 169
f 170 909 169
f 905 904 168
f 908 905 168
f 919 906 905
f 920 190 897
f 912 180 182
f 897 190 186
f 915 921 922
f 189 185 912
f 917 922 923
f 184 183 911
f 185 924 183
f 911 172 171
f 183 914 172
f 913 170 172
f 925 926 927
f 169 909 168
f 170 916 909
f 163 908 167
f 168 909 908
f 919 163 162
f 905 908 163
f 186 190 912
f 920 191 190
f 928 924 192
f 912 190 189
f 189 924 185
f 189 192 924
f 924 914 183
f 924 928 914
f 929 916 917
f 172 914 913
f 918 910 929
f 170 913 916
f 916 910 909
f 916 929 910
f 157 161 925
f 908 910 167
f 925 161 167
f 156 162 161
f 930 191 920
f 930 193 191
f 928 192 194
f 189 191 192
f 921 928 194
f 921 915 928
f 917 915 922
f 914 928 915
f 929 917 923
f 913 915 917
f 931 929 923
f 931 918 929
f 926 918 931
f 926 925 918
f 157 925 927
f 167 918 925
f 155 157 927
f 156 161 157
f 932 933 934
f 935 384 380
f 936 937 938
f 939 940 941
f 942 390 398
f 943 937 944
f 945 946 943
f 947 946 945
f 935 948 384
f 946 937 943
f 949 950 951
f 952 953 954
f 955 956 944
f 952 957 953
f 958 959 960
f 961 962 957
f 963 964 965
f 966 967 968
f 969 970 971
f 972 973 974
f 934 933 975
f 976 977 978
f 979 965 980
f 981 982 955
f 957 981 936
f 983 984 985
f 986 987 988
f 989 990 991
f 992 993 994
f 995 996 997
f 998 999 1000
f 998 1000 930
f 986 1001 987
f 1002 1003 1004
f 1005 1006 1007
f 1008 1002 1009
f 1010 1011 1012
f 1013 1014 1015
f 1016 1017 1018
f 1019 1020 1021
f 989 991 1022
f 1023 1024 1025
f 1026 1027 1028
f 1002 1004 1009
f 1029 1030 1031
f 1032 1033 1029
f 1034 1035 1036
f 1037 1038 1039
f 1035 1040 1041
f 1042 1043 1044
f 1045 1046 1037
f 1047 1032 1048
f 1049 1050 1030
f 1051 1052 1053
f 1044 1054 1055
f 1056 1057 1058
f 1033 1030 1029
f 1059 1044 1060
f 1061 1062 1063
f 1029 1031 1064
f 1063 1065 1066
f 1067 1068 1069
f 1060 1055 1038
f 1056 1058 1070
f 1071 1069 1072
f 1038 1073 1039
f 1074 1072 1075
f 1062 1065 1063
f 1039 1076 1077
f 1062 1078 1065
f 1079 1080 1081
f 1082 1083 1084
f 1069 1085 1072
f 1086 1087 1088
f 1081 1089 1090
f 1067 1069 1071
f 1091 1092 1082
f 1075 1093 1094
f 1095 1079 1096
f 1097 1098 1099
f 1100 1101 1102
f 1096 1081 1103
f 1104 1105 1106
f 1103 1090 1107
f 1107 1045 1108
f 1108 1109 1110
f 1102 1111 1100
f 1112 1111 1102
f 1112 1102 1106
f 1113 1114 1115
f 1116 1117 471
f 1113 1115 1118
f 471 479 1116
f 479 1113 1116
f 451 1113 479
f 1114 1113 451
f 1114 451 450
f 1119 450 458
f 1120 458 430
f 1121 1122 429
f 1123 1121 437
f 1123 437 409
f 1123 409 408
f 1124 408 416
f 1124 1125 408
f 416 391 1124
f 1126 390 942
f 1127 398 383
f 1127 1128 398
f 1129 382 384
f 935 380 1130
f 1131 1132 1093
f 1114 450 1119
f 430 429 1122
f 1117 1116 1133
f 1119 458 1120
f 1116 1118 1133
f 1134 1119 1120
f 1113 1118 1116
f 1121 1070 1095
f 1121 429 437
f 1134 1120 1103
f 1122 1120 430
f 1134 1114 1119
f 1070 1123 1125
f 1115 1114 1134
f 1070 1121 1123
f 472 471 1117
f 1095 1122 1121
f 472 1117 1135
f 1096 1120 1122
f 472 1135 500
f 1096 1103 1120
f 1135 1111 500
f 1103 1107 1134
f 1111 492 500
f 1108 1118 1115
f 1112 492 1111
f 1110 1133 1118
f 493 492 1112
f 1136 1117 1133
f 493 1112 521
f 1100 1135 1091
f 1125 1056 1070
f 1125 1123 408
f 391 1126 1124
f 1122 1095 1096
f 1124 1126 1137
f 1138 1002 1008
f 1125 1137 1056
f 1048 1029 1064
f 1108 1045 1109
f 1134 1107 1115
f 1108 1115 1107
f 1058 1095 1070
f 1100 1082 1101
f 1108 1110 1118
f 1102 1104 1106
f 1110 1136 1133
f 1105 1139 1140
f 1136 1091 1117
f 1139 1141 1140
f 1091 1135 1117
f 1110 1142 1136
f 1100 1111 1135
f 1136 1092 1091
f 1112 1106 1140
f 1091 1082 1100
f 1112 1140 521
f 1101 1104 1102
f 1140 1141 521
f 1105 1140 1106
f 1141 513 521
f 1143 1141 1144
f 514 513 1141
f 391 390 1126
f 383 382 1127
f 1137 1145 1056
f 1137 1125 1124
f 942 1128 1126
f 1095 1058 1079
f 1126 1146 1137
f 1147 1023 1148
f 1081 1096 1079
f 1145 1137 1146
f 1090 1103 1081
f 1057 1056 1145
f 1149 1150 1151
f 1090 1045 1107
f 1079 1058 1152
f 1153 1154 1155
f 1156 1157 1158
f 1109 1142 1110
f 1101 1084 1159
f 1142 1092 1136
f 1045 1090 1046
f 1071 1072 1074
f 1109 1045 1037
f 1160 1161 1162
f 1142 1109 1163
f 1097 563 535
f 1092 1142 1164
f 1143 1161 1165
f 1082 1092 1083
f 1141 1139 1144
f 1101 1082 1084
f 514 1141 1143
f 1104 1159 1166
f 514 1143 542
f 1105 1166 1167
f 1143 1165 542
f 1139 1168 1144
f 1165 534 542
f 1169 1161 1143
f 1160 534 1165
f 1170 1127 1129
f 1128 942 398
f 1146 1171 1145
f 1146 1126 1128
f 1127 1170 1128
f 1058 1057 1152
f 1128 1172 1146
f 1073 1173 1019
f 1080 1079 1152
f 1171 1146 1172
f 1089 1081 1080
f 1174 1145 1171
f 1046 1090 1089
f 1174 1057 1145
f 1152 1057 1175
f 1176 1177 1178
f 1163 1109 1037
f 1179 1080 1152
f 1164 1142 1163
f 1059 1089 1080
f 1083 1092 1164
f 1060 1046 1089
f 1037 1046 1038
f 1068 1180 1069
f 1163 1037 1039
f 1072 1181 1075
f 1104 1101 1159
f 1077 1164 1163
f 1105 1104 1166
f 1182 1083 1164
f 1139 1105 1167
f 1183 1084 1083
f 1139 1167 1168
f 1067 1159 1084
f 1144 1168 1169
f 1071 1166 1159
f 1144 1169 1143
f 1094 1167 1074
f 1165 1161 1160
f 1184 1168 1094
f 534 1160 1097
f 1161 1169 1185
f 534 1097 535
f 1160 1162 1098
f 948 1129 384
f 1127 382 1129
f 1186 983 1172
f 1172 1128 1170
f 948 1186 1170
f 1057 1174 1175
f 1170 1186 1172
f 1187 1188 1189
f 1179 1152 1175
f 1171 1172 983
f 1059 1080 1179
f 985 1171 983
f 1060 1089 1059
f 989 1174 985
f 1038 1046 1060
f 989 1175 1174
f 1179 1175 1022
f 1043 1148 1054
f 1077 1163 1039
f 1042 1059 1179
f 1183 1047 1068
f 1077 1182 1164
f 1190 1149 1191
f 1182 1183 1083
f 1155 1192 1193
f 1183 1067 1084
f 1074 1075 1094
f 1067 1071 1159
f 1074 1166 1071
f 1194 1182 1077
f 1167 1166 1074
f 1047 1183 1182
f 1168 1167 1094
f 1068 1067 1183
f 1195 1099 1098
f 1184 1169 1168
f 1088 1196 1099
f 1185 1169 1184
f 1093 1197 1184
f 1162 1161 1185
f 1197 1156 1185
f 1098 1097 1160
f 1158 1098 1162
f 1099 1196 1097
f 1088 1099 1195
f 1196 563 1097
f 555 1196 1198
f 555 563 1196
f 1199 1200 1130
f 1130 1200 935
f 1129 948 1170
f 958 1201 1202
f 935 1200 948
f 1171 985 1174
f 948 1203 1186
f 958 960 1201
f 1022 1175 989
f 983 1186 1204
f 1042 1179 1022
f 984 983 1204
f 1044 1059 1042
f 990 985 984
f 1055 1060 1044
f 990 989 985
f 1205 1206 1207
f 1055 1073 1038
f 1076 1039 1073
f 1208 1042 1022
f 1192 1209 1210
f 1076 1194 1077
f 1068 1048 1180
f 1194 1047 1182
f 1073 1055 1173
f 1211 1212 1213
f 1076 1073 1019
f 1064 1214 1153
f 1194 1076 1215
f 1216 1217 1218
f 1047 1194 1032
f 1219 1062 1061
f 1068 1047 1048
f 1065 1220 1066
f 1157 1221 1158
f 1093 1184 1094
f 1221 1086 1195
f 1197 1185 1184
f 1087 1198 1088
f 1156 1162 1185
f 1132 1222 1197
f 1158 1162 1156
f 1223 1224 1225
f 1195 1098 1158
f 1156 1222 1157
f 1088 1198 1196
f 1158 1221 1195
f 1198 1224 555
f 1195 1086 1088
f 1224 556 555
f 1087 1225 1198
f 586 556 1224
f 948 1200 1203
f 1199 1201 1226
f 1186 1203 1204
f 1200 1199 1226
f 1200 1226 1203
f 1227 1138 1008
f 1203 1226 1228
f 1022 991 1208
f 1204 1228 1229
f 1042 1208 1043
f 984 1229 1230
f 1044 1043 1054
f 990 1230 1231
f 1055 1054 1173
f 991 1231 1232
f 1233 1234 1235
f 1208 991 1232
f 1030 1050 1236
f 1215 1076 1019
f 1147 1043 1208
f 1008 1009 1050
f 1215 1032 1194
f 1173 1054 1237
f 1238 1051 1239
f 1019 1173 1020
f 1030 1236 1031
f 1085 1069 1180
f 1021 1215 1019
f 1181 1072 1085
f 1033 1032 1215
f 1131 1075 1181
f 1029 1048 1032
f 1093 1075 1131
f 1064 1180 1048
f 1197 1093 1132
f 1153 1085 1180
f 1156 1197 1222
f 1155 1181 1085
f 1131 1181 1193
f 1240 1241 1242
f 1132 1061 1063
f 1243 1244 1245
f 1222 1063 1066
f 1243 581 580
f 1157 1066 1246
f 1247 1243 1248
f 1221 1216 1086
f 1225 1224 1198
f 1086 1218 1087
f 1223 586 1224
f 1249 1250 1225
f 1248 586 1223
f 1250 1247 1223
f 580 586 1248
f 1226 960 1228
f 1228 1204 1203
f 1230 1251 1231
f 1229 984 1204
f 990 984 1230
f 960 1226 1201
f 991 990 1231
f 1252 1228 960
f 1147 1208 1232
f 1253 1229 1252
f 1148 1043 1147
f 1251 1230 1253
f 1237 1054 1148
f 1254 1231 1251
f 1020 1173 1237
f 1012 1232 1254
f 1147 1012 1023
f 1236 1255 1016
f 1256 1205 1207
f 1021 1033 1215
f 1237 1148 1025
f 1209 1256 1257
f 1020 1237 1258
f 1259 1260 1051
f 1153 1180 1064
f 1227 1021 1020
f 1155 1085 1153
f 1049 1033 1021
f 1193 1219 1061
f 1155 1193 1181
f 1212 1176 1261
f 1193 1061 1131
f 1066 1220 1246
f 1061 1132 1131
f 1246 1262 1216
f 1063 1222 1132
f 1217 1263 1218
f 1066 1157 1222
f 1263 1242 1249
f 1246 1221 1157
f 1242 1241 1250
f 1216 1221 1246
f 1241 1247 1250
f 1218 1086 1216
f 1087 1218 1249
f 1262 1246 1220
f 1087 1249 1225
f 1217 1216 1262
f 1225 1250 1223
f 1249 1218 1263
f 1223 1247 1248
f 1250 1249 1242
f 1248 1243 580
f 1247 1241 1264
f 956 955 982
f 1228 1252 1229
f 1202 982 959
f 1229 1253 1230
f 958 1202 959
f 1265 1266 1267
f 960 959 1268
f 1231 1254 1232
f 1252 1268 1269
f 1232 1012 1147
f 1253 1269 1270
f 1148 1023 1025
f 1251 1270 1271
f 1237 1025 1258
f 1254 1271 1010
f 1272 1273 1006
f 1007 1274 1014
f 1258 1227 1020
f 1049 1021 1227
f 1024 1023 1011
f 1275 1276 1027
f 1049 1030 1033
f 1258 1025 1277
f 1257 1207 1239
f 1214 1064 1031
f 1138 1227 1258
f 1154 1153 1214
f 1008 1049 1227
f 1219 1210 1278
f 1154 1192 1155
f 1219 1278 1062
f 1192 1219 1193
f 1214 1031 1279
f 1053 1211 1280
f 1154 1214 1281
f 1282 1283 1284
f 1192 1154 1209
f 1176 1178 1285
f 1219 1192 1210
f 1178 1190 1286
f 1062 1278 1078
f 1151 1287 1288
f 1065 1078 1289
f 1290 1291 1287
f 1220 1289 1292
f 1293 1294 1295
f 1262 1292 1296
f 1293 1297 1298
f 1217 1296 1299
f 1244 1294 1245
f 1263 1300 1242
f 1293 608 1245
f 1301 1264 1302
f 1243 1247 1264
f 1294 1244 1301
f 1243 1264 1244
f 581 1245 608
f 581 1243 1245
f 1303 938 947
f 937 955 944
f 947 938 946
f 952 954 1304
f 981 1305 982
f 982 1202 956
f 937 936 955
f 980 1306 1307
f 1305 959 982
f 1268 1252 960
f 1305 1308 959
f 1269 1253 1252
f 1271 1309 1010
f 1270 1251 1253
f 1254 1251 1271
f 1310 1268 1308
f 1012 1254 1010
f 1311 1269 1310
f 1023 1012 1011
f 1312 1270 1311
f 1277 1025 1024
f 1309 1271 1312
f 1138 1258 1277
f 1267 1010 1309
f 1011 1267 1313
f 1017 1314 1315
f 1050 1049 1008
f 1015 1024 1313
f 1277 1015 1316
f 1317 1318 1004
f 1279 1031 1236
f 1316 1138 1277
f 1319 1320 1321
f 1279 1281 1214
f 1210 1257 1322
f 1281 1209 1154
f 1236 1050 1255
f 1206 1238 1207
f 1279 1236 1016
f 1178 1323 1190
f 1281 1279 1324
f 1052 1325 1211
f 1209 1281 1256
f 1325 1326 1212
f 1220 1065 1289
f 1257 1210 1209
f 1262 1220 1292
f 1280 1278 1322
f 1217 1262 1296
f 1213 1078 1280
f 1263 1217 1299
f 1261 1289 1213
f 1263 1299 1300
f 1285 1292 1261
f 1242 1300 1240
f 1286 1296 1285
f 1241 1240 1302
f 1191 1299 1286
f 1241 1302 1264
f 1240 1300 1288
f 1264 1301 1244
f 1302 1240 1287
f 1245 1294 1293
f 1301 1291 1327
f 608 1293 603
f 1294 1327 1295
f 946 938 937
f 1303 954 953
f 955 936 981
f 938 1303 953
f 953 957 936
f 1328 1329 1330
f 962 1305 981
f 1308 1268 959
f 1331 1308 1305
f 1310 1269 1268
f 1331 1307 1308
f 1311 1270 1269
f 1312 1332 1309
f 1312 1271 1270
f 1310 1307 1333
f 1010 1267 1011
f 1311 1333 1334
f 1011 1313 1024
f 1312 1334 1332
f 1024 1015 1277
f 1309 1332 1265
f 1317 1335 1318
f 1336 1337 1338
f 1316 1002 1138
f 1313 1266 1013
f 1314 1339 1315
f 1028 1027 1340
f 1009 1255 1050
f 1316 1014 1003
f 1335 1341 1318
f 1324 1279 1016
f 1003 1002 1316
f 1342 1343 1320
f 1324 1256 1281
f 1255 1009 1344
f 1028 1340 1206
f 1016 1255 1017
f 1340 1259 1238
f 1278 1210 1322
f 1018 1324 1016
f 1078 1278 1280
f 1205 1256 1324
f 1289 1078 1213
f 1207 1257 1256
f 1292 1289 1261
f 1053 1322 1239
f 1191 1149 1288
f 1285 1296 1292
f 1149 1151 1288
f 1286 1299 1296
f 1151 1290 1287
f 1191 1300 1299
f 1290 1345 1291
f 1288 1300 1191
f 1345 1346 1327
f 1287 1240 1288
f 1347 1297 1295
f 1291 1302 1287
f 1348 1297 1347
f 1301 1302 1291
f 1345 1327 1291
f 1294 1301 1327
f 1347 1295 1346
f 1297 1293 1295
f 1298 1297 1348
f 1298 603 1293
f 604 1298 1349
f 604 603 1298
f 1350 1351 1304
f 936 938 953
f 961 1352 962
f 962 981 957
f 1352 980 1331
f 1331 1305 962
f 1352 1331 962
f 1307 1310 1308
f 980 1307 1331
f 1333 1311 1310
f 1332 1353 1265
f 1334 1312 1311
f 1307 1306 1333
f 1309 1265 1267
f 1333 1354 1334
f 1267 1266 1313
f 1334 1354 1355
f 1313 1013 1015
f 1332 1355 1353
f 1015 1014 1316
f 1265 1353 1356
f 1357 1358 1001
f 1266 1356 1359
f 1341 1360 1339
f 1344 1009 1004
f 1007 1013 1359
f 1361 1362 1363
f 1344 1017 1255
f 1003 1274 1317
f 1363 1360 1341
f 1364 1275 1026
f 1018 1205 1324
f 1344 1318 1314
f 1365 1366 1367
f 1017 1344 1314
f 1027 1368 1340
f 1322 1257 1239
f 1315 1018 1017
f 1280 1322 1053
f 1369 1205 1018
f 1036 1041 1370
f 1211 1213 1280
f 1371 1319 1372
f 1212 1261 1213
f 1190 1373 1149
f 1176 1285 1261
f 1374 1375 1376
f 1178 1286 1285
f 1150 1377 1151
f 1190 1191 1286
f 1176 1326 1177
f 1375 1378 1379
f 1178 1177 1323
f 1380 1284 1378
f 1190 1323 1373
f 1381 1382 1383
f 1149 1373 1150
f 1381 626 625
f 1151 1377 1290
f 1346 1295 1327
f 1290 1384 1345
f 1348 1385 1349
f 1345 1386 1346
f 1348 1349 1298
f 1387 1388 1347
f 1349 630 604
f 1388 1385 1348
f 625 630 1349
f 1389 1390 1350
f 961 957 952
f 1304 1351 952
f 1391 1392 1393
f 1351 1394 961
f 1330 1395 1396
f 961 1394 1352
f 1306 1354 1333
f 1352 979 980
f 1334 1355 1332
f 980 965 1306
f 1397 1398 1399
f 1306 1400 1354
f 1265 1356 1266
f 1354 1401 1355
f 1266 1359 1013
f 1355 1402 1353
f 1013 1007 1014
f 1353 1402 1403
f 988 1272 1398
f 1003 1014 1274
f 1404 1356 1403
f 1004 1003 1317
f 1005 1359 1404
f 1275 1338 1276
f 1318 1344 1004
f 1274 1006 1405
f 1406 1407 1408
f 1369 1018 1315
f 1335 1317 1405
f 1336 1338 1275
f 1369 1206 1205
f 1314 1341 1339
f 1409 1410 1411
f 1239 1207 1238
f 1412 1315 1339
f 1053 1239 1051
f 1028 1369 1412
f 1325 1413 1326
f 1052 1211 1053
f 1326 1414 1177
f 1325 1212 1211
f 1177 1415 1323
f 1326 1176 1212
f 1052 1260 1416
f 1041 1371 1417
f 1325 1416 1413
f 1418 1419 1282
f 1326 1413 1414
f 1321 1376 1420
f 1177 1414 1415
f 1421 1380 1375
f 1323 1415 1422
f 1418 1282 1380
f 1290 1377 1384
f 1423 1373 1422
f 1345 1384 1386
f 1377 1150 1424
f 1346 1386 1387
f 1384 1377 1379
f 1346 1387 1347
f 1386 1384 1378
f 1347 1388 1348
f 1387 1386 1284
f 1349 1385 1381
f 1388 1283 1425
f 1349 1381 625
f 1385 1425 1382
f 952 1351 961
f 1390 1389 1393
f 1352 1394 979
f 1351 1390 1392
f 1392 1426 1394
f 965 1400 1306
f 1394 1426 979
f 1400 1401 1354
f 979 963 965
f 1401 1402 1355
f 965 964 1400
f 1427 988 1397
f 1356 1353 1403
f 1401 1400 1396
f 1359 1356 1404
f 1402 1401 1428
f 1007 1359 1005
f 1403 1402 1429
f 1274 1007 1006
f 1404 1403 1399
f 1317 1274 1405
f 1398 1404 1399
f 1005 1398 1272
f 1430 1431 1364
f 1338 1432 1433
f 1341 1314 1318
f 1405 1273 1434
f 1435 1436 1362
f 1369 1315 1412
f 1363 1335 1434
f 1337 1432 1338
f 1028 1206 1369
f 1238 1206 1340
f 1437 1339 1360
f 1051 1238 1259
f 1026 1412 1437
f 1416 1411 1413
f 1260 1052 1051
f 1413 1438 1414
f 1416 1325 1052
f 1259 1368 1439
f 1440 1034 1441
f 1260 1439 1409
f 1442 1443 1374
f 1416 1409 1411
f 1040 1444 1371
f 1373 1323 1422
f 1438 1413 1411
f 1150 1373 1423
f 1370 1414 1438
f 1150 1423 1424
f 1417 1415 1370
f 1377 1424 1379
f 1372 1422 1417
f 1384 1379 1378
f 1420 1423 1372
f 1386 1378 1284
f 1379 1424 1376
f 1445 1383 1382
f 1283 1387 1284
f 1446 1383 1445
f 1388 1387 1283
f 1447 1425 1448
f 1385 1388 1425
f 1445 1382 1447
f 1381 1385 1382
f 626 1383 652
f 626 1381 1383
f 1350 1390 1351
f 1389 950 1393
f 1391 1426 1392
f 1394 1351 1392
f 967 1449 963
f 963 979 1426
f 1391 967 1426
f 964 1396 1400
f 1426 967 963
f 1396 1428 1401
f 963 1449 964
f 1428 1429 1402
f 964 1330 1396
f 1450 1427 1451
f 1403 1429 1399
f 1428 1396 1395
f 1005 1404 1398
f 1429 1428 1452
f 1006 1005 1272
f 1399 1429 1453
f 993 1357 1454
f 1273 1405 1006
f 1455 1456 1357
f 1434 1335 1405
f 1341 1335 1363
f 987 1272 988
f 1273 987 1457
f 1456 1458 1435
f 1412 1339 1437
f 1361 1434 1457
f 1027 1276 1368
f 1026 1028 1412
f 1360 1362 1430
f 1367 1366 1440
f 1259 1340 1368
f 1364 1437 1430
f 1189 1459 1460
f 1439 1260 1259
f 1461 1462 1463
f 1409 1416 1260
f 1368 1276 1464
f 1366 1463 1440
f 1439 1464 1465
f 1463 1466 1034
f 1415 1414 1370
f 1410 1409 1465
f 1422 1415 1417
f 1441 1411 1410
f 1423 1422 1372
f 1036 1438 1441
f 1374 1421 1375
f 1420 1424 1423
f 1421 1418 1380
f 1376 1424 1420
f 1467 1468 1469
f 1375 1379 1376
f 1419 1470 1448
f 1380 1378 1375
f 1471 1445 1447
f 1282 1284 1380
f 1472 1446 1445
f 1448 1283 1282
f 1419 1448 1282
f 1425 1283 1448
f 1473 1446 1472
f 1382 1425 1447
f 1470 1471 1447
f 1446 652 1383
f 1471 1472 1445
f 647 652 1446
f 949 1393 950
f 1392 1390 1393
f 949 1391 1393
f 1474 1475 1476
f 949 968 1391
f 978 1477 1478
f 1329 1479 1395
f 1330 964 1449
f 967 966 1449
f 1395 1452 1428
f 1449 1328 1330
f 1452 1453 1429
f 1330 1329 1395
f 1480 1481 1450
f 1399 1453 1397
f 1452 1395 1479
f 1398 1397 988
f 1453 1452 1482
f 1273 1272 987
f 1397 1453 1451
f 1483 1455 993
f 1457 1434 1273
f 1361 1435 1362
f 1361 1363 1434
f 1484 1485 1486
f 1362 1360 1363
f 1437 1360 1430
f 1358 1457 1001
f 1026 1437 1364
f 1435 1361 1358
f 1487 1485 1484
f 1275 1027 1026
f 1430 1436 1431
f 1488 1484 1337
f 1439 1368 1464
f 1336 1364 1431
f 1410 1440 1441
f 1465 1409 1439
f 1276 1338 1433
f 1489 1461 1366
f 1438 1411 1441
f 1490 1464 1433
f 1370 1438 1036
f 1367 1465 1490
f 1417 1370 1041
f 1440 1410 1367
f 1491 1492 1493
f 1371 1372 1417
f 1320 1442 1321
f 1319 1420 1372
f 1443 1494 1421
f 1321 1420 1319
f 1494 1495 1418
f 1374 1376 1321
f 1319 1444 1320
f 1496 1497 1498
f 1321 1442 1374
f 1469 1499 1500
f 1374 1443 1421
f 1501 1502 1503
f 1421 1494 1418
f 1470 1447 1448
f 1418 1495 1419
f 1501 674 648
f 1504 1505 1470
f 1506 1501 1473
f 1505 1507 1471
f 1473 647 1446
f 1507 1506 1472
f 648 647 1473
f 1508 971 951
f 951 971 949
f 1391 968 967
f 1509 1510 1511
f 1449 966 1328
f 968 971 970
f 970 1478 966
f 1512 1513 973
f 1478 1477 1328
f 1479 1482 1452
f 1477 1514 1329
f 1515 1480 1516
f 1453 1482 1451
f 1479 1514 1517
f 1397 1451 1427
f 1482 1479 1517
f 988 1427 986
f 1451 1482 1518
f 1481 986 1427
f 1001 1457 987
f 940 1483 992
f 1358 1361 1457
f 986 1454 1001
f 1519 1520 1455
f 1521 1522 1485
f 1436 1430 1362
f 1358 1357 1456
f 1523 1524 1525
f 1521 1485 1487
f 1336 1275 1364
f 1436 1458 1526
f 1527 1487 1488
f 1464 1276 1433
f 1528 1431 1526
f 1465 1464 1490
f 1337 1336 1528
f 1440 1463 1034
f 1367 1410 1465
f 1433 1432 1529
f 1530 1531 1461
f 1036 1441 1034
f 1365 1490 1529
f 1459 1532 1533
f 1035 1041 1036
f 1444 1342 1320
f 1040 1371 1041
f 1534 1535 1536
f 1444 1319 1371
f 1035 1466 1537
f 1538 1493 1539
f 1040 1537 1540
f 1541 1542 1492
f 1444 1540 1342
f 1543 1496 1542
f 1320 1343 1442
f 1535 1500 1536
f 1442 1544 1443
f 1545 1469 1535
f 1419 1495 1504
f 1494 1443 1546
f 1419 1504 1470
f 1495 1494 1547
f 1470 1505 1471
f 1504 1495 1498
f 1471 1507 1472
f 1505 1497 1499
f 1472 1506 1473
f 1507 1499 1468
f 1473 1501 648
f 1506 1468 1502
f 949 971 968
f 1508 1510 969
f 968 970 966
f 971 1508 969
f 978 1478 969
f 1328 966 1478
f 1548 1517 1514
f 1329 1328 1477
f 1329 1514 1479
f 1477 978 977
f 1482 1517 1518
f 1514 977 1548
f 1451 1518 1450
f 1517 1548 1513
f 1427 1450 1481
f 1518 1513 1549
f 986 1481 1454
f 1450 1518 1549
f 939 1550 940
f 1357 1001 1454
f 1435 1358 1456
f 1454 1481 994
f 1551 1552 1521
f 1458 1436 1435
f 1552 1553 1522
f 1526 1431 1436
f 1336 1431 1528
f 1520 1456 1455
f 1458 1520 1525
f 1554 1487 1527
f 1526 1525 1524
f 1530 1407 1531
f 1490 1433 1529
f 1488 1528 1524
f 1366 1461 1463
f 1365 1367 1490
f 1432 1484 1486
f 1408 1407 1530
f 1529 1486 1555
f 1556 1557 1531
f 1035 1034 1466
f 1489 1365 1555
f 1540 1558 1342
f 1537 1040 1035
f 1558 1559 1342
f 1540 1444 1040
f 1466 1462 1560
f 1561 1538 1532
f 1537 1560 1562
f 1563 1491 1538
f 1442 1343 1544
f 1558 1540 1562
f 1443 1544 1546
f 1343 1342 1559
f 1494 1546 1547
f 1544 1343 1539
f 1495 1547 1498
f 1546 1544 1493
f 1504 1498 1497
f 1547 1546 1492
f 1504 1497 1505
f 1498 1547 1542
f 1564 1502 1467
f 1507 1505 1499
f 1565 1503 1564
f 1506 1507 1468
f 1503 1502 1564
f 1501 1506 1502
f 674 1503 669
f 674 1501 1503
f 1476 1475 1511
f 1478 970 969
f 1509 978 969
f 977 1514 1477
f 1509 976 978
f 1566 1567 1568
f 976 974 977
f 1513 1518 1517
f 974 973 1548
f 941 1569 1570
f 1516 1549 1512
f 1480 1450 1549
f 992 1483 993
f 994 1481 1480
f 1515 994 1480
f 993 1454 994
f 1483 1519 1455
f 1455 1357 993
f 1571 1572 1573
f 1520 1458 1456
f 1574 1523 1525
f 1525 1526 1458
f 1575 1576 1553
f 1524 1528 1526
f 1337 1528 1488
f 1525 1520 1574
f 1575 1553 1552
f 1484 1432 1337
f 1529 1432 1486
f 1527 1524 1523
f 1489 1530 1461
f 1555 1365 1529
f 1577 1233 1578
f 1489 1366 1365
f 1486 1485 1579
f 1580 1556 1407
f 1466 1463 1462
f 1581 1555 1579
f 1537 1466 1560
f 1530 1489 1581
f 1582 1533 1558
f 1562 1540 1537
f 1462 1531 1557
f 1188 1561 1459
f 1560 1557 1583
f 1584 1563 1561
f 1343 1559 1539
f 1558 1562 1582
f 1544 1539 1493
f 1559 1558 1533
f 1546 1493 1492
f 1539 1559 1532
f 1543 1536 1496
f 1542 1547 1492
f 1536 1500 1496
f 1496 1498 1542
f 1545 1467 1469
f 1500 1497 1496
f 1585 1564 1467
f 1499 1497 1500
f 1586 1564 1585
f 1468 1499 1469
f 1587 1565 1586
f 1502 1468 1467
f 1545 1585 1467
f 1565 669 1503
f 1586 1565 1564
f 670 669 1565
f 1510 1509 969
f 1474 1588 932
f 1511 1475 1509
f 974 1548 977
f 1475 1589 976
f 1570 1566 1590
f 1548 973 1513
f 974 1589 972
f 1513 1512 1549
f 973 972 1591
f 1549 1516 1480
f 1512 1591 1567
f 994 1515 992
f 1516 1567 1592
f 1592 1569 1515
f 1593 1571 1573
f 1515 1569 992
f 1594 1595 939
f 1596 1597 1571
f 1574 1520 1519
f 1483 1550 1519
f 1598 1575 1552
f 1488 1524 1527
f 1574 1519 1599
f 1484 1488 1487
f 1523 1574 1600
f 1523 1601 1527
f 1602 1603 1406
f 1581 1408 1530
f 1579 1555 1486
f 1604 1603 1602
f 1581 1489 1555
f 1485 1522 1579
f 1603 1580 1406
f 1462 1461 1531
f 1605 1579 1522
f 1560 1462 1557
f 1408 1581 1605
f 1606 1460 1582
f 1583 1562 1560
f 1460 1459 1533
f 1582 1562 1583
f 1557 1607 1583
f 1608 1584 1188
f 1559 1533 1532
f 1582 1583 1606
f 1539 1532 1538
f 1533 1582 1460
f 1609 1610 1611
f 1491 1493 1538
f 1612 1613 1543
f 1541 1492 1491
f 1613 1534 1536
f 1543 1542 1541
f 1491 1614 1541
f 1615 1616 1617
f 1541 1612 1543
f 1535 1469 1500
f 1543 1613 1536
f 1618 1615 687
f 1534 1619 1535
f 1618 687 696
f 1619 1620 1545
f 1621 1618 1587
f 1620 1622 1585
f 1587 670 1565
f 1621 1587 1586
f 696 670 1587
f 1509 1475 976
f 1476 1588 1474
f 1623 972 1624
f 974 976 1589
f 1624 972 1589
f 1590 1625 1626
f 973 1591 1512
f 972 1623 1591
f 1512 1567 1516
f 1591 1568 1567
f 1570 1592 1566
f 1515 1516 1592
f 941 940 1569
f 940 992 1569
f 939 1595 1550
f 1550 1483 940
f 1595 1573 1599
f 1599 1519 1550
f 1627 1628 1596
f 1600 1574 1599
f 1523 1600 1601
f 1599 1550 1595
f 1527 1601 1554
f 1600 1599 1573
f 1487 1554 1521
f 1601 1600 1572
f 1601 1629 1554
f 1630 1631 1632
f 1581 1579 1605
f 1521 1554 1551
f 1521 1552 1522
f 1633 1634 1635
f 1522 1553 1605
f 1636 1637 1603
f 1531 1407 1556
f 1408 1605 1638
f 1639 1640 1606
f 1607 1557 1556
f 1640 1189 1460
f 1606 1583 1607
f 1556 1641 1607
f 1642 1643 1644
f 1607 1639 1606
f 1235 1608 1187
f 1532 1459 1561
f 1460 1606 1640
f 1645 1611 1646
f 1563 1538 1561
f 1647 1648 1612
f 1614 1491 1563
f 1648 1649 1613
f 1612 1541 1614
f 1563 1650 1614
f 1651 1652 1609
f 1614 1647 1612
f 1617 1653 1654
f 1612 1648 1613
f 1615 1655 688
f 1535 1619 1545
f 1534 1649 1656
f 1545 1620 1585
f 1619 1656 1657
f 1585 1622 1586
f 1620 1657 1658
f 1622 1621 1586
f 1622 1658 1616
f 1587 1618 696
f 1621 1615 1618
f 934 1474 932
f 1589 1475 1474
f 1659 1623 934
f 1589 1474 1624
f 934 1623 1624
f 1660 1625 1590
f 1623 1568 1591
f 1623 1659 1568
f 1567 1566 1592
f 1568 1660 1566
f 1661 939 941
f 1569 1592 1570
f 1590 1662 1570
f 1663 1664 1665
f 1662 1661 941
f 1666 1667 1663
f 1661 1594 939
f 1668 1669 1666
f 1670 1671 1672
f 1572 1600 1573
f 1601 1572 1629
f 1573 1595 1593
f 1670 1672 1673
f 1551 1554 1629
f 1572 1597 1629
f 1674 1675 1604
f 1629 1676 1551
f 1677 1678 1679
f 1605 1553 1638
f 1552 1551 1598
f 1603 1637 1580
f 1406 1408 1638
f 1407 1406 1580
f 1638 1553 1576
f 1556 1580 1641
f 1406 1638 1602
f 1680 1681 1640
f 1639 1607 1641
f 1580 1637 1641
f 1682 1683 1684
f 1641 1685 1639
f 1578 1235 1683
f 1459 1189 1188
f 1640 1639 1680
f 1561 1188 1584
f 1189 1640 1681
f 1686 1644 1647
f 1650 1563 1584
f 1644 1687 1648
f 1647 1614 1650
f 1584 1688 1650
f 1689 1609 1645
f 1650 1686 1647
f 1690 1651 1689
f 1613 1649 1534
f 1648 1647 1644
f 1534 1656 1619
f 1649 1687 1691
f 1619 1657 1620
f 1656 1691 1610
f 1620 1658 1622
f 1657 1610 1652
f 1622 1616 1621
f 1658 1652 1653
f 687 1615 688
f 1621 1616 1615
f 1692 1659 975
f 1624 1474 934
f 975 1659 934
f 1692 1660 1659
f 1659 1660 1568
f 1692 1625 1660
f 1693 1590 1626
f 1566 1660 1590
f 1693 1661 1662
f 941 1570 1662
f 1590 1693 1662
f 996 1668 1666
f 1595 1594 1593
f 1661 1693 1664
f 1664 1667 1594
f 1694 1668 996
f 1572 1571 1597
f 1593 1667 1669
f 1629 1597 1676
f 1571 1593 1669
f 1695 1671 1696
f 1598 1551 1676
f 1597 1628 1676
f 1697 1632 1675
f 1676 1698 1598
f 1699 1674 1677
f 1638 1576 1602
f 1575 1598 1700
f 1575 1679 1576
f 1632 1701 1675
f 1576 1678 1602
f 1631 1702 1701
f 1703 1684 1680
f 1685 1641 1637
f 1684 1683 1681
f 1680 1639 1685
f 1637 1704 1685
f 1634 1578 1682
f 1189 1681 1187
f 1680 1685 1703
f 1188 1187 1608
f 1681 1680 1684
f 1584 1608 1688
f 1187 1681 1683
f 1643 1687 1644
f 1686 1650 1688
f 1608 1234 1688
f 1705 1646 1706
f 1688 1707 1686
f 1708 1645 1705
f 1648 1687 1649
f 1644 1686 1642
f 1649 1691 1656
f 1687 1643 1709
f 1656 1610 1657
f 1691 1709 1611
f 1710 1617 1654
f 1658 1657 1652
f 716 1655 1711
f 1616 1658 1653
f 1655 1617 1710
f 1616 1653 1617
f 688 1655 716
f 1615 1617 1655
f 1712 1665 1626
f 1626 1665 1693
f 1661 1664 1594
f 995 1694 996
f 1668 1596 1669
f 1593 1594 1667
f 1713 1714 1715
f 1596 1571 1669
f 1716 1673 1698
f 1628 1597 1596
f 1676 1628 1698
f 1596 1668 1627
f 1673 1672 1700
f 1700 1598 1698
f 1575 1700 1679
f 1698 1628 1716
f 1576 1679 1678
f 1700 1698 1673
f 1602 1678 1604
f 1679 1700 1672
f 1717 1718 1633
f 1636 1603 1604
f 1637 1636 1704
f 1604 1678 1674
f 1685 1704 1703
f 1636 1604 1675
f 1636 1701 1704
f 1719 1720 1721
f 1704 1702 1703
f 1718 1577 1633
f 1187 1683 1235
f 1684 1703 1722
f 1723 1724 1642
f 1234 1608 1235
f 1725 1726 1727
f 1707 1688 1234
f 1724 1643 1642
f 1642 1686 1707
f 1234 1728 1707
f 1726 1705 1729
f 1707 1723 1642
f 1730 1708 1726
f 1687 1709 1691
f 1643 1724 1731
f 1691 1611 1610
f 1709 1731 1646
f 1732 1654 1690
f 1652 1610 1609
f 1733 1710 1732
f 1653 1652 1651
f 708 1711 1733
f 1653 1651 1654
f 1732 1710 1654
f 1711 1655 1710
f 1733 1711 1710
f 708 716 1711
f 1693 1665 1664
f 1712 1000 999
f 1664 1663 1667
f 1665 1712 999
f 1667 1666 1669
f 1663 999 1734
f 1734 996 1666
f 1715 1735 1736
f 1737 1673 1716
f 1716 1628 1627
f 1694 1738 1627
f 1739 1740 1695
f 1738 1737 1716
f 1739 1695 1741
f 1679 1672 1677
f 1673 1737 1670
f 1742 1743 1744
f 1674 1678 1677
f 1672 1671 1677
f 1745 1630 1743
f 1631 1746 1702
f 1701 1636 1675
f 1704 1701 1702
f 1675 1674 1697
f 1747 1634 1682
f 1722 1703 1702
f 1634 1577 1578
f 1682 1684 1722
f 1683 1682 1578
f 1722 1702 1746
f 1235 1578 1233
f 1682 1722 1747
f 1721 1723 1728
f 1728 1234 1233
f 1720 1724 1723
f 1723 1707 1728
f 1233 1748 1728
f 1727 1729 1749
f 1721 1720 1723
f 1750 1730 1751
f 1643 1731 1709
f 1724 1720 1752
f 1709 1646 1611
f 1731 1752 1706
f 1753 1690 1754
f 1609 1611 1645
f 1754 1689 1708
f 1651 1609 1689
f 735 1733 1755
f 1654 1651 1690
f 1753 1732 1690
f 735 709 1733
f 1755 1733 1732
f 709 708 1733
f 1734 999 998
f 1663 1665 999
f 920 997 998
f 1666 1663 1734
f 997 996 1734
f 880 1756 1757
f 1756 1758 1757
f 1627 1668 1694
f 1627 1738 1716
f 1694 995 1735
f 1735 1714 1738
f 1759 1760 1739
f 1714 1761 1737
f 1759 1739 1762
f 1677 1671 1699
f 1670 1761 1696
f 1763 1630 1632
f 1697 1674 1699
f 1695 1740 1699
f 1764 1745 1742
f 1701 1632 1631
f 1697 1740 1763
f 1697 1763 1632
f 1765 1766 1767
f 1635 1634 1747
f 1747 1722 1746
f 1631 1768 1746
f 1769 1717 1770
f 1746 1771 1747
f 1772 1773 1769
f 1774 1721 1748
f 1748 1233 1577
f 1775 1752 1720
f 1721 1728 1748
f 1718 1774 1748
f 1776 1749 1777
f 1774 1719 1721
f 1725 1727 1778
f 1724 1752 1731
f 1720 1719 1775
f 1731 1706 1646
f 1752 1775 1779
f 1646 1705 1645
f 1706 1779 1729
f 1780 1753 1750
f 1689 1645 1708
f 1781 1755 1780
f 1690 1689 1754
f 1750 1753 1754
f 1755 1732 1753
f 1780 1755 1753
f 727 735 1755
f 920 998 930
f 920 897 1782
f 998 997 1734
f 1782 188 1736
f 1782 995 997
f 1757 902 880
f 1694 1735 1738
f 1783 188 902
f 1784 1696 1761
f 1737 1738 1714
f 1741 1695 1696
f 1670 1737 1761
f 1670 1696 1671
f 1761 1713 1784
f 1671 1695 1699
f 1696 1784 1741
f 1743 1630 1763
f 1697 1699 1740
f 1739 1760 1740
f 1785 1764 1786
f 1631 1630 1768
f 1763 1760 1743
f 1766 1635 1771
f 1771 1746 1768
f 1747 1771 1635
f 1768 1745 1787
f 1787 1766 1771
f 1788 1772 1789
f 1634 1633 1577
f 1635 1766 1790
f 1577 1718 1748
f 1633 1790 1717
f 1717 1773 1718
f 1776 1777 1791
f 1773 1792 1774
f 1778 1776 1793
f 1792 1794 1719
f 1795 1778 1796
f 1752 1779 1706
f 1775 1794 1797
f 1706 1729 1705
f 1779 1797 1749
f 1751 1730 1725
f 1708 1705 1726
f 1798 1780 1799
f 1754 1708 1730
f 728 1780 1798
f 1754 1730 1750
f 1799 1780 1750
f 1781 727 1755
f 728 1781 1780
f 728 727 1781
f 920 1782 997
f 897 188 1782
f 995 1736 1735
f 995 1782 1736
f 1735 1715 1714
f 1736 1783 1715
f 1714 1713 1761
f 1715 1757 1713
f 1758 1784 1713
f 1800 1801 1802
f 1758 1803 1784
f 1804 1805 1806
f 1803 1762 1741
f 1786 1805 1804
f 1742 1745 1743
f 1763 1740 1760
f 1759 1744 1760
f 1807 1785 1808
f 1809 1810 1811
f 1768 1630 1745
f 1765 1790 1766
f 1771 1768 1787
f 1764 1767 1787
f 1810 1812 1813
f 1769 1773 1717
f 1633 1635 1790
f 1765 1770 1790
f 1814 1788 1815
f 1816 1797 1794
f 1774 1718 1773
f 1777 1749 1797
f 1719 1774 1792
f 1719 1794 1775
f 1792 1772 1817
f 1775 1797 1779
f 1794 1817 1816
f 1779 1749 1729
f 1797 1816 1777
f 1818 1751 1795
f 1726 1729 1727
f 1819 1799 1818
f 1730 1726 1725
f 1795 1751 1725
f 1799 1750 1751
f 1818 1799 1751
f 746 754 1798
f 746 1798 1799
f 754 728 1798
f 1757 1783 902
f 1736 188 1783
f 879 1756 880
f 1715 1783 1757
f 1757 1758 1713
f 1756 879 1820
f 1802 1801 1820
f 1741 1784 1803
f 1741 1762 1739
f 1800 1802 861
f 1801 1759 1762
f 1821 1804 1822
f 1760 1744 1743
f 1759 1801 1823
f 1823 1805 1744
f 1824 1808 1825
f 1745 1764 1787
f 1742 1805 1786
f 1826 1770 1765
f 1766 1787 1767
f 1785 1807 1767
f 1815 1809 1827
f 1790 1770 1717
f 1765 1807 1826
f 1826 1812 1770
f 1828 1829 1830
f 1773 1772 1792
f 1769 1812 1789
f 1831 1777 1816
f 1794 1792 1817
f 1788 1814 1817
f 1832 1833 792
f 1814 1831 1816
f 1796 1832 765
f 1796 1778 1793
f 1727 1749 1776
f 773 1818 1834
f 1727 1776 1778
f 747 1818 773
f 1725 1778 1795
f 1834 1818 1795
f 747 746 1819
f 747 1819 1818
f 746 1799 1819
f 887 1802 879
f 1803 1758 1756
f 1803 1820 1762
f 1803 1756 1820
f 1820 1801 1762
f 1800 860 1806
f 1806 1823 1800
f 1744 1759 1823
f 1744 1805 1742
f 1823 1806 1805
f 1808 1785 1821
f 1764 1742 1786
f 1764 1785 1767
f 1786 1821 1785
f 1813 1812 1826
f 1765 1767 1807
f 1808 1824 1807
f 1827 1811 830
f 1770 1812 1769
f 1826 1824 1813
f 1829 1814 1815
f 1772 1769 1789
f 1772 1788 1817
f 1789 1809 1788
f 1835 1791 1828
f 1816 1817 1814
f 1829 1831 1814
f 1832 792 766
f 1831 1791 1777
f 1831 1828 1791
f 1791 1793 1776
f 1791 1835 1793
f 1833 1796 1793
f 1834 1795 1796
f 765 1834 1796
f 765 773 1834
f 879 1802 1820
f 887 861 1802
f 860 1800 861
f 1823 1801 1800
f 868 1806 860
f 868 1822 1806
f 1822 1804 1806
f 1836 841 1825
f 1825 1808 1836
f 1786 1804 1821
f 1836 1808 1821
f 1837 823 822
f 1837 1813 1838
f 1826 1807 1824
f 1838 1813 1824
f 1827 830 804
f 1812 1810 1789
f 1813 1837 1810
f 1839 1815 1827
f 1789 1810 1809
f 1830 1829 1839
f 1788 1809 1815
f 1839 1829 1815
f 1840 785 784
f 784 1835 1840
f 1831 1829 1828
f 1840 1835 1828
f 784 792 1833
f 1835 1833 1793
f 1835 784 1833
f 765 1832 766
f 1796 1833 1832
f 842 1822 868
f 842 1836 1822
f 1822 1836 1821
f 842 841 1836
f 849 1825 841
f 849 823 1838
f 1825 1838 1824
f 1825 849 1838
f 823 1837 1838
f 822 830 1811
f 1837 1811 1810
f 1837 822 1811
f 803 1839 804
f 1809 1811 1827
f 804 1839 1827
f 803 811 1830
f 803 1830 1839
f 811 785 1840
f 1830 1840 1828
f 1830 811 1840
f 1841 1842 1843
f 1844 1845 1846
f 1847 1848 1849
f 1850 1851 1844
f 1852 1853 1854
f 1855 1845 1856
f 1857 1858 1859
f 1853 1857 1860
f 932 1588 1861
f 1862 1863 1864
f 1865 1866 1867
f 1868 1869 1867
f 1870 1871 1872
f 1873 1874 1875
f 1876 1877 1878
f 1879 1880 1881
f 1875 1879 1882
f 1874 1879 1875
f 1883 1880 1872
f 1884 1885 1886
f 1887 947 945
f 1887 945 1888
f 1889 1880 1885
f 1875 1882 1890
f 1891 1892 1893
f 1894 1877 1895
f 1890 1878 1875
f 1896 1894 1897
f 1869 1898 1883
f 1894 1895 1899
f 1868 1900 1869
f 1901 1902 1903
f 1904 1905 1906
f 1907 1908 1909
f 1910 1911 1912
f 1913 1910 1914
f 1848 1915 1841
f 1914 1910 1916
f 1917 1913 1914
f 1893 1918 1919
f 1891 1893 1920
f 1921 1922 1923
f 1924 1925 1926
f 1927 1922 1921
f 1897 1894 1899
f 1928 1929 1930
f 1931 1878 1877
f 1876 1895 1877
f 1876 1878 1890
f 1877 1896 1931
f 1931 1873 1878
f 1879 1881 1882
f 1878 1873 1875
f 1932 1933 1934
f 1898 1886 1885
f 1889 1881 1880
f 1932 1887 1935
f 1884 1889 1885
f 1884 1886 1888
f 1885 1883 1898
f 1886 1887 1888
f 1886 1935 1887
f 1894 1896 1877
f 1897 1929 1896
f 1929 1928 1896
f 1936 1937 1938
f 1928 1939 1931
f 1903 1940 1936
f 1879 1874 1872
f 1873 1939 1941
f 1879 1872 1880
f 1874 1873 1941
f 1880 1883 1885
f 1872 1874 1870
f 1871 1869 1883
f 1935 1886 1898
f 1869 1900 1898
f 1932 947 1887
f 1933 1932 1935
f 1303 947 1932
f 1937 1939 1928
f 1931 1896 1928
f 1931 1939 1873
f 1928 1930 1937
f 1874 1941 1870
f 1939 1937 1940
f 1940 1902 1941
f 1871 1883 1872
f 1941 1902 1870
f 1942 1304 954
f 1870 1943 1871
f 1944 1942 1934
f 1945 1900 1868
f 1935 1898 1900
f 1934 1933 1944
f 1935 1900 1933
f 1303 1934 954
f 1303 1932 1934
f 1938 1937 1930
f 1946 1947 1948
f 1903 1902 1940
f 1941 1939 1940
f 1901 1865 1943
f 1943 1870 1902
f 1901 1943 1902
f 1867 1871 1943
f 1905 1944 1945
f 1869 1871 1867
f 1943 1865 1867
f 1949 1862 1942
f 1900 1945 1933
f 1868 1866 1906
f 1945 1944 1933
f 1945 1906 1905
f 1934 1942 954
f 1944 1949 1942
f 1937 1936 1940
f 1938 1947 1936
f 1947 1946 1936
f 1950 1951 1952
f 1946 1953 1903
f 1954 1909 1950
f 1953 1908 1901
f 1866 1868 1867
f 1901 1908 1865
f 1864 1389 1350
f 1868 1906 1945
f 1866 1865 1955
f 1956 1904 1906
f 1949 1944 1905
f 1904 1957 1905
f 1862 1304 1942
f 1863 1862 1949
f 1350 1304 1862
f 1951 1953 1946
f 1903 1936 1946
f 1903 1953 1901
f 1946 1948 1951
f 1865 1908 1955
f 1953 1951 1909
f 1907 1955 1908
f 1956 1866 1955
f 1958 1863 1957
f 1906 1866 1956
f 1955 1912 1956
f 1959 1960 1864
f 1905 1957 1949
f 1904 1911 1961
f 1957 1863 1949
f 1957 1961 1958
f 1862 1864 1350
f 1863 1959 1864
f 1952 1951 1948
f 1962 1963 1964
f 1954 1907 1909
f 1908 1953 1909
f 1916 1910 1912
f 1912 1955 1907
f 1956 1912 1911
f 1907 1954 1916
f 1956 1911 1904
f 1912 1907 1916
f 1850 1960 1965
f 1957 1904 1961
f 1966 1842 1961
f 1959 1863 1958
f 1842 1967 1958
f 1960 1389 1864
f 1965 1960 1959
f 950 1389 1960
f 1951 1950 1909
f 1952 1963 1950
f 1963 1962 1950
f 1968 1969 1970
f 1962 1971 1954
f 1972 1973 1892
f 1911 1910 1966
f 1916 1971 1914
f 1915 1965 1967
f 1961 1911 1966
f 1961 1842 1958
f 1966 1913 1843
f 1915 1967 1841
f 1959 1958 1967
f 1850 1965 1851
f 1959 1967 1965
f 950 1850 951
f 950 1960 1850
f 1969 1971 1962
f 1954 1950 1962
f 1954 1971 1916
f 1962 1964 1969
f 1969 1974 1971
f 1975 1849 1976
f 1910 1913 1966
f 1914 1974 1917
f 1966 1843 1842
f 1913 1917 1973
f 1842 1841 1967
f 1843 1973 1977
f 1977 1848 1841
f 1851 1965 1915
f 1848 1856 1915
f 1844 951 1850
f 1845 1844 1851
f 1508 951 1844
f 1970 1969 1964
f 1919 1978 1979
f 1980 1920 1927
f 1914 1971 1974
f 1968 1918 1974
f 1981 1975 1982
f 1913 1973 1843
f 1917 1918 1892
f 1853 1476 1511
f 1841 1843 1977
f 1972 1849 1977
f 1983 1854 1846
f 1855 1856 1847
f 1851 1915 1856
f 1846 1845 1983
f 1851 1856 1845
f 1508 1846 1510
f 1508 1844 1846
f 1969 1968 1974
f 1970 1978 1968
f 1974 1918 1917
f 1968 1978 1919
f 1976 1849 1972
f 1973 1917 1892
f 1975 1847 1849
f 1977 1973 1972
f 1977 1849 1848
f 1972 1891 1976
f 1984 1983 1855
f 1856 1848 1847
f 1975 1981 1847
f 1983 1845 1855
f 1981 1984 1855
f 1854 1510 1846
f 1852 1854 1983
f 1511 1510 1854
f 1985 1893 1919
f 1918 1968 1919
f 1918 1893 1892
f 1919 1979 1985
f 1986 1976 1980
f 1972 1892 1891
f 1980 1976 1891
f 1987 1988 1989
f 1986 1975 1976
f 1859 1989 1990
f 1858 1984 1991
f 1855 1847 1981
f 1991 1984 1981
f 1860 1992 1861
f 1984 1852 1983
f 1984 1858 1852
f 1854 1853 1511
f 1852 1857 1853
f 1993 1985 1979
f 1925 1924 1927
f 1985 1920 1893
f 1985 1925 1920
f 1994 1986 1921
f 1891 1920 1980
f 1921 1986 1980
f 1995 1988 1987
f 1986 1982 1975
f 1986 1994 1982
f 1982 1991 1981
f 1982 1995 1991
f 1987 1858 1991
f 1861 1996 932
f 1860 1857 1992
f 1852 1858 1857
f 1476 1860 1588
f 1476 1853 1860
f 1993 1925 1985
f 1993 1926 1925
f 1925 1927 1920
f 1924 1922 1927
f 1994 1921 1923
f 1980 1927 1921
f 1997 1994 1923
f 1997 1995 1994
f 1994 1995 1982
f 1997 1988 1995
f 1859 1987 1989
f 1991 1995 1987
f 1992 1859 1990
f 1858 1987 1859
f 1859 1992 1857
f 1990 1996 1992
f 1860 1861 1588
f 1992 1996 1861
f 1998 1999 2000
f 2001 2002 933
f 2003 2004 2005
f 2006 2007 2008
f 2009 2010 2011
f 2012 2013 2014
f 2014 2015 2016
f 2017 2018 2019
f 2016 2015 2020
f 2016 2017 2014
f 2012 2014 2021
f 2010 2012 2022
f 2011 2023 2024
f 2025 2024 2007
f 2009 2025 2026
f 2026 2006 2003
f 2003 2027 2028
f 2029 2000 1692
f 2002 975 933
f 1692 975 2029
f 2030 2016 2020
f 2017 2019 2021
f 2021 2014 2017
f 2013 2015 2014
f 2022 2012 2021
f 2031 2013 2012
f 2031 2010 2032
f 2031 2012 2010
f 2032 2009 2033
f 2032 2010 2009
f 2033 2026 2028
f 2033 2009 2026
f 2026 2003 2028
f 2004 1999 1998
f 2027 2005 2001
f 2027 2003 2005
f 2005 2002 2001
f 2005 1998 2002
f 2030 2017 2016
f 2030 2018 2017
f 2034 2021 2019
f 2034 2022 2021
f 2023 2022 2034
f 2023 2011 2022
f 2025 2011 2024
f 2010 2022 2011
f 2006 2025 2007
f 2009 2011 2025
f 2004 2006 2008
f 2026 2025 2006
f 2006 2004 2003
f 2008 1999 2004
f 2029 1998 2000
f 2005 2004 1998
f 2002 2029 975
f 2002 1998 2029
f 1989 2033 2028
f 1989 1988 2033
f 1989 2028 1990
f 2033 1988 2032
f 2028 2027 1990
f 2027 1996 1990
f 2001 1996 2027
f 933 1996 2001
f 932 1996 933
f 1988 1997 2032
f 1997 2031 2032
f 1923 2031 1997
f 2013 2031 1923
f 2013 1923 1922
f 2013 1922 2015
f 1922 1924 2015
f 1924 1926 2015
f 1926 2020 2015
f 2035 2036 1881
f 2037 2035 1889
f 1889 2035 1881
f 2038 2037 1884
f 2038 1884 1888
f 2038 1888 945
f 2038 945 943
f 2037 1889 1884
f 1881 2036 1882
f 2036 2039 1882
f 2039 1890 1882
f 2040 1890 2039
f 1876 1890 2040
f 1876 2040 2041
f 1876 2041 1895
f 2041 2042 1895
f 2042 1899 1895
f 2043 1899 2042
f 2044 2045 2046
f 2047 2048 2049
f 2050 2051 2052
f 2053 2054 2055
f 2056 2057 2058
f 156 155 2059
f 156 2059 2060
f 2061 2062 2063
f 2064 2065 2066
f 2067 2068 2069
f 2070 2071 2072
f 2073 2074 2075
f 2076 2077 2078
f 2079 2080 2073
f 2081 2082 2083
f 2084 2085 2086
f 2087 2088 2089
f 2090 2091 2092
f 2093 2094 2095
f 2096 2097 2098
f 2078 2077 2099
f 2100 2101 2102
f 2102 2103 2104
f 2105 2106 2107
f 2108 2109 2110
f 2111 2112 2106
f 2113 2114 2115
f 2110 2116 2050
f 2117 2104 2118
f 2101 2087 2089
f 2119 2120 2121
f 2122 2123 2113
f 2124 2125 2126
f 2127 2128 2129
f 2130 2131 2132
f 2133 2134 2135
f 2104 2103 2136
f 2137 2133 2135
f 2138 2139 2124
f 2052 2140 2141
f 2055 2142 2117
f 2143 2144 2145
f 2128 2146 2108
f 2147 2148 2149
f 2127 2150 2128
f 2151 2152 2153
f 2154 2155 2156
f 2157 2147 2158
f 2129 2128 2159
f 2160 2161 2162
f 2148 2110 2050
f 2163 2164 2165
f 2147 2159 2148
f 2140 2166 2167
f 2168 2169 2157
f 2160 2170 2163
f 2163 2170 2171
f 2172 2173 2171
f 2141 2140 2167
f 2174 2175 2176
f 496 2177 497
f 2178 2141 2167
f 2179 497 2177
f 2178 2180 2141
f 454 2181 455
f 490 2179 2178
f 475 490 2178
f 2167 475 2178
f 2167 476 475
f 2164 2182 2165
f 2183 454 469
f 2184 455 2181
f 2185 448 2184
f 434 433 2185
f 427 434 2186
f 434 2187 2186
f 2186 412 427
f 2188 413 2189
f 2188 2189 2190
f 2191 393 406
f 2191 2190 2192
f 2193 2192 2194
f 2195 2194 2196
f 2196 2197 2195
f 367 2195 2197
f 2185 433 448
f 2144 2198 2145
f 2091 2199 2092
f 1930 2200 2201
f 2196 2202 2203
f 2204 2151 2153
f 1963 1952 2205
f 1929 1897 2206
f 2207 1899 2043
f 2207 1897 1899
f 2208 2043 2209
f 2209 2210 2211
f 2206 2208 2212
f 2213 2214 2215
f 2208 2211 2212
f 2216 2217 2218
f 2211 2219 2220
f 2221 2222 2214
f 2223 2215 2224
f 2225 2224 2226
f 2227 2228 2229
f 2230 2231 2232
f 2233 2234 2235
f 2236 2233 2237
f 2238 2239 2240
f 2020 1926 2240
f 2167 2166 476
f 2166 469 476
f 2166 2183 469
f 497 2179 490
f 2140 2183 2166
f 2177 2241 2179
f 2178 2179 2180
f 2179 2241 2180
f 2154 2156 2184
f 448 455 2184
f 2242 2183 2140
f 454 2183 2181
f 2156 2187 2185
f 2157 2129 2147
f 2156 2185 2184
f 2175 2243 2176
f 2154 2184 2181
f 496 2244 2177
f 2245 2181 2183
f 496 511 2244
f 2245 2183 2242
f 2244 511 2176
f 2242 2140 2052
f 2176 511 518
f 2246 2141 2180
f 2174 2176 518
f 2149 2180 2241
f 517 2174 518
f 2158 2241 2177
f 517 532 2174
f 2243 2247 2244
f 2174 2248 2175
f 2187 434 2185
f 2188 406 413
f 2186 2189 412
f 2245 2154 2181
f 2249 2189 2186
f 2088 2099 2250
f 2251 2249 2187
f 2142 2102 2117
f 2155 2251 2156
f 2252 2143 2137
f 2045 2118 2127
f 2141 2246 2052
f 2246 2180 2149
f 2154 2245 2253
f 2149 2241 2158
f 2245 2242 2254
f 2158 2177 2247
f 2242 2052 2051
f 2247 2177 2244
f 2052 2246 2050
f 2243 2244 2176
f 2246 2149 2148
f 2174 2170 2248
f 2149 2158 2147
f 2174 532 2170
f 2158 2247 2157
f 2170 532 2171
f 2247 2243 2168
f 2171 532 539
f 2255 2175 2162
f 538 2171 539
f 2160 2248 2170
f 2189 413 412
f 2191 394 393
f 2249 2186 2187
f 2191 406 2190
f 2189 2249 2256
f 2187 2156 2251
f 2124 2126 2253
f 2154 2253 2155
f 2253 2245 2254
f 2256 2249 2257
f 2254 2242 2051
f 2257 2251 2258
f 2258 2251 2155
f 2259 2119 2260
f 2050 2246 2148
f 2155 2253 2126
f 2124 2253 2254
f 2261 2262 2263
f 2138 2254 2051
f 2264 2265 2151
f 2157 2247 2168
f 2051 2050 2116
f 2163 2165 2160
f 2243 2255 2168
f 2173 2204 2164
f 2243 2175 2255
f 2172 2266 2267
f 2175 2248 2162
f 2255 2046 2168
f 2162 2248 2160
f 2162 2161 2268
f 2171 2173 2163
f 2160 2165 2161
f 538 2172 2171
f 2163 2173 2164
f 538 553 2172
f 2204 2172 2267
f 2172 553 2266
f 2269 2266 560
f 2266 553 560
f 2190 406 2188
f 2193 388 394
f 2256 2190 2189
f 2192 2193 2191
f 2190 2256 2270
f 2249 2251 2257
f 2125 2271 2126
f 2155 2126 2258
f 2272 2270 2256
f 2138 2124 2254
f 2273 2272 2257
f 2116 2138 2051
f 2273 2257 2258
f 2076 2274 2275
f 2271 2258 2126
f 2276 2277 2278
f 2134 2279 2280
f 2148 2159 2110
f 2045 2127 2169
f 2147 2129 2159
f 2129 2157 2169
f 2138 2116 2281
f 2169 2168 2046
f 2116 2110 2109
f 2046 2255 2268
f 2110 2159 2108
f 2204 2153 2164
f 2255 2162 2268
f 2127 2129 2169
f 585 2282 2283
f 2045 2169 2046
f 2269 2264 2267
f 2044 2046 2268
f 2284 2285 2286
f 2287 2268 2161
f 2173 2172 2204
f 2182 2288 2165
f 2266 2269 2267
f 2153 2182 2164
f 560 2284 2269
f 2267 2151 2204
f 560 559 2284
f 2269 2286 2264
f 2284 559 570
f 2191 2193 394
f 2195 367 388
f 2270 2192 2190
f 2194 388 2193
f 2192 2270 2289
f 2256 2257 2272
f 2090 2092 2271
f 2258 2271 2273
f 2272 2290 2270
f 2139 2125 2124
f 2291 2290 2272
f 2281 2139 2138
f 2092 2291 2273
f 2109 2281 2116
f 2092 2273 2271
f 2292 2293 2091
f 2090 2271 2125
f 2123 2294 2114
f 2108 2159 2128
f 2125 2139 2115
f 2113 2139 2281
f 2136 2047 2049
f 2122 2281 2109
f 2117 2102 2104
f 2295 2109 2108
f 2296 2297 2252
f 2182 2298 2288
f 2268 2287 2044
f 2153 2299 2182
f 2161 2288 2287
f 2300 2301 2302
f 2161 2165 2288
f 2303 2045 2044
f 2304 2305 2306
f 2307 2044 2287
f 594 593 2306
f 2308 2287 2288
f 2283 2309 2285
f 2264 2151 2267
f 2298 2182 2299
f 2286 2269 2284
f 2299 2153 2152
f 2285 2284 2283
f 2152 2151 2265
f 2283 2284 570
f 2310 2264 2286
f 585 2283 570
f 2309 2311 2285
f 2194 2195 388
f 2196 2312 2197
f 2194 2202 2196
f 2194 2192 2289
f 2194 2289 2202
f 2289 2270 2290
f 2313 2216 2218
f 2272 2273 2291
f 2290 2314 2289
f 2115 2090 2125
f 2315 2314 2290
f 2113 2115 2139
f 2199 2315 2291
f 2122 2113 2281
f 2199 2291 2092
f 2089 2316 2047
f 2317 2318 2319
f 2109 2295 2122
f 2295 2108 2146
f 2090 2115 2292
f 2320 2321 2322
f 2128 2150 2146
f 2055 2117 2303
f 2127 2118 2150
f 2118 2045 2303
f 2122 2295 2323
f 2303 2044 2307
f 2295 2146 2049
f 2307 2287 2308
f 2146 2150 2136
f 2308 2288 2298
f 2150 2118 2104
f 2117 2118 2303
f 2297 2263 2144
f 2055 2303 2307
f 2324 2325 2262
f 2053 2307 2308
f 2326 2327 2328
f 2280 2308 2298
f 593 607 2302
f 2310 2265 2264
f 2135 2299 2137
f 2311 2310 2286
f 2137 2152 2252
f 2285 2311 2286
f 2252 2265 2296
f 2282 2309 2283
f 2329 2310 2311
f 2306 2282 585
f 2330 2311 2309
f 594 2306 585
f 2305 2331 2282
f 2312 2203 2332
f 2289 2314 2202
f 2196 2203 2312
f 2210 2219 2211
f 2199 2333 2315
f 2290 2291 2315
f 2334 2203 2202
f 2292 2091 2090
f 2335 2334 2314
f 2114 2292 2115
f 2333 2335 2315
f 2123 2114 2113
f 2336 2333 2199
f 2323 2123 2122
f 2293 2336 2091
f 2337 2338 2339
f 2340 2341 2342
f 2295 2049 2323
f 2049 2146 2136
f 2292 2114 2343
f 2087 2078 2088
f 2150 2104 2136
f 2344 2123 2323
f 2260 2121 2345
f 2048 2323 2049
f 2100 2346 2101
f 2320 2347 2321
f 2307 2053 2055
f 2198 2348 2349
f 2308 2280 2053
f 2350 2351 2352
f 2298 2135 2280
f 2353 2354 2355
f 2298 2299 2135
f 2329 2261 2296
f 2299 2152 2137
f 2252 2152 2265
f 2053 2280 2279
f 2296 2265 2310
f 2280 2135 2134
f 2329 2296 2310
f 2133 2137 2143
f 2330 2329 2311
f 2143 2252 2297
f 2331 2330 2309
f 2297 2296 2261
f 2282 2331 2309
f 2324 2329 2330
f 2306 2305 2282
f 2326 2330 2331
f 593 2304 2306
f 2356 2327 2305
f 593 2302 2304
f 2301 2356 2304
f 2334 2202 2314
f 2357 2358 2332
f 2335 2314 2315
f 2357 2332 2313
f 2313 2332 2203
f 2091 2336 2199
f 2359 2313 2334
f 2343 2293 2292
f 2360 2359 2335
f 2294 2343 2114
f 2361 2360 2333
f 2344 2294 2123
f 2362 2361 2336
f 2048 2344 2323
f 2363 2362 2293
f 2364 2079 2365
f 2095 2363 2343
f 2366 2367 2346
f 2047 2136 2103
f 2343 2294 2095
f 2093 2294 2344
f 2347 2368 2321
f 2369 2344 2048
f 2121 2370 2371
f 2142 2055 2054
f 2048 2047 2316
f 2054 2053 2279
f 2047 2103 2089
f 2101 2103 2102
f 2353 2355 2372
f 2100 2102 2142
f 2373 2349 2259
f 2374 2142 2054
f 2375 2376 2348
f 2377 2054 2279
f 2372 2355 2376
f 2322 2279 2134
f 2378 2379 2354
f 2145 2380 2133
f 2381 2382 2383
f 2356 2384 2385
f 2261 2329 2324
f 2356 2301 2384
f 2324 2330 2326
f 2301 2300 2386
f 2326 2331 2327
f 2387 2300 2388
f 2327 2331 2305
f 2327 2356 2385
f 2356 2305 2304
f 2384 2301 2386
f 2301 2304 2302
f 616 2300 607
f 2300 2302 607
f 2358 2218 2219
f 2203 2334 2313
f 2357 2218 2358
f 2334 2335 2359
f 2362 2389 2361
f 2335 2333 2360
f 2359 2390 2216
f 2333 2336 2361
f 2360 2391 2390
f 2336 2293 2362
f 2361 2389 2391
f 2293 2343 2363
f 2362 2392 2389
f 2294 2093 2095
f 2098 2393 2394
f 2344 2369 2093
f 2369 2048 2316
f 2392 2363 2364
f 2094 2364 2095
f 2371 2395 2396
f 2097 2397 2398
f 2103 2101 2089
f 2340 2093 2369
f 2260 2317 2347
f 2100 2142 2374
f 2369 2316 2250
f 2374 2054 2377
f 2316 2089 2088
f 2373 2320 2380
f 2279 2322 2377
f 2145 2373 2380
f 2134 2380 2322
f 2380 2134 2133
f 2100 2374 2399
f 2145 2133 2143
f 2374 2377 2400
f 2144 2143 2297
f 2377 2322 2321
f 2263 2297 2261
f 2322 2380 2320
f 2262 2261 2324
f 2373 2145 2198
f 2325 2324 2326
f 2198 2144 2375
f 2328 2325 2326
f 2375 2263 2372
f 2385 2328 2327
f 2372 2262 2353
f 2378 2353 2325
f 2388 2401 2387
f 2385 2381 2328
f 2388 615 2402
f 2384 2382 2385
f 2386 2300 2387
f 2386 2403 2350
f 2300 616 2388
f 2387 2401 2403
f 2388 616 615
f 1897 2207 2206
f 2207 2043 2208
f 2207 2208 2206
f 2208 2209 2211
f 2219 2404 2220
f 2210 2358 2219
f 2214 2405 2215
f 2357 2313 2218
f 2219 2218 2404
f 2313 2359 2216
f 2218 2217 2404
f 2359 2360 2390
f 2392 2406 2389
f 2360 2361 2391
f 2407 2217 2216
f 2363 2392 2362
f 2408 2407 2390
f 2095 2364 2363
f 2409 2408 2391
f 2340 2094 2093
f 2406 2409 2389
f 2250 2340 2369
f 2365 2406 2392
f 2077 2410 2411
f 2412 2413 2414
f 2316 2088 2250
f 2342 2079 2094
f 2411 2410 2412
f 2345 2396 2318
f 2101 2346 2087
f 2346 2100 2399
f 2340 2250 2341
f 2415 2416 2417
f 2374 2400 2399
f 2259 2347 2320
f 2377 2321 2400
f 2367 2087 2346
f 2317 2345 2318
f 2366 2346 2399
f 2418 2419 2276
f 2420 2399 2400
f 2421 2422 2120
f 2368 2400 2321
f 2423 2424 2422
f 2378 2354 2353
f 2144 2263 2375
f 2381 2379 2378
f 2263 2262 2372
f 2381 2383 2379
f 2262 2325 2353
f 2382 2352 2383
f 2325 2328 2378
f 2350 2403 2351
f 2378 2328 2381
f 2403 2401 2425
f 2381 2385 2382
f 2401 2402 2426
f 2382 2384 2350
f 2382 2350 2352
f 2350 2384 2386
f 2351 2403 2425
f 2403 2386 2387
f 2425 2401 2426
f 2401 2388 2402
f 2427 2402 2428
f 2402 615 629
f 1929 2200 1930
f 1947 1938 2213
f 2220 2212 2211
f 2200 1929 2206
f 2212 2221 2200
f 2429 2430 2228
f 2220 2221 2212
f 2390 2407 2216
f 2404 2222 2220
f 2391 2408 2390
f 2217 2431 2404
f 2389 2409 2391
f 2432 2431 2217
f 2075 2433 2434
f 2435 2432 2407
f 2364 2365 2392
f 2436 2435 2408
f 2094 2079 2364
f 2437 2436 2409
f 2340 2342 2094
f 2438 2437 2406
f 2275 2072 2410
f 2341 2250 2099
f 2438 2365 2073
f 2413 2439 2440
f 2088 2078 2099
f 2078 2087 2367
f 2080 2342 2441
f 2411 2441 2341
f 2275 2070 2072
f 2366 2399 2420
f 2341 2099 2411
f 2416 2442 2443
f 2400 2368 2420
f 2076 2078 2367
f 2318 2396 2096
f 2444 2367 2366
f 2345 2371 2396
f 2259 2320 2373
f 2366 2420 2086
f 2349 2373 2198
f 2420 2368 2319
f 2348 2198 2375
f 2368 2347 2317
f 2445 2446 2447
f 2375 2372 2376
f 2421 2119 2349
f 2448 2445 2449
f 2423 2421 2348
f 2450 2130 2451
f 2278 2423 2376
f 2131 2452 2453
f 2276 2278 2355
f 2452 2454 2455
f 2418 2276 2354
f 2456 2457 2458
f 2459 2418 2379
f 637 651 2458
f 2352 2460 2383
f 2427 2457 2461
f 2351 2462 2352
f 2402 2427 2426
f 2425 2463 2351
f 629 2428 2402
f 2426 2461 2464
f 629 638 2428
f 2427 2428 2457
f 2428 638 2458
f 2212 2200 2206
f 2201 1938 1930
f 2222 2405 2214
f 2221 2220 2222
f 2431 2222 2404
f 1948 1947 2465
f 2222 2431 2405
f 2217 2407 2432
f 2431 2432 2466
f 2407 2408 2435
f 2438 2467 2437
f 2408 2409 2436
f 2437 2409 2406
f 2468 2432 2435
f 2438 2406 2365
f 2469 2435 2436
f 2073 2365 2079
f 2469 2436 2470
f 2080 2079 2342
f 2470 2437 2467
f 2441 2342 2341
f 2467 2438 2075
f 2440 2471 2068
f 2099 2077 2411
f 2472 2074 2080
f 2473 2394 2474
f 2076 2367 2444
f 2472 2441 2412
f 2475 2476 2395
f 2366 2086 2444
f 2086 2420 2319
f 2410 2077 2275
f 2477 2478 2479
f 2368 2317 2319
f 2274 2076 2444
f 2396 2395 2097
f 2260 2347 2259
f 2444 2086 2085
f 2119 2259 2349
f 2086 2319 2084
f 2480 2111 2105
f 2349 2348 2421
f 2447 2417 2481
f 2348 2376 2423
f 2459 2448 2418
f 2376 2355 2278
f 2482 2483 2484
f 2355 2354 2276
f 2460 2130 2450
f 2354 2379 2418
f 2459 2379 2383
f 2424 2278 2277
f 2460 2459 2383
f 2277 2276 2419
f 2462 2460 2352
f 2419 2418 2448
f 2463 2462 2351
f 2448 2459 2450
f 2464 2463 2425
f 2130 2460 2462
f 2426 2464 2425
f 2131 2462 2463
f 2427 2461 2426
f 2452 2463 2464
f 2458 2457 2428
f 2485 2454 2461
f 637 2458 638
f 2456 2485 2457
f 2214 2201 2221
f 2201 2200 2221
f 2201 2213 1938
f 2486 2223 2225
f 2226 2487 2488
f 2405 2431 2466
f 2405 2466 2489
f 2466 2432 2468
f 2466 2468 2490
f 2468 2435 2469
f 2075 2434 2467
f 2436 2437 2470
f 2469 2491 2468
f 2073 2075 2438
f 2470 2492 2469
f 2080 2074 2073
f 2467 2493 2470
f 2441 2472 2080
f 2434 2493 2467
f 2494 2495 2067
f 2081 2083 2496
f 2441 2411 2412
f 2497 2433 2074
f 2394 2081 2498
f 2275 2077 2076
f 2497 2472 2414
f 2476 2499 2397
f 2444 2085 2274
f 2072 2413 2410
f 2498 2081 2496
f 2398 2500 2501
f 2319 2318 2084
f 2474 2070 2274
f 2479 2502 2503
f 2345 2317 2260
f 2474 2085 2473
f 2121 2260 2119
f 2473 2084 2096
f 2424 2504 2422
f 2119 2421 2120
f 2277 2505 2424
f 2421 2423 2422
f 2419 2506 2277
f 2423 2278 2424
f 2507 2370 2120
f 2508 2481 2111
f 2504 2507 2422
f 2509 2510 2511
f 2505 2504 2424
f 2446 2482 2415
f 2450 2459 2460
f 2505 2277 2506
f 2449 2506 2419
f 2512 2509 2511
f 2454 2513 2455
f 2130 2462 2131
f 2454 2485 2513
f 2131 2463 2452
f 2485 2456 2514
f 2452 2464 2454
f 2515 2516 2517
f 2454 2464 2461
f 2513 2485 2514
f 2485 2461 2457
f 2514 2456 2515
f 2456 2458 2516
f 660 2516 651
f 2516 2458 651
f 2214 2213 2201
f 2486 1948 2465
f 2489 2215 2405
f 2223 2465 2213
f 2215 2489 2224
f 2489 2466 2490
f 2489 2490 2518
f 2490 2468 2491
f 2490 2491 2519
f 2491 2469 2492
f 2434 2520 2521
f 2492 2470 2493
f 2492 2522 2491
f 2074 2433 2075
f 2493 2523 2492
f 2472 2497 2074
f 2434 2521 2493
f 2412 2414 2472
f 2433 2520 2434
f 2524 2525 2526
f 2413 2412 2410
f 2520 2433 2494
f 2495 2494 2497
f 2393 2082 2081
f 2070 2275 2274
f 2495 2414 2440
f 2527 2528 2499
f 2274 2085 2474
f 2473 2085 2084
f 2439 2072 2071
f 2096 2084 2318
f 2071 2070 2498
f 2394 2498 2474
f 2529 2530 2531
f 2371 2345 2121
f 2394 2473 2098
f 2504 2479 2507
f 2121 2120 2370
f 2505 2477 2504
f 2120 2422 2507
f 2475 2395 2371
f 2478 2107 2532
f 2503 2475 2370
f 2484 2533 2534
f 2479 2503 2507
f 2481 2535 2112
f 2449 2419 2448
f 2479 2504 2477
f 2445 2448 2450
f 2477 2505 2480
f 2451 2445 2450
f 2480 2506 2508
f 2132 2451 2130
f 2508 2449 2447
f 2513 2536 2509
f 2132 2131 2453
f 2455 2453 2452
f 2482 2451 2132
f 2453 2483 2132
f 659 673 2537
f 2455 2512 2453
f 2517 2537 2538
f 2513 2509 2455
f 2456 2516 2515
f 2514 2539 2536
f 2516 660 2517
f 2515 2538 2539
f 2517 660 659
f 2213 2465 1947
f 2486 1952 1948
f 2223 2224 2225
f 2223 2213 2215
f 2518 2487 2226
f 2224 2489 2518
f 2224 2518 2226
f 2518 2490 2519
f 2518 2519 2487
f 2519 2491 2522
f 2519 2522 2429
f 2522 2492 2523
f 2520 2540 2541
f 2523 2493 2521
f 2523 2542 2522
f 2497 2494 2433
f 2521 2543 2523
f 2414 2495 2497
f 2520 2541 2521
f 2544 2545 2546
f 2440 2414 2413
f 2540 2520 2494
f 2547 2548 2549
f 2413 2072 2439
f 2068 2067 2495
f 2501 2550 2082
f 2528 2551 2552
f 2070 2474 2498
f 2553 2471 2439
f 2083 2554 2555
f 2098 2473 2096
f 2553 2071 2496
f 2552 2551 2556
f 2096 2396 2097
f 2393 2081 2394
f 2557 2558 2338
f 2475 2371 2370
f 2393 2098 2398
f 2559 2560 2561
f 2370 2507 2503
f 2476 2397 2395
f 2532 2559 2562
f 2563 2476 2475
f 2107 2564 2559
f 2480 2505 2506
f 2563 2503 2502
f 2508 2506 2449
f 2502 2479 2478
f 2447 2449 2445
f 2478 2477 2105
f 2483 2565 2484
f 2445 2451 2446
f 2512 2511 2565
f 2446 2451 2482
f 2566 2567 2568
f 2482 2132 2483
f 2536 2569 2510
f 2483 2453 2512
f 2539 2538 2570
f 2512 2455 2509
f 2512 2565 2483
f 673 681 2571
f 2509 2536 2510
f 2536 2513 2514
f 2572 2537 2571
f 2539 2514 2515
f 2517 2538 2515
f 2570 2569 2539
f 659 2537 2517
f 2572 2570 2538
f 1952 2486 2205
f 2486 2465 2223
f 2486 2225 2205
f 1979 2573 2238
f 2225 2574 2205
f 2227 2229 2575
f 2429 2487 2519
f 2488 2574 2226
f 2487 2429 2228
f 2429 2522 2542
f 2429 2542 2430
f 2542 2523 2543
f 2541 2576 2577
f 2543 2521 2541
f 2543 2578 2542
f 2494 2067 2540
f 2541 2577 2543
f 2440 2068 2495
f 2540 2576 2541
f 2579 2580 2581
f 2471 2440 2439
f 2582 2540 2067
f 2496 2583 2553
f 2439 2071 2553
f 2496 2071 2498
f 2069 2068 2584
f 2585 2584 2471
f 2555 2586 2587
f 2583 2585 2553
f 2554 2526 2586
f 2398 2098 2097
f 2583 2496 2083
f 2551 2588 2589
f 2097 2395 2397
f 2501 2082 2393
f 2528 2590 2551
f 2478 2532 2502
f 2475 2503 2563
f 2499 2500 2397
f 2562 2561 2591
f 2527 2499 2476
f 2442 2592 2529
f 2105 2477 2480
f 2527 2563 2593
f 2111 2480 2508
f 2593 2502 2532
f 2594 2595 2596
f 2508 2447 2481
f 2415 2534 2416
f 2447 2446 2417
f 2565 2597 2533
f 2417 2446 2415
f 2511 2598 2597
f 2415 2482 2484
f 2416 2535 2417
f 2599 2600 2601
f 2484 2534 2415
f 2602 2603 2566
f 2565 2533 2484
f 2604 2605 2606
f 2511 2597 2565
f 2536 2539 2569
f 2510 2598 2511
f 681 680 2606
f 2569 2607 2608
f 2571 2606 2609
f 2537 2572 2538
f 2610 2607 2570
f 673 2571 2537
f 2609 2610 2572
f 1963 2611 1964
f 2205 2611 1963
f 2226 2574 2225
f 1978 1970 2612
f 2228 2488 2487
f 2613 2611 2574
f 2488 2227 2613
f 2614 2615 2616
f 2229 2430 2617
f 2430 2542 2578
f 2576 2618 2619
f 2578 2543 2577
f 2578 2620 2617
f 2540 2582 2576
f 2577 2620 2578
f 2067 2069 2582
f 2576 2619 2577
f 2580 2621 2622
f 2584 2068 2471
f 2618 2576 2582
f 2585 2471 2553
f 2064 2582 2069
f 2584 2065 2069
f 2549 2587 2545
f 2585 2547 2584
f 2587 2586 2623
f 2548 2547 2585
f 2586 2526 2624
f 2501 2393 2398
f 2548 2583 2555
f 2589 2588 2625
f 2398 2397 2500
f 2550 2554 2082
f 2560 2626 2561
f 2527 2476 2563
f 2550 2501 2627
f 2593 2563 2502
f 2627 2500 2552
f 2528 2552 2499
f 2561 2626 2628
f 2107 2478 2105
f 2528 2527 2629
f 2106 2105 2111
f 2629 2593 2562
f 2416 2443 2535
f 2111 2481 2112
f 2630 2631 2632
f 2481 2417 2535
f 2633 2564 2106
f 2592 2594 2634
f 2635 2633 2112
f 2595 2636 2637
f 2443 2635 2535
f 2636 2601 2638
f 2534 2442 2416
f 2630 2602 2631
f 2533 2639 2534
f 2631 2566 2640
f 2608 2598 2510
f 2641 2533 2597
f 2569 2608 2510
f 2642 2597 2598
f 2570 2607 2569
f 2599 2598 2608
f 2572 2610 2570
f 2603 2600 2607
f 2571 2609 2572
f 2567 2603 2610
f 681 2606 2571
f 2605 2567 2609
f 2574 2611 2205
f 2643 1970 1964
f 2488 2613 2574
f 2643 1964 2611
f 2228 2227 2488
f 1979 1978 2573
f 2430 2229 2228
f 2575 2643 2227
f 2578 2617 2430
f 2231 2575 2229
f 2619 2620 2577
f 2644 2231 2617
f 2620 2615 2644
f 2582 2064 2618
f 2619 2645 2615
f 2069 2065 2064
f 2618 2645 2619
f 2646 2647 2648
f 2547 2065 2584
f 2649 2618 2064
f 2555 2587 2548
f 2585 2583 2548
f 2555 2583 2083
f 2650 2065 2547
f 2625 2651 2652
f 2083 2082 2554
f 2587 2549 2548
f 2624 2525 2579
f 2653 2625 2652
f 2501 2500 2627
f 2625 2654 2651
f 2500 2499 2552
f 2524 2526 2550
f 2655 2656 2657
f 2629 2527 2593
f 2524 2627 2556
f 2564 2560 2559
f 2593 2532 2562
f 2633 2658 2564
f 2532 2107 2559
f 2564 2107 2106
f 2590 2629 2591
f 2443 2659 2635
f 2106 2112 2633
f 2443 2529 2659
f 2112 2535 2635
f 2658 2560 2564
f 2530 2634 2660
f 2661 2658 2633
f 2634 2596 2662
f 2639 2442 2534
f 2661 2635 2659
f 2641 2639 2533
f 2529 2443 2442
f 2642 2641 2597
f 2592 2442 2639
f 2599 2642 2598
f 2594 2639 2641
f 2600 2599 2608
f 2595 2641 2642
f 2607 2600 2608
f 2636 2642 2599
f 2568 2605 2663
f 2603 2607 2610
f 2663 2604 2664
f 2567 2610 2609
f 2663 2605 2604
f 2605 2609 2606
f 693 2604 680
f 2604 2606 680
f 2227 2643 2613
f 2643 2611 2613
f 2643 2575 2612
f 2229 2617 2231
f 2575 2230 2612
f 2237 2665 2666
f 2232 2644 2614
f 2644 2617 2620
f 2645 2649 2667
f 2615 2620 2619
f 2616 2645 2667
f 2645 2618 2649
f 2650 2544 2647
f 2649 2064 2066
f 2650 2066 2065
f 2646 2667 2649
f 2549 2650 2547
f 2646 2649 2066
f 2650 2647 2066
f 2546 2668 2669
f 2586 2555 2554
f 2544 2650 2549
f 2651 2670 2671
f 2554 2550 2526
f 2672 2652 2673
f 2550 2627 2524
f 2652 2651 2671
f 2627 2552 2556
f 2525 2624 2526
f 2674 2675 2676
f 2590 2528 2629
f 2525 2524 2677
f 2591 2629 2562
f 2677 2556 2589
f 2658 2678 2560
f 2562 2559 2561
f 2679 2588 2590
f 2680 2681 2682
f 2628 2679 2591
f 2681 2683 2684
f 2659 2531 2685
f 2633 2635 2661
f 2678 2626 2560
f 2686 2660 2687
f 2688 2678 2658
f 2660 2662 2689
f 2659 2685 2661
f 2690 2632 2691
f 2594 2592 2639
f 2531 2659 2529
f 2595 2594 2641
f 2530 2529 2592
f 2601 2630 2638
f 2595 2642 2636
f 2601 2602 2630
f 2636 2599 2601
f 2566 2568 2640
f 2601 2600 2602
f 2568 2663 2692
f 2602 2600 2603
f 2692 2663 2693
f 2566 2603 2567
f 2693 2664 2694
f 2568 2567 2605
f 2568 2692 2640
f 2604 693 2664
f 2663 2664 2693
f 2664 693 692
f 2643 2612 1970
f 1926 1993 2238
f 2231 2230 2575
f 2573 1978 2612
f 2644 2232 2231
f 2695 2573 2230
f 2615 2614 2644
f 2234 2695 2232
f 2645 2616 2615
f 2235 2234 2614
f 2616 2665 2235
f 2066 2647 2646
f 2667 2696 2665
f 2697 2056 2698
f 2646 2648 2696
f 2699 2700 2701
f 2621 2702 2703
f 2544 2549 2545
f 2623 2545 2587
f 2057 2647 2544
f 2525 2704 2579
f 2623 2586 2624
f 2623 2668 2545
f 2581 2580 2622
f 2677 2524 2556
f 2705 2623 2624
f 2679 2654 2588
f 2556 2551 2589
f 2588 2551 2590
f 2704 2525 2677
f 2679 2590 2591
f 2653 2677 2589
f 2626 2680 2706
f 2591 2561 2628
f 2654 2625 2588
f 2707 2682 2708
f 2709 2654 2679
f 2682 2684 2710
f 2688 2658 2661
f 2709 2628 2706
f 2685 2688 2661
f 2680 2626 2678
f 2688 2681 2678
f 2687 2689 2557
f 2685 2683 2688
f 2711 2691 2712
f 2634 2530 2592
f 2713 2685 2531
f 2596 2634 2594
f 2686 2531 2530
f 2638 2690 2714
f 2596 2595 2637
f 2630 2632 2690
f 2637 2636 2638
f 2637 2715 2596
f 2716 2717 2718
f 2638 2714 2637
f 2602 2566 2631
f 2630 2690 2638
f 715 2718 2719
f 2631 2720 2632
f 699 715 2719
f 2640 2721 2720
f 2694 2719 2722
f 2692 2723 2721
f 2664 692 2694
f 2693 2694 2722
f 2694 692 699
f 2230 2573 2612
f 2238 1993 1979
f 2239 2234 2233
f 2695 2230 2232
f 2614 2234 2232
f 2234 2239 2695
f 2237 2235 2665
f 2235 2614 2616
f 2696 2648 2724
f 2665 2616 2667
f 2666 2696 2724
f 2696 2667 2646
f 2648 2057 2056
f 2648 2647 2057
f 2546 2057 2544
f 2056 2724 2648
f 2668 2699 2669
f 2546 2545 2668
f 2705 2668 2623
f 2058 2057 2546
f 2704 2672 2580
f 2705 2624 2579
f 2705 2699 2668
f 2622 2621 2703
f 2653 2704 2677
f 2581 2705 2579
f 2625 2653 2589
f 2580 2579 2704
f 2653 2672 2704
f 2671 2670 2725
f 2706 2707 2726
f 2679 2628 2709
f 2680 2682 2707
f 2628 2626 2706
f 2709 2727 2654
f 2708 2710 2675
f 2681 2680 2678
f 2726 2709 2706
f 2683 2681 2688
f 2707 2706 2680
f 2686 2687 2728
f 2683 2685 2713
f 2660 2689 2687
f 2713 2531 2686
f 2660 2686 2530
f 2729 2683 2713
f 2662 2660 2634
f 2728 2713 2686
f 2714 2711 2730
f 2662 2596 2715
f 2690 2691 2711
f 2715 2637 2714
f 2715 2731 2662
f 2732 2733 2734
f 2714 2730 2715
f 2735 2736 2716
f 2690 2711 2714
f 719 2737 2718
f 2640 2720 2631
f 2738 2691 2632
f 2692 2721 2640
f 2739 2738 2720
f 2693 2723 2692
f 2740 2739 2721
f 2693 2722 2723
f 2717 2740 2723
f 699 2719 2694
f 2719 2718 2722
f 1926 2238 2240
f 2238 2573 2695
f 2240 2233 2236
f 2239 2238 2695
f 2239 2233 2240
f 2741 2742 2743
f 2743 2237 2666
f 2237 2233 2235
f 2743 2666 2741
f 2666 2665 2696
f 2666 2724 2741
f 2744 2745 2061
f 2724 2697 2741
f 2746 2747 2062
f 2748 2749 2750
f 2058 2546 2669
f 2058 2751 2698
f 2752 2753 2754
f 2581 2699 2705
f 2751 2058 2669
f 2699 2701 2669
f 2725 2755 2756
f 2581 2700 2699
f 2703 2702 2749
f 2756 2755 2757
f 2672 2653 2652
f 2672 2621 2580
f 2725 2758 2755
f 2759 2760 2761
f 2651 2654 2727
f 2707 2708 2762
f 2727 2709 2726
f 2727 2670 2651
f 2763 2764 2765
f 2726 2766 2727
f 2675 2767 2768
f 2684 2682 2681
f 2762 2726 2707
f 2728 2769 2770
f 2684 2683 2729
f 2687 2557 2769
f 2729 2713 2728
f 2729 2771 2684
f 2338 2772 2773
f 2728 2770 2729
f 2772 2774 2775
f 2731 2689 2662
f 2769 2728 2687
f 2711 2712 2776
f 2731 2715 2730
f 2731 2558 2689
f 2777 2732 2778
f 2730 2779 2731
f 2778 2734 2780
f 2711 2776 2730
f 2781 2735 2782
f 2720 2738 2632
f 2783 2712 2691
f 2721 2739 2720
f 2784 2783 2738
f 2723 2740 2721
f 2733 2784 2739
f 2722 2717 2723
f 2736 2733 2740
f 719 2718 715
f 2718 2717 2722
f 2020 2240 2030
f 2236 2018 2030
f 2240 2236 2030
f 2236 2743 2018
f 2237 2743 2236
f 2743 2742 2018
f 2742 2741 2785
f 2724 2056 2697
f 2741 2786 2785
f 2746 2785 2786
f 2058 2698 2056
f 2786 2741 2697
f 2701 2751 2669
f 2747 2786 2698
f 2751 2787 2747
f 2788 2754 2789
f 2622 2700 2581
f 2753 2787 2701
f 2700 2753 2701
f 2750 2749 2790
f 2673 2621 2672
f 2791 2700 2622
f 2670 2758 2725
f 2673 2652 2671
f 2673 2702 2621
f 2755 2759 2792
f 2766 2670 2727
f 2793 2673 2671
f 2708 2675 2674
f 2766 2726 2762
f 2766 2758 2670
f 2676 2768 2794
f 2710 2708 2682
f 2795 2766 2762
f 2771 2710 2684
f 2674 2762 2708
f 2769 2337 2796
f 2771 2729 2770
f 2771 2767 2710
f 2339 2773 2797
f 2770 2798 2771
f 2799 2800 2801
f 2558 2557 2689
f 2796 2770 2769
f 2779 2558 2731
f 2337 2769 2557
f 2712 2783 2802
f 2779 2730 2776
f 2779 2772 2558
f 2803 2777 2804
f 2776 2774 2779
f 2805 2780 2781
f 2738 2783 2691
f 2802 2806 2712
f 2739 2784 2738
f 2807 2802 2783
f 2740 2733 2739
f 2732 2807 2784
f 2808 2737 718
f 2736 2740 2717
f 2782 2716 2737
f 2716 2736 2717
f 718 2737 719
f 2737 2716 2718
f 2698 2786 2697
f 2746 2745 2785
f 2809 2810 2811
f 2747 2698 2751
f 2753 2791 2754
f 2787 2751 2701
f 2791 2753 2700
f 2752 2062 2787
f 2702 2812 2749
f 2791 2622 2703
f 2791 2748 2754
f 2813 2790 2814
f 2793 2702 2673
f 2748 2791 2703
f 2758 2759 2755
f 2793 2671 2725
f 2793 2812 2702
f 2815 2792 2816
f 2795 2758 2766
f 2756 2793 2725
f 2817 2764 2763
f 2795 2762 2674
f 2795 2759 2758
f 2794 2818 2819
f 2767 2675 2710
f 2760 2795 2674
f 2796 2820 2821
f 2767 2771 2798
f 2337 2339 2820
f 2798 2770 2796
f 2798 2822 2767
f 2764 2797 2655
f 2338 2337 2557
f 2821 2798 2796
f 2772 2338 2558
f 2820 2796 2337
f 2774 2806 2823
f 2772 2779 2774
f 2806 2802 2799
f 2774 2776 2806
f 2802 2807 2800
f 2806 2776 2712
f 2806 2799 2823
f 2824 2825 2805
f 2784 2807 2783
f 2800 2799 2802
f 2733 2732 2784
f 2777 2800 2807
f 2781 2782 2826
f 2734 2733 2736
f 2826 2808 734
f 2735 2734 2736
f 2826 2782 2808
f 2782 2735 2716
f 734 2808 718
f 2808 2782 2737
f 2745 2746 2061
f 2746 2786 2747
f 2827 2811 2828
f 2062 2747 2787
f 2754 2748 2789
f 2752 2787 2753
f 2752 2788 2063
f 2811 2829 2828
f 2749 2812 2790
f 2748 2703 2749
f 2748 2750 2789
f 2815 2816 2830
f 2755 2792 2757
f 2812 2793 2756
f 2812 2831 2790
f 2830 2816 2832
f 2756 2831 2812
f 2833 2819 2834
f 2676 2794 2835
f 2759 2795 2760
f 2768 2818 2794
f 2760 2674 2676
f 2822 2836 2818
f 2676 2675 2768
f 2822 2768 2767
f 2835 2760 2676
f 2820 2837 2838
f 2822 2798 2821
f 2822 2818 2768
f 2765 2655 2839
f 2821 2836 2822
f 2839 2657 2840
f 2773 2339 2338
f 2838 2821 2820
f 2775 2773 2772
f 2837 2820 2339
f 2823 2799 2841
f 2775 2774 2823
f 2775 2842 2656
f 2843 2844 2824
f 2823 2841 2842
f 2845 2824 2846
f 2799 2801 2841
f 2847 2846 2848
f 2732 2777 2807
f 2803 2801 2800
f 2804 2778 2825
f 2778 2732 2734
f 2848 2826 737
f 2780 2734 2735
f 737 2826 738
f 2781 2780 2735
f 2781 2826 2848
f 2826 734 738
f 2062 2061 2746
f 2059 155 2744
f 2752 2063 2062
f 2063 2059 2061
f 2754 2788 2752
f 919 2809 2811
f 2788 2810 2060
f 2849 2828 2850
f 2789 2829 2810
f 2851 2852 2853
f 2750 2813 2829
f 2830 2832 2854
f 2757 2792 2815
f 2831 2756 2757
f 2831 2855 2814
f 2854 2832 2856
f 2761 2792 2759
f 2815 2855 2757
f 2794 2819 2833
f 2761 2760 2835
f 2761 2857 2816
f 2858 2859 2860
f 2835 2857 2761
f 2860 2861 2862
f 2794 2833 2835
f 2839 2840 2863
f 2838 2837 2817
f 2836 2821 2838
f 2836 2864 2818
f 2865 2765 2866
f 2797 2837 2339
f 2817 2867 2838
f 2656 2797 2773
f 2764 2817 2837
f 2841 2801 2868
f 2656 2773 2775
f 2801 2803 2869
f 2842 2775 2823
f 2842 2870 2657
f 2871 2872 2843
f 2841 2868 2870
f 772 2845 2873
f 2777 2803 2800
f 2869 2868 2801
f 2778 2804 2777
f 2874 2869 2803
f 2780 2825 2778
f 2844 2874 2804
f 2846 2805 2848
f 2805 2825 2780
f 753 2848 737
f 2848 2805 2781
f 156 2809 162
f 2059 2744 2061
f 2788 2060 2063
f 2060 2059 2063
f 2789 2810 2788
f 919 162 2809
f 2875 900 2849
f 2829 2789 2750
f 2814 2855 2852
f 2813 2750 2790
f 2831 2814 2790
f 2850 2828 2813
f 2757 2855 2831
f 2852 2850 2814
f 2855 2876 2852
f 2877 2856 2878
f 2761 2816 2792
f 2830 2876 2815
f 2879 2880 2881
f 2857 2835 2833
f 2857 2882 2832
f 2883 2860 2880
f 2864 2819 2818
f 2834 2882 2833
f 2867 2864 2836
f 2859 2834 2819
f 2838 2867 2836
f 2861 2859 2864
f 2867 2884 2861
f 2885 2863 2886
f 2797 2764 2837
f 2763 2884 2817
f 2657 2870 2840
f 2655 2797 2656
f 2870 2868 2887
f 2657 2656 2842
f 2868 2869 2888
f 2870 2842 2841
f 2870 2887 2840
f 2889 2871 2890
f 2868 2888 2887
f 776 2890 2891
f 2804 2874 2803
f 2892 2888 2869
f 2825 2844 2804
f 2872 2892 2874
f 2873 2846 757
f 2824 2844 2825
f 757 2846 2847
f 2846 2824 2805
f 757 2847 753
f 2847 2848 753
f 2810 2809 2060
f 2809 156 2060
f 919 2811 2827
f 2811 2810 2829
f 2827 2828 2849
f 2828 2829 2813
f 2852 2876 2853
f 2850 2813 2814
f 2850 2852 2851
f 2893 2894 2895
f 871 870 2896
f 2876 2855 2815
f 2876 2897 2853
f 2898 2878 2899
f 2857 2832 2816
f 2854 2897 2830
f 2834 2859 2858
f 2882 2857 2833
f 2882 2900 2856
f 2881 2901 2902
f 2864 2859 2819
f 2858 2900 2834
f 2884 2763 2903
f 2861 2864 2867
f 2763 2765 2865
f 2884 2867 2817
f 2884 2903 2862
f 2904 2885 2886
f 2655 2765 2764
f 2865 2903 2763
f 2887 2888 2905
f 2839 2655 2657
f 2839 2863 2866
f 2906 2907 2908
f 2840 2909 2863
f 775 2889 2890
f 2887 2905 2909
f 776 775 2890
f 2874 2892 2869
f 2910 2905 2888
f 2844 2872 2874
f 2872 2911 2892
f 2890 2843 2845
f 2843 2872 2844
f 772 2873 756
f 2845 2843 2824
f 756 2873 757
f 2873 2845 2846
f 919 2827 906
f 2827 2849 906
f 906 2849 900
f 2875 901 900
f 2850 2851 2849
f 2912 901 2875
f 2851 2853 2875
f 883 890 2893
f 2830 2897 2876
f 883 2893 2895
f 2897 2854 2894
f 2896 2898 2913
f 2882 2856 2832
f 2877 2894 2854
f 2858 2860 2883
f 2900 2882 2834
f 2900 2899 2878
f 2914 2881 2902
f 2861 2860 2859
f 2883 2899 2858
f 829 2915 2916
f 2862 2861 2884
f 2862 2901 2880
f 2915 2904 2917
f 2903 2918 2901
f 2916 2917 2919
f 2839 2866 2765
f 2920 2918 2865
f 2866 2885 2920
f 810 2921 2906
f 2922 2905 2923
f 2909 2840 2887
f 2909 2922 2886
f 791 2924 2908
f 2892 2910 2888
f 2910 2923 2905
f 2892 2911 2910
f 2911 2907 2910
f 2872 2871 2911
f 2871 2908 2911
f 776 2891 772
f 2890 2871 2843
f 772 2891 2845
f 2891 2890 2845
f 2851 2875 2849
f 2893 890 901
f 2897 2912 2853
f 2912 2875 2853
f 2897 2894 2912
f 2925 885 2895
f 2895 2877 2925
f 2877 2854 2856
f 2900 2878 2856
f 2878 2925 2877
f 2913 2883 2879
f 2899 2900 2858
f 2899 2883 2913
f 852 2914 2926
f 2862 2880 2860
f 2880 2879 2883
f 2918 2920 2927
f 2901 2862 2903
f 2927 2920 2928
f 2918 2903 2865
f 2866 2920 2865
f 2927 2902 2918
f 2863 2885 2866
f 2885 2928 2920
f 2919 2923 2921
f 2886 2863 2909
f 2905 2922 2909
f 2922 2917 2886
f 2922 2923 2919
f 791 795 2924
f 2910 2907 2923
f 2907 2921 2923
f 791 2908 2889
f 2908 2907 2911
f 791 2889 775
f 2889 2908 2871
f 2894 2893 2912
f 2893 901 2912
f 883 2895 885
f 2895 2894 2877
f 885 2925 870
f 2925 2896 870
f 2896 2913 2929
f 2898 2925 2878
f 2929 2879 2930
f 2913 2898 2899
f 2913 2879 2929
f 848 852 2926
f 2901 2881 2880
f 2881 2930 2879
f 2926 2927 2931
f 2902 2901 2918
f 2902 2927 2926
f 829 833 2915
f 2927 2928 2931
f 813 829 2916
f 2885 2904 2928
f 2904 2932 2928
f 2916 2919 2933
f 2917 2904 2886
f 2933 2921 810
f 2919 2917 2922
f 2919 2921 2933
f 2906 794 810
f 794 2924 795
f 2906 2921 2907
f 2908 2924 2906
f 2924 794 2906
f 871 2896 2929
f 2896 2925 2898
f 871 2929 867
f 2929 2930 867
f 867 2930 851
f 2914 852 851
f 2881 2914 2930
f 2914 851 2930
f 848 2931 832
f 2926 2914 2902
f 2926 2931 848
f 2932 833 832
f 2928 2932 2931
f 2932 832 2931
f 2904 2915 2932
f 2915 833 2932
f 813 2933 814
f 2916 2915 2917
f 2916 2933 813
f 2933 810 814
f 2934 2935 2936
f 2937 2938 2939
f 2940 956 2939
f 2941 2942 2934
f 2943 2937 2944
f 2945 2946 2943
f 1199 1130 2947
f 2941 2940 2942
f 2948 2935 2949
f 2935 2950 2951
f 2952 2949 2953
f 2954 2950 2955
f 2954 2951 2950
f 2956 2957 2955
f 2958 2956 2959
f 2956 2960 2961
f 2962 2959 2963
f 2964 2960 2965
f 2964 2961 2960
f 2966 2962 2967
f 2968 2197 2969
f 2332 2358 2970
f 2966 2971 2972
f 2973 2958 2974
f 2964 2965 2210
f 2965 2358 2210
f 2965 2970 2358
f 2972 2974 2962
f 2957 2956 2961
f 2958 2970 2960
f 2950 2935 2948
f 2955 2957 2954
f 2955 2963 2959
f 2975 2952 2946
f 2936 2935 2951
f 2948 2963 2950
f 2953 2942 2938
f 2934 2936 2941
f 2934 2953 2949
f 2942 2940 2939
f 2942 2939 2938
f 2939 956 1202
f 2970 2958 2973
f 2970 2965 2960
f 2956 2958 2960
f 2973 2332 2970
f 2955 2959 2956
f 2959 2974 2958
f 2967 2948 2976
f 2963 2955 2950
f 2963 2948 2967
f 2977 2978 2945
f 2934 2949 2935
f 2949 2976 2948
f 2944 2947 2979
f 2953 2934 2942
f 2953 2938 2946
f 2939 1202 2937
f 2938 2937 2943
f 2937 1202 1201
f 2332 2973 2312
f 2972 2968 2969
f 2973 2974 2969
f 2980 2981 2966
f 2966 2967 2980
f 2962 2974 2959
f 2980 2976 2982
f 2967 2962 2963
f 2967 2976 2980
f 2945 2978 2975
f 2949 2952 2976
f 2952 2982 2976
f 2945 2943 2979
f 2946 2952 2953
f 2979 2943 2944
f 2943 2946 2938
f 1199 2944 1201
f 2944 2937 1201
f 2973 2969 2312
f 2969 2197 2312
f 2974 2972 2969
f 2972 2971 2968
f 2962 2966 2972
f 2966 2981 2971
f 2981 2980 2983
f 2980 2982 2983
f 2983 2982 2984
f 2982 2975 2984
f 2952 2975 2982
f 2975 2978 2984
f 2977 2945 2979
f 2945 2975 2946
f 2977 2979 2985
f 2944 1199 2947
f 2979 2947 2985
f 2947 1130 2985
f 2986 2987 2988
f 2989 2990 2991
f 2992 1000 2993
f 2994 2995 2996
f 1000 1712 2993
f 2988 2996 2995
f 2997 2998 2999
f 3000 3001 3002
f 3003 3004 3005
f 3006 3005 3004
f 3007 3006 3004
f 2745 2744 3007
f 2034 2019 3008
f 2991 3009 3010
f 2018 2989 2019
f 3011 3010 3001
f 3012 2998 3003
f 3013 3002 3014
f 2994 2996 2997
f 3015 3016 3017
f 3018 3017 2993
f 3018 3019 3020
f 1692 3021 1625
f 3015 3017 3020
f 3007 3004 3022
f 3007 2744 3006
f 3007 3022 2745
f 3008 2991 3011
f 3012 3003 3005
f 3009 3022 3004
f 2999 2998 3012
f 3010 3009 3003
f 2994 2997 2999
f 3001 3010 2998
f 2997 3002 3001
f 3023 3019 3021
f 2986 2988 2995
f 3014 3002 2996
f 2992 2987 2986
f 3016 3014 2988
f 2992 2993 2987
f 2993 3017 2987
f 2745 3022 2785
f 2018 2742 2989
f 3003 3009 3004
f 2990 2785 3022
f 3011 3001 3000
f 3010 3003 2998
f 3000 3002 3013
f 3001 2998 2997
f 3013 3014 3024
f 3002 2997 2996
f 3024 3016 3015
f 3014 2996 2988
f 2987 3016 2988
f 3016 3024 3014
f 3020 3017 3018
f 3017 3016 2987
f 1626 3018 1712
f 3018 2993 1712
f 3009 2990 3022
f 2990 2742 2785
f 3008 3011 3025
f 2991 2990 3009
f 3025 3000 3026
f 3011 2991 3010
f 3011 3000 3025
f 3027 2007 3028
f 3000 3013 3026
f 3029 2008 3027
f 3013 3024 3028
f 3023 1999 3029
f 3024 3015 3027
f 1692 2000 3021
f 3015 3020 3029
f 3018 1626 3019
f 3020 3019 3023
f 3019 1626 1625
f 2019 2989 3008
f 2989 2742 2990
f 2034 3008 3025
f 3008 2989 2991
f 2034 3025 2023
f 3025 3026 2023
f 2023 3026 2024
f 3026 3028 2024
f 3013 3028 3026
f 3028 2007 2024
f 3024 3027 3028
f 3027 2008 2007
f 3015 3029 3027
f 3029 1999 2008
f 3020 3023 3029
f 3023 2000 1999
f 1625 3021 3019
f 3021 2000 3023
f 3006 155 927
f 931 923 2999
f 926 3012 3005
f 2994 922 2995
f 2986 921 194
f 2986 194 2992
f 194 193 2992
f 193 930 2992
f 930 1000 2992
f 931 2999 3012
f 3006 2744 155
f 2995 921 2986
f 922 921 2995
f 923 922 2994
f 923 2994 2999
f 931 3012 926
f 926 3005 927
f 3005 3006 927
f 367 2197 2968
f 2981 2983 357
f 2971 361 366
f 351 2984 352
f 368 2978 2977
f 375 2977 2985
f 375 2985 378
f 2985 1130 378
f 1130 380 378
f 352 2978 368
f 2983 351 357
f 368 2977 375
f 2971 366 2968
f 2984 2978 352
f 2983 2984 351
f 366 367 2968
f 2981 357 361
f 2981 361 2971
f 3030 2040 2039
f 3031 2041 2040
f 3032 2961 3033
f 3033 3034 3035
f 3035 2042 2041
f 3034 2964 2210
f 3034 2210 2209
f 3031 3035 2041
f 3036 2957 3032
f 3037 2039 2036
f 3038 3037 2036
f 3039 3038 3040
f 3039 2936 2951
f 3040 3041 3039
f 3041 2936 3039
f 3042 2037 2038
f 3043 3042 3044
f 3043 3044 3045
f 3045 956 2940
f 943 944 3044
f 2043 3046 2209
f 2043 2042 3046
f 3046 3034 2209
f 3046 2042 3035
f 3031 3033 3035
f 3034 3046 3035
f 2964 3033 2961
f 2964 3034 3033
f 3030 3032 3031
f 3032 3033 3031
f 2040 3030 3031
f 2957 2961 3032
f 3037 3036 3030
f 3036 3032 3030
f 2039 3037 3030
f 2954 2957 3036
f 3038 3047 3037
f 3047 3036 3037
f 2954 3047 2951
f 2954 3036 3047
f 3047 3038 3039
f 2036 2035 3038
f 3047 3039 2951
f 3038 2035 3040
f 2037 3040 2035
f 3040 3042 3041
f 2037 3042 3040
f 2941 2936 3041
f 3044 3042 2038
f 3043 3041 3042
f 2941 3043 2940
f 2941 3041 3043
f 943 3044 2038
f 3045 2940 3043
f 944 3045 3044
f 944 956 3045
