# Generated by benchmark/pick_up_apple/mujoco_src/export.py
v -0.0078206434845924377 0.004559643566608429 0.0043144794180989265
v -0.0072960667312145233 0.0057843923568725586 0.0040491130203008652
v -0.0078868633136153221 0.004898355808109045 0.0034832353703677654
v 0.0050163567066192627 -0.0035895186010748148 0.0049427640624344349
v 0.0048654521815478802 -0.0043685245327651501 0.0042098769918084145
v 0.0057000773958861828 -0.0043378802947700024 0.0044349860399961472
v -0.0060523264110088348 0.0017794887535274029 0.005433917511254549
v -0.0066742980852723122 0.0013261786662042141 0.006059249397367239
v -0.0058669685386121273 0.00079929438652470708 0.0056477948091924191
v -0.0072263660840690136 -0.001956946449354291 -0.0047136694192886353
v -0.0075342701748013496 -0.0020840438082814217 -0.005350019782781601
v -0.0079536577686667442 -0.0029935550410300493 -0.0046754330396652222
v -0.0024246112443506718 0.0057490956969559193 0.00045855046482756734
v -0.0025714400690048933 0.0055862623266875744 0.0014387656701728702
v -0.0017146986210718751 0.0057195886038243771 0.0011088076280429959
v -0.0067243808880448341 -0.0056085558608174324 -0.0039437124505639076
v -0.0076907970942556858 -0.0056723421439528465 -0.0034034657292068005
v -0.0075382082723081112 -0.0052673276513814926 -0.0043729841709136963
v 0.005648838821798563 -0.004921899177134037 0.0037750517949461937
v 0.0056876987218856812 -0.00460008904337883 0.004133319016546011
v -0.0044951080344617367 -0.003425967413932085 0.0044017401523888111
v -0.0046438239514827728 -0.0042833373881876469 0.0036356041673570871
v -0.003405596362426877 -0.0039760707877576351 0.0038845108356326818
v -0.0038205524906516075 -0.0023652077652513981 -0.0056589045561850071
v -0.0037331681232899427 -0.0021509148646146059 -0.0064961644820868969
v -0.002977726049721241 -0.0019602598622441292 -0.0059848823584616184
v -0.0052915238775312901 0.0057704504579305649 0.00044120961683802307
v -0.0064709684811532497 0.0059495740570127964 0.00027334940386936069
v -0.0058005168102681637 0.0055891149677336216 0.0014720897888764739
v 0.0050583272241055965 0.0042593334801495075 0.0045758746564388275
v 0.0056074941530823708 0.0050920662470161915 0.003864542581140995
v 0.0047438680194318295 0.0049785478040575981 0.0037228523287922144
v 0.0038850679993629456 0.0043746591545641422 0.0042666257359087467
v 0.0030966682825237513 0.0035535353235900402 0.0048272795975208282
v 0.0042029567994177341 0.0036746682599186897 0.0048208748921751976
v 0.0081176282837986946 0.0017031299648806453 0.0054212515242397785
v 0.0077804853208363056 0.0013614665949717164 0.0065128407441079617
v 0.0081182336434721947 0.00052074360428377986 0.0055591403506696224
v 0.0081176767125725746 0.0019035874865949154 0.0043051023967564106
v 0.0081180743873119354 0.0010493170702829957 0.0046984115615487099
v 0.0081187691539525986 -0.00037662795512005687 0.0051150824874639511
v 0.0080803148448467255 -0.00054125534370541573 0.0059879310429096222
v 0.0081192059442400932 -0.0012427994515746832 0.0052669909782707691
v 0.0040295240469276905 0.0027998005971312523 0.0054310550913214684
v 0.0033757127821445465 0.0016522064106538892 0.0058000269345939159
v 0.0047200396656990051 0.0017401579534634948 0.00589419761672616
v 0.0074654915370047092 0.0027729237917810678 -0.0063695251010358334
v 0.007457454688847065 0.0018862296128645539 -0.0066682631149888039
v 0.0070639718323945999 0.0026176113169640303 -0.0072064097039401531
v 0.0056462017819285393 -0.0032756712753325701 0.00538221700116992
v 0.0050008520483970642 -0.0028241171967238188 0.0054227565415203571
v -0.0067960955202579498 -0.0050700446590781212 -0.0046691619791090488
v -0.0067629986442625523 -0.0052157645113766193 -0.0045040114782750607
v -0.0076929628849029541 -0.0042966245673596859 -0.0050644022412598133
v -0.0067626908421516418 0.0068516181781888008 0.001686417730525136
v -0.007763788104057312 0.0064106513746082783 0.0012880940921604633
v -0.0078072836622595787 0.005957095418125391 0.0022098093759268522
v -0.0043562762439250946 0.0062322206795215607 -0.0054932576604187489
v -0.0040176073089241982 0.0056231850758194923 -0.0061148018576204777
v -0.0050258557312190533 0.0055271890014410019 -0.0061941305175423622
v -0.0021109739318490028 -0.0040298360399901867 0.0039163064211606979
v -0.0026553303468972445 -0.003413372440263629 0.0044487915001809597
v -0.0060823429375886917 0.0054666129872202873 -0.0056329634971916676
v -0.0052989311516284943 0.0061723208054900169 -0.0054416828788816929
v -0.0010867727687582374 -0.0054329028353095055 0.0014914169441908598
v -0.00018908397760242224 -0.0056438585743308067 0.0007234275690279901
v -0.00019255056395195425 -0.0054193609394133091 0.001735174679197371
v 0.0051964027807116508 0.0027543054893612862 0.0056610312312841415
v 0.0056877550669014454 0.0019329733913764358 0.0060678543522953987
v 0.0056962147355079651 0.0026851287111639977 0.0057737375609576702
v -0.0066828913986682892 0.0023616810794919729 0.0061095384880900383
v -0.0061801583506166935 0.0026470297016203403 0.005091522354632616
v -0.0064191226847469807 -0.0047839204780757427 0.0030831675976514816
v -0.0064542964100837708 -0.0042465315200388432 0.0037977718748152256
v -0.0066784997470676899 -0.0051752780564129353 0.0036780887749046087
v -0.0074795554392039776 -0.00050654512597247958 -0.0065071652643382549
v -0.0074751237407326698 -0.00039063621079549193 -0.0056761009618639946
v -0.0074800737202167511 0.00036990770604461432 -0.0061083692125976086
v 0.0057161678560078144 0.006413227878510952 -0.0020038888324052095
v 0.0047822115011513233 0.0061894692480564117 -0.0023181156720966101
v 0.0050054769963026047 0.0062289335764944553 -0.0013340224977582693
v -0.0067367693409323692 0.0064821904525160789 0.002729061059653759
v -0.0067372140474617481 0.0062691345810890198 0.0031507045496255159
v -0.0066842725500464439 0.0062221130356192589 0.0021267340052872896
v -0.0066823526285588741 0.005212665069848299 0.0035613838117569685
v 0.0022857422009110451 -0.0028334867674857378 0.0051136743277311325
v 0.0016389304073527455 -0.0035850941203534603 0.0045837517827749252
v 0.002795160748064518 -0.0038030487485229969 0.0045028273016214371
v -0.0025957555044442415 -0.0026601932477205992 0.0049571949057281017
v -0.0015982366167008877 -0.0031912990380078554 0.0046858997084200382
v 0.0040041268803179264 -0.00369866075925529 0.004652007482945919
v -0.0062753194943070412 0.0035033507738262415 0.0045711519196629524
v -0.0052413716912269592 0.004015765618532896 0.0041188802570104599
v -0.006463625468313694 0.004344964399933815 0.0040216725319623947
v -0.0070079891011118889 -0.0042641605250537395 -0.0054715871810913086
v 0.0015879885759204626 -0.0048575745895504951 0.0032275479752570391
v 0.0016978040803223848 -0.0055015510879456997 0.0018934437539428473
v 0.0026848958805203438 -0.0052011348307132721 0.0027718839701265097
v -0.0034368019551038742 0.0060492958873510361 -0.0056758206337690353
v -0.0024455166421830654 0.0059159933589398861 -0.0059352600947022438
v -0.0032675594557076693 0.0057174395769834518 -0.0067099826410412788
v 0.0011508066672831774 0.005987000185996294 -0.0079038394615054131
v -0.00025700376136228442 0.0058758123777806759 -0.0080969985574483871
v 0.00017754289729055017 0.0061644772067666054 -0.0072087766602635384
v 0.0038858416955918074 -0.0050207646563649178 -0.0030298179481178522
v 0.0049871955998241901 -0.0050150048919022083 -0.0033401448745280504
v 0.0047868234105408192 -0.0055038309656083584 -0.002454203087836504
v -0.0042257593013346195 -0.0051480606198310852 -0.0019484467338770628
v -0.003400810994207859 -0.0053540566004812717 -0.0013879662146791816
v -0.0045811249874532223 -0.0055252169258892536 -0.00081452989252284169
v -0.0058947578072547913 -0.0055320579558610916 0.00078310968820005655
v -0.0065498063340783119 -0.0055622868239879608 0.0017128703184425831
v -0.0066774296574294567 -0.0060868593864142895 0.00091738248011097312
v -0.00070311070885509253 -0.0056444182991981506 -0.00030565442284569144
v -0.0013726886827498674 -0.0056023793295025826 0.00048470523324795067
v -0.0016353285172954202 -0.0055950614623725414 -0.00049431086517870426
v 0.0042446264997124672 -0.0059377425350248814 -0.00079983333125710487
v 0.0051401853561401367 -0.0060905967839062214 -9.409173799213022e-05
v 0.0041854437440633774 -0.0059610949829220772 0.0003588454273995012
v -0.004139504861086607 -0.0051946635358035564 0.0018340072128921747
v -0.0053198840469121933 -0.0053251856006681919 0.0017009583534672856
v -0.0045843985863029957 -0.0055456515401601791 0.00062086957041174173
v -0.0024145557545125484 -0.00557723268866539 0.00020025727280881256
v -0.0025072458665817976 -0.0055073658004403114 -0.0008716427837498486
v -0.0018374499632045627 -0.0051264055073261261 0.0022727143950760365
v -0.0025980982463806868 -0.0046779699623584747 0.0030773121397942305
v -0.0029755942523479462 -0.0051589510403573513 0.002075716620311141
v 0.0041627511382102966 -0.0022198483347892761 0.0055667906999588013
v 0.0034151533618569374 -0.0029626090545207262 0.0051177828572690487
v 0.0043097846210002899 -0.0030601124744862318 0.0051426617428660393
v -0.0079439682886004448 -0.0023889078292995691 -0.0039186719805002213
v -0.0017222329042851925 -0.0012580173788592219 0.0055416887626051903
v -0.00084238394629210234 -0.0016913218423724174 0.0054933410137891769
v -0.00079083000309765339 -0.00067617115564644337 0.0057183089666068554
v 0.005260084755718708 -0.0020017584320157766 0.0058820564299821854
v 0.0056566284038126469 -0.0027895697858184576 0.00557291554287076
v 0.0057196347042918205 -0.0022139213979244232 0.0058732219040393829
v -0.0079264678061008453 -0.0018688000272959471 0.0054005845449864864
v -0.0080446768552064896 -0.0008996881078928709 0.005138093139976263
v -0.0080804955214262009 -0.0015998217277228832 0.0043728076852858067
v 0.00044528557918965816 -0.0052246698178350925 -0.0023377761244773865
v 0.0014748878311365843 -0.0049185715615749359 -0.0029853344894945621
v 0.0014063667040318251 -0.0054849786683917046 -0.0018127819057554007
v -0.0074719805270433426 -0.0014271840918809175 -0.0069410665892064571
v -0.0074792499653995037 -0.0012576859444379807 -0.0058492892421782017
v 0.0033249547705054283 -0.0038611369673162699 -0.0043883631005883217
v 0.0041286763735115528 -0.004458162933588028 -0.0038840179331600666
v 0.0031021579634398222 -0.0045351311564445496 -0.0036867752205580473
v -0.0074470783583819866 0.0018480564467608929 -0.0052439142018556595
v -0.0075741391628980637 0.0023491410538554192 -0.0060684639029204845
v -0.007480250671505928 0.0012222384102642536 -0.0056816502474248409
v 0.0079845413565635681 -0.0055941138416528702 -0.0026031557936221361
v 0.0081226369366049767 -0.005420842207968235 -0.0019093053415417671
v 0.0076900720596313477 -0.0063262823969125748 -0.0020579935517162085
v 0.0081191845238208771 0.0015775833744555712 -0.005339660681784153
v 0.0081197302788496017 0.00051736837485805154 -0.0052391858771443367
v 0.0079920142889022827 0.0012115971185266972 -0.0061414893716573715
v -0.0079398788511753082 0.0027996702119708061 -0.0049945288337767124
v -0.0077011208049952984 0.0034073104616254568 -0.0058170212432742119
v 0.006890629418194294 -0.0067444336600601673 0.0014019975205883384
v 0.0066644228063523769 -0.0064964708872139454 0.0023111149203032255
v 0.0057221511378884315 -0.0059167109429836273 0.0018256887560710311
v 0.0027043747249990702 0.0025292688515037298 0.0054458919912576675
v 0.002756000030785799 0.0044148829765617847 0.0040975268930196762
v 0.0020141629502177238 0.0038495042826980352 0.0045809904113411903
v -0.0066112680360674858 0.0064005623571574688 -0.0030569748487323523
v -0.0076242247596383095 0.0065448647364974022 -0.0024870142806321383
v -0.0066851400770246983 0.0064973626285791397 -0.0017292259726673365
v 0.0011071991175413132 -0.0041744201444089413 0.0039844121783971786
v 0.0019549818243831396 -0.0042186537757515907 0.0040073506534099579
v -0.0066772731952369213 -0.0060465927235782146 -0.0011550937779247761
v -0.0066776513122022152 -0.0061368080787360668 -0.0021058907732367516
v -0.0062209577299654484 -0.0053185094147920609 -0.0017311426345258951
v 0.0011697346344590187 -0.0057290750555694103 0.00052192964358255267
v 0.0020969817414879799 -0.0058060935698449612 -0.00014837668277323246
v 0.0024156786967068911 -0.0057795774191617966 0.00079104956239461899
v 0.0066160606220364571 -0.006696073804050684 -0.0016135043697431684
v 0.006228854414075613 -0.0068590762093663216 -0.00059667031746357679
v 0.0058699487708508968 -0.0067077404819428921 -0.0015518136788159609
v -0.00173011957667768 0.0056377686560153961 -0.0031018923036754131
v -0.0020811017602682114 0.0055521270260214806 -0.0041726492345333099
v -0.0027749924920499325 0.0053370385430753231 -0.0033105676993727684
v -0.00059711752692237496 -0.0049467291682958603 -0.002766383346170187
v -0.0015981323085725307 -0.0049262670800089836 -0.0027050687931478024
v -0.0013397348811849952 -0.0044274213723838329 -0.0034733291249722242
v 0.0076803946867585182 -0.0035711631644517183 0.0056715519167482853
v 0.0066699907183647156 -0.0041294139809906483 0.0055708014406263828
v 0.0074705658480525017 -0.0045604370534420013 0.0050775222480297089
v -0.0024279812350869179 -0.0045941718854010105 -0.0031636245548725128
v -0.0028935039881616831 -0.0039890171028673649 -0.0038666629698127508
v -0.0020442858804017305 -0.0038651407230645418 -0.0040419995784759521
v -0.0067551606334745884 -0.006527317687869072 0.0021280052606016397
v -0.0066783437505364418 -0.0056620626710355282 0.0026780443731695414
v -0.0059546814300119877 -0.0050242496654391289 0.0024873437359929085
v -0.0067900447174906731 -0.0063427994027733803 0.0026838327758014202
v -0.0067427726462483406 -0.0064080683514475822 0.0024538463912904263
v 0.0081208841875195503 -0.0020996883977204561 -0.0035839122720062733
v 0.0081215882673859596 -0.0034182507079094648 -0.0036422864068299532
v 0.0081213498488068581 -0.0027242423966526985 -0.0045663397759199142
v 0.0067719081416726112 0.0060277227312326431 0.0037171337753534317
v 0.0062228841707110405 0.0064166691154241562 0.0030044605955481529
v 0.0057371752336621284 0.0062096747569739819 0.0032450600992888212
v -0.0052430033683776855 0.0053527280688285828 -0.0021360388491302729
v -0.004716421477496624 0.0056515894830226898 -0.0011849564034491777
v -0.0041015725582838058 0.0053848563693463802 -0.0018838569521903992
v 0.0011393195018172264 0.0032544243149459362 0.0049234833568334579
v 0.0011045332066714764 0.0040850350633263588 0.0042936950922012329
v 0.00038969898014329374 0.0036958316341042519 0.0045890160836279392
v -0.0034823354799300432 -0.0044226492755115032 -0.0033129488583654165
v -0.0033159393351525068 -0.0049672769382596016 -0.0024509599898010492
v -0.0040679522790014744 -0.0047754379920661449 -0.0027511708904057741
v 0.0055987285450100899 -0.0012127085356041789 -0.0074584395624697208
v 0.0066781174391508102 -0.00059789756778627634 -0.0074612782336771488
v 0.0066582844592630863 -0.0019003793131560087 -0.0073742130771279335
v 0.0012029922800138593 0.0032503220718353987 -0.0073417690582573414
v 0.0015273415483534336 0.0039031121414154768 -0.0077619045041501522
v 0.0021581652108579874 0.0033223466016352177 -0.0073717008344829082
v 0.0056944466196000576 -0.0022948100231587887 -0.0067517701536417007
v 0.0047804974019527435 -0.0020441666711121798 -0.0073218704201281071
v 0.00046209644642658532 -0.0055572586134076118 -0.0013527862029150128
v -0.00027175067225471139 -0.0055826501920819283 -0.0010006345110014081
v -0.00038152249180711806 -0.0053859460167586803 -0.0017828065901994705
v -0.0071374904364347458 0.0070789786987006664 -0.00032882572850212455
v -0.0075722499750554562 0.0069585591554641724 -0.0011216403217986226
v -0.0078273927792906761 0.0062524680979549885 -0.0004499211790971458
v 0.00067615421721711755 0.0058474987745285034 -0.0017043034313246608
v 0.00030909627093933523 0.0057440716773271561 -0.0026325881481170654
v -0.0003551225527189672 0.005722846370190382 -0.0018840658012777567
v 0.0057256766594946384 -0.0025819365400820971 0.0063371299766004086
v 0.0017000717343762517 0.0059420815669000149 -0.0015382752753794193
v 0.0010717579862102866 0.0059523810632526875 -0.00078258360736072063
v 0.0022073155269026756 0.005996145773679018 -0.00051736534805968404
v 0.0022242453414946795 0.0058841388672590256 -0.0022732783108949661
v 0.0013142665848135948 0.0058090975508093834 -0.0024396667722612619
v -0.0041388543322682381 0.0048619676381349564 -0.0066993297077715397
v -0.0046577951870858669 0.0051056561060249805 -0.0028239160310477018
v -0.003441912354901433 0.0053089521825313568 -0.0025820545852184296
v -0.0038342010229825974 0.0051534152589738369 -0.0034480106551200151
v 0.00045483562280423939 0.0058808210305869579 -0.00011513824574649334
v 5.4946434829616919e-05 0.0058763385750353336 -0.00096903700614348054
v -0.001375768450088799 0.0056004440411925316 -0.0021362334955483675
v -0.001106464653275907 0.0057933405041694641 -0.0010460966732352972
v 0.0013677616370841861 0.0059294160455465317 0.00013874827709514648
v -0.00070167967351153493 0.0056896805763244629 -0.0028479059692472219
v -0.0033149791415780783 0.0053798118606209755 -0.0041816779412329197
v -0.0043604662641882896 0.0057145827449858189 -0.0042944564484059811
v -0.0056620794348418713 -0.0045128259807825089 0.0033375294879078865
v -0.0056218025274574757 -0.0037050398532301188 0.0042277597822248936
v -0.0080699697136878967 0.0038067891728132963 0.0034441931638866663
v -0.0072753406129777431 0.0050130398012697697 0.0049607586115598679
v -0.0028081464115530252 -0.0019301889697089791 -0.0068890783004462719
v -0.0028900199104100466 -0.0022297031246125698 -0.0070808078162372112
v -0.0026605990715324879 -0.0022103392984718084 -0.0071459743194282055
v -0.0039487644098699093 -0.0028161059599369764 -0.004824833944439888
v -0.0031763534061610699 -0.0025002441834658384 -0.0052295029163360596
v -0.0028320539277046919 -0.0032249509822577238 -0.0045985756441950798
v -0.0065177613869309425 0.0054126530885696411 0.0025943554937839508
v -0.0056706317700445652 -0.0033222762867808342 -0.0045416033826768398
v -0.0065736435353755951 -0.0034812421072274446 -0.0047894804738461971
v -0.0060794590972363949 -0.002335273427888751 -0.0053208116441965103
v -0.0017588370246812701 -0.0031371519435197115 -0.0047471746802330017
v -0.0023414436727762222 -0.0025535491295158863 -0.0053483946248888969
v -0.0015154636930674314 -0.002637241268530488 -0.0054130088537931442
v 0.0024442055728286505 -0.0033104452304542065 -0.0049132048152387142
v 0.0024222438223659992 -0.0026260849554091692 -0.0059806043282151222
v 0.0035448423586785793 -0.0031901046168059111 -0.0051906798034906387
v 0.0056939874775707722 -0.003825291758403182 -0.0048825154080986977
v 0.0050899568013846874 -0.0043608332052826881 -0.0041171247139573097
v 0.0044369185343384743 -0.0037775065284222364 -0.0046088681556284428
v 0.0057807867415249348 -0.0040197991766035557 -0.0056158397346735001
v 0.0057316981256008148 -0.004558071494102478 -0.004862222820520401
v 0.0057219224981963634 -0.0035858696792274714 -0.0054198629222810268
v 0.00059729930944740772 -0.0046229325234889984 0.0034340054262429476
v 0.00045805034460499883 -0.0051604043692350388 0.0025199593510478735
v 0.0065260534174740314 -0.0063161659054458141 -0.0027526712510734797
v 0.0074707558378577232 -0.0060012671165168285 -0.0031993233133107424
v -0.0037803221493959427 -0.004727168008685112 0.002883820328861475
v 0.0026788755785673857 -0.0045897127129137516 0.003651981009170413
v -0.0070177465677261353 0.0049579376354813576 -0.0054467236623167992
v -0.0072238934226334095 0.004202838521450758 -0.0060109533369541168
v -0.0077387192286550999 0.0041925003752112389 -0.0050971354357898235
v 0.0053382194600999355 0.0030732341110706329 -0.0072339908219873905
v 0.006395372562110424 0.0033571277745068073 -0.0073837204836308956
v 0.0061199036426842213 0.0023067069705575705 -0.0073169488459825516
v 0.0041744010522961617 0.0059932470321655273 -0.0057638911530375481
v 0.0048145847395062447 0.0064796758815646172 -0.005196649581193924
v 0.0052376408129930496 0.0058913398534059525 -0.0058622537180781364
v 0.0031280659604817629 0.0059617320075631142 -0.0061805890873074532
v 0.0039002739358693361 0.0052749430760741234 -0.0064127068035304546
v 0.003464242909103632 0.0057949605397880077 -0.0072512864135205746
v -0.0048328861594200134 0.006658144760876894 -0.0045450860634446144
v -0.002363801933825016 0.0053813639096915722 -0.0073330379091203213
v -0.0020342308562248945 0.0059986729174852371 -0.0069804689846932888
v -0.0023843550588935614 0.0055150273256003857 -0.0023944105487316847
v -0.00022459177125710994 0.0020302794873714447 0.0054658520966768265
v 0.00085959752323105931 0.0017318688333034515 0.0056451950222253799
v 0.000688239058945328 0.0024968767538666725 0.0053180037066340446
v 0.0019023804925382137 -0.0017724939389154315 0.00563052948564291
v 0.0022574183531105518 -0.00069511495530605316 0.005874069407582283
v 0.0011911524925380945 -0.00088501221034675837 0.0058133434504270554
v 0.0057896138168871403 -0.0059515754692256451 -0.0034215832129120827
v 0.0057870554737746716 -0.0066318647004663944 -0.0018383972346782684
v 0.0056458744220435619 -0.0057778311893343925 -0.0020987470634281635
v -0.0023246004711836576 0.0015707858838140965 0.0054980283603072166
v -0.0019879043102264404 0.0023042813409119844 0.0052569876424968243
v -0.0027536682318896055 0.0022337462287396193 0.0052477838471531868
v 0.0042142467573285103 -0.0057102437131106853 0.0015274864854291081
v 0.0033915473613888025 -0.0058168303221464157 0.00085748115088790655
v 0.0026715111453086138 0.0051537356339395046 -0.0071173165924847126
v 0.0057128975167870522 0.0053245881572365761 0.0034778770059347153
v 0.0056847063824534416 0.0057826722040772438 0.0026453272439539433
v 0.0047842818312346935 0.0055837561376392841 0.0027659679763019085
v -0.0015561021864414215 0.00543239526450634 0.0020913644693791866
v -0.0018268318381160498 0.0049236714839935303 0.0030747575219720602
v -0.00095661688828840852 0.0051039964891970158 0.0029032144229859114
v 0.0010100118815898895 0.00087150960462167859 0.0057845027185976505
v 8.0360259744338691e-05 0.0010353799443691969 0.0057299528270959854
v 0.0081197209656238556 -0.0019918896723538637 0.0044043418020009995
v 0.0080291042104363441 -0.0023101642727851868 0.0056721353903412819
v 0.0081203924492001534 -0.0031108278781175613 0.0038180325645953417
v 0.0081203719601035118 -0.0029766750521957874 0.0048472629860043526
v 0.0080655487254261971 -0.0038823941722512245 0.0046035922132432461
v 0.0079784505069255829 -0.0026380347553640604 -0.0056397556327283382
v 0.0078939627856016159 -0.0018502238672226667 -0.0061401957646012306
v 0.0081208385527133942 -0.0016828266670927405 -0.004854484461247921
v 0.0080767376348376274 0.0061323698610067368 -0.00024874359951354563
v 0.0075921406969428062 0.0068805902265012264 0.0007166102877818048
v 0.0081162145361304283 0.0055307275615632534 0.0010275512468069792
v 0.0081166457384824753 0.0053335297852754593 -0.0013345688348636031
v 0.0077524185180664062 0.0066646169871091843 -0.0013545828405767679
v -0.007882959209382534 -0.0040868977084755898 0.0041883648373186588
v -0.0080342059955000877 -0.0031602389644831419 0.0041605536825954914
v -0.0080793462693691254 -0.003438898827880621 0.0031649905722588301
v 0.0079549495130777359 -0.0014274190180003643 0.0061297500506043434
v 0.0078523829579353333 -0.0057082739658653736 0.0029687413480132818
v 0.0081216655671596527 -0.0051462468691170216 0.0022482895292341709
v 0.0081014120951294899 -0.0048980005085468292 0.003310968866571784
v 0.0081166056916117668 0.0041449964046478271 0.0034864321351051331
v 0.0081004975363612175 0.0050551006570458412 0.003402418689802289
v 0.0080383839085698128 0.0046984306536614895 0.0040893200784921646
v -0.0066815288737416267 0.00055161508498713374 0.0062470631673932076
v -0.0067627355456352234 0.0014756140299141407 0.0068221553228795528
v -0.0010122100356966257 -0.0055212434381246567 -0.0011539674596861005
v -0.0012852929066866636 -0.0052785431034862995 -0.0019736003596335649
v 0.0021241919603198767 0.005744514986872673 -0.0072620841674506664
v 0.0015162405325099826 0.0049058510921895504 -0.0075980015099048615
v -0.0072598312981426716 0.0070493058301508427 0.0007562756072729826
v -0.0077611482702195644 0.006542036309838295 0.00032445733086206019
v 0.0062968111597001553 0.0067607415840029716 0.0021490100771188736
v 0.0056195841170847416 0.0060082171112298965 0.0022605862468481064
v 0.0056614037603139877 0.0041179358959197998 -0.0071972650475800037
v 0.0047064991667866707 0.0038806407246738672 -0.0073218378238379955
v 0.0050208591856062412 0.004590124823153019 -0.0068949609994888306
v 0.0066955969668924809 0.0044362586922943592 -0.0069139441475272179
v 0.0042668129317462444 0.0045331125147640705 -0.0068749361671507359
v -0.0079047791659832001 -0.0045928638428449631 -0.0034502309281378984
v -0.0079323612153530121 -0.00499760452657938 -0.0025740768760442734
v -0.0080711245536804199 -0.0041054999455809593 -0.0027309129945933819
v -0.0047126682475209236 0.0040319771505892277 -0.0072425981052219868
v -0.0051263091154396534 0.0047303959727287292 -0.0068157552741467953
v -0.005724612157791853 0.0041370419785380363 -0.0071831466630101204
v 0.0029364484362304211 -0.0010651635238900781 -0.0074595329351723194
v 0.0031720418483018875 0.00010462473437655717 -0.0074651902541518211
v 0.0039422130212187767 -0.00059517286717891693 -0.0074616773054003716
v 0.0040880702435970306 0.00046346581075340509 -0.0074668070301413536
v 0.0022335017565637827 -0.00015657002222724259 -0.0074640517123043537
v 0.0024288943968713284 0.00082375039346516132 -0.0074687930755317211
v -0.0079291351139545441 -0.0045978878624737263 0.0032750298269093037
v -0.0080755855888128281 -0.0041544451378285885 0.0025268997997045517
v 0.0065660169348120689 0.0049607218243181705 -0.0058986213989555836
v 0.0057564214803278446 0.0051117460243403912 -0.0065405750647187233
v 0.0060645216144621372 0.0056472304277122021 -0.0056986445561051369
v -0.0052911639213562012 0.0031378145795315504 -0.007242976687848568
v -0.0064223869703710079 0.0033011988271027803 -0.0073488508351147175
v -0.0013616052456200123 0.0057434942573308945 -0.0061554461717605591
v -0.00046744494466111064 0.005914333276450634 -0.0059484057128429413
v -0.00062192778568714857 0.0060970005579292774 -0.0067180898040533066
v 0.0020134253427386284 0.0014459809754043818 0.0057615488767623901
v 0.0015895826509222388 0.0024416078813374043 0.0053939409554004669
v -0.0080166701227426529 0.0036240117624402046 -0.0040516392327845097
v 0.0056565324775874615 0.006047004833817482 0.0019810064695775509
v 0.0056492337025702 0.0062573142349720001 0.0012408760376274586
v 0.0048250658437609673 0.0059868372045457363 0.0017308276146650314
v 0.0022329036146402359 0.0049756192602217197 0.0034330252092331648
v 0.0016785848420113325 0.0053533231839537621 0.0027227951213717461
v 0.0010853797430172563 0.0048291590064764023 0.0034895141143351793
v 0.00016868123202584684 0.0043131886050105095 0.0039916518144309521
v -0.00096726015908643603 0.0044833873398602009 0.0037207433488219976
v 0.0057188677601516247 -0.00087633612565696239 0.0063081257976591587
v 0.0046479036100208759 -0.0011788411065936089 0.0059646456502377987
v 0.0056885788217186928 -0.0012053458485752344 0.0061454460956156254
v -0.0076292366720736027 -0.0033048333134502172 -0.0059677204117178917
v -0.0067982794716954231 -0.0027383470442146063 -0.006297246553003788
v -0.0066771265119314194 -0.0033259624615311623 -0.0056946589611470699
v -0.0012691890588030219 0.0058107837103307247 0.00020525808213278651
v 0.0034814330283552408 0.0057086646556854248 0.0021203486248850822
v 0.0038084960542619228 0.0060505201108753681 0.0010203863494098186
v 0.0027039998676627874 0.0059576882049441338 0.0011789313284680247
v -0.0053520277142524719 -0.0028276494704186916 0.0048680356703698635
v -0.0061503546312451363 -0.0029711236711591482 0.0047925026156008244
v -0.00022756095859222114 -0.0032274087425321341 0.0047500515356659889
v -0.00092650530859827995 -0.0040131732821464539 0.0040115737356245518
v 0.00015748293662909418 -0.0040714526548981667 0.0040228893049061298
v -0.0035093890037387609 -0.0030580849852412939 0.0046583479270339012
v 0.0047598825767636299 -0.00015382841229438782 0.0061118858866393566
v 0.004021890927106142 0.00071790831862017512 0.0059832148253917694
v 0.0034218260552734137 -0.00042107570334337652 0.0059311757795512676
v 0.0074052759446203709 -0.0020128593314439058 0.006600462831556797
v 0.0052012503147125244 -0.0058746929280459881 0.0016885695513337851
v 0.004934211727231741 -0.0054511222988367081 0.0026752662379294634
v 0.0057755038142204285 0.0058088614605367184 0.0039477883838117123
v 0.0057671777904033661 0.0055404091253876686 0.0042954334057867527
v 0.0066111362539231777 0.0053552077151834965 0.0046201492659747601
v -0.00073478987906128168 -0.0051207924261689186 0.0024320047814399004
v 0.0050265723839402199 -0.006018530111759901 0.00078927830327302217
v 0.0056843184866011143 -0.0050177169032394886 -0.0034769012127071619
v 0.0057226228527724743 -0.0056447754614055157 -0.0026195566169917583
v -0.007729419507086277 0.0020796717144548893 -0.0036746992263942957
v -0.0075319535098969936 0.0019953616429120302 -0.0045206607319414616
v -0.0075197047553956509 0.0011634272523224354 -0.0043369778431952
v -0.0071838228031992912 -0.00086395855760201812 -0.005063637625426054
v 0.0018349713645875454 0.0044346265494823456 0.0039846617728471756
v 0.0065357759594917297 -0.0058277584612369537 -0.0036877787206321955
v -0.0077320309355854988 -0.00022458634339272976 -0.0038376837037503719
v -0.0072736339643597603 0.00030014294316060841 -0.0049542649649083614
v 0.0035955575294792652 -0.0014301037881523371 0.0057889376766979694
v -0.0063443994149565697 -0.00087814073776826262 0.0056302566081285477
v -0.005301767960190773 -0.0012594476575031877 0.0055281170643866062
v -0.0054546850733458996 -0.00022468571842182428 0.005685590673238039
v 0.0010137371718883514 -0.002732554217800498 0.0051233870908617973
v -0.0080809546634554863 -0.00064474268583580852 0.0041257953271269798
v -0.0080810515210032463 -0.00022574044123757631 0.0032280122395604849
v -0.008080468513071537 -0.0013225928414613008 0.0031997654587030411
v -0.0048550204373896122 -0.0049625234678387642 -0.0025850473903119564
v -0.0044332686811685562 0.0051975278183817863 -0.0033093474339693785
v 0.0056736948899924755 -0.0048844735138118267 -0.0036525798495858908
v -0.0062924674712121487 -0.0020291619002819061 0.0052844677120447159
v -0.00695774145424366 -0.0038066045381128788 0.005798928439617157
v -0.006673064548522234 -0.0029202103614807129 0.0053391675464808941
v -0.0067625944502651691 -0.0024888308253139257 0.0064635653980076313
v 0.0049755275249481201 0.0034580053761601448 0.0051764100790023804
v 0.0016857702285051346 0.0015246253460645676 -0.0074713616631925106
v 0.0018957314314320683 0.0024535644333809614 -0.0072698085568845272
v 0.0026029257569462061 0.0017745797522366047 -0.0074557587504386902
v -0.0026579913683235645 0.0039447378367185593 0.0041638943366706371
v -0.0033240506891161203 0.0034548614639788866 0.004523454699665308
v -0.0024141697213053703 0.0030533394310623407 0.0048511396162211895
v 0.0027619029860943556 -0.0050427783280611038 -0.0029116948135197163
v 0.0022458545863628387 -0.0045809568837285042 -0.0035472882445901632
v -0.0077572627924382687 0.0024885623715817928 -0.0039704591035842896
v -0.00027803480043075979 0.0040214965119957924 -0.0089145135134458542
v -0.0012819279218092561 0.0045068874023854733 -0.0085008805617690086
v -0.00029537122463807464 0.004978683777153492 -0.0087110865861177444
v 0.0057168793864548206 0.0030601958278566599 0.0056513217277824879
v 0.0057080932892858982 0.0033969881478697062 0.0052791447378695011
v -0.0013399290619418025 0.0018186948727816343 0.0054834242910146713
v -0.001145375776104629 0.0028387322090566158 0.0050607104785740376
v -0.0065226173028349876 -0.0045863534323871136 -0.0035831329878419638
v -0.0055854986421763897 -0.0046834181994199753 -0.0030799407977610826
v -0.0065582524985074997 -0.0051271007396280766 -0.0027263914234936237
v 0.0081180157139897346 0.0034728036262094975 -0.0041249138303101063
v 0.0079136025160551071 0.003791948314756155 -0.0052254656329751015
v 0.0080102700740098953 0.0046320823021233082 -0.0042375787161290646
v -0.0046293106861412525 0.00058285018894821405 0.0056600267998874187
v -0.0036142901517450809 0.0015148172387853265 0.0054411981254816055
v -0.0050000264309346676 0.0015885770553722978 0.0054932059720158577
v -0.0013276672689244151 0.0054178694263100624 -0.0074668508023023605
v -0.0020283311605453491 0.0058214324526488781 -0.0072000352665781975
v -0.0033667755778878927 -0.0012565384386107326 0.0054652881808578968
v -0.0042513525113463402 -0.00054624991025775671 0.00555832264944911
v -0.0043251505121588707 -0.0016601281240582466 0.0053379707969725132
v -0.0067079686559736729 0.0069735036231577396 0.00074540282366797328
v -0.0066845128312706947 0.0066343070939183235 -0.00058695487678050995
v -0.0043089860118925571 0.0056915711611509323 -7.8068034781608731e-05
v -0.0036054335068911314 0.0056240507401525974 -0.00093806488439440727
v -0.007995174266397953 0.0055544166825711727 0.00034430669620633125
v 0.0071289609186351299 -0.0061865574680268764 0.0030479086562991142
v 0.0076551162637770176 -0.0062768706120550632 0.0022878125309944153
v 0.0048276521265506744 -0.0026141733396798372 -0.0063519161194562912
v 0.0025505302473902702 -7.0972666435409337e-05 0.0059345941990613937
v -0.0025710002519190311 -0.001773916301317513 0.0053650503978133202
v -0.0017115019727498293 -0.0021971208043396473 0.0052274749614298344
v -0.0045251795090734959 -0.0043715010397136211 -0.003474533325061202
v 0.0081221573054790497 -0.0048110405914485455 -0.0024333321489393711
v 0.0081218695268034935 -0.0045572030358016491 -0.0013233762001618743
v -0.0030528171919286251 -0.00033602799521759152 0.0056254998780786991
v -0.0026808802504092455 0.00063486781436949968 0.0056361476890742779
v -0.0036378928925842047 0.00036563829053193331 0.0056142108514904976
v -0.0054193981923162937 0.0012277233181521297 -0.007471864577382803
v -0.0057898527011275291 0.00039781967643648386 -0.0074678799137473106
v -0.006611228920519352 0.0010868995450437069 -0.0074713481590151787
v -0.0048469505272805691 0.0021010860800743103 -0.0073756505735218525
v -0.0040585254319012165 0.0030137917492538691 -0.0072136041708290577
v -0.0038240388967096806 0.0017764614894986153 -0.0074549508281052113
v -0.0045367544516921043 0.0012267580023035407 -0.007471736054867506
v -0.0034318177495151758 0.0056776152923703194 0.00075307028600946069
v 0.00073902955045923591 0.0058891330845654011 0.00064679386559873819
v -0.00013180420501157641 0.0058683557435870171 0.00054810591973364353
v 0.00042963554733432829 0.0057349582202732563 0.001506899599917233
v 0.0015587599482387304 0.0058986828662455082 0.0011429277947172523
v 0.0048220446333289146 0.0061947735957801342 0.00070159556344151497
v -0.0066951392218470573 0.0042747627012431622 -0.0068303509615361691
v -0.0052381935529410839 0.0051533221267163754 0.0025809749495238066
v -0.0016095108585432172 0.0037671022582799196 0.0043930434621870518
v -0.0019697872921824455 0.0043763741850852966 0.0037663059774786234
v -0.0052076363936066628 -0.0053062783554196358 -0.0017308726673945785
v 0.0049495766870677471 -0.0058488314971327782 -0.0016655208310112357
v -0.008081396110355854 0.0012692267773672938 1.8707041817833669e-05
v -0.0080816168338060379 0.001993721816688776 -0.0011565525783225894
v -0.008081117644906044 0.0010374222183600068 -0.001114789629355073
v -0.0024929910432547331 -0.002096372889354825 -0.0072922511026263237
v -0.0077984393574297428 0.0048549342900514603 -0.004111133050173521
v -0.0073185544461011887 0.0058662719093263149 -0.0041242931038141251
v -0.0074739223346114159 0.0052144285291433334 -0.0048096040263772011
v -0.005135528277605772 -0.0020915986970067024 0.0052469279617071152
v -0.0043869535438716412 -0.0025623340625315905 0.004977792501449585
v -7.1192312134371605e-06 -0.0022011660039424896 0.0053229536861181259
v -0.0054781916551291943 -0.0056004803627729416 -7.1280075644608587e-05
v -0.0065912771970033646 -0.0058542490005493164 -6.9577778049279004e-05
v 0.0028689485043287277 0.002651275834068656 -0.0072104036808013916
v 0.0031107601244002581 0.0035678073763847351 -0.0074376137927174568
v -0.0032924262341111898 -0.0054564825259149075 0.00098020420409739017
v -0.0021690619178116322 -0.0054417378269135952 0.0012650357093662024
v 0.00058958044974133372 -0.0055150869302451611 0.0014776019379496574
v -0.0065942187793552876 -0.0035865469835698605 0.0046432428061962128
v -0.0066799111664295197 -0.0046214554458856583 0.0046419305726885796
v -0.0034625723492354155 -0.0055232429876923561 -0.00020542278070934117
v 0.0013085114769637585 -0.0057458346709609032 -0.00073009001789614558
v 0.0024573167320340872 -0.0056981053203344345 -0.0011425274424254894
v -0.0058139665052294731 -0.005507082212716341 -0.00090124789858236909
v -0.0017609985079616308 -0.0054536997340619564 -0.0013078514020889997
v -0.005662641953676939 -0.0050782598555088043 -0.0023591460194438696
v -0.006677666213363409 -0.0045531117357313633 -0.0044542965479195118
v 0.0073324078693985939 -0.0055073723196983337 -0.0041362890042364597
v 0.0063280034810304642 -0.005321769043803215 -0.0043950141407549381
v 0.0015981770120561123 -0.0042913737706840038 -0.0038889721035957336
v -0.0062721502035856247 -0.0038609504699707031 -0.0041208541952073574
v 5.5921726016094908e-05 0.0030166269280016422 0.0050230193883180618
v 0.0081189880147576332 -0.005706446710973978 -0.0010965835535898805
v 0.0080776326358318329 -0.0059288977645337582 -0.0002267722156830132
v 0.0075047309510409832 -0.006728113628923893 -0.00072028604336082935
v 0.0081185996532440186 0.0025573042221367359 -0.0048504099249839783
v 0.0079041598364710808 0.0029861514922231436 -0.0057300934568047523
v -0.0080458857119083405 -0.0050541916862130165 0.00087382947094738483
v -0.0077707874588668346 -0.0062237512320280075 0.00094453617930412292
v -0.0078811850398778915 -0.0055356109514832497 0.0018385095754638314
v 0.0073771718889474869 -0.0009296874632127583 0.0068685980513691902
v 0.0062917210161685944 -0.00069054111372679472 0.0069453716278076172
v 0.0063460925593972206 -0.0016139419749379158 0.0067759673111140728
v -0.0079060625284910202 -0.0057135643437504768 -0.00030151437385939062
v -0.0048003531992435455 0.00026742578484117985 -0.0074671064503490925
v -0.0037929881364107132 0.00067271175794303417 -0.0074689360335469246
v -0.0039025950245559216 -0.00025521978386677802 -0.0074644372798502445
v 0.0078805554658174515 0.0061143757775425911 -0.0023743966594338417
v 0.0033555584959685802 0.004423562902957201 -0.0070141330361366272
v 0.0023329134564846754 0.004175905603915453 -0.0071638063527643681
v -0.0030817179940640926 0.0046150055713951588 -0.0069336830638349056
v -0.0038258731365203857 0.0040464126504957676 -0.0072345552034676075
v -0.0016123284585773945 -0.0015465528704226017 -0.0071616512723267078
v -0.0018343337578698993 -0.001906851539388299 -0.0060946205630898476
v 0.0056870076805353165 -0.0062029054388403893 -0.00029503548284992576
v 0.0057225297205150127 -0.0062494105659425259 0.00035805147490464151
v 0.00067464378662407398 0.0053551872260868549 0.0025465174112468958
v -0.00037190626608207822 0.005426427349448204 0.0022719085682183504
v 0.0057162600569427013 0.0045136362314224243 0.0045785587280988693
v 0.0057164453901350498 0.0040737297385931015 0.0049185692332684994
v 0.0057837590575218201 0.0045792330056428909 0.0053403088822960854
v 0.00029212338267825544 -0.0056910836137831211 -0.00036490600905381143
v -0.0076912781223654747 -0.0021560103632509708 0.0063471519388258457
v -0.0077718179672956467 -0.0027840356342494488 0.005711238831281662
v 0.007335304282605648 -1.582279583089985e-05 -0.0071060368791222572
v 0.0067441035062074661 0.00052718492224812508 -0.0074666957370936871
v 0.0074090887792408466 0.00089935964206233621 -0.0068853190168738365
v -0.0044948309659957886 0.0024366190191358328 0.0051444824784994125
v -0.0034681300166994333 0.0026834094896912575 0.0050045144744217396
v -0.0042680744081735611 0.0033068256452679634 0.004576138686388731
v 0.0041710282675921917 0.0015480387955904007 -0.0074704983271658421
v 0.0034094031434506178 0.0019915909506380558 -0.0074037881568074226
v 0.0040721963159739971 0.0028177374042570591 -0.0071929171681404114
v 0.0071174260228872299 0.0041277045384049416 -0.0059650884941220284
v 0.0019183401018381119 0.0057342778891324997 -0.006249534897506237
v 0.0067183300852775574 0.0045603765174746513 0.0053919446654617786
v 0.0058448691852390766 0.0043306979350745678 0.0055660172365605831
v -0.0080809034407138824 0.00034454127307981253 -1.1973036635026801e-05
v -0.0080808950588107109 0.00013789697550237179 0.00071591092273592949
v -0.0080792121589183807 -0.0024113866966217756 -0.0017189275240525603
v -0.0080791302025318146 -0.0022590986918658018 -0.0028901705518364906
v -0.0080786626785993576 -0.0032962332479655743 -0.0023109293542802334
v -0.0080796778202056885 -0.0016675005899742246 -0.0011899990495294333
v -0.0080799516290426254 -0.001362884184345603 -0.00037687720032408834
v -0.0080801937729120255 -0.00069206958869472146 -0.0011911574983969331
v -0.0080801025032997131 -0.00056746543850749731 -0.0023250768426805735
v -0.0080796573311090469 -0.0014830358559265733 -0.0020444330293685198
v -0.0080796210095286369 -0.0012929418589919806 -0.0030215089209377766
v -0.00807937141507864 -0.0023782625794410706 -0.00069304479984566569
v -0.008078782819211483 -0.0033497621770948172 -0.0012401874409988523
v -0.0080782826989889145 -0.0044058500789105892 -0.00082288280827924609
v -0.0080781811848282814 -0.0042498395778238773 -0.0018772189505398273
v -0.0080789551138877869 -0.0033419106621295214 -2.7503774617798626e-05
v -0.00031579329515807331 -0.0046614184975624084 0.0032999648246914148
v -0.0072190118953585625 -0.0066183088347315788 0.001955732936039567
v -0.007715162355452776 -0.0058020157739520073 0.0030066356994211674
v 0.0073558138683438301 -0.0028293665964156389 0.0063119069673120975
v 0.0051070037297904491 0.0019750262144953012 -0.007408027071505785
v 0.0059459637850522995 0.0012296182103455067 -0.0074702715501189232
v 0.0050016725435853004 0.00084466399857774377 -0.0074685323052108288
v 0.0069212173111736774 0.0016025811200961471 -0.0074709872715175152
v 0.0058068702928721905 9.1959234850946814e-05 -0.0074647571891546249
v -0.0074783507734537125 -0.0024646490346640348 -0.0065061100758612156
v -0.0072214207611978054 -0.0022136711049824953 -0.0072024925611913204
v -0.0018141313921660185 0.006048163864761591 -0.0051397993229329586
v -0.0012134483549743891 0.0053821960464119911 -0.0082735614851117134
v 0.0016590770101174712 0.0060331900604069233 -0.0041885459795594215
v 0.00097544951131567359 0.0058778142556548119 -0.0033808760344982147
v 0.0020329207181930542 0.0059342887252569199 -0.0031631903257220984
v -0.0013640563702210784 0.0039425198920071125 -0.0076259532943367958
v -0.0059550241567194462 0.0022035767324268818 -0.0073402035050094128
v 0.0081219645217061043 -0.0050111659802496433 -0.00027720004436559975
v 0.0081220855936408043 -0.0055017368867993355 0.00054593553068116307
v -0.0034662655089050531 -0.0021762771066278219 0.0051460596732795238
v 0.0057184090837836266 -1.4362557521963026e-05 0.0063323117792606354
v 0.0050924299284815788 0.00081552233314141631 0.0061412351205945015
v -0.0076699769124388695 0.0020484798587858677 0.0064955069683492184
v -0.007684377022087574 0.0030589222442358732 0.0061100563034415245
v -0.007867877371609211 0.0022584355901926756 0.0055950852110981941
v -0.0067216339521110058 0.0065541374497115612 0.0024998229928314686
v 0.0081171896308660507 0.002996060298755765 0.0036570623051375151
v 0.0081166448071599007 0.003954865038394928 0.0044763763435184956
v 0.0081166587769985199 0.0029341636691242456 0.005139270331710577
v 0.0056846179068088531 0.0061392886564135551 -0.0049775079824030399
v -0.0080827437341213226 0.0028208040166646242 0.0040535330772399902
v -0.0080825425684452057 0.0026417789049446583 0.0030580887105315924
v -0.0080822920426726341 0.0019988317508250475 0.0037004994228482246
v -0.007480476051568985 0.001289606443606317 -0.0067188097164034843
v -0.0071419915184378624 0.0023168530315160751 -0.0072941053658723831
v 0.0060782488435506821 0.0059955455362796783 -0.0038911178708076477
v 0.0072738686576485634 0.0056283627636730671 -0.0042435647919774055
v 0.0064169978722929955 0.0053714113309979439 -0.004903759341686964
v -0.0029799954500049353 0.005530504509806633 -0.0016736066900193691
v -0.0020360189955681562 0.0056308736093342304 -0.0015813666395843029
v 0.0081166801974177361 0.0044347420334815979 0.0018421842250972986
v 0.008116978220641613 0.0041603310965001583 0.0007419516914524138
v 0.0081206215545535088 -0.0020486277062445879 -0.0018858218099921942
v 0.0081206411123275757 -0.0023088997695595026 -0.0010310548823326826
v 0.0081210117787122726 -0.0028171122539788485 -0.0017736351583153009
v 0.0081176683306694031 0.003352179192006588 -0.0011584259336814284
v 0.0081173134967684746 0.0042055682279169559 -0.0018497369019314647
v 0.0081171374768018723 0.0043002646416425705 -0.00094466778682544827
v 0.0081173237413167953 0.0037587150000035763 -0.00022246825392358005
v 0.0081179020926356316 0.0026835761964321136 -0.00029527622973546386
v 0.0081175677478313446 0.0025890297256410122 0.0024752381723374128
v 0.0081178676337003708 0.0022308125626295805 0.0016831173561513424
v 0.0081173758953809738 0.00320597761310637 0.0015098947333171964
v 0.0081169437617063522 0.0050431536510586739 -0.0023778893519192934
v 0.0081175286322832108 0.0041153505444526672 -0.0030632135458290577
v 0.0081169884651899338 0.0036516061518341303 0.0026106599252671003
v 0.0081175211817026138 0.0031982308719307184 0.00049579428741708398
v 0.0081167351454496384 0.0048596803098917007 -0.0001670950441621244
v 0.0081195756793022156 0.00050234969239681959 -0.0040653478354215622
v 0.0081201670691370964 -0.00049727322766557336 -0.0045202258042991161
v 0.0081191463395953178 0.001429395517334342 -0.0044985748827457428
v 0.0081203030422329903 -0.0011583243031054735 -0.0029838711488991976
v 0.0081206159666180611 -0.0018444557208567858 -0.0026231845840811729
v 0.0065197017975151539 -0.0032948951702564955 0.0061170780099928379
v -0.0065131210722029209 -0.0013148150173947215 -0.0074597452767193317
v -0.0065442449413239956 -0.00012183035141788423 -0.0074654584750533104
v -0.0055814618244767189 -0.00054114195518195629 -0.0074632833711802959
v 0.0072378367185592651 0.0070797284133732319 -0.00039239739999175072
v -0.0028888457454741001 0.0024280538782477379 -0.0072777718305587769
v 0.001004292513243854 -0.0013874387368559837 -0.0073367450386285782
v 0.0013917909236624837 -0.0021339484956115484 -0.0065920739434659481
v 0.00036756257759407163 -0.0018606822704896331 -0.0065992367453873158
v 0.002155994763597846 -0.0018842589342966676 -0.0071225250139832497
v 0.0038137526717036963 -0.0026563433930277824 -0.0060931583866477013
v 0.0041056443005800247 -0.0022029087413102388 -0.0068030296824872494
v 0.0057218768633902073 -0.0033915219828486443 -0.0058315764181315899
v 0.0065847295336425304 -0.0028248860035091639 -0.0063382498919963837
v 0.0031774272210896015 -0.0021750824525952339 -0.0068663111887872219
v 0.0067796846851706505 -0.0037771468050777912 -0.0058040916919708252
v -0.0028547763358801603 -0.00022248971799854189 -0.0074644489213824272
v 0.0078864665701985359 -0.0047939014621078968 0.0042218621820211411
v 0.0070799272507429123 -0.0052877780981361866 0.0044593247584998608
v 0.0076593388803303242 0.0040424144826829433 0.0055145146325230598
v 0.007477298378944397 0.0033283424563705921 0.0060830134898424149
v 0.0060799657367169857 -0.0062692807987332344 0.002867523580789566
v 0.0057224100455641747 -0.0061624124646186829 0.00089066242799162865
v 0.0065954462625086308 -0.0068808621726930141 0.00033898805850185454
v 0.0069023547694087029 -0.0047002462670207024 -0.0050668842159211636
v 0.0081178760156035423 0.0018153269775211811 0.0032034260220825672
v 0.0081182541325688362 0.00094081292627379298 0.0038064536638557911
v 0.0081198429688811302 -0.0006697589997202158 -0.0015244191745296121
v 0.0081193884834647179 0.00013645878061652184 -0.0013135656481608748
v 0.0081196911633014679 -0.00059919024351984262 -0.00069218908902257681
v 0.0081194834783673286 -0.00051537837134674191 0.00048488075844943523
v 0.0081190746277570724 1.2018344932585023e-05 0.001422245055437088
v 0.0081195775419473648 -0.00101016357075423 0.0016929915873333812
v 0.0081201307475566864 -0.0015414463123306632 -0.00027307390701025724
v 0.0081201903522014618 -0.0014023400144651532 -0.0012391380732879043
v 0.0081206988543272018 -0.0026928223669528961 1.6087486073956825e-05
v 0.0081186015158891678 0.00080060563050210476 0.00183188880328089
v 0.0081189945340156555 -6.6482702095527202e-05 0.0023106199223548174
v 0.0081181051209568977 0.0016354725230485201 0.0022365564946085215
v 0.0081184534355998039 0.00082908832700923085 0.0027975686825811863
v 0.0081187225878238678 0.00085106218466535211 0.00076836987864226103
v 0.0081191128119826317 0.00040330621413886547 -0.00033813482150435448
v 0.008118889294564724 0.0010125745320692658 -0.0010520979994907975
v 0.0081190690398216248 0.00091652804985642433 -0.0019827636424452066
v 0.008118022233247757 0.0021791663020849228 0.00076371751492843032
v 0.0081182634457945824 0.0015400609700009227 0.0014550670748576522
v 0.0081183714792132378 0.0027751857414841652 -0.0040409122593700886
v 0.0081182029098272324 0.0029144140426069498 -0.0033503503073006868
v 0.0081183798611164093 0.0020670690573751926 -0.0013954407768324018
v 0.0081185037270188332 0.0015339734964072704 -0.00025596783962100744
v 0.0081179598346352577 0.0030894060619175434 -0.0022607676219195127
v 0.0081186769530177116 0.0018704470712691545 -0.0027875299565494061
v 0.0064255539327859879 0.0028962425421923399 0.0064164036884903908
v 0.0066665275953710079 0.002047310583293438 0.0067234230227768421
v 0.007652598898857832 0.0048266900703310966 0.0048642358742654324
v -0.0079477010294795036 0.0036296537145972252 0.0044300872832536697
v -0.0077219591476023197 0.0040167751722037792 0.005332606378942728
v 0.0057178554125130177 0.0010631661862134933 0.0062201535329222679
v 0.0056887445971369743 0.0015009061899036169 0.0061370725743472576
v 0.0072992243804037571 0.0064622377976775169 0.0028779120184481144
v 0.0057403971441090107 -0.0055292658507823944 -0.0040383860468864441
v 0.0057223783805966377 -0.0048398417420685291 -0.0039261807687580585
v 0.0057865804992616177 -0.0054000015370547771 -0.0042318273335695267
v -0.0080822426825761795 0.0023434513714164495 0.0020274883136153221
v -0.0080818980932235718 0.001475166529417038 0.0028494922444224358
v -0.0078763365745544434 -0.0041071777231991291 -0.0042014424689114094
v -0.0080805998295545578 -0.00058578973403200507 0.0013435973087325692
v -0.0080810002982616425 8.7328036897815764e-05 0.001663350616581738
v -0.0080815441906452179 0.0011518637184053659 0.0015301612438634038
v -0.0080825220793485641 0.0031990683637559414 0.00078485405538231134
v -0.008082185871899128 0.002808873075991869 -0.0001585717691341415
v -0.0080820750445127487 0.0023086373694241047 0.0009495855774730444
v -0.0080828461796045303 0.0034151661675423384 0.0022999781649559736
v -0.008083016611635685 0.0039899139665067196 0.0013365643098950386
v -0.0080825407058000565 0.0030517708510160446 0.0014804786769673228
v -0.0080806883051991463 -0.00065842911135405302 0.0022509892005473375
v -0.0080801127478480339 -0.0015485371695831418 0.001495018950663507
v -0.0080798370763659477 -0.0023180346470326185 0.0024359447415918112
v -0.0080802794545888901 -0.001456838333979249 0.0023473633918911219
v 0.0030212420970201492 -0.0055981813929975033 0.0017506941221654415
v 0.0058221248909831047 -0.0045403246767818928 0.0052266959100961685
v 0.0058183236978948116 -0.0036648365203291178 0.0058686425909399986
v -0.0054643754847347736 0.0057681817561388016 -0.00050961418310180306
v -0.005648456048220396 0.0056002875789999962 -0.0014196105767041445
v -0.0008862433023750782 -0.0025174471084028482 0.0051329713314771652
v 0.003016322385519743 -0.002086226362735033 0.0055371425114572048
v 0.0057192025706171989 -0.0014675143174827099 0.0061475220136344433
v 0.0057944371365010738 -0.00099248916376382113 0.0068859136663377285
v -0.0018775509670376778 -0.00019694838556461036 0.0056996387429535389
v -0.0025205658748745918 -0.00097589805955067277 0.0055842529982328415
v 0.0061708255670964718 0.0064415843226015568 -0.0029485679697245359
v 0.005343098659068346 0.0063570276834070683 -0.0031315572559833527
v 0.0057161962613463402 0.006426684558391571 -0.0022594365291297436
v 0.0030443801078945398 0.0060257958248257637 0.00026060713571496308
v 0.003360948758199811 0.0061273453757166862 -0.00066066690487787127
v 0.0075790546834468842 -0.0056145177222788334 0.0037287117447704077
v -0.0058306483551859856 0.0060838134959340096 -0.0047676414251327515
v -0.0056563210673630238 0.0064097931608557701 -0.0040899626910686493
v -0.005302774254232645 -0.0016519668279215693 -0.0074392776004970074
v -0.0059674005024135113 -0.0021906085312366486 -0.0066932816989719868
v -0.0021412780042737722 0.0042850105091929436 -0.0070967972278594971
v 0.00014618779823649675 0.003115661209449172 -0.0072988527826964855
v -0.00063244625926017761 0.0034202313981950283 -0.0081474455073475838
v 0.00066303130006417632 0.0034857632126659155 -0.0083639062941074371
v 0.0013085639802739024 0.0056302514858543873 0.0019943797960877419
v -0.0039367973804473877 0.0049863606691360474 0.0027640070766210556
v -0.0028195672202855349 0.0046506375074386597 0.0033741402439773083
v -0.0027136241551488638 0.0052148806862533092 0.0024295274633914232
v -0.0077150040306150913 -0.006049702875316143 -0.0024526715278625488
v -0.00089596869656816125 0.003061607712879777 -0.0072592585347592831
v -0.0079655582085251808 -0.0049011586233973503 0.0024674194864928722
v -0.0067238789051771164 -0.0051400838419795036 0.0045499885454773903
v 0.006585526280105114 -0.0058231581933796406 0.0037048349622637033
v 0.0057219620794057846 -0.005682860966771841 0.0033302002120763063
v 0.00053095555631443858 0.0043954742141067982 -0.0089537762105464935
v 0.0015137030277401209 0.0043470775708556175 -0.0086697088554501534
v 0.0077260429970920086 0.00024455541279166937 0.0067300074733793736
v 0.0077838674187660217 -0.0065324036404490471 0.00046148936962708831
v 0.0079913605004549026 -0.0059931506402790546 0.0013955231988802552
v -0.00039477707468904555 0.0058371038176119328 -0.00027509330539032817
v -0.0023719712626188993 0.0057290145196020603 -0.00067041401052847505
v -0.0032213455997407436 0.0057166852056980133 -9.6645540907047689e-05
v 0.00036496287793852389 -4.1645744204288349e-05 0.0058155795559287071
v 0.00011920862016268075 -0.0012094170087948442 0.0056483452208340168
v 0.0017359090270474553 0.0001845767255872488 0.0059084091335535049
v -0.0080766445025801659 -0.0045017166994512081 0.0017597575206309557
v -0.0080785593017935753 -0.0033883133437484503 -0.0034554884769022465
v -0.0077247465960681438 -0.0015937901334837079 -0.0037003788165748119
v -0.0080799525603652 -0.00051919178804382682 -0.0033053678926080465
v 0.0028236762154847383 -0.0012696883641183376 0.0057708616368472576
v 0.0057443203404545784 -0.0023742818739265203 0.0064607337117195129
v 0.0048616090789437294 0.0065121348015964031 -0.0041402359493076801
v 0.00073150143725797534 -0.0035827895626425743 0.0045286319218575954
v 0.0066445982083678246 0.0069680535234510899 0.0013231008779257536
v 0.0076231495477259159 0.0066484445706009865 0.0018141233595088124
v -0.0014272418338805437 -0.0046668541617691517 0.0032020977232605219
v -0.0038520691450685263 0.0041684112511575222 0.0038561716210097075
v 0.0023297597654163837 -0.0053818575106561184 -0.0021694190800189972
v -0.0080765234306454659 0.0019011488184332848 0.0046839481219649315
v -0.007907903753221035 0.001353799132630229 0.005689435638487339
v -0.0063433120958507061 -8.0249228631146252e-06 0.005753430537879467
v -0.0047060628421604633 -0.0035594210494309664 -0.0043548992834985256
v -0.0037205109838396311 -0.0037200276274234056 -0.0040673711337149143
v -0.0055227898992598057 -0.0040749539621174335 -0.0038682352751493454
v -1.4878148249408696e-05 -0.003588222898542881 -0.004432236310094595
v -0.00032497374922968447 -0.0043236319907009602 -0.0036979131400585175
v -0.0010476591996848583 -0.0037263934500515461 -0.00423808628693223
v 0.0028426649514585733 0.0005988028715364635 0.0059561650268733501
v 0.0081193726509809494 -0.00088345416588708758 0.0026891422457993031
v 0.0081199221312999725 -0.0018811087356880307 0.0025331261567771435
v 0.008118889294564724 -0.00015690576401539147 0.0034134562592953444
v 0.0081205768510699272 -0.0029577219393104315 0.0019094104645773768
v 0.0081204921007156372 -0.0025676896329969168 0.0010343906469643116
v 0.0081201260909438133 -0.0020240545272827148 0.0015956517308950424
v -6.3262894400395453e-05 0.0049594310112297535 0.0031845397315919399
v -0.0059652817435562611 0.0049905413761734962 -0.0066220443695783615
v -0.007204392459243536 0.0011904271086677909 -0.0050827427767217159
v 0.0058143176138401031 0.001722665736451745 0.0067860279232263565
v -0.0079203853383660316 0.002946771215647459 0.0050284210592508316
v 0.0039069498889148235 -0.0016565779224038124 -0.007436069194227457
v -0.0079633910208940506 0.0051932809874415398 -0.0023062524851411581
v -0.0077500753104686737 0.005678210873156786 -0.0033154948614537716
v -0.0080210492014884949 0.004415544681251049 -0.003165877191349864
v -0.0067179487086832523 0.0056812050752341747 -0.0048381355591118336
v -0.0064235883764922619 0.005765845999121666 -0.0010095050092786551
v 0.0079057365655899048 -0.0037374380044639111 -0.0051445742137730122
v 0.0079725505784153938 -0.0045943395234644413 -0.0041795680299401283
v -0.003017424838617444 0.0036340621300041676 -0.0074402852915227413
v 0.0056742876768112183 -0.0020303498022258282 0.0059638447128236294
v -0.0067650671117007732 -0.0017856205813586712 0.006710889283567667
v 0.0021189991384744644 0.0031352709047496319 0.0050558419898152351
v 0.0012921191519126296 0.0060884701088070869 -0.0051721548661589622
v 0.00061665306566283107 0.0059590069577097893 -0.0043506068177521229
v 0.0034858817234635353 0.0051054041832685471 0.0033277468755841255
v -0.0079534165561199188 -0.0052974768914282322 -0.0015922551974654198
v -0.0048072105273604393 0.0046786549501121044 0.003371167927980423
v 0.0037625376135110855 -0.0053446893580257893 0.0026014379691332579
v -0.0071852188557386398 0.0064575527794659138 0.0029031115118414164
v -0.0039747650735080242 0.0056689130142331123 -0.0046659219078719616
v -0.0010245128069072962 0.0057428139261901379 -0.0037858749274164438
v -0.0028490624390542507 0.0058508408255875111 -0.0049023632891476154
v 0.0042573623359203339 0.0061851972714066505 -0.00073846394661813974
v 0.0039118598215281963 0.0060977800749242306 -0.0015462404116988182
v -0.0050291074439883232 0.0064818267710506916 -0.0035330685786902905
v 0.0039031787309795618 0.0038804351352155209 -0.0073222904466092587
v 0.0072212652303278446 0.0035451955627650023 -0.0068072360008955002
v 0.0066129565238952637 0.0038010755088180304 0.0059436224400997162
v 0.0015207740943878889 0.00056363665498793125 -0.0074676559306681156
v -0.0016489822883158922 -0.00091025687288492918 -0.0073893512599170208
v -0.0024996222928166389 -0.0015098550356924534 -0.0074547687545418739
v -0.0041656815446913242 -0.0019466397352516651 -0.007363663986325264
v -0.003491685725748539 -0.0011874082265421748 -0.0074598444625735283
v 0.0019584044348448515 -0.0010081956861540675 -0.0074219233356416225
v -0.00095976499142125249 -0.00014145464228931814 -0.0074146920815110207
v -0.00078474613837897778 0.0008243523770943284 -0.0074692494235932827
v -0.00015641549543943256 2.7887470423593186e-05 -0.0074557699263095856
v -0.0017833556048572063 0.00043203256791457534 -0.0074674813076853752
v 5.2471870731096715e-05 0.00086181424558162689 -0.0074680987745523453
v 0.0013209393946453929 -0.00036630875547416508 -0.0073613421991467476
v -0.0004011044220533222 -0.0011611465597525239 -0.0073540783487260342
v -0.0010450523113831878 -0.0016078342450782657 -0.0072822542861104012
v -0.001347048906609416 -0.0015619320329278708 -0.0072715301066637039
v 0.00066840526415035129 0.00030310021247714758 -0.007466477807611227
v 0.00048872071783989668 -0.00051185727352276444 -0.0073600038886070251
v 0.00090605352306738496 0.0022417563013732433 -0.0073357545770704746
v -0.00021107356587890536 0.0018906771438196301 -0.0074287350289523602
v 0.00076695677125826478 0.0012359838001430035 -0.0074710329063236713
v -0.0016283444128930569 0.0018596089212223887 -0.0074372114613652229
v -0.0045499354600906372 -0.00087605108274146914 -0.0074615082703530788
v -0.0080813141539692879 -9.399225382367149e-05 0.0048123807646334171
v -0.0080814184620976448 0.00025891524273902178 0.0040261512622237206
v -0.0080818785354495049 0.0011663808254525065 0.0038925677072256804
v -0.0080815041437745094 0.00061408791225403547 0.0032896588090807199
v 0.008118554949760437 0.00019481887284200639 0.0044802865013480186
v 0.0081199724227190018 -0.0022128717973828316 0.0034282670821994543
v 0.0081203551962971687 -0.0027982329484075308 0.0029010565485805273
v 0.0081191044300794601 -0.00081113463966175914 0.0043524494394659996
v 0.0081209279596805573 -0.0041055595502257347 0.0037534239236265421
v 0.0081209363415837288 -0.0038706520572304726 0.0027955030091106892
v 0.0081194937229156494 -0.0013180136447772384 0.0034719319082796574
v -0.00076580746099352837 0.00037403186433948576 0.0057460316456854343
v 0.0031549173872917891 -0.0058686407282948494 -0.00015819903637748212
v 0.0081045851111412048 0.0055599063634872437 0.0024644813966006041
v 0.0048519554547965527 -0.00025686685694381595 -0.0074631948955357075
v 0.0046268799342215061 -0.0011579294223338366 -0.0074588432908058167
v 0.0033207926899194717 0.0011223307810723782 -0.0074701197445392609
v -0.0080822240561246872 0.0032294266857206821 -0.0014850859297439456
v -0.0080830557271838188 0.0045847366563975811 -0.0012491191737353802
v -0.008082573302090168 0.0040876041166484356 -0.0022323837038129568
v -0.0080806398764252663 0.00028298774850554764 -0.001688652322627604
v -0.0080807991325855255 0.00031884366762824357 -0.00067632022546604276
v -0.0080831442028284073 0.0046156011521816254 -0.00018427404575049877
v -0.0080826608464121819 0.003811197355389595 -0.00055364600848406553
v -0.0080827921628952026 0.0038340226747095585 0.00030916181276552379
v -0.0080802906304597855 -0.00097024242859333754 0.00056791328825056553
v -0.0080796880647540092 -0.0020553057547658682 0.00036339490907266736
v -0.0080805113539099693 -0.00036479314439930022 -0.00014639564324170351
v -0.007708047516644001 0.0010962628293782473 0.0065992437303066254
v -0.0078822402283549309 7.9329212894663215e-05 0.0059481482021510601
v -0.0071061472408473492 0.0004252350190654397 0.0069802696816623211
v 0.0079746851697564125 0.0021987534128129482 -0.005914648063480854
v -0.0074285776354372501 -0.0045982487499713898 0.0051595242694020271
v -0.0076164593920111656 -0.0053377179428935051 0.0042825187556445599
v -0.006740898359566927 -0.0059217484667897224 0.003484195563942194
v -0.0027999316807836294 0.0011651699896901846 -0.007471191231161356
v 0.0067638787440955639 0.00099078344646841288 0.0069428207352757454
v 0.0057634203694760799 0.00044290150981396437 0.0069176303222775459
v 0.0066372184082865715 0.0067522153258323669 -0.0021509022917598486
v 0.0067381872795522213 0.0069849072024226189 -0.0012208371190354228
v -0.0067385728470981121 -0.0068259532563388348 0.00050244719022884965
v -0.0075357696041464806 -0.00684389378875494 0.00027120823506265879
v -0.0072400616481900215 -0.0068635661154985428 -0.00059403752675279975
v 0.0074939173646271229 -0.0010458732722327113 -0.0067801964469254017
v -0.0077198604121804237 -0.0063237850554287434 -0.0015270656440407038
v -0.00051986903417855501 0.0037150795105844736 0.00451232073828578
v -0.0068374006077647209 -0.0061850850470364094 -0.0030635783914476633
v -0.0044907806441187859 0.0056435419246554375 0.0010470323031768203
v 0.0076908604241907597 0.0024648131802678108 0.0063156257383525372
v 0.00071815430419519544 -0.0042632683180272579 -0.003847731975838542
v 0.0012574276188388467 -0.0034360159188508987 -0.0046533872373402119
v 0.0035869870334863663 -0.0055554569698870182 -0.0019076027674600482
v 0.0047245360910892487 0.005253565963357687 -0.0064200926572084427
v 0.0054113101214170456 -0.006017973180860281 -0.0010308442870154977
v 0.0059683364816009998 -0.005321696400642395 0.0043970299884676933
v -0.0049081849865615368 -0.0049117156304419041 0.0026856586337089539
v 0.0056605278514325619 -0.0034699114039540291 0.0052227289415895939
v 0.0057366238906979561 -0.0038697083946317434 0.0056433393619954586
v -0.0074039227329194546 -0.00065681635169312358 0.0069441776722669601
v -0.0066814059391617775 -0.00039117605774663389 0.0065156342461705208
v 0.00083400378935039043 -0.0017663670005276799 0.0055517228320240974
v -0.00085808814037591219 -0.0016684419242665172 -0.0066401064395904541
v -0.0080804862082004547 0.00027718520141206682 -0.0027708513662219048
v -0.0036152685061097145 0.0054457415826618671 0.001732979086227715
v -0.0046023265458643436 0.0054320800118148327 0.0019403465557843447
v 0.0048406939022243023 -0.0032028399873524904 -0.0054253465496003628
v -0.0067028896883130074 0.005220435094088316 0.0046038557775318623
v 0.0034250989556312561 -0.004925677552819252 0.003312963992357254
v -0.0066835596226155758 0.0044780615717172623 0.0050088921561837196
v -0.0067186802625656128 0.0050507225096225739 0.0048065586015582085
v 0.0057165934704244137 0.0037411765661090612 0.0051172389648854733
v -0.0066827461123466492 0.0034597902558743954 0.0055773821659386158
v -0.0053978441283106804 0.0023192514199763536 0.0052255755290389061
v 0.0057554356753826141 0.0014717297162860632 0.0068174204789102077
v -0.001619972987100482 0.00090285408077761531 0.005660615861415863
v 0.0057271597906947136 0.00017893090262077749 0.0068991701118648052
v 0.0058174342848360538 -0.0007645053556188941 0.0069303163327276707
v 0.00095098046585917473 0.0059104240499436855 -0.0059668845497071743
v 0.00020452923490665853 0.0061244680546224117 -0.0053483564406633377
v 0.0034090597182512283 0.0059684962034225464 -0.0049389144405722618
v 0.0042314939200878143 0.0061714891344308853 -0.0047712894156575203
v -0.00085178052540868521 0.0061458921991288662 -0.0052533745765686035
v -0.00037407674244605005 0.0058628101833164692 -0.0044862306676805019
v -0.00121508096344769 0.0057808645069599152 -0.0045841457322239876
v 0.0074923373758792877 0.0034453633707016706 -0.0060109281912446022
v -0.002453669672831893 -0.0021138789597898722 -0.0070571401156485081
v -0.0022059744223952293 -0.0021201141644269228 -0.0072532454505562782
v -0.00082771171582862735 -0.0024488405324518681 -0.0057733245193958282
v 0.0017937846714630723 -0.0029630979988723993 -0.0053011388517916203
v 0.0010450301924720407 -0.002632856136187911 -0.0057911789044737816
v -0.0049588964320719242 -0.0027051167562603951 -0.0049330457113683224
v -0.00083184969844296575 -0.003014278830960393 -0.0049417978152632713
v 0.0079835308715701103 0.0054133469238877296 -0.003311611246317625
v 0.0079873204231262207 -0.0052039637230336666 -0.0033209400717169046
v 0.008121248334646225 -0.0041541201062500477 0.0016216520452871919
v 0.0081209894269704819 -0.0034601096995174885 0.0008427572320215404
v 0.0081197302788496017 -0.00024298709467984736 -0.0023345537483692169
v 0.0077593158930540085 0.005841531790792942 0.0034039162565022707
v 0.0022172557655721903 0.0056725591421127319 0.0019910586997866631
v -0.0078192856162786484 -0.0035131152253597975 0.0050308853387832642
v 0.0061555407010018826 0.0070723691023886204 0.00044536875793710351
v 0.0057158027775585651 0.0064270719885826111 0.00058061000891029835
v 0.0066109038889408112 -0.0048060482367873192 0.0049845869652926922
v 0.0033572826068848372 -0.0057573621161282063 -0.0010012008715420961
v 0.0081211915239691734 -0.0033359110821038485 -0.0010910808341577649
v 0.0081213777884840965 -0.0039225025102496147 -0.00019480811897665262
v 0.0081215556710958481 -0.0037108075339347124 -0.0022853519767522812
v 0.008121047168970108 -0.0026611180510371923 -0.0026224791072309017
v 0.0081202173605561256 -0.0012311640894040465 -0.0020884869154542685
v 0.0081199277192354202 -0.00032290519447997212 -0.0034627164714038372
v 0.0081204278394579887 -0.0011620060540735722 -0.003871189197525382
v 0.0081193475052714348 0.00066621240694075823 -0.00304206064902246
v 0.0081190895289182663 0.0013161057140678167 -0.0036531316582113504
v 0.0081186816096305847 0.0021409662440419197 -0.0038635681848973036
v 0.0072891279123723507 0.0048374952748417854 -0.0051191411912441254
v 0.0011202838504686952 0.006099233403801918 -0.006790300365537405
v -0.0080783721059560776 -0.0044839209876954556 0.00012505936319939792
v 0.007106950506567955 0.0062899212352931499 -0.0032557237427681684
v -0.0077874590642750263 -0.0012299952795729041 0.0061957333236932755
v -0.0064076273702085018 0.0056322747841477394 -0.0022377918940037489
v -0.0056171943433582783 0.0059275827370584011 -0.0029651590157300234
v -0.004854204598814249 -0.0020793697331100702 -0.0067478087730705738
v -0.0052403658628463745 -0.0021526562049984932 -0.0060024415142834187
v -0.0080811101943254471 0.0012904274044558406 -0.0021337182261049747
v -0.0080787865445017815 -0.0039214310236275196 0.00097047130111604929
v -0.0080791553482413292 -0.0034930512774735689 0.0019968657288700342
v -0.00807941984385252 -0.0027818249072879553 0.001191131304949522
v 0.0081164902076125145 0.0045579499565064907 0.0027514363173395395
v -0.0080075226724147797 -0.0025378104764968157 0.0047191064804792404
v -0.0080799805000424385 -0.0023694064002484083 0.0036731187719851732
v 0.007215872872620821 -0.0022702598944306374 -0.0068155028857290745
v -0.0080832736566662788 0.0046215616166591644 0.00063804589444771409
v -0.0080394810065627098 0.0051888506859540939 0.0013824206544086337
v 0.0079217711463570595 0.00013881591439712793 -0.0063855224289000034
v -0.0015575004508718848 -0.0014474954223260283 -0.007350096944719553
v 0.0066266749054193497 3.2649029890308157e-05 0.0069978269748389721
v -0.00585212092846632 0.0047182636335492134 0.0033117858693003654
v 0.0026097442023456097 0.005403412040323019 0.002738982206210494
v -0.0019829494412988424 0.0031929730903357267 -0.0072732348926365376
v 0.0081194974482059479 -0.00074736215174198151 -0.0056876111775636673
v -0.00076626049121841788 0.0057306415401399136 0.0013014134019613266
v -3.3803793485276401e-05 -0.002349579706788063 -0.0060547469183802605
v 0.00010779200965771452 -0.0028698279056698084 -0.0052489587105810642
v -0.0050647505559027195 0.006113177165389061 -0.0036246043164283037
v -0.0052498588338494301 0.006275553721934557 -0.0034941257908940315
v 0.0056486190296709538 0.0063314423896372318 0.00036962368176318705
v -0.0067659500055015087 -0.0066674584522843361 0.0016974379541352391
v 0.0027779075317084789 0.0060182767920196056 -0.0015392923960462213
v 0.0038205478340387344 0.0062128654681146145 -0.0039691631682217121
v 0.0044296993874013424 0.0062133911997079849 -0.0032538557425141335
v 0.0027499129064381123 0.0061192503198981285 -0.0040114549919962883
v 0.0033392054028809071 0.0059887967072427273 -0.0027500367723405361
v 0.0023503715638071299 0.00605807825922966 -0.0051173740066587925
v 0.006095868069678545 0.0070619573816657066 -0.00057550327619537711
v 0.0057877334766089916 0.0068457690067589283 -0.0017748145619407296
v 0.0057160225696861744 0.0064133899286389351 -0.00095347949536517262
v 0.0076633370481431484 0.0054594394750893116 0.0041520018130540848
v 0.0023247560020536184 -0.0040128990076482296 -0.0041864016093313694
v 0.0057969442568719387 -0.0034557399339973927 0.0059914747253060341
v -0.0080812806263566017 0.00040655216434970498 0.0024684385862201452
v -0.0080523500218987465 0.0046887467615306377 0.0024646320380270481
v -0.0077976044267416 0.0056095905601978302 0.0030606924556195736
v -0.005298166535794735 0.003072037361562252 0.0048341737128794193
v -0.0080819102004170418 0.0030211335979402065 -0.0029583906289190054
v -0.0080813495442271233 0.00077198556391522288 0.00484072370454669
v 0.0081217670813202858 -0.0050489157438278198 0.0012869737111032009
v 0.0081215705722570419 -0.0045058978721499443 0.00063812249572947621
v -0.0080365762114524841 0.0053587928414344788 -0.00058393477229401469
v -0.008081371895968914 0.0019719849806278944 -0.0028465988580137491
v 0.00023339559265878052 0.0058955615386366844 -0.0063271857798099518
v 0.0050122975371778011 0.0062367063947021961 -0.00025031346012838185
v 0.0056196069344878197 0.0062725115567445755 0.00011701950279530138
v 0.0065234494395554066 -0.0024828114546835423 0.006498685572296381
v -0.0071791671216487885 0.00333221978507936 -0.0065874704159796238
v -0.0080808671191334724 0.0011408705031499267 -0.0033155404962599277
v 0.0081220166757702827 -0.0043535931035876274 -0.0031664762645959854
v -0.0048248525708913803 -0.002085128566250205 -0.0053363540209829807
v -0.0074095036834478378 0.00027197576127946377 -0.0071343849413096905
v 0.0056552132591605186 -0.0057415268383920193 0.0023537224624305964
v -0.0064515792764723301 0.0063434806652367115 -0.004128333181142807
v -0.0080816484987735748 0.0023028992582112551 -0.0021094940602779388
v -0.0066799758933484554 0.0061956634745001793 0.001255221082828939
v -0.0078952144831418991 0.0058168130926787853 -0.0013711060164496303
v -0.0061540808528661728 0.006577908992767334 -0.0034755088854581118
v 0.0074085649102926254 -0.0031880037859082222 -0.0060883755795657635
v -0.0072780032642185688 -0.0006321211694739759 -0.0073020807467401028
v -0.0045063197612762451 -0.0021891994401812553 -0.0059250993654131889
v 0.0021707552950829268 0.0060118581168353558 0.00044775987043976784
v 0.0081200823187828064 -0.0017238374566659331 0.0007672205101698637
v -0.0066061494871973991 0.0047847838141024113 -0.0061035626567900181
v -0.00076885352609679103 0.0012301447568461299 0.0056530693545937538
v -0.0045818532817065716 -0.0021282907109707594 -0.0052946717478334904
v -3.6604782508220524e-05 0.0058217407204210758 -0.0035712101962417364
v -0.00060734676662832499 0.0061656595207750797 -0.007437780499458313
v 0.00087297474965453148 0.0052337427623569965 -0.0085679814219474792
v 0.00034071668051183224 -0.0047552403993904591 -0.0031492069829255342
v -0.0023307129740715027 -0.0052154422737658024 -0.0020057973451912403
v 0.003678751178085804 -0.0044080815277993679 0.0039864648133516312
v 0.0056544886901974678 0.006305295042693615 -0.0015482283197343349
v 0.0043766964226961136 -0.004917479120194912 0.0034361451398581266
v -0.0071958182379603386 0.0014343432849273086 -0.0050226137973368168
v 0.0040510939434170723 0.0060552181676030159 5.6932509323814884e-05
v 0.005635618232190609 -0.0042171073146164417 -0.0043490147218108177
v 0.0057225339114665985 -0.0061529343947768211 -3.9048241887940094e-05
f 1 2 3
f 4 5 6
f 7 8 9
f 10 11 12
f 13 14 15
f 16 17 18
f 19 20 5
f 21 22 23
f 24 25 26
f 27 28 29
f 30 31 32
f 33 34 35
f 36 37 38
f 39 36 40
f 41 42 43
f 44 45 46
f 47 48 49
f 50 51 4
f 18 52 53
f 18 54 52
f 55 56 57
f 58 59 60
f 23 61 62
f 63 64 60
f 65 66 67
f 68 69 70
f 71 7 72
f 73 74 75
f 76 77 78
f 79 80 81
f 82 83 84
f 83 2 85
f 86 87 88
f 89 62 90
f 5 4 91
f 92 93 94
f 52 54 95
f 96 97 98
f 99 100 101
f 102 103 104
f 105 106 107
f 108 109 110
f 111 112 113
f 114 115 116
f 117 118 119
f 120 121 122
f 116 123 124
f 125 126 127
f 128 129 130
f 12 131 10
f 132 133 134
f 135 136 137
f 138 139 140
f 141 142 143
f 76 144 145
f 146 147 148
f 149 150 151
f 152 153 154
f 155 156 157
f 158 159 150
f 160 161 162
f 34 163 44
f 34 164 165
f 166 167 168
f 87 169 170
f 171 172 173
f 174 175 176
f 177 178 179
f 180 181 182
f 183 184 185
f 186 187 188
f 189 190 191
f 192 112 193
f 112 194 193
f 193 195 196
f 197 198 199
f 200 201 202
f 203 204 205
f 206 207 208
f 209 210 211
f 212 213 214
f 215 216 217
f 212 218 219
f 220 221 222
f 223 224 225
f 226 227 228
f 136 229 137
f 230 231 232
f 230 233 234
f 235 60 59
f 236 237 238
f 239 231 240
f 228 241 242
f 231 243 232
f 244 180 241
f 238 245 246
f 227 244 228
f 247 248 74
f 249 1 3
f 250 2 1
f 251 252 253
f 254 255 256
f 83 85 257
f 251 25 252
f 258 259 260
f 261 262 263
f 264 265 266
f 267 268 269
f 270 271 272
f 96 273 274
f 96 170 169
f 248 22 21
f 275 276 154
f 127 126 277
f 170 278 88
f 279 280 281
f 282 283 284
f 285 286 287
f 288 289 290
f 291 58 64
f 292 101 293
f 241 180 294
f 295 296 297
f 298 299 300
f 301 302 303
f 304 305 306
f 307 308 119
f 289 309 290
f 310 311 312
f 313 314 315
f 316 296 317
f 318 43 319
f 320 321 322
f 323 324 325
f 326 327 328
f 329 330 326
f 331 332 333
f 334 43 42
f 335 336 337
f 338 339 340
f 341 8 342
f 343 344 222
f 345 346 102
f 347 223 348
f 349 350 201
f 312 311 350
f 351 352 353
f 351 354 283
f 355 353 352
f 356 357 358
f 359 360 235
f 361 360 359
f 362 363 364
f 364 363 365
f 363 366 367
f 247 22 248
f 368 333 369
f 370 371 372
f 373 374 361
f 375 376 377
f 378 379 296
f 158 380 281
f 381 382 383
f 384 385 386
f 387 207 386
f 388 315 314
f 389 390 391
f 392 393 394
f 381 350 349
f 350 383 312
f 13 15 395
f 396 397 398
f 21 399 248
f 399 400 248
f 401 402 403
f 404 62 89
f 405 406 407
f 334 408 319
f 307 409 410
f 411 412 413
f 65 67 414
f 119 118 415
f 416 417 106
f 418 419 420
f 237 294 182
f 421 77 145
f 33 164 34
f 207 165 422
f 276 275 423
f 424 425 421
f 390 426 128
f 427 428 429
f 86 430 87
f 431 432 433
f 108 434 211
f 222 344 183
f 97 96 274
f 236 238 435
f 106 268 436
f 437 400 399
f 438 439 440
f 441 30 35
f 442 443 444
f 445 446 447
f 148 448 449
f 419 418 450
f 451 452 453
f 68 454 455
f 278 170 96
f 193 196 192
f 456 295 457
f 458 459 460
f 461 462 463
f 464 465 466
f 467 292 468
f 469 470 471
f 223 472 473
f 474 475 204
f 476 348 225
f 225 348 223
f 45 406 46
f 335 477 478
f 218 479 219
f 407 480 299
f 481 482 132
f 483 209 211
f 484 485 153
f 486 487 488
f 489 490 491
f 492 493 494
f 492 495 489
f 14 13 496
f 497 239 498
f 499 500 497
f 383 501 397
f 502 361 374
f 503 29 257
f 445 504 505
f 206 165 207
f 110 506 108
f 436 416 106
f 507 303 302
f 487 465 488
f 487 304 465
f 508 509 510
f 252 511 253
f 23 404 21
f 512 513 514
f 515 516 471
f 517 401 430
f 88 87 170
f 518 111 519
f 520 217 521
f 96 169 273
f 16 458 460
f 473 168 224
f 127 522 523
f 524 97 274
f 122 121 111
f 123 523 522
f 345 309 346
f 525 526 74
f 527 124 123
f 115 123 116
f 175 528 529
f 110 518 530
f 343 531 344
f 173 532 506
f 506 532 434
f 483 434 459
f 533 53 52
f 534 423 535
f 536 449 142
f 394 259 95
f 533 259 537
f 29 84 257
f 295 538 457
f 484 153 152
f 539 540 541
f 202 201 350
f 462 542 543
f 544 545 546
f 547 548 549
f 545 544 550
f 551 552 553
f 353 371 351
f 329 554 330
f 555 521 556
f 293 468 292
f 235 557 558
f 559 560 251
f 40 36 38
f 561 178 562
f 563 499 564
f 565 566 567
f 66 114 568
f 569 570 440
f 571 572 573
f 574 575 576
f 577 578 579
f 370 580 354
f 472 347 55
f 345 581 288
f 345 288 290
f 582 567 583
f 508 584 585
f 586 587 588
f 589 590 591
f 591 592 593
f 594 593 592
f 595 586 596
f 597 596 598
f 599 596 597
f 273 403 600
f 546 601 602
f 186 319 603
f 604 605 606
f 49 48 607
f 572 213 608
f 579 604 577
f 393 609 610
f 309 289 555
f 375 100 611
f 453 612 103
f 147 268 106
f 524 67 66
f 211 434 483
f 613 614 615
f 452 616 467
f 617 373 492
f 618 619 540
f 620 516 404
f 405 621 622
f 371 354 351
f 623 624 625
f 55 626 84
f 504 447 457
f 627 628 629
f 286 630 287
f 631 632 633
f 634 635 491
f 636 637 638
f 639 640 294
f 641 642 328
f 643 644 645
f 646 647 648
f 56 348 476
f 646 649 650
f 651 652 653
f 654 647 655
f 651 656 627
f 461 463 655
f 653 657 642
f 648 658 649
f 642 657 649
f 659 660 156
f 155 542 661
f 197 662 663
f 664 186 603
f 617 489 491
f 665 666 667
f 668 327 326
f 669 494 493
f 670 671 672
f 265 671 673
f 479 674 675
f 676 218 677
f 673 362 678
f 265 673 678
f 676 677 679
f 680 553 552
f 681 188 682
f 683 684 629
f 685 161 477
f 686 687 160
f 271 688 535
f 689 627 39
f 39 690 689
f 691 692 693
f 694 695 696
f 697 644 698
f 699 644 697
f 695 700 701
f 702 689 703
f 700 695 704
f 627 689 651
f 705 692 706
f 706 692 707
f 708 709 704
f 542 461 710
f 710 461 711
f 708 650 657
f 653 652 708
f 712 706 707
f 713 650 708
f 711 714 715
f 16 533 458
f 716 69 717
f 628 340 718
f 188 322 186
f 322 321 186
f 538 297 206
f 1 719 720
f 622 721 722
f 349 201 723
f 724 725 726
f 460 173 172
f 9 466 7
f 632 727 728
f 729 12 54
f 730 731 585
f 732 585 731
f 733 734 735
f 736 737 738
f 724 423 301
f 736 632 249
f 739 730 740
f 740 741 742
f 307 743 308
f 162 161 685
f 97 743 98
f 744 187 745
f 746 204 747
f 90 748 482
f 749 128 426
f 294 640 241
f 750 751 391
f 752 753 132
f 754 755 756
f 757 758 232
f 759 335 337
f 760 761 291
f 665 762 763
f 764 557 292
f 101 59 99
f 765 766 767
f 768 563 385
f 769 770 771
f 772 357 17
f 773 616 766
f 368 369 774
f 775 75 526
f 776 777 685
f 414 274 600
f 284 604 282
f 767 778 779
f 38 37 780
f 433 739 742
f 781 541 540
f 781 619 782
f 160 687 781
f 395 498 783
f 13 784 785
f 786 134 787
f 300 299 788
f 774 369 789
f 790 356 358
f 790 358 588
f 791 594 792
f 793 426 407
f 794 137 229
f 630 795 636
f 517 133 748
f 133 482 748
f 132 753 481
f 441 44 68
f 169 87 796
f 135 391 390
f 797 798 327
f 74 73 247
f 414 600 799
f 414 125 65
f 524 66 174
f 576 446 800
f 111 113 519
f 143 801 529
f 416 724 301
f 670 673 671
f 625 802 803
f 341 804 9
f 805 806 483
f 807 537 258
f 808 809 810
f 429 470 464
f 480 407 811
f 790 729 356
f 812 813 696
f 703 690 814
f 815 816 817
f 42 780 547
f 315 818 564
f 658 326 328
f 658 328 642
f 60 360 819
f 235 360 60
f 819 360 361
f 763 610 665
f 425 78 77
f 609 11 145
f 421 145 11
f 149 151 820
f 150 634 151
f 717 69 821
f 719 631 822
f 160 782 478
f 327 798 328
f 539 541 154
f 551 490 489
f 552 495 494
f 296 316 378
f 131 790 587
f 362 823 678
f 824 825 826
f 445 505 770
f 827 279 514
f 746 828 28
f 829 198 830
f 764 831 557
f 750 832 794
f 437 427 833
f 570 438 440
f 34 165 834
f 835 836 613
f 164 33 837
f 388 387 818
f 357 772 838
f 769 503 839
f 410 840 307
f 626 55 841
f 383 397 396
f 842 58 291
f 180 244 843
f 844 245 181
f 237 639 294
f 240 242 783
f 845 846 758
f 205 475 639
f 246 291 847
f 640 784 242
f 506 530 173
f 521 848 579
f 352 282 579
f 49 283 849
f 716 684 850
f 367 366 851
f 680 852 853
f 252 25 854
f 252 855 853
f 362 856 366
f 857 858 859
f 860 857 852
f 861 859 858
f 856 862 366
f 863 864 865
f 748 401 517
f 866 867 859
f 867 863 859
f 442 868 443
f 861 869 870
f 871 869 858
f 556 309 555
f 872 762 667
f 431 873 874
f 874 875 876
f 40 38 877
f 236 203 205
f 878 320 879
f 880 877 41
f 320 881 882
f 41 43 880
f 39 40 690
f 883 878 813
f 884 134 786
f 700 704 709
f 702 652 651
f 300 786 787
f 635 374 617
f 451 766 452
f 558 557 831
f 373 359 493
f 885 308 176
f 171 530 519
f 478 782 336
f 886 798 723
f 665 667 762
f 608 887 606
f 888 219 823
f 889 367 444
f 212 219 888
f 890 891 892
f 893 894 510
f 895 896 897
f 890 734 896
f 730 585 898
f 898 590 899
f 900 585 584
f 508 735 734
f 901 902 903
f 904 543 542
f 775 905 906
f 454 850 583
f 775 906 907
f 623 71 624
f 680 908 860
f 195 601 196
f 26 560 262
f 182 181 245
f 909 821 910
f 406 45 811
f 911 912 330
f 913 914 915
f 444 367 442
f 217 443 215
f 866 859 861
f 860 858 857
f 868 442 870
f 823 362 364
f 865 852 863
f 869 861 858
f 872 854 762
f 868 869 765
f 860 908 871
f 606 577 604
f 916 213 571
f 275 154 177
f 179 302 177
f 915 917 171
f 387 918 208
f 43 334 319
f 905 331 906
f 16 919 17
f 27 920 474
f 684 921 629
f 922 808 923
f 809 185 810
f 95 533 52
f 16 53 533
f 142 922 536
f 141 222 183
f 460 919 16
f 924 107 507
f 258 805 807
f 772 919 172
f 289 285 925
f 926 302 179
f 110 109 527
f 519 913 915
f 120 127 277
f 19 927 20
f 928 277 22
f 775 526 905
f 929 744 930
f 525 400 439
f 88 129 86
f 606 365 577
f 129 749 86
f 388 918 387
f 833 440 437
f 931 833 932
f 429 804 427
f 365 889 577
f 787 933 300
f 934 864 863
f 592 935 792
f 347 472 223
f 936 920 937
f 841 82 626
f 84 626 82
f 118 117 926
f 841 83 82
f 766 616 452
f 467 612 452
f 936 937 769
f 83 841 2
f 396 837 312
f 307 840 743
f 676 272 938
f 94 85 939
f 940 98 840
f 92 94 941
f 941 942 250
f 943 583 566
f 457 918 504
f 944 941 720
f 943 455 454
f 454 583 943
f 71 8 7
f 466 945 7
f 821 946 721
f 456 304 947
f 929 50 4
f 342 903 341
f 222 221 343
f 948 621 949
f 749 426 793
f 915 171 519
f 320 322 881
f 337 336 882
f 321 318 319
f 541 781 687
f 835 950 951
f 285 952 953
f 725 724 416
f 376 375 954
f 803 623 625
f 667 551 872
f 955 954 956
f 580 957 849
f 594 592 792
f 824 826 892
f 469 486 470
f 686 562 687
f 251 958 959
f 251 253 958
f 255 254 24
f 560 934 960
f 265 961 962
f 929 4 6
f 256 255 262
f 260 963 258
f 960 964 263
f 264 961 265
f 964 810 261
f 271 267 272
f 428 471 470
f 168 473 828
f 821 722 946
f 375 293 100
f 402 600 403
f 313 315 564
f 785 475 474
f 473 28 828
f 965 554 654
f 534 830 966
f 160 478 161
f 631 719 249
f 107 417 303
f 712 714 646
f 652 709 708
f 704 705 713
f 882 967 815
f 813 817 696
f 706 713 705
f 968 815 967
f 422 165 164
f 703 701 700
f 969 707 692
f 815 968 816
f 813 815 817
f 812 701 814
f 723 200 970
f 202 310 411
f 396 398 971
f 303 507 107
f 166 513 825
f 580 849 354
f 438 972 905
f 491 635 617
f 382 973 974
f 372 630 638
f 459 434 532
f 682 975 927
f 77 76 145
f 682 776 759
f 976 885 529
f 284 605 604
f 49 284 283
f 754 636 755
f 187 744 975
f 976 924 117
f 485 977 978
f 485 484 979
f 979 980 645
f 977 645 644
f 644 699 977
f 698 643 981
f 980 197 663
f 982 660 659
f 662 982 969
f 662 983 982
f 659 984 982
f 985 715 984
f 542 710 986
f 197 325 983
f 156 661 659
f 637 987 638
f 605 572 608
f 376 954 951
f 581 988 950
f 359 558 493
f 664 745 187
f 475 785 784
f 535 726 271
f 724 726 535
f 720 250 1
f 989 550 544
f 825 513 512
f 433 432 739
f 754 911 990
f 973 382 797
f 902 139 991
f 342 623 901
f 166 992 993
f 637 636 990
f 622 621 721
f 572 571 213
f 763 762 994
f 763 995 260
f 893 996 935
f 445 800 446
f 586 589 593
f 997 998 999
f 899 590 595
f 338 1000 339
f 332 1001 1002
f 511 959 958
f 855 872 553
f 1003 324 323
f 354 371 370
f 476 1004 1005
f 729 54 18
f 286 285 953
f 57 841 55
f 1006 571 573
f 559 1007 865
f 259 258 537
f 277 928 120
f 547 1008 548
f 299 793 407
f 407 426 390
f 538 295 297
f 85 94 1009
f 34 834 163
f 837 1010 384
f 930 745 50
f 935 592 893
f 396 1010 837
f 771 14 936
f 773 766 765
f 247 194 928
f 121 120 928
f 176 743 97
f 846 845 81
f 66 65 115
f 529 924 976
f 1011 831 764
f 902 931 903
f 916 1012 324
f 721 946 722
f 670 862 856
f 156 660 1012
f 444 520 578
f 1013 498 395
f 934 1014 960
f 45 163 378
f 266 938 269
f 1014 672 962
f 964 960 1015
f 1016 1017 993
f 261 191 256
f 964 261 263
f 262 560 263
f 611 956 954
f 833 931 991
f 798 349 723
f 382 974 1018
f 266 269 146
f 1019 601 913
f 286 795 630
f 470 429 428
f 907 602 195
f 233 230 1020
f 1021 1022 795
f 234 615 614
f 1023 613 615
f 1024 615 233
f 1023 1021 952
f 611 844 181
f 1023 1025 613
f 1026 1027 1028
f 955 951 954
f 227 226 234
f 613 1025 835
f 490 551 667
f 174 176 97
f 765 767 215
f 610 763 393
f 1029 718 340
f 322 188 681
f 793 298 749
f 399 515 437
f 148 449 1030
f 655 711 461
f 649 646 648
f 229 1031 664
f 739 1032 731
f 1004 895 897
f 924 801 448
f 30 566 565
f 601 195 602
f 800 93 576
f 245 238 182
f 3 1033 249
f 1034 57 1033
f 495 551 489
f 772 917 838
f 576 575 446
f 838 598 357
f 1035 93 92
f 1032 432 876
f 728 875 633
f 432 874 876
f 802 625 822
f 1036 826 380
f 158 450 380
f 389 621 405
f 476 895 1004
f 249 719 1
f 892 891 824
f 802 875 1037
f 280 159 281
f 1005 1033 57
f 931 902 991
f 1037 803 802
f 738 735 727
f 496 785 474
f 736 738 727
f 897 733 737
f 632 736 727
f 728 727 732
f 739 432 1032
f 876 728 1032
f 741 999 998
f 550 915 914
f 873 139 902
f 588 587 790
f 278 96 98
f 587 791 131
f 115 114 66
f 882 881 337
f 397 757 398
f 1038 619 1039
f 1039 968 967
f 618 978 1039
f 1040 891 895
f 418 1041 1036
f 998 997 789
f 338 340 628
f 580 370 987
f 987 463 462
f 580 462 957
f 1042 950 988
f 608 212 887
f 633 632 728
f 570 138 1001
f 570 569 138
f 1028 1043 1044
f 524 174 97
f 1045 549 794
f 1046 502 374
f 512 380 826
f 418 420 1047
f 324 1003 916
f 336 335 478
f 1012 1006 156
f 38 780 42
f 156 1006 157
f 921 36 629
f 970 339 886
f 830 1048 966
f 198 1048 830
f 975 682 188
f 967 882 336
f 814 690 877
f 1049 260 995
f 550 838 917
f 284 607 605
f 841 57 1034
f 463 987 637
f 370 372 638
f 408 603 319
f 177 154 541
f 921 717 37
f 260 394 393
f 852 857 863
f 682 759 681
f 791 587 594
f 461 542 462
f 451 453 778
f 339 970 1029
f 75 74 526
f 718 1029 413
f 220 143 528
f 624 822 625
f 49 849 47
f 64 63 760
f 874 873 1037
f 737 1033 1005
f 1036 890 892
f 829 688 679
f 477 161 478
f 830 534 688
f 1029 970 200
f 912 668 330
f 330 554 911
f 349 798 797
f 797 327 973
f 683 718 582
f 413 582 718
f 201 200 723
f 382 501 383
f 78 1050 76
f 906 602 907
f 16 18 53
f 356 729 18
f 11 609 392
f 162 685 1051
f 825 824 167
f 47 957 543
f 623 803 901
f 833 569 440
f 55 347 56
f 269 938 267
f 333 332 1002
f 772 172 917
f 2 841 1034
f 2 1034 3
f 1046 159 280
f 919 772 17
f 643 663 981
f 1052 827 513
f 509 734 890
f 897 896 734
f 891 890 896
f 214 218 212
f 900 591 590
f 894 893 591
f 338 627 656
f 996 509 1053
f 589 586 595
f 590 589 595
f 698 693 697
f 969 691 981
f 643 698 644
f 694 693 705
f 661 156 155
f 542 986 661
f 325 660 983
f 709 652 702
f 713 708 704
f 715 986 711
f 708 657 653
f 715 985 986
f 715 707 984
f 707 969 984
f 650 649 657
f 986 985 661
f 713 706 712
f 331 972 332
f 570 972 438
f 471 620 469
f 829 830 688
f 29 28 1054
f 923 808 1015
f 711 986 710
f 984 969 982
f 962 1015 1014
f 266 674 938
f 134 133 787
f 1040 225 1055
f 628 683 629
f 546 774 789
f 166 1056 1052
f 546 545 601
f 844 100 99
f 99 58 842
f 678 674 265
f 1057 679 677
f 276 152 154
f 491 1050 634
f 1058 665 144
f 157 1006 573
f 683 850 684
f 889 578 577
f 375 611 954
f 950 1042 951
f 681 337 881
f 603 408 1045
f 966 152 276
f 152 966 484
f 608 606 605
f 554 329 654
f 561 926 179
f 50 745 1031
f 20 927 744
f 122 522 120
f 463 965 655
f 105 924 448
f 306 575 465
f 994 1059 995
f 1060 243 500
f 345 290 309
f 352 848 355
f 555 355 848
f 1043 501 1018
f 1040 895 476
f 941 944 92
f 700 702 703
f 705 693 692
f 701 696 695
f 346 309 556
f 816 699 1061
f 697 1061 699
f 694 697 693
f 698 691 693
f 817 1061 696
f 699 816 968
f 694 1061 697
f 651 689 702
f 714 711 655
f 707 715 712
f 900 584 894
f 632 631 249
f 333 741 998
f 730 898 740
f 732 735 508
f 733 897 734
f 737 736 1033
f 730 739 731
f 897 737 1004
f 733 738 737
f 612 453 452
f 235 558 359
f 621 910 721
f 398 757 1060
f 235 101 557
f 359 373 361
f 523 123 115
f 926 561 118
f 186 664 187
f 323 325 199
f 495 552 551
f 493 831 669
f 971 1010 396
f 1056 166 993
f 1011 616 773
f 374 635 1046
f 280 279 1062
f 630 372 287
f 916 1003 214
f 617 492 489
f 1058 1050 666
f 494 495 492
f 667 666 490
f 48 573 607
f 1018 1044 1043
f 331 905 972
f 365 887 364
f 443 520 444
f 229 136 1031
f 437 440 439
f 341 932 804
f 912 911 1027
f 1027 1026 912
f 847 291 761
f 500 398 1060
f 329 326 658
f 642 641 653
f 328 886 641
f 641 1000 656
f 886 328 798
f 948 949 548
f 137 794 832
f 889 444 578
f 887 365 606
f 888 887 212
f 355 289 925
f 1008 909 910
f 764 292 467
f 389 391 751
f 665 610 144
f 661 985 659
f 198 197 980
f 662 197 983
f 643 645 980
f 656 651 653
f 658 648 329
f 450 158 419
f 416 436 725
f 908 494 669
f 582 850 683
f 208 207 387
f 375 377 467
f 780 1008 547
f 627 629 39
f 947 884 1063
f 548 949 751
f 325 197 199
f 824 891 1055
f 202 411 200
f 318 878 883
f 318 320 878
f 880 814 877
f 877 38 41
f 573 48 157
f 916 571 1006
f 424 1047 420
f 550 989 597
f 539 154 153
f 24 1064 1059
f 906 331 368
f 898 899 740
f 1027 756 79
f 755 636 795
f 843 244 1065
f 292 557 101
f 791 10 131
f 204 746 474
f 758 1020 232
f 1043 1028 81
f 203 236 993
f 234 226 230
f 231 230 226
f 475 205 204
f 203 747 204
f 395 242 784
f 847 761 1056
f 241 228 244
f 234 614 227
f 377 104 1066
f 102 104 988
f 910 621 948
f 29 920 27
f 1032 728 732
f 618 540 539
f 979 645 977
f 977 485 979
f 1040 476 225
f 51 136 135
f 973 1026 1044
f 668 1026 973
f 254 805 963
f 1046 280 502
f 767 451 778
f 927 776 682
f 188 187 975
f 136 51 50
f 997 989 544
f 873 431 139
f 635 150 1046
f 1045 229 664
f 668 973 327
f 346 1067 102
f 965 463 637
f 996 1041 1047
f 593 587 586
f 591 593 589
f 588 358 598
f 893 592 591
f 599 997 999
f 696 701 812
f 814 883 812
f 288 952 285
f 842 245 844
f 229 1045 794
f 46 622 722
f 144 76 1058
f 751 750 549
f 142 141 1068
f 788 316 786
f 941 94 939
f 406 622 46
f 302 926 507
f 210 1069 109
f 539 485 618
f 760 1052 761
f 78 634 1050
f 76 1050 1058
f 102 1067 103
f 675 823 219
f 646 650 712
f 215 767 216
f 866 851 862
f 851 366 862
f 853 559 959
f 863 670 672
f 869 868 870
f 854 872 855
f 672 934 863
f 363 362 366
f 551 553 872
f 863 857 859
f 871 858 860
f 442 851 870
f 854 855 252
f 104 103 1066
f 9 8 341
f 513 166 1052
f 140 1001 138
f 1070 91 88
f 1009 257 85
f 694 704 695
f 472 28 473
f 949 389 751
f 600 274 273
f 882 879 320
f 991 139 138
f 619 1038 782
f 742 739 740
f 988 345 102
f 1045 408 549
f 1021 1023 1024
f 614 1065 227
f 234 233 615
f 1027 79 1071
f 1020 1024 233
f 1024 1022 1021
f 836 955 1065
f 846 80 1024
f 1021 795 953
f 291 246 842
f 86 298 430
f 35 30 33
f 835 951 836
f 818 315 388
f 736 249 1033
f 624 71 944
f 771 313 14
f 20 6 5
f 871 1011 773
f 48 47 904
f 520 521 579
f 967 1038 1039
f 1039 619 618
f 136 50 1031
f 1003 323 1057
f 144 610 609
f 759 776 477
f 789 544 546
f 280 1062 502
f 122 518 110
f 11 10 421
f 1054 472 55
f 770 800 445
f 1045 664 603
f 459 458 807
f 806 190 209
f 27 474 746
f 345 988 581
f 172 919 460
f 168 992 166
f 788 786 300
f 61 126 799
f 409 1051 410
f 1069 184 344
f 19 1072 410
f 663 643 980
f 871 773 869
f 866 862 867
f 680 853 855
f 680 860 852
f 852 1007 559
f 362 673 856
f 596 599 595
f 543 904 47
f 909 780 37
f 1006 1012 916
f 42 41 38
f 172 171 917
f 923 1015 962
f 141 220 222
f 671 962 672
f 265 962 671
f 674 479 938
f 420 419 1073
f 994 762 854
f 934 559 865
f 678 675 674
f 250 720 941
f 477 335 759
f 114 221 568
f 960 263 560
f 884 786 317
f 99 59 58
f 568 528 174
f 1019 913 113
f 601 545 913
f 121 112 111
f 889 363 367
f 343 221 114
f 467 468 293
f 121 194 112
f 274 414 67
f 162 686 160
f 1052 760 827
f 135 832 750
f 142 449 448
f 30 441 943
f 415 307 119
f 312 32 310
f 601 192 196
f 686 162 409
f 959 511 853
f 907 75 775
f 329 648 647
f 714 655 647
f 646 714 647
f 540 619 781
f 330 668 326
f 15 1013 395
f 920 936 496
f 81 80 846
f 526 438 905
f 5 1070 1072
f 1013 313 564
f 313 15 14
f 75 193 73
f 1041 1053 1036
f 78 425 151
f 598 596 588
f 537 807 458
f 425 820 151
f 744 6 20
f 194 121 928
f 562 178 687
f 828 746 747
f 496 474 920
f 122 110 527
f 992 203 993
f 369 333 998
f 399 516 515
f 303 417 301
f 517 933 787
f 654 329 647
f 753 469 481
f 248 525 74
f 464 9 429
f 402 401 90
f 71 623 342
f 951 1042 376
f 453 103 1067
f 336 1038 967
f 302 275 177
f 745 930 744
f 105 448 148
f 486 753 752
f 940 278 98
f 424 791 792
f 935 1047 424
f 927 19 777
f 582 413 567
f 1063 884 317
f 185 809 183
f 755 80 756
f 668 912 1026
f 133 517 787
f 801 924 529
f 805 258 963
f 256 806 254
f 958 253 511
f 885 175 529
f 63 279 827
f 260 393 763
f 176 175 885
f 308 743 176
f 987 462 580
f 535 423 724
f 43 318 880
f 880 318 883
f 690 40 877
f 321 320 318
f 525 248 400
f 583 850 582
f 368 602 906
f 147 269 268
f 31 310 32
f 166 825 167
f 301 423 275
f 801 142 448
f 183 344 184
f 143 220 141
f 60 64 58
f 501 1074 397
f 174 66 568
f 310 202 311
f 1030 146 148
f 819 502 1062
f 850 454 716
f 720 719 822
f 157 904 155
f 70 454 68
f 35 34 44
f 402 90 61
f 796 403 169
f 183 809 1068
f 829 323 199
f 259 394 260
f 939 942 941
f 430 933 517
f 688 270 679
f 514 281 512
f 796 430 401
f 59 101 235
f 871 908 669
f 220 568 221
f 31 412 411
f 784 13 395
f 17 356 18
f 454 70 716
f 421 791 424
f 889 365 363
f 1013 499 498
f 380 512 281
f 569 991 138
f 379 206 297
f 98 743 840
f 521 217 556
f 770 769 800
f 925 371 353
f 476 1005 56
f 951 955 836
f 32 837 33
f 1000 886 339
f 338 628 627
f 432 431 874
f 392 609 393
f 239 497 243
f 208 918 538
f 109 108 210
f 304 306 465
f 295 317 296
f 786 316 317
f 1064 254 963
f 182 294 180
f 407 390 405
f 61 90 62
f 516 620 471
f 875 802 633
f 781 782 160
f 566 30 943
f 538 918 457
f 910 948 1008
f 681 881 322
f 576 1035 574
f 779 778 1067
f 272 267 938
f 810 964 808
f 923 1030 536
f 237 205 639
f 758 846 1020
f 784 639 475
f 226 240 231
f 847 1016 246
f 190 189 209
f 922 1068 809
f 183 1068 141
f 530 171 173
f 1069 531 124
f 124 109 1069
f 530 518 519
f 988 104 1042
f 865 864 934
f 122 111 518
f 523 125 127
f 385 971 768
f 119 885 117
f 992 168 828
f 907 195 193
f 940 1070 278
f 88 278 1070
f 482 89 90
f 428 427 437
f 620 481 469
f 955 843 1065
f 844 611 100
f 28 472 1054
f 676 479 218
f 829 679 1057
f 287 372 371
f 285 287 925
f 908 552 494
f 12 11 392
f 933 298 300
f 744 929 6
f 685 477 776
f 125 799 126
f 828 747 992
f 510 996 893
f 896 895 891
f 508 585 732
f 527 522 122
f 760 63 827
f 385 384 1010
f 770 314 771
f 142 1068 922
f 184 1069 189
f 871 669 1011
f 271 725 1075
f 1030 449 536
f 386 422 384
f 447 504 445
f 953 795 286
f 670 867 862
f 755 795 1022
f 791 421 10
f 658 642 649
f 1002 741 333
f 378 811 45
f 559 251 959
f 581 835 1025
f 616 1011 764
f 301 417 416
f 1074 501 1043
f 386 385 563
f 351 283 282
f 848 521 555
f 164 384 422
f 32 33 30
f 499 563 768
f 391 135 750
f 1035 945 574
f 267 271 1075
f 487 752 947
f 464 488 465
f 392 95 54
f 342 8 71
f 434 108 506
f 190 806 256
f 807 805 483
f 143 529 528
f 92 944 72
f 928 22 247
f 139 431 140
f 89 620 404
f 51 130 4
f 123 522 527
f 660 325 1012
f 549 548 751
f 264 1030 923
f 262 261 256
f 146 264 266
f 564 818 563
f 539 153 485
f 63 1062 279
f 289 355 555
f 567 566 583
f 991 569 833
f 994 854 25
f 236 435 1016
f 1074 845 758
f 1060 757 232
f 346 556 216
f 1039 978 968
f 191 190 256
f 437 515 428
f 106 417 107
f 185 184 189
f 409 162 1051
f 381 383 350
f 203 992 747
f 412 567 413
f 1051 777 410
f 721 910 821
f 788 480 811
f 1063 456 947
f 752 134 884
f 936 14 496
f 361 502 819
f 1001 332 972
f 83 257 84
f 839 503 1009
f 314 505 388
f 93 800 839
f 400 437 439
f 965 637 990
f 779 346 216
f 865 1007 852
f 21 404 516
f 23 62 404
f 907 193 75
f 193 194 73
f 126 23 277
f 127 120 522
f 568 220 528
f 259 533 95
f 276 534 966
f 886 723 970
f 562 1076 561
f 19 410 777
f 917 915 550
f 899 999 740
f 588 596 586
f 599 899 595
f 612 467 103
f 516 399 21
f 809 808 922
f 471 428 515
f 12 729 790
f 844 99 842
f 63 819 1062
f 512 826 825
f 875 728 876
f 296 379 297
f 630 636 638
f 979 484 1048
f 984 659 985
f 981 663 662
f 934 672 1014
f 678 823 675
f 218 214 677
f 776 927 777
f 321 319 186
f 24 26 255
f 284 49 607
f 214 213 916
f 282 352 351
f 744 927 975
f 600 402 799
f 664 1031 745
f 690 703 689
f 713 712 650
f 712 715 714
f 117 885 976
f 934 560 559
f 940 840 1072
f 23 126 61
f 1070 5 91
f 130 129 91
f 923 536 922
f 89 481 620
f 267 1075 268
f 337 681 759
f 760 291 64
f 357 356 17
f 215 868 765
f 913 519 113
f 270 688 271
f 869 773 765
f 68 44 46
f 307 415 409
f 884 947 752
f 1069 344 531
f 1041 418 1047
f 128 51 135
f 181 956 611
f 118 1076 562
f 420 1073 820
f 106 105 147
f 191 185 189
f 209 483 806
f 387 386 818
f 701 703 814
f 653 641 656
f 886 1000 641
f 145 144 609
f 634 78 151
f 523 115 65
f 665 1058 666
f 427 804 932
f 811 378 788
f 1035 92 72
f 69 722 821
f 783 239 240
f 182 238 237
f 241 640 242
f 242 240 228
f 282 604 579
f 572 607 573
f 605 607 572
f 535 688 534
f 802 631 633
f 273 169 403
f 709 702 700
f 617 374 373
f 493 492 373
f 423 534 276
f 342 901 903
f 789 369 998
f 367 851 442
f 861 870 866
f 866 870 851
f 853 511 252
f 856 673 670
f 819 63 60
f 4 130 91
f 660 982 983
f 1009 93 839
f 192 113 112
f 277 23 22
f 741 1002 433
f 88 91 129
f 439 438 525
f 486 469 753
f 1063 317 295
f 466 9 464
f 2 939 85
f 298 793 299
f 565 31 30
f 638 987 370
f 179 178 561
f 687 178 541
f 29 503 937
f 125 523 65
f 548 1008 948
f 375 467 293
f 429 9 804
f 163 834 379
f 206 208 538
f 567 412 565
f 412 31 565
f 460 459 532
f 1013 564 499
f 239 783 498
f 431 433 140
f 579 848 352
f 813 812 883
f 879 882 815
f 817 816 1061
f 704 694 705
f 371 925 287
f 81 845 1043
f 415 118 562
f 562 686 415
f 742 741 433
f 691 698 981
f 969 981 662
f 554 965 990
f 491 490 666
f 558 831 493
f 491 666 1050
f 348 56 347
f 913 545 914
f 925 353 355
f 972 570 1001
f 1036 450 418
f 591 900 894
f 1041 996 1053
f 243 231 239
f 597 989 599
f 746 28 27
f 999 899 599
f 1029 340 339
f 1040 1055 891
f 602 774 546
f 7 945 72
f 134 752 132
f 797 382 349
f 810 185 191
f 470 488 464
f 971 398 500
f 163 45 44
f 808 964 1015
f 251 26 25
f 923 962 961
f 272 676 270
f 683 628 718
f 224 1055 225
f 737 1005 1004
f 738 733 735
f 1049 1059 1064
f 801 143 142
f 965 654 655
f 774 602 368
f 838 597 598
f 902 803 1037
f 158 281 159
f 1075 725 436
f 727 735 732
f 740 999 741
f 579 578 520
f 902 1037 873
f 481 89 482
f 822 631 802
f 132 482 133
f 790 131 12
f 357 598 358
f 875 874 1037
f 333 368 331
f 1043 845 1074
f 887 888 364
f 556 217 216
f 124 531 116
f 467 377 1066
f 200 413 1029
f 1035 72 945
f 824 1055 167
f 814 880 883
f 879 813 878
f 547 408 334
f 1067 778 453
f 587 593 594
f 935 996 1047
f 396 312 383
f 995 1059 1049
f 408 547 549
f 411 413 200
f 717 921 716
f 1008 780 909
f 911 554 990
f 608 213 212
f 405 390 389
f 281 514 279
f 25 24 1059
f 514 513 827
f 1046 150 159
f 720 624 944
f 484 966 1048
f 485 978 618
f 890 1053 509
f 508 894 584
f 508 734 509
f 696 1061 694
f 979 1048 198
f 1015 960 1014
f 288 581 1025
f 581 950 835
f 836 614 613
f 1042 104 377
f 346 779 1067
f 354 849 283
f 900 590 898
f 81 1071 79
f 198 829 199
f 325 324 1012
f 669 831 1011
f 921 684 716
f 1056 761 1052
f 207 422 386
f 904 157 48
f 911 754 756
f 130 51 128
f 135 390 128
f 1018 501 382
f 892 826 1036
f 198 980 979
f 699 968 978
f 837 32 312
f 37 717 909
f 541 178 177
f 1038 336 782
f 25 1059 994
f 1020 230 232
f 473 224 223
f 81 1028 1071
f 614 836 1065
f 552 908 680
f 451 767 766
f 457 447 305
f 224 167 1055
f 149 1073 419
f 849 957 47
f 1057 323 829
f 544 789 997
f 409 415 686
f 547 334 42
f 36 921 37
f 140 1002 1001
f 1024 1020 846
f 1025 1023 952
f 244 227 1065
f 150 635 634
f 467 1066 103
f 559 853 852
f 553 680 855
f 80 1022 1024
f 1024 1023 615
f 956 181 843
f 2 250 939
f 137 832 135
f 993 236 1016
f 384 164 837
f 382 381 349
f 250 942 939
f 937 920 29
f 430 796 87
f 621 389 949
f 1003 677 214
f 868 215 443
f 1019 113 192
f 116 531 343
f 894 508 510
f 640 639 784
f 890 1036 1053
f 24 254 1064
f 219 479 675
f 364 888 823
f 77 421 425
f 158 149 419
f 820 1073 149
f 1018 974 973
f 44 441 35
f 305 456 457
f 903 932 341
f 726 725 271
f 301 275 302
f 1027 911 756
f 173 460 532
f 12 392 54
f 924 507 117
f 1017 1056 993
f 117 507 926
f 105 107 924
f 343 114 116
f 994 995 763
f 105 148 147
f 929 930 50
f 401 748 90
f 298 86 749
f 496 13 785
f 820 425 420
f 956 843 955
f 936 769 771
f 799 402 61
f 500 499 768
f 500 243 497
f 394 95 392
f 466 574 945
f 486 752 487
f 550 914 545
f 189 210 209
f 109 124 527
f 528 175 174
f 670 863 867
f 438 526 525
f 403 796 401
f 932 833 427
f 938 479 676
f 246 435 238
f 149 158 150
f 260 1049 963
f 940 1072 1070
f 685 777 1051
f 125 414 799
f 996 510 509
f 838 550 597
f 293 101 100
f 503 769 937
f 72 944 71
f 128 749 129
f 1033 3 1034
f 265 674 266
f 240 226 228
f 224 168 167
f 764 467 616
f 26 262 255
f 483 459 807
f 537 458 533
f 542 155 904
f 55 84 1054
f 118 561 1076
f 770 505 314
f 269 147 146
f 923 961 264
f 191 261 810
f 1042 377 376
f 1064 963 1049
f 378 316 788
f 758 757 1074
f 498 499 497
f 818 386 563
f 246 245 842
f 206 379 834
f 839 800 769
f 298 933 430
f 441 68 455
f 543 957 462
f 274 67 524
f 530 506 110
f 210 108 211
f 1069 210 189
f 900 898 585
f 180 843 181
f 1016 847 1017
f 629 36 39
f 270 676 679
f 902 901 803
f 455 943 441
f 1032 732 731
f 1002 140 433
f 163 379 378
f 306 305 447
f 834 165 206
f 1035 576 93
f 971 385 1010
f 15 313 1013
f 243 1060 232
f 424 792 935
f 247 73 194
f 885 119 308
f 1021 953 952
f 264 146 1030
f 406 405 622
f 407 406 811
f 338 656 1000
f 410 1072 840
f 304 487 947
f 19 5 1072
f 456 305 304
f 918 388 504
f 677 1003 1057
f 722 69 46
f 69 68 46
f 447 575 306
f 575 447 446
f 246 1016 435
f 771 314 313
f 80 755 1022
f 84 29 1054
f 692 691 969
f 425 424 420
f 1027 1071 1028
f 480 788 299
f 486 488 470
f 973 1044 1018
f 757 397 1074
f 500 768 971
f 350 311 202
f 503 257 1009
f 94 93 1009
f 310 31 411
f 388 505 504
f 79 756 80
f 575 574 465
f 903 931 932
f 1056 1017 847
f 289 288 285
f 288 1025 952
f 205 237 236
f 251 560 26
f 806 805 254
f 456 1063 295
f 69 716 70
f 813 879 815
f 216 767 779
f 699 978 977
f 465 574 466
f 1005 57 56
f 720 822 624
f 636 754 990
f 192 601 1019
f 1036 380 450
f 997 599 989
f 717 821 909
f 436 268 1075
f 794 549 750
f 443 217 520
f 1028 1044 1026
f 242 395 783
