# Generated by benchmark/pick_up_apple/mujoco_src/export.py
v 0.0037418992724269629 -0.0060076490044593811 -0.014100135304033756
v 0.003830732312053442 -0.0059542036615312099 -0.013816483318805695
v 0.0030995523557066917 -0.0063576376996934414 -0.013796734623610973
v 0.0048595545813441277 -0.0051585426554083824 -0.014830870553851128
v 0.0053470674902200699 -0.0046601630747318268 -0.015039886347949505
v 0.0049621048383414745 -0.0050628213211894035 -0.014566821046173573
v 0.0043282853439450264 -0.0056046252138912678 -0.014448372647166252
v 0.0044278833083808422 -0.0055308551527559757 -0.014170762151479721
v 0.0024587849620729685 -0.0066214664839208126 -0.013263902626931667
v 0.0024004406295716763 -0.0066404943354427814 -0.013555117882788181
v 0.0031729945912957191 -0.0063220695592463017 -0.013511086814105511
v 0.0017000418156385422 -0.0068472116254270077 -0.013078683987259865
v 0.0016595423221588135 -0.0068553406745195389 -0.013375974260270596
v 0.00088689191034063697 -0.0069891968742012978 -0.01326665747910738
v 9.7056334197986871e-05 -0.0070327268913388252 -0.013231663964688778
v 0.00090785376960411668 -0.0069884392432868481 -0.012964485213160515
v -0.00071396451676264405 -0.006989029236137867 -0.012963615357875824
v 9.7048359748441726e-05 -0.0070341899991035461 -0.012931510806083679
v -0.0015058370772749186 -0.0068452903069555759 -0.013077215291559696
v -0.00069183693267405033 -0.0069835935719311237 -0.013270692899823189
v 0.0056603103876113892 -0.0042625828646123409 -0.018080534413456917
v 0.005476091057062149 -0.0044971560128033161 -0.017250051721930504
v 0.0018063719617202878 -0.0034307439345866442 -0.0075909965671598911
v -0.0029778864700347185 -0.006319025531411171 -0.013512118719518185
v -0.0029053876642137766 -0.0063542784191668034 -0.013797428458929062
v -0.0022062528878450394 -0.0066365646198391914 -0.013556535355746746
v -0.0054630255326628685 -0.0042526377364993095 -0.018925387412309647
v -0.0054629924707114697 -0.0042485399171710014 -0.019770095124840736
v -0.0016106597613543272 -0.0036284239031374454 -0.0074982293881475925
v -0.0042324000969529152 -0.005526568740606308 -0.014171465300023556
v -0.0035469019785523415 -0.0060036140494048595 -0.014100970700383186
v -0.003633975749835372 -0.0059490185230970383 -0.013818581588566303
v -0.0054630981758236885 -0.0042566838674247265 -0.018080679699778557
v -0.0052790832705795765 -0.0044874143786728382 -0.018092293292284012
v -0.0047660320997238159 -0.005057500209659338 -0.014567142352461815
v -0.0041328035295009613 -0.0056001623161137104 -0.014448754489421844
v -0.00097260839538648725 -0.006486944854259491 -0.013688047416508198
v -0.0054631694220006466 -0.0042607313953340054 -0.017235971987247467
v -0.0051212934777140617 -0.0046854517422616482 -0.015502508729696274
v -0.0051525398157536983 -0.004651122260838747 -0.015037313103675842
v -0.0053852833807468414 -0.0043684300035238266 -0.015670975670218468
v -0.00527911726385355 -0.0044956258498132229 -0.01640811562538147
v -0.0054631857201457024 -0.0042648506350815296 -0.016391264274716377
v -0.0022641306277364492 -0.006618858315050602 -0.013263829052448273
v -0.0016193407354876399 -0.0063394755125045776 -0.013787778094410896
v -0.0054630255326628685 -0.0042443559505045414 -0.020614802837371826
v -0.00038614511140622199 -0.0065572685562074184 -0.013619660399854183
v -0.0052790320478379726 -0.0044750971719622612 -0.020618561655282974
v -0.00046990311238914728 -0.0065495041199028492 -0.014220358803868294
v -0.0017341058701276779 -0.0063095404766499996 -0.014547473751008511
v -0.0052789910696446896 -0.0044709709472954273 -0.021460650488734245
v -0.0018333692569285631 -0.0062767895869910717 -0.015201709233224392
v 0.0056602484546601772 -0.0042544710449874401 -0.019769925624132156
v 0.0056603206321597099 -0.0042502810247242451 -0.020614618435502052
v 0.005476159043610096 -0.0044807330705225468 -0.02061837911605835
v -0.0011205557966604829 -0.0064599267207086086 -0.014367659576237202
v -0.0046633300371468067 -0.0051535642705857754 -0.014830981381237507
v -0.0014638263965025544 -0.0068478104658424854 -0.013380981050431728
v 0.0056603509001433849 -0.004266626201570034 -0.017235839739441872
v 0.0054760738275945187 -0.0045012617483735085 -0.01640797033905983
v 0.0056603807024657726 -0.0042706835083663464 -0.016391145065426826
v 0.0055819344706833363 -0.0043776924721896648 -0.015672482550144196
v 0.0053180255927145481 -0.0046909209340810776 -0.015502377413213253
v 0.0054761050269007683 -0.0044765672646462917 -0.021460460498929024
v -0.0059522935189306736 -0.0053316336125135422 -0.0074268756434321404
v -0.0061516659334301949 -0.0051281526684761047 -0.0068802367895841599
v -0.0065248841419816017 -0.0045365323312580585 -0.0074078943580389023
v -0.0050219940021634102 -0.0060555106028914452 -0.0099595952779054642
v -0.0049514393322169781 -0.0062047634273767471 -0.0093682678416371346
v -0.005494777113199234 -0.005687326192855835 -0.0090319840237498283
v -0.0050770305097103119 -0.0061710113659501076 -0.0086527615785598755
v -0.0055784443393349648 -0.0057152826339006424 -0.0080683277919888496
v -0.0064329258166253567 -0.0044145006686449051 -0.0083711612969636917
v -0.0012821560958400369 -0.0064248195849359035 -0.015112224034965038
v -0.0067589306272566319 -0.0038977491203695536 -0.0086499061435461044
v -0.0060234749689698219 -0.0051103788428008556 -0.0082304663956165314
v -0.0055497516877949238 -0.0058244778774678707 -0.0073659606277942657
v -0.0058004814200103283 -0.0057553169317543507 -0.0066453008912503719
v -0.0051951101049780846 -0.0062259365804493427 -0.0069909356534481049
v -0.0053742313757538795 -0.0061413333751261234 -0.0060559799894690514
v -0.0051301103085279465 -0.0062077599577605724 -0.007830396294593811
v -0.0059929303824901581 -0.0050138267688453197 -0.0091071883216500282
v -0.0055307107977569103 -0.005511783529073 -0.0099108340218663216
v -0.0050313202664256096 -0.0059268702752888203 -0.010723136365413666
v -0.0059561748057603836 -0.0049241478554904461 -0.0099275019019842148
v -0.0055258977226912975 -0.0053823958151042461 -0.010689444839954376
v -0.0050752591341733932 -0.0057404106482863426 -0.011546389199793339
v -0.0058189942501485348 -0.0047086663544178009 -0.012127554044127464
v -0.005873966496437788 -0.0047653946094214916 -0.011396370828151703
v -0.0061779459938406944 -0.0042341509833931923 -0.011513359844684601
v -0.005574552807956934 -0.0052158921025693417 -0.011269660666584969
v -0.0054590427316725254 -0.0052380999550223351 -0.011923789046704769
v -0.005818050354719162 -0.004469460342079401 -0.013636117801070213
v -0.0057944823056459427 -0.0046155224554240704 -0.012869969941675663
v -0.0061366511508822441 -0.0040348791517317295 -0.013003725558519363
v -0.0054055433720350266 -0.0051716743037104607 -0.012667420320212841
v -0.0049703423865139484 -0.0056924507953226566 -0.01241341233253479
v -0.0053994418121874332 -0.0050658541731536388 -0.01340602058917284
v -0.0049760965630412102 -0.0054726502858102322 -0.013851327821612358
v -0.004953084047883749 -0.0055918106809258461 -0.013138175010681152
v -0.0058153830468654633 -0.004363503772765398 -0.014994964934885502
v -0.0053594331257045269 -0.0049702753312885761 -0.014980046078562737
v -0.0058350441977381706 -0.004366366658359766 -0.014399048872292042
v -0.0054120393469929695 -0.0049621285870671272 -0.014154945500195026
v -0.0062355068512260914 -0.0036588830407708883 -0.014674410223960876
v -0.0062242606654763222 -0.0036551225930452347 -0.015452079474925995
v -0.006007996853441 -0.0040524429641664028 -0.015451496466994286
v -0.005575189832597971 -0.004691489040851593 -0.015471963211894035
v -0.0062379147857427597 -0.0042809043079614639 -0.010759283788502216
v -0.0062977313064038754 -0.0043316767551004887 -0.0099904518574476242
v -0.0066164056770503521 -0.0037868188228458166 -0.010121886618435383
v -0.0065335482358932495 -0.0037717192899435759 -0.010905159637331963
v -0.0059210662730038166 -0.0048341494984924793 -0.010679333470761776
v -0.0050489488057792187 -0.0053297365084290504 -0.014604704454541206
v -0.0063522309064865112 -0.0043830838985741138 -0.0092082731425762177
v -0.0063902675174176693 -0.0036821181420236826 -0.012336501851677895
v -0.0063226982019841671 -0.0035516179632395506 -0.012947198934853077
v -0.0061339382082223892 -0.0041692988015711308 -0.012253789231181145
v -0.0062692253850400448 -0.0036623524501919746 -0.013897377997636795
v -0.0066967373713850975 -0.0038162993732839823 -0.0093252761289477348
v -0.0064562740735709667 -0.0037543380167335272 -0.011650225147604942
v 0.0052556777372956276 -0.0063372859731316566 -0.0071473186835646629
v 0.0056881029158830643 -0.0059470566920936108 -0.0069548152387142181
v 0.0053645255975425243 -0.0063048177398741245 -0.0063987509347498417
v 0.0041369358077645302 -0.0070782373659312725 -0.0074479924514889717
v 0.0035322606563568115 -0.0073443874716758728 -0.007646746002137661
v 0.0040842699818313122 -0.0070459167473018169 -0.0083369798958301544
v 0.0056229140609502792 -0.0059282928705215454 -0.0077954232692718506
v 0.0031960685737431049 -0.0075549143366515636 -0.0053225010633468628
v 0.0039264787919819355 -0.0073120673187077045 -0.0046928804367780685
v 0.0031049135141074657 -0.0077262665145099163 -0.0046003931201994419
v 0.0037222609389573336 -0.0073528960347175598 -0.0058439318090677261
v 0.0043864375911653042 -0.0070374547503888607 -0.0057037598453462124
v 0.0042247055098414421 -0.0070830001495778561 -0.0065639577805995941
v 0.0048494231887161732 -0.0067088236100971699 -0.0064477664418518543
v 0.0036034220829606056 -0.0073608378879725933 -0.006752487737685442
v 0.0031099061015993357 -0.0075647616758942604 -0.0061458935961127281
v 0.0055690323933959007 -0.0061471271328628063 -0.006055787205696106
v 0.0050767990760505199 -0.0065999189391732216 -0.005592722911387682
v 0.0056913746520876884 -0.0060188872739672661 -0.0061747487634420395
v -0.00057104858569800854 -0.006536371074616909 -0.014990588650107384
v 0.0051780086942017078 -0.0063304523937404156 -0.0079518212005496025
v 0.0055033080279827118 -0.0059761079028248787 -0.0084779337048530579
v 0.0046733701601624489 -0.0067058727145195007 -0.0081395991146564484
v 0.0047337813302874565 -0.0067305979318916798 -0.0072901207022368908
v 0.0051345950923860073 -0.0062875780276954174 -0.0087442612275481224
v 0.0046137743629515171 -0.0065800826996564865 -0.0098068239167332649
v 0.0046397065743803978 -0.0066520865075290203 -0.0089852279052138329
v 0.0040543084032833576 -0.0069902320392429829 -0.0092146452516317368
v 0.0051213526166975498 -0.0062052248977124691 -0.00953694898635149
v 0.005544551182538271 -0.0058446959592401981 -0.009175693616271019
v 0.0051138787530362606 -0.0061024255119264126 -0.010318177752196789
v 0.0055981753394007683 -0.0055348314344882965 -0.010747122578322887
v 0.0055472776293754578 -0.0057261153124272823 -0.0099724307656288147
v 0.0045947516337037086 -0.0064896750263869762 -0.010582634247839451
v 0.0051129302009940147 -0.0059792823158204556 -0.011085603386163712
v 0.0044989753514528275 -0.0062140775844454765 -0.0127060916274786
v 0.0045411475002765656 -0.0062980754300951958 -0.012015650980174541
v 0.003976025152951479 -0.0066461092792451382 -0.012144233100116253
v 0.0050952625460922718 -0.0058617028407752514 -0.011854445561766624
v 0.0056424862705171108 -0.0053346171043813229 -0.011565494351089001
v 0.0044698286801576614 -0.0061254780739545822 -0.013441117480397224
v 0.0041706371121108532 -0.0062690475024282932 -0.013874723576009274
v 0.004727143794298172 -0.005833696573972702 -0.014212527312338352
v 0.00355547945946455 -0.0066524641588330269 -0.013578212819993496
v 0.0039177299477159977 -0.006493725348263979 -0.013324398547410965
v 0.0034352322109043598 -0.0067969686351716518 -0.012971019372344017
v 0.0050257844850420952 -0.005800595972687006 -0.012581408023834229
v 0.0053520719520747662 -0.0053979749791324139 -0.01313056331127882
v 0.0056168148294091225 -0.0051995203830301762 -0.012506207451224327
v 0.0052235941402614117 -0.005357853602617979 -0.014586986042559147
v 0.005350376944988966 -0.0052219298668205738 -0.014705040492117405
v 0.005338660441339016 -0.0053111407905817032 -0.01387653686106205
v 0.0049543497152626514 -0.0056762238964438438 -0.013876310549676418
v 0.004957900382578373 -0.0057535278610885143 -0.01326926052570343
v 0.0034333155490458012 -0.0073275859467685223 -0.0085737183690071106
v 0.0029694878030568361 -0.0075024040415883064 -0.0084402039647102356
v 0.002939276397228241 -0.0074756317771971226 -0.0090014226734638214
v 0.0034675935748964548 -0.0072406032122671604 -0.0095311067998409271
v 0.0028487418312579393 -0.0074328719638288021 -0.0099389739334583282
v 0.0040128654800355434 -0.0067319250665605068 -0.011476917192339897
v 0.00346555863507092 -0.0069947452284395695 -0.01160010788589716
v 0.0045757433399558067 -0.0063900905661284924 -0.011312598362565041
v 0.00452842703089118 -0.0069880355149507523 -0.005134024191647768
v 0.0029823326040059328 -0.0075282813049852848 -0.0078780874609947205
v 0.004041778389364481 -0.0069115101359784603 -0.010051442310214043
v 0.0034850086085498333 -0.0071490230038762093 -0.010377969592809677
v 0.0040361331775784492 -0.0068190181627869606 -0.010801604017615318
v 0.0035795019939541817 -0.0070251179859042168 -0.011030275374650955
v 0.0029958300292491913 -0.0072765196673572063 -0.010948380455374718
v 0.0039523751474916935 -0.006553232204169035 -0.012803530320525169
v 0.0034255743958055973 -0.0069053606130182743 -0.012292437255382538
v 0.0028806217014789581 -0.0070960381999611855 -0.01250827219337225
v 0.0030239901971071959 -0.0075571238994598389 -0.007010728120803833
v 0.0029093420598655939 -0.0071933707222342491 -0.011788059026002884
v 0.0028874762356281281 -0.0069738184101879597 -0.013325948268175125
v 0.0029966165311634541 -0.0051849908195436001 -0.016025779768824577
v 0.0070719555951654911 -0.0036103897728025913 -0.0076842918060719967
v 0.0027318072970956564 -0.0058335126377642155 -0.016235969960689545
v 0.0024670260027050972 -0.0053380909375846386 -0.016459433361887932
v -0.0068699410185217857 -0.003603008110076189 -0.0076845376752316952
v 0.0029778811149299145 -0.0058206380344927311 -0.015700617805123329
v 0.0024788458831608295 -0.0062179416418075562 -0.015631513670086861
v -0.002571840537711978 -0.0058174305595457554 -0.016227396205067635
v 0.0056089353747665882 -0.0044177118688821793 -0.019022202119231224
v -0.0027964934706687927 -0.0053110066801309586 -0.015937825664877892
v 0.00592796690762043 -0.0048959283158183098 -0.01818712055683136
v -0.0024738863576203585 -0.0051228362135589123 -0.016375072300434113
v -0.0027751692105084658 -0.0058288727886974812 -0.015703555196523666
v -0.0022874854039400816 -0.0062014693394303322 -0.015680432319641113
v -0.0028180212248116732 -0.0052482448518276215 -0.012917373329401016
v -0.0026089211460202932 -0.0051296697929501534 -0.01256971899420023
v -0.0023414220195263624 -0.0055533549748361111 -0.012468474917113781
v -0.0057102683931589127 -0.0046431822702288628 -0.02076142281293869
v 0.0028025261126458645 -0.0058891633525490761 -0.015059912577271461
v -0.002779112197458744 -0.0058056232519447803 -0.013088660314679146
v -0.0021240180358290672 -0.0062435069121420383 -0.013058234006166458
v 0.0025320199783891439 -0.0055727129802107811 -0.012470909394323826
v 0.0028088777326047421 -0.0051659015007317066 -0.012575739994645119
v 0.0030054529197514057 -0.0053360955789685249 -0.012937666848301888
v 0.0028025927022099495 -0.0059111318551003933 -0.01378273218870163
v 0.0027562826871871948 -0.0059786140918731689 -0.014417472295463085
v 0.0029557321686297655 -0.0058439336717128754 -0.013101309537887573
v 0.0023468676954507828 -0.00621766597032547 -0.013038445264101028
v 0.0016976608894765377 -0.0058691222220659256 -0.012563352473080158
v 0.0016974852187559009 -0.0062048053368926048 -0.012685034424066544
v 0.0016995349433273077 -0.0064061195589601994 -0.013129862956702709
v -0.0026242430321872234 -0.0058822557330131531 -0.013793484307825565
v 0.0012982410844415426 -0.0064584733918309212 -0.012739457190036774
v 0.0010559636866673827 -0.006527438759803772 -0.013167772442102432
v 0.00015616504242643714 -0.0065985778346657753 -0.013154697604477406
v -0.00048472514026798308 -0.0063800481148064137 -0.012601998634636402
v 0.00014008845028001815 -0.0063706366345286369 -0.012514051981270313
v -0.0013914661249145865 -0.0064481380395591259 -0.013150349259376526
v -0.0010758941061794758 -0.0064626112580299377 -0.012719371356070042
v -0.00072730606188997626 -0.0065361163578927517 -0.013135531917214394
v -0.0021983620245009661 -0.006184656172990799 -0.01405660342425108
v -0.0015023386804386973 -0.0058674276806414127 -0.01256340928375721
v -0.0015025142347440124 -0.0062031112611293793 -0.012685091234743595
v 0.00073257484473288059 -0.0063919327221810818 -0.012657912448048592
v 0.0013358810683712363 -0.0058933780528604984 -0.016382325440645218
v 0.00096329953521490097 -0.0065171131864190102 -0.015849899500608444
v 0.0017313259886577725 -0.0063863182440400124 -0.015801349654793739
v -0.0019058295292779803 -0.0057437797077000141 -0.016356216743588448
v -0.00081987702287733555 -0.0065304385498166084 -0.01579265296459198
v -0.00035371468402445316 -0.0060890163294970989 -0.016349194571375847
v -0.0011317315511405468 -0.0059872125275433064 -0.016346318647265434
v 0.00048088040784932673 -0.0060235550627112389 -0.016376210376620293
v 0.0021117120049893856 -0.0058642309159040451 -0.016303634271025658
v 8.2991871749982238e-05 -0.0066359876655042171 -0.015698518604040146
v -0.0015798064414411783 -0.0063659185543656349 -0.015819435939192772
v -0.0026999169494956732 -0.0045812269672751427 -0.013309519737958908
v -0.0027005763258785009 -0.0047936504706740379 -0.012749516405165195
v -0.0026226311456412077 -0.0058693070895969868 -0.015087442472577095
v -0.0027008890174329281 -0.0034341716673225164 -0.021728618070483208
v -0.0022406922653317451 -0.0061610355041921139 -0.014829589985311031
v -0.0026761859189718962 -0.0033484827727079391 -0.018134050071239471
v -0.0025739585980772972 -0.005961309652775526 -0.014443838968873024
v -0.0026747612282633781 -0.0034393137320876122 -0.019000081345438957
v -0.0030513431411236525 -0.0032736603170633316 -0.02081616036593914
v 0.0012495018308982253 -0.006471024826169014 -0.015116401016712189
v -0.0026420028880238533 -0.0034568910486996174 -0.019995581358671188
v -0.0027009372133761644 -0.003359341062605381 -0.016752695664763451
v -0.0027009774930775166 -0.0034562207292765379 -0.01736980676651001
v 0.00016259346739389002 -0.0065747546032071114 -0.013989612460136414
v -0.0027010601479560137 -0.0035785268992185593 -0.016352228820323944
v -0.0027009951882064342 -0.0034606305416673422 -0.01649804599583149
v -0.0027009532786905766 -0.0033633897546678782 -0.015952326357364655
v -0.0027013043873012066 -0.0039831167086958885 -0.014649059623479843
v -0.0027019958943128586 -0.0046551204286515713 -0.014144076034426689
v -0.002700969809666276 -0.0046773077920079231 -0.01503412052989006
v -0.0027013749349862337 -0.0038874950259923935 -0.013231469318270683
v -0.0027010184712707996 -0.0033795842900872231 -0.012750850990414619
v -0.0026730657555162907 -0.0041208500042557716 -0.012702934443950653
v -0.0027012508362531662 -0.0039080288261175156 -0.015424545854330063
v -0.0027011081110686064 -0.0036623801570385695 -0.016152651980519295
v -0.0026980778202414513 -0.0049019330181181431 -0.015605655498802662
v -0.0027288338169455528 -0.0053636687807738781 -0.015324673615396023
v -0.0027022706344723701 -0.0043709767051041126 -0.015651525929570198
v -0.0027400257531553507 -0.0052872658707201481 -0.013603976927697659
v -0.0027009858749806881 -0.0033714871387928724 -0.014351588673889637
v -0.0027010021731257439 -0.0033755358308553696 -0.013551220297813416
v -0.0027013137005269527 -0.003974229097366333 -0.013859068974852562
v -0.0027337393257766962 -0.0053979395888745785 -0.014480045065283775
v -0.0027414739597588778 -0.0046715144999325275 -0.016045847907662392
v 0.00084192224312573671 -0.0065300455316901207 -0.013793169520795345
v -0.0027009695768356323 -0.0033674384467303753 -0.015151957981288433
v -0.0023260621819645166 -0.0038761626929044724 -0.016303461045026779
v -0.0019169531296938658 -0.0047309412620961666 -0.016355555504560471
v -0.0016771110240370035 -0.0039541106671094894 -0.016241015866398811
v -0.00073728954885154963 -0.0053898822516202927 -0.016363298520445824
v -0.0013645727885887027 -0.0052983639761805534 -0.016362132504582405
v -8.4494829934556037e-05 -0.0037658249493688345 -0.016309229657053947
v -0.00090878125047311187 -0.0038526596035808325 -0.01627766340970993
v -0.00035111754550598562 -0.0043657831847667694 -0.016358630731701851
v 0.00076004368020221591 -0.0051185572519898415 -0.016359500586986542
v 7.502689550165087e-05 -0.0047994740307331085 -0.01635836623609066
v -1.898492882901337e-05 -0.0053823129273951054 -0.01636076346039772
v 0.0017721898620948195 -0.0050704996101558208 -0.016354115679860115
v 0.0024815450888127089 -0.0047082672826945782 -0.016443205997347832
v 0.0019143412355333567 -0.004350992850959301 -0.016358157619833946
v 0.0024318501818925142 -0.0039090234786272049 -0.016324279829859734
v 0.0015558610903099179 -0.0038287853822112083 -0.016292134299874306
v -0.0010735845426097512 -0.0046222801320254803 -0.016360530629754066
v -0.0024985095951706171 -0.0044082533568143845 -0.016360821202397346
v -0.00042579098953865469 -0.0049176299944519997 -0.016358910128474236
v 0.00074888573726639152 -0.0037795985117554665 -0.016304243355989456
v 0.0012155299773439765 -0.0043848133645951748 -0.01635981909930706
v 0.00040551691199652851 -0.0043394812382757664 -0.016359029337763786
v 0.0028974032029509544 -0.0039491252973675728 -0.015552899800240993
v 0.0029382298234850168 -0.004370429553091526 -0.016065333038568497
v 0.0028928329702466726 -0.0047575184144079685 -0.015257904306054115
v 0.0028990295249968767 -0.0033704033121466637 -0.015151859261095524
v 0.0028986481484025717 -0.0040832632221281528 -0.01474041398614645
v 0.0029192534275352955 -0.0054235397838056087 -0.015246805734932423
v 0.002896040678024292 -0.0041166138835251331 -0.013851149007678032
v 0.0028965112287551165 -0.0048697064630687237 -0.014298480935394764
v 0.0029490110464394093 -0.0040981029160320759 -0.012875976972281933
v 0.0028989971615374088 -0.0033785006962716579 -0.013551121577620506
v 0.0029217535629868507 -0.0054071061313152313 -0.013641252182424068
v 0.0029089807067066431 -0.0055461693555116653 -0.014474370516836643
v 0.0028990134596824646 -0.0033744520042091608 -0.014351489953696728
v 0.0028989808633923531 -0.0033825493883341551 -0.01275075227022171
v 0.0028937249444425106 -0.0048063877038657665 -0.013382495380938053
v 0.0028990458231419325 -0.0033663546200841665 -0.015952227637171745
v 0.0028989389538764954 -0.0035814917646348476 -0.016352130100131035
v 0.0028988909907639027 -0.0036653452552855015 -0.016152553260326385
v 0.0015243315137922764 -0.0064186458475887775 -0.013691508211195469
v 0.0028990216087549925 -0.0034591855946928263 -0.017369708046317101
v 0.00073998246807605028 -0.0065422235056757927 -0.014522586949169636
v 0.0030189680401235819 -0.0033468988258391619 -0.018045691773295403
v 0.0028321587014943361 -0.0034566719550639391 -0.019134605303406715
v 0.00010825141362147406 -0.0065723885782063007 -0.014755931682884693
v 0.0029957392252981663 -0.0033310551661998034 -0.020689509809017181
v 0.00064167514210566878 -0.0065477616153657436 -0.015188412740826607
v 0.0024370911996811628 -0.0061595621518790722 -0.014733285643160343
v 0.0029974437784403563 -0.0032369964756071568 -0.021332107484340668
v 0.002440466545522213 -0.0061631216667592525 -0.013970362022519112
v 0.0028990621212869883 -0.0033623059280216694 -0.016752596944570541
v 0.0028990039136260748 -0.0034635954070836306 -0.01649794727563858
v 0.0029683855827897787 -0.0033213470596820116 -0.020107658579945564
v 0.0028969014529138803 -0.005167259369045496 -0.014820805750787258
v 0.0029199300333857536 -0.0048556108959019184 -0.012790623120963573
v -0.0021406051237136126 -0.004006244707852602 -0.012424408458173275
v -0.0016343558672815561 -0.0033811607863754034 -0.012550834566354752
v 0.002029279712587595 -0.0062838438898324966 -0.013599464669823647
v -0.0015015522949397564 -0.0043818033300340176 -0.012555893510580063
v -0.0025010225363075733 -0.0033807018771767616 -0.01255085039883852
v -0.00036811322206631303 -0.0041824057698249817 -0.012554862536489964
v -0.0013014464639127254 -0.0041819117031991482 -0.012554878368973732
v -0.00058456795522943139 -0.0037820038851350546 -0.012552841566503048
v 0.0018323102267459035 -0.0033829961903393269 -0.012550774030387402
v 0.001905814278870821 -0.0063160867430269718 -0.014992335811257362
v 0.0014985532034188509 -0.004183394368737936 -0.012554829008877277
v 0.0023732865229249001 -0.0040057636797428131 -0.012427318841218948
v 0.00096564373234286904 -0.0033825375139713287 -0.012550788931548595
v 0.0026989767793565989 -0.0033834550995379686 -0.012550758197903633
v 0.0016980540240183473 -0.005126310046762228 -0.012559594586491585
v 0.0016984472749754786 -0.0043834974057972431 -0.012555837631225586
v 0.0024650723207741976 -0.0047461106441915035 -0.012477233074605465
v 0.00056522001978009939 -0.0041829003021121025 -0.01255484577268362
v 9.8977187008131295e-05 -0.003382078604772687 -0.012550803832709789
v -0.00076768937287852168 -0.0033816196955740452 -0.012550819665193558
v -0.0022460538893938065 -0.0047400770708918571 -0.012471751309931278
v -0.001501945429481566 -0.0051246155053377151 -0.012559651397168636
v 0.0019873352721333504 -0.0062952032312750816 -0.014221768826246262
v -0.0053213429637253284 -0.0035910741426050663 -0.021831203252077103
v -0.0057027228176593781 -0.0037664372939616442 -0.021693393588066101
v -0.0054405191913247108 -0.0032087781000882387 -0.021333444863557816
v 0.0013991639716550708 -0.0064448169432580471 -0.014371449127793312
v 0.0032363894861191511 -0.0073304283432662487 -0.0041019790805876255
v -0.005482314620167017 -0.0042592068202793598 -0.021552624180912971
v 0.0045905201695859432 -0.0033685138914734125 -0.0077254422940313816
v 0.0039036355447024107 -0.0034038354642689228 -0.0085299033671617508
v 0.0036436761729419231 -0.0033788499422371387 -0.0077412999235093594
v 0.0067915432155132294 -0.003406130475923419 -0.008496427908539772
v 0.0029768748208880424 -0.0073202047497034073 -0.0040505202487111092
v 0.0068720616400241852 -0.0034102862700819969 -0.0076832836493849754
v 0.0057764928787946701 -0.003377061802893877 -0.0083053307607769966
v -0.0021321296226233244 -0.003386619733646512 -0.011836651712656021
v 0.003047379432246089 -0.0034038950689136982 -0.0084705008193850517
v 0.0026891292072832584 -0.0034004994668066502 -0.0076933326199650764
v 0.0064850347116589546 -0.0032875938341021538 -0.0092415343970060349
v 0.0057620657607913017 -0.0034015960991382599 -0.0089758038520812988
v 0.002352582523599267 -0.0033928393386304379 -0.010837182402610779
v 0.0031733566429466009 -0.0033961313311010599 -0.010094522498548031
v 0.003191992174834013 -0.0033917792607098818 -0.010956761427223682
v 0.0045836097560822964 -0.0033838693052530289 -0.012666110880672932
v 0.0053524472750723362 -0.0033857929520308971 -0.012963271699845791
v 0.0044949976727366447 -0.0033796739298850298 -0.013486228883266449
v 0.0040079387836158276 -0.003356103552505374 -0.017900113016366959
v 0.0038181324489414692 -0.0033364025875926018 -0.018743908032774925
v 0.005342571996152401 -0.003355064895004034 -0.019444674253463745
v 0.0059661758132278919 -0.0032378705218434334 -0.019706178456544876
v 0.0052754557691514492 -0.0033499551936984062 -0.020220771431922913
v 0.0052356668747961521 -0.0033521042205393314 -0.020853256806731224
v 0.0045777056366205215 -0.0033454550430178642 -0.020744785666465759
v 0.0058424822054803371 -0.0032427937258034945 -0.020486118271946907
v 0.0055996258743107319 -0.0032046826090663671 -0.021313892677426338
v 0.0045520858839154243 -0.0033468056935817003 -0.019985338672995567
v 0.0046087265945971012 -0.0033506462350487709 -0.019156835973262787
v 0.0054067051969468594 -0.0033595138229429722 -0.018635010346770287
v -0.0041563394479453564 -0.0033512655645608902 -0.018196903169155121
v -0.0047038523480296135 -0.0033525202888995409 -0.017891498282551765
v -0.0040596495382487774 -0.0033553431276232004 -0.017400864511728287
v 0.003672922495752573 -0.0033474944066256285 -0.020576708018779755
v 0.0037480825558304787 -0.0033625918440520763 -0.01964164711534977
v -0.0058810021728277206 -0.0032530114986002445 -0.018231242895126343
v -0.0053358692675828934 -0.0033627524971961975 -0.017801752313971519
v -0.005078501533716917 -0.0033574807457625866 -0.018576385453343391
v -0.0052412413060665131 -0.0033761262893676758 -0.014796793460845947
v -0.0044810911640524864 -0.0033714843448251486 -0.014165845699608326
v -0.0045811962336301804 -0.0033673292491585016 -0.014976778067648411
v -0.0037675965577363968 -0.0033850125037133694 -0.012542619369924068
v -0.0036264609079807997 -0.00337552884593606 -0.013455689884722233
v 0.0039322860538959503 -0.0032560562249273062 -0.021340738981962204
v -0.0040411865338683128 -0.0033593133557587862 -0.016617909073829651
v -0.0047300886362791061 -0.0033595652785152197 -0.016495991498231888
v -0.0040300539694726467 -0.0033631755504757166 -0.01585555262863636
v -0.0042067053727805614 -0.0033949054777622223 -0.0095645124092698097
v -0.0042290044948458672 -0.0033908379264175892 -0.010366284288465977
v -0.004919927567243576 -0.0033920570276677608 -0.010052959434688091
v -0.0031498379539698362 -0.0033838993404060602 -0.011850870214402676
v -0.0035498766228556633 -0.0033933338709175587 -0.0099439164623618126
v -0.0035498612560331821 -0.0033895224332809448 -0.010697399266064167
v 0.0047001587226986885 -0.0033552474342286587 -0.018329482525587082
v 0.0054694032296538353 -0.0033628412056714296 -0.017828900367021561
v 0.0061054420657455921 -0.0032789856195449829 -0.01726783812046051
v 0.0060798861086368561 -0.0032600960694253445 -0.018081793561577797
v 0.005525361280888319 -0.0033657485619187355 -0.017030594870448112
v 0.0048149270005524158 -0.003359256312251091 -0.017550712451338768
v 0.0042376266792416573 -0.0033677301835268736 -0.015820413827896118
v 0.0049232598394155502 -0.0033670065458863974 -0.016029907390475273
v 0.0042135389521718025 -0.0033680764026939869 -0.016605047509074211
v 0.0048922915011644363 -0.0033631057012826204 -0.016800286248326302
v 0.0055660456418991089 -0.0033692726865410805 -0.016234191134572029
v 0.0035676001571118832 -0.0033688838593661785 -0.015522180125117302
v 0.0035408944822847843 -0.0033670819830149412 -0.016332702711224556
v 0.0055834325030446053 -0.0033732454758137465 -0.015440443530678749
v 0.0061394926160573959 -0.0033141032326966524 -0.014840771444141865
v 0.0061385594308376312 -0.0033144103363156319 -0.015642225742340088
v 0.0055353753268718719 -0.0033801831305027008 -0.014668549410998821
v 0.0049429899081587791 -0.0033709120471030474 -0.015265200287103653
v 0.0053000515326857567 -0.003385135205462575 -0.013893045485019684
v 0.004380127415060997 -0.0033755386248230934 -0.014291704632341862
v 0.0049103917554020882 -0.0033741339575499296 -0.014624848030507565
v 0.0060752443969249725 -0.0032547831069678068 -0.013209961354732513
v 0.003851679852232337 -0.0033851878251880407 -0.012328819371759892
v 0.0037199694197624922 -0.0033810508903115988 -0.013132858090102673
v 0.0032881218940019608 -0.0033872663043439388 -0.011859007179737091
v 0.0040915892459452152 -0.0033887713216245174 -0.011645552702248096
v 0.0040005296468734741 -0.0033918702974915504 -0.011023402214050293
v 0.0040050195530056953 -0.0033959513530135155 -0.010217072442173958
v 0.0048981760628521442 -0.0034070911351591349 -0.0086023099720478058
v 0.0056665949523448944 -0.0034032147377729416 -0.0097579080611467361
v 0.0055080121383070946 -0.0033944349270313978 -0.011335387825965881
v 0.0061929216608405113 -0.0032570450566709042 -0.011564932763576508
v 0.0054248422384262085 -0.0033903643488883972 -0.012135962955653667
v 0.0018168685492128134 -0.0034419693984091282 -0.0084376493468880653
v 0.0023139617405831814 -0.0034057288430631161 -0.0084323547780513763
v 0.0018989079399034381 -0.0034002277534455061 -0.0091513246297836304
v 0.0018988781375810504 -0.0034076531883329153 -0.0076833716593682766
v 0.0040153986774384975 -0.003400235204026103 -0.0093713235110044479
v -0.0027179992757737637 -0.0073813884519040585 -0.0040560145862400532
v 0.0015525249764323235 -0.0033985269255936146 -0.0094512905925512314
v 0.0015007811598479748 -0.0034026594366878271 -0.0098514612764120102
v 0.00095011282246559858 -0.0033982079476118088 -0.0094513017684221268
v -0.0029529989697039127 -0.007262625265866518 -0.004091720562428236
v -0.0034499848261475563 -0.0035208330955356359 -0.0076301968656480312
v 0.00044345343485474586 -0.0033802702091634274 -0.012200684286653996
v 0.0063551007770001888 -0.0032666220795363188 -0.0099847475066781044
v 0.0024637533351778984 -0.0033890518825501204 -0.011732542887330055
v 0.00080855382839217782 -0.0036568923387676477 -0.009411144070327282
v 0.0015275694895535707 -0.003392054233700037 -0.010651674121618271
v -0.0012384384172037244 -0.0033836702350527048 -0.011855541728436947
v 0.0015117429429665208 -0.0033504769671708345 -0.01164691150188446
v 0.00078528205631300807 -0.0033246856182813644 -0.011872593313455582
v 0.00045016163494437933 -0.0033858052920550108 -0.011850806884467602
v -0.00042082453728653491 -0.003388483077287674 -0.011838764883577824
v -3.8412079447880387e-05 -0.0033837184309959412 -0.012200353667140007
v -0.0041341925971210003 -0.0034001288004219532 -0.0086318980902433395
v -0.0048941844142973423 -0.0033962009474635124 -0.0092328200116753578
v -0.0042553432285785675 -0.0033901096321642399 -0.011931777931749821
v -0.0036002048291265965 -0.0032944732811301947 -0.011869881302118301
v -0.0062972521409392357 -0.0032960048411041498 -0.0094846524298191071
v -0.0063872002065181732 -0.0032944069243967533 -0.0085087688639760017
v -0.0056278156116604805 -0.0033982980530709028 -0.0089489985257387161
v -0.0049499585293233395 -0.0034011984243988991 -0.0084680449217557907
v -0.0056058540940284729 -0.0034011821262538433 -0.0083262212574481964
v -0.0051671485416591167 -0.0033650612458586693 -0.007815968245267868
v -0.0059068179689347744 -0.0033300204668194056 -0.0079520866274833679
v -0.0043234308250248432 -0.0033428824972361326 -0.0078965900465846062
v -0.0035499224904924631 -0.0034047684166580439 -0.007683467585593462
v -0.0062524001114070415 -0.0033115742262452841 -0.010311986319720745
v -0.0056167002767324448 -0.0033963965252041817 -0.0097536034882068634
v -0.0064957607537508011 -0.0033123954199254513 -0.0077303755097091198
v -0.0056161768734455109 -0.0033928898628801107 -0.01057769451290369
v -0.0049289772287011147 -0.0033879964612424374 -0.010854767635464668
v -0.0042361137457191944 -0.0033869575709104538 -0.011132651008665562
v -0.0048650056123733521 -0.0033845740836113691 -0.011539913713932037
v -0.0058518750593066216 -0.0032726966310292482 -0.014711102470755577
v -0.0058714696206152439 -0.0032667978666722775 -0.013952127657830715
v -0.0052243764512240887 -0.0033760000951588154 -0.014039261266589165
v -0.0032950576860457659 -0.003355041379109025 -0.017593385651707649
v -0.0034778895787894726 -0.0033424971625208855 -0.01944100484251976
v -0.0042612738907337189 -0.0033465081360191107 -0.019042234867811203
v -0.0036122321616858244 -0.0032363547943532467 -0.021360941231250763
v -0.0042671281844377518 -0.0033419125247746706 -0.019895970821380615
v -0.0035254741087555885 -0.003322612727060914 -0.020244788378477097
v -0.0050205010920763016 -0.0033440967090427876 -0.02047356590628624
v -0.0050682639703154564 -0.0033500436693429947 -0.019512688741087914
v -0.0045215897262096405 -0.0032321494072675705 -0.021294688805937767
v -0.004104170948266983 -0.0033398731611669064 -0.020676363259553909
v -0.0034331702627241611 -0.003362275892868638 -0.018563004210591316
v -0.0047443644143640995 -0.003355733584612608 -0.017252001911401749
v -0.0033533500973135233 -0.0033592283725738525 -0.016706690192222595
v -0.00335548329167068 -0.0033632842823863029 -0.015904685482382774
v -0.0040592728182673454 -0.0033663730137050152 -0.015220456756651402
v -0.0046895011328160763 -0.0033634162973612547 -0.01573898084461689
v -0.0036388386506587267 -0.0033707355614751577 -0.014402027241885662
v -0.0044889561831951141 -0.0033756070770323277 -0.013350066728889942
v -0.0045974971726536751 -0.0033789335284382105 -0.012678205035626888
v -0.003549845889210701 -0.003385710995644331 -0.011450883001089096
v 0.0053348508663475513 -0.0033468150068074465 -0.0079162875190377235
v 0.0024536522105336189 -0.0033971962984651327 -0.0091146482154726982
v 0.0018598049646243453 -0.0033574935514479876 -0.0094122234731912613
v 0.003171231597661972 -0.0034003537148237228 -0.0092588039115071297
v 0.0048658340238034725 -0.0033998850267380476 -0.0095295412465929985
v -0.0035498917568475008 -0.0033971453085541725 -0.0091904336586594582
v -0.003549907123669982 -0.00340095697902143 -0.0084369508549571037
v 0.0022977560292929411 -0.0033945590257644653 -0.0098969163373112679
v 0.0055854301899671555 -0.003398980014026165 -0.010544609278440475
v 0.0048159081488847733 -0.0033956978004425764 -0.010352070443332195
v 0.0062732743099331856 -0.0032613819930702448 -0.010759837925434113
v 0.004768948070704937 -0.0033917506225407124 -0.011127475649118423
v -0.0062277251854538918 -0.0033320318907499313 -0.011105942539870739
v -0.0060308962129056454 -0.0032933400943875313 -0.012344446964561939
v -0.0062382821924984455 -0.0033690501004457474 -0.011774958111345768
v -0.005614087451249361 -0.0033834716305136681 -0.011495078913867474
v 0.0061232838779687881 -0.0032540103420615196 -0.012378213927149773
v 0.0046895081177353859 -0.0033878958784043789 -0.011881194077432156
v 0.0036609380040317774 -0.0033769577275961637 -0.013935874216258526
v -0.0052385651506483555 -0.0033845803700387478 -0.012329578399658203
v -0.0059034219011664391 -0.0032596939709037542 -0.013128774240612984
v -0.0052385460585355759 -0.0033770313020795584 -0.013243952766060829
v 0.0060961218550801277 -0.0032865612301975489 -0.014036976732313633
v -0.003400125540792942 -0.003367135301232338 -0.015138743445277214
v 0.0036077583208680153 -0.0033729169517755508 -0.014729097485542297
v 0.0042788591235876083 -0.0033716398756951094 -0.015051783993840218
v -0.0057898103259503841 -0.0032502878457307816 -0.015297804959118366
v -0.0059433663263916969 -0.0032982493285089731 -0.016692155972123146
v -0.0059013380669057369 -0.0032881821971386671 -0.015940424054861069
v -0.0053647556342184544 -0.0033629601821303368 -0.016278581693768501
v -0.0053018960170447826 -0.003370294813066721 -0.015529190190136433
v 0.0061257523484528065 -0.003299234202131629 -0.016455642879009247
v 0.0035222955048084259 -0.0033055655658245087 -0.01721484400331974
v 0.004273759201169014 -0.0033617890439927578 -0.017249591648578644
v -0.0053888950496912003 -0.0033594558481127024 -0.017046337947249413
v -0.0059433425776660442 -0.0032932099420577288 -0.017457220703363419
v -0.0058077825233340263 -0.0032198855187743902 -0.019039493054151535
v 0.0060373744927346706 -0.0032448212150484324 -0.018897660076618195
v -0.0057619106955826283 -0.0032334763091057539 -0.019858106970787048
v -0.0057699759490787983 -0.0032831246498972178 -0.020581703633069992
v -0.0015012625372037292 -0.0062839970923960209 -0.011328455992043018
v 0.0047554643824696541 -0.0032665662001818419 -0.021361920982599258
v -0.003578186733648181 -0.0033362964168190956 -0.020758079364895821
v -0.0062341284938156605 -0.0036500138230621815 -0.016222534701228142
v -0.0062711448408663273 -0.0036376891657710075 -0.017763134092092514
v -0.006254472304135561 -0.0036441974807530642 -0.016992796212434769
v -0.0062704742886126041 -0.0036305119283497334 -0.018533620983362198
v -0.0062385029159486294 -0.0036227167584002018 -0.01930338516831398
v -0.0061579728499054909 -0.0036144244950264692 -0.020069489255547523
v -0.0059599061496555805 -0.0037556984461843967 -0.021078819409012794
v -0.0034096222370862961 -0.0034405670594424009 -0.011646327562630177
v 0.0059487931430339813 -0.0037369411438703537 -0.021628491580486298
v 0.00552733289077878 -0.0035928080324083567 -0.021829117089509964
v 0.00064736115746200085 -0.0034645963460206985 -0.011696519330143929
v 0.0056796609424054623 -0.0042651044204831123 -0.021552426740527153
v 0.0053440136834979057 -0.0040954290889203548 -0.021772550418972969
v 0.0058314204216003418 -0.0044260881841182709 -0.020715568214654922
v 0.0059127495624125004 -0.0045133940875530243 -0.019858114421367645
v 0.0059404722414910793 -0.004544723778963089 -0.018992962315678596
v 0.0059408769011497498 -0.0045476015657186508 -0.018126776441931725
v 0.0059293871745467186 -0.0045381714589893818 -0.017260661348700523
v 0.0059125758707523346 -0.0045233704149723053 -0.016394704580307007
v 0.0067697851918637753 -0.004175279289484024 -0.0082749435678124428
v 0.0066474820487201214 -0.0042279865592718124 -0.00917049590498209
v 0.006950541865080595 -0.0037012523971498013 -0.0087409848347306252
v 0.0062241167761385441 -0.0036137192510068417 -0.020778145641088486
v 0.0062228427268564701 -0.0041110161691904068 -0.018630923703312874
v 0.0064469259232282639 -0.0036298278719186783 -0.019155446439981461
v 0.0064685442484915257 -0.0036387310829013586 -0.018335657194256783
v 0.0063725612126290798 -0.0036219777539372444 -0.019971989095211029
v 0.0062113241292536259 -0.0041044875979423523 -0.019326956942677498
v 0.0062321829609572887 -0.0040285196155309677 -0.016326921060681343
v 0.0062104486860334873 -0.0040943007916212082 -0.017006704583764076
v 0.0064426357857882977 -0.0036513942759484053 -0.016695603728294373
v 0.0064277253113687038 -0.0036626996006816626 -0.015055436640977859
v 0.0059935408644378185 -0.0044070654548704624 -0.014749530702829361
v 0.0061333160847425461 -0.0041739200241863728 -0.01564406231045723
v 0.0064513185061514378 -0.0036672363057732582 -0.014235644601285458
v 0.0065015354193747044 -0.0036701401695609093 -0.013417020440101624
v 0.0061859916895627975 -0.0042204614728689194 -0.013600379228591919
v 0.0057702222838997841 -0.0048533380031585693 -0.013443861156702042
v 0.0064193303696811199 -0.0048121009021997452 -0.0082700522616505623
v 0.0068088327534496784 -0.0036777039058506489 -0.010150883346796036
v 0.006863071583211422 -0.0035900366492569447 -0.0094876103103160858
v 0.0064098904840648174 -0.0049368934705853462 -0.0075903595425188541
v 0.0067873182706534863 -0.0044112489558756351 -0.0074685127474367619
v 0.0064231227152049541 -0.0050752228125929832 -0.0070441071875393391
v 0.0059190471656620502 -0.0054804929532110691 -0.0085871182382106781
v 0.0060800598002970219 -0.0054136058315634727 -0.0075590512715280056
v 0.007054557092487812 -0.0036897799000144005 -0.0077026556245982647
v 0.0060615092515945435 -0.0056320731528103352 -0.0066412673331797123
v 0.0063719158060848713 -0.0045605534687638283 -0.010067112743854523
v 0.0067245247773826122 -0.0036759988870471716 -0.01096672285348177
v 0.0061684641987085342 -0.0046899328008294106 -0.011082019656896591
v 0.005923096090555191 -0.0052015637047588825 -0.010302712209522724
v 0.0066419322974979877 -0.0036759518552571535 -0.01178273931145668
v 0.0061484822072088718 -0.0045281108468770981 -0.012072804383933544
v 0.0061406772583723068 -0.0043922644108533859 -0.012926101684570312
v 0.0065654879435896873 -0.0036735220346599817 -0.012599346227943897
v 0.0060218395665287971 -0.0044287065975368023 -0.014023765921592712
v 0.0057013509795069695 -0.0048573082312941551 -0.014157157391309738
v 0.006427400279790163 -0.0036566024646162987 -0.01587558351457119
v 0.006221013143658638 -0.0041093206964433193 -0.017816944047808647
v 0.0057629663497209549 -0.0047163097187876701 -0.015442187897861004
v 0.0064616459421813488 -0.0036463257856667042 -0.017515551298856735
v 0.0062606148421764374 -0.004910904448479414 -0.0091456091031432152
v 0.0059316498227417469 -0.0053177210502326488 -0.0095671024173498154
v 0.0015800141263753176 -0.0068158823996782303 -0.023793315514922142
v -0.0019143805839121342 -0.0066861724480986595 -0.021471383050084114
v -0.0020457739010453224 -0.0061676604673266411 -0.021831775084137917
v -0.0012508099898695946 -0.0064477352425456047 -0.021809611469507217
v 0.0049560703337192535 -0.0045890281908214092 -0.021768180653452873
v 0.0036049678456038237 -0.0060395346954464912 -0.021468119695782661
v 0.0029996091034263372 -0.0059804576449096203 -0.021789371967315674
v 0.0034678000956773758 -0.0054432214237749577 -0.021870987489819527
v 0.0049157105386257172 -0.0050702625885605812 -0.021463366225361824
v 0.0042884023860096931 -0.0055928262881934643 -0.021465927362442017
v 0.0042477748356759548 -0.0049035125412046909 -0.021867772564291954
v 0.0021092223469167948 -0.006688280962407589 -0.021471312269568443
v 0.0023057074286043644 -0.0061469143256545067 -0.021828949451446533
v 0.0028754041995853186 -0.0064061242155730724 -0.021469920873641968
v 0.00064081442542374134 -0.0066325971856713295 -0.021787311881780624
v 0.0013159022200852633 -0.0068813133984804153 -0.021472269669175148
v 0.0005054677021689713 -0.0069801169447600842 -0.021472766995429993
v -0.0040924116037786007 -0.005588434636592865 -0.021466074511408806
v -0.0035066420678049326 -0.0054808668792247772 -0.021816642954945564
v -0.0034094455186277628 -0.0060358587652444839 -0.021468242630362511
v -0.00031093251891434193 -0.0069796894676983356 -0.021472781896591187
v -0.0011212631361559033 -0.0068800365552306175 -0.02147231251001358
v -0.00027753051836043596 -0.0066394233144819736 -0.021791426464915276
v -0.0028107997495681047 -0.0058198189362883568 -0.021840279921889305
v -0.0026802662760019302 -0.0064032129012048244 -0.021470019593834877
v -0.0047191721387207508 -0.0050652138888835907 -0.021463537588715553
v -0.0041021225042641163 -0.0049693509936332703 -0.021838782355189323
v -0.0051424223929643631 -0.0040938784368336201 -0.021773006767034531
v -0.0047659408301115036 -0.0046018860302865505 -0.021761320531368256
v 0.0013439633185043931 -0.006276590283960104 -0.021877771243453026
v -0.0023456711787730455 -0.0044285696931183338 -0.0070254234597086906
v -0.001847177161835134 -0.0040849177166819572 -0.0071280524134635925
v -0.0025114126037806273 -0.0036496925167739391 -0.0075382087379693985
v -0.0031161236111074686 -0.0043608332052826881 -0.0070671215653419495
v -0.0024633514694869518 -0.0050074583850800991 -0.006627433467656374
v -0.0024895139504224062 -0.0056438040919601917 -0.0061062676832079887
v -0.0032042213715612888 -0.0051496624946594238 -0.0065150666050612926
v -0.0032553833443671465 -0.0058133970014750957 -0.0059402198530733585
v 0.0037052065599709749 -0.0059759090654551983 -0.023437216877937317
v -0.0017127221217378974 -0.0065203993581235409 -0.0051443218253552914
v -0.0024912790395319462 -0.0067264973185956478 -0.0048978910781443119
v 0.00076851330231875181 -0.0069474661722779274 -0.023794073611497879
v -0.0037796709220856428 -0.0034861329477280378 -0.0074490089900791645
v -0.0039050148334354162 -0.0039710761047899723 -0.007334588561207056
v -0.0018701290246099234 -0.0047205686569213867 -0.0067292219027876854
v 0.00089385424507781863 -0.0069375615566968918 -0.02302728034555912
v 0.00057021272368729115 -0.0069642565213143826 -0.02439471147954464
v 0.0021465537138283253 -0.0068643218837678432 -0.0046781920827925205
v 0.0029377304017543793 -0.0068615605123341084 -0.0047438237816095352
v 0.002432934707030654 -0.0064614475704729557 -0.0052474099211394787
v -0.0032805860973894596 -0.0064657754264771938 -0.0052375295199453831
v -0.0036490543279796839 -0.0069602467119693756 -0.0045723598450422287
v -0.0030076294206082821 -0.0069141476415097713 -0.0046616294421255589
v -0.0031111068092286587 -0.0070975786074995995 -0.0043316436931490898
v -0.0024839232210069895 -0.0062341182492673397 -0.0055132773704826832
v -0.0052355816587805748 -0.0058579221367835999 -0.005900639109313488
v -0.0047593549825251102 -0.0062868678942322731 -0.0054486077278852463
v -0.004742827732115984 -0.0058616669848561287 -0.0058922036550939083
v 0.0006538463057950139 -0.0069521870464086533 -0.025109110400080681
v 0.0025608490686863661 -0.0059366524219512939 -0.0058252811431884766
v 0.0018962929025292397 -0.0060339923948049545 -0.0056968973949551582
v 0.0055386107414960861 -0.0044687315821647644 -0.0069892513565719128
v 0.0050073596648871899 -0.0039495248347520828 -0.007284178864210844
v 0.0047502466477453709 -0.0044144494459033012 -0.0070297755300998688
v 0.0034195347689092159 -0.0039643100462853909 -0.0072746542282402515
v 0.0042360532097518444 -0.0039296522736549377 -0.0072985095903277397
v 8.7050553702283651e-05 -0.0069851307198405266 -0.023021599277853966
v -0.00010418341844342649 -0.0069740237668156624 -0.02450346015393734
v 0.0020347146783024073 -0.0041170264594256878 -0.0071230144239962101
v 0.0026313560083508492 -0.0040366123430430889 -0.007234212476760149
v -0.0013468749821186066 -0.0068321982398629189 -0.022243907675147057
v 0.0040460685268044472 -0.0062222648411989212 -0.005528794601559639
v 0.0032473544124513865 -0.0058183055371046066 -0.0059392587281763554
v 0.0031917521264404058 -0.0063961120322346687 -0.0053242971189320087
v 0.0056502055376768112 -0.0039139650762081146 -0.0073182480409741402
v 0.0053226696327328682 -0.0035466651897877455 -0.0074845869094133377
v 0.0058753411285579205 -0.0050307712517678738 -0.0065040504559874535
v 0.0062587596476078033 -0.0045553464442491531 -0.0068783401511609554
v 0.0049209208227694035 -0.0050555048510432243 -0.0065944367088377476
v 0.0062591228634119034 -0.0039861015975475311 -0.0070884558372199535
v 0.0068719964474439621 -0.003527218010276556 -0.0075023612007498741
v 0.0061155939474701881 -0.0034380226861685514 -0.0076313274912536144
v -0.0021276101469993591 -0.0066144121810793877 -0.022242853417992592
v 0.0040970379486680031 -0.0045511103235185146 -0.0069417883642017841
v 0.0040005925111472607 -0.0051664602942764759 -0.0065044262446463108
v 0.0020094825886189938 -0.0054207104258239269 -0.0062181116081774235
v 0.0026007574051618576 -0.0053430609405040741 -0.0063675702549517155
v 0.0020368092227727175 -0.0047857519239187241 -0.006694356445223093
v 0.0038323681801557541 -0.0056566321291029453 -0.0060940729454159737
v 0.0032592779025435448 -0.0052346843294799328 -0.0064507946372032166
v 0.0010648140450939536 -0.0065166931599378586 -0.0051936600357294083
v 7.2155875386670232e-05 -0.0065304501913487911 -0.0051648207008838654
v -0.0024965773336589336 -0.0064705014228820801 -0.024466881528496742
v -0.0030435544904321432 -0.0062248678877949715 -0.023047056049108505
v -0.003615356981754303 -0.0059093679301440716 -0.022257871925830841
v 0.001759975915774703 -0.0065468335524201393 -0.00520283542573452
v -0.0048827575519680977 -0.0049071703106164932 -0.022038349881768227
v -0.00090095243649557233 -0.0065383901819586754 -0.0051489686593413353
v -0.0039395010098814964 -0.0045949253253638744 -0.0069109909236431122
v -0.0040165749378502369 -0.0052672820165753365 -0.0064214048907160759
v -0.0048658833838999271 -0.0053644673898816109 -0.006343587301671505
v -0.0047255042009055614 -0.0046798125840723515 -0.0068539096973836422
v -0.0054754624143242836 -0.004696347750723362 -0.0068453080020844936
v -0.0044908421114087105 -0.0035875118337571621 -0.0074459444731473923
v -0.0045967074111104012 -0.0040999888442456722 -0.0072121443226933479
v -0.0050947340205311775 -0.003679289948195219 -0.0073666605167090893
v -0.0053295069374144077 -0.0041433386504650116 -0.0071941842325031757
v -0.0066699003800749779 -0.0035200482234358788 -0.007502600084990263
v -0.0060583706945180893 -0.004095930140465498 -0.0070448275655508041
v -0.0058324066922068596 -0.0035756835713982582 -0.0074616372585296631
v 0.00554993050172925 -0.0057412311434745789 -0.0060175326652824879
v 0.0033181558828800917 -0.0046226945705711842 -0.0068951388821005821
v 0.0026172548532485962 -0.0047136326320469379 -0.0068392190150916576
v -0.0018715037731453776 -0.0053247399628162384 -0.0062701762653887272
v -0.0056768711656332016 -0.0051663341000676155 -0.0064438823610544205
v -0.0060508698225021362 -0.0046578613109886646 -0.0068263085559010506
v 0.0045705996453762054 -0.0057032918557524681 -0.0060483319684863091
v 0.0050425361841917038 -0.0062049971893429756 -0.0055430489592254162
v 0.004486817866563797 -0.0066051254980266094 -0.0050647621974349022
v 0.0038786709774285555 -0.0069422121159732342 -0.0046020559966564178
v -0.0017724060453474522 -0.005945020355284214 -0.0057399114593863487
v -0.0040012556128203869 -0.006474172230809927 -0.0052265478298068047
v -0.0041278847493231297 -0.0059472699649631977 -0.0058099878951907158
v -0.0028841900639235973 -0.0063076657243072987 -0.022248158231377602
v -0.0042297905310988426 -0.0066536031663417816 -0.0050011477433145046
v 0.0032235898543149233 -0.0071164974942803383 -0.0042811203747987747
v -0.0020812505390495062 -0.0035324711352586746 -0.016470491886138916
v 0.00033687680843286216 -0.003376564709469676 -0.016752783209085464
v -0.00062820041785016656 -0.0033907841425389051 -0.01672666147351265
v -0.0014636090490967035 -0.0034375481773167849 -0.016616936773061752
v 0.0011270431568846107 -0.0034566083922982216 -0.016554711386561394
v 0.0018690418219193816 -0.0034383099991828203 -0.016606317833065987
v -0.00030510177020914853 -0.0069680437445640564 -0.025149315595626831
v 0.0021462691947817802 -0.0034509829711169004 -0.017398357391357422
v 0.0012467493070289493 -0.003452470526099205 -0.018524285405874252
v 0.00044891404104419053 -0.0034549066331237555 -0.017959205433726311
v 0.0012333570048213005 -0.0034562749788165092 -0.017777994275093079
v 0.0014534173533320427 -0.0034390289802104235 -0.020930610597133636
v 0.0012991103576496243 -0.003436289494857192 -0.021728547289967537
v 0.00065063935471698642 -0.0034394122194498777 -0.021043354645371437
v 0.0020599742420017719 -0.0034536588937044144 -0.018342608585953712
v 0.0023338384926319122 -0.0034735391382128 -0.020681511610746384
v 0.0021812075283378363 -0.0034762790892273188 -0.019736776128411293
v -8.2895545347128063e-05 -0.003442022018134594 -0.020450679585337639
v 0.00069352076388895512 -0.003443294670432806 -0.020280353724956512
v 0.0020991102792322636 -0.0034367130137979984 -0.021728532388806343
v -0.00019486437668092549 -0.0034622983075678349 -0.017364289611577988
v 0.00054889608873054385 -0.0034631295129656792 -0.017370004206895828
v -0.00035556999500840902 -0.0034538076724857092 -0.018092270940542221
v -0.0011747820535674691 -0.0034613721072673798 -0.017400115728378296
v -0.0018217574106529355 -0.0034468055237084627 -0.019463591277599335
v -0.0019238815875723958 -0.0034688820596784353 -0.018612613901495934
v -0.0010617215884849429 -0.0034480460453778505 -0.019118145108222961
v -0.00016089880955405533 -0.0034458551090210676 -0.019684754312038422
v -0.00028496960294432938 -0.0034498225431889296 -0.018887436017394066
v 0.00061259168433025479 -0.0034472718834877014 -0.019485598430037498
v -0.00092137354658916593 -0.0034442397300153971 -0.019924532622098923
v -0.0016403287881985307 -0.0034420080482959747 -0.020316218957304955
v -0.0013974590692669153 -0.0034378529526293278 -0.02109261229634285
v -0.0022270418703556061 -0.0034647630527615547 -0.020921774208545685
v 0.0011643373873084784 -0.0034607802517712116 -0.01707138679921627
v -0.0019823664333671331 -0.0034671912435442209 -0.017797030508518219
v -0.0020563383586704731 -0.0034557750914245844 -0.017022812739014626
v -0.0011690305545926094 -0.0034520544577389956 -0.018296375870704651
v 0.0014756987802684307 -0.0034430229570716619 -0.020081633701920509
v 0.0004915535100735724 -0.0034511780831962824 -0.018700754269957542
v -0.00080047623487189412 -0.0034404965117573738 -0.020677186548709869
v 0.0019460761686787009 -0.0034494413994252682 -0.019027354195713997
v -0.00011071906192228198 -0.0034384939353913069 -0.021145215258002281
v 0.0013472227146849036 -0.0034464867785573006 -0.019279830157756805
v -0.00073394400533288717 -0.0034375714603811502 -0.021262349560856819
v -0.0019008892122656107 -0.0034345951862633228 -0.021728603169322014
v -0.0011008892906829715 -0.0034350187052041292 -0.021728590130805969
v 0.00049911049427464604 -0.0034358659759163857 -0.021728560328483582
v -0.00030088939820416272 -0.0034354424569755793 -0.021728575229644775
v -0.0068689770996570587 -0.0036029149778187275 -0.0077041271142661572
v -0.0037335192319005728 -0.0073079406283795834 -0.0046922629699110985
v -0.002964419312775135 -0.007677092682570219 -0.0045102383010089397
v -0.0033280863426625729 -0.0073294602334499359 -0.004264503251761198
v -0.0048822294920682907 -0.0065945545211434364 -0.0055930721573531628
v -0.004334671888500452 -0.0069828960113227367 -0.005133552011102438
v -0.0031693608034402132 -0.0061607882380485535 -0.023899411782622337
v -0.0037505901418626308 -0.005817735567688942 -0.023039614781737328
v 0.0031282033305615187 -0.0075512859039008617 -0.0041430704295635223
v 0.002360272454097867 -0.0078744981437921524 -0.0047770538367331028
v -0.0022819684818387032 -0.0065543870441615582 -0.023038119077682495
v 0.0015787961892783642 -0.0080127837136387825 -0.0049722562544047832
v -0.004346880130469799 -0.0053897104226052761 -0.02230396494269371
v 0.0007755695260129869 -0.0080635389313101768 -0.0049928887747228146
v -0.0015010102652013302 -0.0067914789542555809 -0.023029550909996033
v 0.00014952775381971151 -0.0080534722656011581 -0.00488691171631217
v -0.0023913371842354536 -0.0065099224448204041 -0.023830723017454147
v -0.00090221938444301486 -0.0069014853797852993 -0.024541614577174187
v -0.00051019899547100067 -0.0080982595682144165 -0.0051051690243184566
v -0.0016043417854234576 -0.0067616836167871952 -0.023827353492379189
v -0.0014236760325729847 -0.0080121699720621109 -0.0050157448276877403
v -0.0017337698955088854 -0.0067307204008102417 -0.024650301784276962
v -0.0022589690051972866 -0.0078620119020342827 -0.0048035350628197193
v 0.0022875494323670864 -0.0066226832568645477 -0.024437589570879936
v 0.0014283769996836782 -0.0068550128489732742 -0.024629304185509682
v -0.0029120172839611769 -0.0075336969457566738 -0.0041208625771105289
v 0.0035300396848469973 -0.0073542739264667034 -0.0042793336324393749
v 0.0049721132963895798 -0.0050175935029983521 -0.022168472409248352
v 0.00071951985592022538 -0.0068456153385341167 -0.004880040418356657
v 0.0013942503137513995 -0.0068404292687773705 -0.0048175705596804619
v 0.0043903039768338203 -0.0055110091343522072 -0.022878063842654228
v 0.0026468574069440365 -0.0071199545636773109 -0.0042727584950625896
v -0.00054878421360626817 -0.0068581989035010338 -0.0048680282197892666
v -0.0012148250825703144 -0.0068678869865834713 -0.0047954609617590904
v -0.0018777587683871388 -0.0069500464014708996 -0.0046190931461751461
v -0.0025284357834607363 -0.0070907645858824253 -0.004270702600479126
v 0.0018566274084150791 -0.0077884867787361145 -0.0043831313960254192
v 0.0025889058597385883 -0.0075767012313008308 -0.0042635127902030945
v 0.004528700839728117 -0.0054063894785940647 -0.022037867456674576
v -0.00041750571108423173 -0.0075273304246366024 -0.0044963317923247814
v -0.00013342246529646218 -0.0079350275918841362 -0.0045244898647069931
v 0.00048696473822928965 -0.0075789829716086388 -0.0044880164787173271
v 0.0013605252606794238 -0.0074800215661525726 -0.0044300085864961147
v 0.0010975588811561465 -0.0079014524817466736 -0.0044907378032803535
v -0.0016976866172626615 -0.0077955904416739941 -0.0043898862786591053
v -0.0011969238985329866 -0.0074792364612221718 -0.004425897728651762
v -0.0018732019234448671 -0.0073320046067237854 -0.0043266788125038147
v 0.0037253438495099545 -0.0059641567058861256 -0.02274913527071476
v -0.0024156824219971895 -0.0075695756822824478 -0.0042623612098395824
v -0.00092453329125419259 -0.0079057132825255394 -0.0044911224395036697
v 0.00047113202163018286 -0.0079754097387194633 -0.0045585562475025654
v 0.0020556258969008923 -0.0073140272870659828 -0.0043407692573964596
v 0.0039928080514073372 -0.0057976557873189449 -0.022152969613671303
v -0.0056354873813688755 -0.0044217398390173912 -0.020716559141874313
v -0.0057424837723374367 -0.0045399791561067104 -0.018993791192770004
v -0.0057433806359767914 -0.0045421198010444641 -0.018127672374248505
v -0.0057151149958372116 -0.0045084850862622261 -0.01985887810587883
v -0.0057309661060571671 -0.0045311101712286472 -0.01726166158914566
v -0.0057155787944793701 -0.0045173997059464455 -0.016395730897784233
v -0.005892846267670393 -0.0042377556674182415 -0.015884038060903549
v -0.0048124627210199833 -0.0036057906690984964 -0.021790413185954094
v -0.0021335710771381855 -0.0053616436198353767 -0.021761598065495491
v -0.0043979780748486519 -0.0042391065508127213 -0.021759301424026489
v -0.0035470908042043447 -0.0044882618822157383 -0.021760705858469009
v -0.00072137487586587667 -0.0059720436111092567 -0.021767089143395424
v 0.00024969421792775393 -0.005990421399474144 -0.021765291690826416
v 0.0017339980695396662 -0.0055601326748728752 -0.021760411560535431
v 0.0025682069826871157 -0.0055141891352832317 -0.021767875179648399
v 0.0020186109468340874 -0.0048958430998027325 -0.021762736141681671
v 0.0028174880426377058 -0.0048813633620738983 -0.0217587910592556
v 0.0034820199944078922 -0.004774144385010004 -0.021756978705525398
v 0.004601186141371727 -0.0041981064714491367 -0.02175791934132576
v 0.003835584968328476 -0.0042623849585652351 -0.021759491413831711
v 0.0050104586407542229 -0.0036146931815892458 -0.02179270051419735
v 0.0008736456511542201 -0.0054985112510621548 -0.02175968699157238
v -0.0014581552240997553 -0.0058785839937627316 -0.021766338497400284
v -0.00041704525938257575 -0.0053507997654378414 -0.021765056997537613
v -0.0012232360895723104 -0.0052987448871135712 -0.021764807403087616
v -0.0017704663332551718 -0.0045784227550029755 -0.021757664158940315
v -0.0030262933578342199 -0.0051275379955768585 -0.021762525662779808
v -0.0026417318731546402 -0.0045290794223546982 -0.021754015237092972
v -0.0035337407607585192 -0.0050333519466221333 -0.021763656288385391
v -0.0022700408007949591 -0.003927476704120636 -0.021799344569444656
v -0.0040074419230222702 -0.0036856050137430429 -0.021820012480020523
v 0.0012066662311553955 -0.0048667914234101772 -0.021762609481811523
v 0.00044947722926735878 -0.0048248851671814919 -0.0217624232172966
v 0.00068176095373928547 -0.004262168426066637 -0.021756589412689209
v 0.00020006508566439152 -0.0053114979527890682 -0.021764850243926048
v -0.0014338619075715542 -0.0039393757469952106 -0.021801920607686043
v -0.00083331629866734147 -0.004565101582556963 -0.02175632119178772
v -0.00015040174184832722 -0.0048594078980386257 -0.02176257036626339
v 0.0014745250809937716 -0.004274535458534956 -0.02175678126513958
v 0.00096690357895568013 -0.0037908421363681555 -0.021781938150525093
v 0.001770322909578681 -0.0037900910247117281 -0.021787600591778755
v 0.0030579939484596252 -0.0042628566734492779 -0.021758459508419037
v 0.0025827817153185606 -0.0037175619509071112 -0.021829888224601746
v 0.0034190474543720484 -0.0036656947340816259 -0.021809710189700127
v -0.0031311663333326578 -0.0038124942220747471 -0.021866124123334885
v -0.00061777711380273104 -0.0038761014584451914 -0.021791160106658936
v -7.7168151619844139e-05 -0.0043188799172639847 -0.021755332127213478
v 0.00017321953782811761 -0.003802616149187088 -0.021781362593173981
v 0.0022740904241800308 -0.0042813713662326336 -0.021755227819085121
v 0.0042446828447282314 -0.0036534324754029512 -0.021805603057146072
v -0.000803325732704252 -0.0072086495347321033 -0.0046801473945379257
v -0.0014089646283537149 -0.0072005181573331356 -0.0045776674523949623
v 7.3255243478342891e-05 -0.0071367821656167507 -0.0047875647433102131
v 0.00096725678304210305 -0.0072060665115714073 -0.0046860864385962486
v 0.0016078338958323002 -0.0071727652102708817 -0.0045954091474413872
v 0.003333336440846324 -0.0061861700378358364 -0.022182846441864967
v 0.0023385749664157629 -0.006602573674172163 -0.023728938773274422
v 0.0028734642546623945 -0.0064026089385151863 -0.024235738441348076
v 0.0031504502985626459 -0.0062723043374717236 -0.022911686450242996
v 0.0030362789984792471 -0.0063294088467955589 -0.023648545145988464
v -2.4700704670976847e-05 -0.0069801956415176392 -0.023776980116963387
v -0.00070995819987729192 -0.0069353720173239708 -0.023022087290883064
v -0.00080780347343534231 -0.0069188815541565418 -0.023799940943717957
v 0.0024467583280056715 -0.0065689487382769585 -0.022984355688095093
v 0.0026246195193380117 -0.0065075424499809742 -0.022225694730877876
v 0.0010699308477342129 -0.0069200797006487846 -0.022244289517402649
v 0.0016895419685170054 -0.0067949374206364155 -0.023016592487692833
v 0.0018636526074260473 -0.0067566665820777416 -0.022243078798055649
v 0.0002626844507176429 -0.0069887423887848854 -0.022244647145271301
v -0.0035395370796322823 -0.0035219425335526466 -0.0075304419733583927
v -0.0034500309266149998 -0.0036059294361621141 -0.0075738956220448017
v -0.00054668902885168791 -0.0069585833698511124 -0.022244511172175407
v 0.0015524700284004211 -0.0034989735577255487 -0.0093478532508015633
v 0.0017616798868402839 -0.003453787649050355 -0.0091665545478463173
v -0.0010217826347798109 -0.0068842717446386814 -0.025110408663749695
v -0.0042741200886666775 -0.0054475069046020508 -0.023077204823493958
v 0.00080863793846219778 -0.0034983654040843248 -0.0094103701412677765
v -0.0034499675966799259 -0.0035896697081625462 -0.010679260827600956
v -0.0034499517641961575 -0.0035857614129781723 -0.011451892554759979
v -0.0034499831963330507 -0.00359357800334692 -0.0099066291004419327
v -0.003450014628469944 -0.0036013948265463114 -0.0083613656461238861
v -0.0034499987959861755 -0.0035974862985312939 -0.0091339973732829094
v -0.0038905104156583548 -0.0057198340073227882 -0.023672619834542274
v -0.0057100183330476284 -0.004638969898223877 -0.021630372852087021
v -0.004383268766105175 -0.0057862377725541592 -0.01426808163523674
v 0.001640222268179059 -0.0035993990022689104 -0.0092936838045716286
v 0.0013623619452118874 -0.0036667087115347385 -0.0094074942171573639
v 0.0014984885929152369 -0.0041989949531853199 -0.0093551939353346825
v 0.00090717134298756719 -0.0038177624810487032 -0.0093496274203062057
v 0.00056515535106882453 -0.0041985004208981991 -0.0093552097678184509
v -0.00036817786167375743 -0.0041980063542723656 -0.009355226531624794
v 0.0002653581032063812 -0.0038174793589860201 -0.0093465670943260193
v -0.00051982462173327804 -0.0037137174513190985 -0.0094007812440395355
v -0.0013015110744163394 -0.0041975122876465321 -0.0093552432954311371
v -0.0037613783497363329 -0.0062218806706368923 -0.013913416303694248
v -0.0026634286623448133 -0.0035925442352890968 -0.010192479938268661
v -0.0026334654539823532 -0.0035985049325972795 -0.0093396240845322609
v -0.0020536805968731642 -0.003592788940295577 -0.0097253546118736267
v -0.0030798909720033407 -0.0066004758700728416 -0.013606177642941475
v -0.0026168718468397856 -0.0035948678851127625 -0.011096551083028316
v -0.0018766325665637851 -0.0035920008085668087 -0.01037303451448679
v -0.0013011894188821316 -0.0035965079441666603 -0.0095522785559296608
v -0.0010537035996094346 -0.0035909565631300211 -0.010476164519786835
v -0.0033620796166360378 -0.0035847348626703024 -0.011664019897580147
v 0.00075000902870669961 -0.003597593866288662 -0.0095522785559296608
v 0.0008138116099871695 -0.0035684257745742798 -0.010186760686337948
v 0.00019536807667464018 -0.0035145899746567011 -0.0097350552678108215
v -0.00011136458488181233 -0.0035933132749050856 -0.01062590628862381
v -0.00056712346849963069 -0.0034578919876366854 -0.0099256131798028946
v 0.00075004756217822433 -0.0035879849456250668 -0.01145181804895401
v -0.0023418797645717859 -0.0069102994166314602 -0.013358636759221554
v 0.00066218397114425898 -0.003586865495890379 -0.011663949117064476
v -3.1758776458445936e-05 -0.0035837495233863592 -0.011418623849749565
v -0.0022438094019889832 -0.0035996334627270699 -0.0087236305698752403
v -0.0018664483213797212 -0.0035333265550434589 -0.0091083869338035583
v -0.0027469727210700512 -0.0035990159958600998 -0.0085411276668310165
v -0.0022066077217459679 -0.003583528334274888 -0.0081626130267977715
v -0.00073854444781318307 -0.0072841383516788483 -0.013069847598671913
v -0.0015566775109618902 -0.0071406862698495388 -0.013179010711610317
v 9.6893483714666218e-05 -0.0073336982168257236 -0.013033128343522549
v -0.0016244045691564679 -0.0036006814334541559 -0.011164240539073944
v -0.0017859298968687654 -0.0035668683703988791 -0.0084408260881900787
v -0.0017012291355058551 -0.0036062290892004967 -0.0075887027196586132
v 0.0032748878002166748 -0.0066044055856764317 -0.01360576506704092
v -0.00076402543345466256 -0.0036062290892004967 -0.011245201341807842
v -0.00033517560223117471 -0.0041996464133262634 -0.010557392612099648
v -0.00058989139506593347 -0.0041899695061147213 -0.011417195200920105
v 5.1882398111047223e-05 -0.0041888118721544743 -0.011289190500974655
v -0.00072140875272452831 -0.0041862409561872482 -0.012056907638907433
v -0.0012048009084537625 -0.0041459891945123672 -0.011824106797575951
v 0.00075129041215404868 -0.0041889417916536331 -0.011704109609127045
v 0.00052659254288300872 -0.0041994815692305565 -0.01080814003944397
v 0.00031665904680266976 -0.0042010517790913582 -0.010056370869278908
v 0.0011147325858473778 -0.0040489868260920048 -0.010197123512625694
v -0.00097925669979304075 -0.0040697995573282242 -0.010022344067692757
v 0.0011475500650703907 -0.0040719276294112206 -0.011052500456571579
v -0.0011884324485436082 -0.0041399262845516205 -0.010859668254852295
v -6.7675457103177905e-05 -0.0041855955496430397 -0.011932953260838985
v 0.0014859733637422323 -0.0041774320416152477 -0.011711406521499157
v 0.0025366370100528002 -0.0069136605598032475 -0.013357668183743954
v 0.0017511132173240185 -0.007143502589315176 -0.013178184628486633
v 0.0045795855112373829 -0.0057916892692446709 -0.014267482794821262
v -0.0015513721155002713 -0.0039541441947221756 -0.0088734030723571777
v -0.0015013362281024456 -0.0038066147826611996 -0.0075338813476264477
v -0.0014796663308516145 -0.004497904796153307 -0.0072089452296495438
v 0.0039564310573041439 -0.0062260706909000874 -0.013913517817854881
v -0.0014678542502224445 -0.0051445127464830875 -0.0068078469485044479
v -0.0014818127965554595 -0.0061850897036492825 -0.0060509033501148224
v -0.0014609674690291286 -0.0057326145470142365 -0.0063434364274144173
v -0.0013221469707787037 -0.0064818696118891239 -0.0056444155052304268
v 0.0055184043012559414 -0.0049134264700114727 -0.01511100772768259
v 0.0057570328935980797 -0.0046352087520062923 -0.01571747288107872
v -0.0011238816659897566 -0.0064216279424726963 -0.0061327205039560795
v -0.0016204906860366464 -0.0036368775181472301 -0.0074833664111793041
v 0.0006102517363615334 -0.0064072138629853725 -0.011578007601201534
v 0.0011793487938120961 -0.0065263933502137661 -0.012145754881203175
v 0.00050906481919810176 -0.0064040366560220718 -0.012163054198026657
v -0.00098545686341822147 -0.0065381829626858234 -0.0074157305061817169
v -0.0010724405292421579 -0.0065171127207577229 -0.0067746886052191257
v -0.00046643242239952087 -0.0064282910898327827 -0.006979313213378191
v 0.0013408518861979246 -0.0064762737601995468 -0.011229685507714748
v 0.0013076821342110634 -0.0064944680780172348 -0.0097867771983146667
v 0.0011938080424442887 -0.0065282243303954601 -0.010451196692883968
v 0.00067422731081023812 -0.0064110513776540756 -0.010073625482618809
v 0.00074951909482479095 -0.0063749947585165501 -0.0058577414602041245
v 0.0014933119527995586 -0.0064760288223624229 -0.0057074376381933689
v 0.0051394440233707428 -0.0053070629946887493 -0.014660338871181011
v 8.5492411017185077e-06 -0.0064145145006477833 -0.010497655719518661
v 0.00066047476138919592 -0.0064102928154170513 -0.010826630517840385
v -0.00053515302715823054 -0.0064396243542432785 -0.0062667983584105968
v -0.00054075318621471524 -0.0064208074472844601 -0.0085758138447999954
v 0.00015266377886291593 -0.0064263255335390568 -0.0081079592928290367
v 9.5489165687467903e-05 -0.0064222998917102814 -0.0089219240471720695
v -0.00048754698946140707 -0.006423022598028183 -0.0077578062191605568
v 0.00019879352475982159 -0.006430269218981266 -0.0072764144279062748
v 0.00015844506560824811 -0.0064394385553896427 -0.0064631067216396332
v -0.00064072938403114676 -0.0064027584157884121 -0.0056540761142969131
v 0.00092360720736905932 -0.0064383894205093384 -0.0067706145346164703
v -2.6476483981241472e-05 -0.0063730198889970779 -0.0058413036167621613
v 0.0013982458040118217 -0.0063909543678164482 -0.0062392726540565491
v -0.0011794460006058216 -0.0064737126231193542 -0.0081923473626375198
v 4.2234223656123504e-05 -0.0064184959046542645 -0.0097131365910172462
v -0.00057076895609498024 -0.0064136614091694355 -0.0093712694942951202
v -0.0011374916648492217 -0.006483075674623251 -0.0090926522389054298
v -0.0012399095576256514 -0.0064417771063745022 -0.010436460375785828
v -0.00061667640693485737 -0.0064105819910764694 -0.01015031710267067
v -0.00066849944414570928 -0.0064326324500143528 -0.011090175248682499
v 7.9799508966971189e-05 -0.0064108893275260925 -0.011173170991241932
v -0.00014968098548706621 -0.006404755637049675 -0.011894437484443188
v -0.0010608660522848368 -0.006505083292722702 -0.012067290954291821
v 0.0014436069177463651 -0.006451684981584549 -0.0074066957458853722
v 0.0015292054740712047 -0.0064230379648506641 -0.0067909844219684601
v 0.0008369033457711339 -0.0064264261163771152 -0.0076865274459123611
v 0.0014001867966726422 -0.0064665917307138443 -0.0082006528973579407
v -0.0010752314701676369 -0.0064971609972417355 -0.0097684795036911964
v 0.00078213319648057222 -0.0064220745116472244 -0.008510795421898365
v 0.0013625881401821971 -0.0064772334881126881 -0.009003806859254837
v 0.00072698516305536032 -0.0064174439758062363 -0.0093065062537789345
v 0.0057535408996045589 -0.0044510532170534134 -0.020765455439686775
v 0.001695654820650816 -0.0054844547994434834 -0.0086025400087237358
v 0.0017646374180912971 -0.0060520842671394348 -0.0079688364639878273
v 0.001695353421382606 -0.0054293987341225147 -0.007687524426728487
v 0.0016974270110949874 -0.0056158192455768585 -0.011858724057674408
v 0.0016953354934230447 -0.0050172903575003147 -0.011747595854103565
v 0.0017033999320119619 -0.0041222483851015568 -0.008457820862531662
v 0.0016983785899356008 -0.0044000735506415367 -0.0091561675071716309
v 0.0016987711424008012 -0.003607823746278882 -0.0076292594894766808
v 0.0016688150353729725 -0.0036745518445968628 -0.0084549281746149063
v 0.0016981336520984769 -0.0048381933011114597 -0.0084865223616361618
v 0.0017072391929104924 -0.0061770048923790455 -0.011964087374508381
v 0.0017744044307619333 -0.0060197184793651104 -0.011313251219689846
v 0.0017020631348714232 -0.0055351303890347481 -0.011080078780651093
v 0.0016957102343440056 -0.0049750315956771374 -0.010911285877227783
v 0.0016800306038931012 -0.0043571223504841328 -0.010756561532616615
v 0.001753811608068645 -0.0045444173738360405 -0.011537853628396988
v 0.001721652690321207 -0.0061575775034725666 -0.010510466992855072
v 0.0016987595008686185 -0.0055267810821533203 -0.010254411958158016
v 0.0016984479734674096 -0.004948426503688097 -0.010075443424284458
v 0.0016974465688690543 -0.0055124359205365181 -0.0094265341758728027
v 0.0017505227588117123 -0.006090829148888588 -0.0096025960519909859
v 0.0017588867340236902 -0.0060678287409245968 -0.008785763755440712
v 0.0017558572581037879 -0.0060748197138309479 -0.0071981465443968773
v 0.0016934189479798079 -0.0057128774933516979 -0.0069337957538664341
v 0.0017434674082323909 -0.0061375182121992111 -0.0065478337928652763
v 0.0016561109805479646 -0.0057469988241791725 -0.0063508790917694569
v 0.001684166956692934 -0.0061695557087659836 -0.0060710576362907887
v 0.0016238332027569413 -0.0051339007914066315 -0.0069307419471442699
v 0.0016968568088486791 -0.004592367447912693 -0.0077357199043035507
v 0.0017036445206031203 -0.0044293822720646858 -0.0071779652498662472
v 0.0016980023356154561 -0.0049357465468347073 -0.0092621501535177231
v 0.0017024521948769689 -0.0044106952846050262 -0.0098027503117918968
v 0.0058525088243186474 -0.0045706098899245262 -0.019903339445590973
v 0.0059295925311744213 -0.0047231018543243408 -0.019217213615775108
v 0.0018166793743148446 -0.003439625957980752 -0.0075758225284516811
v -0.0015011669602245092 -0.0050648301839828491 -0.011733907274901867
v -0.0015030355425551534 -0.0056270328350365162 -0.011101174168288708
v -0.0015044818865135312 -0.0056842165067791939 -0.011889010667800903
v -0.001501951483078301 -0.0050190994516015053 -0.0084898946806788445
v -0.0014996198005974293 -0.0055997502058744431 -0.0078996140509843826
v -0.0014981989515945315 -0.0055871321819722652 -0.0086875958368182182
v -0.0015249678399413824 -0.0061501134186983109 -0.012108353897929192
v 0.0057534701190888882 -0.0044680507853627205 -0.017279349267482758
v -0.0015516597777605057 -0.0045167510397732258 -0.011421686038374901
v -0.0014989406336098909 -0.0050732712261378765 -0.010884067043662071
v -0.0015017882687970996 -0.0056060054339468479 -0.010297838598489761
v -0.0015648952685296535 -0.0060611693188548088 -0.010575960390269756
v -0.0015793587081134319 -0.0046016145497560501 -0.010647318325936794
v -0.0015212580328807235 -0.00618407828733325 -0.0097689861431717873
v -0.0015011692885309458 -0.0056087104603648186 -0.009489704854786396
v -0.0015404371079057455 -0.0061275037005543709 -0.0088809886947274208
v -0.0015042460290715098 -0.0049556950107216835 -0.0076513234525918961
v -0.0015025995671749115 -0.0056552272289991379 -0.0070970291271805763
v -0.0015230880817398429 -0.006205524317920208 -0.0065807057544589043
v -0.0015061799203976989 -0.0062322351150214672 -0.0074175205081701279
v -0.001569327199831605 -0.0060517461970448494 -0.0081925531849265099
v -0.001500912825576961 -0.0043108607642352581 -0.0077817733399569988
v -0.0014657700667157769 -0.0038894042372703552 -0.008104776032269001
v -0.0015000185230746865 -0.0044300025328993797 -0.008344738744199276
v -0.0015466900076717138 -0.0044794874265789986 -0.0090685337781906128
v -0.0015022074803709984 -0.0050367992371320724 -0.0092859668657183647
v -0.0015205158852040768 -0.0044387215748429298 -0.0099173747003078461
v -0.001500333659350872 -0.0050567821599543095 -0.010086254216730595
v 0.00082005077274516225 -0.0074744587764143944 -0.012930469587445259
v 0.0015326685970649123 -0.0073718712665140629 -0.013010794296860695
v 9.6717514679767191e-05 -0.0075062583200633526 -0.012907391414046288
v 0.0022242949344217777 -0.0072031239978969097 -0.013145114295184612
v 0.0025366290938109159 -0.0077146301046013832 -0.0063877017237246037
v 0.0024479581043124199 -0.0077010584063827991 -0.0072964504361152649
v 0.0027198484167456627 -0.0076912031508982182 -0.0057023083791136742
v 0.0017810836434364319 -0.0078165298327803612 -0.0075945807620882988
v 0.0018455225508660078 -0.0078413831070065498 -0.0066103199496865273
v 0.0010555243352428079 -0.0079235341399908066 -0.0068948282860219479
v 0.00023982394486665726 -0.0079925497993826866 -0.005451044999063015
v 0.0011203670874238014 -0.007946675643324852 -0.0058134589344263077
v 0.00032014065072871745 -0.0079744486138224602 -0.0062889372929930687
v 0.0021206673700362444 -0.0078251902014017105 -0.0056046457029879093
v 0.0026847412809729576 -0.0077109308913350105 -0.0051691974513232708
v 0.001751734409481287 -0.0077798273414373398 -0.0085193691775202751
v 0.0010301985312253237 -0.007892221212387085 -0.0078514330089092255
v 0.0024813730269670486 -0.0076460083946585655 -0.0082919076085090637
v 0.0016958734486252069 -0.0076890499331057072 -0.01011651661247015
v 0.0017079664394259453 -0.0077404906041920185 -0.0093544768169522285
v 0.0010069303680211306 -0.0078101386316120625 -0.0095642236992716789
v 0.0023577369283884764 -0.0076246717944741249 -0.0091925011947751045
v 0.0022232553455978632 -0.0076090386137366295 -0.0098596997559070587
v 0.0023339753970503807 -0.0075219986028969288 -0.010533949360251427
v 0.0023498642258346081 -0.007430211640894413 -0.011302674189209938
v 0.0017078606178984046 -0.0076198186725378036 -0.010853350162506104
v 0.0016566406702622771 -0.0074628274887800217 -0.012214628979563713
v 0.0023179375566542149 -0.007342752069234848 -0.012021965347230434
v 0.0016965694958344102 -0.0075407163240015507 -0.011565661989152431
v 0.00090649724006652832 -0.0075321956537663937 -0.012447199784219265
v 0.0022779270075261593 -0.0072603230364620686 -0.012670587748289108
v 0.0010046283714473248 -0.0077552087604999542 -0.010345328599214554
v 0.0002838048676494509 -0.0078287608921527863 -0.009795057587325573
v 0.00097359431674703956 -0.0076095052063465118 -0.011789586395025253
v 0.0010015506995841861 -0.0076870741322636604 -0.011087028309702873
v 0.00027271988801658154 -0.00770207354798913 -0.011315732263028622
v 0.00022406601055990905 -0.0076167378574609756 -0.012043196707963943
v 0.0015861355932429433 -0.007401210255920887 -0.012739632278680801
v 0.0010174647904932499 -0.0078546982258558273 -0.0087361680343747139
v 0.00028603285318240523 -0.0079164300113916397 -0.0081004276871681213
v 0.00028491948614828289 -0.0078782839700579643 -0.0089671649038791656
v 0.00029696914134547114 -0.0079482803121209145 -0.0071977283805608749
v 0.00028283518622629344 -0.007772631011903286 -0.010576282627880573
v -0.00029356352752074599 -0.0079811559990048409 -0.0058228322304785252
v -0.00039573104004375637 -0.0079607777297496796 -0.0065378039143979549
v -0.0028267374727874994 -0.0076178368180990219 -0.005228439811617136
v -0.0025170054286718369 -0.0076097408309578896 -0.0078262202441692352
v -0.0020369698759168386 -0.0076836701482534409 -0.0086336405947804451
v -0.00192564248573035 -0.0077495691366493702 -0.0077419388107955456
v -0.0011512001510709524 -0.0079032517969608307 -0.0066664400510489941
v -0.00044179137330502272 -0.0079303272068500519 -0.0074222837574779987
v -0.0019068014807999134 -0.007818697951734066 -0.0057534370571374893
v -0.0026709933299571276 -0.0076343338005244732 -0.0061412276700139046
v -0.00096334941918030381 -0.0079445242881774902 -0.0057945679873228073
v -0.0011833414901047945 -0.0078677665442228317 -0.0076009687036275864
v -0.0019273479701951146 -0.0077846962958574295 -0.0068157799541950226
v -0.00045471583143807948 -0.0078945066779851913 -0.0083198109641671181
v -0.0012011242797598243 -0.0078269438818097115 -0.0085085295140743256
v -0.00045454403152689338 -0.0078547913581132889 -0.009188605472445488
v -0.0011581190628930926 -0.0077268471941351891 -0.010230898857116699
v -0.001195389311760664 -0.0077801458537578583 -0.0093909008428454399
v -0.0019205855205655098 -0.0076453625224530697 -0.0096211032941937447
v -0.00044734973926097155 -0.0078044403344392776 -0.010018106549978256
v -0.00043714427738450468 -0.0077407942153513432 -0.010789390653371811
v -0.0011268261587247252 -0.0076625468209385872 -0.010979969054460526
v -0.00045723322546109557 -0.0076644248329102993 -0.011518452316522598
v -0.0018489856738597155 -0.0073190205730497837 -0.012660589069128036
v -0.0020334117580205202 -0.0073390370234847069 -0.012215039692819118
v -0.0025146452244371176 -0.0071448194794356823 -0.012569698505103588
v -0.0013423713389784098 -0.0074655264616012573 -0.012351398356258869
v -0.00054001470562070608 -0.0075708278454840183 -0.01224035955965519
v -0.0026932964101433754 -0.0069708735682070255 -0.013325972482562065
v -0.0020321391057223082 -0.0072058150544762611 -0.013144331052899361
v -0.0006269869627431035 -0.0074745328165590763 -0.012929322198033333
v -0.0026542814448475838 -0.007503060158342123 -0.0089868251234292984
v -0.0025987057015299797 -0.0074537512846291065 -0.0098635759204626083
v -0.0018999706953763962 -0.0074440580792725086 -0.011675841175019741
v -0.0025721665006130934 -0.007238408550620079 -0.011787370778620243
v -0.0011707155499607325 -0.0075798872858285904 -0.011657022871077061
v -0.0026098876260221004 -0.0076162754558026791 -0.0070616989396512508
v -0.002758075250312686 -0.0075173960067331791 -0.0082450825721025467
v -0.0025685539003461599 -0.0073615335859358311 -0.010867840610444546
v -0.001855777925811708 -0.0075919046066701412 -0.010466803796589375
v -0.0017239039298146963 -0.0075506293214857578 -0.011140030808746815
v -0.0013402499025687575 -0.0073747178539633751 -0.013010095804929733
v -0.0045320503413677216 -0.0058290171436965466 -0.014212558045983315
v -0.0039756461046636105 -0.0062647243030369282 -0.013875222764909267
v 0.0058321277610957623 -0.0045087658800184727 -0.021629493683576584
v -0.0033608574885874987 -0.0066488706506788731 -0.013579090125858784
v -0.0033023494761437178 -0.007414601743221283 -0.0064485473558306694
v -0.0032036043703556061 -0.0074056764133274555 -0.0074350824579596519
v -0.003329606493934989 -0.0074361786246299744 -0.0056475885212421417
v -0.0045655909925699234 -0.0066108959726989269 -0.0084629198536276817
v -0.0045934161171317101 -0.0066641406156122684 -0.0076025635935366154
v -0.0045818747021257877 -0.0067449784837663174 -0.0065956306643784046
v -0.0040192119777202606 -0.0071178032085299492 -0.0058276611380279064
v -0.0038274670951068401 -0.0071756397373974323 -0.0067518209107220173
v -0.0039334786124527454 -0.0070764306001365185 -0.0074921455234289169
v -0.0033115451224148273 -0.0073151560500264168 -0.0082901585847139359
v -0.0039509502239525318 -0.0070073730312287807 -0.0083600264042615891
v -0.0032980027608573437 -0.0072599323466420174 -0.0091351121664047241
v -0.0039307274855673313 -0.0069483024999499321 -0.0092024514451622963
v -0.0038957409560680389 -0.0068009481765329838 -0.010681616142392159
v -0.0039194640703499317 -0.0068760109134018421 -0.0099683301523327827
v -0.0044868788681924343 -0.0065024392679333687 -0.0099985869601368904
v -0.003285303944721818 -0.0071922247298061848 -0.0099649978801608086
v -0.0033825638238340616 -0.0070829112082719803 -0.010579071007668972
v -0.003246417036280036 -0.0070527056232094765 -0.011249983683228493
v -0.0032128628809005022 -0.0069559887051582336 -0.011999736540019512
v -0.0038562892004847527 -0.0067170513793826103 -0.011400850489735603
v -0.0038974888157099485 -0.0064640650525689125 -0.0128213195130229
v -0.0032543479464948177 -0.0068208612501621246 -0.012744099833071232
v -0.003849271684885025 -0.0066054835915565491 -0.012123162858188152
v -0.0044920598156750202 -0.0059396987780928612 -0.01355382613837719
v -0.0045153973624110222 -0.0065680150873959064 -0.0092661287635564804
v -0.004457572940737009 -0.0061761387623846531 -0.012212555855512619
v -0.0044672051444649696 -0.0062950286082923412 -0.011466803029179573
v -0.0044645620509982109 -0.006056575570255518 -0.012909517623484135
v -0.0040371008217334747 -0.006296754814684391 -0.013340122997760773
v -0.0044770133681595325 -0.0064076227135956287 -0.010718165896832943
v -0.005560239776968956 -0.0046292794868350029 -0.015717627480626106
v 0.0058266338892281055 -0.004929875023663044 -0.020770536735653877
v 0.005341721698641777 -0.0053735971450805664 -0.016475008800625801
v -0.0053219245746731758 -0.0049077477306127548 -0.015111149288713932
v -0.0056350990198552608 -0.0045281760394573212 -0.016416005790233612
v 0.0058153825812041759 -0.0049777231179177761 -0.016352532431483269
v -0.0049433894455432892 -0.0053017833270132542 -0.014660467393696308
v 0.0053191361948847771 -0.0053854761645197868 -0.018628817051649094
v 0.0057866498827934265 -0.0050516854971647263 -0.017113782465457916
v 0.0053236340172588825 -0.0053754174150526524 -0.020249782130122185
v 0.0057746856473386288 -0.0050389408133924007 -0.021755577996373177
v -0.0056571918539702892 -0.0045634997077286243 -0.019122911617159843
v 0.0048085772432386875 -0.0058471108786761761 -0.01651703380048275
v 0.005663891788572073 -0.0051390272565186024 -0.015615087933838367
v 0.0053826095536351204 -0.0053349514491856098 -0.015850923955440521
v -0.0056221629492938519 -0.004494610708206892 -0.019682427868247032
v 0.004777190275490284 -0.0058678942732512951 -0.017310842871665955
v -0.0056579564698040485 -0.0046051600947976112 -0.017391134053468704
v 0.0052546095103025436 -0.0054640681482851505 -0.017931338399648666
v -0.0055564302019774914 -0.0044578746892511845 -0.018151050433516502
v 0.005331728607416153 -0.0053845704533159733 -0.017279747873544693
v 0.0023401114158332348 -0.0068098194897174835 -0.025656690821051598
v 0.0030434988439083099 -0.0066515281796455383 -0.025369612500071526
v 0.0047810408286750317 -0.0058497749269008636 -0.020481940358877182
v 0.00086914381245151162 -0.00712943309918046 -0.025994841009378433
v 0.0057312711142003536 -0.0050824652425944805 -0.019087020307779312
v 0.0016230460023507476 -0.0070072738453745842 -0.025870734825730324
v 0.0057740574702620506 -0.0050203427672386169 -0.01980060338973999
v 0.0053092865273356438 -0.0053889849223196507 -0.019421441480517387
v 0.0056891487911343575 -0.0051158103160560131 -0.022417588159441948
v 9.7156116680707783e-05 -0.0072703147307038307 -0.026032974943518639
v 0.0036235086154192686 -0.0062581403180956841 -0.024998022243380547
v 0.0052177179604768753 -0.0055265454575419426 -0.023176299408078194
v 0.0041691302321851254 -0.0059242234565317631 -0.024562058970332146
v 0.004706717561930418 -0.0056484374217689037 -0.024076305329799652
v 0.0042186561040580273 -0.0063917450606822968 -0.014439725317060947
v 0.0051329098641872406 -0.0052717942744493484 -0.023539507761597633
v 0.0048045101575553417 -0.0059424201026558876 -0.014739148318767548
v 0.0055054835975170135 -0.0048902020789682865 -0.022967357188463211
v 0.0052912048995494843 -0.0055776634253561497 -0.015215604566037655
v -0.0045108427293598652 -0.0056435093283653259 -0.024076672270894051
v 0.0041469852440059185 -0.0062992563471198082 -0.020565386861562729
v -0.0039735925383865833 -0.0059198131784796715 -0.024562554433941841
v 0.0053978790529072285 -0.005440528504550457 -0.022731507197022438
v -0.0034283401910215616 -0.0062542799860239029 -0.02499862015247345
v 0.003460802836343646 -0.0067033465020358562 -0.017375316470861435
v -0.0048708133399486542 -0.0051909200847148895 -0.023534761741757393
v 0.0047752661630511284 -0.005866082850843668 -0.018074678257107735
v -0.0028161476366221905 -0.0065534794703125954 -0.025365818291902542
v -0.0053087309934198856 -0.004884504247456789 -0.022967517375946045
v 0.0041526886634528637 -0.0063112895004451275 -0.017356470227241516
v 0.0034608517307788134 -0.0066915689967572689 -0.019790923222899437
v -0.0021455502137541771 -0.0068074502050876617 -0.025657381862401962
v 0.0047850674018263817 -0.0058544515632092953 -0.018856853246688843
v -0.0014286040095612407 -0.0070056547410786152 -0.025871239602565765
v 0.0034568947739899158 -0.006689650472253561 -0.020591661334037781
v -0.00067472155205905437 -0.0071285432204604149 -0.025994975119829178
v 0.0047880113124847412 -0.0058482433669269085 -0.019661363214254379
v -0.005477244034409523 -0.0045405472628772259 -0.02234489843249321
v 0.0041567790322005749 -0.0062969746068120003 -0.01976446621119976
v 0.004702781792730093 -0.0058946907520294189 -0.022766649723052979
v 0.0057534528896212578 -0.0044722999446094036 -0.01640782319009304
v 0.0047930865548551083 -0.0059329806827008724 -0.023609505966305733
v 0.0035113375633955002 -0.006703769788146019 -0.024875853210687637
v 0.0027832638006657362 -0.0071051176637411118 -0.013842789456248283
v 0.0009213552693836391 -0.0071850381791591644 -0.01306989137083292
v 0.0028273183852434158 -0.0069981110282242298 -0.014988171868026257
v 0.003517812816426158 -0.0068017472513020039 -0.014114843681454659
v 0.0036254313308745623 -0.0066336309537291527 -0.014886302873492241
v 0.0029506427235901356 -0.0069444263353943825 -0.014388792216777802
v 0.0041573299095034599 -0.0063005494885146618 -0.018956901505589485
v 0.0041552889160811901 -0.0063057593069970608 -0.018152682110667229
v 0.002723251935094595 -0.0070143411867320538 -0.019792512059211731
v 0.0027232682332396507 -0.0070104147307574749 -0.020597713068127632
v 0.0040997513569891453 -0.0064262701198458672 -0.024297948926687241
v 0.0019567413255572319 -0.0072703184559941292 -0.017378112301230431
v 0.0041660284623503685 -0.0063067222945392132 -0.016545826569199562
v 0.0034971267450600863 -0.0066930265165865421 -0.015742471441626549
v 0.0042247278615832329 -0.0062730303034186363 -0.015735378488898277
v -0.0050675873644649982 -0.0046207495033740997 -0.022164061665534973
v -0.0047573568299412727 -0.0048911701887845993 -0.022778050974011421
v 0.0019567739218473434 -0.0072624664753675461 -0.018988516181707382
v 0.0040887882933020592 -0.00631371745839715 -0.023372936993837357
v -0.0015177595196291804 -0.0066965487785637379 -0.02538139745593071
v -0.0022229047026485205 -0.0064745191484689713 -0.025089366361498833
v -0.0029073667246848345 -0.0061963009648025036 -0.024732369929552078
v -0.00076765392441302538 -0.0068555776961147785 -0.025594573467969894
v 0.00015001522842794657 -0.0069182012230157852 -0.025723634287714958
v -0.0035320844035595655 -0.005883434321731329 -0.024356253445148468
v -0.0040327240712940693 -0.0056106075644493103 -0.024086553603410721
v -0.0043628267012536526 -0.0053180642426013947 -0.023572532460093498
v 0.00098422961309552193 -0.0068806963972747326 -0.025672130286693573
v 0.0022529358975589275 -0.0065007833763957024 -0.025121564045548439
v 0.0015521401073783636 -0.0067291893064975739 -0.025400120764970779
v 0.0029137274250388145 -0.0062669236212968826 -0.024820677936077118
v 0.0034732373896986246 -0.0059706973843276501 -0.024284619837999344
v 0.004148559644818306 -0.0055706859566271305 -0.023857994005084038
v 0.0046495185233652592 -0.0052607022225856781 -0.023502929136157036
v 0.00502380495890975 -0.0048821796663105488 -0.022855538874864578
v 0.0052417484112083912 -0.0046424386091530323 -0.022221881896257401
v 0.0034181377850472927 -0.0066978833638131618 -0.02288898266851902
v 0.0033954826649278402 -0.0067019700072705746 -0.023655550554394722
v 0.005675027146935463 -0.0045464392751455307 -0.022345006465911865
v 0.0012684800894930959 -0.0074286907911300659 -0.014969482086598873
v -0.0052922270260751247 -0.0052183689549565315 -0.020658457651734352
v -0.0052416264079511166 -0.0052594779990613461 -0.019813362509012222
v -0.0056410203687846661 -0.0048671229742467403 -0.01984223909676075
v -0.0041790222749114037 -0.0061403606086969376 -0.02141382172703743
v -0.0041682291775941849 -0.0061517911963164806 -0.020596610382199287
v -0.0047720265574753284 -0.0056914715096354485 -0.020612031221389771
v -0.0042028496973216534 -0.0061194119043648243 -0.022264700382947922
v -0.0048023909330368042 -0.0056611555628478527 -0.021457727998495102
v -0.0041627949103713036 -0.006163319107145071 -0.018999204039573669
v -0.0047321277670562267 -0.0057366662658751011 -0.018261946737766266
v -0.0047391434200108051 -0.0057270657271146774 -0.019026661291718483
v -0.0052111721597611904 -0.0052901464514434338 -0.01900775358080864
v -0.0051307785324752331 -0.0053724176250398159 -0.018383407965302467
v -0.0056086448021233082 -0.0050133452750742435 -0.018074443563818932
v -0.0051877959631383419 -0.0053170677274465561 -0.017642064020037651
v -0.0056306831538677216 -0.0049225897528231144 -0.01900002732872963
v 0.0011696858564391732 -0.0074320677667856216 -0.017378916963934898
v -0.0055976659059524536 -0.0049775117076933384 -0.017065005376935005
v -0.0035690574441105127 -0.0065097236074507236 -0.023912187665700912
v -0.0040726969018578529 -0.0061981454491615295 -0.023765020072460175
v -0.0040290136821568012 -0.0062953028827905655 -0.024305185303092003
v -0.0053475862368941307 -0.0051585976034402847 -0.021519605070352554
v 0.00098370364867150784 -0.0075681204907596111 -0.013461758382618427
v -0.0051324241794645786 -0.0053691556677222252 -0.016688112169504166
v -0.0055970503017306328 -0.0049795936793088913 -0.016311582177877426
v -0.00055098149459809065 -0.0074360482394695282 -0.025241177529096603
v -0.00048802371020428836 -0.0074902689084410667 -0.025764923542737961
v -1.1736988199118059e-05 -0.007538005243986845 -0.025631973519921303
v -0.0054987599141895771 -0.0051143686287105083 -0.022323429584503174
v -0.0048583438619971275 -0.0056346338242292404 -0.023510806262493134
v -0.0044995197094976902 -0.0060142893344163895 -0.02367299422621727
v -0.004726980347186327 -0.0057240677997469902 -0.0231332927942276
v -0.0012844313168898225 -0.0073406738229095936 -0.024627314880490303
v -0.0021439788397401571 -0.007123180665075779 -0.024706481024622917
v -0.0012629441916942596 -0.0074661313556134701 -0.025480600073933601
v -0.0051553859375417233 -0.0054149213247001171 -0.023003054782748222
v -0.0048698778264224529 -0.0055987103842198849 -0.022387348115444183
v -0.0035290922969579697 -0.0065335147082805634 -0.023056717589497566
v -0.0035019209608435631 -0.0065526231192052364 -0.022219369187951088
v -0.0034934079740196466 -0.006561279296875 -0.021400870755314827
v -0.0034934242721647024 -0.0065652052871882915 -0.020595669746398926
v -0.0027874086517840624 -0.0068926550447940826 -0.023026240989565849
v -0.0027670830022543669 -0.006905118003487587 -0.022207753732800484
v -0.00045412059989757836 -0.0074594416655600071 -0.023795332759618759
v -0.0012502764584496617 -0.0073527758941054344 -0.023822229355573654
v -0.00049597409088164568 -0.0074526844546198845 -0.024551287293434143
v -0.0020092974882572889 -0.0071991034783422947 -0.017377844080328941
v -0.0027428159955888987 -0.0069426628760993481 -0.016578931361436844
v -0.0027630759868770838 -0.0069303568452596664 -0.017381023615598679
v -0.00043182563968002796 -0.0074688936583697796 -0.022210456430912018
v -0.00043184190872125328 -0.0074728196486830711 -0.021405253559350967
v -0.0012280150549486279 -0.0073687285184860229 -0.02140476182103157
v -0.0028316467069089413 -0.0068702567368745804 -0.023837851360440254
v -0.0020092322956770658 -0.0071833995170891285 -0.020598653703927994
v -0.0020092485938221216 -0.00718732550740242 -0.019793450832366943
v -0.0027671318966895342 -0.0069168959744274616 -0.019792146980762482
v -0.0020159336272627115 -0.0071695614606142044 -0.023020017892122269
v -0.00043622433440759778 -0.0074646570719778538 -0.023011183366179466
v -0.0012279987568035722 -0.0073648025281727314 -0.022209964692592621
v -0.0012289785081520677 -0.0073606851510703564 -0.023016339167952538
v -0.00276714819483459 -0.0069208219647407532 -0.018986945971846581
v -0.003493456868454814 -0.0065730572678148746 -0.018985264003276825
v 0.00037056722794659436 -0.007483786903321743 -0.022210512310266495
v 0.00037055092980153859 -0.0074877124279737473 -0.021405309438705444
v -0.0020092159975320101 -0.0071794735267758369 -0.021403854712843895
v -0.0027671155985444784 -0.0069129699841141701 -0.020597349852323532
v 0.0027051926590502262 -0.0070056789554655552 -0.022974094375967979
v 0.0019396765856072307 -0.0072473310865461826 -0.023010134696960449
v 0.0026440080255270004 -0.0070243654772639275 -0.02375679649412632
v 0.0040880325250327587 -0.0063287224620580673 -0.022094272077083588
v 0.0034227697178721428 -0.0066988919861614704 -0.022144129499793053
v 0.0039811721071600914 -0.0063944892026484013 -0.022705581039190292
v 0.0047393455170094967 -0.005878496915102005 -0.021293679252266884
v 0.0046143149957060814 -0.0059750061482191086 -0.021947832778096199
v 0.0051939738914370537 -0.0054773567244410515 -0.022044342011213303
v -0.0027671644929796457 -0.0069247474893927574 -0.01818174310028553
v -0.0034764199517667294 -0.0065900422632694244 -0.017394557595252991
v -0.0027670993003994226 -0.0069090439938008785 -0.021402552723884583
v -0.0041652098298072815 -0.0061577768065035343 -0.019793884828686714
v -0.0034934405703097582 -0.0065691312775015831 -0.019790466874837875
v -0.0012280638329684734 -0.0073805064894258976 -0.018989155068993568
v -0.0012280800146982074 -0.0073844320140779018 -0.018183954060077667
v -0.0020092811901122332 -0.0071951774880290031 -0.018183046951889992
v 0.00037051839171908796 -0.0074955644086003304 -0.019794905558228493
v -0.00043189071584492922 -0.0074845976196229458 -0.018989646807312965
v -0.0004318744468037039 -0.0074806716293096542 -0.019794849678874016
v 0.0027231869753450155 -0.00703004514798522 -0.016571704298257828
v 0.0019567250274121761 -0.0072742439806461334 -0.01657290942966938
v 0.0027232032734900713 -0.0070261191576719284 -0.017376905307173729
v 0.00037048588274046779 -0.0075034163892269135 -0.018184501677751541
v 0.00037046958459541202 -0.007507342379540205 -0.017379298806190491
v -0.00043192325392737985 -0.0074924496002495289 -0.017379242926836014
v 0.0034622966777533293 -0.0067065376788377762 -0.016565274447202682
v 0.0027442092541605234 -0.0070260614156723022 -0.015762330964207649
v 0.0034608191344887018 -0.006699420977383852 -0.018180519342422485
v 0.0027232193388044834 -0.0070221931673586369 -0.018182108178734779
v 0.0034608354326337576 -0.0066954949870705605 -0.018985720351338387
v 0.0044014705345034599 -0.0061559351161122322 -0.015072458423674107
v 0.0048915562219917774 -0.0057811182923614979 -0.015688925981521606
v 0.004806476179510355 -0.0058541633188724518 -0.015135808847844601
v -0.004755757749080658 -0.0057091577909886837 -0.019798710942268372
v -0.0047140093520283699 -0.0057556075043976307 -0.017469251528382301
v -0.0046004024334251881 -0.0058558769524097443 -0.016815343871712685
v -0.0046533569693565369 -0.0058002169243991375 -0.016001708805561066
v -0.0054035959765315056 -0.0053117936477065086 -0.015785431489348412
v -0.0029059667140245438 -0.0068371803499758244 -0.024476088583469391
v -0.0033387350849807262 -0.0067231031134724617 -0.024766817688941956
v -0.0026451230514794588 -0.0070253042504191399 -0.025139432400465012
v -0.0042248661629855633 -0.0061016310937702656 -0.023160738870501518
v -0.0034895713906735182 -0.0065790810622274876 -0.018184546381235123
v -0.0041301650926470757 -0.0061931670643389225 -0.01742696575820446
v -0.0039932127110660076 -0.0062940525822341442 -0.016025818884372711
v -0.0040976488962769508 -0.0062189241871237755 -0.016671689227223396
v -0.0041561448015272617 -0.00617173220962286 -0.018206721171736717
v -0.0049939164891839027 -0.0056752185337245464 -0.01517870370298624
v -0.0041458164341747761 -0.0061748083680868149 -0.015250427648425102
v 0.0032164587173610926 -0.0067755985073745251 -0.024376982823014259
v 0.0024856440722942352 -0.0070716910995543003 -0.024512685835361481
v 0.0030096971895545721 -0.0069778594188392162 -0.024946140125393867
v 0.0027153634000569582 -0.007005639374256134 -0.02218923345208168
v 0.0019571448210626841 -0.0072466875426471233 -0.022208321839570999
v -0.0034498600289225578 -0.0066081448458135128 -0.016617227345705032
v -0.0032529404852539301 -0.0067121013998985291 -0.014967668801546097
v -0.0034193249884992838 -0.0066290493123233318 -0.015831068158149719
v -0.0045878021046519279 -0.0059329131618142128 -0.014691168442368507
v -0.004024941474199295 -0.0063987993635237217 -0.014460387639701366
v -0.0019898335449397564 -0.0072164982557296753 -0.025446342304348946
v 0.0053008487448096275 -0.00539046386256814 -0.021128645166754723
v -0.0020092648919671774 -0.0071912514977157116 -0.018988249823451042
v -0.002578522777184844 -0.0070068663917481899 -0.014544065110385418
v -0.0019079216290265322 -0.0072399578057229519 -0.015068708918988705
v -0.0018508475041016936 -0.0072512142360210419 -0.014351791702210903
v -0.0025110854767262936 -0.0070441169664263725 -0.01519529614597559
v -0.0026806981768459082 -0.006971871480345726 -0.01579752005636692
v -0.0033026896417140961 -0.0068136849440634251 -0.014145297929644585
v -0.0020526018925011158 -0.0071545462124049664 -0.02383865974843502
v 0.0018622297793626785 -0.0072631742805242538 -0.023810572922229767
v 0.0010713698575273156 -0.0074149812571704388 -0.023798506706953049
v 0.0016083032824099064 -0.0073124263435602188 -0.024666972458362579
v 0.0003704533155541867 -0.0075112683698534966 -0.01657409779727459
v -0.00041454870370216668 -0.0075015989132225513 -0.015768582001328468
v -0.00043193955207243562 -0.0074963755905628204 -0.016574041917920113
v -0.0020091996993869543 -0.0071755480021238327 -0.022209057584404945
v -0.00043190698488615453 -0.0074885236099362373 -0.018184445798397064
v -0.0012280963128432631 -0.0073883580043911934 -0.017378751188516617
v -0.0011592386290431023 -0.007412666454911232 -0.015004655346274376
v -0.0010661879787221551 -0.0074265617877244949 -0.014260068535804749
v -0.0017734570428729057 -0.0073822005651891232 -0.013695662841200829
v -0.0025561307556927204 -0.0071251662448048592 -0.013870022259652615
v -0.001948519260622561 -0.0072247874923050404 -0.015808582305908203
v -0.0019943937659263611 -0.0072074639610946178 -0.016576789319515228
v -0.00043185817776247859 -0.0074767456389963627 -0.020600050687789917
v 0.00037053466076031327 -0.0074916384182870388 -0.020600108429789543
v -0.0012280313530936837 -0.0073726545087993145 -0.020599560812115669
v -0.0012280476512387395 -0.007376580499112606 -0.019794357940554619
v -0.001223740866407752 -0.0073930714279413223 -0.016578026115894318
v -0.0012030572397634387 -0.0074007040821015835 -0.015785999596118927
v 0.00087940902449190617 -0.0074387891218066216 -0.024385692551732063
v 0.00025602991809137166 -0.0074766464531421661 -0.024491667747497559
v 0.00087484152754768729 -0.0074219303205609322 -0.025024857372045517
v 0.001189588219858706 -0.007436967920511961 -0.015765629708766937
v 0.00038914536708034575 -0.0075145149603486061 -0.015766013413667679
v 0.0011696694418787956 -0.0074359932914376259 -0.016573714092373848
v -0.00024366757133975625 -0.0075157773680984974 -0.014217868447303772
v 0.00045156967826187611 -0.0075159016996622086 -0.014966374263167381
v 0.00061831349739804864 -0.007507221307605505 -0.014198889024555683
v -0.00036153264227323234 -0.0075092804618179798 -0.014975276775658131
v -0.00094277027528733015 -0.0075620603747665882 -0.013589357957243919
v 0.0001549373846501112 -0.0074646119028329849 -0.025150349363684654
v 0.0013957105111330748 -0.0074488515965640545 -0.025527514517307281
v 0.00031288329046219587 -0.0074782427400350571 -0.023772533982992172
v 0.0041168867610394955 -0.0063144667074084282 -0.021344238892197609
v 0.0034440420567989349 -0.0066921915858983994 -0.021381834521889687
v 0.00035577418748289347 -0.0074804411269724369 -0.023011133074760437
v 0.0019568228162825108 -0.0072506889700889587 -0.021404122933745384
v 0.0011697671143338084 -0.0074124378152191639 -0.021404927596449852
v 0.001956806518137455 -0.0072546149604022503 -0.020598920062184334
v 0.0011697508161887527 -0.0074163638055324554 -0.020599724724888802
v 0.0019567902199923992 -0.0072585404850542545 -0.019793717190623283
v 0.0011697346344590187 -0.007420289795845747 -0.019794521853327751
v 0.0003705021517816931 -0.0074994903989136219 -0.018989704549312592
v -6.0068228776799515e-05 -0.0076303072273731232 -0.013531026430428028
v 0.0006154784350655973 -0.0075363093055784702 -0.025662848725914955
v 0.002329185139387846 -0.0072166821919381618 -0.025319339707493782
v 0.0011496687075123191 -0.007407589815557003 -0.023018594831228256
v 0.0027191231492906809 -0.0070080757141113281 -0.021398449316620827
v 0.0011697834124788642 -0.0074085118249058723 -0.022210128605365753
v 0.0019567576237022877 -0.0072663924656808376 -0.018183313310146332
v 0.0027232356369495392 -0.0070182671770453453 -0.018987309187650681
v 0.0019774932879954576 -0.007272742222994566 -0.015767494216561317
v 0.0011697183363139629 -0.0074242157861590385 -0.01898932084441185
v 0.0014913200866430998 -0.0073905722238123417 -0.014232262037694454
v 0.0020650643855333328 -0.0072532673366367817 -0.014985082671046257
v 0.0022979301866143942 -0.0071842102333903313 -0.014308135025203228
v 0.0011697020381689072 -0.0074281417764723301 -0.0181841179728508
v 0.0019885688088834286 -0.0073712076991796494 -0.013667643070220947
f 1 2 3
f 4 5 6
f 7 6 8
f 4 6 7
f 7 8 1
f 9 10 11
f 12 13 9
f 14 13 12
f 15 14 16
f 17 15 18
f 19 20 17
f 968 577 970
f 24 25 26
f 962 423 574
f 30 31 32
f 27 34 33
f 35 36 30
f 1019 1021 1074
f 39 40 41
f 38 42 43
f 1074 1021 1020
f 32 31 25
f 24 26 44
f 1078 1074 1020
f 46 372 48
f 1020 1055 1078
f 51 48 372
f 1084 1082 1038
f 53 55 54
f 28 46 48
f 55 578 54
f 1050 1038 1082
f 1082 1080 1050
f 1050 1080 1049
f 1080 1059 1049
f 38 33 34
f 57 35 40
f 41 42 39
f 41 43 42
f 57 40 39
f 36 35 57
f 30 36 31
f 25 24 32
f 26 58 44
f 20 19 58
f 58 19 44
f 20 15 17
f 15 16 18
f 14 12 16
f 13 10 9
f 10 3 11
f 60 22 59
f 2 11 3
f 61 62 60
f 8 2 1
f 63 62 5
f 63 5 4
f 60 62 63
f 59 61 60
f 21 59 22
f 1079 1078 1055
f 55 64 578
f 65 66 67
f 68 69 70
f 70 71 72
f 70 69 71
f 806 75 73
f 76 65 67
f 77 78 65
f 78 77 79
f 78 79 80
f 77 72 81
f 70 82 83
f 83 84 68
f 85 86 83
f 86 84 83
f 87 84 86
f 88 89 90
f 87 91 92
f 93 94 95
f 92 96 97
f 98 99 100
f 98 100 96
f 101 102 103
f 104 98 93
f 105 106 107
f 104 103 102
f 99 98 104
f 101 108 102
f 79 77 81
f 78 66 65
f 82 70 76
f 71 81 72
f 76 70 72
f 109 110 111
f 70 83 68
f 90 109 112
f 89 91 113
f 113 91 86
f 92 91 89
f 87 86 91
f 94 96 88
f 97 87 92
f 97 96 100
f 92 88 96
f 94 98 96
f 101 105 107
f 114 104 102
f 114 99 104
f 73 76 67
f 72 77 65
f 115 82 73
f 72 65 76
f 73 82 76
f 109 111 112
f 82 85 83
f 82 115 85
f 85 113 86
f 85 110 113
f 109 89 113
f 95 116 117
f 95 94 118
f 92 89 88
f 118 94 88
f 95 119 93
f 105 103 119
f 98 94 93
f 93 103 104
f 93 119 103
f 105 101 103
f 107 108 101
f 806 73 67
f 75 120 115
f 75 115 73
f 120 111 110
f 115 110 85
f 115 120 110
f 121 90 112
f 113 110 109
f 116 118 121
f 89 109 90
f 90 118 88
f 90 121 118
f 116 95 118
f 117 119 95
f 122 123 124
f 125 126 127
f 122 128 123
f 131 129 130
f 132 133 130
f 134 135 133
f 132 130 129
f 136 132 137
f 124 138 139
f 140 138 124
f 1079 1052 1059
f 142 143 128
f 142 128 122
f 144 142 145
f 143 142 146
f 147 148 149
f 146 150 151
f 152 153 154
f 152 154 150
f 155 152 147
f 153 152 156
f 157 158 159
f 156 160 161
f 162 163 164
f 165 166 167
f 168 169 170
f 171 172 173
f 168 170 160
f 174 162 164
f 169 175 173
f 174 171 173
f 135 122 124
f 123 140 124
f 139 135 124
f 176 177 178
f 135 145 122
f 179 178 180
f 148 150 146
f 151 143 146
f 151 150 154
f 146 144 148
f 148 147 150
f 159 181 182
f 158 168 160
f 161 153 156
f 161 160 170
f 156 155 183
f 183 158 160
f 157 175 168
f 174 175 162
f 169 168 175
f 171 174 164
f 173 175 174
f 184 133 139
f 176 126 185
f 122 145 142
f 135 134 145
f 142 144 146
f 145 125 144
f 127 148 144
f 186 187 188
f 181 183 188
f 152 150 147
f 152 155 156
f 147 186 155
f 156 183 160
f 182 189 190
f 181 158 183
f 166 165 163
f 163 162 166
f 168 158 157
f 157 162 175
f 157 191 162
f 139 133 135
f 184 130 133
f 132 134 133
f 176 185 177
f 134 125 145
f 134 136 125
f 149 127 176
f 144 125 127
f 186 149 179
f 148 127 149
f 149 186 147
f 187 190 189
f 155 188 183
f 155 186 188
f 189 181 188
f 192 193 167
f 167 191 192
f 158 181 159
f 159 191 157
f 159 192 191
f 191 166 162
f 191 167 166
f 137 132 129
f 137 194 136
f 185 126 194
f 134 132 136
f 136 126 125
f 136 194 126
f 179 176 178
f 127 126 176
f 187 179 180
f 149 176 179
f 179 187 186
f 180 190 187
f 187 189 188
f 190 195 182
f 193 192 195
f 181 189 182
f 182 192 159
f 182 195 192
f 196 167 193
f 196 165 167
f 200 199 197
f 1059 1052 1049
f 1079 1055 1052
f 202 197 199
f 203 202 199
f 204 208 206
f 1112 1039 1113
f 1113 1039 1108
f 206 209 204
f 204 209 210
f 211 212 213
f 1039 1042 1108
f 1042 1106 1108
f 216 211 213
f 217 216 213
f 218 219 220
f 1048 235 239
f 239 1099 1048
f 218 220 223
f 224 218 223
f 564 1048 1099
f 226 227 229
f 225 224 226
f 1043 564 1104
f 229 227 230
f 231 232 233
f 234 235 236
f 236 235 232
f 1106 1043 1104
f 217 238 239
f 213 238 217
f 467 935 473
f 217 239 234
f 235 234 239
f 236 232 231
f 231 233 240
f 230 231 240
f 229 230 240
f 224 227 226
f 218 224 225
f 241 242 243
f 208 204 244
f 245 246 247
f 248 242 241
f 199 200 249
f 249 243 203
f 199 249 203
f 249 241 243
f 248 250 242
f 248 246 250
f 250 246 245
f 245 247 251
f 251 247 244
f 210 251 244
f 204 210 244
f 211 252 253
f 947 467 473
f 951 950 965
f 950 947 473
f 965 967 951
f 266 267 268
f 269 270 271
f 272 273 274
f 275 276 268
f 276 266 268
f 967 960 951
f 206 277 278
f 279 271 277
f 280 270 252
f 281 282 283
f 950 473 965
f 282 272 283
f 281 283 269
f 273 272 282
f 271 270 284
f 285 276 279
f 252 272 274
f 267 263 268
f 1117 1119 952
f 1119 993 952
f 995 993 1119
f 988 347 350
f 946 1089 1064
f 946 992 1089
f 992 1072 1089
f 264 263 267
f 211 280 252
f 252 274 253
f 283 270 269
f 283 272 252
f 284 270 280
f 270 283 252
f 281 269 287
f 271 275 269
f 269 275 287
f 271 284 278
f 276 275 279
f 275 268 287
f 285 277 206
f 279 275 271
f 278 277 271
f 277 285 279
f 288 289 290
f 247 291 292
f 293 294 295
f 296 297 298
f 200 299 249
f 200 300 299
f 301 300 302
f 302 303 301
f 241 296 248
f 248 296 298
f 246 298 291
f 246 248 298
f 295 294 304
f 244 292 289
f 305 208 289
f 247 292 244
f 289 208 244
f 246 291 247
f 291 304 292
f 291 298 306
f 303 307 308
f 305 289 288
f 304 294 290
f 292 304 289
f 304 290 289
f 295 306 297
f 306 304 291
f 298 297 306
f 308 307 309
f 299 296 241
f 296 309 297
f 249 299 241
f 299 308 296
f 293 295 309
f 295 304 306
f 297 309 295
f 309 307 293
f 303 308 301
f 308 309 296
f 300 301 299
f 301 308 299
f 310 311 312
f 313 310 314
f 197 315 312
f 316 314 317
f 318 319 316
f 1072 997 1073
f 321 320 317
f 322 314 316
f 318 323 319
f 324 320 220
f 997 359 1073
f 325 326 327
f 314 322 313
f 23 462 1065
f 462 459 1065
f 981 29 1002
f 1002 1115 981
f 1001 973 980
f 311 197 312
f 327 311 310
f 1115 1001 980
f 325 310 313
f 325 339 340
f 325 340 326
f 327 310 325
f 980 981 1115
f 1092 382 462
f 944 946 1064
f 673 928 469
f 484 523 574
f 339 329 340
f 322 316 319
f 312 315 342
f 310 312 314
f 312 317 314
f 318 324 343
f 317 320 324
f 316 317 324
f 317 342 321
f 312 342 317
f 342 315 321
f 316 324 318
f 324 220 343
f 347 344 345
f 478 577 477
f 345 344 348
f 349 350 351
f 352 359 354
f 352 355 359
f 356 352 354
f 355 352 357
f 358 359 360
f 218 225 358
f 218 358 360
f 359 355 360
f 490 491 740
f 361 356 354
f 361 362 356
f 362 349 351
f 361 349 362
f 363 350 345
f 345 350 347
f 347 364 344
f 364 365 213
f 347 365 364
f 213 365 238
f 362 351 363
f 351 350 363
f 496 740 491
f 492 673 493
f 367 368 369
f 368 367 658
f 368 658 372
f 375 373 374
f 712 378 376
f 379 712 376
f 345 348 380
f 375 381 382
f 376 383 384
f 385 386 387
f 388 389 390
f 331 391 392
f 393 394 395
f 396 397 395
f 399 396 398
f 393 395 400
f 393 401 402
f 403 404 405
f 337 334 406
f 406 407 400
f 408 409 410
f 407 392 401
f 411 412 413
f 414 273 415
f 416 337 406
f 417 418 419
f 420 421 422
f 423 273 414
f 424 425 421
f 402 426 427
f 428 429 427
f 430 427 431
f 432 433 434
f 435 436 430
f 325 437 438
f 436 433 439
f 440 441 439
f 442 439 443
f 390 444 445
f 446 444 442
f 444 389 447
f 323 448 449
f 450 451 448
f 450 452 451
f 387 453 452
f 454 374 373
f 383 455 384
f 456 457 458
f 461 459 460
f 459 462 460
f 374 454 463
f 854 464 831
f 467 465 466
f 964 467 466
f 831 464 468
f 462 382 460
f 356 362 470
f 383 471 455
f 450 357 472
f 968 964 474
f 345 475 363
f 476 474 385
f 476 356 477
f 478 477 470
f 476 352 356
f 479 478 480
f 475 479 363
f 470 362 480
f 380 475 345
f 423 380 348
f 481 420 482
f 273 423 348
f 483 484 414
f 485 486 487
f 488 489 490
f 489 486 491
f 490 492 488
f 481 492 493
f 494 485 495
f 496 491 486
f 487 488 482
f 497 422 498
f 498 421 499
f 500 498 499
f 483 500 499
f 501 502 503
f 264 257 504
f 259 262 505
f 403 506 410
f 260 255 507
f 508 505 509
f 510 511 508
f 262 260 509
f 369 510 512
f 510 508 513
f 843 814 377
f 504 514 403
f 405 515 417
f 263 504 516
f 268 516 517
f 518 419 519
f 520 518 413
f 521 415 412
f 415 282 520
f 522 414 521
f 523 484 483
f 384 379 376
f 379 524 712
f 461 525 526
f 460 382 381
f 374 381 375
f 525 461 460
f 373 524 454
f 527 525 381
f 379 454 524
f 463 527 374
f 379 384 454
f 528 463 454
f 486 489 487
f 489 491 490
f 482 488 481
f 488 492 481
f 530 529 481
f 493 530 481
f 381 525 460
f 466 465 526
f 374 527 381
f 531 526 525
f 527 386 531
f 455 471 532
f 384 528 454
f 453 386 463
f 384 455 528
f 533 453 528
f 487 482 495
f 487 489 488
f 487 495 485
f 481 529 420
f 482 420 422
f 529 424 420
f 964 466 474
f 466 526 531
f 385 531 386
f 531 525 527
f 453 533 452
f 386 527 463
f 456 532 534
f 453 463 528
f 452 533 535
f 533 528 455
f 534 532 471
f 532 533 455
f 494 497 536
f 537 538 539
f 482 422 495
f 497 494 495
f 424 421 420
f 421 498 422
f 968 474 476
f 474 466 531
f 472 385 387
f 385 474 531
f 452 535 451
f 387 386 453
f 387 452 450
f 540 389 458
f 451 535 541
f 535 533 532
f 457 456 534
f 456 535 532
f 422 497 495
f 539 538 536
f 497 539 536
f 421 425 499
f 498 500 539
f 425 523 499
f 968 476 477
f 472 357 352
f 385 472 476
f 472 352 476
f 387 450 472
f 450 323 357
f 450 448 323
f 322 319 542
f 448 541 388
f 541 535 456
f 540 458 457
f 458 541 456
f 537 539 543
f 539 497 498
f 537 543 544
f 499 523 483
f 500 543 539
f 483 414 522
f 479 480 363
f 480 362 363
f 356 470 477
f 470 480 478
f 541 448 451
f 449 319 323
f 449 388 390
f 388 541 458
f 447 389 540
f 389 388 458
f 483 543 500
f 545 502 544
f 483 522 543
f 545 544 543
f 423 414 484
f 521 545 522
f 449 390 542
f 449 448 388
f 449 542 319
f 390 389 444
f 390 445 542
f 444 447 546
f 287 517 547
f 545 543 522
f 545 521 503
f 521 414 415
f 521 412 503
f 415 273 282
f 322 548 313
f 339 325 438
f 542 548 322
f 445 444 446
f 445 549 548
f 444 546 442
f 446 442 443
f 442 546 440
f 545 503 502
f 411 550 501
f 503 412 411
f 520 547 518
f 281 520 282
f 520 412 415
f 445 548 542
f 437 325 313
f 446 549 445
f 437 313 548
f 446 443 549
f 432 437 549
f 440 439 442
f 439 433 443
f 503 411 501
f 551 552 553
f 520 413 412
f 554 550 411
f 547 520 281
f 519 554 413
f 287 547 281
f 547 419 518
f 437 432 438
f 437 548 549
f 438 432 434
f 432 549 443
f 435 433 436
f 433 432 443
f 555 436 441
f 436 439 441
f 413 554 411
f 554 552 550
f 518 519 413
f 553 552 554
f 517 419 547
f 418 553 519
f 268 517 287
f 517 417 419
f 329 339 556
f 391 331 556
f 438 556 339
f 434 433 435
f 434 557 556
f 436 555 430
f 435 430 431
f 430 555 428
f 553 418 558
f 553 554 519
f 419 418 519
f 558 551 553
f 516 417 517
f 515 558 418
f 263 516 268
f 516 405 417
f 434 556 438
f 331 329 556
f 435 557 434
f 332 331 392
f 435 431 557
f 341 332 407
f 428 427 430
f 427 426 431
f 551 558 559
f 560 408 410
f 417 515 418
f 409 559 558
f 504 405 516
f 404 409 515
f 264 504 263
f 504 403 405
f 431 391 557
f 391 556 557
f 401 426 402
f 426 391 431
f 561 402 429
f 402 427 429
f 515 409 558
f 409 408 559
f 404 403 410
f 404 515 405
f 404 410 409
f 504 257 514
f 403 514 506
f 514 257 259
f 332 392 407
f 392 391 426
f 400 401 393
f 401 392 426
f 394 393 561
f 393 402 561
f 560 511 562
f 369 563 510
f 505 506 514
f 511 560 410
f 259 505 514
f 508 511 506
f 334 341 406
f 399 565 396
f 395 398 396
f 400 407 401
f 400 395 397
f 395 394 398
f 506 511 410
f 510 563 562
f 566 509 260
f 508 506 505
f 262 509 505
f 509 513 508
f 416 397 565
f 406 341 407
f 400 397 406
f 397 416 406
f 397 396 565
f 814 371 377
f 512 510 513
f 510 562 511
f 512 513 507
f 513 509 566
f 513 566 507
f 566 260 507
f 551 567 552
f 559 408 568
f 559 568 569
f 569 567 551
f 550 552 106
f 552 567 106
f 559 569 551
f 570 568 408
f 560 570 408
f 560 571 570
f 560 562 571
f 571 562 572
f 572 562 563
f 573 572 563
f 369 573 563
f 369 368 573
f 302 326 340
f 255 802 888
f 575 576 399
f 576 575 579
f 578 579 575
f 512 866 369
f 369 866 367
f 507 889 512
f 578 580 54
f 581 582 53
f 582 583 205
f 21 584 59
f 584 585 59
f 585 61 59
f 583 584 21
f 21 205 583
f 205 53 582
f 53 54 581
f 581 54 580
f 586 587 588
f 578 575 589
f 590 591 592
f 593 591 594
f 595 596 597
f 598 599 600
f 601 602 603
f 604 170 169
f 605 587 586
f 587 606 607
f 608 609 610
f 611 128 143
f 612 128 611
f 608 605 609
f 613 609 586
f 123 128 612
f 123 614 140
f 587 607 588
f 615 616 606
f 615 606 587
f 617 615 618
f 616 615 617
f 619 617 620
f 621 170 604
f 621 602 622
f 603 602 621
f 623 601 603
f 599 601 623
f 599 623 624
f 625 600 595
f 626 584 583
f 600 627 585
f 590 592 626
f 596 626 628
f 590 583 582
f 594 590 582
f 593 581 580
f 589 593 580
f 589 580 578
f 605 586 609
f 588 613 586
f 629 587 605
f 629 615 587
f 614 612 610
f 612 605 608
f 611 605 612
f 611 629 605
f 630 629 611
f 618 153 617
f 630 615 629
f 153 161 617
f 170 620 161
f 619 616 617
f 619 620 622
f 617 161 620
f 620 621 622
f 620 170 621
f 604 603 621
f 604 623 603
f 624 623 604
f 172 627 599
f 600 599 627
f 598 601 599
f 595 600 585
f 625 598 600
f 584 596 585
f 597 625 595
f 597 596 628
f 595 585 596
f 628 626 592
f 596 584 626
f 583 590 626
f 582 581 594
f 593 594 581
f 591 590 594
f 610 612 608
f 614 123 612
f 151 611 143
f 151 630 611
f 154 630 151
f 154 618 630
f 630 618 615
f 154 153 618
f 173 604 169
f 173 624 604
f 172 624 173
f 172 599 624
f 622 602 447
f 546 602 601
f 457 616 619
f 447 602 546
f 540 619 622
f 376 588 383
f 457 619 540
f 616 534 606
f 622 447 540
f 616 457 534
f 606 534 471
f 588 607 383
f 383 607 471
f 607 606 471
f 613 376 378
f 888 903 255
f 613 588 376
f 601 440 546
f 601 598 440
f 440 598 441
f 441 598 625
f 555 441 625
f 597 555 625
f 597 428 555
f 597 628 428
f 428 628 429
f 429 628 592
f 561 429 592
f 591 561 592
f 591 394 561
f 591 593 394
f 394 593 398
f 398 593 589
f 399 398 589
f 575 399 589
f 632 633 634
f 635 579 64
f 636 637 638
f 639 640 641
f 642 643 644
f 645 646 647
f 648 649 650
f 651 652 653
f 650 654 655
f 648 656 657
f 658 659 51
f 648 657 649
f 657 656 659
f 659 656 51
f 372 658 51
f 650 649 654
f 655 654 633
f 632 655 633
f 652 632 634
f 653 652 634
f 647 651 653
f 645 647 653
f 660 646 645
f 660 642 646
f 660 643 642
f 643 637 644
f 644 637 636
f 636 638 640
f 640 638 641
f 639 641 635
f 64 639 635
f 579 578 64
f 661 662 663
f 661 664 665
f 666 667 668
f 840 670 671
f 929 673 674
f 675 662 661
f 840 839 670
f 663 662 1012
f 678 679 680
f 681 682 683
f 683 682 684
f 685 668 681
f 686 687 688
f 678 837 679
f 690 691 680
f 692 693 694
f 695 696 375
f 1092 699 700
f 382 1092 700
f 702 703 704
f 693 705 706
f 707 708 692
f 707 692 709
f 710 692 708
f 710 711 712
f 696 693 373
f 692 694 709
f 709 714 715
f 716 690 717
f 718 716 717
f 719 720 703
f 776 337 901
f 802 894 888
f 835 678 726
f 704 690 680
f 721 835 726
f 802 803 894
f 894 803 904
f 904 803 805
f 906 904 805
f 670 839 728
f 664 729 667
f 667 729 730
f 675 661 665
f 665 664 667
f 731 732 733
f 734 735 674
f 734 736 735
f 735 736 737
f 732 735 737
f 738 739 740
f 712 706 705
f 705 710 712
f 373 693 706
f 741 707 709
f 694 696 714
f 373 375 696
f 742 700 743
f 375 382 695
f 382 700 695
f 700 742 695
f 673 734 674
f 744 675 665
f 674 729 664
f 737 739 733
f 739 737 740
f 737 736 740
f 693 692 705
f 692 710 705
f 694 714 709
f 694 693 696
f 717 743 718
f 714 696 695
f 720 742 743
f 742 714 695
f 718 743 699
f 743 700 699
f 664 663 929
f 661 663 664
f 730 732 731
f 664 929 674
f 730 729 732
f 729 674 735
f 745 733 746
f 732 729 735
f 746 733 739
f 733 732 737
f 741 747 748
f 702 748 747
f 742 715 714
f 749 748 702
f 742 720 715
f 750 749 702
f 743 717 720
f 717 703 720
f 744 666 751
f 682 681 752
f 665 666 744
f 731 686 688
f 667 730 668
f 731 745 686
f 730 731 753
f 731 733 745
f 715 747 709
f 747 741 709
f 720 719 715
f 719 747 715
f 719 702 747
f 703 717 690
f 703 690 704
f 690 716 691
f 667 666 665
f 685 670 751
f 666 668 685
f 753 687 752
f 730 753 668
f 753 681 668
f 731 688 753
f 688 687 753
f 750 704 679
f 702 719 703
f 702 704 750
f 680 726 678
f 704 680 679
f 680 691 726
f 666 685 751
f 684 841 683
f 685 681 671
f 752 755 682
f 755 752 687
f 752 681 753
f 750 679 756
f 679 837 756
f 685 671 670
f 841 840 671
f 681 683 671
f 683 841 671
f 757 288 290
f 293 307 758
f 294 759 760
f 761 303 762
f 303 302 762
f 302 340 762
f 307 303 761
f 293 758 759
f 307 761 758
f 760 757 290
f 293 759 294
f 294 760 290
f 762 340 764
f 765 766 767
f 329 331 764
f 768 769 770
f 331 332 771
f 771 764 331
f 340 329 764
f 804 906 805
f 772 773 341
f 774 775 770
f 337 776 772
f 766 777 778
f 779 780 777
f 781 782 783
f 784 785 786
f 781 787 788
f 789 790 788
f 767 791 764
f 255 260 790
f 758 791 778
f 792 257 264
f 780 793 760
f 777 780 759
f 757 793 267
f 780 760 759
f 267 793 264
f 757 760 793
f 761 791 758
f 761 762 791
f 782 792 794
f 777 758 778
f 758 777 759
f 778 767 766
f 793 780 792
f 777 766 779
f 793 792 264
f 780 794 792
f 775 795 768
f 791 762 764
f 796 779 766
f 778 791 767
f 771 765 767
f 788 787 797
f 765 796 766
f 794 780 779
f 796 785 779
f 782 257 792
f 785 783 794
f 259 257 782
f 798 765 771
f 767 764 771
f 332 798 771
f 797 774 799
f 798 800 765
f 789 797 801
f 779 785 794
f 796 800 786
f 787 783 784
f 782 794 783
f 259 781 262
f 259 782 781
f 332 341 773
f 772 334 337
f 765 800 796
f 798 332 773
f 796 786 785
f 800 795 786
f 785 784 783
f 786 775 784
f 783 787 781
f 784 774 787
f 262 788 790
f 262 781 788
f 798 773 800
f 341 334 772
f 770 775 768
f 800 773 795
f 799 774 770
f 786 795 775
f 801 797 799
f 784 775 774
f 802 789 803
f 787 774 797
f 790 789 802
f 788 797 789
f 255 790 802
f 260 262 790
f 768 772 776
f 795 773 772
f 772 768 795
f 776 769 768
f 804 770 769
f 804 799 770
f 805 799 804
f 805 801 799
f 803 801 805
f 803 789 801
f 111 494 112
f 486 485 120
f 485 111 120
f 121 112 536
f 485 494 111
f 120 75 486
f 804 898 906
f 486 75 806
f 806 496 486
f 494 536 112
f 536 538 121
f 121 538 116
f 116 538 537
f 117 116 537
f 544 117 537
f 544 119 117
f 544 502 119
f 119 502 105
f 105 502 501
f 106 105 501
f 550 106 501
f 807 808 809
f 687 80 810
f 755 810 811
f 687 686 80
f 755 687 810
f 682 755 811
f 807 682 811
f 807 809 682
f 682 809 684
f 78 80 686
f 78 686 745
f 66 78 745
f 746 66 745
f 746 739 67
f 746 67 66
f 67 739 738
f 67 738 806
f 804 769 898
f 898 769 899
f 843 131 814
f 908 565 879
f 576 879 399
f 879 565 399
f 843 815 131
f 337 416 902
f 512 889 866
f 908 416 565
f 908 902 416
f 255 903 507
f 776 899 769
f 337 902 901
f 889 507 903
f 776 901 899
f 52 50 74
f 251 52 74
f 50 256 237
f 56 50 45
f 45 234 37
f 750 130 184
f 832 131 130
f 832 130 750
f 756 832 750
f 750 184 749
f 749 184 139
f 748 749 139
f 138 748 139
f 138 741 748
f 138 140 741
f 721 722 834
f 721 834 835
f 237 45 50
f 74 141 245
f 251 74 245
f 56 45 37
f 49 56 37
f 37 234 236
f 49 37 47
f 722 728 838
f 839 838 728
f 141 56 49
f 333 141 49
f 37 236 47
f 333 49 265
f 217 234 45
f 231 47 236
f 845 846 847
f 848 847 849
f 850 851 852
f 854 850 852
f 841 854 852
f 52 256 50
f 850 855 851
f 851 855 845
f 845 855 846
f 847 846 856
f 849 847 856
f 842 848 849
f 842 857 848
f 842 843 857
f 857 843 837
f 707 741 614
f 613 711 609
f 610 609 708
f 217 45 237
f 711 710 609
f 707 610 708
f 741 140 614
f 708 609 710
f 707 614 610
f 372 859 573
f 860 861 570
f 862 571 572
f 568 863 569
f 569 864 567
f 567 107 106
f 865 107 567
f 864 865 567
f 862 572 859
f 863 864 569
f 572 573 859
f 861 863 568
f 861 568 570
f 860 570 571
f 860 571 862
f 573 368 372
f 108 865 864
f 108 107 865
f 367 866 658
f 867 633 654
f 868 869 657
f 870 653 634
f 871 660 645
f 660 872 643
f 872 873 643
f 874 875 873
f 876 638 875
f 877 641 878
f 641 876 878
f 877 879 579
f 877 579 635
f 873 637 643
f 871 880 660
f 576 579 879
f 210 256 52
f 880 872 660
f 871 645 653
f 871 653 870
f 870 634 881
f 882 871 870
f 883 867 884
f 867 885 886
f 649 887 885
f 884 886 888
f 887 649 657
f 869 887 657
f 889 868 866
f 868 658 866
f 231 265 47
f 633 881 634
f 867 654 885
f 867 883 881
f 890 891 892
f 883 882 870
f 893 880 871
f 659 868 657
f 884 888 894
f 649 885 654
f 887 869 885
f 895 883 884
f 881 633 867
f 896 882 895
f 870 881 883
f 895 882 883
f 897 898 899
f 882 893 871
f 882 896 893
f 891 880 893
f 900 901 902
f 890 872 880
f 878 900 902
f 874 873 872
f 638 637 873
f 658 868 659
f 889 869 868
f 903 869 889
f 903 888 886
f 869 886 885
f 869 903 886
f 904 895 894
f 867 886 884
f 894 895 884
f 905 906 892
f 904 905 895
f 892 898 897
f 896 891 893
f 896 905 891
f 907 874 897
f 880 891 890
f 890 874 872
f 890 897 874
f 873 875 638
f 874 907 875
f 638 876 641
f 875 900 876
f 895 905 896
f 904 906 905
f 905 892 891
f 906 898 892
f 907 897 899
f 890 892 897
f 901 907 899
f 901 900 907
f 908 878 902
f 875 907 900
f 877 878 908
f 876 900 878
f 879 877 908
f 635 641 877
f 909 839 910
f 910 839 840
f 838 839 909
f 911 838 909
f 840 841 852
f 911 722 838
f 845 847 911
f 911 912 834
f 911 847 912
f 835 912 913
f 678 835 913
f 857 678 913
f 837 678 857
f 857 913 848
f 913 912 848
f 835 834 912
f 912 847 848
f 845 911 909
f 911 834 722
f 845 909 851
f 909 910 851
f 851 910 852
f 910 840 852
f 265 49 47
f 842 849 817
f 50 56 74
f 843 842 815
f 849 856 819
f 808 828 854
f 831 808 854
f 854 828 850
f 855 850 826
f 850 828 826
f 846 855 824
f 826 824 855
f 856 846 821
f 824 821 846
f 821 819 856
f 819 817 849
f 817 815 842
f 250 141 333
f 52 251 210
f 141 74 56
f 250 245 141
f 311 327 302
f 311 300 197
f 302 300 311
f 197 300 200
f 305 288 276
f 305 285 208
f 305 276 285
f 280 228 284
f 284 258 254
f 284 254 278
f 280 216 228
f 278 209 206
f 228 258 284
f 254 209 278
f 280 211 216
f 215 321 315
f 202 215 315
f 222 221 321
f 928 673 929
f 221 320 321
f 223 320 221
f 465 931 526
f 931 932 526
f 215 222 321
f 315 197 202
f 220 320 223
f 214 1347 1256
f 1347 1360 1252
f 1260 1358 1258
f 1252 1360 1260
f 461 526 932
f 936 937 425
f 424 529 938
f 939 940 530
f 929 939 493
f 530 493 939
f 529 530 940
f 424 938 936
f 529 940 938
f 523 425 937
f 425 424 936
f 1358 1362 1258
f 944 931 945
f 932 931 944
f 946 945 947
f 946 947 948
f 949 950 951
f 952 951 960
f 952 949 951
f 949 948 950
f 947 945 467
f 948 947 950
f 467 945 465
f 954 955 956
f 423 937 958
f 936 954 958
f 959 960 961
f 423 962 937
f 965 963 964
f 966 961 967
f 964 968 966
f 478 968 970
f 971 966 968
f 967 965 966
f 972 973 955
f 974 972 955
f 974 975 972
f 478 479 971
f 960 959 956
f 475 380 979
f 980 973 972
f 663 981 975
f 929 663 939
f 981 980 975
f 663 974 939
f 938 940 955
f 975 974 663
f 974 940 939
f 980 972 975
f 955 940 974
f 938 954 936
f 955 973 956
f 954 956 959
f 956 973 960
f 955 954 938
f 958 937 936
f 954 959 958
f 971 479 983
f 960 967 961
f 961 979 959
f 964 966 965
f 966 983 961
f 423 958 380
f 958 979 380
f 475 979 983
f 979 958 959
f 961 983 979
f 983 479 475
f 478 971 968
f 971 983 966
f 984 985 986
f 987 988 350
f 989 990 986
f 984 991 949
f 991 992 948
f 949 952 993
f 990 994 992
f 993 995 984
f 992 946 948
f 987 996 985
f 354 989 361
f 992 991 990
f 949 991 948
f 997 994 989
f 993 984 949
f 984 990 991
f 994 990 989
f 350 349 987
f 996 986 985
f 986 990 984
f 988 985 995
f 985 984 995
f 997 989 354
f 996 349 361
f 986 996 989
f 996 361 989
f 988 987 985
f 987 349 996
f 1360 1358 1260
f 1347 1252 1256
f 1362 1245 1258
f 1242 1251 1208
f 1001 960 973
f 1002 662 1003
f 1242 1090 1268
f 675 744 1005
f 751 1006 1007
f 670 1008 751
f 1090 1091 1268
f 1268 1091 1266
f 1006 1008 1011
f 1008 1006 751
f 744 751 1007
f 1005 744 1007
f 1003 675 1005
f 1003 662 675
f 1002 1012 662
f 207 1266 1091
f 964 963 467
f 1246 1249 1100
f 1249 207 1100
f 53 1057 55
f 1013 1014 1015
f 1016 1017 1018
f 1019 1014 1013
f 1020 1021 1022
f 240 1014 229
f 22 60 1100
f 1026 1022 1027
f 1017 1011 1028
f 1029 1030 1031
f 1032 1033 1030
f 1018 1034 1033
f 1011 1035 1028
f 1023 1036 1034
f 1034 1028 1037
f 1038 1023 1024
f 21 22 1100
f 1008 1035 1011
f 1017 1028 1018
f 1039 1016 1032
f 1039 1032 1029
f 1016 1018 1032
f 1040 1041 1031
f 1042 1029 1041
f 1043 1044 1045
f 1013 1046 1027
f 1015 233 1047
f 235 1048 232
f 1048 1047 232
f 1034 1037 1023
f 1028 1035 1037
f 1033 1034 1036
f 1023 1038 1036
f 1049 1036 1050
f 1036 1038 1050
f 1018 1033 1032
f 1018 1028 1034
f 1030 1033 1051
f 1033 1036 1051
f 1052 1051 1049
f 1051 1036 1049
f 1042 1039 1029
f 1043 1053 1044
f 1031 1030 1054
f 1030 1051 1054
f 1055 1054 1052
f 1054 1051 1052
f 1030 1029 1032
f 1041 1053 1042
f 1040 1031 1056
f 1031 1054 1056
f 1020 1056 1055
f 1056 1054 1055
f 1041 1040 1044
f 1041 1029 1031
f 1022 1040 1056
f 1044 1053 1041
f 1020 1022 1056
f 1026 1044 1040
f 564 1043 1045
f 240 233 1015
f 1046 1026 1027
f 1026 1040 1022
f 1019 1027 1021
f 1027 1022 1021
f 1026 1045 1044
f 1048 564 1045
f 1026 1046 1045
f 1047 1048 1045
f 1019 1013 1027
f 1013 1047 1046
f 1046 1047 1045
f 1047 233 232
f 240 1015 1014
f 1015 1047 1013
f 1058 1059 1060
f 1061 1062 358
f 1063 944 1064
f 1062 359 358
f 1065 1066 1063
f 1063 1064 1067
f 225 1068 1061
f 1061 1069 1070
f 1068 225 226
f 1072 1073 1071
f 1074 1075 1070
f 1075 1076 1071
f 1077 1075 1078
f 1077 1078 1079
f 1077 1079 1058
f 1060 1080 1081
f 1081 1082 1083
f 1082 1084 1083
f 1081 1083 1085
f 1086 1060 1085
f 1086 1087 1065
f 1087 1086 1085
f 1080 1082 1081
f 1058 1060 1067
f 1060 1081 1085
f 1067 1060 1086
f 1059 1080 1060
f 1065 1063 1086
f 1066 944 1063
f 1063 1067 1086
f 1067 1088 1058
f 1064 1088 1067
f 1079 1059 1058
f 1089 1088 1064
f 1088 1076 1077
f 1088 1077 1058
f 1088 1089 1076
f 1071 1076 1072
f 1089 1072 1076
f 1078 1075 1074
f 1077 1076 1075
f 1062 1070 1071
f 1070 1075 1071
f 1073 1062 1071
f 1069 1074 1070
f 359 1062 1073
f 358 225 1061
f 1069 1061 1068
f 1070 1062 1061
f 1035 1008 728
f 1035 722 1037
f 728 1008 670
f 728 722 1035
f 1023 1037 722
f 722 721 1023
f 1024 1023 721
f 721 726 1024
f 699 1065 1087
f 1057 64 55
f 691 716 1083
f 51 214 48
f 691 1024 726
f 1084 691 1083
f 1085 716 718
f 699 1087 718
f 1092 1065 699
f 1024 1084 1038
f 1084 1024 691
f 1083 716 1085
f 1087 1085 718
f 214 28 48
f 378 711 198
f 1093 1094 1095
f 347 1093 365
f 1096 1097 1098
f 1095 1099 238
f 1094 564 1095
f 239 238 1099
f 1101 1102 1093
f 1094 1103 1104
f 1101 1105 1102
f 1106 1103 1107
f 1108 1106 1107
f 1098 1108 1107
f 1097 1109 1110
f 1111 1112 1110
f 1007 1111 1110
f 1007 1006 1111
f 1110 1109 1005
f 1112 1113 1097
f 1002 1114 1115
f 1002 1003 1114
f 1117 1001 1116
f 1007 1110 1005
f 1109 1003 1005
f 1114 1109 1116
f 1113 1108 1098
f 1003 1109 1114
f 1116 1115 1114
f 1112 1097 1110
f 1097 1096 1109
f 1115 1116 1001
f 1116 1096 1117
f 1109 1096 1116
f 1096 1118 1117
f 1113 1098 1097
f 1098 1118 1096
f 1119 1117 1118
f 1118 1120 1119
f 1098 1107 1118
f 1107 1120 1118
f 1102 1120 1103
f 1120 1105 1119
f 1106 1104 1103
f 1103 1120 1107
f 1093 1102 1094
f 1102 1105 1120
f 564 1094 1104
f 1094 1102 1103
f 1101 1093 347
f 1095 238 365
f 1093 1095 365
f 564 1099 1095
f 613 198 711
f 738 496 201
f 201 806 738
f 814 131 832
f 814 832 371
f 832 756 371
f 468 809 831
f 684 809 468
f 1121 18 16
f 1121 16 1122
f 16 12 1122
f 18 1121 1123
f 1122 12 1124
f 12 9 1124
f 9 196 1124
f 11 196 9
f 2 163 165
f 8 6 164
f 6 171 164
f 8 164 163
f 8 163 2
f 2 165 11
f 165 196 11
f 1125 1126 194
f 1127 1125 137
f 1128 1129 1130
f 819 821 1131
f 817 819 1132
f 1132 1131 1133
f 819 1131 1132
f 1134 1135 815
f 815 817 1134
f 131 815 1135
f 1136 1128 1137
f 1126 1138 185
f 1138 177 185
f 178 177 1138
f 1136 1138 1128
f 1139 1140 1141
f 1142 1136 1140
f 1143 1144 180
f 1144 190 180
f 1145 190 1144
f 1146 1144 1139
f 1147 1148 1149
f 1150 1123 1121
f 1151 196 193
f 1149 1145 1146
f 195 1145 1148
f 1151 1124 196
f 129 1135 1127
f 129 131 1135
f 1129 1126 1125
f 137 129 1127
f 137 1125 194
f 1127 1134 1125
f 194 1126 185
f 1125 1134 1129
f 1129 1128 1126
f 1152 1141 1153
f 178 1142 180
f 178 1138 1142
f 1142 1143 180
f 1154 1155 1156
f 1140 1139 1143
f 1150 1154 1157
f 1121 1122 1158
f 195 190 1145
f 1124 1151 1158
f 193 195 1148
f 1148 1151 193
f 1148 1147 1151
f 1130 1129 1132
f 1127 1135 1134
f 1132 1129 1134
f 1159 1160 1161
f 1159 1136 1137
f 1138 1126 1128
f 1141 1140 1159
f 1142 1138 1136
f 1142 1140 1143
f 1136 1159 1140
f 1155 1146 1152
f 1144 1143 1139
f 1144 1146 1145
f 1139 1152 1146
f 1145 1149 1148
f 1146 1155 1149
f 1154 1147 1149
f 1158 1151 1147
f 1150 1158 1147
f 1122 1124 1158
f 1162 1130 1133
f 1134 817 1132
f 1133 1130 1132
f 1162 1160 1137
f 1130 1137 1128
f 1130 1162 1137
f 1160 1159 1137
f 1161 1153 1141
f 1161 1141 1159
f 1153 1163 1152
f 1156 1155 1163
f 1139 1141 1152
f 1163 1155 1152
f 1156 1157 1154
f 1123 1150 1157
f 1149 1155 1154
f 1158 1150 1121
f 1147 1154 1150
f 1164 1165 1133
f 808 1166 828
f 1167 1168 1169
f 1170 1171 1165
f 1172 1166 1173
f 828 1166 1172
f 1174 824 826
f 1131 824 1164
f 821 824 1131
f 1175 1170 1176
f 1165 1171 1162
f 1177 1161 1160
f 1177 1160 1171
f 1178 1177 1175
f 1161 1177 1179
f 1180 1181 1182
f 1179 1183 1153
f 1184 1156 1163
f 1184 1163 1183
f 1185 1184 1180
f 1156 1184 1186
f 1187 1188 1189
f 1190 1188 1187
f 1191 1123 1157
f 1192 1193 1189
f 1191 1190 1194
f 1191 1194 1123
f 1174 1164 824
f 1133 1131 1164
f 1133 1165 1162
f 1164 1174 1165
f 1162 1171 1160
f 1165 1174 1170
f 1170 1175 1171
f 1182 1195 1196
f 1181 1183 1179
f 1153 1161 1179
f 1153 1183 1163
f 1179 1178 1181
f 1181 1180 1183
f 1188 1197 1198
f 1190 1191 1199
f 1157 1156 1186
f 1186 1191 1157
f 1186 1185 1199
f 826 828 1172
f 1169 1200 1167
f 1172 1170 1174
f 1168 1167 1201
f 1168 1178 1169
f 1177 1171 1175
f 1177 1178 1179
f 1175 1169 1178
f 1168 1181 1178
f 1197 1202 1198
f 1185 1180 1203
f 1184 1183 1180
f 1197 1199 1204
f 1186 1184 1185
f 1186 1199 1191
f 1185 1204 1199
f 1197 1190 1199
f 1205 1194 1190
f 1200 1176 1173
f 1174 826 1172
f 1172 1176 1170
f 1172 1173 1176
f 1176 1169 1175
f 1176 1200 1169
f 1195 1168 1201
f 1195 1182 1168
f 1203 1182 1196
f 1181 1168 1182
f 1182 1203 1180
f 1196 1202 1203
f 1203 1204 1185
f 1203 1202 1204
f 1202 1197 1204
f 1198 1189 1188
f 1193 1187 1189
f 1190 1197 1188
f 1205 1187 1193
f 1205 1190 1187
f 1206 30 1207
f 114 35 1206
f 1206 35 30
f 1207 30 32
f 1207 32 1209
f 32 24 1209
f 24 1192 1209
f 44 1192 24
f 19 1205 1193
f 17 18 1194
f 18 1123 1194
f 17 1205 19
f 19 1193 44
f 17 1194 1205
f 1193 1192 44
f 108 41 40
f 108 864 41
f 108 40 102
f 864 43 41
f 35 102 40
f 114 102 35
f 808 831 809
f 861 33 863
f 38 34 1260
f 38 864 863
f 861 27 33
f 27 861 860
f 863 33 38
f 43 864 38
f 860 28 27
f 862 28 860
f 46 28 862
f 46 862 859
f 46 859 372
f 27 1260 34
f 1208 64 1057
f 6 5 172
f 172 5 627
f 171 6 172
f 5 62 627
f 62 585 627
f 61 585 62
f 1210 1200 1173
f 1211 1167 1200
f 1173 1212 1210
f 1213 1214 81
f 80 79 1215
f 1216 1212 807
f 807 1212 1166
f 1216 811 810
f 807 1166 808
f 1057 53 1090
f 1167 1211 1201
f 1211 1217 1218
f 1219 1195 1201
f 1218 1220 1219
f 1221 1195 1219
f 1222 1221 1220
f 1223 1224 1225
f 1226 1222 1224
f 1227 1228 1202
f 1228 1198 1202
f 1229 1198 1228
f 1230 1228 1223
f 1231 1209 1232
f 1231 1232 1233
f 1207 1234 1206
f 53 205 1090
f 99 114 1206
f 1234 99 1206
f 1189 1229 1232
f 1233 1229 1230
f 1166 1212 1173
f 807 811 1216
f 1217 1211 1210
f 1211 1200 1210
f 1216 1217 1210
f 1235 1213 71
f 1211 1219 1201
f 1225 1235 69
f 1224 1227 1226
f 1196 1195 1221
f 1196 1226 1202
f 1196 1221 1226
f 1226 1227 1202
f 1236 1237 87
f 1224 1223 1227
f 1238 1236 97
f 1238 1234 1239
f 1189 1198 1229
f 1192 1232 1209
f 1192 1189 1232
f 1215 1217 1216
f 1210 1212 1216
f 810 1215 1216
f 1213 81 71
f 1211 1218 1219
f 1217 1215 1218
f 1219 1220 1221
f 1218 1214 1220
f 1221 1222 1226
f 1220 1213 1222
f 1235 1224 1222
f 1237 84 87
f 1237 1230 1240
f 1228 1227 1223
f 1228 1230 1229
f 1223 1240 1230
f 1229 1233 1232
f 1230 1237 1233
f 1236 1231 1233
f 1239 1209 1231
f 1238 1239 1231
f 1207 1209 1239
f 80 1215 810
f 79 81 1214
f 1215 1214 1218
f 1215 79 1214
f 69 1235 71
f 1220 1214 1213
f 68 1225 69
f 1222 1213 1235
f 84 1240 68
f 1224 1235 1225
f 1225 1240 1223
f 1225 68 1240
f 84 1237 1240
f 87 97 1236
f 100 1238 97
f 1233 1237 1236
f 99 1234 100
f 1231 1236 1238
f 1239 1234 1207
f 1238 100 1234
f 1100 60 1302
f 1362 1369 1245
f 1245 1241 42
f 215 202 203
f 215 203 336
f 215 336 222
f 214 51 942
f 1260 27 1252
f 214 1256 28
f 1260 1258 38
f 1258 1245 38
f 42 38 1245
f 336 338 222
f 27 28 1256
f 338 224 221
f 221 224 223
f 1256 1252 27
f 222 338 221
f 228 216 217
f 228 217 237
f 228 237 258
f 237 256 258
f 256 210 254
f 254 210 209
f 258 256 254
f 285 206 208
f 219 218 360
f 219 360 343
f 360 318 343
f 355 318 360
f 357 323 318
f 355 357 318
f 220 219 343
f 335 250 333
f 261 335 330
f 330 333 265
f 370 330 286
f 286 330 265
f 230 286 231
f 261 243 242
f 370 261 330
f 261 242 335
f 328 370 286
f 328 346 366
f 230 328 286
f 353 366 336
f 243 353 203
f 366 338 336
f 353 243 261
f 346 227 224
f 338 346 224
f 370 353 261
f 286 265 231
f 242 250 335
f 227 346 328
f 1299 942 51
f 328 366 370
f 230 227 328
f 1010 1302 60
f 1025 1009 4
f 63 4 1009
f 1009 1010 63
f 1010 60 63
f 335 333 330
f 1306 999 14
f 1000 1025 7
f 1 3 1004
f 998 982 10
f 999 13 14
f 978 1306 15
f 15 1306 14
f 13 998 10
f 999 998 13
f 10 982 3
f 1004 1000 1
f 982 1004 3
f 7 1 1000
f 4 7 1025
f 36 57 1247
f 957 26 25
f 943 953 31
f 20 58 977
f 977 976 20
f 976 15 20
f 976 978 15
f 969 58 26
f 953 957 25
f 969 977 58
f 36 943 31
f 957 969 26
f 31 953 25
f 1247 943 36
f 1244 1247 57
f 42 1241 39
f 353 336 203
f 346 338 366
f 57 39 1244
f 39 1241 1244
f 1320 1321 1299
f 370 366 353
f 253 212 211
f 1299 51 1320
f 1290 1299 1321
f 1295 1293 1324
f 1325 1324 1293
f 1289 1325 1293
f 1326 1325 1289
f 1327 1295 1324
f 1289 1285 1326
f 1327 1328 1297
f 1271 1297 1328
f 1295 1327 1297
f 1285 1329 1326
f 1285 1283 1329
f 1329 1283 1330
f 1330 1283 1281
f 1331 1330 1281
f 1287 1331 1281
f 1287 1321 1331
f 1287 1290 1321
f 1267 1265 1332
f 1263 1262 1333
f 1328 1332 1265
f 1333 1262 1334
f 1262 1267 1334
f 1334 1267 1332
f 1265 1271 1328
f 1263 1333 1335
f 1272 1263 1335
f 1336 1272 1335
f 1274 1272 1336
f 1336 1337 1274
f 1275 1274 1337
f 1275 1337 1338
f 1277 1275 1338
f 1339 1277 1338
f 1279 1277 1339
f 364 212 253
f 1343 1279 1339
f 1343 1339 1340
f 64 1343 1340
f 1208 1343 64
f 1345 1346 1347
f 1348 1349 1350
f 1351 1348 1352
f 1353 1354 1355
f 1356 1357 1358
f 1357 1359 1358
f 1360 1347 1346
f 1347 214 1345
f 1362 1358 1359
f 1363 1364 1365
f 1355 1357 1356
f 214 942 1366
f 1362 1368 1369
f 1370 1371 1372
f 942 1373 1366
f 1374 1375 1376
f 1377 1378 1379
f 1376 1380 1374
f 1381 1380 1376
f 1382 1383 1351
f 1384 1385 1349
f 1386 1387 1383
f 1388 1389 1390
f 1345 1350 1346
f 1352 1348 1350
f 1391 1392 1393
f 1383 1348 1351
f 1394 1395 1396
f 1397 1382 1363
f 1386 1383 1382
f 1398 1399 1400
f 1401 1387 1386
f 1402 1403 1404
f 1400 1405 1406
f 1407 1408 1395
f 1409 1398 1410
f 1411 1412 1413
f 1414 1415 1416
f 1417 1418 1419
f 1420 1393 1421
f 1422 1385 1384
f 1423 1424 1353
f 1425 1426 1427
f 1396 1398 1409
f 1428 1429 1430
f 1431 1432 1433
f 1434 1435 1436
f 1437 1438 1431
f 1439 1440 1441
f 1442 1443 1444
f 1380 1381 1373
f 1345 214 1366
f 1373 1381 1366
f 1385 1424 1423
f 1360 1346 1356
f 1352 1366 1381
f 1358 1360 1356
f 1350 1345 1352
f 1346 1350 1445
f 1446 1447 1368
f 1354 1359 1357
f 1368 1362 1359
f 1448 1368 1447
f 1449 1369 1368
f 1365 1364 1375
f 1450 1451 1452
f 1345 1366 1352
f 1453 1375 1364
f 1376 1453 1381
f 1405 1454 1406
f 1356 1346 1445
f 1352 1381 1351
f 1455 1447 1446
f 1355 1356 1445
f 1349 1423 1445
f 1354 1357 1355
f 1456 1448 1457
f 1446 1359 1354
f 1458 1446 1354
f 1368 1359 1446
f 1457 1447 1455
f 1448 1449 1368
f 1459 1448 1460
f 1459 1449 1448
f 1376 1375 1453
f 1365 1451 1363
f 1461 1462 1463
f 1351 1381 1453
f 1363 1382 1453
f 1464 1465 1411
f 1445 1350 1349
f 1351 1453 1382
f 1406 1454 1458
f 1423 1355 1445
f 1355 1423 1353
f 1384 1348 1383
f 1466 1456 1457
f 1458 1354 1353
f 1467 1460 1468
f 1455 1446 1458
f 1353 1406 1458
f 1457 1448 1447
f 1458 1454 1455
f 1456 1460 1448
f 1421 1466 1457
f 1460 1469 1459
f 1466 1468 1456
f 1470 1469 1460
f 1364 1363 1453
f 1452 1471 1378
f 1450 1397 1363
f 1472 1417 1419
f 1387 1422 1384
f 1384 1349 1348
f 1410 1400 1424
f 1385 1423 1349
f 1383 1387 1384
f 1425 1427 1473
f 1393 1392 1466
f 1406 1353 1424
f 1385 1410 1424
f 1474 1475 1476
f 1455 1454 1421
f 1406 1424 1400
f 1477 1467 1478
f 1457 1455 1421
f 1454 1420 1421
f 1468 1460 1456
f 1421 1393 1466
f 1467 1470 1460
f 1392 1478 1468
f 1479 1470 1467
f 1451 1450 1363
f 1471 1379 1378
f 1382 1397 1386
f 1450 1452 1378
f 1378 1480 1397
f 1481 1482 1483
f 1397 1480 1386
f 1388 1404 1389
f 1484 1485 1486
f 1410 1385 1422
f 1387 1487 1422
f 1429 1426 1425
f 1422 1409 1410
f 1488 1489 1426
f 1454 1405 1420
f 1400 1410 1398
f 1400 1399 1405
f 1476 1490 1491
f 1405 1473 1420
f 1476 1492 1493
f 1466 1392 1468
f 1393 1420 1427
f 1494 1478 1495
f 1467 1468 1478
f 1474 1477 1475
f 1474 1467 1477
f 1479 1474 1493
f 1479 1467 1474
f 1450 1378 1397
f 1379 1371 1370
f 1389 1404 1401
f 1401 1386 1480
f 1387 1401 1487
f 1480 1377 1389
f 1422 1487 1409
f 1401 1480 1389
f 1401 1404 1487
f 1408 1496 1395
f 1487 1403 1409
f 1497 1430 1496
f 1426 1489 1391
f 1473 1405 1399
f 1420 1473 1427
f 1399 1398 1498
f 1393 1427 1391
f 1473 1399 1499
f 1490 1476 1475
f 1495 1392 1391
f 1392 1495 1478
f 1391 1427 1426
f 1478 1494 1477
f 1495 1391 1489
f 1494 1475 1477
f 1494 1500 1501
f 1474 1476 1493
f 1475 1501 1490
f 1390 1389 1377
f 1480 1378 1377
f 1370 1390 1377
f 1502 1503 1504
f 1402 1394 1403
f 1403 1487 1404
f 1395 1496 1498
f 1396 1409 1403
f 1496 1430 1499
f 1498 1398 1396
f 1399 1498 1499
f 1396 1403 1394
f 1473 1499 1425
f 1498 1396 1395
f 1498 1496 1499
f 1505 1506 1507
f 1499 1430 1425
f 1508 1509 1510
f 1511 1491 1490
f 1500 1495 1489
f 1486 1500 1436
f 1494 1495 1500
f 1508 1491 1511
f 1475 1494 1501
f 1486 1485 1501
f 1491 1492 1476
f 1485 1511 1490
f 1512 1492 1491
f 1513 1390 1370
f 1377 1379 1370
f 1372 1513 1370
f 1483 1504 1514
f 1404 1388 1402
f 1390 1513 1503
f 1503 1515 1388
f 1516 1517 1414
f 1515 1518 1402
f 1519 1520 1465
f 1402 1518 1394
f 1521 1522 1519
f 1394 1407 1395
f 1523 1524 1521
f 1525 1434 1488
f 1429 1425 1430
f 1435 1486 1436
f 1488 1426 1429
f 1506 1511 1485
f 1436 1489 1488
f 1489 1436 1500
f 1488 1429 1525
f 1500 1486 1501
f 1436 1488 1434
f 1501 1485 1490
f 1486 1435 1484
f 1484 1506 1485
f 1508 1512 1491
f 1506 1509 1511
f 1526 1512 1508
f 1527 1513 1372
f 1483 1514 1528
f 1390 1503 1388
f 1513 1527 1504
f 1482 1518 1515
f 1402 1388 1515
f 1394 1518 1407
f 1515 1502 1482
f 1482 1529 1518
f 1530 1519 1464
f 1496 1408 1497
f 1407 1529 1531
f 1430 1497 1428
f 1408 1407 1531
f 1429 1428 1525
f 1497 1408 1520
f 1497 1522 1428
f 1440 1532 1533
f 1428 1524 1525
f 1438 1534 1431
f 1525 1535 1434
f 1536 1537 1538
f 1434 1539 1435
f 1536 1540 1367
f 1361 1507 1484
f 1344 1536 1510
f 1510 1509 1344
f 1508 1511 1509
f 1526 1510 1367
f 1526 1508 1510
f 1513 1504 1503
f 1527 1514 1504
f 1463 1462 1528
f 1515 1503 1502
f 1483 1482 1502
f 1342 1413 1461
f 1416 1341 1323
f 1407 1518 1529
f 1408 1531 1520
f 1529 1481 1412
f 1497 1520 1522
f 1531 1412 1465
f 1322 1539 1535
f 1524 1428 1522
f 1319 1318 1317
f 1535 1525 1524
f 1532 1361 1539
f 1539 1434 1535
f 1435 1539 1361
f 1535 1523 1322
f 1435 1361 1484
f 1539 1322 1532
f 1484 1507 1506
f 1361 1532 1316
f 1506 1505 1509
f 1507 1316 1432
f 1505 1344 1509
f 1505 1432 1534
f 1510 1536 1367
f 1344 1537 1536
f 1504 1483 1502
f 1342 1461 1315
f 1482 1481 1529
f 1483 1528 1462
f 1529 1412 1531
f 1481 1462 1413
f 1314 1523 1521
f 1520 1531 1465
f 1313 1322 1523
f 1522 1520 1519
f 1314 1521 1530
f 1524 1522 1521
f 1533 1532 1322
f 1535 1524 1523
f 1314 1313 1523
f 1312 1439 1311
f 1313 1533 1322
f 1310 1309 1308
f 1433 1316 1440
f 1507 1361 1316
f 1307 1537 1438
f 1505 1507 1432
f 1310 1538 1307
f 1344 1505 1534
f 1538 1537 1307
f 1344 1534 1537
f 1540 1538 1305
f 1540 1536 1538
f 1483 1462 1481
f 1463 1304 1461
f 1323 1303 1301
f 1412 1481 1413
f 1341 1464 1411
f 1465 1412 1411
f 1465 1464 1519
f 1411 1342 1341
f 1519 1530 1521
f 1464 1341 1415
f 1415 1517 1530
f 1311 1300 1298
f 1517 1296 1314
f 1312 1311 1294
f 1296 1292 1313
f 1291 1312 1288
f 1532 1440 1316
f 1533 1292 1441
f 1318 1307 1438
f 1432 1316 1433
f 1432 1431 1534
f 1433 1439 1286
f 1534 1438 1537
f 1431 1286 1437
f 1437 1318 1438
f 1310 1305 1538
f 1309 1310 1307
f 1308 1305 1310
f 1315 1461 1304
f 1413 1462 1461
f 1303 1323 1315
f 1411 1413 1342
f 1323 1341 1342
f 1419 1301 1284
f 1516 1296 1517
f 1530 1464 1415
f 1282 1292 1296
f 1314 1530 1517
f 1300 1441 1292
f 1313 1314 1296
f 1313 1292 1533
f 1296 1516 1282
f 1533 1441 1440
f 1292 1282 1300
f 1440 1439 1433
f 1441 1300 1311
f 1444 1280 1278
f 1431 1433 1286
f 1312 1291 1286
f 1442 1276 1309
f 1291 1317 1437
f 1309 1307 1318
f 1319 1309 1318
f 1276 1308 1309
f 1315 1323 1342
f 1303 1273 1301
f 1284 1270 1419
f 1415 1341 1416
f 1415 1414 1517
f 1301 1273 1284
f 1418 1516 1414
f 1268 1266 1269
f 1417 1282 1516
f 1298 1269 1294
f 1264 1300 1282
f 1261 1259 207
f 1257 1291 1288
f 1439 1441 1311
f 1255 1254 1280
f 1286 1439 1312
f 1253 1317 1257
f 1437 1286 1291
f 1437 1317 1318
f 1291 1257 1317
f 1253 1319 1317
f 1442 1309 1319
f 1443 1442 1319
f 1278 1276 1442
f 1416 1301 1414
f 1416 1323 1301
f 1301 1418 1414
f 1419 1251 1472
f 1250 1264 1472
f 1516 1418 1417
f 1417 1264 1282
f 1417 1472 1264
f 1264 1298 1300
f 1264 1250 1298
f 1298 1294 1311
f 207 1249 1261
f 1294 1288 1312
f 1294 1248 1288
f 1259 1257 1288
f 1255 1246 1254
f 1261 1253 1257
f 1255 1280 1443
f 1253 1443 1319
f 1253 1243 1443
f 1442 1444 1278
f 1443 1280 1444
f 1301 1419 1418
f 1270 1251 1419
f 1242 1472 1251
f 1242 1250 1472
f 1242 1268 1250
f 1268 1269 1250
f 1248 1269 1266
f 1298 1250 1269
f 1269 1248 1294
f 1266 207 1248
f 1248 1259 1288
f 1248 207 1259
f 1249 1246 1243
f 1257 1259 1261
f 1261 1243 1253
f 1261 1249 1243
f 1243 1255 1443
f 1243 1246 1255
f 364 253 274
f 364 274 344
f 274 348 344
f 274 273 348
f 21 1100 207
f 213 212 364
f 205 21 207
f 205 207 1091
f 302 327 326
f 1100 1302 1246
f 1090 205 1091
f 267 266 288
f 288 266 276
f 1090 1242 1057
f 1208 1057 1242
f 757 267 288
f 371 756 377
f 837 377 756
f 1246 1302 1010
f 468 464 841
f 468 841 684
f 673 492 734
f 734 492 490
f 736 734 490
f 740 736 490
f 496 738 740
f 968 477 577
f 423 484 574
f 673 469 493
f 946 944 945
f 712 524 706
f 711 378 712
f 373 706 524
f 663 1012 981
f 1066 1065 459
f 459 461 944
f 459 944 1066
f 1072 992 994
f 997 1072 994
f 997 354 359
f 1001 1117 952
f 960 1001 952
f 988 995 1101
f 995 1105 1101
f 1119 1105 995
f 347 988 1101
f 473 963 965
f 963 935 467
f 473 935 963
f 1106 1053 1043
f 1042 1053 1106
f 1246 1010 1254
f 1016 1039 1112
f 1010 1009 1254
f 1280 1254 1009
f 1009 1025 1280
f 1000 1276 1278
f 1004 982 1308
f 1305 1308 982
f 1004 1308 1276
f 1000 1004 1276
f 1025 1000 1278
f 1278 1280 1025
f 998 1305 982
f 998 1540 1305
f 998 999 1540
f 1540 999 1367
f 999 1306 1367
f 978 1367 1306
f 978 1526 1367
f 976 977 1512
f 1492 969 1493
f 977 969 1492
f 977 1492 1512
f 1526 976 1512
f 978 976 1526
f 969 957 1493
f 957 1479 1493
f 957 953 1479
f 1479 953 1470
f 953 943 1470
f 1469 1470 943
f 943 1247 1469
f 1247 1459 1469
f 1449 1459 1244
f 1111 1006 1011
f 1241 1245 1369
f 1244 1241 1449
f 1459 1247 1244
f 1449 1241 1369
f 1017 1112 1111
f 942 1299 1373
f 1016 1112 1017
f 1299 1290 1373
f 1373 1290 1380
f 1379 1471 1295
f 1452 1293 1471
f 1451 1289 1452
f 1289 1293 1452
f 1295 1471 1293
f 1371 1379 1297
f 1295 1297 1379
f 1297 1271 1371
f 1371 1271 1372
f 1285 1289 1451
f 1365 1285 1451
f 1365 1283 1285
f 1281 1283 1365
f 1365 1375 1281
f 1281 1375 1374
f 1287 1281 1374
f 1380 1287 1374
f 1290 1287 1380
f 1271 1265 1527
f 1277 1279 1273
f 1272 1274 1315
f 1275 1277 1303
f 1528 1263 1463
f 1267 1528 1514
f 1265 1267 1514
f 1265 1514 1527
f 1372 1271 1527
f 1267 1262 1528
f 1262 1263 1528
f 1263 1304 1463
f 1263 1272 1304
f 1304 1272 1315
f 1274 1275 1315
f 1303 1315 1275
f 1284 1273 1279
f 1273 1303 1277
f 1251 1343 1208
f 1011 1017 1111
f 1251 1270 1343
f 1279 1343 1270
f 1279 1270 1284
f 1330 1331 941
f 1329 1330 941
f 1331 934 941
f 1327 1324 933
f 652 651 930
f 651 647 927
f 926 925 924
f 647 646 924
f 926 923 922
f 921 920 919
f 918 922 917
f 916 915 918
f 914 917 923
f 636 640 858
f 914 858 853
f 858 640 844
f 836 844 833
f 64 833 639
f 1014 1019 1068
f 836 858 844
f 1333 830 829
f 827 825 823
f 827 822 825
f 825 820 921
f 934 1321 818
f 825 816 820
f 941 813 812
f 1328 1327 763
f 827 1324 1325
f 941 934 813
f 650 655 754
f 1068 1019 1069
f 1331 1321 934
f 818 727 656
f 51 727 1320
f 51 656 727
f 727 1321 1320
f 813 818 725
f 1321 727 818
f 934 818 813
f 818 656 648
f 1329 812 1326
f 725 754 724
f 941 812 1329
f 818 648 725
f 813 725 724
f 725 648 650
f 1326 723 1325
f 754 713 816
f 813 724 812
f 822 723 812
f 650 754 725
f 754 816 724
f 1325 723 827
f 723 1326 812
f 820 713 701
f 822 812 724
f 820 816 713
f 816 822 724
f 632 713 655
f 713 754 655
f 933 827 823
f 827 723 822
f 920 701 930
f 825 822 816
f 825 921 823
f 713 632 701
f 820 701 920
f 701 632 652
f 933 823 763
f 933 1324 827
f 933 763 1327
f 1333 1334 830
f 823 698 763
f 930 927 697
f 820 920 921
f 919 698 921
f 652 930 701
f 930 697 920
f 1328 689 1332
f 830 1334 689
f 921 698 823
f 689 1328 763
f 698 677 689
f 927 924 676
f 920 697 919
f 672 677 919
f 651 927 930
f 927 676 697
f 698 689 763
f 689 1334 1332
f 669 836 1337
f 677 698 919
f 697 672 919
f 1335 1333 829
f 697 676 672
f 631 830 672
f 647 924 927
f 924 925 676
f 672 830 677
f 830 689 677
f 829 631 915
f 631 672 676
f 922 925 926
f 925 631 676
f 642 926 646
f 926 924 646
f 829 915 916
f 829 830 631
f 925 915 631
f 916 1335 829
f 917 922 923
f 922 915 925
f 644 923 642
f 923 926 642
f 1335 916 1336
f 916 918 1336
f 1336 669 1337
f 918 915 922
f 918 917 669
f 923 644 914
f 917 914 853
f 914 644 636
f 918 669 1336
f 836 1338 1337
f 917 853 669
f 1340 1339 833
f 636 858 914
f 836 669 853
f 858 836 853
f 836 1339 1338
f 836 833 1339
f 844 640 639
f 64 1340 833
f 833 844 639
f 229 1014 226
f 478 970 577
f 523 937 574
f 937 962 574
f 1068 226 1014
f 1074 1069 1019
f 23 1065 1092
f 462 23 1092
f 1012 1002 29
f 29 981 1012
f 929 493 469
f 469 928 929
f 841 464 854
f 837 843 377
f 198 613 378
f 201 496 806
f 945 931 465
f 944 461 932
