# Generated by benchmark/pick_up_apple/mujoco_src/export.py
v -0.0060005425475537777 -0.0010753545211628079 -0.037643425166606903
v -0.0042857709340751171 -0.00012292539759073406 -0.036598816514015198
v -0.0050500179640948772 -0.00079035357339307666 -0.038267888128757477
v -0.005999972578138113 -3.0774001061217859e-05 -0.038596764206886292
v -0.0042856871150434017 -3.1681640393799171e-05 -0.038596734404563904
v -0.0033500741701573133 -0.0007912536384537816 -0.038267858326435089
v -0.0025714852381497622 -0.00012383304419927299 -0.03659878671169281
v -0.0016501301433891058 -0.00079215364530682564 -0.038267828524112701
v -0.00085719983326271176 -0.00012474067625589669 -0.036598756909370422
v 4.9813897931016982e-05 -0.00079305371036753058 -0.038267798721790314
v 0.00085708562983199954 -0.00012564832286443561 -0.036598723381757736
v 0.0025713711511343718 -0.00012655595492105931 -0.036598693579435349
v 0.0017497579101473093 -0.00079395377542823553 -0.038267768919467926
v 0.0042856563813984394 -0.00012746358697768301 -0.036598663777112961
v 0.0059994556941092014 -0.0010817080037668347 -0.037643216550350189
v 0.0051496457308530807 -0.00079575384734198451 -0.038267709314823151
v 0.005999942310154438 -0.00012837123358622193 -0.036598633974790573
v 0.0060000256635248661 -3.7127465475350618e-05 -0.038596551865339279
v 0.0034497019369155169 -0.00079485378228127956 -0.038267739117145538
v -0.00085711630526930094 -3.3496915420982987e-05 -0.03859667107462883
v -0.0025714018847793341 -3.2589276088401675e-05 -0.038596704602241516
v -0.0060000563971698284 -0.00012201776553411037 -0.036598846316337585
v 0.0042857402004301548 -3.6219826142769307e-05 -0.038596581667661667
v 0.0025714547373354435 -3.5312190448166803e-05 -0.038596611469984055
v 0.00085716915782541037 -3.4404551115585491e-05 -0.038596641272306442
v 0.00019978453929070383 0.0059420992620289326 -0.00098162190988659859
v -0.00060103391297161579 0.0049922852776944637 -0.00077167880954220891
v 0.00019887689268216491 0.0042278137989342213 -0.00098060246091336012
v -0.00019657844677567482 0.0025149036664515734 0.00098111340776085854
v -0.00060283404309302568 0.0015923979226499796 -0.00076965690823271871
v -0.00060193397803232074 0.0032923414837568998 -0.00077066785888746381
v -0.00019567080016713589 0.004229188896715641 0.00098009395878762007
v -0.00097783759701997042 0.0059431884437799454 -0.00019854790298268199
v -0.00060463417321443558 -0.0018074895488098264 -0.00076763494871556759
v 0.0001961539383046329 -0.0009150415426120162 -0.00097754399757832289
v -0.00060373410815373063 -0.00010754582763183862 -0.0007686459575779736
v -0.00060553418006747961 -0.0035074332263320684 -0.00076662399806082249
v -0.0001993013866012916 -0.0026279517915099859 0.00098417187109589577
v 0.00019343099847901613 -0.0060578971169888973 -0.00097448553424328566
v 0.00019433864508755505 -0.004343611653894186 -0.00097550504142418504
v -0.00060643424512818456 -0.0052073770202696323 -0.00076561304740607738
v -0.00020111667981836945 -0.0060565220192074776 0.00098621088545769453
v -0.00098419107962399721 -0.0060568079352378845 -0.0001914114982355386
v -0.00020020903320983052 -0.0043422370217740536 0.00098519132006913424
v -0.00019476315355859697 0.005943473894149065 0.00097907439339905977
v 0.00019524629169609398 -0.002629326656460762 -0.00097652449039742351
v -0.00019839373999275267 -0.00091366661945357919 0.0009831524221226573
v -0.00019748609338421375 0.00080061855260282755 0.000982132856734097
v 0.00019706158491317183 0.00079924362944439054 -0.00097856344655156136
v 0.00019796923152171075 0.0025135288015007973 -0.00097958301194012165
v 0.0040248078294098377 0.0062532923184335232 -0.032669033855199814
v 0.0052687469869852066 0.0052656340412795544 -0.032147429883480072
v 0.0049383710138499737 0.0055650975555181503 -0.033435419201850891
v -0.0051383823156356812 0.005382227711379528 -0.030466267839074135
v -0.0061664953827857971 0.0039409687742590904 -0.03093445673584938
v -0.0059800902381539345 0.004393537063151598 -0.029903879389166832
v -0.00043319715769030154 0.0074137924239039421 -0.034973423928022385
v 0.00087804486975073814 0.0073637538589537144 -0.035297572612762451
v -0.0007111769518814981 0.0074170916341245174 -0.036453466862440109
v -0.0022692340426146984 0.0070705595426261425 -0.03176681324839592
v -0.00092392828082665801 0.0073647517710924149 -0.032148294150829315
v -0.0027550619561225176 0.0068749794736504555 -0.033462122082710266
v 0.00075718906009569764 0.007383453194051981 -0.03228948637843132
v 0.0024059775751084089 0.0070181326009333134 -0.032415818423032761
v 0.00082993751857429743 0.0073730326257646084 -0.033872738480567932
v -0.0020009952131658792 0.0071534430608153343 -0.035162836313247681
v 0.0051439041271805763 0.0053786216303706169 -0.030992155894637108
v 0.0039423084817826748 0.0062970919534564018 -0.030792277306318283
v 0.0039496375247836113 0.0062934034503996372 -0.029001766815781593
v 0.0053934906609356403 0.0051445220597088337 -0.029152708128094673
v -0.0024671987630426884 0.0069974213838577271 -0.030418094247579575
v -0.00093206891324371099 0.0073647322133183479 -0.028905760496854782
v -0.00090282777091488242 0.0073664928786456585 -0.030524434521794319
v 0.0074989502318203449 1.8092447135131806e-05 -0.023112503811717033
v 0.0073766862042248249 0.0012445920147001743 -0.022685568779706955
v 0.0074989208951592445 1.9106300896964967e-05 -0.021407721564173698
v 0.0074989763088524342 1.7615193428355269e-05 -0.024817453697323799
v 0.0073767155408859253 0.0012435786193236709 -0.024389658123254776
v 0.0074991495348513126 6.280311026785057e-07 -0.026514129713177681
v 0.0073796864598989487 0.0012268365826457739 -0.026075340807437897
v 0.0073901889845728874 0.0011663836194202304 -0.027712956070899963
v 0.0070978859439492226 0.0023260018788278103 -0.028947753831744194
v 0.0074132569134235382 0.0010372732067480683 -0.029149888083338737
v 0.0074996226467192173 -4.7686702600913122e-05 -0.028246523812413216
v 0.0072895488701760769 0.0016882894560694695 -0.030517036095261574
v 0.0064471326768398285 0.0037566032260656357 -0.030229769647121429
v -0.0026132441125810146 0.0069492645561695099 -0.023852340877056122
v -0.00096837984165176749 0.0073631717823445797 -0.023852556943893433
v -0.0026097800582647324 0.0069495346397161484 -0.025548545643687248
v 0.0051503777503967285 0.00063115521334111691 -0.036927506327629089
v 0.0052644312381744385 0.0052692070603370667 -0.02555466815829277
v 0.0063072890043258667 0.0039773597382009029 -0.023897901177406311
v 0.0063153090886771679 0.0039638075977563858 -0.025599638000130653
v 0.003450433723628521 0.00063205522019416094 -0.036927536129951477
v 0.0021776610519737005 0.0070890896022319794 -0.035483349114656448
v 0.0028106027748435736 0.0068624969571828842 -0.036451172083616257
v 0.0012407725444063544 0.0073228753171861172 -0.036591310054063797
v 0.0060022780671715736 0.0044202809222042561 -0.032502230256795883
v 0.0059869321994483471 0.0044627427123486996 -0.031245669350028038
v 0.0036390209570527077 0.0063836495392024517 -0.034760229289531708
v -0.00096835038857534528 0.0073621608316898346 -0.025552501901984215
v -0.0061695682816207409 0.0041882721707224846 -0.02866465225815773
v -0.0052208998240530491 0.0053093801252543926 -0.028747217729687691
v 0.0017504898132756352 0.00063295528525486588 -0.036927565932273865
v -0.0059977201744914055 0.0044266344048082829 -0.032502442598342896
v 0.0039220131002366543 0.0063126720488071442 -0.025551792234182358
v 0.005261225625872612 0.0052733435295522213 -0.02385120652616024
v -0.0053309216164052486 0.005201845895498991 -0.027177397161722183
v 0.0073766568675637245 0.0012456055264919996 -0.020981477573513985
v 0.0052611669525504112 0.0052753654308617115 -0.020451318472623825
v 0.0063072009943425655 0.0039803939871490002 -0.01879599504172802
v 0.0063072303310036659 0.0039793825708329678 -0.020496631041169167
v 0.0074988910928368568 2.0120143744861707e-05 -0.019702941179275513
v -0.0070323888212442398 0.0025117301847785711 -0.027121605351567268
v -0.0063360864296555519 0.0039315186440944672 -0.027163522318005562
v -0.0069187460467219353 0.0028298581019043922 -0.02873421274125576
v -0.0073679191991686821 0.0012981451582163572 -0.028673999011516571
v -0.0075001404620707035 -7.12700275471434e-05 -0.030314162373542786
v -0.0074998089112341404 -7.3591931140981615e-05 -0.028249185532331467
v -0.00096852693241089582 0.0073682265356183052 -0.015352837741374969
v 0.00072738941526040435 0.0073976484127342701 -0.013652881607413292
v 0.00072741886833682656 0.007396637462079525 -0.015352825634181499
v -0.0067123197950422764 0.0034939204342663288 -0.030048934742808342
v 0.0023846414405852556 0.0070364484563469887 -0.013652638532221317
v 0.0039218072779476643 0.0063197487033903599 -0.01365218497812748
v 0.002384670777246356 0.0070354375056922436 -0.015352582558989525
v -0.0032026511617004871 0.006724323146045208 -0.0084434952586889267
v -0.0042890571057796478 0.0060848039574921131 -0.010307308286428452
v -0.0045965653844177723 0.0058728344738483429 -0.0090423328801989555
v -0.0032089701853692532 0.0067173694260418415 -0.0065010054968297482
v -0.0016811999958008528 0.0072475136257708073 -0.0070530944503843784
v -0.0044973902404308319 0.0059417886659502983 -0.0056857606396079063
v -0.0050492864102125168 0.00063655548729002476 -0.036927685141563416
v -0.0044974004849791527 0.0059421374462544918 -0.0050993910990655422
v -0.0044425479136407375 0.0059659415856003761 -0.0075693186372518539
v -0.0055443029850721359 0.0049900515004992485 -0.0087796254083514214
v -0.0055707916617393494 0.0049582584761083126 -0.0071540046483278275
v -0.0071467007510364056 0.0021966579370200634 -0.0039485739544034004
v -0.0066497861407697201 0.0034256796352565289 -0.0050309170037508011
v -0.007221464067697525 0.0019660575781017542 -0.0054539740085601807
v -0.0064675360918045044 0.0037284328136593103 -0.0026645704638212919
v -0.0056866300292313099 0.0048461202532052994 -0.0040141618810594082
v 0.0073765679262578487 0.00124864571262151 -0.015869207680225372
v 0.0074988030828535557 2.316169957339298e-05 -0.014588597230613232
v 0.0074988324195146561 2.2147843992570415e-05 -0.016293378546833992
v -0.0072028129361569881 0.0019503056537359953 -0.0023425600957125425
v -0.0069102221168577671 0.0027458213735371828 -0.00088525802129879594
v -0.0074232583865523338 0.00096358073642477393 -0.0049581793136894703
v 0.007006665226072073 0.0025841633323580027 -0.017247952520847321
v 0.0073765972629189491 0.0012476323172450066 -0.017573297023773193
v -0.0074377940036356449 0.00076682958751916885 -0.002218759385868907
v -0.0074831973761320114 -0.00019699585391208529 -0.0029291799291968346
v -0.0076115201227366924 -0.00017930998001247644 -0.0015691390726715326
v 0.0073764501139521599 0.0012526995269581676 -0.0090528475120663643
v 0.0074987141415476799 2.620326449687127e-05 -0.0094742532819509506
v 0.0073764794506132603 0.0012516861315816641 -0.010756936855614185
v 0.0061420947313308716 0.004248711746186018 -0.0047906385734677315
v 0.0069852247834205627 0.0026459554210305214 -0.0052426406182348728
v 0.0062522394582629204 0.0040722638368606567 -0.0067904391326010227
v -0.0056407344527542591 0.0048858183436095715 -0.0056367460638284683
v -0.0065036616288125515 0.0036625911016017199 -0.0069299675524234772
v 0.0070007997564971447 0.0026050370652228594 -0.0070117018185555935
v 0.0073764203116297722 0.001253712922334671 -0.0073487567715346813
v 0.0070065180771052837 0.0025892243720591068 -0.0087378667667508125
v 0.0070067830383777618 0.0025801146402955055 -0.024056019261479378
v 0.0052611376158893108 0.0052763763815164566 -0.018751375377178192
v 0.0073754144832491875 0.0012601504568010569 -0.0056342286989092827
v -0.0013736356049776077 0.0073095732368528843 -0.0086482129991054535
v 3.4055115065712016e-06 0.0074384743347764015 -0.007252164650708437
v 0.0074988617561757565 2.1133997506694868e-05 -0.017998158931732178
v 0.0073766270652413368 0.0012466189218685031 -0.019277388229966164
v 0.0070066945627331734 0.0025831512175500393 -0.018949968740344048
v 0.007498773280531168 2.4175558792194352e-05 -0.012883815914392471
v 0.0073765385895967484 0.0012496592244133353 -0.014165117405354977
v 0.007376509252935648 0.0012506727362051606 -0.012461027130484581
v 0.0074987439438700676 2.5189414373016916e-05 -0.011179034598171711
v 0.0070065478794276714 0.0025882122572511435 -0.010439883917570114
v 0.0074983979575335979 4.6795496018603444e-05 -0.0060956072993576527
v 0.0074985870160162449 3.6375324270920828e-05 -0.0077789970673620701
v 0.0074982536025345325 5.5435564718209207e-05 -0.0044539398513734341
v 0.0073755090124905109 0.0012626283569261432 -0.0039724754169583321
v 5.054576467955485e-05 0.00063385535031557083 -0.036927595734596252
v 0.0047574904747307301 0.005737213883548975 -0.0051381899975240231
v 0.0045026084408164024 0.0059370235539972782 -0.0056856018491089344
v 0.0073626772500574589 0.0012502270983532071 -0.0024688811972737312
v 0.0070004863664507866 0.0026068766601383686 -0.003472005482763052
v 0.0070603042840957642 0.0024200633633881807 -0.0020824389066547155
v 0.0076120556332170963 2.139109346899204e-05 -0.001571696950122714
v 0.0074816253036260605 7.5386167736724019e-05 -0.0029315578285604715
v 0.0064605716615915298 0.0037215850315988064 -0.028822526335716248
v 0.0070414543151855469 0.0024885463062673807 -0.027391279116272926
v 0.0070143085904419422 0.0025594516191631556 -0.025746956467628479
v 0.0052611962892115116 0.0052743544802069664 -0.022151263430714607
v 0.0063072596676647663 0.0039783711545169353 -0.022197265177965164
v 0.0070067537017166615 0.0025811267551034689 -0.022354003041982651
v 0.0070067243650555611 0.0025821391027420759 -0.020651984959840775
v 0.0070066358894109726 0.0025851756799966097 -0.015545934438705444
v 0.0070065772160887718 0.0025872001424431801 -0.012141900137066841
v 0.0070066065527498722 0.0025861877948045731 -0.013843917287886143
v 0.0073577645234763622 0.0013927359832450747 -0.0010873859282582998
v 0.0059144683182239532 0.0044374880380928516 -0.030102618038654327
v 0.0039219837635755539 0.0063136829994618893 -0.023851849138736725
v 0.0039219544269144535 0.0063146939501166344 -0.022151906043291092
v 0.006352446973323822 0.0039043617434799671 -0.027293214574456215
v 0.0039114565588533878 0.0063280705362558365 -0.010239139199256897
v 0.0052562500350177288 0.0052860956639051437 -0.010247052647173405
v 0.0039217774756252766 0.006320759654045105 -0.011952241882681847
v 0.0063071716576814651 0.0039814054034650326 -0.017095360904932022
v 0.0063070538453757763 0.0039854506030678749 -0.010292820632457733
v 0.0063071423210203648 0.003982416819781065 -0.01539472583681345
v 0.0063071125186979771 0.0039834277704358101 -0.013694090768694878
v 0.0063070831820368767 0.0039844391867518425 -0.011993455700576305
v 0.0057516000233590603 0.0050529716536402702 -0.0036684216465801001
v 0.0062970146536827087 0.0040021208114922047 -0.00857514888048172
v 0.0064195613376796246 0.0040286052972078323 -0.0025109511334449053
v 0.0068716742098331451 0.0031373375095427036 -0.00096827326342463493
v 0.0052901017479598522 0.0052429437637329102 -0.027278505265712738
v 0.00072744826320558786 0.0073956265114247799 -0.017052769660949707
v 0.0023847003467381001 0.0070344265550374985 -0.017052525654435158
v 0.0052610784769058228 0.0052783982828259468 -0.015351487323641777
v 0.0052611078135669231 0.0052773873321712017 -0.01705143041908741
v 0.0052610491402447224 0.0052794092334806919 -0.013651543296873569
v 0.005261019803583622 0.005280420184135437 -0.011951599270105362
v 0.0050414479337632656 0.0055017569102346897 -0.0066568353213369846
v 0.0052156778983771801 0.0053270328789949417 -0.0085134962573647499
v 0.00072753650601953268 0.0073925936594605446 -0.022152600809931755
v 0.0007275659590959549 0.0073915827088057995 -0.023852545768022537
v 0.0039296275936067104 0.0063070068135857582 -0.027258971706032753
v 0.0023847885895520449 0.0070313937030732632 -0.022152358666062355
v 0.0023848179262131453 0.0070303827524185181 -0.023852301761507988
v 0.0039219246245920658 0.0063157049007713795 -0.02045196108520031
v 0.0039218952879309654 0.0063167158514261246 -0.018752017989754677
v 0.00072226510383188725 0.007399172056466341 -0.01194128580391407
v 0.0023853578604757786 0.0070372121408581734 -0.011945486068725586
v 0.003921865951269865 0.0063177268020808697 -0.017052073031663895
v 0.0039218366146087646 0.0063187377527356148 -0.015352129004895687
v 0.0038448297418653965 0.0063615394756197929 -0.0071580670773983002
v 0.0032152216881513596 0.0067144078202545643 -0.0065010222606360912
v 0.003868255065754056 0.0063553838990628719 -0.008530820719897747
v 0.0023480544332414865 0.0070371483452618122 -0.034114383161067963
v -0.00081876735202968121 0.007373312022536993 -0.033737998455762863
v 0.0023937593214213848 0.0070233279839158058 -0.030688097700476646
v 0.0023891131859272718 0.007025920320302248 -0.02895585261285305
v 0.0007275953539647162 0.0073905717581510544 -0.02555248886346817
v 0.0023848768323659897 0.0070283608511090279 -0.027252189815044403
v -0.00096840923652052879 0.0073641827329993248 -0.0221526138484478
v 0.00072750711115077138 0.0073936046101152897 -0.020452657714486122
v 0.0023848474957048893 0.007029371801763773 -0.025552244856953621
v -0.00096855632727965713 0.0073692374862730503 -0.013652893714606762
v 0.0023847592528909445 0.0070324046537280083 -0.020452413707971573
v 0.0023847296833992004 0.0070334156043827534 -0.01875247061252594
v 0.0023554377257823944 0.0070553123950958252 -0.0083313900977373123
v 0.002371262526139617 0.0070430678315460682 -0.01021489966660738
v -0.0029536953661590815 0.0068415976129472256 -0.036663174629211426
v 0.00073762936517596245 0.0073865670710802078 -0.030621886253356934
v 0.0007365373894572258 0.007387673482298851 -0.028942665085196495
v 0.00072762480704113841 0.0073895608074963093 -0.027252433821558952
v 0.00072747765807434916 0.0073946155607700348 -0.01875271275639534
v 0.0016873148269951344 0.0072449399158358574 -0.007052229717373848
v 0.00040767795871943235 0.0074288290925323963 -0.0086360350251197815
v 0.00066721957409754395 0.0074054808355867863 -0.010232883505523205
v -0.00095947267254814506 0.0073623270727694035 -0.027242740616202354
v -0.0041271145455539227 0.0061846659518778324 -0.023851912468671799
v -0.0041116341017186642 0.0061937975697219372 -0.025538358837366104
v -0.00096843868959695101 0.0073651936836540699 -0.020452670753002167
v -0.00096846808446571231 0.007366204634308815 -0.018752725794911385
v -0.00096849753754213452 0.0073672155849635601 -0.017052782699465752
v -0.0041272616945207119 0.0061897207051515579 -0.015352192334830761
v -0.0026133912615478039 0.0069543193094432354 -0.015352620743215084
v -0.0041272323578596115 0.0061887097544968128 -0.017052136361598969
v -0.001096271094866097 0.0073533877730369568 -0.010269752703607082
v -0.00098728935699909925 0.0073677711188793182 -0.011954480782151222
v -0.0039945770986378193 0.006257970817387104 -0.031860392540693283
v -0.002511187456548214 0.0069822459481656551 -0.02884342148900032
v -0.0064075249247252941 0.0038148958701640368 -0.025524105876684189
v -0.0054042888805270195 0.0051282746717333794 -0.025532942265272141
v -0.0025804417673498392 0.0069592958316206932 -0.027224317193031311
v -0.0054313885048031807 0.0051008420996367931 -0.023851290345191956
v -0.0026133030187338591 0.0069512864574790001 -0.020452452823519707
v -0.0026132736820727587 0.006950275506824255 -0.02215239591896534
v -0.0054314769804477692 0.0051038749516010284 -0.018751457333564758
v -0.0041272030211985111 0.0061876988038420677 -0.018752079457044601
v -0.0054314471781253815 0.0051028640009462833 -0.02045140229165554
v -0.0054315063171088696 0.0051048859022557735 -0.017051514238119125
v -0.0026133323553949594 0.0069522974081337452 -0.018752507865428925
v -0.0054315356537699699 0.0051058968529105186 -0.015351570211350918
v -0.0026133619248867035 0.0069533083587884903 -0.017052564769983292
v -0.0027852212078869343 0.0068922471255064011 -0.010254651308059692
v -0.0026134208310395479 0.0069553307257592678 -0.013652676716446877
v -0.0026429130230098963 0.0069453478790819645 -0.011954399757087231
v -0.0039719310589134693 0.0064425263553857803 -0.035309582948684692
v -0.0046765813603997231 0.0058097504079341888 -0.033793680369853973
v -0.0037105085793882608 0.0064462726004421711 -0.030144397169351578
v -0.0039743450470268726 0.0062783639878034592 -0.028826819732785225
v -0.0040596295148134232 0.0062264623120427132 -0.027204537764191628
v -0.0064297113567590714 0.0037790385540574789 -0.023836426436901093
v -0.0041271732188761234 0.0061866878531873226 -0.020452024415135384
v -0.004127143882215023 0.0061856769025325775 -0.022151967510581017
v -0.0064297993667423725 0.0037820725701749325 -0.01873452216386795
v -0.0064297700300812721 0.0037810611538589001 -0.020435156300663948
v -0.0041602491401135921 0.0061701536178588867 -0.011951330117881298
v -0.0041272910311818123 0.006190731655806303 -0.013652248308062553
v -0.0054314178414642811 0.0051018530502915382 -0.022151345387101173
v -0.0064298585057258606 0.0037840954028069973 -0.015333251096308231
v -0.0064298287034034729 0.0037830837536603212 -0.017033886164426804
v -0.0070805833674967289 0.0023830824065953493 -0.016935350373387337
v -0.0054315649904310703 0.0051069078035652637 -0.01365162618458271
v -0.0054521379061043262 0.0050863348878920078 -0.011963759548962116
v -0.0064586526714265347 0.0037395849358290434 -0.0086108008399605751
v -0.0070927734486758709 0.0023535075597465038 -0.0084372619166970253
v -0.0055080386810004711 0.0050257621333003044 -0.010352212004363537
v -0.0064297406934201717 0.0037800497375428677 -0.022135792300105095
v -0.0070806127041578293 0.0023840945214033127 -0.015233333222568035
v -0.0074069658294320107 0.0010639363899827003 -0.016692003235220909
v -0.006429887842386961 0.0037851068191230297 -0.013632616028189659
v -0.0070813694037497044 0.0023852677550166845 -0.010129804722964764
v -0.0070806723088026047 0.0023861189838498831 -0.011829297989606857
v -0.0074070547707378864 0.0010669768089428544 -0.011579728685319424
v -0.0074070841073989868 0.0010679903207346797 -0.0098756374791264534
v -0.0071289208717644215 0.002248737495392561 -0.0067805349826812744
v -0.0074113849550485611 0.0010423575295135379 -0.0081830108538269997
v -0.0064344741404056549 0.0037784408777952194 -0.011941696517169476
v -0.0064436513930559158 0.0037639995571225882 -0.010272330604493618
v -0.0072879698127508163 0.0016959395725280046 -0.030517382547259331
v -0.0074068484827876091 0.0010598828084766865 -0.02350836805999279
v -0.0074059651233255863 0.0010643241694197059 -0.025211870670318604
v -0.0074994615279138088 -0.00016052051796577871 -0.024817457422614098
v -0.00708046555519104 0.0023790334817022085 -0.023743420839309692
v -0.007072551641613245 0.0024007831234484911 -0.025441231206059456
v -0.0074069071561098099 0.0010619095992296934 -0.02010018564760685
v -0.0074995206668972969 -0.00015849281044211239 -0.021407892927527428
v -0.0074995504692196846 -0.00015747896395623684 -0.019703110679984093
v -0.0074069364927709103 0.0010629229946061969 -0.018396094441413879
v -0.007499579805880785 -0.00015646513202227652 -0.017998328432440758
v -0.0070804953575134277 0.0023800458293408155 -0.022041402757167816
v -0.0074996096082031727 -0.00015545127098448575 -0.016293544322252274
v -0.0070805246941745281 0.0023810579441487789 -0.020339386537671089
v -0.0074069960974156857 0.0010649499017745256 -0.014987912029027939
v -0.0074996389448642731 -0.00015443740994669497 -0.014588762074708939
v -0.0070805540308356285 0.0023820702917873859 -0.018637368455529213
v -0.007080642506480217 0.0023851066362112761 -0.013531315140426159
v -0.0074996976181864738 -0.00015240968787111342 -0.011179197579622269
v -0.0074997274205088615 -0.00015139584138523787 -0.0094744144007563591
v -0.0074996445327997208 -0.00014159557758830488 -0.026522295549511909
v -0.0074994913302361965 -0.00015950665692798793 -0.023112675175070763
v -0.0073956558480858803 0.0011250645620748401 -0.0269198939204216
v -0.0074068778194487095 0.0010608962038531899 -0.02180427685379982
v -0.007407025434076786 0.0010659634135663509 -0.013283819891512394
v -0.0074204443953931332 0.00098104949574917555 -0.006550278514623642
v -0.0074272607453167439 0.00093504705000668764 -0.0034124436788260937
v -0.007416444830596447 0.0011444977717474103 -0.0011567071778699756
v -0.0074996682815253735 -0.00015342354890890419 -0.012883979827165604
v -0.0074996594339609146 -0.00015955076378304511 -0.0077791456133127213
v -0.0074995290488004684 -0.00016797661373857409 -0.0060957451350986958
v -0.0074994410388171673 -0.00017471713363192976 -0.004454074427485466
v 0.0074108527041971684 -0.0013188710436224937 -0.0012092201504856348
v 0.0069467904977500439 -0.0017570623895153403 -0.00022570583678316325
v 0.006960900966078043 -0.0027431908529251814 -0.0012614043662324548
v 0.0069735338911414146 -0.00011928716412512586 -0.00015614264702890068
v 0.0016565305413678288 -0.0058540445752441883 0.0068060010671615601
v -0.0016493982402607799 0.00063475535716861486 -0.03692762553691864
v -0.0033493421506136656 0.00063565542222931981 -0.036927655339241028
v 0.0045080697163939476 -0.0060565727762877941 0.0050933612510561943
v 0.0055951792746782303 -0.0060578789561986923 0.0038647421170026064
v 0.00059964862884953618 -0.0052070985548198223 0.00077632738975808024
v 0.0031583528034389019 -0.0060553038492798805 0.0060258721932768822
v 0.00060054869391024113 -0.0035071547608822584 0.00077531643910333514
v 0.00060504896100610495 0.0049925637431442738 0.00077026162762194872
v 0.00060234876582399011 -0.00010726741311373189 0.00077329453779384494
v 0.0063564078882336617 -0.006059146486222744 0.0024115236010402441
v 0.0069335745647549629 -0.005860326811671257 0.0009404629236087203
v 0.0069573060609400272 -0.0058613340370357037 -0.00073172838892787695
v 0.00060144875897094607 -0.0018072110833600163 0.00077430548844859004
v 0.00060324883088469505 0.0015926762716844678 0.00077228358713909984
v 0.0065837199799716473 -0.0058621056377887726 -0.0023618268314749002
v 0.0006041488959454 0.0032926199492067099 0.00077127263648435473
v 0.0074269287288188934 -0.0010468940017744899 -0.0034297811798751354
v 0.0055862041190266609 -0.0060624717734754086 -0.0038660035934299231
v 0.0047513488680124283 -0.0058627822436392307 -0.0051312912255525589
v 0.0074226167052984238 -0.0010803110199049115 -0.0049606608226895332
v -3.8580778891628142e-06 -0.0058530466631054878 0.007005742285400629
v 0.0074062175117433071 -0.0011932846391573548 -0.0098740300163626671
v 0.0074062468484044075 -0.0011942980345338583 -0.011578120291233063
v 0.0059992359019815922 -0.0017152185318991542 -0.044198732823133469
v 0.0059976829215884209 -0.0045977747067809105 -0.042682327330112457
v 0.0074063944630324841 -0.0011993653606623411 -0.020098570734262466
v 0.0057970220223069191 -0.0058110211975872517 -0.041620738804340363
v 0.0070925853215157986 -0.0024755238555371761 -0.0084343636408448219
v 0.0074104550294578075 -0.0011656486894935369 -0.0081814322620630264
v 0.0057983831502497196 -0.0033123374450951815 -0.043807998299598694
v 0.0074063348583877087 -0.0011973383370786905 -0.016690390184521675
v 0.0059966580010950565 -0.0064444714225828648 -0.039999358355998993
v 0.0068598967045545578 -0.0031248775776475668 -0.029049096629023552
v 0.0074194446206092834 -0.0011024331906810403 -0.0065487665124237537
v 0.0059964233078062534 -0.0068345381878316402 -0.038405884057283401
v 0.0059963958337903023 -0.0068316296674311161 -0.036765363067388535
v 0.0071299634873867035 -0.002364620566368103 -0.0067818546667695045
v 0.0059965774416923523 -0.0064359148964285851 -0.035173282027244568
v 0.0057968259789049625 -0.0059181544929742813 -0.033731486648321152
v 0.0064296601340174675 -0.0039146784693002701 -0.013627813197672367
v 0.0057973773218691349 -0.0048345844261348248 -0.032457649707794189
v 0.0064296899363398552 -0.0039156903512775898 -0.015328447334468365
v 0.0058001051656901836 -8.6806438048370183e-05 -0.044597595930099487
v 0.0063560260459780693 0.0039945654571056366 0.0029510592576116323
v 0.0057283192873001099 0.005742149893194437 0.0040254942141473293
v 0.0055156201124191284 0.003829247085377574 0.0043205851688981056
v 0.0011926183942705393 -0.0035823879297822714 0.006896686740219593
v 5.9092482842970639e-05 -0.002437440212816 0.0070030386559665203
v -1.348249406873947e-05 -0.0040380214340984821 0.0070046656765043736
v 0.0022398545406758785 -0.0047390023246407509 0.0066504320129752159
v 0.002504716394469142 -0.0033351548481732607 0.0065378542058169842
v 0.0062279715202748775 -0.0015147975645959377 0.0031935530714690685
v 0.0052406652830541134 -0.0015761235263198614 0.0046380762942135334
v 0.0061409501358866692 -0.0031670308671891689 0.0033550634980201721
v 0.0010247061727568507 -0.0048223533667623997 0.0069196736440062523
v 0.0060144085437059402 -0.0046828188933432102 0.0036437648814171553
v 0.0049656121991574764 -0.0046895626001060009 0.0049782986752688885
v 0.006976783275604248 -0.0045189522206783295 0.00048841646639630198
v 0.0067696189507842064 -0.0030950547661632299 0.0017653194954618812
v 0.0067003550939261913 -0.0046165143139660358 0.0021082016173750162
v 0.0069909500889480114 -0.0030285960528999567 0.00015102571342140436
v 0.0069124619476497173 -0.0043179607018828392 -0.0011019025696441531
v 0.0065079843625426292 -0.0036190787795931101 -0.0028061980847269297
v 0.0057226750068366528 -0.0048868558369576931 -0.0040531838312745094
v 0.006589861586689949 0.0057378909550607204 -0.0023687253706157207
v 0.005361196119338274 0.0019403949845582247 0.0045021628029644489
v 0.0043313554488122463 0.0037647564895451069 0.0055103031918406487
v 0.0041272821836173534 0.0018591702682897449 0.0056575536727905273
v 8.6269021267071366e-05 -0.00078655226388946176 0.0070019564591348171
v 0.0012873756932094693 -0.0020363088697195053 0.0068786595948040485
v 0.0013182160910218954 -0.00037547486135736108 0.0068718479014933109
v 0.0039921943098306656 -0.0016202199039980769 0.0057521709240972996
v 0.0051469835452735424 -0.0031906436197459698 0.0047407974489033222
v 0.0067931055091321468 0.004327764268964529 0.0017259325832128525
v 0.0065200217068195343 0.0057408544234931469 0.0025524043012410402
v 0.0067968117073178291 0.0027115503326058388 0.0016853493871167302
v 0.0069397161714732647 0.0057396693155169487 0.0009335643844678998
v 0.0069937026128172874 0.0038287369534373283 0.00046772867790423334
v 0.0074062761850655079 -0.0011953115463256836 -0.013282210566103458
v 0.006963447667658329 0.0057386625558137894 -0.00073862692806869745
v 0.0026158974505960941 -0.00175225839484483 0.006492882501333952
v 0.0038848225958645344 -0.0032249628566205502 0.0058249891735613346
v 0.0040391981601715088 7.1817019488662481e-05 0.0057187406346201897
v 0.0026594102382659912 -7.1361442678608e-05 0.0064744888804852962
v 0.0014510374749079347 0.0032558329403400421 0.0068430560640990734
v 0.0029214255046099424 0.0036801325622946024 0.0063691125251352787
v 0.0016626723809167743 0.0057459515519440174 0.0067991027608513832
v 0.0013517910847440362 0.0013578888028860092 0.0068643833510577679
v 0.00010244887380395085 0.0009068450890481472 0.0070007611066102982
v 9.3792783445678651e-05 0.0044672461226582527 0.006999606266617775
v 0.00014279704191721976 0.0026351388078182936 0.0069987857714295387
v 2.2837184587842785e-06 0.0057469494640827179 0.0069988439790904522
v 0.0046097971498966217 0.0057434812188148499 0.0052687535062432289
v 0.0032282974570989609 0.0057447734288871288 0.0062112212181091309
v 0.0027284687384963036 0.0017097188392654061 0.0064458255656063557
v 0.003657262772321701 -0.004709155298769474 0.0060076219961047173
v 0.006257407832890749 0.00028317226679064333 0.0031362592708319426
v 0.0068628811277449131 -0.00127780856564641 0.0013668726896867156
v 0.0052879331633448601 0.00013748144556302577 0.0045846598222851753
v 0.0062782000750303268 0.0021503448951989412 0.0031067209783941507
v 0.0068154609762132168 0.00082755181938409805 0.001594441244378686
v 0.0068635041825473309 0.0018547223880887032 0.0002312364085810259
v -0.0040553468279540539 -0.0064425212331116199 -0.040527503937482834
v -0.0058029764331877232 -0.0058048795908689499 -0.041620943695306778
v -0.0038894279859960079 -0.0055932863615453243 -0.041916389018297195
v 0.0035362255293875933 -0.0012813645880669355 -0.044489197432994843
v 0.0023871494922786951 -0.00014621841546613723 -0.044596955180168152
v 0.0039941822178661823 -7.5921285315416753e-05 -0.044597748667001724
v 0.0045772609300911427 -0.0060883127152919769 -0.041237249970436096
v 0.0014548922190442681 -0.0063068531453609467 -0.040793880820274353
v 0.0015137710142880678 -0.0053243287838995457 -0.042230471968650818
v 0.0031076637096703053 -0.0062262224964797497 -0.040945746004581451
v 0.0046854228712618351 -0.0023323216009885073 -0.044240821152925491
v 0.004818823654204607 -0.0011181342415511608 -0.044525116682052612
v 0.0074063055217266083 -0.0011963249417021871 -0.014986299909651279
v -0.0039051657076925039 -0.006584647111594677 -0.035343937575817108
v -0.0051228324882686138 -0.0056647621095180511 -0.033690955489873886
v 0.0045714587904512882 -0.0050408067181706429 -0.042568497359752655
v 0.0045671174302697182 -0.007102450355887413 -0.038048561662435532
v 0.0030553906690329313 -0.0068536140024662018 -0.039356369525194168
v 0.0046065072529017925 -0.0067979134619235992 -0.039685744792222977
v 0.0029878038913011551 -0.0070710047148168087 -0.037763703614473343
v 0.0026379844639450312 -0.0070541957393288612 -0.036380279809236526
v 0.0015998434973880649 -0.0070564313791692257 -0.037428621202707291
v 0.0043680989183485508 -0.0070651951245963573 -0.036497112363576889
v 0.0037200995720922947 -0.0066178017295897007 -0.035136837512254715
v 0.0045826011337339878 -0.0059904651716351509 -0.033777616918087006
v -0.0020003349054604769 -0.0054401508532464504 -0.042097780853509903
v -0.0038231967482715845 -0.0044108959846198559 -0.043105415999889374
v -0.0019173057517036796 -0.0042089167982339859 -0.043251629918813705
v 0.0032705313060432673 -0.0025911058764904737 -0.044130101799964905
v 0.00073351676110178232 -0.00017149286577478051 -0.044596858322620392
v 0.0019820202142000198 -0.0013738211710005999 -0.04447207972407341
v 0.0003210554423276335 -0.0014029551530256867 -0.044466257095336914
v 0.00155743642244488 -0.0040766280144453049 -0.043344855308532715
v 0.0031126395333558321 -0.0052303960546851158 -0.042334448546171188
v 0.0070801908150315285 -0.0025155383627861738 -0.015230168588459492
v 0.0070801614783704281 -0.0025145260151475668 -0.01352815143764019
v -0.0043725953437387943 -0.0068898904137313366 -0.039232786744832993
v -0.0058034211397171021 -0.0065956804901361465 -0.040147367864847183
v -0.002733051311224699 -0.0068892375566065311 -0.039208412170410156
v -0.0058036711998283863 -0.0070143840275704861 -0.038528271019458771
v -0.0037870628293603659 -0.0070681418292224407 -0.037625327706336975
v -0.005803713109344244 -0.007037092000246048 -0.036856066435575485
v 0.0016925695817917585 -0.0027012585196644068 -0.044085897505283356
v 0.0031464670319110155 -0.0039686099626123905 -0.043418180197477341
v -0.00012982322368770838 -0.0041227578185498714 -0.043311778455972672
v 1.5278781575034373e-05 -0.0027435906231403351 -0.044068269431591034
v -0.0033178494777530432 -0.0015324953710660338 -0.044439658522605896
v -0.0037375981919467449 -0.0030016517266631126 -0.043964996933937073
v -0.0058007757179439068 -0.0017409308347851038 -0.044397041201591492
v -0.0014144517481327057 -0.0014347542310133576 -0.044459830969572067
v -0.00096095778280869126 -0.00018587328668218106 -0.044596690684556961
v -0.0045610377565026283 -0.00017519990797154605 -0.04458189383149147
v -0.0026967700105160475 -0.0002246923977509141 -0.044595725834369659
v 0.0074063651263713837 -0.0011983518488705158 -0.018394481390714645
v -0.0058023626916110516 -0.0046871183440089226 -0.042864888906478882
v -0.0058016148395836353 -0.0033061958383768797 -0.043808203190565109
v -0.0017669352237135172 -0.0028108148835599422 -0.044040635228157043
v 0.0045985421165823936 -0.0037354461383074522 -0.043594758957624435
v -0.00019788165809586644 -0.0053690685890614986 -0.042178679257631302
v -0.0022066216915845871 -0.0063572707585990429 -0.040701907128095627
v -0.00034315217635594308 -0.0063304309733211994 -0.040745846927165985
v 0.0012140918988734484 -0.0069381115026772022 -0.039013408124446869
v 7.4952964496333152e-05 -0.0070079658180475235 -0.037694811820983887
v -0.00086345861200243235 -0.0068871914409101009 -0.039226163178682327
v -0.0017268118681386113 -0.0069582541473209858 -0.037798155099153519
v -0.0024796635843813419 -0.0070931492373347282 -0.036579415202140808
v -0.0057963253930211067 0.0068602687679231167 -0.038536522537469864
v -0.005796519573777914 0.0064396397210657597 -0.040155120193958282
v 0.0070802494883537292 -0.0025175625924021006 -0.01863420195877552
v -0.0057990178465843201 0.001579838921315968 -0.044399015605449677
v -0.0059998966753482819 -8.0439924204256386e-05 -0.044397804886102676
v 0.0070802201516926289 -0.0025165504775941372 -0.016932185739278793
v 0.0064297779463231564 -0.0039187241345643997 -0.020430352538824081
v -0.0057974839583039284 0.0045278468169271946 -0.042870368808507919
v -0.0057981987483799458 0.0031458032317459583 -0.043812040239572525
v -0.0057969130575656891 0.0056470870040357113 -0.041627753525972366
v 0.0074064237996935844 -0.0012003787560388446 -0.021802660077810287
v 0.0070802788250148296 -0.0025185747072100639 -0.020336220040917397
v 0.0074064531363546848 -0.0012013921514153481 -0.023506751284003258
v 0.0070803379639983177 -0.0025205991696566343 -0.023740254342556
v -0.005997121799737215 0.0055158855393528938 -0.03372916579246521
v 0.00708030816167593 -0.002519587054848671 -0.022038236260414124
v -0.0057963416911661625 0.0068849655799567699 -0.036864347755908966
v 0.0061066048219799995 -0.0044407215900719166 -0.028470531105995178
v -0.0057965675368905067 0.0065123210661113262 -0.035234030336141586
v -0.0016580979572609067 0.0057477098889648914 0.0067990440875291824
v 0.0070807682350277901 -0.0025106456596404314 -0.010126643814146519
v 0.0064596319571137428 -0.0038607546593993902 -0.0086064357310533524
v 0.0070801316760480404 -0.0025135136675089598 -0.011826134286820889
v 0.0054316106252372265 -0.0052397404797375202 -0.018745118752121925
v -0.0057236491702497005 0.0057482128031551838 0.0040252925828099251
v 0.006429748609662056 -0.0039177127182483673 -0.018729718402028084
v -0.0046051698736846447 0.005748359952121973 0.0052685914561152458
v -0.0032237027771770954 0.0057481890544295311 0.0062111071310937405
v -0.0065153003670275211 0.0057477559894323349 0.0025521747302263975
v 0.0054315812885761261 -0.0052387295290827751 -0.017045173794031143
v -0.0069349389523267746 0.0057470155879855156 0.00093331985408440232
v -0.0069586127065122128 0.0057460335083305836 -0.00073887227335944772
v 0.0064297192730009556 -0.0039167013019323349 -0.017029082402586937
v 0.0041275061666965485 -0.0063268705271184444 -0.02384432777762413
v -0.0065849698148667812 0.0057448665611445904 -0.0023689575027674437
v 0.0064298366196453571 -0.0039207469671964645 -0.023831622675061226
v 0.0064298072829842567 -0.0039197355508804321 -0.022130988538265228
v -0.0055874022655189037 0.00594344362616539 -0.0038733368273824453
v -0.0070070261135697365 0.0013628527522087097 -0.00043725725845433772
v -0.006966844666749239 -0.00016319176938850433 -7.9259458289016038e-05
v 0.0060012806206941605 0.0025908295065164566 -0.030858566984534264
v 0.0067342021502554417 0.0025904413778334856 -0.030858553946018219
v 0.0063213319517672062 -0.0041021127253770828 -0.027186198160052299
v 0.0074670156463980675 3.5623474104795605e-05 -0.030348546802997589
v 0.0037021124735474586 -0.0066011711023747921 -0.030176587402820587
v 0.0059993681497871876 -0.0010058993939310312 -0.030406605452299118
v 0.0060003357939422131 0.00082116841804236174 -0.030404163524508476
v 0.0061220275238156319 -0.0043850298970937729 -0.029965838417410851
v 0.0059984400868415833 -0.0027743389364331961 -0.030865740031003952
v 0.0064078415744006634 -0.0039586718194186687 -0.025535715743899345
v 0.0026428678538650274 -0.0070736566558480263 -0.011945971287786961
v 0.0060018934309482574 0.0037612265441566706 -0.030475525185465813
v 0.0027850170154124498 -0.007018552627414465 -0.010246283374726772
v 0.0026134897489100695 -0.007086664903908968 -0.015344179235398769
v -0.0059996629133820534 0.0008274348801933229 -0.030404364690184593
v -0.0067318342626094818 0.0025975711178034544 -0.030858790501952171
v -0.0059987176209688187 0.0025971829891204834 -0.030858779326081276
v -0.0060006300918757915 -0.00099971983581781387 -0.030406840145587921
v 0.0054315519519150257 -0.00523771857842803 -0.01534523069858551
v -0.0060015581548213959 -0.0027682296931743622 -0.030866049230098724
v 0.0026135782245546579 -0.0070896977558732033 -0.020444011315703392
v 0.0054316399618983269 -0.0052407514303922653 -0.020445061847567558
v 0.005431699100881815 -0.0052427737973630428 -0.023844949901103973
v -0.0059981048107147217 0.0037675800267606974 -0.030475737527012825
v -0.001602215925231576 0.0059394314885139465 -0.0070714466273784637
v 2.6362256448919652e-06 0.0059384750202298164 -0.0072512724436819553
v -0.0031274496577680111 0.0059405546635389328 -0.0065408335067331791
v 0.001607482205145061 0.0059377322904765606 -0.0070713898167014122
v 0.0031326974276453257 0.0059372400864958763 -0.0065407231450080872
v 0.0016800755402073264 -0.0073699187487363815 -0.0070445011369884014
v 0.0016011286061257124 -0.0060622640885412693 -0.0070642535574734211
v -3.7173565488046734e-06 -0.0060615213587880135 -0.0072441361844539642
v -4.481987161852885e-06 -0.0075615206733345985 -0.0072432439774274826
v -0.0016883250791579485 -0.0073673357255756855 -0.0070436764508485794
v 0.0032079340890049934 -0.0068398523144423962 -0.0064926114864647388
v 0.0031263439450412989 -0.0060627558268606663 -0.0065335868857800961
v 0.0044962549582123756 -0.0060629728250205517 -0.0056784655898809433
v -0.0016085695242509246 -0.0060605644248425961 -0.0070643099024891853
v -0.0032163318246603012 -0.0068364646285772324 -0.0064931390807032585
v -0.0031338031403720379 -0.0060594412498176098 -0.006533697247505188
v -0.0045037437230348587 -0.0060582077130675316 -0.0056786239147186279
v 0.0044615669175982475 -0.0060552326031029224 0.0019600745290517807
v 0.0037514364812523127 -0.0060563464649021626 0.00018129199452232569
v 0.0054455744102597237 -0.0061243814416229725 0.00028270264738239348
v 0.0039258762262761593 -0.0060584144666790962 -0.0013096699258312583
v 0.0054753604345023632 -0.0060962787829339504 -0.0014498672680929303
v -0.0026806863024830818 -0.0060564125888049603 -0.0010374030098319054
v -0.0020636080298572779 -0.0060556023381650448 0.00087528990115970373
v 0.00082093849778175354 -0.0060532558709383011 0.0036589174997061491
v 0.0026085872668772936 -0.006056829821318388 0.0040679066441953182
v 0.0010242491262033582 -0.0060888100415468216 0.0053518372587859631
v -0.00068429566454142332 -0.0061011603102087975 0.0055805365554988384
v -0.0016325002070516348 -0.0060524209402501583 0.0066079418174922466
v -0.0031662469264119864 -0.0060519552789628506 0.0060257609002292156
v -0.0023564656730741262 -0.0060494928620755672 0.0046895663253962994
v 0.0013818669831380248 -0.0060566780157387257 0.0021339261438697577
v 0.0009765054564923048 -0.0060576112009584904 0.00020313679124228656
v -0.0056029986590147018 -0.0060519501566886902 0.0038645446766167879
v -0.006364176981151104 -0.0060524116270244122 0.0024112996179610491
v -0.0042809545993804932 -0.0060525755397975445 0.0030151766259223223
v -0.00047528068535029888 -0.0060554994270205498 0.002461619907990098
v -0.0039964700117707253 -0.0060441535897552967 0.0045760725624859333
v -0.0044800746254622936 -0.006053559947758913 -0.0019601220265030861
v -0.0063584069721400738 -0.0060552847571671009 -0.0024147802032530308
v -0.0055937557481229305 -0.0060565527528524399 -0.0038662005681544542
v -0.0039148866198956966 -0.0060516246594488621 0.0012881816364824772
v -0.0037585764657706022 -0.0060525792650878429 -0.00020346265227999538
v -0.0041339476592838764 -0.0060570742934942245 -0.0034431295935064554
v -0.0031614203471690416 -0.0060570244677364826 -0.0024941521696746349
v 0.0043386681936681271 -0.0060291565023362637 -0.0030662869103252888
v 0.0022733523510396481 -0.0060601024888455868 -0.0028415063861757517
v -0.0012648710981011391 -0.0060589178465306759 -0.0039889924228191376
v -0.0015013891970738769 -0.0060576987452805042 -0.0021503758616745472
v -0.0029262830503284931 -0.0060578999109566212 -0.0037564674858003855
v -0.0029138878453522921 -0.006058733444660902 -0.0051475055515766144
v 0.00087894476018846035 -0.0060611809603869915 -0.0058859116397798061
v 0.0019691821653395891 -0.0060618673451244831 -0.0060692285187542439
v 0.0024339566007256508 -0.0060572116635739803 -0.0048068123869597912
v 0.00056239566765725613 -0.0060600810684263706 -0.0043183481320738792
v 0.00038294168189167976 -0.0060589429922401905 -0.0025647578295320272
v 0.0041029034182429314 -0.0059932130388915539 -0.0048431516624987125
v 0.0040664286352694035 -0.0060572982765734196 0.0034969330299645662
v 0.0030720611102879047 -0.0060573401860892773 0.0025354437530040741
v -0.00061236304463818669 -0.0060523385182023048 0.0041197813116014004
v 0.002648649737238884 -0.006058011669665575 0.0010186502477154136
v 0.0041274768300354481 -0.006325859110802412 -0.022144384682178497
v -0.0022767584305256605 -0.0060544391162693501 0.0027550675440579653
v 0.0054316697642207146 -0.0052417628467082977 -0.02214500680565834
v -0.0054148766212165356 -0.0060911909677088261 0.0014862718526273966
v 0.0026136662345379591 -0.0070927306078374386 -0.02554384246468544
v -0.0054430384188890457 -0.0061141490004956722 -0.00023362835054285824
v 0.0020464528352022171 -0.0060588396154344082 -0.00090983154950663447
v -0.0045037539675831795 -0.0060578589327633381 -0.0050922543741762638
v -0.0010954695753753185 -0.0060600629076361656 -0.0057636098936200142
v -0.0012585176154971123 0.005941078532487154 -0.0039961286820471287
v -0.0014968420146033168 0.0059422985650599003 -0.0021571172401309013
v 0.00038929528091102839 0.0059410533867776394 -0.002571894321590662
v 0.0020562836434692144 0.0059411567635834217 -0.00091340922517701983
v 0.0022802781313657761 0.0059397476725280285 -0.002847947645932436
v 0.0041091837920248508 0.0058686737902462482 -0.0048502059653401375
v 0.00056874926667660475 0.0059399153105914593 -0.0043254843913018703
v 0.0024403058923780918 0.0059344829060137272 -0.0048139439895749092
v 0.0043461620807647705 0.005906399805098772 -0.0030721609946340322
v -0.0041367858648300171 0.0059429281391203403 -0.0034482995979487896
v -0.0045188693329691887 0.0059402985498309135 -0.0019572661258280277
v -0.0031654078047722578 0.0059429788962006569 -0.0024990707170218229
v 0.0037765868473798037 0.0059370994567871094 0.00019458355382084846
v 0.0045308643020689487 0.005933267530053854 0.002024384681135416
v 0.0054849986918270588 0.0059905718080699444 0.00031182367820292711
v 0.005488476250320673 0.0059740296564996243 -0.0014500955585390329
v 0.003939969465136528 0.0059393076226115227 -0.001308614038862288
v 0.0013988303253427148 0.0059433239512145519 0.0021455949172377586
v 0.0026544979773461819 0.0059352698735892773 0.0041451286524534225
v 0.0031115012243390083 0.0059420671314001083 0.0025766657199710608
v 0.0054092956706881523 -0.0052673462778329849 -0.025532923638820648
v 0.00104625488165766 0.0059897275641560555 0.0053992746397852898
v -0.00069086102303117514 0.005971099715679884 0.0056453971192240715
v -0.0054882201366126537 0.0059967208653688431 -0.00022508895199280232
v -0.0037737602833658457 0.0059425309300422668 -0.00020376463362481445
v 0.0008372603333555162 0.0059430971741676331 0.0036808331497013569
v -0.0023836388718336821 0.0059163882397115231 0.0047781495377421379
v 0.0009828589390963316 0.0059423847123980522 0.00019600038649514318
v -0.0043397378176450729 0.0059204734861850739 0.0030914775561541319
v -0.00046894696424715221 0.0059445034712553024 0.0024652122519910336
v -0.0040497984737157822 0.0059295576065778732 0.004678049124777317
v -0.0020640529692173004 0.0059444010257720947 0.00087324104970321059
v -0.0039373291656374931 0.0059430240653455257 0.001305214362218976
v -0.0029075343627482653 0.0059412624686956406 -0.0051546418108046055
v -0.0029222285374999046 0.005942098330706358 -0.0037631010636687279
v -0.0010891159763559699 0.0059399334713816643 -0.0057707461528480053
v 0.00088529835920780897 0.0059388149529695511 -0.0058930478990077972
v 0.0040850169025361538 -0.006356388796120882 -0.02720707468688488
v -0.0026842784136533737 0.005943590309470892 -0.001042449614033103
v 0.0041490793228149414 0.0060090404003858566 0.0035997643135488033
v 0.0041200811974704266 -0.0063327662646770477 -0.025534551590681076
v 0.0053390772081911564 -0.0053390427492558956 -0.027150930836796761
v -0.0006100935279391706 0.0059421788901090622 0.0041492599993944168
v 0.0026711749378591776 0.0059419875033199787 0.0010310497600585222
v -0.0022878146264702082 0.005946069024503231 0.002779331523925066
v 0.0022559144999831915 -0.0072274035774171352 -0.031757447868585587
v -0.0054674050770699978 0.0059791048988699913 0.0015317260986194015
v 0.0024604809004813433 -0.0071500935591757298 -0.030419150367379189
v 0.0010960055515170097 -0.0074799139983952045 -0.010260895825922489
v 0.001373057602904737 -0.0074341972358524799 -0.0086394092068076134
v 0.0055925576016306877 0.005937524139881134 -0.0038731398526579142
v 0.0019755356479436159 0.0059381290338933468 -0.006076364777982235
v -0.0060009662993252277 0.0027306773699820042 -0.032170072197914124
v -0.0060024852864444256 -0.0045733624137938023 -0.032497089356184006
v -0.0060024983249604702 -0.0045729153789579868 -0.031744889914989471
v -0.0060016266070306301 -0.0029681101441383362 -0.033009331673383713
v -0.006004801020026207 -0.0040430896915495396 -0.038310553878545761
v -0.0060015683993697166 -0.0030088594648987055 -0.037534095346927643
v -0.0060011958703398705 -0.0023641444277018309 -0.039281934499740601
v -0.0059996773488819599 0.00073688785778358579 -0.032306209206581116
v -0.0059997392818331718 0.00055675592739135027 -0.034181460738182068
v -0.0059998994693160057 0.00020263640908524394 -0.035753346979618073
v -0.0060006342828273773 -0.0011372332228347659 -0.03431374579668045
v -0.0059979287907481194 0.0041066124103963375 -0.030280265957117081
v -0.0059968600980937481 0.0037354198284447193 -0.037092607468366623
v -0.0059951604343950748 0.0038652557414025068 -0.035669803619384766
v -0.0060536852106451988 0.0052414145320653915 -0.037094686180353165
v -0.0060026259161531925 0.0045596128329634666 -0.038687665015459061
v -0.0059985765255987644 0.0025881309993565083 -0.03915712982416153
v -0.0059984857216477394 0.0028053615242242813 -0.037755321711301804
v -0.0060101603157818317 0.0040555922314524651 -0.040801290422677994
v -0.0060283811762928963 0.0024031135253608227 -0.042311802506446838
v -0.0060228472575545311 0.00043254820047877729 -0.042646016925573349
v -0.0059994952753186226 0.00079367950093001127 -0.040928728878498077
v -0.0059987693093717098 0.0021773115731775761 -0.040552251040935516
v -0.0059897052124142647 -0.0029665804468095303 -0.042772181332111359
v -0.0059802127070724964 -0.0012969301315024495 -0.042737297713756561
v 0.00096859532641246915 -0.0075018061324954033 -0.017043905332684517
v -0.0059994864277541637 0.00092256272910162807 -0.037552181631326675
v 0.0026135193184018135 -0.0070876758545637131 -0.017044123262166977
v -0.0059953262098133564 -0.0041008791886270046 -0.041679490357637405
v -0.0060001667588949203 -0.00042640720494091511 -0.039479903876781464
v -0.0059994077309966087 0.0010098136262968183 -0.039402779191732407
v -0.0059814075939357281 -0.0044774878770112991 -0.040046025067567825
v -0.006001440342515707 -0.0026630253996700048 -0.041221339255571365
v -0.0060022622346878052 -0.0042191767133772373 -0.034518305212259293
v -0.0060014678165316582 -0.0027721079532057047 -0.03610704094171524
v -0.0059743309393525124 -0.004751038271933794 -0.036652550101280212
v -0.0060034207999706268 -0.0064295614138245583 -0.03517349436879158
v -0.006003041286021471 -0.0056640719994902611 -0.033722516149282455
v -0.0060013206675648689 -0.0024482882581651211 -0.034723032265901566
v -0.0060006370767951012 -0.0010831097606569529 -0.032506901770830154
v -0.0060412948951125145 0.005376224871724844 -0.03544582799077034
v -0.0059969071298837662 0.004057321697473526 -0.033966019749641418
v -0.006043754518032074 -0.0056592035107314587 -0.038377832621335983
v -0.0059987874701619148 0.0023577306419610977 -0.034084655344486237
v -0.0059988931752741337 0.0020924692507833242 -0.036043532192707062
v -0.0060006477870047092 -0.0012131731491535902 -0.035832032561302185
v 0.0041273883543908596 -0.0063228262588381767 -0.0170445516705513
v 0.0041274474933743477 -0.0063248481601476669 -0.020444439724087715
v 0.0026135486550629139 -0.0070886868052184582 -0.018744068220257759
v 0.00412741769105196 -0.0063238372094929218 -0.018744496628642082
v -0.0060000093653798103 -0.00090658775297924876 -0.041037943214178085
v 0.00096871296409517527 -0.0075058499351143837 -0.023843681439757347
v 0.0059981155209243298 -0.0036100016441196203 -0.03754226490855217
v 0.0059989430010318756 -0.0020066606812179089 -0.036336220800876617
v 0.0060005146078765392 -0.0036788708530366421 -0.035332616418600082
v 0.0059972144663333893 -0.0034763503354042768 -0.039732210338115692
v 0.0059970682486891747 -0.0022064454387873411 -0.040413897484540939
v 0.0059988610446453094 -0.0022370046935975552 -0.038606882095336914
v 0.0060460073873400688 7.7931828855071217e-05 -0.042947664856910706
v 0.0059988303110003471 0.00014721302432008088 -0.040799770504236221
v 0.005997097585350275 -0.0012899369467049837 -0.041738763451576233
v 0.0060010259039700031 0.0019340845756232738 -0.036124926060438156
v 0.0060005118139088154 0.00091620930470526218 -0.037551973015069962
v 0.006001307163387537 0.0023911271709948778 -0.038374263793230057
v 0.0059994827024638653 -0.0010989962611347437 -0.039694298058748245
v 0.0059973089955747128 -0.005170842632651329 -0.038673445582389832
v 0.0059972377493977547 -0.0052327052690088749 -0.036491800099611282
v 0.0060003013350069523 0.0018109400989487767 -0.041885234415531158
v 0.0060007590800523758 0.0013145322445780039 -0.039617933332920074
v 0.0060016331262886524 0.0032093054614961147 -0.032301828265190125
v 0.006001762580126524 0.0030759698711335659 -0.04361942782998085
v 0.0060009602457284927 0.0015418671537190676 -0.044200669974088669
v 0.0060387044213712215 0.0037789323832839727 -0.041430938988924026
v 0.0059998645447194576 0.0026219328865408897 -0.040184680372476578
v 0.00091901374980807304 -0.0075180372223258018 -0.032134909182786942
v 0.00090057519264519215 -0.0075174462981522083 -0.030515242367982864
v 0.0060444939881563187 0.0049347854219377041 -0.040176589041948318
v 0.0060033928602933884 0.0062761115841567516 -0.040006924420595169
v 0.0060104597359895706 0.0060160481370985508 -0.036956727504730225
v 0.0060016941279172897 0.0052027637138962746 -0.038314998149871826
v 0.0060035726055502892 0.0066680731251835823 -0.038413915783166885
v -0.0004083139356225729 -0.0075535466894507408 -0.0086271418258547783
v 0.005996855441480875 -0.0059917536564171314 -0.037586621940135956
v 0.0060011269524693489 0.0021959086880087852 -0.034011773765087128
v 0.0060003590770065784 0.00072846258990466595 -0.03451162576675415
v 0.0060020694509148598 0.0040999725461006165 -0.03028021939098835
v 0.0060014356859028339 -0.002400858560577035 -0.034045685082674026
v 0.005964482668787241 -0.0038620273116976023 -0.033326424658298492
v 0.0059999353252351284 -2.8852020477643237e-05 -0.033234771341085434
v 0.0059995232149958611 -0.00085224822396412492 -0.034578144550323486
v 0.0059974999167025089 -0.0045792683959007263 -0.031744480133056641
v 0.0059983483515679836 -0.0026480213273316622 -0.0321674644947052
v 0.0060449945740401745 -0.0030347513966262341 -0.04196423664689064
v 0.0060271518304944038 -0.0049915974959731102 -0.034389045089483261
v 0.0060019469819962978 0.0037266167346388102 -0.034548006951808929
v 0.0060033067129552364 0.0062732952646911144 -0.035180840641260147
v 0.0060028764419257641 0.0055095325224101543 -0.033728953450918198
v 0.0060026212595403194 0.0050641442649066448 -0.035997927188873291
v 0.0060000582598149776 0.0037729204632341862 -0.039334200322628021
v 0.0060019665397703648 0.003676871070638299 -0.037141960114240646
v 0.0060066101141273975 -0.0047443401999771595 -0.040806379169225693
v 0.0060006552375853062 0.0013564764522016048 -0.032460980117321014
v 0.0059993122704327106 -0.0011884609702974558 -0.032703433185815811
v 0.0059999097138643265 -3.2158408430404961e-05 -0.031857870519161224
v -0.0067858477123081684 -0.0032700223382562399 -0.030997147783637047
v -0.007312532514333725 -0.0017423492390662432 -0.03049357607960701
v 0.0073104891926050186 -0.0017500808462500572 -0.030493211001157761
v 0.0067822076380252838 -0.0032771946862339973 -0.030996764078736305
v 0.00045282061910256743 0.0068025616928935051 -0.037834268063306808
v 0.0019352143863216043 0.0068370578810572624 -0.037613183259963989
v -0.0014663515612483025 0.0067779491655528545 -0.037990648299455643
v 0.00079053407534956932 -0.0075987577438354492 -0.036317706108093262
v -0.0010528237326070666 -0.0074953525327146053 -0.036619074642658234
v -0.0073757120408117771 -0.0015043321764096618 -0.0011652684770524502
v -0.0069035971537232399 -0.0019912887364625931 -8.8277804024983197e-05
v -0.0069220932200551033 -0.0029576772358268499 -0.001181816915050149
v -0.0001947671698872 0.0037265466526150703 -0.043472453951835632
v 0.0015010909410193563 0.0037740492261946201 -0.043440543115139008
v 0.0013920397032052279 0.0023845063988119364 -0.044146515429019928
v -0.0038457468617707491 0.003460907144472003 -0.04364490881562233
v -0.0038309695664793253 0.0047701005823910236 -0.042654030025005341
v -0.0038848996628075838 0.0020606007892638445 -0.044264987111091614
v -0.0037859333679080009 0.0065628718584775925 -0.039833426475524902
v -0.0038236645050346851 0.0058399052359163761 -0.041347578167915344
v 0.0031070595141500235 0.0038887474220246077 -0.043361622840166092
v 0.0030323397368192673 0.0024756460916250944 -0.044108010828495026
v 0.0045824269764125347 0.0027578813023865223 -0.044037394225597382
v 0.0045694662258028984 0.0041743875481188297 -0.043187942355871201
v 0.0044172327034175396 0.0012607817770913243 -0.044497571885585785
v -0.00016134791076183319 0.0050037014298141003 -0.042407207190990448
v -0.00011355850438121706 0.0060202577151358128 -0.041028581559658051
v -0.0018169678514823318 0.0066386060789227486 -0.039592057466506958
v 7.4064097134396434e-05 0.0066728750243782997 -0.039451669901609421
v 0.0020203499589115381 0.0067374221980571747 -0.039228726178407669
v -0.0036098579876124859 0.0068940306082367897 -0.038227587938308716
v 0.001538189360871911 0.0050529348663985729 -0.042353514581918716
v 0.0036341415252536535 0.00662220548838377 -0.039632700383663177
v 0.003496452933177352 0.0069092810153961182 -0.038013685494661331
v 0.0049337339587509632 0.0069162962026894093 -0.037731911987066269
v 0.0045319288037717342 0.0067965923808515072 -0.036205634474754333
v 0.0050508752465248108 0.0062434244900941849 -0.03460586816072464
v -0.00072737131267786026 -0.0075334371067583561 -0.02214374952018261
v -0.00072734191780909896 -0.0075344480574131012 -0.023843694478273392
v 0.0031343838199973106 0.0051490510813891888 -0.042245358228683472
v 0.0032662765588611364 0.0061031240038573742 -0.040874138474464417
v 0.0045571699738502502 0.0053509920835494995 -0.042006418108940125
v 0.0047912662848830223 0.0067725661210715771 -0.039120309054851532
v 0.0046843970194458961 0.0062455339357256889 -0.040637049823999405
v 0.0026136368978768587 -0.0070917196571826935 -0.023843899369239807
v 0.0058030853979289532 0.0056409449316561222 -0.041627548635005951
v 0.0058036567643284798 0.0068788239732384682 -0.036864142864942551
v 0.00096868356922641397 -0.0075048389844596386 -0.022143736481666565
v 0.0016372107202187181 0.006061856634914875 -0.040951620787382126
v -0.0019232763443142176 0.0059597566723823547 -0.041137289255857468
v 0.0058025144971907139 0.0045217052102088928 -0.042870163917541504
v 0.0026136075612157583 -0.0070907087065279484 -0.022143954411149025
v -0.00073613779386505485 -0.0075365942902863026 -0.028933815658092499
v -0.0019461127230897546 0.0049305567517876625 -0.042486820369958878
v -0.001973781967535615 0.0036441490519791842 -0.043527808040380478
v -0.00031093557481653988 0.0023448611609637737 -0.04416174441576004
v -0.0020669188816100359 0.0022635371424257755 -0.044193655252456665
v -0.0037892658729106188 0.00085464154835790396 -0.044529978185892105
v 0.0027861772105097771 0.0011040592798963189 -0.044486671686172485
v 0.0011309583205729723 0.0010548578575253487 -0.044498525559902191
v -0.00056597829097881913 0.0010321203153580427 -0.044502604752779007
v -0.002270144410431385 0.0009701636154204607 -0.044513311237096786
v -0.0066350912675261497 0.0037444119807332754 0.0022476355079561472
v -0.0059153721667826176 0.0037788047920912504 0.0037509433459490538
v -0.0061938068829476833 -0.0033238839823752642 0.0032680167350918055
v -0.0067106736823916435 -0.0036833032499998808 0.0020243269391357899
v -0.0063471565954387188 -0.0047765299677848816 0.0030270218849182129
v -0.004849323071539402 0.003781971288844943 0.0050533539615571499
v -0.0035407082177698612 0.0037959697656333447 0.0060450118035078049
v -0.0021407268941402435 0.0038327383808791637 0.0066659394651651382
v -0.0023455144837498665 0.0020162120927125216 0.0065955850295722485
v -0.0010521053336560726 0.0022159232757985592 0.0069159106351435184
v -0.0038100546225905418 0.00014516842202283442 0.0058746756985783577
v -0.0038593350909650326 -0.0015506575582548976 0.0058437720872461796
v -0.0024700963404029608 -0.0014426448615267873 0.0065505001693964005
v -0.0052371914498507977 -0.0031942436471581459 0.0046470621600747108
v -0.0061484226025640965 -0.0016694866353645921 0.0033485381864011288
v -0.0028468843083828688 -0.0046338564716279507 0.0064429803751409054
v -0.003975969273597002 -0.0031590345315635204 0.0057656103745102882
v -0.0042647984810173512 -0.0046287616714835167 0.0055927201174199581
v -0.002562966663390398 -0.0030828707385808229 0.0065129371359944344
v -0.0013499155174940825 -0.0044674193486571312 0.0069041089154779911
v -0.0011914094211533666 -0.0028365349862724543 0.006892224308103323
v -0.0050829416140913963 0.00011607975466176867 0.0048126108013093472
v -0.0068324715830385685 -0.0020255392882972956 0.0015704873949289322
v -0.0060991481877863407 8.5033578216098249e-05 0.0034354683011770248
v -0.0067005148157477379 0.0018130077514797449 0.0020243204198777676
v -0.0067580398172140121 -3.553447822923772e-05 0.0018231123685836792
v -0.006979767233133316 0.0015722998650744557 0.00049999624025076628
v -0.0069711105898022652 0.0035678239073604345 0.00065690279006958008
v -0.0051349662244319916 -0.0015844405861571431 0.0047588739544153214
v -0.0069982078857719898 -0.0049357479438185692 0.00015673380403313786
v -0.0069931712932884693 -0.0035457904450595379 0.00039916392415761948
v -0.0068807527422904968 -0.0046030310913920403 -0.001385086914524436
v -0.0063483249396085739 -0.0051277116872370243 -0.0029330672696232796
v -0.00073717889608815312 -0.0075374841690063477 -0.030613038688898087
v -0.0064465808682143688 -0.0038209399208426476 -0.0027825594879686832
v -0.005466303788125515 -0.0046604722738265991 0.0044186413288116455
v -0.0068499846383929253 -0.0047995755448937416 0.0015325869899243116
v -0.00075673667015507817 -0.0075363493524491787 -0.032280638813972473
v 0.0027066443581134081 -0.0070512816309928894 -0.033427063375711441
v -0.0069647543132305145 -0.0058539626188576221 -0.00073197373421862721
v -0.00083583052037283778 -0.0075252433307468891 -0.035308957099914551
v -0.0023539538960903883 -0.0071804937906563282 -0.0083228703588247299
v -0.0057313530705869198 -0.0050359303131699562 -0.0038686341140419245
v -0.0069410805590450764 -0.0058529810048639774 0.00094021839322522283
v -0.0060343453660607338 0.0018858251860365272 0.003548898734152317
v -0.0046113114804029465 -0.0058516361750662327 0.0052754897624254227
v -0.0023848244454711676 -0.0071703405119478703 -0.018744105473160744
v -0.0023847951088100672 -0.0071713514626026154 -0.020444048568606377
v -0.0050102388486266136 0.0018981549656018615 0.0048886551521718502
v -0.0024286583065986633 0.00026029662694782019 0.0065647060982882977
v -0.0011404065880924463 -0.0011827558046206832 0.0069031324237585068
v -0.0037258209194988012 0.0019241286208853126 0.0059289759956300259
v -0.00093513925094157457 0.0037288300227373838 0.0069321328774094582
v -0.0011158789275214076 0.00051415828056633472 0.0069061876274645329
v 0.0070727663114666939 -0.0025436426512897015 -0.025448465719819069
v 0.0070279194042086601 -0.0026732559781521559 -0.027182864025235176
v 0.0073970197699964046 -0.0012610290432348847 -0.026940522715449333
v -0.0023941926192492247 -0.0071741319261491299 -0.030670342966914177
v -0.0039323889650404453 -0.0064533860422670841 -0.028961688280105591
v -0.0039827171713113785 -0.0064238863997161388 -0.030743183568120003
v -0.0021281812805682421 -0.0072601772844791412 -0.035619243979454041
v -0.0073774917982518673 -0.0013777707936242223 -0.0090515436604619026
v -0.0073774624615907669 -0.0013787841890007257 -0.010755634866654873
v 0.0074059544131159782 -0.0012058354914188385 -0.025210633873939514
v 0.007374083623290062 -0.0014293788699433208 -0.028733912855386734
v 0.0052516479045152664 -0.0054266196675598621 -0.028762342408299446
v 0.0039899973198771477 -0.0064180362969636917 -0.02885064110159874
v 0.0051068742759525776 -0.0055861370638012886 -0.03060450591146946
v 0.0025897584855556488 -0.0071026673540472984 -0.027229173108935356
v 0.0009599227923899889 -0.0075090383179485798 -0.02723386324942112
v 0.0025168450083583593 -0.0071290526539087296 -0.028849666938185692
v -0.00072731246473267674 -0.0075354590080678463 -0.025543637573719025
v -0.00072728306986391544 -0.0075364699587225914 -0.027243582531809807
v -0.0039219972677528858 -0.0064587602391839027 -0.02724427729845047
v -0.0052614207379519939 -0.005417422391474247 -0.025544974952936172
v -0.0052645686082541943 -0.005415311548858881 -0.027249209582805634
v -0.00737728551030159 -0.001384864910505712 -0.020980183035135269
v -0.0073773148469626904 -0.0013838513987138867 -0.019276091828942299
v 0.0009871866786852479 -0.0074962987564504147 -0.011945608071982861
v -0.00066757353488355875 -0.0075321304611861706 -0.010224027559161186
v -0.00072246952913701534 -0.0075278677977621555 -0.011932434514164925
v 0.0045962817966938019 -0.0059974472969770432 -0.0090351058170199394
v 0.003202131250873208 -0.0068484898656606674 -0.0084353089332580566
v 0.0042888987809419632 -0.0062109190039336681 -0.010299846529960632
v 0.0054520298726856709 -0.0052141272462904453 -0.011957445181906223
v 0.0041602104902267456 -0.0062982086092233658 -0.011943771503865719
v 0.0054315226152539253 -0.0052367080934345722 -0.013645286671817303
v 0.0064432946965098381 -0.0038895884063094854 -0.010267552919685841
v 0.0055078440345823765 -0.0051516513340175152 -0.010345966555178165
v 0.0064341872930526733 -0.0039060006383806467 -0.011936902068555355
v 0.0044431374408304691 -0.0060881501995027065 -0.0075620599091053009
v 0.0055790343321859837 -0.0050731045193970203 -0.0071491003036499023
v 0.0066725024953484535 -0.0035024639219045639 -0.0050556305795907974
v 0.0072230319492518902 -0.0020775902085006237 -0.0054610027000308037
v 0.0071588777936995029 -0.0022781712468713522 -0.0039863875135779381
v 0.0072129871696233749 -0.0020286121871322393 -0.0024237569887191057
v 0.0074348016642034054 -0.00089537119492888451 -0.0022437558509409428
v 0.0065111764706671238 -0.0037704631686210632 -0.0069308532401919365
v 0.0056792399846017361 -0.004945716354995966 -0.005648280493915081
v 0.0055449591018259525 -0.005113077349960804 -0.0087735364213585854
v -0.0073775211349129677 -0.001376757281832397 -0.007347451988607645
v 0.0041273296810686588 -0.0063208043575286865 -0.01364466454833746
v 0.0026134604122489691 -0.0070856539532542229 -0.013644235208630562
v 0.0041273590177297592 -0.0063218153081834316 -0.015344608575105667
v 0.00096862472128123045 -0.0075028170831501484 -0.018743850290775299
v -0.00072745955549180508 -0.0075304042547941208 -0.017043918371200562
v -0.00072743016062304378 -0.0075314152054488659 -0.018743861466646194
v 0.00096856587333604693 -0.0075007951818406582 -0.015343961305916309
v -0.00072751846164464951 -0.0075283823534846306 -0.013644030317664146
v -0.00072748900856822729 -0.0075293933041393757 -0.015343974344432354
v -0.0023849126882851124 -0.0071673071943223476 -0.013644273392856121
v -0.0039222324267029762 -0.0064506726339459419 -0.013644726015627384
v -0.0023848831187933683 -0.0071683181449770927 -0.015344217419624329
v -0.0052615092135965824 -0.005414390005171299 -0.020445143803954124
v -0.0052615385502576828 -0.0054133785888552666 -0.018745200708508492
v -0.0063077295199036598 -0.0041174129582941532 -0.018791399896144867
v -0.0073773735202848911 -0.001381824491545558 -0.015867909416556358
v -0.0073773441836237907 -0.0013828380033373833 -0.017572000622749329
v -0.0070073562674224377 -0.0027192202396690845 -0.017245044931769371
v -0.0062958314083516598 -0.0041302046738564968 -0.0085702799260616302
v -0.0070075034163892269 -0.0027141591999679804 -0.0087349573150277138
v -0.0063078771345317364 -0.0041123558767139912 -0.010288224555552006
v -0.0073655168525874615 -0.0013586630811914802 -0.0024873106740415096
v -0.007377253845334053 -0.0013785841874778271 -0.0039772707968950272
v -0.0070207752287387848 -0.0026731742545962334 -0.0035277837887406349
v -0.0070937778800725937 -0.0024389009922742844 -0.0021773064509034157
v -0.0073763234540820122 -0.0013824249617755413 -0.0056326598860323429
v -0.0070005301386117935 -0.0027314175385981798 -0.0070082983002066612
v -0.0070074736140668392 -0.0027151713147759438 -0.01043697539716959
v -0.0073774331249296665 -0.001379797700792551 -0.012459726072847843
v -0.0070074442774057388 -0.0027161834295839071 -0.012138992547988892
v -0.0070074149407446384 -0.0027171957772225142 -0.013841010630130768
v -0.0073774033226072788 -0.0013808110961690545 -0.014163817279040813
v -0.0070072673261165619 -0.0027222568169236183 -0.022351099178195
v -0.0070072966627776623 -0.0027212444692850113 -0.020649081096053123
v -0.0063077001832425594 -0.0041184243746101856 -0.020492035895586014
v -0.00700732646510005 -0.0027202323544770479 -0.018947063013911247
v -0.0073772561736404896 -0.0013858783058822155 -0.022684274241328239
v -0.0073772268369793892 -0.001386891701258719 -0.02438836544752121
v -0.0073779067024588585 -0.0013839862076565623 -0.026099514216184616
v -0.0073866569437086582 -0.0013413997367024422 -0.027789399027824402
v -0.0074170804582536221 -0.0011717559536918998 -0.029210491105914116
v -0.0070072379894554615 -0.0027232689317315817 -0.024053115397691727
v -0.0053565683774650097 -0.0053352066315710545 -0.032276429235935211
v -0.0041245641186833382 -0.0063497656956315041 -0.032763440161943436
v 0.00080802763113752007 -0.0075290142558515072 -0.033713806420564651
v -0.0008343234658241272 -0.0075273774564266205 -0.033877957612276077
v 0.00043845194159075618 -0.007566855289041996 -0.034931883215904236
v -0.002385689178481698 -0.0071793864481151104 -0.034224666655063629
v 0.0019306977046653628 -0.0073281191289424896 -0.035068728029727936
v 0.00096874241717159748 -0.0075068608857691288 -0.02554362453520298
v 0.0039396686479449272 -0.0064466907642781734 -0.031866032630205154
v -0.0070483493618667126 -0.0026341450866311789 -0.029304958879947662
v -0.0054306122474372387 -0.0052566742524504662 -0.030814297497272491
v -0.0052614500746130943 -0.0054164114408195019 -0.02384503185749054
v -0.0063076415099203587 -0.0041204472072422504 -0.023893306031823158
v -0.0070142191834747791 -0.0027070320211350918 -0.027482813224196434
v -0.0063076121732592583 -0.0041214586235582829 -0.025593940168619156
v -0.0070073404349386692 -0.0027239345945417881 -0.02576257660984993
v -0.0052615678869187832 -0.0054123676382005215 -0.017045255750417709
v -0.0063077886588871479 -0.0041153901256620884 -0.015390129759907722
v -0.0063077588565647602 -0.0041164015419781208 -0.017090765759348869
v -0.0052616563625633717 -0.0054093347862362862 -0.011945424601435661
v -0.006307847797870636 -0.0041133672930300236 -0.011988859623670578
v -0.005261626560240984 -0.0054103457368910313 -0.013645368628203869
v -0.0070073856040835381 -0.0027182081248611212 -0.015543027780950069
v -0.0061302883550524712 -0.004370915237814188 -0.0048454850912094116
v -0.0069854422472417355 -0.0027680112980306149 -0.0052538360469043255
v -0.0063786567188799381 -0.0039993706159293652 -0.030340222641825676
v -0.0063412226736545563 -0.0040703616105020046 -0.029001690447330475
v -0.0039220266044139862 -0.0064577492885291576 -0.025544334203004837
v -0.0063137807883322239 -0.0041127498261630535 -0.027307178825139999
v -0.0039222622290253639 -0.0064496616832911968 -0.011944781988859177
v -0.006307670846581459 -0.004119435790926218 -0.022192670032382011
v -0.0063078179955482483 -0.004114378709346056 -0.01368949469178915
v -0.0062449881806969643 -0.0042073260992765427 -0.0067925131879746914
v -0.0023847066331654787 -0.0071743843145668507 -0.025543881580233574
v -0.0023846772965043783 -0.0071753952652215958 -0.027243824675679207
v -0.0052939774468541145 -0.0053873900324106216 -0.028978211805224419
v -0.002384853782132268 -0.0071693290956318378 -0.017044160515069962
v -0.0052614794112741947 -0.0054154004901647568 -0.022145088762044907
v -0.0038593164645135403 -0.0064862859435379505 -0.0085233869031071663
v -0.0039099040441215038 -0.0064562149345874786 -0.010231775231659412
v -0.0023705353960394859 -0.007170205470174551 -0.010206569917500019
v -0.0052615972235798836 -0.0054113566875457764 -0.015345311723649502
v -0.00520751578733325 -0.0054608043283224106 -0.0085046794265508652
v -0.0052560362964868546 -0.0054138768464326859 -0.01024093572050333
v -0.005002620629966259 -0.0056627867743372917 -0.0066512511111795902
v -0.0023847362026572227 -0.0071733733639121056 -0.023843936622142792
v -0.0039220857433974743 -0.0064557278528809547 -0.022144446149468422
v -0.0039221146143972874 -0.0064547164365649223 -0.02044450119137764
v -0.0039221444167196751 -0.0064537054859101772 -0.018744558095932007
v -0.0039220559410750866 -0.0064567383378744125 -0.023844389244914055
v -0.0023856931366026402 -0.0071660387329757214 -0.011937122792005539
v -0.0039221737533807755 -0.0064526940695941448 -0.017044615000486374
v -0.0039222030900418758 -0.0064516831189393997 -0.015344670042395592
v -0.0038352746050804853 -0.0064905313774943352 -0.0071491780690848827
v -0.0024284683167934418 -0.0071634571067988873 -0.032431602478027344
v 0.00093129626475274563 -0.0075135817751288414 -0.028896724805235863
v -0.0023846479598432779 -0.0071764062158763409 -0.028943769633769989
v 0.00096865417435765266 -0.0075038280338048935 -0.020443793386220932
v -0.00072740076575428247 -0.007532426156103611 -0.020443806424736977
v 0.00096853647846728563 -0.0074997842311859131 -0.013644018210470676
v -0.0023847655393183231 -0.0071723624132573605 -0.022143993526697159
f 1 2 3
f 4 3 5
f 6 2 7
f 8 9 10
f 11 12 13
f 14 15 16
f 14 17 15
f 18 16 15
f 12 14 19
f 13 12 19
f 10 11 13
f 10 9 11
f 8 7 9
f 20 21 8
f 4 1 3
f 2 1 22
f 14 16 19
f 16 18 23
f 24 19 23
f 19 16 23
f 25 13 24
f 13 19 24
f 20 10 25
f 10 13 25
f 20 8 10
f 8 6 7
f 5 6 21
f 6 8 21
f 5 3 6
f 3 2 6
f 26 27 28
f 29 30 31
f 32 27 33
f 34 35 36
f 37 34 38
f 39 40 41
f 42 43 44
f 41 43 39
f 41 40 37
f 33 45 32
f 37 46 34
f 47 34 36
f 48 36 30
f 29 48 30
f 32 29 31
f 32 31 27
f 43 41 44
f 41 37 44
f 44 37 38
f 37 40 46
f 38 34 47
f 34 46 35
f 47 36 48
f 36 35 49
f 50 30 49
f 30 36 49
f 28 31 50
f 31 30 50
f 33 27 26
f 27 31 28
f 51 52 53
f 54 55 56
f 57 58 59
f 60 61 62
f 63 64 65
f 66 57 59
f 51 67 52
f 68 69 70
f 71 72 73
f 74 75 76
f 77 78 74
f 79 80 77
f 81 80 79
f 82 81 83
f 81 84 83
f 82 85 86
f 87 88 89
f 572 85 83
f 91 92 93
f 52 98 53
f 95 96 97
f 133 22 741
f 51 53 100
f 89 88 101
f 102 103 56
f 362 133 5
f 106 107 91
f 102 108 103
f 75 109 76
f 110 111 112
f 109 113 76
f 114 115 116
f 117 118 119
f 120 121 122
f 116 102 123
f 124 125 126
f 127 128 129
f 127 130 131
f 362 5 21
f 135 129 136
f 135 132 130
f 135 137 132
f 138 139 140
f 139 141 142
f 143 144 145
f 146 147 141
f 138 140 148
f 141 138 146
f 149 143 150
f 151 152 153
f 154 155 156
f 157 158 159
f 160 161 139
f 162 163 164
f 165 75 78
f 136 137 135
f 110 166 111
f 162 167 163
f 122 121 124
f 168 131 169
f 170 113 171
f 170 150 145
f 111 149 172
f 173 144 174
f 175 156 176
f 164 154 177
f 163 167 178
f 179 154 163
f 180 167 181
f 7 362 361
f 185 186 187
f 181 186 185
f 185 188 189
f 86 190 82
f 84 572 83
f 84 81 79
f 80 78 77
f 82 191 81
f 78 75 74
f 191 192 80
f 107 193 194
f 80 192 78
f 107 194 92
f 172 149 150
f 171 113 109
f 170 171 150
f 195 75 165
f 145 150 143
f 171 109 196
f 144 143 174
f 150 171 172
f 197 174 143
f 175 173 174
f 198 156 175
f 176 173 175
f 176 156 155
f 175 199 198
f 155 154 179
f 156 198 177
f 158 167 162
f 178 179 163
f 181 167 158
f 180 178 167
f 187 200 185
f 189 180 181
f 181 185 189
f 200 188 185
f 85 82 83
f 86 201 190
f 81 191 80
f 202 203 193
f 78 192 165
f 70 201 67
f 109 75 195
f 192 191 204
f 109 195 196
f 165 192 93
f 171 196 172
f 195 165 92
f 195 194 196
f 149 197 143
f 196 112 172
f 205 206 207
f 208 197 149
f 199 174 197
f 209 164 177
f 175 174 199
f 210 211 199
f 177 154 156
f 211 212 198
f 164 163 154
f 212 209 177
f 157 183 213
f 209 214 164
f 157 215 186
f 159 158 162
f 186 181 158
f 157 186 158
f 215 216 187
f 215 187 186
f 216 200 187
f 191 190 204
f 191 82 190
f 192 204 93
f 190 201 70
f 165 93 92
f 204 190 70
f 195 92 194
f 93 204 217
f 218 126 219
f 112 196 194
f 193 112 194
f 111 172 112
f 220 211 210
f 208 149 111
f 166 208 111
f 210 197 208
f 206 214 209
f 199 197 210
f 199 211 198
f 210 208 221
f 198 212 177
f 211 220 222
f 222 223 212
f 214 162 164
f 223 206 209
f 224 183 157
f 214 159 162
f 214 225 159
f 224 157 159
f 213 215 157
f 99 52 67
f 99 98 52
f 68 67 51
f 201 99 67
f 68 70 67
f 217 204 70
f 69 217 70
f 91 93 217
f 88 226 227
f 107 92 91
f 217 228 91
f 227 229 230
f 231 232 166
f 110 112 193
f 107 202 193
f 233 234 121
f 208 166 221
f 110 193 203
f 210 221 220
f 166 110 231
f 166 232 221
f 222 212 211
f 221 235 220
f 223 209 212
f 236 125 222
f 237 238 184
f 125 207 223
f 237 184 224
f 224 225 239
f 214 206 225
f 183 224 184
f 159 225 224
f 95 240 100
f 61 63 241
f 240 64 51
f 69 228 217
f 64 242 68
f 228 106 91
f 242 243 69
f 106 202 107
f 69 243 228
f 101 227 244
f 228 245 106
f 246 247 226
f 110 203 231
f 202 106 248
f 202 230 203
f 249 233 121
f 221 232 235
f 231 203 229
f 220 235 236
f 232 231 250
f 220 236 222
f 235 232 251
f 222 125 223
f 236 235 219
f 234 207 124
f 206 223 207
f 238 237 252
f 225 206 205
f 205 239 225
f 205 253 239
f 239 237 224
f 239 252 237
f 96 95 100
f 66 59 254
f 100 240 51
f 95 97 58
f 51 64 68
f 240 58 65
f 255 242 63
f 69 68 242
f 256 243 255
f 245 228 243
f 244 227 230
f 248 106 245
f 202 248 230
f 245 256 257
f 203 230 229
f 248 245 257
f 231 229 250
f 230 248 244
f 218 122 126
f 251 232 250
f 235 251 219
f 250 229 226
f 236 219 126
f 251 250 247
f 236 126 125
f 219 251 258
f 122 124 126
f 207 125 124
f 259 252 260
f 205 207 234
f 252 253 261
f 205 234 253
f 238 252 259
f 239 253 252
f 95 58 240
f 97 59 58
f 61 255 63
f 64 240 65
f 64 63 242
f 65 57 241
f 73 255 61
f 243 242 255
f 72 256 73
f 245 243 256
f 101 88 227
f 244 248 257
f 72 262 257
f 263 87 264
f 229 227 226
f 244 262 101
f 265 266 258
f 247 250 226
f 266 267 218
f 258 251 247
f 267 120 122
f 218 219 258
f 247 265 258
f 268 269 270
f 258 266 218
f 121 234 124
f 218 267 122
f 271 168 260
f 272 233 249
f 253 234 233
f 260 261 271
f 253 233 261
f 259 260 169
f 252 261 260
f 241 57 66
f 65 58 57
f 60 73 61
f 63 65 241
f 62 61 241
f 54 273 105
f 71 73 60
f 256 255 73
f 274 72 71
f 257 256 72
f 275 276 115
f 244 257 262
f 274 277 262
f 278 263 276
f 226 88 246
f 101 277 89
f 279 266 265
f 265 247 246
f 87 280 246
f 281 282 283
f 280 279 265
f 284 270 281
f 279 285 266
f 286 268 284
f 121 120 249
f 267 285 287
f 287 269 120
f 288 127 168
f 233 272 261
f 249 269 289
f 272 271 261
f 272 289 290
f 260 168 169
f 271 290 288
f 291 66 254
f 291 62 66
f 66 62 241
f 291 292 62
f 292 273 62
f 292 105 273
f 273 71 60
f 274 262 72
f 293 274 71
f 277 101 262
f 294 277 274
f 115 108 102
f 294 295 277
f 296 278 275
f 88 87 246
f 89 295 264
f 297 285 279
f 265 246 280
f 263 298 280
f 299 281 300
f 266 285 267
f 279 298 297
f 267 287 120
f 285 297 282
f 120 269 249
f 287 282 270
f 301 288 290
f 272 249 289
f 272 290 271
f 289 268 302
f 271 288 168
f 290 302 301
f 168 127 131
f 288 301 128
f 62 273 60
f 105 55 54
f 294 293 54
f 71 273 293
f 293 294 274
f 54 103 294
f 277 295 89
f 275 115 114
f 89 264 87
f 102 56 123
f 87 263 280
f 264 108 276
f 283 282 297
f 279 280 298
f 278 303 298
f 304 305 306
f 285 282 287
f 297 303 283
f 286 302 268
f 269 287 270
f 307 301 302
f 289 269 268
f 308 128 301
f 290 289 302
f 286 307 302
f 161 309 310
f 288 128 127
f 301 307 308
f 127 129 135
f 128 308 311
f 127 135 130
f 129 311 136
f 103 54 56
f 293 273 54
f 295 103 108
f 295 294 103
f 296 303 278
f 264 295 108
f 312 283 303
f 263 264 276
f 300 281 283
f 298 263 278
f 299 284 281
f 297 298 303
f 296 312 303
f 313 306 314
f 282 281 270
f 283 312 300
f 315 308 307
f 268 270 284
f 299 305 284
f 316 317 318
f 305 304 286
f 310 316 319
f 304 315 307
f 320 310 321
f 128 311 129
f 308 315 322
f 322 323 311
f 137 160 132
f 323 309 136
f 134 132 160
f 309 161 137
f 142 134 160
f 324 116 123
f 115 276 108
f 116 115 102
f 325 326 327
f 328 296 329
f 278 276 275
f 329 296 275
f 330 331 332
f 328 312 296
f 333 332 334
f 335 300 312
f 314 334 336
f 337 299 300
f 338 336 339
f 284 305 286
f 299 340 305
f 341 315 313
f 307 286 304
f 313 315 304
f 319 342 343
f 308 322 311
f 315 341 322
f 311 323 136
f 322 317 323
f 136 309 137
f 323 316 309
f 140 139 320
f 160 137 161
f 160 139 142
f 161 320 139
f 117 116 324
f 326 344 327
f 117 114 116
f 325 327 345
f 114 329 275
f 114 346 329
f 326 328 329
f 347 331 330
f 328 335 312
f 328 325 335
f 335 337 300
f 335 347 337
f 337 340 299
f 337 330 340
f 340 306 305
f 340 333 306
f 348 341 338
f 304 306 313
f 338 341 313
f 318 342 319
f 341 317 322
f 341 348 317
f 321 310 319
f 323 317 316
f 349 320 321
f 309 316 310
f 148 140 349
f 161 310 320
f 349 140 320
f 350 152 151
f 151 146 350
f 141 139 138
f 350 146 138
f 351 147 146
f 324 118 117
f 119 344 346
f 117 346 114
f 117 119 346
f 346 326 329
f 346 344 326
f 331 347 345
f 328 326 325
f 325 347 335
f 325 345 347
f 333 330 332
f 337 347 330
f 314 333 334
f 340 330 333
f 338 314 336
f 306 333 314
f 348 338 339
f 313 314 338
f 352 348 339
f 352 318 348
f 348 318 317
f 352 342 318
f 321 319 343
f 316 318 319
f 353 321 343
f 353 349 321
f 354 349 353
f 354 148 349
f 355 148 354
f 355 350 148
f 148 350 138
f 355 152 350
f 351 151 153
f 351 146 151
f 356 357 358
f 188 359 356
f 356 359 357
f 361 182 9
f 7 361 9
f 182 104 11
f 9 182 11
f 104 25 24
f 12 104 94
f 94 14 12
f 23 94 24
f 90 17 14
f 23 90 94
f 90 777 17
f 23 18 777
f 23 777 90
f 90 14 94
f 94 104 24
f 12 11 104
f 182 25 104
f 20 25 182
f 741 4 5
f 133 2 22
f 362 2 133
f 133 741 5
f 20 182 361
f 7 2 362
f 21 20 361
f 362 21 361
f 368 45 690
f 376 368 28
f 368 690 28
f 29 376 374
f 374 369 48
f 29 374 48
f 369 47 48
f 49 369 374
f 373 367 38
f 47 373 38
f 367 373 46
f 44 367 365
f 365 42 44
f 40 365 367
f 404 405 406
f 407 408 409
f 410 411 407
f 412 413 414
f 410 415 360
f 360 366 410
f 381 360 415
f 416 417 364
f 371 372 418
f 419 420 418
f 421 358 357
f 422 358 421
f 372 375 422
f 423 375 424
f 375 378 424
f 425 215 213
f 378 379 424
f 426 427 428
f 363 364 417
f 429 430 431
f 413 432 433
f 434 435 404
f 434 404 436
f 437 434 438
f 425 213 713
f 183 713 213
f 440 215 425
f 216 215 440
f 432 441 442
f 443 444 432
f 445 446 447
f 431 448 449
f 445 450 451
f 450 447 452
f 445 451 448
f 409 415 407
f 409 381 415
f 410 407 415
f 430 408 407
f 427 453 454
f 429 408 430
f 429 431 449
f 430 411 441
f 449 448 451
f 431 441 444
f 444 455 448
f 447 450 445
f 366 363 456
f 366 456 410
f 442 441 411
f 430 407 411
f 430 441 431
f 411 456 442
f 454 446 427
f 448 431 444
f 428 455 443
f 445 448 455
f 454 447 446
f 445 455 446
f 417 456 363
f 411 410 456
f 417 442 456
f 457 412 458
f 441 432 444
f 442 417 433
f 453 427 406
f 455 444 443
f 455 428 446
f 443 413 459
f 428 427 446
f 428 459 426
f 364 370 416
f 458 357 359
f 412 459 413
f 432 442 433
f 432 413 443
f 433 416 414
f 404 406 460
f 428 443 459
f 412 457 459
f 406 427 426
f 457 460 426
f 405 453 406
f 417 416 433
f 370 371 420
f 433 414 413
f 416 370 420
f 419 412 414
f 461 462 436
f 460 457 461
f 426 459 457
f 440 437 438
f 406 426 460
f 436 404 460
f 435 405 404
f 357 458 421
f 414 416 420
f 458 419 421
f 414 420 419
f 461 458 359
f 412 419 458
f 458 461 457
f 359 462 461
f 461 436 460
f 462 216 438
f 462 438 436
f 437 435 434
f 371 418 420
f 372 422 418
f 418 421 419
f 418 422 421
f 436 438 434
f 216 440 438
f 423 422 375
f 423 358 422
f 463 464 465
f 466 467 468
f 387 392 469
f 470 471 472
f 473 474 384
f 384 390 473
f 751 476 477
f 403 384 474
f 469 478 387
f 395 396 479
f 480 481 479
f 482 483 484
f 485 483 482
f 396 398 485
f 486 398 487
f 398 399 487
f 399 401 487
f 488 489 490
f 491 466 473
f 492 493 494
f 471 495 496
f 716 752 477
f 499 500 463
f 499 463 501
f 502 499 503
f 752 751 477
f 751 504 476
f 503 476 504
f 495 505 506
f 507 508 495
f 509 510 511
f 494 512 513
f 509 514 515
f 509 515 512
f 511 533 514
f 468 474 466
f 468 403 474
f 473 466 474
f 493 467 466
f 517 518 489
f 492 467 493
f 492 494 513
f 493 491 505
f 513 512 515
f 494 505 508
f 508 519 512
f 511 514 509
f 390 385 520
f 390 520 473
f 466 491 493
f 520 385 478
f 493 505 494
f 491 520 506
f 518 510 489
f 512 494 508
f 490 519 507
f 509 512 519
f 511 510 518
f 509 519 510
f 473 520 491
f 385 387 478
f 471 507 495
f 505 491 506
f 505 495 508
f 506 478 496
f 517 489 465
f 519 508 507
f 519 490 510
f 507 471 521
f 490 489 510
f 490 521 488
f 469 496 478
f 506 520 478
f 470 521 471
f 495 506 496
f 469 472 496
f 503 499 501
f 463 465 522
f 490 507 521
f 470 523 521
f 465 489 488
f 523 522 488
f 464 517 465
f 392 395 481
f 472 471 496
f 392 481 469
f 524 525 526
f 480 470 472
f 526 527 501
f 521 523 488
f 470 524 523
f 488 522 465
f 523 526 522
f 501 463 522
f 500 464 463
f 484 524 482
f 472 469 481
f 524 480 482
f 472 481 480
f 480 524 470
f 484 525 524
f 524 526 523
f 525 527 526
f 526 501 522
f 527 528 503
f 527 503 501
f 502 500 499
f 395 479 481
f 396 485 479
f 479 482 480
f 479 485 482
f 476 503 528
f 504 502 503
f 486 485 398
f 486 483 485
f 40 39 625
f 40 625 365
f 625 42 365
f 40 367 46
f 44 38 367
f 373 35 46
f 369 35 373
f 49 35 369
f 690 26 28
f 368 32 45
f 376 32 368
f 29 32 376
f 373 47 369
f 376 28 50
f 50 49 374
f 376 50 374
f 189 188 977
f 976 977 356
f 189 977 377
f 189 377 180
f 178 180 380
f 394 380 974
f 179 178 394
f 389 394 397
f 388 382 389
f 394 389 179
f 155 389 382
f 155 382 176
f 176 382 383
f 176 383 173
f 498 475 439
f 383 439 173
f 144 439 475
f 144 475 145
f 534 516 391
f 475 391 145
f 170 391 516
f 170 516 113
f 113 516 386
f 113 386 76
f 351 567 147
f 153 568 351
f 351 568 567
f 569 570 85
f 572 821 574
f 569 85 575
f 821 822 577
f 822 805 577
f 574 821 577
f 575 572 574
f 85 572 575
f 86 569 580
f 86 570 569
f 118 324 583
f 324 584 585
f 324 585 583
f 118 583 586
f 820 118 586
f 588 820 586
f 588 819 820
f 717 819 588
f 592 585 584
f 544 541 539
f 386 539 76
f 592 584 123
f 123 584 324
f 130 593 131
f 169 131 594
f 131 593 594
f 130 595 593
f 130 132 595
f 594 259 169
f 594 596 259
f 259 596 238
f 238 596 597
f 184 238 597
f 598 599 600
f 598 600 601
f 602 601 600
f 603 599 598
f 599 603 604
f 604 603 605
f 600 606 602
f 602 606 607
f 607 606 608
f 609 607 608
f 610 611 612
f 613 614 612
f 615 43 616
f 617 618 619
f 618 366 619
f 620 381 621
f 363 366 618
f 621 622 623
f 624 42 625
f 626 627 628
f 629 42 624
f 628 630 626
f 631 632 633
f 634 635 616
f 631 636 637
f 375 372 614
f 638 613 639
f 640 641 642
f 643 609 608
f 644 599 645
f 641 637 642
f 646 639 647
f 648 641 640
f 639 648 647
f 649 605 379
f 615 637 641
f 650 610 364
f 616 43 42
f 650 651 610
f 360 381 619
f 619 381 620
f 614 638 375
f 622 630 623
f 366 360 619
f 652 619 620
f 653 651 624
f 622 926 630
f 926 626 630
f 621 623 620
f 630 628 623
f 623 652 620
f 623 655 652
f 652 617 619
f 652 629 617
f 363 618 650
f 617 624 618
f 364 363 650
f 618 624 651
f 627 924 657
f 616 42 629
f 628 655 623
f 628 634 655
f 655 629 652
f 655 616 629
f 653 624 625
f 617 629 624
f 653 610 651
f 650 618 651
f 370 610 612
f 370 364 610
f 627 657 628
f 924 920 659
f 657 634 628
f 657 924 659
f 634 616 655
f 634 659 635
f 39 660 625
f 611 610 653
f 660 611 653
f 371 370 612
f 613 612 611
f 372 371 612
f 657 659 634
f 920 632 659
f 616 635 615
f 659 632 631
f 631 615 635
f 615 641 43
f 625 660 653
f 39 641 648
f 660 613 611
f 660 639 613
f 612 614 372
f 613 638 614
f 659 631 635
f 636 661 642
f 631 637 615
f 662 643 608
f 647 648 640
f 39 43 641
f 649 638 646
f 660 39 648
f 378 638 649
f 660 648 639
f 646 638 639
f 378 375 638
f 633 636 631
f 633 661 636
f 636 642 637
f 662 608 606
f 643 640 642
f 662 600 644
f 662 647 640
f 645 604 646
f 644 646 647
f 604 605 649
f 604 649 646
f 379 378 649
f 661 643 642
f 661 609 643
f 600 662 606
f 640 643 662
f 662 644 647
f 600 599 644
f 644 645 646
f 599 604 645
f 663 664 665
f 665 666 667
f 183 184 668
f 669 667 670
f 670 667 671
f 672 673 674
f 675 676 677
f 678 679 677
f 680 681 682
f 454 681 684
f 452 684 685
f 548 452 685
f 686 687 673
f 684 681 688
f 556 548 689
f 690 45 680
f 557 553 691
f 680 45 692
f 553 693 691
f 566 563 673
f 694 687 695
f 667 666 679
f 696 697 663
f 698 663 669
f 595 132 696
f 596 594 699
f 454 453 681
f 674 701 664
f 45 33 694
f 676 682 702
f 452 447 684
f 425 671 678
f 689 693 556
f 447 454 684
f 685 684 705
f 680 682 706
f 555 556 693
f 553 555 693
f 685 689 548
f 689 691 693
f 685 705 689
f 705 707 689
f 684 688 705
f 688 692 705
f 702 681 453
f 681 680 688
f 676 702 405
f 453 405 702
f 559 557 709
f 692 45 694
f 689 707 691
f 707 695 691
f 705 692 707
f 692 694 707
f 690 680 706
f 680 692 688
f 682 676 706
f 682 681 702
f 677 676 435
f 676 405 435
f 691 709 557
f 560 559 686
f 691 695 709
f 686 559 709
f 707 694 695
f 687 686 695
f 690 666 26
f 706 676 675
f 706 675 666
f 435 437 677
f 675 677 679
f 677 437 440
f 695 686 709
f 563 560 686
f 701 687 694
f 673 563 686
f 673 701 674
f 701 694 33
f 706 666 690
f 665 664 26
f 671 679 678
f 679 666 675
f 440 425 678
f 678 677 440
f 566 673 672
f 673 687 701
f 672 674 697
f 701 33 664
f 26 664 33
f 664 697 674
f 670 671 668
f 665 26 666
f 665 667 669
f 671 713 668
f 425 713 671
f 671 667 679
f 134 566 672
f 672 697 134
f 134 697 696
f 594 593 698
f 698 699 594
f 663 697 664
f 699 670 714
f 669 663 665
f 669 670 699
f 668 184 597
f 670 668 597
f 668 713 183
f 134 696 132
f 698 593 595
f 663 698 696
f 698 595 696
f 596 699 714
f 699 698 669
f 596 714 597
f 714 670 597
f 715 55 105
f 74 76 539
f 588 718 717
f 719 720 721
f 715 722 583
f 715 583 585
f 723 724 725
f 592 55 585
f 592 726 55
f 56 55 726
f 715 585 55
f 727 728 729
f 730 731 732
f 733 536 734
f 730 727 729
f 735 736 734
f 736 737 734
f 730 729 529
f 738 739 511
f 724 741 22
f 738 517 743
f 744 745 736
f 743 746 747
f 746 719 721
f 748 749 750
f 748 751 752
f 718 753 748
f 716 717 718
f 722 754 586
f 721 720 1
f 755 756 543
f 543 547 755
f 754 588 586
f 744 721 1
f 719 757 750
f 105 543 756
f 722 586 583
f 758 722 715
f 754 718 588
f 723 754 722
f 720 749 1
f 725 718 754
f 725 753 718
f 724 723 759
f 715 105 756
f 756 758 715
f 756 728 758
f 758 723 722
f 758 759 723
f 723 725 754
f 760 1 749
f 716 718 748
f 725 724 760
f 716 748 752
f 744 1 4
f 547 545 755
f 529 530 730
f 755 728 756
f 755 545 729
f 728 759 758
f 728 727 759
f 741 724 759
f 22 760 724
f 725 760 753
f 22 1 760
f 753 749 748
f 753 760 749
f 751 750 504
f 751 748 750
f 755 729 728
f 545 529 729
f 530 538 733
f 732 759 727
f 741 732 731
f 741 759 732
f 502 757 500
f 750 749 720
f 757 719 746
f 750 720 719
f 504 757 502
f 504 750 757
f 538 536 733
f 732 727 730
f 741 731 745
f 536 537 734
f 741 745 4
f 537 532 734
f 745 744 4
f 517 464 743
f 765 721 744
f 464 500 746
f 747 746 721
f 500 757 746
f 730 733 731
f 730 530 733
f 731 737 745
f 731 733 737
f 739 765 735
f 745 737 736
f 736 765 744
f 736 735 765
f 765 747 721
f 765 739 747
f 738 743 747
f 464 746 743
f 735 734 532
f 737 733 734
f 532 533 735
f 533 511 739
f 533 739 735
f 511 518 738
f 517 738 518
f 747 739 738
f 767 768 769
f 770 771 772
f 773 774 775
f 776 777 778
f 771 775 779
f 780 767 781
f 774 782 783
f 98 99 784
f 785 782 786
f 787 788 782
f 864 787 869
f 791 787 864
f 791 864 792
f 793 794 795
f 793 795 865
f 783 777 18
f 797 780 781
f 785 787 782
f 798 799 776
f 99 800 580
f 769 801 802
f 803 804 799
f 201 800 99
f 784 580 569
f 799 17 776
f 784 99 580
f 804 17 799
f 77 541 944
f 802 806 805
f 779 775 774
f 771 807 775
f 804 768 17
f 781 769 808
f 809 798 776
f 810 811 812
f 795 794 792
f 779 774 18
f 785 869 787
f 791 813 787
f 865 810 793
f 794 791 792
f 810 812 793
f 813 791 794
f 814 813 794
f 783 18 774
f 813 788 787
f 813 778 788
f 786 782 773
f 788 783 782
f 384 403 773
f 403 786 773
f 793 812 794
f 811 98 809
f 812 814 794
f 812 809 814
f 814 778 813
f 814 776 778
f 778 783 788
f 778 777 783
f 15 779 18
f 773 782 774
f 384 775 807
f 384 773 775
f 777 776 17
f 812 811 809
f 809 776 814
f 809 784 798
f 772 771 779
f 815 385 807
f 15 772 779
f 390 384 807
f 770 807 771
f 385 390 807
f 575 816 569
f 809 98 784
f 569 816 784
f 817 818 574
f 816 799 798
f 806 817 574
f 17 768 15
f 392 387 815
f 767 770 772
f 815 807 770
f 780 815 770
f 387 385 815
f 784 816 798
f 575 574 818
f 816 803 799
f 806 574 577
f 817 804 803
f 398 396 781
f 15 768 772
f 804 801 768
f 395 392 780
f 772 768 767
f 815 780 392
f 770 767 780
f 816 818 803
f 816 575 818
f 818 817 803
f 805 401 802
f 808 769 802
f 804 817 801
f 398 781 808
f 768 801 769
f 396 395 797
f 767 769 781
f 396 797 781
f 395 780 797
f 805 806 577
f 801 817 806
f 401 399 808
f 801 806 802
f 401 808 802
f 399 398 808
f 935 937 944
f 800 86 580
f 74 541 77
f 936 945 937
f 77 944 79
f 821 572 945
f 821 945 393
f 356 358 976
f 377 976 975
f 377 977 976
f 726 123 56
f 726 592 123
f 380 975 974
f 973 397 974
f 377 975 380
f 380 180 377
f 389 397 388
f 394 178 380
f 382 388 549
f 551 383 549
f 551 549 968
f 970 498 551
f 85 570 86
f 382 549 383
f 86 800 201
f 59 97 823
f 97 96 824
f 825 254 59
f 825 59 823
f 823 97 824
f 826 827 525
f 827 528 527
f 484 483 826
f 484 826 525
f 525 827 527
f 568 153 828
f 829 568 828
f 830 829 828
f 400 497 498
f 383 551 439
f 534 391 497
f 534 497 402
f 561 531 534
f 475 497 391
f 540 386 531
f 540 531 554
f 535 544 540
f 516 531 386
f 565 542 544
f 386 540 539
f 935 944 542
f 935 542 564
f 578 936 935
f 541 542 944
f 393 945 936
f 393 936 571
f 937 84 79
f 576 393 546
f 978 397 973
f 979 973 424
f 550 388 978
f 972 978 979
f 972 980 550
f 397 978 388
f 980 969 968
f 388 550 549
f 389 155 179
f 498 970 400
f 402 497 400
f 967 400 965
f 561 534 402
f 587 402 967
f 439 144 173
f 531 561 554
f 535 540 554
f 552 554 558
f 391 170 145
f 544 535 565
f 831 832 833
f 834 536 835
f 836 537 834
f 837 838 530
f 538 530 838
f 832 839 840
f 841 839 842
f 840 839 841
f 843 403 468
f 532 537 836
f 831 844 832
f 533 532 514
f 845 846 847
f 823 848 847
f 530 529 837
f 837 529 849
f 832 850 839
f 545 254 849
f 851 848 852
f 254 545 291
f 547 292 291
f 547 543 292
f 853 852 854
f 543 105 292
f 855 810 854
f 854 100 855
f 545 547 291
f 849 254 825
f 53 98 811
f 858 859 860
f 851 852 861
f 854 852 96
f 792 864 862
f 854 810 865
f 811 810 855
f 53 855 100
f 53 811 855
f 865 795 853
f 96 100 854
f 865 853 854
f 795 792 861
f 96 852 824
f 853 795 861
f 823 847 825
f 529 545 849
f 862 861 792
f 852 853 861
f 862 851 861
f 848 824 852
f 824 848 823
f 851 862 859
f 825 847 846
f 848 859 867
f 825 846 849
f 847 867 845
f 846 837 849
f 846 845 868
f 864 869 860
f 864 860 862
f 851 859 848
f 785 786 841
f 537 536 834
f 847 848 867
f 858 850 867
f 835 538 838
f 846 868 837
f 845 850 844
f 868 838 837
f 868 844 872
f 862 860 859
f 869 785 842
f 859 858 867
f 860 869 842
f 867 850 845
f 858 842 839
f 873 835 872
f 868 845 844
f 873 872 831
f 838 868 872
f 536 538 835
f 838 872 835
f 841 842 785
f 858 860 842
f 833 832 840
f 850 858 839
f 874 831 833
f 844 850 832
f 875 873 874
f 872 844 831
f 874 873 831
f 836 876 532
f 873 834 835
f 873 875 834
f 843 841 786
f 877 467 878
f 843 840 841
f 878 492 879
f 877 833 840
f 879 513 880
f 878 874 833
f 880 515 876
f 879 875 874
f 876 514 532
f 875 836 834
f 875 880 836
f 877 843 468
f 786 403 843
f 843 877 840
f 468 467 877
f 877 878 833
f 467 492 878
f 878 879 874
f 492 513 879
f 879 880 875
f 513 515 880
f 880 876 836
f 515 514 876
f 881 882 557
f 883 884 885
f 886 887 555
f 888 889 890
f 887 888 556
f 891 892 893
f 894 895 883
f 896 897 898
f 899 897 896
f 900 409 901
f 891 902 892
f 452 548 450
f 903 568 829
f 904 905 906
f 905 907 906
f 908 881 559
f 907 147 567
f 892 909 897
f 141 147 560
f 147 908 560
f 141 563 142
f 563 566 142
f 910 911 912
f 566 134 142
f 913 632 912
f 912 915 913
f 560 563 141
f 884 903 911
f 894 883 916
f 884 911 917
f 912 911 830
f 627 626 885
f 632 920 912
f 633 632 913
f 661 633 923
f 923 913 915
f 923 633 913
f 920 924 910
f 830 915 912
f 920 910 912
f 924 627 917
f 830 911 829
f 910 924 917
f 905 908 907
f 567 568 907
f 559 560 908
f 147 907 908
f 885 917 627
f 911 910 917
f 885 884 917
f 903 829 911
f 925 881 905
f 906 568 903
f 568 906 907
f 903 883 895
f 895 904 906
f 881 908 905
f 904 925 905
f 557 559 881
f 626 926 916
f 626 916 885
f 884 883 903
f 896 622 621
f 556 555 887
f 906 903 895
f 894 909 895
f 886 553 882
f 909 902 904
f 882 881 925
f 902 929 925
f 553 557 882
f 885 916 883
f 926 622 898
f 926 898 916
f 930 893 931
f 895 909 904
f 894 898 897
f 932 886 929
f 925 904 902
f 932 929 891
f 882 925 929
f 555 553 886
f 882 929 886
f 896 898 622
f 894 916 898
f 893 892 899
f 909 894 897
f 909 892 902
f 897 899 892
f 889 932 930
f 929 902 891
f 930 932 891
f 888 933 548
f 932 887 886
f 932 889 887
f 900 896 621
f 901 408 931
f 900 899 896
f 931 429 934
f 901 893 899
f 934 449 890
f 890 889 934
f 891 893 930
f 934 889 930
f 933 450 548
f 548 556 888
f 887 889 888
f 621 381 900
f 381 409 900
f 900 901 899
f 409 408 901
f 901 931 893
f 408 429 931
f 931 934 930
f 429 449 934
f 451 890 449
f 451 933 890
f 890 933 888
f 451 450 933
f 564 542 565
f 656 565 590
f 578 935 564
f 591 564 656
f 539 541 74
f 936 578 571
f 546 393 571
f 704 571 683
f 937 945 84
f 822 393 576
f 946 948 576
f 822 821 393
f 379 605 979
f 379 979 424
f 979 605 972
f 978 972 550
f 972 971 980
f 550 980 968
f 974 397 394
f 400 970 965
f 967 402 400
f 966 965 964
f 587 561 402
f 982 967 966
f 982 984 587
f 970 969 965
f 551 498 439
f 535 554 552
f 498 497 475
f 565 535 590
f 764 762 590
f 561 587 558
f 534 531 516
f 578 564 591
f 654 562 591
f 535 552 590
f 540 544 539
f 546 571 704
f 544 542 541
f 576 546 946
f 359 188 200
f 462 359 200
f 216 462 200
f 935 936 937
f 938 939 940
f 827 941 528
f 942 343 943
f 944 937 79
f 572 84 945
f 946 947 948
f 949 950 951
f 950 952 953
f 954 955 956
f 957 958 332
f 959 960 961
f 962 963 964
f 965 966 967
f 968 969 970
f 605 971 972
f 973 974 975
f 973 423 424
f 975 423 973
f 976 358 423
f 976 423 975
f 977 188 356
f 978 973 979
f 971 962 980
f 700 947 946
f 981 353 942
f 982 983 984
f 985 986 987
f 988 989 990
f 991 992 993
f 994 995 996
f 336 997 339
f 334 998 336
f 999 997 998
f 1000 1001 1002
f 1003 152 1004
f 1003 1005 1006
f 546 704 946
f 1005 1003 1004
f 1004 355 1007
f 1008 981 1001
f 354 981 1007
f 1001 942 1009
f 943 342 1010
f 1011 1010 1012
f 352 339 1013
f 958 998 334
f 958 334 332
f 1014 1015 957
f 332 331 957
f 1016 996 1017
f 345 1018 331
f 1019 1018 345
f 1019 345 327
f 1020 1019 327
f 1021 1020 344
f 1022 119 118
f 1022 118 820
f 1021 344 119
f 1020 327 344
f 1019 1023 1018
f 1024 716 477
f 947 573 948
f 1025 477 476
f 941 476 528
f 1026 1027 1028
f 1029 1025 476
f 1030 1028 826
f 950 1031 952
f 1032 401 948
f 576 948 805
f 820 819 1033
f 1021 119 1022
f 820 1033 1022
f 1024 1034 717
f 1022 1033 1021
f 955 1035 1036
f 1021 1037 1020
f 955 1036 1038
f 331 1018 957
f 1039 1020 1037
f 1019 1039 1023
f 1040 1041 1042
f 1018 1023 1014
f 998 997 336
f 957 1015 958
f 997 1013 339
f 958 1017 998
f 1043 1044 1045
f 1046 1013 997
f 1010 352 1013
f 1011 943 1010
f 342 352 1010
f 1009 943 1011
f 343 342 943
f 1047 923 915
f 353 343 942
f 1048 1007 1008
f 354 353 981
f 1004 1007 1048
f 355 354 1007
f 1006 828 1003
f 152 355 1004
f 153 1003 828
f 153 152 1003
f 1021 1033 1037
f 819 717 1049
f 1019 1020 1039
f 1024 717 716
f 1033 1050 1037
f 1051 1035 955
f 957 1018 1014
f 1039 1037 1052
f 1039 1038 1023
f 1015 1017 958
f 1023 1036 1014
f 1053 1043 992
f 998 1017 999
f 1015 1014 1054
f 997 999 1046
f 1017 1015 1016
f 1013 1046 1012
f 999 1017 996
f 1013 1012 1010
f 1046 999 1042
f 1041 1055 1012
f 1009 942 943
f 1055 1044 1011
f 1001 981 942
f 1044 1002 1009
f 1047 661 923
f 915 1005 1047
f 1007 981 1008
f 1056 1048 1008
f 1005 1004 1048
f 1047 1005 1048
f 915 830 1006
f 915 1006 1005
f 830 828 1006
f 1033 1049 1050
f 1033 819 1049
f 1034 1050 1049
f 1052 1037 1050
f 953 1057 1058
f 1038 1039 1052
f 1023 1038 1036
f 1052 1050 1059
f 1014 1036 1054
f 1038 1052 956
f 986 993 1060
f 1016 1015 1054
f 1036 1035 1054
f 996 1042 999
f 1054 1061 1016
f 1062 1063 1064
f 1046 1042 1041
f 996 1016 994
f 1046 1041 1012
f 1042 996 995
f 1045 1055 1065
f 1011 1012 1055
f 1066 1000 1067
f 1009 1011 1044
f 1067 1002 1043
f 1001 1009 1002
f 661 1047 1068
f 1008 1001 1000
f 1000 1056 1008
f 1000 1066 1056
f 1056 1047 1048
f 1056 1068 1047
f 1025 1024 477
f 1034 1049 717
f 940 939 1059
f 1059 1050 1034
f 1052 1059 956
f 1034 1025 940
f 1038 956 955
f 1059 1034 940
f 1059 939 956
f 952 1069 1057
f 1070 1071 994
f 1061 1054 1035
f 1071 1072 995
f 994 1016 1061
f 1035 1073 1061
f 961 1074 989
f 1042 995 1040
f 994 1061 1070
f 1041 1040 1065
f 995 994 1071
f 1041 1065 1055
f 1040 995 1072
f 1055 1045 1044
f 1065 1040 1075
f 1044 1043 1002
f 1045 1076 992
f 609 1068 1077
f 1000 1002 1067
f 1053 1063 1067
f 1068 1056 1066
f 1062 1068 1066
f 609 661 1068
f 1078 940 1025
f 1034 1024 1025
f 1029 1078 1025
f 939 954 956
f 1078 938 940
f 950 953 1079
f 1057 1069 1073
f 1051 955 954
f 1035 1051 1073
f 954 939 1080
f 1061 1073 1070
f 1051 954 1058
f 1051 1057 1073
f 1081 987 1082
f 1073 1069 1070
f 1083 961 989
f 1040 1072 1075
f 1071 1070 1084
f 1065 1075 1076
f 1072 1071 928
f 1065 1076 1045
f 1075 1072 927
f 1045 992 1043
f 1076 1075 1060
f 1074 1053 991
f 1067 1043 1053
f 607 1077 922
f 1066 1067 1063
f 1077 1062 922
f 1066 1063 1062
f 609 1077 607
f 1068 1062 1077
f 921 1029 941
f 1029 476 941
f 827 921 941
f 919 1026 1030
f 921 1027 1029
f 949 1031 950
f 939 938 1080
f 1078 1027 918
f 954 1080 1058
f 938 918 914
f 1051 1058 1057
f 1080 914 871
f 1080 871 1058
f 870 866 863
f 1082 987 927
f 1084 1070 1069
f 987 986 1060
f 928 1071 1084
f 1072 928 927
f 1084 1069 857
f 1075 927 1060
f 928 1084 856
f 1076 1060 993
f 927 928 1082
f 1076 993 992
f 1060 927 987
f 990 991 993
f 1053 992 991
f 602 922 796
f 1063 1053 1074
f 922 1064 960
f 1063 1074 1064
f 607 922 602
f 1062 1064 922
f 826 921 827
f 1032 919 487
f 1029 1027 1078
f 921 826 1028
f 790 871 914
f 938 1078 918
f 938 914 1080
f 918 1026 789
f 1058 871 953
f 914 789 790
f 1057 953 952
f 871 790 1079
f 766 866 856
f 857 1069 952
f 866 1081 1082
f 856 1084 857
f 928 856 1082
f 857 952 1031
f 857 766 856
f 764 763 762
f 856 866 1082
f 761 742 764
f 988 1083 989
f 990 993 986
f 740 990 986
f 989 991 990
f 712 796 711
f 1074 991 989
f 959 961 1083
f 1064 1074 961
f 796 960 711
f 1064 961 960
f 602 796 601
f 922 960 796
f 921 1028 1027
f 826 483 1030
f 1027 1026 918
f 1028 1030 1026
f 710 1079 790
f 914 918 789
f 919 708 789
f 1079 953 871
f 708 710 790
f 704 703 700
f 710 951 1079
f 683 703 704
f 863 866 766
f 766 857 1031
f 949 658 1031
f 656 654 591
f 658 863 766
f 590 762 656
f 763 740 985
f 985 987 1081
f 986 985 740
f 1081 870 589
f 990 740 988
f 985 589 763
f 763 742 740
f 967 982 587
f 742 582 988
f 581 963 712
f 582 983 1083
f 711 960 959
f 983 579 959
f 712 601 796
f 579 581 711
f 598 601 712
f 486 1030 483
f 486 919 1030
f 487 919 486
f 789 1026 919
f 401 1032 487
f 790 789 708
f 1032 710 708
f 578 591 683
f 1079 951 950
f 805 822 576
f 573 947 951
f 578 683 571
f 1031 658 766
f 949 947 700
f 700 703 658
f 565 656 564
f 866 870 1081
f 863 703 562
f 1081 589 985
f 870 562 654
f 654 762 589
f 561 558 554
f 984 983 582
f 988 740 742
f 982 579 983
f 1083 988 582
f 1083 983 959
f 582 761 984
f 966 579 982
f 711 959 579
f 964 581 966
f 712 711 581
f 598 963 603
f 598 712 963
f 919 1032 708
f 401 805 948
f 710 573 951
f 710 1032 573
f 951 947 949
f 573 1032 948
f 683 562 703
f 658 949 700
f 658 703 863
f 700 946 704
f 656 762 654
f 870 863 562
f 870 654 589
f 562 683 591
f 552 761 764
f 763 589 762
f 558 984 761
f 742 763 764
f 742 761 582
f 764 590 552
f 552 558 761
f 968 970 551
f 558 587 984
f 550 968 549
f 969 962 964
f 581 579 966
f 969 964 965
f 963 581 964
f 980 962 969
f 971 963 962
f 603 971 605
f 603 963 971
