# Generated by benchmark/pick_up_apple/mujoco_src/export.py
v -0.0052152834832668304 0.0070403199642896652 -0.018094534054398537
v -0.0039601749740540981 0.0070396345108747482 -0.018385684117674828
v -0.0046510985121130943 0.007032833993434906 -0.019390668720006943
v 0.0072237798012793064 0.0037316593807190657 -0.01110964547842741
v 0.0070374757051467896 0.0034535033628344536 -0.012535495683550835
v 0.007154406514018774 0.0047521525993943214 -0.012106059119105339
v 0.0068503450602293015 0.0056547243148088455 -0.016060350462794304
v 0.0062882145866751671 0.0070356344804167747 -0.015887681394815445
v 0.007111432496458292 0.006395251490175724 -0.01522962749004364
v 0.0070574567653238773 -0.00072534789796918631 -0.012230833061039448
v 0.0069454973563551903 0.000133707289933227 -0.013453483581542969
v 0.0070711681619286537 0.00065755977993831038 -0.012063642032444477
v 0.0069325985386967659 0.0023848013952374458 -0.013568466529250145
v 0.0068667870946228504 0.0012612101854756474 -0.014216821640729904
v 0.0067663835361599922 0.0023836425971239805 -0.015139413066208363
v 0.0068728048354387283 0.0038801173213869333 -0.014216459356248379
v 0.0073298970237374306 0.0054497062228620052 -0.014528406783938408
v 0.0077691944316029549 0.0058176247403025627 -0.013130632229149342
v 0.0069638732820749283 0.0047194669023156166 -0.013447322882711887
v -0.0053076501935720444 -0.0091222235932946205 -0.0036349303554743528
v -0.0057584261521697044 -0.0084435436874628067 -0.0023487699218094349
v -0.0065706544555723667 -0.0086305448785424232 -0.0032169991172850132
v 0.0079793073236942291 0.0065816491842269897 0.002120723482221365
v 0.0075582214631140232 0.0069745685905218124 0.00094192544929683208
v 0.0064001232385635376 0.0066956034861505032 0.0020512677729129791
v -0.0056405137293040752 -0.00028529824339784682 -0.018553031608462334
v -0.0048868576996028423 0.0006396528915502131 -0.019435254856944084
v -0.0046530882827937603 -0.00057488412130624056 -0.019656231626868248
v -0.0047742193564772606 0.005614603403955698 -0.019608186557888985
v -0.0055055492557585239 0.0061368094757199287 -0.018799616023898125
v -0.0079971253871917725 0.0055502932518720627 -0.01115924958139658
v -0.0073868967592716217 0.0044376137666404247 -0.011127478443086147
v -0.0079483930021524429 0.0048903711140155792 -0.0098860738798975945
v -0.0011590704089030623 -0.0095574855804443359 -0.014336614869534969
v -0.0007432703860104084 -0.0095584224909543991 -0.015542443841695786
v 0.00032651502988301218 -0.009558401070535183 -0.014553390443325043
v 0.0062198801897466183 0.0036458934191614389 -0.017570506781339645
v 0.0062211244367063046 0.002453511580824852 -0.017570236697793007
v 0.0055370647460222244 0.00280419597402215 -0.018701424822211266
v 0.0081258304417133331 -0.0034483661875128746 0.0059044649824500084
v 0.0084981732070446014 -0.0026737763546407223 0.0051636365242302418
v 0.0081791384145617485 -0.0022721157874912024 0.0063418406061828136
v -0.0070721497759222984 0.0028808095958083868 -0.012284833937883377
v -0.0070819160901010036 0.0041737109422683716 -0.012476179748773575
v -0.0069366069510579109 0.0036513046361505985 -0.013678887858986855
v -0.0066360780037939548 0.0026823377702385187 -0.016040166839957237
v -0.0068443194031715393 0.0021582490298897028 -0.014470464549958706
v -0.0067930612713098526 0.0034724909346550703 -0.014946148730814457
v -0.0068047242239117622 0.0048450627364218235 -0.015086080878973007
v -0.006937139667570591 0.0048455260694026947 -0.014424696564674377
v -0.0072325142100453377 0.0062571368180215359 -0.014822260476648808
v -0.0068476214073598385 0.00025759154232218862 -0.014443997293710709
v -0.006952428724616766 0.0013397756265476346 -0.013425997458398342
v -0.0068293311633169651 0.00476435711607337 -0.014776725322008133
v -0.0070307767018675804 0.0046455902047455311 -0.013476302847266197
v -0.0069685066118836403 0.0023322852794080973 -0.013235128484666348
v -0.006691670510917902 -0.0043330574408173561 -0.015690114349126816
v -0.0068912883289158344 -0.0045147468335926533 -0.01405339315533638
v -0.0068414825946092606 -0.0030697972979396582 -0.014508250169456005
v -0.0046308762393891811 -0.0087327705696225166 -0.0024956467095762491
v -0.0048455358482897282 -0.007960236631333828 -0.001551347435452044
v 0.0079987188801169395 -0.002192219952121377 -0.0075626643374562263
v 0.0079993642866611481 -0.00099321349989622831 -0.0081475879997014999
v 0.0080075887963175774 -0.00053385557839646935 -0.0072227236814796925
v 0.0069940974935889244 -0.0073187756352126598 -0.013149218633770943
v 0.0074398969300091267 -0.0074749123305082321 -0.014068512246012688
v 0.0072096292860805988 -0.0074327648617327213 -0.014709396287798882
v 0.0082868477329611778 -0.0065576774068176746 -0.00034050855902023613
v 0.0080135902389883995 -0.0069976118393242359 0.00083506735973060131
v 0.0070068300701677799 -0.0072045717388391495 -0.00017994648078456521
v -0.0060456208884716034 -0.0038746555801481009 0.0059117204509675503
v -0.0067701805382966995 -0.0047703324817121029 0.0052439365535974503
v -0.0057113147340714931 -0.0049471878446638584 0.0049307583831250668
v 2.3114891519071534e-05 -0.0095517979934811592 -0.0037202949170023203
v -0.0012377456296235323 -0.0093612289056181908 -0.0029013368766754866
v -0.0013705076416954398 -0.0095513695850968361 -0.0042423713020980358
v 0.0066354717127978802 -0.0094205979257822037 -0.0051572271622717381
v 0.0059735742397606373 -0.0095564303919672966 -0.006213013082742691
v 0.0074041895568370819 -0.0094840247184038162 -0.0059538194909691811
v 0.0015550043899565935 -0.0095620462670922279 -0.019590629264712334
v 0.0018225625390186906 -0.0095516815781593323 -0.020813973620533943
v 0.0028969014529138803 -0.0095630055293440819 -0.020008489489555359
v -0.002467920770868659 -0.00055321695981547236 0.0070256702601909637
v -0.0013654869981110096 0.00065368163632228971 0.0070075718685984612
v -0.0030646596569567919 0.00085889321053400636 0.0069853276945650578
v 0.002747315214946866 0.0070408661849796772 -0.010343623347580433
v 0.0029449248686432838 0.0070414873771369457 -0.0091226948425173759
v 0.0039501911960542202 0.0070404564030468464 -0.0099618546664714813
v -0.0042829941958189011 0.0070205018855631351 -0.002096852520480752
v -0.0040478506125509739 0.0070347492583096027 -0.00048044967115856707
v -0.0027304787654429674 0.0070284265093505383 -0.00156617839820683
v 0.003883714322000742 0.0070273587480187416 -0.0014635637635365129
v 0.004770931787788868 0.007029741071164608 -0.00037119924672879279
v 0.0052297147922217846 0.0070178871974349022 -0.0020584547892212868
v 0.00080666365101933479 0.0070396270602941513 -0.014154506847262383
v 0.00088456552475690842 0.0070403092540800571 -0.01293837558478117
v 0.0019965467508882284 0.0070394231006503105 -0.013438267633318901
v 0.0018055005930364132 0.0070418207906186581 -0.0095766056329011917
v 0.0010058772750198841 0.0070426822640001774 -0.0088404128327965736
v 0.0019678573589771986 0.0070420727133750916 -0.008397391065955162
v 0.0033220862969756126 0.0070325038395822048 -0.00054450053721666336
v 0.0025176657363772392 0.0070265722461044788 -0.001555805909447372
v 0.0018997547449544072 0.0070180748589336872 4.0352140786126256e-05
v -0.005793706513941288 0.006973988376557827 -0.0043068164959549904
v -0.0072111380286514759 0.0070491917431354523 -0.0051118913106620312
v -0.0069185523316264153 0.0070479689165949821 -0.0037724005524069071
v -0.0024352646432816982 0.0070426645688712597 -0.011933180503547192
v -0.0012421442661434412 0.0070416755042970181 -0.012534576468169689
v -0.0023256447166204453 0.0070417840033769608 -0.013316189870238304
v -0.0018041087314486504 0.0070382952690124512 -0.018718788400292397
v -0.0015010947827249765 0.0070388275198638439 -0.017553439363837242
v -0.0003758645907510072 0.0070375148206949234 -0.018760036677122116
v -0.0014707479858770967 0.0070103085599839687 -0.0025750997010618448
v -0.0011874190531671047 0.0070336209610104561 -0.0010950029827654362
v 0.00017401296645402908 0.0070195733569562435 -0.0020598780829459429
v 0.002642154460772872 0.0069403108209371567 -0.0056162755936384201
v 0.0044576823711395264 0.0069343484938144684 -0.0058948444202542305
v 0.0035517935175448656 0.0069077778607606888 -0.0070600868202745914
v 0.0021639198530465364 0.0069041899405419827 -0.0071749738417565823
v 0.0022297343239188194 0.0070062987506389618 -0.0027174139395356178
v 0.0024268331471830606 0.0069814617745578289 -0.0038948024157434702
v 0.0011777121108025312 0.006997186690568924 -0.003183798398822546
v -0.00094658241141587496 0.0070045148022472858 0.0002913761418312788
v -0.0023946864530444145 0.0070263589732348919 -0.00012324794079177082
v 0.00025847117649391294 0.007033767644315958 -0.0005501224659383297
v 0.0036073012743145227 0.0070399143733084202 -0.011178324930369854
v 0.0025657983496785164 0.0070403357967734337 -0.011397038586437702
v -0.0012403919827193022 0.0070396238006651402 -0.01598232239484787
v -3.7373371014837176e-05 0.0070382389239966869 -0.017240602523088455
v 0.0022070996928960085 0.0070375902578234673 -0.016333267092704773
v 0.0012242752127349377 0.0070376605726778507 -0.017089564353227615
v 0.00064719613874331117 0.0070387544110417366 -0.015764128416776657
v 0.0033356912899762392 0.0070383758284151554 -0.014007233083248138
v 0.002081666374579072 0.0070385215803980827 -0.014878192916512489
v 0.0029670463409274817 0.0068814815022051334 -0.0080452626571059227
v 0.0042239339090883732 0.0070287054404616356 -0.0084661273285746574
v 0.0048710047267377377 0.0069093434140086174 -0.007187908049672842
v 0.0063327872194349766 0.0069450377486646175 -0.0063680224120616913
v 0.0017191419610753655 0.007040348369628191 -0.012130157090723515
v 0.0031550931744277477 0.0070393779315054417 -0.012483139522373676
v 0.0079489881172776222 0.0068834931589663029 -0.0026272530667483807
v 0.0079566054046154022 0.0068860314786434174 -0.0040540499612689018
v 0.0064368718303740025 0.0069917123764753342 -0.0033993555698543787
v -0.0035661105066537857 0.0069386535324156284 -0.005759386345744133
v -0.0045652920380234718 0.0069580040872097015 -0.0049728625454008579
v -0.0032788577955216169 0.0069693168625235558 -0.0044741015881299973
v -0.0037375937681645155 0.0070434813387691975 -0.0085199791938066483
v -0.0027891562785953283 0.0070445481687784195 -0.0090821534395217896
v -0.0037068859674036503 0.0070445975288748741 -0.0098152859136462212
v -0.0013403830816969275 0.0070424452424049377 -0.0113270478323102
v 0.0035845690872520208 0.0070042181760072708 -0.0027990271337330341
v 0.0039128381758928299 0.0069689606316387653 -0.0044053136371076107
v -0.0044690100476145744 0.0069899307563900948 -0.0036019282415509224
v -0.00025270003243349493 0.0069878995418548584 -0.003645455464720726
v -0.0006108343368396163 0.0069468324072659016 -0.0053862151689827442
v -0.0018158834427595139 0.0069778286851942539 -0.0040835835970938206
v -0.0025355624966323376 0.0068885833024978638 -0.0078017916530370712
v -0.002779864240437746 0.0069195069372653961 -0.0065415683202445507
v -0.0016292593209072948 0.0069162962026894093 -0.0066582118161022663
v -0.0055244415998458862 0.0070344307459890842 -0.001174435717985034
v -0.0070292646996676922 -0.0080886958166956902 -0.0022348302882164717
v 0.00014151477080304176 0.0070414715446531773 -0.011645562946796417
v 0.00058147654635831714 0.007042251992970705 -0.0099411755800247192
v -0.0012707109563052654 0.0068856142461299896 -0.0078086717985570431
v -0.0016618182417005301 0.0070439865812659264 -0.00895659439265728
v -0.0022772643715143204 0.0069454163312911987 -0.0054646232165396214
v 0.0062027787789702415 0.0069874199107289314 0.00048756279284134507
v 0.0072850617580115795 0.0070435404777526855 -0.00014418899081647396
v 0.0063201957382261753 0.0070324474945664406 -0.00088634551502764225
v 0.0014908142620697618 -0.0015995759749785066 -0.021286433562636375
v 0.0025770708452910185 -0.0025644164998084307 -0.020948436111211777
v 0.0013173359911888838 -0.0027332925237715244 -0.021320829167962074
v -0.00081052794121205807 0.007042870856821537 -0.010140182450413704
v 0.0015917910495772958 0.0070411828346550465 -0.010840092785656452
v 0.00547750573605299 0.0069619235582649708 -0.0047296537086367607
v 0.0072055612690746784 -0.00025164973339997232 -0.010508530773222446
v 0.0071319849230349064 -0.0016198506345972419 -0.011366046965122223
v -0.0034775836393237114 -0.0046879863366484642 0.0052448413334786892
v -0.0022181209642440081 -0.0049716145731508732 0.0048873899504542351
v -0.0024818002711981535 -0.0038445566315203905 0.0059359227307140827
v 0.0012982503976672888 -0.0045397989451885223 0.0053948415443301201
v 0.00028447623481042683 -0.0050265071913599968 0.0048137027770280838
v 0.0015734697226434946 -0.0053156330250203609 0.0043721343390643597
v -0.001599018694832921 0.0065798242576420307 0.0024299658834934235
v -0.003007357707247138 0.0066785011440515518 0.0021399399265646935
v -0.0025466617662459612 0.0061640799976885319 0.0033450194168835878
v -0.00044388804235495627 0.0065426025539636612 0.0025299396365880966
v 0.00051039335085079074 0.0063419132493436337 0.0029955517966300249
v 0.00045464900904335082 0.0067384419962763786 0.0019279707921668887
v -0.0059251519851386547 0.005422316025942564 0.0044558322988450527
v -0.0065204715356230736 0.0059931441210210323 0.0036574730183929205
v -0.007047498133033514 0.0053092055022716522 0.0046479511074721813
v -0.0047896681353449821 -0.0081493286415934563 -0.019592607393860817
v -0.005382064264267683 -0.0072524091228842735 -0.018893929198384285
v -0.0044648521579802036 -0.0066461022943258286 -0.019818004220724106
v -0.0014056845102459192 -0.0031503189820796251 0.0063296081498265266
v -0.0023242637980729342 -0.0026081220712512732 0.0065663047134876251
v 0.0012347355950623751 0.004770500585436821 -0.021362943574786186
v 0.0010988537687808275 0.0065023493953049183 -0.02139628492295742
v 0.0025107869878411293 0.0054914862848818302 -0.021025329828262329
v -0.0062837442383170128 -0.00241063442081213 0.0066400864161550999
v -0.006905954796820879 -0.0033265450038015842 0.00628683902323246
v 0.00683584064245224 0.0070344936102628708 -0.0048077316023409367
v 0.00013455568114295602 0.0054588764905929565 -0.02149638906121254
v -0.00071466300869360566 0.0066636092960834503 -0.021429307758808136
v 0.0085006169974803925 0.0016427203081548214 -7.98881083028391e-05
v 0.0085001476109027863 0.00079295493196696043 0.0010649581672623754
v 0.0084998505190014839 0.00019023547065444291 -0.00021664363157469779
v -0.0069767739623785019 -0.0072823665104806423 -0.013521952554583549
v -0.0068289041519165039 -0.00735489372164011 -0.015028146095573902
v -0.0073907738551497459 -0.0082119479775428772 -0.014333367347717285
v 0.0025153693277388811 -0.0079978657886385918 -0.0011211949167773128
v 0.0025554136373102665 -0.0088150203227996826 -0.002053453354164958
v 0.0035739876329898834 -0.0080807562917470932 -0.0015093566616997123
v 0.005899505689740181 -0.0083518195897340775 -0.0022104494273662567
v 0.0069589982740581036 -0.0078074070625007153 -0.0015279572689905763
v 0.0057766372337937355 -0.0077465623617172241 -0.00098676222842186689
v 0.002425523241981864 -0.0094828372821211815 -0.0033540436998009682
v 0.0040067341178655624 -0.0090363696217536926 -0.0028779285494238138
v 0.0050701810978353024 -0.0086914403364062309 -0.0025626129936426878
v 0.0047930348664522171 -0.0080798547714948654 -0.0019038417376577854
v 0.0055702491663396358 -0.0089704440906643867 -0.003425926435738802
v 0.0065245209261775017 -0.0090734893456101418 -0.0042260810732841492
v 0.0072284773923456669 -0.0083994688466191292 -0.0030794413760304451
v -0.0010483693331480026 -0.00053204590221866965 -0.021365256980061531
v -0.00089231581659987569 -0.001590856583788991 -0.021387308835983276
v -0.0022064645309001207 -0.0010133030591532588 -0.021083410829305649
v 0.0069790459237992764 0.0070314286276698112 -0.014085286296904087
v 0.0049682389944791794 0.0070371883921325207 -0.014550525695085526
v 0.0056118550710380077 0.0070378081873059273 -0.012935190461575985
v 0.008499782532453537 -8.2955957623198628e-05 -0.00461213244125247
v 0.0084987739101052284 -0.0012807428138330579 -0.0057638990692794323
v 0.0084702707827091217 0.0002740386116784066 -0.006038969848304987
v 0.008502081036567688 0.0043228399008512497 -0.0026308165397495031
v 0.0085022496059536934 0.0042837397195398808 -0.0037294698413461447
v 0.0082746529951691628 0.0055163512006402016 -0.0034349355846643448
v 0.0079962722957134247 -0.0067466818727552891 -0.0055966051295399666
v 0.0079954611137509346 -0.0082846814766526222 -0.005758100189268589
v 0.0079958681017160416 -0.0075591173954308033 -0.0070403232239186764
v -0.0079985810443758965 0.0065655773505568504 -0.0096613653004169464
v -0.0077219405211508274 0.0070196567103266716 -0.011220584623515606
v -0.0059242174029350281 0.0069023328833281994 0.0011984073789790273
v -0.007734538521617651 0.0069754114374518394 0.00092252041213214397
v -0.007216570433229208 0.0066176950931549072 0.0024232359137386084
v -0.0078507931903004646 -0.0030215282458811998 -0.0097793079912662506
v -0.0071730478666722775 -0.0026419337373226881 -0.010977241210639477
v -0.0072033791802823544 -0.0042380918748676777 -0.01064310222864151
v -0.00055682723177596927 0.0004310078511480242 -0.021426783874630928
v 0.00024885335005819798 -0.00074758171103894711 -0.021445788443088531
v 0.0058162449859082699 0.0070125870406627655 -0.0081438980996608734
v 0.0077117718756198883 0.007033980917185545 -0.0012426262255758047
v 0.0067186756059527397 0.0070418589748442173 -0.0020401275251060724
v 0.0049225538969039917 0.0069899349473416805 -0.0034818681888282299
v -0.001908597769215703 0.0070408172905445099 -0.014571329578757286
v -0.00053324294276535511 0.0070400838740170002 -0.014579395763576031
v -0.00022429719683714211 0.0070436066016554832 -0.0086225448176264763
v -0.0023463538382202387 0.0070435544475913048 -0.010357593186199665
v -0.0051134913228452206 0.0070449518971145153 -0.010471814312040806
v -0.0037132895085960627 0.0070437472313642502 -0.011250833980739117
v 0.0014669449301436543 0.0070175002329051495 -0.0021527064964175224
v -0.0059307552874088287 0.0070082060992717743 -0.0027461142744868994
v -0.0075834444724023342 0.0070468592457473278 -0.0027717112097889185
v -0.003421601839363575 0.0069506289437413216 0.00087960856035351753
v -0.0066018206998705864 0.0070350980386137962 -0.00018592341803014278
v -0.0053556337952613831 0.007020262535661459 2.4059065253823064e-05
v 0.001053262036293745 0.0069635477848351002 -0.0046548563987016678
v -0.0057270466350018978 0.0070460578426718712 -0.0091586662456393242
v -0.004624207504093647 0.0070454366505146027 -0.0092214522883296013
v -0.0036565528716892004 0.0070428084582090378 -0.012778794392943382
v -0.00020693872647825629 0.0070406929589807987 -0.013265612535178661
v -0.0069825840182602406 0.0070511670783162117 -0.0015342386905103922
v -0.0080853579565882683 0.0066332146525382996 -0.0017856275662779808
v -0.0080572627484798431 0.0068481406196951866 -0.00060123787261545658
v -0.0030044675804674625 0.0070010777562856674 -0.0030565739143639803
v 0.00085960718570277095 0.0070365089923143387 -0.019350361078977585
v 0.00015436402463819832 0.0070363660342991352 -0.020219048485159874
v -0.00052170350681990385 -0.005886388011276722 -0.021422658115625381
v -0.0014317837776616216 -0.0066543263383209705 -0.021288078278303146
v -0.0020021107047796249 -0.0053343242034316063 -0.021142741665244102
v -0.0012512666871771216 0.0070410082116723061 -0.013664893805980682
v 0.0012589172692969441 0.0070308852009475231 -0.0012543516932055354
v -0.0085015622898936272 -0.0023317993618547916 0.0040381825529038906
v -0.0085019692778587341 -0.0031455259304493666 0.0026799289043992758
v -0.0085024256259202957 -0.0039687491953372955 0.0038469294086098671
v -0.0034443060867488384 0.0070417528040707111 -0.014365359209477901
v 0.00092505669454112649 0.0068909935653209686 -0.0077182627283036709
v 0.0009715315536595881 0.0069253016263246536 -0.0062555707991123199
v -0.0049228677526116371 0.0069223097525537014 -0.0081551633775234222
v -0.005358006339520216 0.0069264932535588741 -0.0069356034509837627
v -0.0067796371877193451 0.0070409155450761318 -0.0066406251862645149
v -0.0057124202139675617 0.0069439648650586605 -0.0056713470257818699
v -0.0081427274271845818 -0.0023855497129261494 -0.0063913208432495594
v -0.0080016348510980606 -0.0028553938027471304 -0.0075967451557517052
v -0.0080019980669021606 -0.0035945249255746603 -0.0064785918220877647
v -0.00096020440105348825 0.0051740868948400021 -0.021425293758511543
v -5.0886763347079977e-05 0.0041918936185538769 -0.021455047652125359
v -0.0013976146001368761 0.0039538014680147171 -0.021304190158843994
v -0.0082885827869176865 -0.0064440211281180382 -0.0012495669070631266
v -0.0079316431656479836 -0.0070576183497905731 0.00012841600982937962
v -0.0085031958296895027 -0.0055508851073682308 4.4771422835765406e-05
v -0.0083586713299155235 -0.0015759310917928815 0.0061896638944745064
v -0.0085004447028040886 -0.0022336011752486229 0.0054186182096600533
v -0.0078926561400294304 -0.0028287533205002546 0.00647376524284482
v -0.008184594102203846 -0.0042484034784138203 -0.0052489661611616611
v -0.00800311379134655 -0.0055746207945048809 -0.0053066899999976158
v -0.0083453124389052391 -0.0050572673790156841 -0.0039941477589309216
v -0.0060433498583734035 0.0070423618890345097 -0.015588927082717419
v -0.0068048234097659588 0.0060985027812421322 -0.016186052933335304
v -0.0083076637238264084 -0.00037865267950110137 0.0064668627455830574
v -0.0080649442970752716 0.0011323397047817707 0.0068140896037220955
v -0.008499964140355587 0.00073138787411153316 0.0053789112716913223
v 0.0084248604252934456 -0.0039173201657831669 0.0048866108991205692
v -0.0079995915293693542 0.00097986578475683928 -0.0083053335547447205
v -0.0080449385568499565 0.0011342124780640006 -0.0069071175530552864
v -0.0079988632351160049 0.0023716040886938572 -0.0078011024743318558
v -0.0074662389233708382 0.0036362605169415474 -0.0099840248003602028
v -0.0079519264400005341 0.0023698739241808653 -0.0095774345099925995
v -0.0079980399459600449 0.0038992033805698156 -0.0086228717118501663
v -0.0025063299108296633 0.0032379443291574717 0.0062354831025004387
v -0.0028753273654729128 0.0040829954668879509 0.0057089142501354218
v -0.0037048936355859041 0.0035420383792370558 0.0060651148669421673
v 0.0071747140027582645 -0.0059554325416684151 0.0039140041917562485
v 0.0073764882981777191 -0.006508268415927887 0.002906088950112462
v 0.0082571720704436302 -0.0057191513478755951 0.0033252397552132607
v 0.0084717823192477226 0.0017839173087850213 0.0057809310965240002
v 0.00814860500395298 0.00082185509381815791 0.0067304698750376701
v 0.0084997843950986862 0.0002504318836145103 0.005315655842423439
v 0.0050243339501321316 -0.00051954190712422132 0.007023978978395462
v 0.0037345141172409058 -5.2446401241468266e-05 0.0070391865447163582
v 0.0039672437123954296 -0.0016423290362581611 0.0068638217635452747
v -0.0080037275329232216 -0.0066914083436131477 -0.0040647680871188641
v -0.0080037359148263931 -0.0072115976363420486 -0.0024029833730310202
v -0.0083508370444178581 -0.005850308109074831 -0.0026698082219809294
v 0.007136685773730278 -0.002885621739551425 -0.011318718083202839
v 0.0070210346020758152 -0.0021671017166227102 -0.012664454989135265
v 0.0085029434412717819 0.0057710250839591026 0.0011090204352512956
v 0.0085028801113367081 0.0053440602496266365 0.0024522817693650723
v 0.0082771759480237961 -0.0042671561241149902 -0.0049846218898892403
v 0.0084978798404335976 -0.0036426696460694075 -0.0035465271212160587
v 0.0084260012954473495 -0.0053359479643404484 -0.0032908676657825708
v 0.0079966718330979347 -0.0056129232980310917 -0.0048126992769539356
v 0.0079970220103859901 -0.0053466442041099072 -0.0061316266655921936
v -0.0082646440714597702 0.0045405454002320766 -0.0046837511472404003
v -0.0081808706745505333 0.0035528810694813728 -0.0056777549907565117
v -0.0084984945133328438 0.0031869029626250267 -0.0042457426898181438
v -0.0079974569380283356 0.0050460705533623695 -0.0072543625719845295
v -0.007998242974281311 0.0035682618618011475 -0.0070286444388329983
v -0.0079978825524449348 0.0042686201632022858 -0.0064556091092526913
v 0.0084970612078905106 -0.0049905856139957905 0.0024242347571998835
v 0.0082827871665358543 -0.0062475455924868584 0.0020087156444787979
v 0.0084991222247481346 -0.0013166384305804968 -0.0041880598291754723
v 0.0084996297955513 -0.00032825017115101218 -0.0032624851446598768
v 0.00849897600710392 -0.0015500463778153062 -0.002904130844399333
v 0.0084986165165901184 -0.0021061755251139402 0.0007950669969432056
v 0.0084979003295302391 -0.0034571089781820774 0.00086882297182455659
v 0.0084982262924313545 -0.002884209156036377 -0.00040292320773005486
v 0.0084976889193058014 -0.0038153494242578745 0.0021126247011125088
v 0.0084971264004707336 -0.0049074492417275906 0.0011480359826236963
v 0.0049971006810665131 0.0023600999265909195 0.0066203423775732517
v 0.0058505246415734291 0.0015880995197221637 0.0068461839109659195
v 0.0065326280891895294 0.0027217858005315065 0.0064820349216461182
v 0.0084974588826298714 -0.0043245647102594376 -0.00019902313943020999
v 0.0084976851940155029 -0.003955137450248003 -0.0018566171638667583
v 0.0084986463189125061 -0.0021325950510799885 -0.0016738738631829619
v 0.0084983408451080322 -0.0027453547809273005 -0.0027532430831342936
v -0.0085002202540636063 9.1610447270795703e-05 0.0007024644291959703
v -0.0084995431825518608 0.0013920495985075831 0.001311048399657011
v -0.0084995785728096962 0.0012773951748386025 -0.00011060244287364185
v -0.0078462967649102211 -0.0093115502968430519 -0.0060427398420870304
v -0.0080043422058224678 -0.0079354513436555862 -0.0065415818244218826
v -0.0080047948285937309 -0.0088564883917570114 -0.0073330160230398178
v -0.0062784799374639988 -0.0010087988339364529 0.0069801597855985165
v -0.0048935231752693653 -0.0011920700781047344 0.0069510014727711678
v -0.0057443156838417053 0.00013443893112707883 0.0070402780547738075
v 0.0080011561512947083 0.0024819453246891499 -0.0071520600467920303
v 0.0083542997017502785 0.0014613457024097443 -0.0062000812031328678
v 0.0079998066648840904 0.00091360980877652764 -0.007320112083107233
v 0.0081009929999709129 -0.0051782475784420967 0.0045510297641158104
v 0.0045224265195429325 -0.0076664639636874199 -0.00056924961972981691
v 0.0071027255617082119 -6.6391221480444074e-05 0.0070809726603329182
v 0.0061223320662975311 -0.00074956670869141817 0.0070049990899860859
v 0.0070288698188960552 -0.0015578737948089838 0.0069081811234354973
v 0.00083571317372843623 -0.0061881262809038162 -0.021393299102783203
v -0.00012060573499184102 -0.0073419585824012756 -0.021449480205774307
v -0.0084980828687548637 0.0040891421958804131 -0.00047635246301069856
v -0.0084973890334367752 0.0055243093520402908 -0.0012225662358105183
v -0.0084980204701423645 0.0041567962616682053 -0.0019829017110168934
v 0.00029820791678503156 -0.0081055788323283195 -0.0011934534413740039
v -0.0012293363688513637 -0.0075196507386863232 -4.1641946154413745e-05
v -0.0012245444813743234 -0.0085021685808897018 -0.0016810548258945346
v -0.0077513060532510281 -0.0074334302917122841 -0.012964350171387196
v -0.0078060314990580082 -0.0084569621831178665 -0.013009564019739628
v -0.0078239385038614273 -0.007417019922286272 -0.012662012130022049
v -0.0085019608959555626 -0.0033484955783933401 -0.0038593639619648457
v 0.0080025307834148407 0.0050243991427123547 -0.0070937043055891991
v 0.0080019040033221245 0.0038270680233836174 -0.0075107594020664692
v 0.0080023473128676414 0.0046322946436703205 -0.0084261372685432434
v 0.0076826014555990696 -0.0083156591281294823 -0.013374504633247852
v 0.0072005856782197952 -0.0073608416132628918 -0.012539204210042953
v 0.0068005137145519257 0.0048137595877051353 -0.014933512546122074
v -0.0049682720564305782 0.0070429896004498005 -0.013642624951899052
v -0.0068067689426243305 0.0070442664436995983 -0.013131647370755672
v -0.0050959894433617592 0.0070439516566693783 -0.012138138525187969
v -0.0013089202111586928 -0.0009017471456900239 0.0069931875914335251
v -0.00043654150795191526 -0.0014708881499245763 0.0069011189043521881
v -0.00019503326620906591 -0.00026797808823175728 0.0070381909608840942
v -0.0062658633105456829 0.00066575099481269717 -0.017461454495787621
v -0.0065324017778038979 0.0014538450632244349 -0.016567785292863846
v -0.0061746169812977314 0.0022215063218027353 -0.01766207255423069
v -0.0079972166568040848 0.0054531996138393879 -0.0086651444435119629
v -0.0079970769584178925 0.0058403615839779377 -0.0049583651125431061
v -0.007997545413672924 0.0049292254261672497 -0.00587109150364995
v -0.0066395318135619164 -0.006023928988724947 -0.016053874045610428
v -0.0068314694799482822 -0.005861546378582716 -0.014636477455496788
v -0.0067173168063163757 0.0013768640346825123 -0.015527039766311646
v -0.0066226990893483162 0.00033697410253807902 -0.01612766832113266
v -0.0066870241425931454 0.0041171172633767128 -0.015759261325001717
v -0.0063259280286729336 0.0039950846694409847 -0.017285116016864777
v -0.0084980493411421776 0.0042530260980129242 0.0025220478419214487
v -0.0084980567917227745 0.0041887983679771423 0.0010338338324800134
v -0.0084987832233309746 0.0028442209586501122 0.0018598552560433745
v -0.0016638112720102072 -0.0095584476366639137 -0.01640469953417778
v -0.0018294340698048472 -0.0095577016472816467 -0.015297648496925831
v 0.00021736293274443597 -0.0095611615106463432 -0.019292997196316719
v -0.00082627072697505355 -0.0095612239092588425 -0.020327584818005562
v 0.0005411216989159584 -0.0095621384680271149 -0.020610379055142403
v -0.0041359299793839455 -0.0095534035935997963 -0.010122872889041901
v -0.0055335587821900845 -0.0095526194199919701 -0.010048693045973778
v -0.0049180197529494762 -0.0095535796135663986 -0.011116093955934048
v -0.0026869443245232105 -0.0095566418021917343 -0.014279849827289581
v -0.0028754922095686197 -0.0095574948936700821 -0.015881406143307686
v -0.0026730317622423172 -0.0095584169030189514 -0.017250662669539452
v -0.0028150659054517746 -0.0095556993037462234 -0.012807659804821014
v -0.0036520257126539946 -0.0095545640215277672 -0.011644277721643448
v -0.0040377085097134113 -0.0095553714781999588 -0.013344882056117058
v -0.0014112782664597034 -0.0095593295991420746 -0.017661316320300102
v -0.00045513568329624832 -0.0095592867583036423 -0.016738539561629295
v -0.0035236496478319168 -0.0095530804246664047 -0.0090353600680828094
v -0.0047369110397994518 -0.0095523186028003693 -0.0088346488773822784
v -0.0084989164024591446 0.0024904138408601284 -0.0012283906107768416
v -0.0084986872971057892 0.0028701431583613157 -0.0028220405802130699
v -0.0084994584321975708 0.0014297195011749864 -0.0023430692963302135
v -0.0084992609918117523 0.0017558359540998936 -0.0037315620575100183
v -0.0013572341995313764 -0.0095532462000846863 -0.0073853773064911366
v -0.0024942429736256599 -0.0095532247796654701 -0.008361542597413063
v -0.0011348926927894354 -0.0095543209463357925 -0.0089942580088973045
v -0.0027065505273640156 -0.0095522450283169746 -0.006902103777974844
v 0.0075133373029530048 0.0061336308717727661 0.0034627343993633986
v 0.0077931652776896954 0.0020912487525492907 0.0067172250710427761
v -0.0016769844805821776 -0.0095521043986082077 -0.0057494216598570347
v -0.0016439048340544105 -0.0095564713701605797 -0.013062541373074055
v -0.00034323023282922804 -0.0095572676509618759 -0.013244851492345333
v -0.00076076883124187589 -0.0095562981441617012 -0.011985872872173786
v -0.0084988344460725784 0.002696723910048604 0.00038242409937083721
v 0.0080027841031551361 0.0054240366443991661 -0.0094422725960612297
v 0.0079637588933110237 0.0043287770822644234 -0.0095351627096533775
v 0.0079649761319160461 0.0048999213613569736 -0.01080816425383091
v 0.0011363907251507044 -0.0091628022491931915 -0.0024875183589756489
v 0.0013253672514110804 -0.0095525793731212616 -0.0038753701373934746
v -0.0081393355503678322 0.0023206155747175217 -0.0063790096901357174
v 0.0080030523240566254 0.0059750066138803959 -0.0081234443932771683
v 0.0063555440865457058 -0.0095106791704893112 -0.016852272674441338
v 0.0063953702338039875 -0.0081560043618083 -0.01728537492454052
v 0.0067937271669507027 -0.0082167014479637146 -0.016209244728088379
v 0.0063107088208198547 0.0050171888433396816 -0.017461026087403297
v 0.0065928506664931774 0.0042962701991200447 -0.01633387990295887
v -0.0063643916510045528 -0.0050507038831710815 -0.017217297106981277
v -0.0056495522148907185 -0.0058272439055144787 -0.018547374755144119
v -0.0063497177325189114 -0.0062900139018893242 -0.017254477366805077
v -0.0017495926003903151 -0.0091986134648323059 -0.021260222420096397
v -0.0023841008078306913 -0.0095602339133620262 -0.020049035549163818
v -0.0028104868251830339 -0.0084901545196771622 -0.020884396508336067
v -0.00044407567474991083 -0.0088836215436458588 -0.021472733467817307
v -0.0015872574876993895 -0.0078928638249635696 -0.021296817809343338
v -0.0038518339861184359 0.0049389186315238476 -0.020325690507888794
v -0.0037529303226619959 0.0064368485473096371 -0.020388476550579071
v -0.0017635198310017586 0.0058401245623826981 -0.021254593506455421
v -0.0019509394187480211 0.0049182157963514328 -0.021199287846684456
v 0.0084989406168460846 -0.0013430557446554303 0.0053446786478161812
v 0.008498653769493103 -0.0019226634176447988 0.0042082383297383785
v 0.0084992824122309685 -0.0007298182463273406 0.004358422476798296
v 0.0085004409775137901 0.0013918140903115273 0.0023731645196676254
v 0.0085012372583150864 0.0028994055464863777 0.0024924252647906542
v 0.0085007715970277786 0.0020584426820278168 0.0036122191231697798
v 0.0079954434186220169 -0.0085210725665092468 -0.011854900978505611
v 0.0068809459917247295 -0.0095608308911323547 -0.012804278172552586
v 0.0080029862001538277 0.0058724107220768929 -0.0046719158999621868
v 0.0081961201503872871 0.0047379876486957073 -0.0046826703473925591
v 0.0068264543078839779 0.0043470980599522591 0.0055627371184527874
v 0.0076322788372635841 0.0052793105132877827 0.0046666152775287628
v 0.0062722107395529747 0.0054515949450433254 0.0044008246622979641
v 0.0080622760578989983 0.0031659682281315327 0.0060724322684109211
v 0.006952452939003706 -0.0010991428280249238 -0.013389967381954193
v 0.0068791401572525501 -0.0019578840583562851 -0.014113800600171089
v 0.0069043361581861973 -0.0089417491108179092 -0.015855018049478531
v 0.0066571282222867012 -0.0060504861176013947 -0.015920672565698624
v 0.0067662023939192295 -0.0051140966825187206 -0.015088604763150215
v 0.0068629272282123566 -0.0063295229338109493 -0.014350539073348045
v 0.0067264162935316563 -0.0017232961254194379 -0.015418431721627712
v 0.0068384571932256222 -0.00076415261719375849 -0.014503868296742439
v 0.0062877950258553028 0.0065856869332492352 -0.017518697306513786
v 0.0055554592981934547 0.0065666451118886471 -0.018744911998510361
v 0.0048250318504869938 0.0070353597402572632 -0.017753006890416145
v 0.0067777074873447418 -0.0038942231331020594 -0.015008855611085892
v 0.0067936209961771965 -0.0027560999151319265 -0.014894202351570129
v 0.0069119306281208992 -0.0032018066849559546 -0.0137977609410882
v 0.0072348983958363533 -0.0094899926334619522 -0.014187801629304886
v 0.0072007430717349052 -0.0083484956994652748 -0.014911050908267498
v 0.0066857594065368176 -0.0095454845577478409 -0.015324812382459641
v 0.006544080562889576 -0.0045565050095319748 -0.016514379531145096
v 0.0066238511353731155 -0.0029607173055410385 -0.016105838119983673
v 0.007161417044699192 0.0026842334773391485 -0.011119529604911804
v 0.0070583014748990536 0.0019980198703706264 -0.012214279733598232
v -0.0073315626941621304 -0.0002841089153662324 -0.0099927736446261406
v -0.0079862410202622414 0.00079972000094130635 -0.0094872741028666496
v -0.0072430288419127464 0.0015479413559660316 -0.010077488608658314
v -0.0071080406196415424 -0.0049584438093006611 -0.011796735227108002
v -0.0070882919244468212 -0.0037218092475086451 -0.011964666657149792
v -0.0070123514160513878 -0.0047432761639356613 -0.012825428508222103
v -0.008000408299267292 -0.00057932449271902442 -0.0087968939915299416
v -0.0070484355092048645 -0.0023570286575704813 -0.012380814179778099
v -0.007246208842843771 0.0027019218541681767 -0.010035957209765911
v -0.0072420877404510975 0.0022956011816859245 -0.010107538662850857
v -0.0071272263303399086 -0.00099079625215381384 -0.011465677060186863
v -0.0076397820375859737 -0.0016023768112063408 -0.0099397851154208183
v -0.0071811801753938198 0.002160743111744523 -0.011009677313268185
v -0.0072087771259248257 0.0033362102694809437 -0.010990261100232601
v -0.008001239039003849 -0.0021460223942995071 -0.008728749118745327
v -0.0085029881447553635 -0.0051087928004562855 0.0014803512021899223
v -0.0085026947781443596 -0.0045184819027781487 0.0026276696007698774
v -0.008502311073243618 -0.0038296179845929146 0.0015422003343701363
v -0.008500121533870697 0.00038448759005405009 0.0038743980694562197
v -0.0084993364289402962 0.0018794193165376782 0.0042696879245340824
v -0.0084994742646813393 0.0015708981081843376 0.0027981745079159737
v 0.0056383358314633369 -0.0095445541664958 -0.004802703857421875
v 0.0043836710974574089 -0.0095552941784262657 -0.0057181534357368946
v 0.0076194801367819309 0.0048398319631814957 -0.011039824225008488
v 0.0079581337049603462 0.0049416497349739075 -0.011206389404833317
v 0.0080008292570710182 0.0017544704023748636 -0.0087598320096731186
v 0.0080016059800982475 0.0032162249553948641 -0.0089795123785734177
v 0.0071739088743925095 -0.0054486007429659367 -0.011028436943888664
v 0.0070402487181127071 -0.0063221687451004982 -0.012566812336444855
v 0.007065861951559782 -0.0048580523580312729 -0.012174353003501892
v 0.0073183681815862656 -0.0073324660770595074 -0.011280008591711521
v 0.0074121099896728992 -0.0061799194663763046 -0.010021788068115711
v 0.0072445007972419262 -0.0043815621174871922 -0.010024074465036392
v 0.0072700763121247292 -0.0049407775513827801 -0.0099823726341128349
v 0.0071679833345115185 0.0014977612299844623 -0.010967695154249668
v 0.0072582662105560303 0.0014472396578639746 -0.0099864602088928223
v 0.0079982215538620949 -0.0026410340797156096 -0.009219050407409668
v 0.0079978406429290771 -0.0038874559104442596 -0.0087300455197691917
v 0.0072387820109724998 -0.0036737816408276558 -0.010102448053658009
v 0.0079999677836894989 0.00012709297880064696 -0.0087653370574116707
v 0.0079996213316917419 -0.0013354294933378696 -0.0091155301779508591
v 0.007258209865540266 -0.0020686239004135132 -0.010185318067669868
v 0.0013292388757690787 -0.007369013037532568 -0.021323060616850853
v 0.0010033185826614499 -0.0085855070501565933 -0.021400827914476395
v -0.0079945866018533707 0.0065918485634028912 -0.0039195581339299679
v 0.006236526183784008 -0.0060988729819655418 0.0029510094318538904
v 0.0067333853803575039 -0.0068922536447644234 0.0016235894290730357
v -0.0063263373449444771 0.0035441778600215912 0.0060627534985542297
v -0.0071409703232347965 0.0044966051355004311 0.0054441457614302635
v -0.0079661402851343155 0.0036884332075715065 0.0059197000227868557
v 0.0084968656301498413 -0.0054381564259529114 6.6390311985742301e-05
v 0.0084969466552138329 -0.0053199236281216145 -0.0010154109913855791
v 0.0069097359664738178 0.0013160232920199633 0.0069496920332312584
v 0.0039173653349280357 0.0032333284616470337 0.0062355990521609783
v 0.0035383549984544516 0.0016540741780772805 0.0068314964883029461
v 0.0083308164030313492 0.0063838642090559006 -0.00016480599879287183
v 0.0060022571124136448 -0.0046045556664466858 0.0053240321576595306
v 0.0060752453282475471 -0.0054770777933299541 0.0041228444315493107
v 0.0069549316540360451 -0.0052676573395729065 0.0047891251742839813
v -0.0065832869149744511 -0.0073145655915141106 -0.016489621251821518
v -0.0065216328948736191 -0.0087524326518177986 -0.017038788646459579
v -0.0069591389037668705 -0.0082367230206727982 -0.015709685161709785
v -0.0063907904550433159 -0.00089680054225027561 -0.017123959958553314
v -0.0066953320056200027 -0.00083613093011081219 -0.015652472153306007
v -0.0080044707283377647 -0.0081345625221729279 -0.0050119520165026188
v -0.0068707768805325031 -0.0090983929112553596 -0.0045396103523671627
v 0.0073592443950474262 0.0024416707456111908 -0.0099851451814174652
v -0.0061352020129561424 -0.0078420797362923622 -0.001228962792083621
v -0.0078712524846196175 -0.0083124926313757896 -0.0034296414814889431
v 0.0071540502831339836 -0.0041457912884652615 -0.011183793656527996
v 0.0080030467361211777 0.0058843828737735748 -0.010539928451180458
v 0.0080027300864458084 0.0054463166743516922 -0.0057727866806089878
v 0.0080169029533863068 0.0038971714675426483 -0.006003865972161293
v 0.0080030942335724831 0.005934068001806736 -0.011740566231310368
v 0.0071040689945220947 0.0070373667404055595 -0.012348870746791363
v 0.0071852589026093483 0.0070382943376898766 -0.010691879317164421
v -0.0079560084268450737 0.0059314980171620846 -0.012483243830502033
v -0.0073306779377162457 0.0070449328050017357 -0.012142804451286793
v 0.0067394152283668518 0.0010352820390835404 -0.015337279997766018
v 0.0065130344592034817 0.0014227429637685418 -0.016667086631059647
v 0.006557883694767952 0.0029805772937834263 -0.016474774107336998
v 0.0067309420555830002 0.0036742228548973799 -0.015428466722369194
v 0.0043228124268352985 0.0070383357815444469 -0.013195568695664406
v -0.00730893574655056 -0.0066491463221609592 0.0025240045506507158
v -0.0069224098697304726 -0.0069992253556847572 0.0013086720136925578
v -0.0059265922755002975 -0.0063231233507394791 0.0024600597098469734
v -0.0012731308816000819 -0.0021005701273679733 0.0067436019890010357
v -0.0085029033944010735 -0.0050496114417910576 -0.0015346892178058624
v -0.0010052148718386889 -0.0054052998311817646 0.0042142570018768311
v 0.00037241203244775534 -0.0060084243305027485 0.0031065747607499361
v 0.0075067211873829365 -0.0044832122512161732 0.0055388724431395531
v -0.0080036288127303123 -0.0042366348206996918 -0.0093432385474443436
v -0.0080028241500258446 -0.0051412200555205345 -0.008721902035176754
v -0.0080023454502224922 -0.0042045628651976585 -0.007829609327018261
v -0.0080018443986773491 -0.0032874878961592913 -0.0086573809385299683
v -0.0035918443463742733 -0.0092888344079256058 -0.0032704768236726522
v -0.0041582821868360043 -0.0095502855256199837 -0.0049006720073521137
v -0.0022578255739063025 -0.0095142368227243423 -0.0034243359696120024
v 0.0067534726113080978 0.0070394459180533886 -0.0091647813096642494
v 0.0072924909181892872 0.0070398952811956406 -0.0079171378165483475
v -0.0058343405835330486 -0.0015661652432754636 -0.018266921862959862
v -0.0052238353528082371 -0.001441673724912107 -0.019079314544796944
v 0.0036842571571469307 0.0046050818637013435 -0.020394761115312576
v 0.0024505406618118286 0.0039175595156848431 -0.02100662887096405
v 0.0084891906008124352 0.0024794838391244411 -0.0055147972889244556
v -0.0080274157226085663 -0.0050807502120733261 0.0048544490709900856
v -0.0066835940815508366 -0.0055247554555535316 0.00431024469435215
v -0.0024181106127798557 -0.0089801549911499023 -0.0023196451365947723
v -0.0025378374848514795 -0.0079940855503082275 -0.0011131532955914736
v -0.0036321834195405245 -0.0084606856107711792 -0.0019803030882030725
v -0.0026719092857092619 -0.0095508629456162453 -0.0045489813201129436
v 0.0085004810243844986 0.0012228438863530755 -0.0049844211898744106
v 0.00849904865026474 -0.0013292873045429587 -0.00038417108589783311
v 0.0084995990619063377 -0.00033614144194871187 -0.0017836291808634996
v -0.0069514955393970013 -0.0057072979398071766 -0.013497035019099712
v -0.0070523065514862537 -0.0061717815697193146 -0.012468032538890839
v 0.0084999818354845047 0.00035664648748934269 -0.0026677099522203207
v 0.0085003664717078209 0.0010992800816893578 -0.0021877638064324856
v 0.0085009671747684479 0.0022128846030682325 -0.0027877592947334051
v 0.008501024916768074 0.0022793058305978775 -0.0040983259677886963
v 0.0085015567019581795 0.0033077655825763941 -0.0033364393748342991
v 0.0085003199055790901 0.0009673014865256846 -0.0034978764597326517
v -0.00086765264859423041 0.0059658237732946873 0.0036858648527413607
v 0.00059885636437684298 0.0058245924301445484 0.0039022525306791067
v -0.0056110839359462261 0.0048570185899734497 -0.018632370978593826
v -0.0029655564576387405 0.0070384936407208443 -0.019418781623244286
v 0.0084974570199847221 -0.0042062960565090179 0.0034986825194209814
v -0.0065158423967659473 -0.007237595971673727 -4.882682696916163e-05
v -0.0055131465196609497 -0.0069877663627266884 0.0010240512201562524
v 0.0016286511672660708 -0.0082414224743843079 -0.0014988613547757268
v 0.0058420994319021702 -0.0095610367134213448 -0.014075219631195068
v 0.0035245504695922136 -0.009560905396938324 -0.015918346121907234
v 0.0028480368200689554 -0.0095597710460424423 -0.014613100327551365
v 0.0016974344616755843 -0.0095597328618168831 -0.015572596341371536
v 0.00033397373044863343 -0.0095591889694333076 -0.015873061493039131
v 0.00083399191498756409 -0.0095600811764597893 -0.01692807674407959
v 0.0042197550646960735 -0.0095603121444582939 -0.014301862567663193
v -0.004373516421765089 -0.0018126781797036529 -0.019893623888492584
v 0.00799546018242836 -0.0083739114925265312 -0.0083979219198226929
v 0.0079954052343964577 -0.0077116349712014198 -0.0097076809033751488
v 0.0079963738098740578 -0.0066496459767222404 -0.0084619298577308655
v 0.0043339985422790051 -0.0066649811342358589 -0.019921561703085899
v 0.0049261488020420074 -0.0053503136150538921 -0.019395316019654274
v 0.0052074394188821316 -0.0066101560369133949 -0.019091175869107246
v 0.008503432385623455 0.0056259776465594769 -0.0016779459547251463
v 0.008501850999891758 0.0039314832538366318 -0.0013602590188384056
v -0.0075962929986417294 0.0054431394673883915 -0.01366131380200386
v 0.007996109314262867 -0.0069706393405795097 -0.0030301332008093596
v 0.0079964008182287216 -0.0064571951515972614 -0.004197459202259779
v -0.0047096330672502518 -0.0095576271414756775 -0.01773625984787941
v -0.0056907753460109234 -0.0095378812402486801 -0.01796688511967659
v -0.0048254947178065777 -0.0095423012971878052 -0.019008908420801163
v 0.0064987889491021633 -0.0071308920159935951 -0.016732700169086456
v 0.0062979008071124554 -0.005945378914475441 -0.017356770113110542
v -0.0047232871875166893 -0.0053099966607987881 -0.019591633230447769
v -0.0004592898185364902 -0.0095523446798324585 -0.0050689894706010818
v -0.0050457254983484745 -0.0095504121854901314 -0.0059042745269834995
v -0.0039889044128358364 -0.0095512755215167999 -0.0064138700254261494
v 0.0085015119984745979 0.0034589886199682951 0.0037145167589187622
v 0.0085018808022141457 0.0041245520114898682 0.0027448285836726427
v 0.0084566902369260788 0.0048536034300923347 0.0037232637405395508
v 0.0054947603493928909 -0.0020897311624139547 0.0067461710423231125
v 0.0068273181095719337 -0.0032405320089310408 0.0063122608698904514
v 0.0057642846368253231 0.0070386165753006935 -0.01144045777618885
v 0.0046706302091479301 0.0070395306684076786 -0.010877059772610664
v 0.005478778388351202 0.0070397350937128067 -0.0098137175664305687
v 0.0084986677393317223 -0.002196811605244875 -0.0048183556646108627
v 0.0084985271096229553 -0.0024273893795907497 -0.0037986657116562128
v -0.0060186423361301422 0.0070430687628686428 -0.014444626867771149
v 0.0079744905233383179 0.0067613879218697548 -0.0093193342909216881
v 0.0070393141359090805 -0.0036654483992606401 -0.012460070662200451
v 0.0058697927743196487 -0.0087203700095415115 -0.018261635676026344
v -0.0070710764266550541 0.0048069399781525135 -0.012680599465966225
v -0.0070072733797132969 0.004785983357578516 -0.013181368820369244
v -0.0085011981427669525 -0.0016942148795351386 0.0025416880380362272
v -0.0084071429446339607 -0.0052063288167119026 0.003570016473531723
v -0.0083647118881344795 -0.0058407783508300781 0.0026122839190065861
v 0.0015574884600937366 0.0053105480037629604 0.0045782285742461681
v 0.0017059098463505507 0.0060993754304945469 0.0034559429623186588
v -0.0084734903648495674 0.0056950598955154419 0.0018005825113505125
v 0.0059165903367102146 -0.00719844875857234 -0.01812400110065937
v 0.0057014948688447475 -0.0059756306000053883 -0.018461829051375389
v 0.0048224302008748055 -0.0065390435047447681 0.002023323206230998
v 0.0055221160873770714 -0.0072359326295554638 0.0004290347860660404
v 0.0049375938251614571 -0.0052792085334658623 0.0044487295672297478
v 0.0045005218125879765 -0.0044532250612974167 0.0054740807972848415
v 0.0038220235146582127 -0.0051636984571814537 0.0046220174990594387
v -0.0035834470763802528 0.005544222891330719 0.0042984294705092907
v -0.0021798992529511452 0.0055485684424638748 0.0042891409248113632
v 0.0023464818950742483 0.00036779631045646966 0.0070302076637744904
v 0.002660318510606885 -0.001166248694062233 0.006956084631383419
v 0.0085004530847072601 0.0035017060581594706 -0.0045646675862371922
v -0.0013311179354786873 0.0050206826999783516 0.0049003530293703079
v -0.0018413884099572897 0.0041132778860628605 0.0056873555295169353
v -0.00055076106218621135 0.0041792187839746475 0.0056380284950137138
v 0.0085002975538372993 0.0010051632998511195 -0.0011230665259063244
v 0.008498278446495533 -0.0027139326557517052 0.0017528771422803402
v -0.0084990467876195908 0.0021144100464880466 -0.0051082046702504158
v -0.0084998449310660362 0.00062161317327991128 -0.0046796542592346668
v 0.0080017270520329475 0.006418971810489893 -0.00681706378236413
v -0.0084999799728393555 0.00041522749233990908 -0.0031964909285306931
v -0.008500157855451107 0.00012427804176695645 -0.001864553545601666
v 0.0085010146722197533 0.0023501687683165073 -0.0014021298848092556
v 0.008501444011926651 0.0032047524582594633 -7.1737813414074481e-05
v 0.00023523345589637756 0.0030239098705351353 0.0063424026593565941
v 0.00083117629401385784 0.0043536094017326832 0.0055009829811751842
v 0.0085014980286359787 0.0032318504527211189 -0.0022921396885067225
v -0.0019010463729500771 -0.0023485459387302399 -0.021174285560846329
v 0.0082393931224942207 -0.0007146713905967772 0.0065786084160208702
v -0.0084979124367237091 0.0043135653249919415 -0.0034045025240629911
v -0.0048329448327422142 0.0027291481383144855 0.0064791790209710598
v -0.0033809200394898653 0.0023539764806628227 0.0066262860782444477
v -0.0079969735816121101 0.006350216455757618 -0.0062294350937008858
v -0.0052917236462235451 0.0014049932360649109 0.0068950178101658821
v -0.0044582365080714226 0.00038625771412625909 0.0070308479480445385
v 0.0048528546467423439 0.00094071694184094667 0.0069741876795887947
v 0.0041419663466513157 -0.0031984732486307621 0.0063057439401745796
v 0.0027895362582057714 -0.0044308430515229702 0.0054941307753324509
v 0.0016206346917897463 0.0066047962754964828 0.0023514048662036657
v 0.0017263705376535654 -0.0049350815825164318 -0.021227950230240822
v 0.0003349037142470479 -0.0050926124677062035 -0.021437862887978554
v 0.0014555895468220115 -0.0034813787788152695 0.0061539388261735439
v -9.7526080935494974e-06 -0.0027769589796662331 0.006498842965811491
v 0.00041666359174996614 -0.0040809824131429195 0.0057704192586243153
v 0.0013491606805473566 0.0070357322692871094 -0.02022162452340126
v 0.0024882862344384193 0.0070090158842504025 -0.020721184089779854
v 0.0034865722991526127 0.0070374077185988426 -0.015500789508223534
v 0.0047671576030552387 0.007036284077912569 -0.016249816864728928
v 0.0034952170681208372 0.0070364968851208687 -0.017024992033839226
v -0.0085025876760482788 -0.0043829656206071377 0.0005872416659258306
v -0.0037819137796759605 0.0070410957559943199 -0.015770621597766876
v -0.0049138744361698627 0.0070415232330560684 -0.016059832647442818
v -0.0048561254516243935 0.0070421341806650162 -0.014980738051235676
v 0.0085023054853081703 0.0048305792734026909 -0.00013056505122222006
v 0.0085018742829561234 0.0040658609941601753 0.0013905896339565516
v -0.0080032618716359138 -0.0058911619707942009 -0.0064370478503406048
v -0.0080037675797939301 -0.0068217278458178043 -0.0057395752519369125
v -0.0064260535873472691 0.0070450087077915668 -0.011544972658157349
v 0.0026596258394420147 -0.0082224272191524506 -0.020949726924300194
v 0.0041228951886296272 -0.008966449648141861 -0.020135942846536636
v 0.00038377472083084285 0.0069629778154194355 0.00076599523890763521
v -0.00070091319503262639 0.0068356948904693127 0.0015349140157923102
v -0.0028067834209650755 0.0040658004581928253 -0.020851520821452141
v -0.0027761815581470728 0.005520988255739212 -0.020905992016196251
v 0.0079282829537987709 -0.0075555797666311264 -0.0015283065149560571
v 0.0059747816994786263 0.00044050856376998127 0.0070231319405138493
v -0.0038080287631601095 -0.0078445244580507278 -0.020354682579636574
v -0.0070962109602987766 -5.9789497754536569e-05 0.0070818173699080944
v -0.0074521531350910664 -0.0014302736381068826 0.0069319717586040497
v 0.0067830374464392662 -0.007260679267346859 -0.01544114388525486
v 0.0069288341328501701 -0.0047639645636081696 -0.013636790215969086
v -0.0084012299776077271 -0.0031438171863555908 -0.0054520806297659874
v -0.0085012670606374741 -0.0020802656654268503 -0.0051382202655076981
v -0.0085026435554027557 -0.0046023358590900898 -0.0028071838896721601
v 0.0022363658063113689 -0.0065217465162277222 -0.021069817245006561
v -0.0084944842383265495 0.0012634648010134697 -0.0058549735695123672
v 0.0074091306887567043 0.0036055694799870253 -0.0099849021062254906
v -0.0053709507919847965 -0.0029659150168299675 -0.018907617777585983
v -0.0062233260832726955 -0.0022576649207621813 -0.017566107213497162
v 0.0053121559321880341 -0.0095586441457271576 -0.010524041950702667
v 0.0056572346948087215 -0.0095579493790864944 -0.009049147367477417
v 0.0042364192195236683 -0.009557502344250679 -0.0095616523176431656
v 0.0017517490778118372 -0.0095588071271777153 -0.013967674225568771
v 0.00078839773777872324 -0.0095578925684094429 -0.013289835304021835
v 0.0071951840072870255 -0.0095583666115999222 -0.0084067052230238914
v 0.0058758961968123913 -0.0095572527498006821 -0.0076826303265988827
v 0.0048457407392561436 -0.0095595186576247215 -0.012411334551870823
v 0.0066673378460109234 -0.0095598055049777031 -0.011270958930253983
v 0.0067847641184926033 -0.0095590325072407722 -0.0098663801327347755
v 0.0084792403504252434 -0.0060704406350851059 0.0007507567061111331
v 0.0082645732909440994 -0.0063591292127966881 -0.0017723696073517203
v 0.0084999222308397293 0.00045705572119913995 0.0036761348601430655
v 0.0084991129115223885 -0.0010887683602049947 0.003239782527089119
v 0.0085009634494781494 0.0023394424933940172 0.0011907493462786078
v 0.0084988838061690331 -0.0015613276045769453 0.001986771821975708
v 0.0084996419027447701 -0.00012222077930346131 0.0022132231388241053
v 0.008498302660882473 -0.002627119654789567 0.0029926749411970377
v -0.0085008060559630394 -0.00091905519366264343 0.0035494281910359859
v -0.0025589058641344309 -0.0095542008057236671 -0.010060371831059456
v -0.0085008209571242332 -0.00090083829127252102 0.0049938024021685123
v -0.0012442421866580844 0.003137889550998807 0.0062860515899956226
v -0.0085003264248371124 -5.6056185712805018e-05 0.0022842574398964643
v -0.0085016191005706787 -0.0025244459975510836 0.0014375597238540649
v -0.0018300926312804222 0.00026849709684029222 -0.021197039633989334
v -0.0083515038713812828 0.005716267041862011 -0.0027219520416110754
v -0.0081860926002264023 0.0053952494636178017 -0.0039271609857678413
v 0.0055467435158789158 0.0070355050265789032 -0.016866065561771393
v 0.00030118765425868332 -0.0021852743811905384 -0.021440943703055382
v -0.0051885815337300301 -0.0074976780451834202 -0.00028703309362754226
v 0.0085010873153805733 0.0026934770867228508 0.0048033376224339008
v -0.00031004060292616487 0.0069062346592545509 -0.0070595145225524902
v -0.008005436509847641 -0.0001801228936528787 -0.0072682932950556278
v -0.0071892039850354195 -0.0059485491365194321 -0.011103687807917595
v 0.00026860347134061158 0.0012989396927878261 0.0069129327312111855
v -0.0071504297666251659 0.00073093891842290759 -0.01125346589833498
v -0.0070528420619666576 0.0016281439457088709 -0.012313215062022209
v -0.0080009596422314644 -0.0015479943249374628 -0.0074948994442820549
v -0.0083756418898701668 -0.0011469080345705152 -0.0062428545206785202
v 0.0079658795148134232 -0.0093828924000263214 -0.0097397780045866966
v -0.0013447471428662539 0.0014641009038314223 -0.021312106400728226
v -0.0037062119226902723 -0.0038041644729673862 0.0059609208256006241
v 0.0035124621354043484 0.00040026719216257334 -0.020491605624556541
v 0.0040863072499632835 0.0015589495887979865 -0.02011602371931076
v 0.0046187052503228188 0.00044212769716978073 -0.019690854474902153
v -0.0085004325956106186 -0.00046216108603402972 -0.0038730613887310028
v -0.0085010584443807602 -0.0016409025993198156 -0.0038223210722208023
v -0.0085006644949316978 -0.0008604904287494719 -0.002713663736358285
v -0.0085014151409268379 -0.0022685031872242689 -0.0024045582395046949
v 0.0040969587862491608 -0.0058044074103236198 0.0034994089510291815
v 0.0052179149352014065 -0.005852194968611002 0.0034183626994490623
v -0.0034716783557087183 0.0026804907247424126 -0.020517943426966667
v -0.0039493106305599213 0.0037341804709285498 -0.020213400945067406
v -0.0074991881847381592 -0.0061265756376087666 0.0036081376019865274
v -0.0080027002841234207 -0.0048314216546714306 -0.0064675076864659786
v -0.0080034630373120308 -0.0063476194627583027 -0.0087343323975801468
v -0.007492543663829565 -0.006331991869956255 -0.0099776983261108398
v -0.0080037321895360947 -0.0076033496297895908 -0.0094269737601280212
v 0.0079977698624134064 -0.0039570569060742855 -0.0067901909351348877
v 0.0079971151426434517 -0.0052259541116654873 -0.0077169127762317657
v -0.0055427947081625462 0.0064812619239091873 0.0026993546634912491
v -0.0036317140329629183 -0.00047160693793557584 0.0070316344499588013
v -0.0033340116497129202 -0.0017976855160668492 0.0068250047042965889
v -0.0057123391889035702 -0.0084395483136177063 -0.018512805923819542
v 0.0052988291718065739 0.003720457898452878 0.0059505621902644634
v 0.0053915153257548809 0.0047989143058657646 0.0051136468537151814
v 0.0041488828137516975 0.0044893617741763592 0.0053890119306743145
v 0.0028872645925730467 0.003994867205619812 0.0057663293555378914
v -0.0084226708859205246 -0.0034816728439182043 0.0052033686079084873
v -0.0085017094388604164 -0.0027743112295866013 -0.00091476348461583257
v -0.008500891737639904 -0.0012381693813949823 -0.001162794535048306
v -0.0085021788254380226 -0.0036975773982703686 -0.0020049975719302893
v 0.005090352613478899 -0.0092642698436975479 -0.019212571904063225
v 0.0050031444989144802 -0.0078833494335412979 -0.01937464252114296
v -0.0015714248875156045 -0.0037144161760807037 -0.021259350702166557
v 0.00031573322485201061 -0.003714283462613821 -0.021440571174025536
v -0.00069582625292241573 -0.0047463313676416874 -0.021407561376690865
v 0.0068916431628167629 0.0047602294944226742 -0.014093020930886269
v -0.0074280304834246635 -0.0075086276046931744 -0.0011366116814315319
v 0.0075218034908175468 -0.0089541999623179436 -0.004659959115087986
v -0.0069482955150306225 0.0047813737764954567 -0.013773844577372074
v -0.0043933521956205368 -0.0065820342861115932 0.0019360282458364964
v -0.0038787033408880234 -0.0077303764410316944 -0.00065187527798116207
v -0.0028754069935530424 -0.0073562595061957836 0.00030640760087408125
v 0.0023827683180570602 -0.0069920583628118038 0.0010723874438554049
v 0.0013191670877858996 -0.0070264358073472977 0.0010007420787587762
v 0.0016661417903378606 -0.0075913351029157639 -0.00020933804626110941
v 0.00034962798235937953 -0.007285811472684145 0.00045214538113214076
v -0.00055619800696149468 -0.0067531601525843143 0.0015807179734110832
v -0.0020574284717440605 -0.0068029682151973248 0.0014778872719034553
v -0.0013961606891825795 -0.0061500426381826401 0.0028248867020010948
v -0.0044434447772800922 -0.0059190550819039345 0.0032711285166442394
v 0.0079715447500348091 0.0068504665978252888 -0.0054584471508860588
v -0.0032929854933172464 -0.0068227839656174183 0.0014374774182215333
v -0.002999127609655261 -0.006204038392752409 0.0027121540624648333
v 0.00061495095724239945 -0.006723571103066206 0.0016412686090916395
v -0.0041918568313121796 -0.0071846479550004005 0.00065787066705524921
v -0.0066034970805048943 -0.0060171890072524548 0.0031210272572934628
v -0.0066035944037139416 -0.006210053339600563 0.0028694330248981714
v 0.0030129025690257549 -0.0063401516526937485 0.0024435191880911589
v 0.0035369826946407557 -0.0069238697178661823 0.0012154465075582266
v 0.0018745387205854058 -0.0059594740159809589 0.0032014148309826851
v 0.0015928540378808975 -0.0065153907053172588 0.0020777187310159206
v 0.0032082805410027504 -0.0075179673731327057 -7.1351794758811593e-05
v 0.0043116980232298374 -0.0072020487859845161 0.00061317713698372245
v -0.00020108679018449038 -0.009103984571993351 -0.0023188977502286434
v -0.0069772060960531235 -0.0034397025592625141 -0.01320527121424675
v -0.0041627008467912674 0.0070405025035142899 -0.017105963081121445
v -0.0066424403339624405 0.007045939564704895 -0.010172557085752487
v -0.0069203497841954231 0.0070467973127961159 -0.0089777093380689621
v 0.0079954471439123154 -0.0084662092849612236 -0.010492973029613495
v -0.0039205080829560757 0.0069094183854758739 -0.0071064895018935204
v -0.0079309651628136635 0.0068412236869335175 -0.0078960452228784561
v -0.0072914669290184975 -0.0053361551836133003 -0.0099820895120501518
v -0.0080030467361211777 -0.0055212513543665409 -0.007553203497081995
v 0.0079967454075813293 -0.0052148015238344669 -0.0092886164784431458
v 0.0011374779278412461 0.003125607967376709 -0.021362163126468658
v -0.0044276686385273933 -0.0095562515780329704 -0.015172466635704041
v -0.006508256308734417 -0.0095550930127501488 -0.015330974943935871
v -0.0053585115820169449 -0.0095566669479012489 -0.016698837280273438
v -0.008500576950609684 -0.00077107158722355962 -0.0049658389762043953
v 0.002850718330591917 -0.005549948662519455 0.0039707059040665627
v -0.0076651363633573055 -0.0073202233761548996 -0.010589266195893288
v -0.0080046439543366432 -0.0086934510618448257 -0.010316022671759129
v -0.0080036846920847893 -0.0067139379680156708 -0.0071594263426959515
v -0.003452598350122571 -0.0095591777935624123 -0.019224509596824646
v -0.0039229355752468109 -0.0091606229543685913 -0.020284730941057205
v -0.0036807889118790627 -0.0095583964139223099 -0.018114112317562103
v 0.0039243306964635849 -0.0095629142597317696 -0.01894078403711319
v 0.0083477180451154709 -0.0028403087053447962 -0.0057541276328265667
v -0.0057434551417827606 0.0070414380170404911 -0.016850955784320831
v 0.0079589802771806717 -0.0093800751492381096 -0.010120808146893978
v -0.0028561563231050968 -0.006878475658595562 -0.020824868232011795
v -0.0062596588395535946 0.0070168678648769855 -0.0079607060179114342
v -0.0020161920692771673 0.0069018951617181301 0.0012015828397125006
v -0.0024534512776881456 -0.0095593109726905823 -0.01855839230120182
v -0.0011508425232023001 -0.0095602534711360931 -0.01898479275405407
v 0.0083088697865605354 0.0041345767676830292 0.0049331788904964924
v 0.0085004325956106186 0.0014501371188089252 0.0046371775679290295
v -0.0046013207174837589 -0.0029657068662345409 0.006415841169655323
v 0.008496725931763649 -0.0052496069110929966 -0.0019849773962050676
v 0.0084981927648186684 -0.0030845059081912041 -0.004585999995470047
v 0.0049093556590378284 0.0054399175569415092 -0.019480027258396149
v 0.0037491214461624622 0.0061895716935396194 -0.020393652841448784
v 0.0079965312033891678 -0.0063032009638845921 -0.0069766161032021046
v 0.0084980465471744537 -0.0030722308438271284 0.0041500837542116642
v -0.006280191708356142 -0.009549812413752079 -0.0059939520433545113
v -0.0084916520863771439 0.00014740854385308921 -0.0060251234099268913
v -0.0047760060988366604 0.0042165783233940601 -0.019541982561349869
v -0.0080042360350489616 -0.007782486267387867 -0.0079885432496666908
v 0.0053627761080861092 -0.0026657676789909601 -0.018916301429271698
v 0.0057655121199786663 -0.001653344021178782 -0.018372455611824989
v 0.0061120660975575447 -0.0031613479368388653 -0.017780354246497154
v 0.0045595215633511543 -0.0029155882075428963 -0.019736183807253838
v 0.0048716561868786812 -0.001762932981364429 -0.019455524161458015
v -0.0046746786683797836 -0.0043283058330416679 0.0055836578831076622
v -0.0036394756752997637 -0.0054050218313932419 -0.020415641367435455
v -0.0026184588205069304 0.0070406585000455379 -0.015469277277588844
v 0.0022619515657424927 0.0070367217995226383 -0.01774483360350132
v 0.0034348152112215757 0.0070356577634811401 -0.018488908186554909
v 0.0045255608856678009 0.007038929034024477 -0.012016722932457924
v -0.0037748324684798717 -0.0095522142946720123 -0.0078033809550106525
v 6.704843690386042e-05 -0.0095562171190977097 -0.011112993583083153
v -0.00098912685643881559 -0.0095553435385227203 -0.010583453811705112
v -0.0020675400737673044 -0.0095554320141673088 -0.011692454107105732
v -0.0073268678970634937 0.002474168548360467 0.0066346786916255951
v -0.0060553504154086113 0.0023166958708316088 0.0066401911899447441
v -0.0048894160427153111 0.0050793658010661602 0.0048427069559693336
v -0.003758465638384223 0.0045738858170807362 0.0053256717510521412
v -0.0052899760194122791 -0.0095511050894856453 -0.0072870077565312386
v 0.0033386889845132828 0.0070348409935832024 -0.019760660827159882
v 0.0021113494876772165 0.0070359092205762863 -0.01924438588321209
v -0.0039164274930953979 -0.0030248274561017752 -0.020233867689967155
v -0.004387629684060812 -0.0042159371078014374 -0.019883420318365097
v 0.0052423402667045593 -0.0038308477960526943 -0.019059045240283012
v -0.0074245757423341274 -0.0040347329340875149 0.0058555491268634796
v -0.0058530722744762897 -0.0043701441027224064 -0.018238218501210213
v -0.0063261343166232109 -0.0035447923000901937 -0.017320126295089722
v 0.006660084705799818 -0.00021297275088727474 -0.015923388302326202
v 0.00611448148265481 -0.0001006207603495568 -0.0177812110632658
v 0.0017958699027076364 -0.0035855572205036879 -0.021211329847574234
v -0.0081840483471751213 0.0046288366429507732 0.0048228595405817032
v -0.0084986500442028046 0.0032999024260789156 0.0046290755271911621
v -0.0013409462990239263 0.0070373294875025749 -0.019930684939026833
v -0.0023736916482448578 0.0068758837878704071 -0.021000642329454422
v 0.0027524041943252087 -0.0027107240166515112 0.00652695307508111
v 0.0052267769351601601 -0.0095615759491920471 -0.015530713833868504
v 0.0025929647963494062 -0.0095619941130280495 -0.018577458336949348
v 0.0012335593346506357 -0.0095610795542597771 -0.018250996246933937
v 0.0036764561664313078 -0.0095619559288024902 -0.017549315467476845
v 0.0047568110749125481 -0.0095620574429631233 -0.016759196296334267
v 0.0022645250428467989 -0.0095609603449702263 -0.017131814733147621
v -0.00011104354780400172 -0.0095602069050073624 -0.017980288714170456
v 0.0046295290812849998 0.0025040525943040848 -0.019684514030814171
v 0.0047064740210771561 0.0037600668147206306 -0.01961706206202507
v 0.0031715747900307178 -0.0095584169030189514 -0.012048680335283279
v 0.0037900395691394806 -0.0095580853521823883 -0.01093961950391531
v 0.0024180295877158642 -0.009557466022670269 -0.011119753122329712
v 0.0030922919977456331 -0.0095591191202402115 -0.01330016553401947
v 0.0018159077735617757 -0.0095579354092478752 -0.012444477528333664
v 0.0048995916731655598 -0.0095563428476452827 -0.0070212790742516518
v 0.0045968526974320412 -0.0095568886026740074 -0.0082077980041503906
v -0.00081877945922315121 0.0020506468135863543 0.0067256102338433266
v 0.0028998870402574539 -0.0095570078119635582 -0.0099194329231977463
v 0.0032718880102038383 -0.0095564285293221474 -0.0086145317181944847
v 0.0011623699683696032 -0.0095568029209971428 -0.011123246513307095
v 0.00044401845661923289 -0.009557066485285759 -0.012205755338072777
v 0.0017840209184214473 -0.0095565710216760635 -0.010179282166063786
v 0.002297127852216363 -0.0095553528517484665 -0.0076748235151171684
v 0.0019854092970490456 -0.0095560075715184212 -0.0090531250461935997
v 0.00050971866585314274 -0.0095555828884243965 -0.0096522253006696701
v -0.0075960084795951843 -0.0095449294894933701 -0.011200685985386372
v -0.007408547680824995 -0.0095532508566975594 -0.012326706200838089
v -0.0062467972747981548 -0.009553050622344017 -0.011409151367843151
v -0.0070955026894807816 -0.0095540750771760941 -0.013690539635717869
v -0.0055679245851933956 -0.0095548182725906372 -0.013777060434222221
v -0.0062737544067203999 -0.0095538143068552017 -0.012718867510557175
v 0.0050677810795605183 0.0015344797866418958 -0.019256740808486938
v 0.0056192819029092789 0.0043658246286213398 -0.018587749451398849
v 0.0057900901883840561 0.0055881431326270103 -0.018408816307783127
v -0.0082562491297721863 -0.0064776083454489708 0.0014350241981446743
v -0.0080044344067573547 -0.0082817152142524719 -0.011694667860865593
v 0.0033505279570817947 -0.0095539791509509087 -0.0044552949257194996
v 0.0021155066788196564 -0.0095534222200512886 -0.0045891436748206615
v -0.00022723485017195344 -0.0095532462000846863 -0.006379459984600544
v 0.00092590932035818696 -0.0095531707629561424 -0.0052246232517063618
v 0.0025526287499815226 -0.0095544802024960518 -0.0059791412204504013
v 0.0034329784102737904 -0.0054968711920082569 -0.020532609894871712
v 0.0050078127533197403 -0.0095629151910543442 -0.017978688701987267
v 0.0037750070914626122 0.0067819072864949703 0.0017594995442777872
v 0.0035395424347370863 0.0069787139073014259 0.00060763128567487001
v 0.0025570762809365988 0.0068410434760153294 0.001499252044595778
v 0.0070265168324112892 -0.0072459573857486248 -0.012785166501998901
v 0.0068183550611138344 0.00029431161237880588 -0.014691944234073162
v 0.0035893497988581657 0.0029346407391130924 -0.020448816940188408
v -0.00047771577374078333 0.0026846923865377903 -0.021433783695101738
v 0.00060738285537809134 0.0019377191783860326 -0.0214267298579216
v -0.00018794907373376191 0.0014415271580219269 -0.021448975428938866
v -0.0085007147863507271 -0.00086343457223847508 8.2545149780344218e-05
v -0.0085009029135107994 -0.0011805989779531956 0.0012165792286396027
v -0.008501310832798481 -0.0019860374741256237 0.00018715717305894941
v 0.0084993597120046616 -0.00069819868076592684 0.00092023902107030153
v 0.0039268983528017998 -0.0077343652956187725 -0.020266516134142876
v -0.0062521817162632942 -0.0095514515414834023 -0.0087251691147685051
v -0.0079684397205710411 -0.0092295082286000252 -0.0087594650685787201
v -0.0070060733705759048 -0.0095502361655235291 -0.0073547260835766792
v -0.0070032654330134392 -0.0095518501475453377 -0.010063550435006618
v 0.0041861194185912609 -0.00074444973142817616 -0.020041167736053467
v 0.0052232868038117886 -0.00055589666590094566 -0.019084366038441658
v -0.0021408966276794672 -0.0016051572747528553 0.0068707396276295185
v 0.0010307923657819629 8.1347570812795311e-05 0.0070401369594037533
v 0.00059281481662765145 -0.0012350897304713726 0.0069454368203878403
v -0.0021721792872995138 -0.0056576095521450043 0.0037679488305002451
v 0.0030919250566512346 0.0064080441370606422 0.0028434933628886938
v -0.0028464051429182291 0.0070392959751188755 -0.017963675782084465
v 0.0008148095803335309 0.00069845246616750956 -0.02140534296631813
v 0.0045391907915472984 0.0070346817374229431 -0.01939169317483902
v -0.0082073742523789406 0.0055718929506838322 0.00357238226570189
v -0.008498113602399826 0.0041730841621756554 0.0037416925188153982
v 0.0014363013906404376 0.0022783349268138409 0.0066500990651547909
v 0.0026280093006789684 0.0027804134879261255 0.0064538666047155857
v 0.0016669690376147628 0.0035417007748037577 0.0060620387084782124
v -0.0041912072338163853 0.0015678281197324395 0.0068567115813493729
v 0.0013806709321215749 0.0068786889314651489 0.0013248051982372999
v -0.0007485515670850873 -0.0027121568564325571 -0.021405017003417015
v 0.0029277773573994637 -0.0039677266031503677 -0.02079463005065918
v 0.0036446831654757261 -0.0031140691135078669 -0.020408276468515396
v 0.0041722659952938557 -0.0041112126782536507 -0.020047333091497421
v -0.0062557775527238846 0.005807837937027216 -0.017594430595636368
v 0.0029424906242638826 0.0016246670857071877 -0.020793408155441284
v 0.0017055826028808951 0.0017535509541630745 -0.021241182461380959
v 0.0023850719444453716 0.002660390455275774 -0.021030446514487267
v 0.0011304457439109683 -0.0095542799681425095 -0.0069076218642294407
v -0.0026955991052091122 0.0070400042459368706 -0.016638796776533127
v 0.0022443374618887901 0.00051341945072636008 -0.021077081561088562
v -0.0050070704892277718 0.0016689065378159285 -0.019313421100378036
v -0.0041782879270613194 0.0015555174322798848 -0.020045824348926544
v -0.0028537900652736425 0.0012790246400982141 -0.02083253487944603
v -0.0020847402047365904 0.0026875380426645279 -0.021123314276337624
v 0.0038183259312063456 -0.0020086318254470825 -0.020298996940255165
v -0.0073850955814123154 -0.0073524145409464836 -0.011354755610227585
v 0.0046052313409745693 -0.0095288241282105446 -0.004227339755743742
v -0.0044364542700350285 0.0067749847657978535 0.0018004251178354025
v -0.0084973061457276344 0.0055802678689360619 0.0002235997817479074
v -0.0045299483463168144 -0.0052194893360137939 0.0045215263962745667
v -0.0056391754187643528 -0.0056588007137179375 0.0037665907293558121
v 0.0054232645779848099 0.00053919258061796427 -0.018844962120056152
v -0.0066410177387297153 0.0049655265174806118 -0.016400245949625969
v -0.0065813544206321239 0.0012584001524373889 0.0069376868195831776
v -0.0056322365999221802 0.0011837291531264782 -0.018562367185950279
v 0.0015420548152178526 -0.00041740716551430523 -0.021276956424117088
v 4.7837580495979637e-05 0.0051658335141837597 0.0047428179532289505
v -0.0060462257824838161 0.0046991738490760326 0.0052163670770823956
v 0.0028064851649105549 -0.00092638557543978095 -0.020853037014603615
v 0.0058858469128608704 0.0014326806413009763 -0.018191348761320114
v 0.0053835362195968628 -0.0035593549255281687 0.0061093606054782867
v -0.0046155364252626896 0.0069326716475188732 -0.0060822335071861744
v 2.5149054636131041e-05 -0.009554300457239151 -0.00792662613093853
v 0.0011902495753020048 -0.0095551051199436188 -0.008243185468018055
v -0.0046404134482145309 0.0069708670489490032 0.0006991740083321929
v -0.0054644239135086536 0.0022375388070940971 -0.018786920234560966
v -0.0052405400201678276 -0.0045254132710397243 -0.019061218947172165
v -0.003088837955147028 -0.0041165808215737343 -0.02071833424270153
v -0.006836241576820612 -0.0015566134825348854 -0.01455296203494072
v -0.0069777178578078747 -0.001098135719075799 -0.013169979676604271
v -0.0070195971056818962 0.00031429182854481041 -0.012674701400101185
v 0.0019937541801482439 0.0045055546797811985 0.0053768199868500233
v 0.0029705872293561697 0.0050297174602746964 0.0048847994767129421
v 0.0010134923504665494 0.0070370803587138653 -0.018253076821565628
v 0.0073481323197484016 0.0029802024364471436 -0.0099856816232204437
v -0.0051032877527177334 -0.0095542110502719879 -0.012342180125415325
v 0.0069224610924720764 -0.0095574408769607544 -0.0070829233154654503
v 0.0069807241670787334 0.0012936784187331796 -0.013098486699163914
v 0.0070994021371006966 -0.0073195663280785084 -0.012158514931797981
v -0.0084455693140625954 0.0022733283694833517 0.005743818823248148
v 0.0059050661511719227 -0.0047988500446081161 -0.018152611330151558
v -0.0085002155974507332 5.6643548305146396e-05 -0.00058879615971818566
v 0.0079934997484087944 -0.0090365484356880188 -0.0071171838790178299
v -0.0032918516080826521 -0.0030272696167230606 0.0063869627192616463
v -0.00091785448603332043 -0.0042853578925132751 0.0056176348589360714
v -0.0050839059986174107 0.0058606020174920559 0.0038548316806554794
v 0.0047494233585894108 0.0065172864124178886 0.0025788063649088144
v 0.0044116713106632233 0.0056757577694952488 0.0041130678728222847
v 0.005869958084076643 0.0061582718044519424 0.0033459318801760674
v 0.0049087293446063995 0.0068977992050349712 0.0012017178814858198
v -0.0055462224408984184 -0.0095474841073155403 -0.004956279881298542
v -0.0084996772930026054 0.0010535387555137277 -0.0012246872065588832
v 0.0079957526177167892 -0.0076863504946231842 -0.0043507320806384087
v 0.0022920703049749136 0.001668393611907959 0.0068291984498500824
v 0.0014835268957540393 0.0011499910615384579 0.0069401976652443409
v 0.0015141865005716681 -0.0020582424476742744 0.0067556747235357761
v -0.0032952248584479094 -0.0054775774478912354 0.0040958281606435776
v 0.0016341708833351731 -0.00081265100743621588 0.0070032882504165173
v 0.0027651798445731401 0.0057682930491864681 0.0039815176278352737
v -0.0049245459958910942 0.0040758522227406502 0.0057150549255311489
v -0.0040276627987623215 0.0063211903907358646 0.0030495724640786648
v -0.0035709468647837639 -0.0008509731269441545 -0.020458221435546875
v -0.0028941091150045395 -1.0138670631931745e-06 -0.020812610164284706
v -0.0046853814274072647 0.0027775643393397331 -0.019627006724476814
v -0.0066359569318592548 -0.0023475410416722298 -0.016057169064879417
v -0.0038844516966491938 0.00033408799208700657 -0.02025751955807209
v -0.0071423049084842205 -0.0073534902185201645 -0.012946563772857189
v -0.00849872175604105 0.0030064401216804981 0.0032759944442659616
v -0.0025910909753292799 0.0048498143441975117 0.0050745871849358082
v -0.0085019990801811218 -0.0032780109904706478 0.0003905949997715652
v -0.0085024312138557434 -0.0041265683248639107 -0.00056282506557181478
v 0.0033313196618109941 -0.0069280415773391724 -0.02058597095310688
v -0.0020496165379881859 0.0020672290120273829 0.0067206239327788353
v -0.0055770189501345158 0.0033782750833779573 -0.018635069951415062
v -0.0069439485669136047 -0.0022945664823055267 -0.01355250459164381
v -0.0039577716961503029 -0.0095574809238314629 -0.016821879893541336
v -0.006099628284573555 -0.007296326570212841 -0.017824899405241013
v 0.0036639829631894827 -0.0095558036118745804 -0.0072164246812462807
v 0.0064411796629428864 -0.0016416816506534815 -0.016932854428887367
v 0.0068524898961186409 0.0048253214918076992 -0.014575731009244919
v -0.0027545543853193521 -0.0030425919685512781 -0.020874803885817528
v -0.003156919963657856 -0.0020158409606665373 -0.020684843882918358
v -0.0030268309637904167 -0.0095513612031936646 -0.0057037319056689739
f 1 2 3
f 4 5 6
f 7 8 9
f 10 11 12
f 13 14 15
f 5 13 16
f 17 18 19
f 6 19 18
f 20 21 22
f 23 24 25
f 26 27 28
f 3 29 30
f 31 32 33
f 34 35 36
f 37 38 39
f 40 41 42
f 43 44 45
f 46 47 48
f 49 50 51
f 52 53 47
f 54 50 49
f 45 44 55
f 47 53 56
f 57 58 59
f 60 61 21
f 62 63 64
f 65 66 67
f 68 69 70
f 71 72 73
f 74 75 76
f 77 78 79
f 80 81 82
f 83 84 85
f 86 87 88
f 89 90 91
f 92 93 94
f 95 96 97
f 98 99 100
f 101 102 103
f 104 105 106
f 107 108 109
f 110 111 112
f 113 114 115
f 116 117 118
f 119 116 118
f 120 121 122
f 123 114 124
f 123 125 114
f 86 126 127
f 111 128 129
f 130 131 132
f 131 129 132
f 133 134 97
f 87 135 136
f 137 117 138
f 88 126 86
f 91 90 124
f 139 140 97
f 141 142 143
f 144 145 146
f 136 135 118
f 147 148 149
f 150 108 107
f 151 152 121
f 146 145 153
f 154 155 156
f 157 158 159
f 160 90 89
f 127 140 139
f 161 22 21
f 108 150 162
f 98 163 99
f 164 165 157
f 122 154 115
f 155 159 166
f 167 168 169
f 170 171 172
f 173 163 162
f 163 174 162
f 174 98 86
f 117 152 175
f 10 176 177
f 178 179 180
f 181 182 183
f 184 185 186
f 187 188 189
f 190 191 192
f 193 194 195
f 196 197 180
f 198 199 200
f 201 202 71
f 175 203 138
f 199 204 205
f 206 207 208
f 209 210 211
f 212 213 214
f 215 216 217
f 218 219 213
f 219 220 221
f 222 223 224
f 225 226 227
f 228 229 230
f 231 232 233
f 234 235 236
f 237 238 239
f 240 241 31
f 242 243 244
f 245 246 247
f 248 249 225
f 137 138 250
f 251 252 169
f 253 94 143
f 140 127 126
f 254 255 128
f 253 152 151
f 116 121 152
f 256 165 164
f 165 148 157
f 257 149 148
f 258 149 259
f 145 104 153
f 115 114 125
f 260 120 122
f 261 106 262
f 263 124 90
f 160 264 265
f 121 266 122
f 152 253 175
f 258 267 268
f 256 163 173
f 261 104 106
f 269 259 107
f 259 149 257
f 162 96 270
f 151 120 102
f 102 92 151
f 256 99 163
f 271 272 273
f 243 242 264
f 146 274 156
f 112 275 276
f 136 88 87
f 162 139 96
f 277 278 279
f 270 255 280
f 128 255 132
f 93 169 94
f 257 173 150
f 281 103 102
f 282 283 284
f 174 139 162
f 109 280 254
f 254 285 109
f 93 92 101
f 121 120 151
f 286 287 119
f 267 288 268
f 147 268 288
f 147 157 148
f 165 173 257
f 289 290 291
f 89 91 274
f 292 293 294
f 295 296 297
f 298 299 300
f 301 302 303
f 304 305 306
f 51 307 308
f 309 310 311
f 312 41 40
f 313 314 315
f 316 317 318
f 319 320 321
f 322 323 324
f 325 326 327
f 328 329 330
f 331 332 333
f 334 335 177
f 336 23 337
f 338 339 340
f 338 341 342
f 343 344 345
f 346 347 348
f 349 324 350
f 351 352 353
f 354 355 356
f 355 357 358
f 359 360 361
f 358 362 355
f 363 364 356
f 363 365 364
f 366 367 368
f 369 370 371
f 372 373 374
f 375 376 377
f 378 322 324
f 379 214 221
f 380 381 382
f 277 383 384
f 385 386 387
f 388 389 390
f 391 392 393
f 304 306 394
f 395 396 397
f 398 65 399
f 7 17 400
f 401 402 403
f 404 405 406
f 407 408 409
f 318 346 410
f 410 240 33
f 343 411 412
f 57 413 414
f 415 416 52
f 417 418 46
f 419 420 421
f 422 35 423
f 424 425 426
f 427 428 429
f 430 431 423
f 432 422 431
f 433 434 435
f 436 422 432
f 35 422 437
f 426 81 80
f 427 438 439
f 440 441 442
f 442 441 443
f 444 445 446
f 444 447 445
f 25 448 23
f 326 325 449
f 444 450 447
f 451 452 453
f 367 454 368
f 455 456 457
f 458 459 218
f 33 318 410
f 344 348 347
f 460 344 347
f 461 397 455
f 462 463 464
f 465 7 466
f 467 468 469
f 470 471 472
f 473 470 474
f 475 29 476
f 477 205 295
f 297 478 295
f 479 480 481
f 482 483 484
f 479 41 480
f 398 485 486
f 487 236 488
f 485 398 399
f 489 490 491
f 361 492 489
f 493 335 494
f 495 462 464
f 496 497 498
f 499 500 494
f 501 502 503
f 504 505 506
f 398 507 508
f 508 66 398
f 508 507 509
f 510 497 496
f 67 498 65
f 505 499 494
f 505 504 511
f 5 512 513
f 514 515 516
f 517 518 519
f 313 515 520
f 246 521 518
f 335 493 10
f 317 522 523
f 524 525 514
f 517 247 518
f 43 526 527
f 316 527 522
f 525 528 520
f 529 530 531
f 532 533 534
f 78 535 536
f 457 537 538
f 539 540 375
f 539 375 377
f 541 542 543
f 544 541 545
f 278 384 474
f 546 547 541
f 176 548 549
f 550 551 552
f 64 63 553
f 6 538 537
f 490 448 491
f 176 554 555
f 556 557 384
f 64 377 233
f 558 106 105
f 559 560 323
f 561 562 563
f 564 68 565
f 361 360 566
f 359 567 568
f 24 336 569
f 570 571 572
f 57 467 413
f 573 574 575
f 576 577 416
f 460 315 314
f 578 369 579
f 580 548 512
f 21 581 161
f 22 582 579
f 583 552 546
f 457 584 455
f 395 585 586
f 587 588 589
f 5 4 512
f 590 241 591
f 346 348 412
f 344 343 412
f 95 255 270
f 592 593 15
f 594 595 15
f 7 400 466
f 229 596 230
f 597 598 599
f 215 221 220
f 600 405 404
f 601 333 298
f 602 603 182
f 312 40 604
f 605 606 607
f 607 293 608
f 19 6 5
f 609 20 610
f 611 76 75
f 465 466 37
f 612 250 613
f 614 26 615
f 616 617 200
f 618 376 375
f 456 397 540
f 33 240 31
f 72 619 620
f 621 622 623
f 624 611 609
f 566 380 326
f 231 233 625
f 356 364 626
f 627 626 364
f 628 629 519
f 627 630 631
f 632 633 634
f 635 630 352
f 632 631 635
f 627 208 626
f 188 636 637
f 29 638 30
f 384 383 556
f 639 3 2
f 640 312 378
f 23 448 337
f 598 641 642
f 643 458 213
f 644 507 486
f 645 646 647
f 648 437 649
f 645 650 646
f 28 651 615
f 652 653 654
f 396 395 586
f 618 375 586
f 655 656 657
f 234 658 659
f 402 660 590
f 660 402 51
f 661 662 340
f 663 664 665
f 221 214 219
f 666 667 496
f 195 468 668
f 669 74 76
f 610 670 671
f 450 76 624
f 672 673 674
f 675 676 382
f 677 678 679
f 589 677 679
f 680 351 681
f 681 351 353
f 402 682 51
f 589 612 683
f 334 583 684
f 685 463 462
f 686 687 44
f 484 483 672
f 61 60 623
f 283 282 688
f 530 689 284
f 284 283 530
f 529 690 530
f 637 691 692
f 243 693 244
f 167 25 24
f 293 607 294
f 694 657 695
f 365 363 339
f 593 594 15
f 696 697 560
f 316 33 32
f 698 699 700
f 701 702 186
f 329 703 704
f 362 363 356
f 352 231 635
f 632 635 633
f 351 231 352
f 618 705 633
f 706 707 708
f 544 542 541
f 631 709 627
f 352 630 627
f 364 353 627
f 354 710 355
f 420 385 454
f 443 711 712
f 713 461 613
f 443 345 711
f 714 443 712
f 441 345 443
f 442 714 715
f 714 442 443
f 206 716 717
f 718 719 708
f 720 659 716
f 631 632 716
f 273 272 386
f 721 227 226
f 604 378 312
f 327 326 722
f 375 540 396
f 441 387 723
f 488 236 235
f 321 724 725
f 346 412 726
f 236 658 234
f 727 374 728
f 568 329 729
f 699 730 731
f 732 189 188
f 733 383 734
f 735 736 737
f 199 738 739
f 740 741 742
f 531 743 529
f 187 636 188
f 492 449 325
f 744 745 746
f 746 401 285
f 633 705 634
f 720 234 659
f 716 709 631
f 717 659 747
f 748 717 747
f 95 270 96
f 305 749 750
f 751 403 402
f 752 753 82
f 189 754 755
f 756 475 757
f 758 216 224
f 759 729 328
f 698 571 570
f 195 760 193
f 84 83 404
f 549 548 580
f 209 629 628
f 761 762 372
f 508 67 66
f 763 67 508
f 361 449 492
f 595 16 15
f 497 764 498
f 292 765 766
f 767 306 333
f 383 733 768
f 314 769 460
f 457 456 770
f 6 587 538
f 614 771 772
f 773 774 775
f 36 776 777
f 466 594 37
f 778 779 774
f 780 486 781
f 782 774 773
f 486 507 398
f 68 564 783
f 752 81 557
f 621 623 609
f 458 218 213
f 758 661 784
f 785 481 786
f 787 483 482
f 788 789 786
f 790 710 788
f 762 761 309
f 216 758 70
f 282 791 688
f 434 792 427
f 791 793 532
f 718 708 794
f 795 791 532
f 283 688 796
f 225 797 248
f 222 215 220
f 723 387 798
f 798 799 723
f 501 503 800
f 170 172 801
f 61 802 581
f 325 803 492
f 804 286 256
f 576 614 772
f 314 313 805
f 517 629 806
f 406 807 84
f 523 516 317
f 808 516 526
f 526 809 808
f 520 514 525
f 605 245 247
f 805 313 520
f 526 522 527
f 246 245 525
f 808 524 514
f 528 608 293
f 810 292 811
f 812 653 652
f 248 797 813
f 814 178 180
f 551 550 62
f 815 816 817
f 818 819 820
f 819 821 820
f 81 752 82
f 822 823 698
f 756 824 825
f 471 470 425
f 473 426 425
f 689 826 619
f 783 69 68
f 827 304 294
f 828 829 830
f 551 831 832
f 242 244 833
f 269 401 403
f 83 834 835
f 836 664 574
f 837 838 839
f 839 840 567
f 793 302 301
f 841 302 282
f 786 789 785
f 786 481 480
f 842 843 821
f 821 844 842
f 845 753 846
f 847 848 849
f 216 215 224
f 16 850 19
f 851 298 332
f 238 852 79
f 853 55 687
f 854 599 642
f 855 622 856
f 857 858 859
f 388 860 389
f 742 130 740
f 860 861 389
f 862 861 863
f 854 864 599
f 859 860 388
f 865 138 203
f 854 866 867
f 740 229 741
f 858 868 860
f 866 869 856
f 622 389 856
f 458 643 388
f 599 870 871
f 861 868 603
f 872 857 873
f 872 874 875
f 868 861 860
f 858 860 859
f 389 862 856
f 856 862 866
f 873 876 877
f 859 212 876
f 388 878 458
f 857 876 873
f 879 519 518
f 1 880 2
f 881 882 267
f 653 883 544
f 147 288 884
f 885 410 346
f 828 606 886
f 828 887 606
f 654 888 832
f 889 198 617
f 55 853 45
f 890 891 892
f 233 232 64
f 818 712 893
f 894 700 731
f 895 896 830
f 897 887 828
f 305 304 827
f 338 342 831
f 240 410 885
f 411 726 412
f 898 665 899
f 665 898 900
f 845 901 753
f 62 232 902
f 831 62 902
f 741 229 8
f 241 881 751
f 307 745 903
f 782 904 812
f 472 760 905
f 448 490 674
f 845 846 685
f 455 397 456
f 705 618 586
f 745 307 746
f 746 682 401
f 802 61 855
f 187 189 755
f 23 336 24
f 906 289 288
f 133 140 596
f 123 907 755
f 898 908 900
f 470 473 425
f 471 909 908
f 425 424 909
f 881 258 751
f 533 532 311
f 672 910 803
f 803 911 484
f 479 327 722
f 483 673 672
f 912 373 201
f 607 606 887
f 607 827 294
f 564 565 362
f 641 581 802
f 363 565 913
f 363 913 340
f 339 914 681
f 915 616 916
f 403 751 258
f 748 673 483
f 336 337 748
f 340 341 338
f 654 917 239
f 332 161 851
f 564 362 358
f 787 717 748
f 522 526 523
f 41 918 480
f 918 790 480
f 761 310 309
f 41 312 918
f 369 919 579
f 590 31 241
f 318 317 315
f 805 920 314
f 920 805 811
f 658 747 659
f 902 914 338
f 342 917 832
f 887 827 607
f 921 638 29
f 922 828 830
f 887 749 827
f 826 689 690
f 923 924 925
f 893 712 920
f 923 926 927
f 71 928 912
f 905 195 929
f 744 285 930
f 931 742 932
f 140 933 596
f 500 493 494
f 99 286 100
f 796 531 283
f 140 133 97
f 447 671 934
f 453 935 936
f 936 792 937
f 561 938 939
f 446 445 792
f 792 936 446
f 160 261 271
f 940 941 701
f 671 942 934
f 438 445 934
f 453 937 451
f 800 8 501
f 932 943 944
f 603 602 863
f 771 945 946
f 923 947 926
f 948 202 303
f 771 949 950
f 951 952 593
f 472 905 474
f 953 848 172
f 954 955 563
f 956 957 639
f 547 546 888
f 285 744 746
f 42 382 676
f 704 958 330
f 380 566 759
f 837 839 567
f 404 406 84
f 644 650 959
f 960 961 80
f 645 962 963
f 645 647 964
f 961 649 965
f 645 963 959
f 39 966 967
f 485 781 486
f 968 969 970
f 971 646 650
f 971 972 776
f 968 971 780
f 485 904 781
f 773 781 782
f 779 973 974
f 969 773 775
f 647 776 36
f 774 782 778
f 647 646 776
f 730 958 731
f 975 807 718
f 965 436 909
f 908 898 471
f 964 649 961
f 909 436 908
f 960 962 964
f 437 965 649
f 80 961 424
f 976 775 977
f 433 451 937
f 972 777 776
f 978 979 972
f 976 980 970
f 977 981 982
f 446 936 983
f 936 937 453
f 942 439 934
f 984 985 986
f 987 891 988
f 423 35 34
f 34 452 451
f 427 792 438
f 987 989 985
f 324 323 350
f 966 990 816
f 991 992 465
f 378 604 572
f 597 690 993
f 985 984 994
f 995 218 996
f 997 669 450
f 996 998 999
f 259 269 403
f 655 1000 656
f 509 959 462
f 462 959 963
f 685 462 1001
f 705 235 634
f 1002 1003 1004
f 65 1005 399
f 951 500 499
f 500 1006 11
f 1007 966 816
f 951 1006 500
f 1008 1009 1010
f 300 993 529
f 366 1011 1012
f 1011 843 1013
f 367 366 795
f 634 235 234
f 632 720 716
f 640 918 312
f 1014 626 208
f 1015 655 846
f 188 637 692
f 703 329 568
f 1016 439 942
f 1017 1016 1018
f 1017 1019 1016
f 812 883 653
f 470 472 474
f 1020 817 1021
f 1022 83 835
f 1023 406 1024
f 594 466 595
f 602 1025 863
f 732 1026 1004
f 110 639 1027
f 230 596 933
f 881 267 258
f 511 510 925
f 696 823 822
f 248 1028 249
f 269 109 285
f 723 343 345
f 599 871 597
f 869 642 802
f 876 214 379
f 1029 943 932
f 954 1030 1031
f 749 887 897
f 1030 244 693
f 640 349 357
f 1032 1033 1034
f 921 475 825
f 834 373 835
f 1035 728 85
f 136 250 679
f 134 133 740
f 1036 103 754
f 767 844 394
f 545 888 654
f 570 699 698
f 931 131 130
f 237 917 342
f 111 110 1027
f 667 510 496
f 847 721 1037
f 648 36 35
f 965 424 961
f 962 960 901
f 959 650 645
f 644 959 509
f 616 1007 617
f 1038 1039 1040
f 1 1041 903
f 1042 1043 1044
f 200 916 616
f 643 859 388
f 1030 954 192
f 793 301 309
f 82 753 901
f 82 960 80
f 462 495 509
f 998 1045 999
f 535 78 77
f 415 46 408
f 1001 962 901
f 1046 744 930
f 815 1047 1042
f 990 817 816
f 27 1048 1049
f 954 1031 955
f 1040 656 1000
f 625 618 633
f 1050 1051 813
f 1020 927 1052
f 1053 895 829
f 785 789 482
f 669 76 450
f 999 995 996
f 322 572 571
f 219 218 995
f 998 74 669
f 1054 995 536
f 134 740 130
f 390 389 622
f 617 198 200
f 554 176 553
f 554 550 555
f 62 550 554
f 552 555 550
f 544 485 399
f 242 833 1055
f 111 1027 1046
f 272 271 262
f 211 987 392
f 1056 420 693
f 864 1057 1058
f 831 551 62
f 886 606 605
f 817 990 1059
f 828 922 897
f 28 615 26
f 175 253 143
f 944 739 738
f 683 612 613
f 382 381 675
f 736 1024 405
f 1041 1060 308
f 764 684 543
f 13 5 513
f 679 88 136
f 727 1061 374
f 210 414 413
f 1062 26 407
f 249 1063 170
f 718 794 975
f 938 561 563
f 905 760 195
f 407 26 576
f 328 381 759
f 1064 706 708
f 912 201 71
f 562 1065 192
f 306 767 394
f 1020 1066 815
f 1067 952 1059
f 675 1068 676
f 196 600 197
f 138 613 250
f 128 111 1046
f 387 441 440
f 920 811 893
f 893 766 819
f 731 181 183
f 885 906 882
f 122 115 260
f 154 113 115
f 89 274 153
f 956 110 112
f 276 956 112
f 95 97 134
f 252 94 169
f 149 258 268
f 109 108 280
f 102 120 260
f 115 281 260
f 166 159 158
f 265 90 160
f 137 118 117
f 139 174 127
f 542 1005 65
f 95 132 255
f 100 135 87
f 286 804 287
f 166 144 146
f 104 261 153
f 107 257 150
f 144 1069 145
f 144 884 1069
f 271 273 264
f 915 502 992
f 664 836 665
f 968 780 969
f 780 971 650
f 650 644 780
f 773 780 781
f 974 774 779
f 774 974 775
f 972 968 970
f 983 936 935
f 1045 998 997
f 444 1070 997
f 977 982 976
f 982 983 980
f 1071 982 981
f 446 983 1070
f 453 979 935
f 997 450 444
f 1071 1045 1070
f 970 969 976
f 706 1064 636
f 784 913 565
f 1072 1055 263
f 739 916 200
f 1062 1073 1048
f 1026 1002 1004
f 946 668 1074
f 926 1052 927
f 929 946 1075
f 465 37 991
f 593 38 594
f 52 1076 1077
f 57 414 58
f 52 1077 1078
f 199 276 738
f 1010 813 1008
f 678 126 88
f 1079 840 1080
f 1081 131 931
f 956 276 205
f 512 1082 580
f 262 271 261
f 285 401 269
f 254 930 285
f 199 205 276
f 156 166 146
f 361 837 359
f 132 134 130
f 143 203 175
f 280 108 270
f 250 136 137
f 884 288 289
f 147 149 268
f 107 259 257
f 111 129 112
f 266 287 155
f 153 274 146
f 155 166 156
f 91 124 114
f 257 148 165
f 132 95 134
f 270 108 162
f 94 151 92
f 156 274 113
f 87 98 100
f 116 287 266
f 281 125 103
f 508 464 763
f 138 117 175
f 1019 428 1016
f 988 435 1083
f 1083 989 988
f 428 427 439
f 434 429 1083
f 428 1019 986
f 986 429 428
f 896 984 1019
f 691 637 1064
f 948 841 619
f 63 554 553
f 544 545 653
f 778 1084 779
f 776 646 971
f 781 904 782
f 19 850 17
f 9 17 7
f 13 1085 14
f 506 335 684
f 46 409 408
f 12 1085 513
f 764 543 542
f 467 469 413
f 809 526 43
f 1086 399 1005
f 12 11 1085
f 311 1087 533
f 391 209 211
f 275 1081 944
f 1041 1 30
f 39 38 1067
f 1088 695 656
f 217 221 215
f 279 849 277
f 1074 468 949
f 771 1074 949
f 1089 1011 366
f 409 1073 1062
f 1090 1084 778
f 1060 1041 418
f 950 467 57
f 1009 1043 1028
f 953 1038 733
f 197 835 1091
f 1052 1039 171
f 1092 182 737
f 1093 833 191
f 1094 1095 1096
f 686 31 590
f 1089 843 1011
f 413 573 210
f 234 720 634
f 1021 924 927
f 83 1022 404
f 734 277 849
f 848 734 849
f 1056 693 243
f 38 593 1067
f 1097 1002 1094
f 712 711 769
f 994 984 896
f 1017 830 896
f 1017 371 922
f 813 797 1050
f 330 958 730
f 582 332 331
f 652 239 1090
f 222 1054 535
f 1098 579 919
f 798 386 272
f 459 996 218
f 902 232 680
f 487 865 142
f 394 765 304
f 337 674 673
f 324 349 640
f 420 419 693
f 460 769 711
f 841 282 284
f 333 601 767
f 844 767 601
f 339 363 340
f 16 13 15
f 790 357 710
f 440 385 387
f 454 421 420
f 421 454 367
f 442 1099 440
f 820 821 843
f 237 662 1100
f 703 1101 1102
f 241 751 591
f 207 787 482
f 1014 789 788
f 790 788 786
f 735 958 1103
f 919 670 1098
f 602 1092 179
f 867 1025 1104
f 874 894 183
f 328 330 675
f 1024 1105 1023
f 592 951 593
f 992 502 501
f 418 417 1060
f 449 566 326
f 907 184 755
f 245 608 528
f 886 605 247
f 516 808 514
f 942 670 919
f 1078 524 808
f 293 810 528
f 1042 816 815
f 357 790 640
f 790 918 640
f 905 279 278
f 840 839 1080
f 841 284 619
f 1095 1106 1080
f 189 732 1036
f 1057 1104 178
f 386 798 387
f 321 941 1107
f 833 1093 1108
f 79 1084 1090
f 78 1084 79
f 1030 419 1031
f 1030 693 419
f 8 7 501
f 1109 1110 227
f 1111 825 824
f 752 1015 753
f 468 467 949
f 683 584 589
f 113 154 156
f 228 9 8
f 249 1028 1063
f 1112 1076 577
f 45 47 56
f 47 415 52
f 687 686 660
f 171 1038 953
f 899 193 760
f 28 27 1113
f 824 1049 1111
f 1053 629 1114
f 236 487 142
f 142 141 236
f 726 885 346
f 214 876 212
f 885 726 290
f 105 411 558
f 957 757 476
f 1065 561 1107
f 17 9 228
f 985 994 392
f 987 985 392
f 205 204 295
f 897 370 750
f 226 801 1037
f 231 351 232
f 560 559 696
f 943 1029 916
f 724 321 1107
f 1099 1089 368
f 928 1057 178
f 688 791 795
f 1115 533 955
f 51 308 49
f 660 51 50
f 686 590 660
f 1116 320 707
f 889 296 198
f 399 1086 544
f 25 1094 1096
f 575 211 210
f 938 310 1061
f 688 795 1012
f 709 206 208
f 517 806 247
f 408 407 416
f 907 123 124
f 489 492 910
f 791 282 793
f 909 471 425
f 436 965 437
f 432 908 436
f 843 842 1013
f 796 1013 1117
f 533 1115 534
f 1013 842 1117
f 1118 1117 842
f 1020 1052 1066
f 476 29 3
f 288 267 906
f 251 168 569
f 217 70 697
f 251 658 141
f 798 272 262
f 1000 655 1119
f 778 812 652
f 243 273 1056
f 676 40 42
f 1033 1101 568
f 807 1102 1032
f 975 794 1120
f 799 558 411
f 568 1101 703
f 899 760 472
f 1029 502 915
f 730 699 1068
f 313 315 317
f 336 747 569
f 957 477 757
f 1051 824 756
f 771 615 651
f 1050 1049 824
f 306 305 331
f 1050 1110 1113
f 966 39 990
f 510 1088 925
f 694 666 463
f 47 46 415
f 167 169 93
f 865 203 142
f 465 992 501
f 921 1111 1121
f 38 37 594
f 182 1092 602
f 409 418 1121
f 290 105 291
f 393 1114 391
f 629 517 519
f 1122 1076 59
f 52 1078 53
f 809 43 56
f 1077 1122 521
f 681 914 680
f 177 176 555
f 417 48 54
f 558 799 798
f 783 564 358
f 1108 701 186
f 702 636 186
f 636 702 706
f 696 877 697
f 212 859 643
f 878 388 390
f 603 863 861
f 752 768 1119
f 347 318 315
f 835 197 1022
f 1092 196 180
f 4 1082 512
f 1093 190 940
f 293 292 810
f 701 1116 702
f 822 872 696
f 599 1058 870
f 569 168 24
f 800 503 741
f 533 1087 955
f 689 619 284
f 689 530 690
f 948 619 72
f 619 826 620
f 1024 736 1103
f 12 513 548
f 867 863 1025
f 161 332 582
f 478 477 295
f 373 728 374
f 703 1102 1023
f 328 729 329
f 830 1017 922
f 1026 692 1106
f 227 1110 797
f 531 530 283
f 349 358 357
f 881 241 240
f 488 585 487
f 301 303 762
f 552 583 334
f 620 73 72
f 374 761 372
f 895 1053 994
f 238 79 1090
f 224 1100 661
f 922 371 370
f 986 985 989
f 892 664 663
f 890 435 988
f 986 989 1083
f 987 211 891
f 890 892 1123
f 1123 892 663
f 715 843 1089
f 421 534 1115
f 569 658 251
f 105 290 726
f 1056 273 386
f 183 894 731
f 823 559 571
f 384 473 474
f 184 907 185
f 1007 1044 617
f 473 557 426
f 1066 1047 815
f 741 8 800
f 771 950 772
f 467 950 949
f 583 541 543
f 54 45 853
f 706 702 1116
f 1051 756 297
f 461 455 683
f 917 654 832
f 321 725 319
f 560 69 350
f 299 641 598
f 827 749 305
f 958 735 731
f 279 905 929
f 448 1096 491
f 834 85 728
f 1124 194 836
f 545 654 653
f 85 84 1120
f 1062 407 409
f 1028 1043 1047
f 172 171 953
f 742 503 932
f 801 172 848
f 696 559 823
f 876 379 877
f 1035 725 724
f 616 967 1007
f 889 617 1044
f 1047 1043 1042
f 1038 1000 733
f 177 335 10
f 869 854 642
f 862 863 867
f 603 868 875
f 877 696 873
f 875 868 858
f 858 857 875
f 416 415 408
f 521 1122 879
f 809 53 1078
f 1112 59 1076
f 209 414 210
f 577 1076 52
f 1035 727 728
f 652 1090 778
f 1018 1016 942
f 1017 896 1019
f 413 469 573
f 382 42 722
f 1090 239 238
f 736 196 1092
f 81 426 557
f 468 1074 668
f 27 1062 1048
f 777 452 36
f 970 980 978
f 1045 1071 981
f 1125 977 974
f 972 970 978
f 978 935 979
f 972 979 777
f 982 1071 983
f 228 18 17
f 712 818 714
f 797 225 227
f 1085 13 513
f 10 493 11
f 942 671 670
f 919 1018 942
f 193 665 836
f 504 497 510
f 666 496 763
f 1034 718 1032
f 561 1065 562
f 90 1072 263
f 1106 691 1080
f 1097 1003 1002
f 244 1030 191
f 691 1106 692
f 732 1004 1036
f 103 1036 1004
f 123 755 754
f 701 1108 1093
f 773 969 780
f 701 1093 940
f 584 457 538
f 320 1116 941
f 826 871 870
f 199 198 204
f 59 58 879
f 628 58 414
f 1114 209 391
f 628 519 58
f 56 53 809
f 210 573 575
f 32 31 686
f 1014 207 789
f 1115 1031 419
f 223 77 852
f 928 71 73
f 1034 1033 840
f 778 782 812
f 78 779 1084
f 1100 662 661
f 1067 593 952
f 479 42 41
f 998 996 459
f 733 1000 768
f 921 1121 638
f 30 1 3
f 967 915 991
f 694 463 685
f 667 666 694
f 1088 510 667
f 501 7 465
f 952 1126 924
f 924 1126 925
f 511 925 1126
f 1041 30 638
f 816 1042 1007
f 926 1039 1052
f 882 881 240
f 249 801 226
f 656 947 1088
f 846 694 685
f 377 376 233
f 540 580 1082
f 6 537 4
f 785 327 481
f 10 12 176
f 756 478 297
f 377 64 553
f 512 548 513
f 543 684 583
f 36 452 34
f 170 801 249
f 642 599 598
f 418 409 46
f 1056 386 385
f 813 1010 248
f 852 1100 224
f 796 688 1012
f 290 906 885
f 558 262 106
f 947 923 925
f 300 529 743
f 729 360 359
f 567 1033 568
f 1032 718 807
f 731 700 699
f 400 1127 16
f 707 794 708
f 321 320 941
f 184 187 755
f 1102 1101 1032
f 727 939 1061
f 1061 939 938
f 737 181 735
f 975 84 807
f 948 72 71
f 1023 1102 807
f 179 178 1104
f 499 511 1126
f 822 698 700
f 821 819 394
f 1118 844 601
f 224 223 852
f 300 1118 601
f 715 714 820
f 588 587 18
f 872 822 894
f 874 872 894
f 867 1104 864
f 322 378 572
f 603 183 182
f 602 179 1025
f 1019 984 986
f 989 987 988
f 1083 429 986
f 428 439 1016
f 405 600 736
f 762 201 372
f 704 330 329
f 675 381 328
f 83 85 834
f 20 609 60
f 727 1035 724
f 1068 699 570
f 350 323 560
f 865 487 585
f 524 521 246
f 901 960 82
f 316 522 317
f 845 1001 901
f 1001 845 685
f 963 1001 462
f 105 104 291
f 717 787 206
f 208 627 709
f 143 252 141
f 335 506 494
f 610 1098 670
f 319 1120 794
f 537 770 4
f 340 784 661
f 826 690 597
f 1128 1129 721
f 950 1112 772
f 318 33 316
f 726 411 105
f 231 625 635
f 353 352 627
f 993 299 598
f 61 581 21
f 604 570 572
f 758 784 68
f 379 217 697
f 278 277 384
f 667 695 1088
f 1059 952 1021
f 952 924 1021
f 1050 824 1051
f 464 666 763
f 1129 1109 227
f 93 101 1003
f 815 817 1020
f 655 1015 1119
f 185 907 263
f 573 469 1124
f 541 547 545
f 26 614 576
f 1106 1095 1026
f 1108 186 185
f 1039 926 1040
f 1109 651 28
f 929 195 668
f 489 491 838
f 694 695 667
f 691 1064 719
f 912 1091 835
f 675 330 730
f 561 724 1107
f 1130 671 447
f 359 837 567
f 422 423 431
f 758 224 661
f 891 211 575
f 458 74 459
f 536 535 1054
f 998 459 74
f 435 430 433
f 1123 900 432
f 434 1083 435
f 435 890 430
f 890 1123 431
f 447 934 445
f 439 438 934
f 1070 444 446
f 626 354 356
f 1045 981 999
f 998 669 997
f 983 1071 1070
f 452 777 979
f 974 973 1125
f 287 116 119
f 1045 997 1070
f 976 982 980
f 579 1098 20
f 22 579 20
f 641 299 851
f 837 489 838
f 585 488 586
f 954 562 192
f 40 676 604
f 363 362 565
f 397 396 540
f 1065 190 192
f 870 620 826
f 308 1060 49
f 574 891 575
f 576 772 1112
f 1092 737 736
f 178 814 928
f 806 829 886
f 240 885 882
f 351 680 232
f 309 301 762
f 297 1008 1051
f 1087 938 563
f 955 1087 563
f 251 141 252
f 471 898 899
f 118 135 119
f 578 579 582
f 811 766 893
f 394 819 766
f 864 854 867
f 194 193 836
f 910 490 489
f 622 855 623
f 325 911 803
f 337 673 748
f 705 488 235
f 17 850 1127
f 16 595 400
f 592 15 14
f 14 1085 11
f 506 684 764
f 879 1122 59
f 1076 1122 1077
f 58 519 879
f 503 1029 932
f 400 17 1127
f 1113 1110 1109
f 690 529 993
f 222 219 1054
f 919 369 1018
f 660 853 687
f 125 281 115
f 119 135 100
f 113 274 91
f 287 804 155
f 118 137 136
f 807 406 1023
f 291 1069 289
f 154 122 266
f 159 804 164
f 173 165 256
f 261 160 89
f 104 145 291
f 1057 864 1104
f 199 739 200
f 588 230 677
f 26 1062 27
f 621 390 622
f 371 1017 1018
f 311 310 1087
f 315 460 347
f 721 226 1037
f 1081 275 112
f 1129 1128 945
f 1081 112 129
f 251 169 168
f 256 164 804
f 851 161 581
f 109 269 107
f 101 92 102
f 158 144 166
f 628 414 209
f 163 98 174
f 804 159 155
f 114 113 91
f 102 260 281
f 355 362 356
f 713 865 585
f 532 793 311
f 584 538 587
f 615 771 614
f 361 566 449
f 52 416 577
f 47 45 48
f 437 422 436
f 430 34 451
f 461 395 397
f 510 511 504
f 1113 1109 28
f 836 574 1124
f 757 478 756
f 592 1006 951
f 499 505 511
f 509 495 508
f 245 605 608
f 549 539 553
f 810 520 528
f 810 805 520
f 246 518 247
f 516 515 317
f 201 373 372
f 811 805 810
f 228 230 588
f 620 870 1058
f 551 546 552
f 1082 4 770
f 888 545 547
f 119 100 286
f 874 183 603
f 609 623 60
f 18 587 6
f 852 77 79
f 589 584 587
f 412 348 344
f 337 448 674
f 503 502 1029
f 745 880 903
f 69 560 70
f 787 748 483
f 24 168 167
f 357 355 710
f 212 643 213
f 647 648 649
f 869 802 855
f 586 375 396
f 346 318 347
f 69 783 350
f 915 967 616
f 846 655 657
f 657 694 846
f 624 1130 450
f 682 307 51
f 1005 542 1086
f 851 299 298
f 803 484 672
f 305 750 331
f 590 591 402
f 799 411 343
f 339 681 365
f 177 555 334
f 385 440 454
f 376 618 625
f 852 238 1100
f 625 633 635
f 631 630 635
f 1089 1099 715
f 1099 368 440
f 319 707 320
f 206 787 207
f 19 5 16
f 659 717 716
f 1089 366 368
f 206 709 716
f 933 677 230
f 938 1087 310
f 71 202 948
f 464 508 495
f 497 504 764
f 494 506 505
f 766 811 292
f 314 920 769
f 644 486 780
f 972 971 968
f 65 498 542
f 933 678 677
f 588 677 589
f 1095 838 491
f 943 739 944
f 526 516 523
f 809 1078 808
f 515 514 520
f 515 313 317
f 49 1060 417
f 1053 393 994
f 636 184 186
f 880 1 903
f 610 671 1130
f 844 1118 842
f 1119 768 1000
f 822 700 894
f 888 551 832
f 479 722 42
f 461 713 395
f 869 855 856
f 878 390 75
f 876 857 859
f 861 862 389
f 864 1058 599
f 874 603 875
f 872 875 857
f 880 1046 1027
f 891 574 892
f 267 882 906
f 232 62 64
f 819 818 893
f 832 831 342
f 237 341 662
f 273 243 264
f 110 956 639
f 899 472 471
f 931 932 944
f 625 233 376
f 325 327 911
f 345 441 723
f 327 785 911
f 910 492 803
f 674 910 672
f 788 710 354
f 1014 788 354
f 327 479 481
f 525 524 246
f 678 88 679
f 1128 721 847
f 188 692 732
f 956 205 957
f 890 431 430
f 1123 432 431
f 427 429 434
f 445 438 792
f 865 713 138
f 370 578 750
f 641 851 581
f 944 1081 931
f 744 880 745
f 524 1077 521
f 382 722 380
f 229 228 8
f 829 806 1053
f 961 960 964
f 36 648 647
f 775 976 969
f 908 432 900
f 426 80 424
f 647 649 964
f 78 536 973
f 775 974 977
f 937 792 434
f 981 1125 999
f 988 891 890
f 566 360 759
f 999 536 995
f 915 992 991
f 39 1067 990
f 743 1117 1118
f 73 620 1058
f 531 796 1117
f 795 532 534
f 829 895 830
f 886 829 828
f 654 239 652
f 1046 930 128
f 678 933 126
f 371 1018 369
f 621 75 390
f 697 877 379
f 1027 639 2
f 133 596 229
f 1022 600 404
f 763 498 67
f 324 640 378
f 1009 889 1043
f 126 933 140
f 651 945 771
f 1024 406 405
f 1027 2 880
f 258 259 403
f 77 223 535
f 962 1001 963
f 563 562 954
f 276 275 738
f 569 747 658
f 176 549 553
f 548 176 12
f 370 897 922
f 578 331 750
f 237 1100 238
f 1037 848 847
f 1066 170 1063
f 826 597 871
f 735 1103 736
f 440 368 454
f 358 350 783
f 127 174 86
f 132 129 128
f 116 266 121
f 116 152 117
f 155 154 266
f 286 99 256
f 153 261 89
f 162 150 173
f 884 157 147
f 254 280 255
f 145 1069 291
f 884 158 157
f 779 78 973
f 1125 981 977
f 983 978 980
f 1048 1073 1111
f 1115 955 1031
f 1065 940 190
f 1109 1129 651
f 1067 1059 990
f 1129 227 721
f 1075 1128 847
f 527 32 44
f 11 1006 14
f 820 843 715
f 714 818 820
f 180 1091 814
f 1037 801 848
f 556 752 557
f 703 1023 1105
f 278 474 905
f 795 366 1012
f 1013 1012 1011
f 674 490 910
f 373 912 835
f 610 20 1098
f 75 621 611
f 878 75 74
f 663 665 900
f 333 332 298
f 306 331 333
f 609 610 624
f 766 765 394
f 711 344 460
f 784 565 68
f 420 1056 385
f 841 303 302
f 298 300 601
f 786 480 790
f 1099 442 715
f 1073 409 1121
f 1025 179 1104
f 704 703 1105
f 1049 1113 27
f 724 561 939
f 1059 1021 817
f 521 879 518
f 527 44 43
f 1121 418 638
f 528 525 245
f 607 608 605
f 768 752 556
f 247 806 886
f 419 421 1115
f 793 309 311
f 1036 754 189
f 242 1072 265
f 951 1126 952
f 191 190 1093
f 208 207 1014
f 906 290 289
f 1130 624 610
f 1107 941 940
f 994 393 392
f 598 597 993
f 540 539 580
f 846 753 1015
f 889 1009 1008
f 691 1079 1080
f 384 557 473
f 489 837 361
f 1033 567 840
f 1095 1080 839
f 1028 1047 1063
f 1008 297 296
f 1053 806 629
f 32 527 316
f 1097 25 167
f 950 57 1112
f 1003 101 103
f 1095 1094 1026
f 796 1012 1013
f 916 739 943
f 236 141 658
f 476 757 475
f 735 181 731
f 695 657 656
f 927 1020 1021
f 636 187 184
f 923 927 924
f 57 59 1112
f 1101 1033 1032
f 524 1078 1077
f 205 477 957
f 574 664 892
f 407 576 416
f 559 322 571
f 171 1066 1052
f 209 1114 629
f 393 1053 1114
f 946 929 668
f 279 1075 847
f 925 1088 947
f 475 756 825
f 541 583 546
f 242 1055 1072
f 732 692 1026
f 754 125 123
f 1024 1103 1105
f 319 794 707
f 559 323 322
f 718 1034 719
f 335 334 684
f 947 656 1040
f 1103 958 704
f 1055 1108 185
f 437 648 35
f 424 965 909
f 889 1008 296
f 914 902 680
f 201 762 303
f 1123 663 900
f 1126 951 499
f 70 560 697
f 1096 448 25
f 1111 1049 1048
f 124 263 907
f 967 966 1007
f 1061 761 374
f 464 463 666
f 279 847 849
f 1015 752 1119
f 468 194 1124
f 84 975 1120
f 568 729 359
f 1044 1043 889
f 725 1120 319
f 768 556 383
f 867 866 862
f 696 872 873
f 211 392 391
f 1054 219 995
f 536 1125 973
f 450 1130 447
f 498 763 496
f 719 1079 691
f 940 1065 1107
f 1002 1026 1094
f 833 1108 1055
f 1097 93 1003
f 544 1086 542
f 191 833 244
f 1120 725 85
f 1111 1073 1121
f 29 475 921
f 1050 1113 1049
f 249 226 225
f 1041 638 418
f 296 204 198
f 553 539 377
f 729 759 360
f 549 580 539
f 242 265 264
f 734 848 733
f 1038 171 1039
f 343 723 799
f 73 1057 928
f 600 196 736
f 719 1034 1079
f 839 838 1095
f 103 1004 1003
f 719 1064 708
f 394 844 821
f 704 1105 1103
f 600 1022 197
f 380 759 381
f 724 939 727
f 336 748 747
f 223 222 535
f 477 478 757
f 1050 797 1110
f 725 1035 85
f 912 928 814
f 1127 850 16
f 299 993 300
f 1051 1008 813
f 103 125 754
f 1042 1044 1007
f 1000 1038 1040
f 193 899 665
f 263 1055 185
f 469 468 1124
f 45 56 43
f 636 1064 637
f 1030 192 191
f 1079 1034 840
f 706 1116 707
f 202 201 303
f 578 370 369
f 222 224 215
f 70 758 68
f 44 687 55
f 869 866 854
f 222 220 219
f 70 217 216
f 21 20 60
f 770 537 457
f 770 456 540
f 303 841 948
f 604 676 570
f 400 595 466
f 228 588 18
f 353 365 681
f 1125 536 999
f 711 345 344
f 11 493 500
f 498 764 542
f 1041 308 903
f 1029 915 916
f 1074 771 946
f 945 1128 1075
f 853 660 50
f 577 576 1112
f 761 1061 310
f 90 265 1072
f 98 87 86
f 182 181 737
f 1057 73 1058
f 683 455 584
f 48 45 54
f 219 214 213
f 94 252 143
f 1081 129 131
f 97 96 139
f 128 930 254
f 94 253 151
f 158 884 144
f 364 365 353
f 585 395 713
f 506 764 504
f 592 14 1006
f 834 728 373
f 623 855 61
f 271 264 160
f 334 555 552
f 722 326 380
f 534 367 795
f 1082 770 540
f 63 62 554
f 582 22 161
f 46 48 417
f 705 586 488
f 676 1068 570
f 662 341 340
f 720 632 634
f 340 913 784
f 179 1092 180
f 484 911 785
f 853 50 54
f 941 1116 701
f 682 746 307
f 751 402 591
f 54 49 417
f 491 1096 1095
f 609 611 621
f 282 302 793
f 1117 743 531
f 482 484 785
f 883 812 904
f 904 485 883
f 304 765 294
f 831 902 338
f 74 458 878
f 589 679 612
f 896 895 994
f 401 682 402
f 903 308 307
f 1075 279 929
f 221 217 379
f 341 237 342
f 482 789 207
f 423 34 430
f 1111 921 825
f 451 433 430
f 194 468 195
f 613 138 713
f 686 44 32
f 331 578 582
f 434 433 937
f 25 1097 1094
f 935 978 983
f 453 452 979
f 66 65 398
f 1118 300 743
f 354 626 1014
f 546 551 888
f 294 765 292
f 239 917 237
f 991 37 39
f 897 750 749
f 171 170 1066
f 503 742 741
f 3 639 476
f 642 641 802
f 880 744 1046
f 740 133 229
f 142 203 143
f 645 964 962
f 476 639 957
f 679 250 612
f 509 507 644
f 944 738 275
f 289 1069 884
f 931 130 742
f 814 1091 912
f 613 461 683
f 945 651 1129
f 164 157 159
f 39 967 991
f 1068 675 730
f 571 698 823
f 611 624 76
f 544 883 485
f 350 358 349
f 769 920 712
f 338 914 339
f 1047 1066 1063
f 93 1097 167
f 734 383 277
f 295 204 296
f 367 534 421
f 180 197 1091
f 262 558 798
f 1009 1028 1010
f 1040 926 947
f 1075 946 945
f 1028 248 1010
f 573 1124 574
f 733 848 953
