ISO-10303-21;
HEADER;
/* Generated by software containing ST-Developer
 * from STEP Tools, Inc. (www.steptools.com) 
 */
/* OPTION: using custom renumber hook */

FILE_DESCRIPTION(
/* description */ (
'CAx-IF Rec.Pracs.---Representation and Presentation of Product Manufa
cturing Information (PMI)---4.0---2014-10-13',
'CAx-IF Rec.Pracs.---3D Tessellated Geometry---0.4---2014-09-14','2;1'),

/* implementation_level */ '2;1');

FILE_NAME(
/* name */ 'l_index_finger_proximal_abd_collision',
/* time_stamp */ '2026-08-06T23:54:33-07:00',
/* author */ (''),
/* organization */ (''),
/* preprocessor_version */ 'ST-DEVELOPER v20',
/* originating_system */ 'SIEMENS PLM Software NX2412.8300',
/* authorisation */ $);

FILE_SCHEMA (('AP242_MANAGED_MODEL_BASED_3D_ENGINEERING_MIM_LF { 1 0 10303 442 1 1 4 }'));
ENDSEC;

DATA;
#10=MECHANICAL_DESIGN_AND_DRAUGHTING_RELATIONSHIP('','',#26,#27);
#11=MECHANICAL_DESIGN_AND_DRAUGHTING_RELATIONSHIP('','',#28,#27);
#12=MECHANICAL_DESIGN_AND_DRAUGHTING_RELATIONSHIP('','',#29,#27);
#13=MECHANICAL_DESIGN_AND_DRAUGHTING_RELATIONSHIP('','',#30,#27);
#14=MECHANICAL_DESIGN_AND_DRAUGHTING_RELATIONSHIP('','',#31,#27);
#15=MECHANICAL_DESIGN_AND_DRAUGHTING_RELATIONSHIP('','',#32,#27);
#16=MECHANICAL_DESIGN_AND_DRAUGHTING_RELATIONSHIP('','',#33,#27);
#17=MECHANICAL_DESIGN_AND_DRAUGHTING_RELATIONSHIP('','',#34,#27);
#18=MODEL_GEOMETRIC_VIEW('Top','',#53,#26);
#19=MODEL_GEOMETRIC_VIEW('Front','',#54,#28);
#20=MODEL_GEOMETRIC_VIEW('Right','',#55,#29);
#21=MODEL_GEOMETRIC_VIEW('Back','',#56,#30);
#22=MODEL_GEOMETRIC_VIEW('Bottom','',#57,#31);
#23=MODEL_GEOMETRIC_VIEW('Left','',#58,#32);
#24=MODEL_GEOMETRIC_VIEW('Isometric','',#59,#33);
#25=MODEL_GEOMETRIC_VIEW('Trimetric','',#60,#34);
#26=DRAUGHTING_MODEL('Top',(#53,#44),#2389);
#27=DRAUGHTING_MODEL('',(#45),#2389);
#28=DRAUGHTING_MODEL('Front',(#54,#46),#2389);
#29=DRAUGHTING_MODEL('Right',(#55,#47),#2389);
#30=DRAUGHTING_MODEL('Back',(#56,#48),#2389);
#31=DRAUGHTING_MODEL('Bottom',(#57,#49),#2389);
#32=DRAUGHTING_MODEL('Left',(#58,#50),#2389);
#33=DRAUGHTING_MODEL('Isometric',(#59,#51),#2389);
#34=DRAUGHTING_MODEL('Trimetric',(#60,#52),#2389);
#35=REPRESENTATION_MAP(#817,#78);
#36=REPRESENTATION_MAP(#817,#78);
#37=REPRESENTATION_MAP(#817,#78);
#38=REPRESENTATION_MAP(#817,#78);
#39=REPRESENTATION_MAP(#817,#78);
#40=REPRESENTATION_MAP(#817,#78);
#41=REPRESENTATION_MAP(#817,#78);
#42=REPRESENTATION_MAP(#817,#78);
#43=REPRESENTATION_MAP(#817,#78);
#44=MAPPED_ITEM('',#35,#817);
#45=MAPPED_ITEM('',#36,#817);
#46=MAPPED_ITEM('',#37,#817);
#47=MAPPED_ITEM('',#38,#817);
#48=MAPPED_ITEM('',#39,#817);
#49=MAPPED_ITEM('',#40,#817);
#50=MAPPED_ITEM('',#41,#817);
#51=MAPPED_ITEM('',#42,#817);
#52=MAPPED_ITEM('',#43,#817);
#53=CAMERA_MODEL_D3('Top',#870,#61);
#54=CAMERA_MODEL_D3('Front',#872,#62);
#55=CAMERA_MODEL_D3('Right',#874,#63);
#56=CAMERA_MODEL_D3('Back',#876,#64);
#57=CAMERA_MODEL_D3('Bottom',#878,#65);
#58=CAMERA_MODEL_D3('Left',#880,#66);
#59=CAMERA_MODEL_D3('Isometric',#882,#67);
#60=CAMERA_MODEL_D3('Trimetric',#884,#68);
#61=VIEW_VOLUME(.PARALLEL.,#2365,26.1752243041992,0.,.F.,0.,.F.,.F.,#69);
#62=VIEW_VOLUME(.PARALLEL.,#2368,83.8086318969727,0.,.F.,0.,.F.,.F.,#70);
#63=VIEW_VOLUME(.PARALLEL.,#2371,83.8086357116699,0.,.F.,0.,.F.,.F.,#71);
#64=VIEW_VOLUME(.PARALLEL.,#2374,83.8086318969727,0.,.F.,0.,.F.,.F.,#72);
#65=VIEW_VOLUME(.PARALLEL.,#2377,26.1752243041992,0.,.F.,0.,.F.,.F.,#73);
#66=VIEW_VOLUME(.PARALLEL.,#2380,83.8086318969727,0.,.F.,0.,.F.,.F.,#74);
#67=VIEW_VOLUME(.PARALLEL.,#2383,92.124186007564,0.,.F.,0.,.F.,.F.,#75);
#68=VIEW_VOLUME(.PARALLEL.,#2386,93.159526360045,0.,.F.,0.,.F.,.F.,#76);
#69=PLANAR_BOX('',13.0524327728019,13.0524327728019,#871);
#70=PLANAR_BOX('',41.7916775383753,41.7916775383753,#873);
#71=PLANAR_BOX('',41.791679440597,41.791679440597,#875);
#72=PLANAR_BOX('',41.7916775383753,41.7916775383753,#877);
#73=PLANAR_BOX('',13.0524327728019,13.0524327728019,#879);
#74=PLANAR_BOX('',41.7916775383753,41.7916775383753,#881);
#75=PLANAR_BOX('',45.9382785277574,45.9382785277574,#883);
#76=PLANAR_BOX('',46.4545572113964,46.4545572113964,#885);
#77=SHAPE_REPRESENTATION_RELATIONSHIP('','',#816,#78);
#78=ADVANCED_BREP_SHAPE_REPRESENTATION('',(#814),#2389);
#79=PLANE('',#846);
#80=PLANE('',#848);
#81=PLANE('',#851);
#82=PLANE('',#854);
#83=PLANE('',#857);
#84=PLANE('',#858);
#85=CONICAL_SURFACE('',#828,7.00000000013984,0.785398163389439);
#86=CONICAL_SURFACE('',#831,7.00000000013986,0.785398163443776);
#87=CONICAL_SURFACE('',#836,7.00000000013986,0.785398163405169);
#88=CONICAL_SURFACE('',#839,7.00000000013986,0.785398163380508);
#89=CONICAL_SURFACE('',#864,7.00000000013986,0.785398163380508);
#90=CONICAL_SURFACE('',#865,7.00000000013986,0.785398163405169);
#91=CONICAL_SURFACE('',#867,7.00000000013986,0.785398163443776);
#92=CONICAL_SURFACE('',#868,7.00000000013984,0.785398163389439);
#93=TOROIDAL_SURFACE('',#825,6.49999999977856,0.999999999965929);
#94=TOROIDAL_SURFACE('',#840,6.49999999977856,0.999999999965934);
#95=TOROIDAL_SURFACE('',#859,6.49999999977856,0.999999999965931);
#96=TOROIDAL_SURFACE('',#860,6.49999999977856,0.999999999965931);
#97=TOROIDAL_SURFACE('',#862,6.49999999977856,0.999999999965934);
#98=TOROIDAL_SURFACE('',#869,6.49999999977856,0.999999999965929);
#99=(
BOUNDED_CURVE()
B_SPLINE_CURVE(3,(#1216,#1217,#1218,#1219),.UNSPECIFIED.,.F.,.F.)
B_SPLINE_CURVE_WITH_KNOTS((4,4),(4.19255906578548,4.30379483480033),
 .UNSPECIFIED.)
CURVE()
GEOMETRIC_REPRESENTATION_ITEM()
RATIONAL_B_SPLINE_CURVE((1.,0.998969149413804,0.998969149413804,1.))
REPRESENTATION_ITEM('')
);
#100=(
BOUNDED_CURVE()
B_SPLINE_CURVE(3,(#1259,#1260,#1261,#1262),.UNSPECIFIED.,.F.,.F.)
B_SPLINE_CURVE_WITH_KNOTS((4,4),(1.97938810004702,2.09061595613841),
 .UNSPECIFIED.)
CURVE()
GEOMETRIC_REPRESENTATION_ITEM()
RATIONAL_B_SPLINE_CURVE((1.,0.998969296032994,0.998969296032994,1.))
REPRESENTATION_ITEM('')
);
#101=(
BOUNDED_CURVE()
B_SPLINE_CURVE(3,(#1468,#1469,#1470,#1471),.CIRCULAR_ARC.,.F.,.F.)
B_SPLINE_CURVE_WITH_KNOTS((4,4),(0.,1.),.UNSPECIFIED.)
CURVE()
GEOMETRIC_REPRESENTATION_ITEM()
RATIONAL_B_SPLINE_CURVE((1.,0.576518557951301,0.576518557951301,1.))
REPRESENTATION_ITEM('')
);
#102=(
BOUNDED_CURVE()
B_SPLINE_CURVE(3,(#1472,#1473,#1474,#1475),.CIRCULAR_ARC.,.F.,.F.)
B_SPLINE_CURVE_WITH_KNOTS((4,4),(0.,1.),.UNSPECIFIED.)
CURVE()
GEOMETRIC_REPRESENTATION_ITEM()
RATIONAL_B_SPLINE_CURVE((1.,0.569171510473891,0.569171510473891,1.))
REPRESENTATION_ITEM('')
);
#103=(
BOUNDED_CURVE()
B_SPLINE_CURVE(3,(#1807,#1808,#1809,#1810),.CIRCULAR_ARC.,.F.,.F.)
B_SPLINE_CURVE_WITH_KNOTS((4,4),(0.,1.),.UNSPECIFIED.)
CURVE()
GEOMETRIC_REPRESENTATION_ITEM()
RATIONAL_B_SPLINE_CURVE((1.,0.856037563259866,0.856037563259866,1.))
REPRESENTATION_ITEM('')
);
#104=(
BOUNDED_CURVE()
B_SPLINE_CURVE(3,(#1836,#1837,#1838,#1839),.CIRCULAR_ARC.,.F.,.F.)
B_SPLINE_CURVE_WITH_KNOTS((4,4),(0.,1.),.UNSPECIFIED.)
CURVE()
GEOMETRIC_REPRESENTATION_ITEM()
RATIONAL_B_SPLINE_CURVE((1.,0.856037563259866,0.856037563259866,1.))
REPRESENTATION_ITEM('')
);
#105=(
BOUNDED_CURVE()
B_SPLINE_CURVE(3,(#1844,#1845,#1846,#1847),.CIRCULAR_ARC.,.F.,.F.)
B_SPLINE_CURVE_WITH_KNOTS((4,4),(0.,1.),.UNSPECIFIED.)
CURVE()
GEOMETRIC_REPRESENTATION_ITEM()
RATIONAL_B_SPLINE_CURVE((1.,0.569171510473892,0.569171510473892,1.))
REPRESENTATION_ITEM('')
);
#106=(
BOUNDED_CURVE()
B_SPLINE_CURVE(3,(#2305,#2306,#2307,#2308),.CIRCULAR_ARC.,.F.,.F.)
B_SPLINE_CURVE_WITH_KNOTS((4,4),(0.,1.),.UNSPECIFIED.)
CURVE()
GEOMETRIC_REPRESENTATION_ITEM()
RATIONAL_B_SPLINE_CURVE((1.,0.576518557951298,0.576518557951298,1.))
REPRESENTATION_ITEM('')
);
#107=B_SPLINE_CURVE_WITH_KNOTS('',3,(#1110,#1111,#1112,#1113,#1114,#1115,
#1116,#1117,#1118),.UNSPECIFIED.,.F.,.F.,(4,1,1,1,1,1,4),(0.,0.0625,0.125,
0.25,0.375,0.5,1.),.UNSPECIFIED.);
#108=B_SPLINE_CURVE_WITH_KNOTS('',3,(#1120,#1121,#1122,#1123),
 .UNSPECIFIED.,.F.,.F.,(4,4),(0.,0.000326421479189303),.UNSPECIFIED.);
#109=B_SPLINE_CURVE_WITH_KNOTS('',3,(#1127,#1128,#1129,#1130,#1131,#1132,
#1133,#1134,#1135,#1136,#1137,#1138,#1139),.UNSPECIFIED.,.F.,.F.,(4,1,1,
1,1,1,1,1,1,1,4),(0.,0.0625,0.125,0.1875,0.25,0.375,0.5,0.625,0.75,0.875,
1.),.UNSPECIFIED.);
#110=B_SPLINE_CURVE_WITH_KNOTS('',3,(#1143,#1144,#1145,#1146),
 .UNSPECIFIED.,.F.,.F.,(4,4),(0.,0.000326421479189303),.UNSPECIFIED.);
#111=B_SPLINE_CURVE_WITH_KNOTS('',3,(#1148,#1149,#1150,#1151,#1152,#1153,
#1154,#1155,#1156,#1157,#1158),.UNSPECIFIED.,.F.,.F.,(4,1,1,1,1,1,1,1,4),
(0.,0.0625,0.125,0.25,0.375,0.5,0.75,0.875,1.),.UNSPECIFIED.);
#112=B_SPLINE_CURVE_WITH_KNOTS('',3,(#1164,#1165,#1166,#1167,#1168,#1169,
#1170,#1171),.UNSPECIFIED.,.F.,.F.,(4,2,2,4),(-0.691680827713267,-0.605369305497258,
-0.519117750085938,-0.511229376073003),.UNSPECIFIED.);
#113=B_SPLINE_CURVE_WITH_KNOTS('',3,(#1173,#1174,#1175,#1176,#1177,#1178,
#1179,#1180,#1181,#1182,#1183,#1184,#1185,#1186,#1187,#1188,#1189,#1190,
#1191,#1192,#1193,#1194,#1195,#1196,#1197,#1198,#1199,#1200,#1201,#1202,
#1203,#1204,#1205,#1206,#1207,#1208,#1209,#1210,#1211,#1212,#1213,#1214),
 .UNSPECIFIED.,.F.,.F.,(4,2,2,2,2,2,2,2,2,2,2,2,2,2,2,2,2,2,2,2,4),(0.,
0.0624620311054811,0.125061205297013,0.187629571450893,0.25,0.305746707748609,
0.360923647588706,0.375,0.424942482127458,0.437536865090858,0.486583428018213,
0.5,0.562174268529384,0.59347229650396,0.624843010455078,0.695977528749776,
0.75,0.800891920184251,0.851267304022021,0.875,1.),.UNSPECIFIED.);
#114=B_SPLINE_CURVE_WITH_KNOTS('',3,(#1223,#1224,#1225,#1226),
 .UNSPECIFIED.,.F.,.F.,(4,4),(0.,0.000326421479189292),.UNSPECIFIED.);
#115=B_SPLINE_CURVE_WITH_KNOTS('',3,(#1228,#1229,#1230,#1231,#1232,#1233,
#1234,#1235,#1236,#1237),.UNSPECIFIED.,.F.,.F.,(4,1,1,1,1,1,1,4),(0.,0.0625,
0.125,0.25,0.375,0.5,0.75,1.),.UNSPECIFIED.);
#116=B_SPLINE_CURVE_WITH_KNOTS('',3,(#1241,#1242,#1243,#1244,#1245,#1246,
#1247,#1248,#1249,#1250),.UNSPECIFIED.,.F.,.F.,(4,1,1,1,1,1,1,4),(0.,0.0625,
0.125,0.25,0.375,0.5,0.75,1.),.UNSPECIFIED.);
#117=B_SPLINE_CURVE_WITH_KNOTS('',3,(#1252,#1253,#1254,#1255),
 .UNSPECIFIED.,.F.,.F.,(4,4),(0.,0.000326421479189308),.UNSPECIFIED.);
#118=B_SPLINE_CURVE_WITH_KNOTS('',3,(#1264,#1265,#1266,#1267,#1268,#1269,
#1270,#1271,#1272,#1273,#1274,#1275,#1276,#1277,#1278,#1279,#1280,#1281,
#1282,#1283,#1284,#1285,#1286,#1287,#1288,#1289,#1290,#1291,#1292,#1293,
#1294,#1295,#1296,#1297,#1298,#1299,#1300,#1301,#1302,#1303,#1304,#1305,
#1306,#1307,#1308,#1309,#1310,#1311,#1312,#1313,#1314,#1315,#1316,#1317,
#1318),.UNSPECIFIED.,.F.,.F.,(4,3,3,3,3,3,3,3,3,3,3,3,3,3,3,3,3,3,4),(0.,
0.0625843219489602,0.0937691201949792,0.124928532983012,0.187308083605258,
0.25,0.323450212388944,0.374951838185815,0.437280667834224,0.499999998965545,
0.531442997245156,0.562756564006852,0.625146566753328,0.687464140452049,
0.749999998599535,0.849718975409747,0.875076369407272,0.975624236686151,
1.),.UNSPECIFIED.);
#119=B_SPLINE_CURVE_WITH_KNOTS('',3,(#1320,#1321,#1322,#1323,#1324,#1325,
#1326,#1327),.UNSPECIFIED.,.F.,.F.,(4,2,2,4),(-0.180153326832503,-0.17234944970939,
-0.0862047025264633,-9.99999999112822E-7),.UNSPECIFIED.);
#120=B_SPLINE_CURVE_WITH_KNOTS('',3,(#1333,#1334,#1335,#1336,#1337,#1338),
 .UNSPECIFIED.,.F.,.F.,(4,1,1,4),(0.,0.5,0.75,1.),.UNSPECIFIED.);
#121=B_SPLINE_CURVE_WITH_KNOTS('',3,(#1345,#1346,#1347,#1348),
 .UNSPECIFIED.,.F.,.F.,(4,4),(1.2266347333467E-18,0.000326421479189288),
 .UNSPECIFIED.);
#122=B_SPLINE_CURVE_WITH_KNOTS('',3,(#1357,#1358,#1359,#1360),
 .UNSPECIFIED.,.F.,.F.,(4,4),(8.67361737988404E-19,0.000326421479189311),
 .UNSPECIFIED.);
#123=B_SPLINE_CURVE_WITH_KNOTS('',3,(#1380,#1381,#1382,#1383,#1384,#1385,
#1386),.UNSPECIFIED.,.F.,.F.,(4,1,1,1,4),(0.,0.125,0.25,0.5,1.),
 .UNSPECIFIED.);
#124=B_SPLINE_CURVE_WITH_KNOTS('',3,(#1387,#1388,#1389,#1390,#1391,#1392,
#1393,#1394,#1395,#1396,#1397,#1398,#1399,#1400),.UNSPECIFIED.,.F.,.F.,
(4,1,1,1,1,1,1,1,1,1,1,4),(0.,0.0625,0.125,0.25,0.3125,0.375,0.5,0.625,
0.75,0.8125,0.875,1.),.UNSPECIFIED.);
#125=B_SPLINE_CURVE_WITH_KNOTS('',3,(#1419,#1420,#1421,#1422,#1423,#1424,
#1425,#1426,#1427,#1428,#1429,#1430,#1431,#1432,#1433,#1434),
 .UNSPECIFIED.,.F.,.F.,(4,1,1,1,1,1,1,1,1,1,1,1,1,4),(0.,0.0625,0.125,0.25,
0.3125,0.375,0.4375,0.5,0.5625,0.625,0.6875,0.75,0.875,1.),
 .UNSPECIFIED.);
#126=B_SPLINE_CURVE_WITH_KNOTS('',3,(#1436,#1437,#1438,#1439,#1440,#1441,
#1442,#1443,#1444,#1445),.UNSPECIFIED.,.F.,.F.,(4,1,1,1,1,1,1,4),(0.,0.0625,
0.125,0.25,0.5,0.75,0.875,1.),.UNSPECIFIED.);
#127=B_SPLINE_CURVE_WITH_KNOTS('',3,(#1447,#1448,#1449,#1450,#1451,#1452,
#1453,#1454,#1455,#1456,#1457,#1458,#1459),.UNSPECIFIED.,.F.,.F.,(4,1,1,
1,1,1,1,1,1,1,4),(0.,0.0625,0.125,0.1875,0.25,0.3125,0.375,0.4375,0.5,0.75,
1.),.UNSPECIFIED.);
#128=B_SPLINE_CURVE_WITH_KNOTS('',3,(#1479,#1480,#1481,#1482,#1483,#1484),
 .UNSPECIFIED.,.F.,.F.,(4,1,1,4),(0.,0.5,0.75,1.),.UNSPECIFIED.);
#129=B_SPLINE_CURVE_WITH_KNOTS('',3,(#1493,#1494,#1495,#1496,#1497,#1498,
#1499,#1500,#1501,#1502,#1503,#1504,#1505,#1506),.UNSPECIFIED.,.F.,.F.,
(4,2,2,2,2,2,4),(-0.668472474269668,-0.503335520760448,-0.33423852641052,
-0.250605584343277,-0.191576347236514,-0.167182556238059,-1.00000008840251E-6),
 .UNSPECIFIED.);
#130=B_SPLINE_CURVE_WITH_KNOTS('',3,(#1509,#1510,#1511,#1512,#1513,#1514,
#1515,#1516,#1517,#1518,#1519,#1520,#1521,#1522,#1523,#1524),
 .UNSPECIFIED.,.F.,.F.,(4,3,3,3,3,4),(-0.11039107462291,-0.100294050366733,
-0.0875465315269253,-0.0551813105217727,-0.0172387513256571,0.),
 .UNSPECIFIED.);
#131=B_SPLINE_CURVE_WITH_KNOTS('',3,(#1537,#1538,#1539,#1540,#1541,#1542,
#1543,#1544,#1545,#1546,#1547,#1548,#1549,#1550,#1551,#1552,#1553,#1554,
#1555,#1556,#1557,#1558,#1559,#1560,#1561,#1562,#1563,#1564,#1565,#1566,
#1567,#1568,#1569,#1570,#1571,#1572,#1573,#1574,#1575,#1576,#1577,#1578,
#1579,#1580,#1581,#1582,#1583,#1584,#1585,#1586,#1587,#1588,#1589,#1590,
#1591,#1592,#1593,#1594,#1595,#1596,#1597,#1598,#1599,#1600),
 .UNSPECIFIED.,.F.,.F.,(4,3,3,3,3,3,3,3,3,3,3,3,3,3,3,3,3,3,3,3,3,4),(0.,
0.0740702967843179,0.0818427148835858,0.109375,0.120808556471013,0.124999999999998,
0.187499999999995,0.218749999999995,0.236226601899364,0.249999999999994,
0.311358064653946,0.312499999999994,0.343749999999994,0.361890189290474,
0.374999999999995,0.436531515179807,0.437499999999995,0.465688654738416,
0.468359912556983,0.496005324709068,0.5,0.556327996678974),
 .UNSPECIFIED.);
#132=B_SPLINE_CURVE_WITH_KNOTS('',3,(#1613,#1614,#1615,#1616,#1617,#1618,
#1619,#1620,#1621,#1622,#1623,#1624,#1625,#1626),.UNSPECIFIED.,.F.,.F.,
(4,2,2,2,2,2,4),(-0.669205315900893,-0.501838047484194,-0.477418099475152,
-0.418322933782863,-0.334599141501577,-0.165319285306322,-9.99999999362622E-7),
 .UNSPECIFIED.);
#133=B_SPLINE_CURVE_WITH_KNOTS('',3,(#1633,#1634,#1635,#1636,#1637,#1638,
#1639,#1640,#1641,#1642),.UNSPECIFIED.,.F.,.F.,(4,2,2,2,4),(-0.110705192620466,
-0.0801354631155393,-0.0346589157154199,-0.0128902364483148,0.),
 .UNSPECIFIED.);
#134=B_SPLINE_CURVE_WITH_KNOTS('',3,(#1655,#1656,#1657,#1658,#1659,#1660,
#1661,#1662,#1663,#1664,#1665,#1666,#1667,#1668,#1669,#1670,#1671,#1672,
#1673,#1674,#1675,#1676,#1677,#1678,#1679,#1680,#1681,#1682),
 .UNSPECIFIED.,.F.,.F.,(4,3,3,3,3,3,3,3,3,4),(-0.134465089862032,-0.120990204362464,
-0.105765748648805,-0.0906836574664315,-0.065645338013953,-0.0606132776183563,
-0.0454705251023069,-0.0303315785270102,-0.015168168673952,0.),
 .UNSPECIFIED.);
#135=B_SPLINE_CURVE_WITH_KNOTS('',3,(#1821,#1822,#1823,#1824,#1825,#1826,
#1827,#1828,#1829,#1830,#1831,#1832,#1833),.UNSPECIFIED.,.F.,.F.,(4,1,1,
1,1,1,1,1,1,1,4),(0.,0.0625,0.125,0.1875,0.25,0.375,0.5,0.625,0.75,0.875,
1.),.UNSPECIFIED.);
#136=B_SPLINE_CURVE_WITH_KNOTS('',3,(#1857,#1858,#1859,#1860,#1861,#1862),
 .UNSPECIFIED.,.F.,.F.,(4,2,4),(0.,0.0264412135264686,0.0528828152145271),
 .UNSPECIFIED.);
#137=B_SPLINE_CURVE_WITH_KNOTS('',3,(#1865,#1866,#1867,#1868),
 .UNSPECIFIED.,.F.,.F.,(4,4),(1.27954828971316E-6,0.0207385053142392),
 .UNSPECIFIED.);
#138=B_SPLINE_CURVE_WITH_KNOTS('',3,(#1873,#1874,#1875,#1876),
 .UNSPECIFIED.,.F.,.F.,(4,4),(0.041406957904953,0.0621770380619175),
 .UNSPECIFIED.);
#139=B_SPLINE_CURVE_WITH_KNOTS('',3,(#1879,#1880,#1881,#1882,#1883,#1884),
 .UNSPECIFIED.,.F.,.F.,(4,2,4),(6.79098971628369E-8,0.0264586044879621,
0.0529167513321128),.UNSPECIFIED.);
#140=B_SPLINE_CURVE_WITH_KNOTS('',3,(#1888,#1889,#1890,#1891,#1892,#1893),
 .UNSPECIFIED.,.F.,.F.,(4,2,4),(-0.0446385297347637,-0.0223197792810961,
-9.99999998523016E-7),.UNSPECIFIED.);
#141=B_SPLINE_CURVE_WITH_KNOTS('',3,(#1895,#1896,#1897,#1898,#1899,#1900),
 .UNSPECIFIED.,.F.,.F.,(4,2,4),(0.,0.0222997560785015,0.0445994833967282),
 .UNSPECIFIED.);
#142=B_SPLINE_CURVE_WITH_KNOTS('',3,(#2005,#2006,#2007,#2008,#2009,#2010,
#2011,#2012),.UNSPECIFIED.,.F.,.F.,(4,2,2,4),(-0.511229376073003,-0.345840899605835,
-0.172122178689496,-9.99934479772868E-7),.UNSPECIFIED.);
#143=B_SPLINE_CURVE_WITH_KNOTS('',3,(#2129,#2130,#2131,#2132,#2133,#2134,
#2135,#2136),.UNSPECIFIED.,.F.,.F.,(4,2,2,4),(-0.690511923354144,-0.518758158497549,
-0.345410828222514,-0.180153326832503),.UNSPECIFIED.);
#144=B_SPLINE_CURVE_WITH_KNOTS('',3,(#2248,#2249,#2250,#2251,#2252,#2253,
#2254,#2255,#2256,#2257),.UNSPECIFIED.,.F.,.F.,(4,1,1,1,1,1,1,4),(0.,0.0625,
0.125,0.25,0.5,0.75,0.875,1.),.UNSPECIFIED.);
#145=B_SPLINE_CURVE_WITH_KNOTS('',3,(#2261,#2262,#2263,#2264,#2265,#2266,
#2267),.UNSPECIFIED.,.F.,.F.,(4,1,1,1,4),(0.,0.125,0.25,0.5,1.),
 .UNSPECIFIED.);
#146=B_SPLINE_CURVE_WITH_KNOTS('',3,(#2272,#2273,#2274,#2275),
 .UNSPECIFIED.,.F.,.F.,(4,4),(0.,0.000326421479189291),.UNSPECIFIED.);
#147=B_SPLINE_CURVE_WITH_KNOTS('',3,(#2310,#2311,#2312,#2313,#2314,#2315,
#2316,#2317,#2318,#2319,#2320,#2321,#2322),.UNSPECIFIED.,.F.,.F.,(4,1,1,
1,1,1,1,1,1,1,4),(0.,0.0625,0.125,0.1875,0.25,0.3125,0.375,0.5,0.625,0.75,
1.),.UNSPECIFIED.);
#148=B_SPLINE_CURVE_WITH_KNOTS('',3,(#2325,#2326,#2327,#2328),
 .UNSPECIFIED.,.F.,.F.,(4,4),(0.,0.000326421479189291),.UNSPECIFIED.);
#149=CIRCLE('',#818,1.00000000001961);
#150=CIRCLE('',#819,1.00000000001961);
#151=CIRCLE('',#820,1.00000000001041);
#152=CIRCLE('',#821,1.0000000000104);
#153=CIRCLE('',#822,7.50000000051217);
#154=CIRCLE('',#823,7.50000000116452);
#155=CIRCLE('',#824,7.49999999923896);
#156=CIRCLE('',#826,0.99999999998453);
#157=CIRCLE('',#827,7.50000000116459);
#158=CIRCLE('',#829,7.00000000001007);
#159=CIRCLE('',#830,6.80000000001557);
#160=CIRCLE('',#832,7.00000000011911);
#161=CIRCLE('',#833,6.80000000011601);
#162=CIRCLE('',#834,7.00000000001005);
#163=CIRCLE('',#835,7.0000000001191);
#164=CIRCLE('',#837,7.00000000017289);
#165=CIRCLE('',#838,6.80000000016628);
#166=CIRCLE('',#841,1.00000000006834);
#167=CIRCLE('',#842,7.25000000047741);
#168=CIRCLE('',#843,3.00000000020834);
#169=CIRCLE('',#844,7.25000000047746);
#170=CIRCLE('',#845,3.00000000020822);
#171=CIRCLE('',#847,1.0000000000104);
#172=CIRCLE('',#849,6.80000000001557);
#173=CIRCLE('',#850,1.00000000001041);
#174=CIRCLE('',#852,6.800000000116);
#175=CIRCLE('',#853,1.00000000001961);
#176=CIRCLE('',#855,6.80000000016628);
#177=CIRCLE('',#856,1.00000000001961);
#178=CIRCLE('',#861,7.49999999923897);
#179=CIRCLE('',#863,7.50000000051243);
#180=CIRCLE('',#866,7.0000000001729);
#181=ORIENTED_EDGE('',*,*,#405,.T.);
#182=ORIENTED_EDGE('',*,*,#406,.F.);
#183=ORIENTED_EDGE('',*,*,#407,.F.);
#184=ORIENTED_EDGE('',*,*,#408,.F.);
#185=ORIENTED_EDGE('',*,*,#409,.T.);
#186=ORIENTED_EDGE('',*,*,#410,.F.);
#187=ORIENTED_EDGE('',*,*,#411,.F.);
#188=ORIENTED_EDGE('',*,*,#412,.F.);
#189=ORIENTED_EDGE('',*,*,#413,.F.);
#190=ORIENTED_EDGE('',*,*,#414,.T.);
#191=ORIENTED_EDGE('',*,*,#415,.T.);
#192=ORIENTED_EDGE('',*,*,#416,.T.);
#193=ORIENTED_EDGE('',*,*,#417,.T.);
#194=ORIENTED_EDGE('',*,*,#418,.T.);
#195=ORIENTED_EDGE('',*,*,#419,.F.);
#196=ORIENTED_EDGE('',*,*,#420,.T.);
#197=ORIENTED_EDGE('',*,*,#421,.T.);
#198=ORIENTED_EDGE('',*,*,#422,.T.);
#199=ORIENTED_EDGE('',*,*,#423,.T.);
#200=ORIENTED_EDGE('',*,*,#424,.T.);
#201=ORIENTED_EDGE('',*,*,#425,.T.);
#202=ORIENTED_EDGE('',*,*,#426,.T.);
#203=ORIENTED_EDGE('',*,*,#427,.F.);
#204=ORIENTED_EDGE('',*,*,#428,.T.);
#205=ORIENTED_EDGE('',*,*,#429,.F.);
#206=ORIENTED_EDGE('',*,*,#430,.T.);
#207=ORIENTED_EDGE('',*,*,#431,.F.);
#208=ORIENTED_EDGE('',*,*,#432,.T.);
#209=ORIENTED_EDGE('',*,*,#433,.F.);
#210=ORIENTED_EDGE('',*,*,#434,.T.);
#211=ORIENTED_EDGE('',*,*,#435,.T.);
#212=ORIENTED_EDGE('',*,*,#436,.T.);
#213=ORIENTED_EDGE('',*,*,#437,.F.);
#214=ORIENTED_EDGE('',*,*,#438,.F.);
#215=ORIENTED_EDGE('',*,*,#439,.F.);
#216=ORIENTED_EDGE('',*,*,#440,.F.);
#217=ORIENTED_EDGE('',*,*,#441,.F.);
#218=ORIENTED_EDGE('',*,*,#442,.F.);
#219=ORIENTED_EDGE('',*,*,#443,.F.);
#220=ORIENTED_EDGE('',*,*,#444,.F.);
#221=ORIENTED_EDGE('',*,*,#445,.F.);
#222=ORIENTED_EDGE('',*,*,#446,.F.);
#223=ORIENTED_EDGE('',*,*,#447,.F.);
#224=ORIENTED_EDGE('',*,*,#448,.F.);
#225=ORIENTED_EDGE('',*,*,#449,.T.);
#226=ORIENTED_EDGE('',*,*,#415,.F.);
#227=ORIENTED_EDGE('',*,*,#450,.T.);
#228=ORIENTED_EDGE('',*,*,#439,.T.);
#229=ORIENTED_EDGE('',*,*,#451,.F.);
#230=ORIENTED_EDGE('',*,*,#441,.T.);
#231=ORIENTED_EDGE('',*,*,#452,.F.);
#232=ORIENTED_EDGE('',*,*,#453,.T.);
#233=ORIENTED_EDGE('',*,*,#454,.T.);
#234=ORIENTED_EDGE('',*,*,#455,.T.);
#235=ORIENTED_EDGE('',*,*,#456,.T.);
#236=ORIENTED_EDGE('',*,*,#445,.T.);
#237=ORIENTED_EDGE('',*,*,#457,.F.);
#238=ORIENTED_EDGE('',*,*,#458,.F.);
#239=ORIENTED_EDGE('',*,*,#428,.F.);
#240=ORIENTED_EDGE('',*,*,#459,.F.);
#241=ORIENTED_EDGE('',*,*,#460,.F.);
#242=ORIENTED_EDGE('',*,*,#461,.F.);
#243=ORIENTED_EDGE('',*,*,#420,.F.);
#244=ORIENTED_EDGE('',*,*,#462,.F.);
#245=ORIENTED_EDGE('',*,*,#463,.F.);
#246=ORIENTED_EDGE('',*,*,#422,.F.);
#247=ORIENTED_EDGE('',*,*,#464,.F.);
#248=ORIENTED_EDGE('',*,*,#465,.F.);
#249=ORIENTED_EDGE('',*,*,#466,.F.);
#250=ORIENTED_EDGE('',*,*,#467,.F.);
#251=ORIENTED_EDGE('',*,*,#468,.T.);
#252=ORIENTED_EDGE('',*,*,#467,.T.);
#253=ORIENTED_EDGE('',*,*,#469,.T.);
#254=ORIENTED_EDGE('',*,*,#470,.F.);
#255=ORIENTED_EDGE('',*,*,#471,.F.);
#256=ORIENTED_EDGE('',*,*,#472,.F.);
#257=ORIENTED_EDGE('',*,*,#473,.F.);
#258=ORIENTED_EDGE('',*,*,#474,.F.);
#259=ORIENTED_EDGE('',*,*,#475,.F.);
#260=ORIENTED_EDGE('',*,*,#474,.T.);
#261=ORIENTED_EDGE('',*,*,#476,.F.);
#262=ORIENTED_EDGE('',*,*,#477,.F.);
#263=ORIENTED_EDGE('',*,*,#478,.T.);
#264=ORIENTED_EDGE('',*,*,#475,.T.);
#265=ORIENTED_EDGE('',*,*,#478,.F.);
#266=ORIENTED_EDGE('',*,*,#479,.F.);
#267=ORIENTED_EDGE('',*,*,#425,.F.);
#268=ORIENTED_EDGE('',*,*,#480,.T.);
#269=ORIENTED_EDGE('',*,*,#418,.F.);
#270=ORIENTED_EDGE('',*,*,#481,.T.);
#271=ORIENTED_EDGE('',*,*,#482,.F.);
#272=ORIENTED_EDGE('',*,*,#483,.F.);
#273=ORIENTED_EDGE('',*,*,#484,.T.);
#274=ORIENTED_EDGE('',*,*,#483,.T.);
#275=ORIENTED_EDGE('',*,*,#485,.F.);
#276=ORIENTED_EDGE('',*,*,#486,.T.);
#277=ORIENTED_EDGE('',*,*,#443,.T.);
#278=ORIENTED_EDGE('',*,*,#412,.T.);
#279=ORIENTED_EDGE('',*,*,#487,.T.);
#280=ORIENTED_EDGE('',*,*,#419,.T.);
#281=ORIENTED_EDGE('',*,*,#481,.F.);
#282=ORIENTED_EDGE('',*,*,#417,.F.);
#283=ORIENTED_EDGE('',*,*,#488,.T.);
#284=ORIENTED_EDGE('',*,*,#462,.T.);
#285=ORIENTED_EDGE('',*,*,#489,.T.);
#286=ORIENTED_EDGE('',*,*,#410,.T.);
#287=ORIENTED_EDGE('',*,*,#490,.T.);
#288=ORIENTED_EDGE('',*,*,#491,.T.);
#289=ORIENTED_EDGE('',*,*,#459,.T.);
#290=ORIENTED_EDGE('',*,*,#427,.T.);
#291=ORIENTED_EDGE('',*,*,#492,.T.);
#292=ORIENTED_EDGE('',*,*,#493,.T.);
#293=ORIENTED_EDGE('',*,*,#476,.T.);
#294=ORIENTED_EDGE('',*,*,#473,.T.);
#295=ORIENTED_EDGE('',*,*,#494,.T.);
#296=ORIENTED_EDGE('',*,*,#495,.T.);
#297=ORIENTED_EDGE('',*,*,#406,.T.);
#298=ORIENTED_EDGE('',*,*,#496,.T.);
#299=ORIENTED_EDGE('',*,*,#497,.T.);
#300=ORIENTED_EDGE('',*,*,#468,.F.);
#301=ORIENTED_EDGE('',*,*,#471,.T.);
#302=ORIENTED_EDGE('',*,*,#498,.F.);
#303=ORIENTED_EDGE('',*,*,#499,.T.);
#304=ORIENTED_EDGE('',*,*,#433,.T.);
#305=ORIENTED_EDGE('',*,*,#500,.T.);
#306=ORIENTED_EDGE('',*,*,#447,.T.);
#307=ORIENTED_EDGE('',*,*,#408,.T.);
#308=ORIENTED_EDGE('',*,*,#501,.T.);
#309=ORIENTED_EDGE('',*,*,#477,.T.);
#310=ORIENTED_EDGE('',*,*,#493,.F.);
#311=ORIENTED_EDGE('',*,*,#502,.T.);
#312=ORIENTED_EDGE('',*,*,#498,.T.);
#313=ORIENTED_EDGE('',*,*,#470,.T.);
#314=ORIENTED_EDGE('',*,*,#503,.T.);
#315=ORIENTED_EDGE('',*,*,#472,.T.);
#316=ORIENTED_EDGE('',*,*,#480,.F.);
#317=ORIENTED_EDGE('',*,*,#424,.F.);
#318=ORIENTED_EDGE('',*,*,#504,.F.);
#319=ORIENTED_EDGE('',*,*,#494,.F.);
#320=ORIENTED_EDGE('',*,*,#479,.T.);
#321=ORIENTED_EDGE('',*,*,#502,.F.);
#322=ORIENTED_EDGE('',*,*,#492,.F.);
#323=ORIENTED_EDGE('',*,*,#426,.F.);
#324=ORIENTED_EDGE('',*,*,#465,.T.);
#325=ORIENTED_EDGE('',*,*,#497,.F.);
#326=ORIENTED_EDGE('',*,*,#505,.F.);
#327=ORIENTED_EDGE('',*,*,#436,.F.);
#328=ORIENTED_EDGE('',*,*,#506,.F.);
#329=ORIENTED_EDGE('',*,*,#466,.T.);
#330=ORIENTED_EDGE('',*,*,#506,.T.);
#331=ORIENTED_EDGE('',*,*,#435,.F.);
#332=ORIENTED_EDGE('',*,*,#507,.F.);
#333=ORIENTED_EDGE('',*,*,#469,.F.);
#334=ORIENTED_EDGE('',*,*,#507,.T.);
#335=ORIENTED_EDGE('',*,*,#434,.F.);
#336=ORIENTED_EDGE('',*,*,#499,.F.);
#337=ORIENTED_EDGE('',*,*,#503,.F.);
#338=ORIENTED_EDGE('',*,*,#508,.F.);
#339=ORIENTED_EDGE('',*,*,#430,.F.);
#340=ORIENTED_EDGE('',*,*,#455,.F.);
#341=ORIENTED_EDGE('',*,*,#509,.F.);
#342=ORIENTED_EDGE('',*,*,#510,.F.);
#343=ORIENTED_EDGE('',*,*,#511,.F.);
#344=ORIENTED_EDGE('',*,*,#463,.T.);
#345=ORIENTED_EDGE('',*,*,#488,.F.);
#346=ORIENTED_EDGE('',*,*,#416,.F.);
#347=ORIENTED_EDGE('',*,*,#449,.F.);
#348=ORIENTED_EDGE('',*,*,#460,.T.);
#349=ORIENTED_EDGE('',*,*,#491,.F.);
#350=ORIENTED_EDGE('',*,*,#512,.F.);
#351=ORIENTED_EDGE('',*,*,#453,.F.);
#352=ORIENTED_EDGE('',*,*,#457,.T.);
#353=ORIENTED_EDGE('',*,*,#513,.T.);
#354=ORIENTED_EDGE('',*,*,#431,.T.);
#355=ORIENTED_EDGE('',*,*,#508,.T.);
#356=ORIENTED_EDGE('',*,*,#429,.T.);
#357=ORIENTED_EDGE('',*,*,#458,.T.);
#358=ORIENTED_EDGE('',*,*,#452,.T.);
#359=ORIENTED_EDGE('',*,*,#514,.T.);
#360=ORIENTED_EDGE('',*,*,#515,.F.);
#361=ORIENTED_EDGE('',*,*,#510,.T.);
#362=ORIENTED_EDGE('',*,*,#464,.T.);
#363=ORIENTED_EDGE('',*,*,#421,.F.);
#364=ORIENTED_EDGE('',*,*,#461,.T.);
#365=ORIENTED_EDGE('',*,*,#448,.T.);
#366=ORIENTED_EDGE('',*,*,#500,.F.);
#367=ORIENTED_EDGE('',*,*,#432,.F.);
#368=ORIENTED_EDGE('',*,*,#513,.F.);
#369=ORIENTED_EDGE('',*,*,#444,.T.);
#370=ORIENTED_EDGE('',*,*,#486,.F.);
#371=ORIENTED_EDGE('',*,*,#516,.F.);
#372=ORIENTED_EDGE('',*,*,#514,.F.);
#373=ORIENTED_EDGE('',*,*,#440,.T.);
#374=ORIENTED_EDGE('',*,*,#450,.F.);
#375=ORIENTED_EDGE('',*,*,#414,.F.);
#376=ORIENTED_EDGE('',*,*,#437,.T.);
#377=ORIENTED_EDGE('',*,*,#505,.T.);
#378=ORIENTED_EDGE('',*,*,#496,.F.);
#379=ORIENTED_EDGE('',*,*,#446,.T.);
#380=ORIENTED_EDGE('',*,*,#456,.F.);
#381=ORIENTED_EDGE('',*,*,#509,.T.);
#382=ORIENTED_EDGE('',*,*,#454,.F.);
#383=ORIENTED_EDGE('',*,*,#512,.T.);
#384=ORIENTED_EDGE('',*,*,#490,.F.);
#385=ORIENTED_EDGE('',*,*,#504,.T.);
#386=ORIENTED_EDGE('',*,*,#423,.F.);
#387=ORIENTED_EDGE('',*,*,#511,.T.);
#388=ORIENTED_EDGE('',*,*,#515,.T.);
#389=ORIENTED_EDGE('',*,*,#516,.T.);
#390=ORIENTED_EDGE('',*,*,#485,.T.);
#391=ORIENTED_EDGE('',*,*,#482,.T.);
#392=ORIENTED_EDGE('',*,*,#484,.F.);
#393=ORIENTED_EDGE('',*,*,#442,.T.);
#394=ORIENTED_EDGE('',*,*,#451,.T.);
#395=ORIENTED_EDGE('',*,*,#438,.T.);
#396=ORIENTED_EDGE('',*,*,#413,.T.);
#397=ORIENTED_EDGE('',*,*,#487,.F.);
#398=ORIENTED_EDGE('',*,*,#411,.T.);
#399=ORIENTED_EDGE('',*,*,#489,.F.);
#400=ORIENTED_EDGE('',*,*,#409,.F.);
#401=ORIENTED_EDGE('',*,*,#501,.F.);
#402=ORIENTED_EDGE('',*,*,#407,.T.);
#403=ORIENTED_EDGE('',*,*,#495,.F.);
#404=ORIENTED_EDGE('',*,*,#405,.F.);
#405=EDGE_CURVE('NONE',#517,#518,#589,.T.);
#406=EDGE_CURVE('NONE',#519,#518,#149,.T.);
#407=EDGE_CURVE('NONE',#520,#519,#590,.T.);
#408=EDGE_CURVE('NONE',#517,#520,#150,.T.);
#409=EDGE_CURVE('NONE',#521,#522,#591,.T.);
#410=EDGE_CURVE('NONE',#523,#522,#151,.T.);
#411=EDGE_CURVE('NONE',#524,#523,#592,.T.);
#412=EDGE_CURVE('NONE',#521,#524,#152,.T.);
#413=EDGE_CURVE('NONE',#525,#526,#593,.F.);
#414=EDGE_CURVE('NONE',#525,#527,#153,.T.);
#415=EDGE_CURVE('NONE',#527,#528,#107,.T.);
#416=EDGE_CURVE('NONE',#528,#529,#108,.F.);
#417=EDGE_CURVE('NONE',#529,#530,#594,.F.);
#418=EDGE_CURVE('NONE',#530,#531,#109,.T.);
#419=EDGE_CURVE('NONE',#532,#531,#595,.F.);
#420=EDGE_CURVE('NONE',#532,#533,#110,.F.);
#421=EDGE_CURVE('NONE',#533,#534,#111,.T.);
#422=EDGE_CURVE('NONE',#534,#535,#154,.T.);
#423=EDGE_CURVE('NONE',#535,#536,#596,.F.);
#424=EDGE_CURVE('NONE',#536,#537,#112,.F.);
#425=EDGE_CURVE('NONE',#537,#538,#113,.F.);
#426=EDGE_CURVE('NONE',#538,#539,#99,.F.);
#427=EDGE_CURVE('NONE',#540,#539,#597,.F.);
#428=EDGE_CURVE('NONE',#540,#541,#114,.F.);
#429=EDGE_CURVE('NONE',#542,#541,#115,.T.);
#430=EDGE_CURVE('NONE',#542,#543,#155,.T.);
#431=EDGE_CURVE('NONE',#544,#543,#116,.T.);
#432=EDGE_CURVE('NONE',#544,#545,#117,.F.);
#433=EDGE_CURVE('NONE',#546,#545,#598,.F.);
#434=EDGE_CURVE('NONE',#546,#547,#100,.F.);
#435=EDGE_CURVE('NONE',#547,#548,#118,.F.);
#436=EDGE_CURVE('NONE',#548,#526,#119,.F.);
#437=EDGE_CURVE('NONE',#525,#549,#156,.T.);
#438=EDGE_CURVE('NONE',#550,#525,#157,.T.);
#439=EDGE_CURVE('NONE',#549,#550,#120,.T.);
#440=EDGE_CURVE('NONE',#551,#552,#599,.F.);
#441=EDGE_CURVE('NONE',#553,#551,#158,.T.);
#442=EDGE_CURVE('NONE',#554,#553,#121,.F.);
#443=EDGE_CURVE('NONE',#552,#554,#159,.T.);
#444=EDGE_CURVE('NONE',#555,#556,#600,.F.);
#445=EDGE_CURVE('NONE',#557,#555,#160,.T.);
#446=EDGE_CURVE('NONE',#558,#557,#122,.F.);
#447=EDGE_CURVE('NONE',#556,#558,#161,.T.);
#448=EDGE_CURVE('NONE',#559,#551,#601,.F.);
#449=EDGE_CURVE('NONE',#559,#528,#162,.T.);
#450=EDGE_CURVE('NONE',#527,#549,#123,.T.);
#451=EDGE_CURVE('NONE',#553,#550,#124,.T.);
#452=EDGE_CURVE('NONE',#560,#555,#602,.F.);
#453=EDGE_CURVE('NONE',#560,#561,#163,.T.);
#454=EDGE_CURVE('NONE',#561,#562,#125,.T.);
#455=EDGE_CURVE('NONE',#562,#563,#126,.T.);
#456=EDGE_CURVE('NONE',#563,#557,#127,.T.);
#457=EDGE_CURVE('NONE',#560,#564,#603,.F.);
#458=EDGE_CURVE('NONE',#541,#560,#164,.T.);
#459=EDGE_CURVE('NONE',#564,#540,#165,.T.);
#460=EDGE_CURVE('NONE',#559,#565,#604,.F.);
#461=EDGE_CURVE('NONE',#533,#559,#101,.F.);
#462=EDGE_CURVE('NONE',#565,#532,#102,.F.);
#463=EDGE_CURVE('NONE',#535,#566,#166,.T.);
#464=EDGE_CURVE('NONE',#566,#534,#128,.T.);
#465=EDGE_CURVE('NONE',#567,#568,#129,.F.);
#466=EDGE_CURVE('NONE',#569,#567,#130,.F.);
#467=EDGE_CURVE('NONE',#570,#569,#605,.F.);
#468=EDGE_CURVE('NONE',#570,#568,#167,.T.);
#469=EDGE_CURVE('NONE',#569,#571,#131,.F.);
#470=EDGE_CURVE('NONE',#572,#571,#606,.F.);
#471=EDGE_CURVE('NONE',#570,#572,#168,.T.);
#472=EDGE_CURVE('NONE',#573,#574,#132,.F.);
#473=EDGE_CURVE('NONE',#575,#573,#169,.T.);
#474=EDGE_CURVE('NONE',#576,#575,#607,.F.);
#475=EDGE_CURVE('NONE',#574,#576,#133,.F.);
#476=EDGE_CURVE('NONE',#577,#575,#170,.T.);
#477=EDGE_CURVE('NONE',#578,#577,#608,.F.);
#478=EDGE_CURVE('NONE',#578,#576,#134,.F.);
#479=EDGE_CURVE('NONE',#538,#578,#609,.F.);
#480=EDGE_CURVE('NONE',#537,#574,#610,.F.);
#481=EDGE_CURVE('NONE',#530,#531,#103,.F.);
#482=EDGE_CURVE('NONE',#579,#580,#135,.T.);
#483=EDGE_CURVE('NONE',#580,#579,#104,.F.);
#484=EDGE_CURVE('NONE',#554,#580,#611,.F.);
#485=EDGE_CURVE('NONE',#581,#579,#612,.F.);
#486=EDGE_CURVE('NONE',#581,#552,#105,.F.);
#487=EDGE_CURVE('NONE',#524,#521,#171,.T.);
#488=EDGE_CURVE('NONE',#529,#565,#172,.T.);
#489=EDGE_CURVE('NONE',#522,#523,#173,.T.);
#490=EDGE_CURVE('NONE',#582,#583,#613,.F.);
#491=EDGE_CURVE('NONE',#583,#564,#174,.T.);
#492=EDGE_CURVE('NONE',#539,#584,#136,.F.);
#493=EDGE_CURVE('NONE',#584,#577,#614,.F.);
#494=EDGE_CURVE('NONE',#573,#582,#137,.F.);
#495=EDGE_CURVE('NONE',#518,#519,#175,.T.);
#496=EDGE_CURVE('NONE',#558,#585,#615,.F.);
#497=EDGE_CURVE('NONE',#585,#568,#138,.F.);
#498=EDGE_CURVE('NONE',#586,#572,#616,.F.);
#499=EDGE_CURVE('NONE',#586,#546,#139,.F.);
#500=EDGE_CURVE('NONE',#545,#556,#176,.T.);
#501=EDGE_CURVE('NONE',#520,#517,#177,.T.);
#502=EDGE_CURVE('NONE',#584,#578,#140,.F.);
#503=EDGE_CURVE('NONE',#571,#586,#141,.F.);
#504=EDGE_CURVE('NONE',#582,#536,#142,.F.);
#505=EDGE_CURVE('NONE',#526,#585,#143,.F.);
#506=EDGE_CURVE('NONE',#567,#548,#617,.F.);
#507=EDGE_CURVE('NONE',#571,#547,#618,.F.);
#508=EDGE_CURVE('NONE',#543,#542,#144,.T.);
#509=EDGE_CURVE('NONE',#563,#562,#178,.T.);
#510=EDGE_CURVE('NONE',#587,#566,#145,.T.);
#511=EDGE_CURVE('NONE',#535,#587,#179,.T.);
#512=EDGE_CURVE('NONE',#561,#583,#146,.F.);
#513=EDGE_CURVE('NONE',#555,#544,#180,.T.);
#514=EDGE_CURVE('NONE',#551,#588,#106,.F.);
#515=EDGE_CURVE('NONE',#587,#588,#147,.T.);
#516=EDGE_CURVE('NONE',#588,#581,#148,.F.);
#517=VERTEX_POINT('',#1066);
#518=VERTEX_POINT('',#1067);
#519=VERTEX_POINT('',#1069);
#520=VERTEX_POINT('',#1071);
#521=VERTEX_POINT('',#1084);
#522=VERTEX_POINT('',#1085);
#523=VERTEX_POINT('',#1087);
#524=VERTEX_POINT('',#1089);
#525=VERTEX_POINT('',#1106);
#526=VERTEX_POINT('',#1107);
#527=VERTEX_POINT('',#1109);
#528=VERTEX_POINT('',#1119);
#529=VERTEX_POINT('',#1124);
#530=VERTEX_POINT('',#1126);
#531=VERTEX_POINT('',#1140);
#532=VERTEX_POINT('',#1142);
#533=VERTEX_POINT('',#1147);
#534=VERTEX_POINT('',#1159);
#535=VERTEX_POINT('',#1161);
#536=VERTEX_POINT('',#1163);
#537=VERTEX_POINT('',#1172);
#538=VERTEX_POINT('',#1215);
#539=VERTEX_POINT('',#1220);
#540=VERTEX_POINT('',#1222);
#541=VERTEX_POINT('',#1227);
#542=VERTEX_POINT('',#1238);
#543=VERTEX_POINT('',#1240);
#544=VERTEX_POINT('',#1251);
#545=VERTEX_POINT('',#1256);
#546=VERTEX_POINT('',#1258);
#547=VERTEX_POINT('',#1263);
#548=VERTEX_POINT('',#1319);
#549=VERTEX_POINT('',#1330);
#550=VERTEX_POINT('',#1332);
#551=VERTEX_POINT('',#1341);
#552=VERTEX_POINT('',#1342);
#553=VERTEX_POINT('',#1344);
#554=VERTEX_POINT('',#1349);
#555=VERTEX_POINT('',#1353);
#556=VERTEX_POINT('',#1354);
#557=VERTEX_POINT('',#1356);
#558=VERTEX_POINT('',#1361);
#559=VERTEX_POINT('',#1378);
#560=VERTEX_POINT('',#1416);
#561=VERTEX_POINT('',#1418);
#562=VERTEX_POINT('',#1435);
#563=VERTEX_POINT('',#1446);
#564=VERTEX_POINT('',#1462);
#565=VERTEX_POINT('',#1467);
#566=VERTEX_POINT('',#1478);
#567=VERTEX_POINT('',#1507);
#568=VERTEX_POINT('',#1508);
#569=VERTEX_POINT('',#1525);
#570=VERTEX_POINT('',#1527);
#571=VERTEX_POINT('',#1601);
#572=VERTEX_POINT('',#1603);
#573=VERTEX_POINT('',#1627);
#574=VERTEX_POINT('',#1628);
#575=VERTEX_POINT('',#1630);
#576=VERTEX_POINT('',#1632);
#577=VERTEX_POINT('',#1652);
#578=VERTEX_POINT('',#1654);
#579=VERTEX_POINT('',#1834);
#580=VERTEX_POINT('',#1835);
#581=VERTEX_POINT('',#1843);
#582=VERTEX_POINT('',#1854);
#583=VERTEX_POINT('',#1855);
#584=VERTEX_POINT('',#1863);
#585=VERTEX_POINT('',#1872);
#586=VERTEX_POINT('',#1878);
#587=VERTEX_POINT('',#2268);
#588=VERTEX_POINT('',#2309);
#589=LINE('',#1065,#619);
#590=LINE('',#1070,#620);
#591=LINE('',#1083,#621);
#592=LINE('',#1088,#622);
#593=LINE('',#1105,#623);
#594=LINE('',#1125,#624);
#595=LINE('',#1141,#625);
#596=LINE('',#1162,#626);
#597=LINE('',#1221,#627);
#598=LINE('',#1257,#628);
#599=LINE('',#1340,#629);
#600=LINE('',#1352,#630);
#601=LINE('',#1377,#631);
#602=LINE('',#1415,#632);
#603=LINE('',#1461,#633);
#604=LINE('',#1466,#634);
#605=LINE('',#1526,#635);
#606=LINE('',#1602,#636);
#607=LINE('',#1631,#637);
#608=LINE('',#1653,#638);
#609=LINE('',#1795,#639);
#610=LINE('',#1796,#640);
#611=LINE('',#1841,#641);
#612=LINE('',#1842,#642);
#613=LINE('',#1853,#643);
#614=LINE('',#1864,#644);
#615=LINE('',#1871,#645);
#616=LINE('',#1877,#646);
#617=LINE('',#2137,#647);
#618=LINE('',#2234,#648);
#619=VECTOR('',#888,1000.);
#620=VECTOR('',#891,1000.);
#621=VECTOR('',#894,1000.);
#622=VECTOR('',#897,1000.);
#623=VECTOR('',#900,1000.);
#624=VECTOR('',#903,1000.);
#625=VECTOR('',#904,1000.);
#626=VECTOR('',#907,1000.);
#627=VECTOR('',#908,1000.);
#628=VECTOR('',#911,1000.);
#629=VECTOR('',#920,1000.);
#630=VECTOR('',#927,1000.);
#631=VECTOR('',#932,1000.);
#632=VECTOR('',#935,1000.);
#633=VECTOR('',#940,1000.);
#634=VECTOR('',#947,1000.);
#635=VECTOR('',#952,1000.);
#636=VECTOR('',#955,1000.);
#637=VECTOR('',#960,1000.);
#638=VECTOR('',#963,1000.);
#639=VECTOR('',#964,1000.);
#640=VECTOR('',#965,1000.);
#641=VECTOR('',#968,1000.);
#642=VECTOR('',#969,1000.);
#643=VECTOR('',#980,1000.);
#644=VECTOR('',#983,1000.);
#645=VECTOR('',#988,1000.);
#646=VECTOR('',#989,1000.);
#647=VECTOR('',#998,1000.);
#648=VECTOR('',#999,1000.);
#649=EDGE_LOOP('',(#181,#182,#183,#184));
#650=EDGE_LOOP('',(#185,#186,#187,#188));
#651=EDGE_LOOP('',(#189,#190,#191,#192,#193,#194,#195,#196,#197,#198,#199,
#200,#201,#202,#203,#204,#205,#206,#207,#208,#209,#210,#211,#212));
#652=EDGE_LOOP('',(#213,#214,#215));
#653=EDGE_LOOP('',(#216,#217,#218,#219));
#654=EDGE_LOOP('',(#220,#221,#222,#223));
#655=EDGE_LOOP('',(#224,#225,#226,#227,#228,#229,#230));
#656=EDGE_LOOP('',(#231,#232,#233,#234,#235,#236));
#657=EDGE_LOOP('',(#237,#238,#239,#240));
#658=EDGE_LOOP('',(#241,#242,#243,#244));
#659=EDGE_LOOP('',(#245,#246,#247));
#660=EDGE_LOOP('',(#248,#249,#250,#251));
#661=EDGE_LOOP('',(#252,#253,#254,#255));
#662=EDGE_LOOP('',(#256,#257,#258,#259));
#663=EDGE_LOOP('',(#260,#261,#262,#263));
#664=EDGE_LOOP('',(#264,#265,#266,#267,#268));
#665=EDGE_LOOP('',(#269,#270));
#666=EDGE_LOOP('',(#271,#272));
#667=EDGE_LOOP('',(#273,#274,#275,#276,#277));
#668=EDGE_LOOP('',(#278,#279));
#669=EDGE_LOOP('',(#280,#281,#282,#283,#284));
#670=EDGE_LOOP('',(#285,#286));
#671=EDGE_LOOP('',(#287,#288,#289,#290,#291,#292,#293,#294,#295));
#672=EDGE_LOOP('',(#296,#297));
#673=EDGE_LOOP('',(#298,#299,#300,#301,#302,#303,#304,#305,#306));
#674=EDGE_LOOP('',(#307,#308));
#675=EDGE_LOOP('',(#309,#310,#311));
#676=EDGE_LOOP('',(#312,#313,#314));
#677=EDGE_LOOP('',(#315,#316,#317,#318,#319));
#678=EDGE_LOOP('',(#320,#321,#322,#323));
#679=EDGE_LOOP('',(#324,#325,#326,#327,#328));
#680=EDGE_LOOP('',(#329,#330,#331,#332,#333));
#681=EDGE_LOOP('',(#334,#335,#336,#337));
#682=EDGE_LOOP('',(#338,#339));
#683=EDGE_LOOP('',(#340,#341));
#684=EDGE_LOOP('',(#342,#343,#344));
#685=EDGE_LOOP('',(#345,#346,#347,#348));
#686=EDGE_LOOP('',(#349,#350,#351,#352));
#687=EDGE_LOOP('',(#353,#354,#355,#356,#357,#358));
#688=EDGE_LOOP('',(#359,#360,#361,#362,#363,#364,#365));
#689=EDGE_LOOP('',(#366,#367,#368,#369));
#690=EDGE_LOOP('',(#370,#371,#372,#373));
#691=EDGE_LOOP('',(#374,#375,#376));
#692=EDGE_LOOP('',(#377,#378,#379,#380,#381,#382,#383,#384,#385,#386,#387,
#388,#389,#390,#391,#392,#393,#394,#395,#396));
#693=EDGE_LOOP('',(#397,#398,#399,#400));
#694=EDGE_LOOP('',(#401,#402,#403,#404));
#695=FACE_BOUND('',#649,.T.);
#696=FACE_BOUND('',#650,.T.);
#697=FACE_BOUND('',#651,.T.);
#698=FACE_BOUND('',#652,.T.);
#699=FACE_BOUND('',#653,.T.);
#700=FACE_BOUND('',#654,.T.);
#701=FACE_BOUND('',#655,.T.);
#702=FACE_BOUND('',#656,.T.);
#703=FACE_BOUND('',#657,.T.);
#704=FACE_BOUND('',#658,.T.);
#705=FACE_BOUND('',#659,.T.);
#706=FACE_BOUND('',#660,.T.);
#707=FACE_BOUND('',#661,.T.);
#708=FACE_BOUND('',#662,.T.);
#709=FACE_BOUND('',#663,.T.);
#710=FACE_BOUND('',#664,.T.);
#711=FACE_BOUND('',#665,.T.);
#712=FACE_BOUND('',#666,.T.);
#713=FACE_BOUND('',#667,.T.);
#714=FACE_BOUND('',#668,.T.);
#715=FACE_BOUND('',#669,.T.);
#716=FACE_BOUND('',#670,.T.);
#717=FACE_BOUND('',#671,.T.);
#718=FACE_BOUND('',#672,.T.);
#719=FACE_BOUND('',#673,.T.);
#720=FACE_BOUND('',#674,.T.);
#721=FACE_BOUND('',#675,.T.);
#722=FACE_BOUND('',#676,.T.);
#723=FACE_BOUND('',#677,.T.);
#724=FACE_BOUND('',#678,.T.);
#725=FACE_BOUND('',#679,.T.);
#726=FACE_BOUND('',#680,.T.);
#727=FACE_BOUND('',#681,.T.);
#728=FACE_BOUND('',#682,.T.);
#729=FACE_BOUND('',#683,.T.);
#730=FACE_BOUND('',#684,.T.);
#731=FACE_BOUND('',#685,.T.);
#732=FACE_BOUND('',#686,.T.);
#733=FACE_BOUND('',#687,.T.);
#734=FACE_BOUND('',#688,.T.);
#735=FACE_BOUND('',#689,.T.);
#736=FACE_BOUND('',#690,.T.);
#737=FACE_BOUND('',#691,.T.);
#738=FACE_BOUND('',#692,.T.);
#739=FACE_BOUND('',#693,.T.);
#740=FACE_BOUND('',#694,.T.);
#741=B_SPLINE_SURFACE_WITH_KNOTS('',3,1,((#1055,#1056),(#1057,#1058),(#1059,
#1060),(#1061,#1062),(#1063,#1064)),.SURF_OF_LINEAR_EXTRUSION.,.F.,.F.,
 .F.,(4,1,4),(2,2),(0.0196124315229474,1.59040875831784,3.16120508511274),
(0.,1.),.UNSPECIFIED.);
#742=B_SPLINE_SURFACE_WITH_KNOTS('',3,1,((#1073,#1074),(#1075,#1076),(#1077,
#1078),(#1079,#1080),(#1081,#1082)),.SURF_OF_LINEAR_EXTRUSION.,.F.,.F.,
 .F.,(4,1,4),(2,2),(1.90655411444933,3.47735044124423,5.04814676803912),
(0.,1.),.UNSPECIFIED.);
#743=B_SPLINE_SURFACE_WITH_KNOTS('',3,1,((#1091,#1092),(#1093,#1094),(#1095,
#1096),(#1097,#1098),(#1099,#1100),(#1101,#1102),(#1103,#1104)),
 .SURF_OF_LINEAR_EXTRUSION.,.F.,.F.,.F.,(4,1,1,1,4),(2,2),(3.04262127688634,
3.82801944028378,4.61341760368123,5.39881576707868,6.18421393047613),(0.,
1.),.UNSPECIFIED.);
#744=B_SPLINE_SURFACE_WITH_KNOTS('',3,1,((#1363,#1364),(#1365,#1366),(#1367,
#1368),(#1369,#1370),(#1371,#1372),(#1373,#1374),(#1375,#1376)),
 .SURF_OF_LINEAR_EXTRUSION.,.F.,.F.,.F.,(4,1,1,1,4),(2,2),(5.58200726155602,
6.18430053750988,6.78659381346373,7.38888708941758,7.99118036537143),(0.,
1.),.UNSPECIFIED.);
#745=B_SPLINE_SURFACE_WITH_KNOTS('',3,1,((#1401,#1402),(#1403,#1404),(#1405,
#1406),(#1407,#1408),(#1409,#1410),(#1411,#1412),(#1413,#1414)),
 .SURF_OF_LINEAR_EXTRUSION.,.F.,.F.,.F.,(4,1,1,1,4),(2,2),(0.705799540164957,
1.30809281611235,1.91038609205975,2.51267936800715,3.11497264395455),(0.,
1.),.UNSPECIFIED.);
#746=B_SPLINE_SURFACE_WITH_KNOTS('',3,1,((#1485,#1486),(#1487,#1488),(#1489,
#1490),(#1491,#1492)),.SURF_OF_LINEAR_EXTRUSION.,.F.,.F.,.F.,(4,4),(2,2),
(2.52851333973629,3.54530287287279),(0.,1.),.PIECEWISE_BEZIER_KNOTS.);
#747=B_SPLINE_SURFACE_WITH_KNOTS('',3,1,((#1529,#1530),(#1531,#1532),(#1533,
#1534),(#1535,#1536)),.SURF_OF_LINEAR_EXTRUSION.,.F.,.F.,.F.,(4,4),(2,2),
(5.78620654120348,6.19963901014421),(0.,1.),.PIECEWISE_BEZIER_KNOTS.);
#748=B_SPLINE_SURFACE_WITH_KNOTS('',3,1,((#1605,#1606),(#1607,#1608),(#1609,
#1610),(#1611,#1612)),.SURF_OF_LINEAR_EXTRUSION.,.F.,.F.,.F.,(4,4),(2,2),
(5.87947508789659,6.89631328053373),(0.,1.),.PIECEWISE_BEZIER_KNOTS.);
#749=B_SPLINE_SURFACE_WITH_KNOTS('',3,1,((#1643,#1644),(#1645,#1646),(#1647,
#1648),(#1649,#1650)),.SURF_OF_LINEAR_EXTRUSION.,.F.,.F.,.F.,(4,4),(2,2),
(3.2251389533118,3.6385714195659),(0.,1.),.PIECEWISE_BEZIER_KNOTS.);
#750=B_SPLINE_SURFACE_WITH_KNOTS('',1,3,((#1683,#1684,#1685,#1686,#1687,
#1688,#1689,#1690,#1691,#1692,#1693,#1694,#1695,#1696,#1697,#1698,#1699,
#1700,#1701,#1702,#1703,#1704,#1705,#1706,#1707,#1708,#1709,#1710),(#1711,
#1712,#1713,#1714,#1715,#1716,#1717,#1718,#1719,#1720,#1721,#1722,#1723,
#1724,#1725,#1726,#1727,#1728,#1729,#1730,#1731,#1732,#1733,#1734,#1735,
#1736,#1737,#1738),(#1739,#1740,#1741,#1742,#1743,#1744,#1745,#1746,#1747,
#1748,#1749,#1750,#1751,#1752,#1753,#1754,#1755,#1756,#1757,#1758,#1759,
#1760,#1761,#1762,#1763,#1764,#1765,#1766),(#1767,#1768,#1769,#1770,#1771,
#1772,#1773,#1774,#1775,#1776,#1777,#1778,#1779,#1780,#1781,#1782,#1783,
#1784,#1785,#1786,#1787,#1788,#1789,#1790,#1791,#1792,#1793,#1794)),
 .RULED_SURF.,.F.,.F.,.F.,(2,1,1,2),(4,2,2,2,2,2,2,2,2,2,2,2,2,4),(-0.00600057938682844,
0.,1.,1.00600201301093),(0.,0.000138086127990775,0.000276172255981551,0.000414258383972326,
0.000552344511963101,0.000828516767944652,0.000966602895935427,0.0011046890239262,
0.00124277515191698,0.00131181821591237,0.00138086127990775,0.0016570335358893,
0.00193320579187085,0.0022093780478524),.UNSPECIFIED.);
#751=B_SPLINE_SURFACE_WITH_KNOTS('',3,1,((#1797,#1798),(#1799,#1800),(#1801,
#1802),(#1803,#1804),(#1805,#1806)),.SURF_OF_LINEAR_EXTRUSION.,.F.,.F.,
 .F.,(4,1,4),(2,2),(4.17193025158821,4.84958771179653,5.52724517200485),
(0.,1.),.UNSPECIFIED.);
#752=B_SPLINE_SURFACE_WITH_KNOTS('',3,1,((#1811,#1812),(#1813,#1814),(#1815,
#1816),(#1817,#1818),(#1819,#1820)),.SURF_OF_LINEAR_EXTRUSION.,.F.,.F.,
 .F.,(4,1,4),(2,2),(3.89753278876452,4.57519024897285,5.25284770918117),
(0.,1.),.UNSPECIFIED.);
#753=B_SPLINE_SURFACE_WITH_KNOTS('',1,3,((#1901,#1902,#1903,#1904,#1905,
#1906,#1907,#1908,#1909,#1910,#1911,#1912,#1913,#1914,#1915,#1916,#1917,
#1918,#1919,#1920,#1921,#1922,#1923,#1924,#1925,#1926,#1927,#1928,#1929,
#1930,#1931,#1932,#1933,#1934,#1935,#1936,#1937,#1938,#1939,#1940,#1941,
#1942,#1943,#1944,#1945,#1946,#1947,#1948,#1949,#1950,#1951,#1952),(#1953,
#1954,#1955,#1956,#1957,#1958,#1959,#1960,#1961,#1962,#1963,#1964,#1965,
#1966,#1967,#1968,#1969,#1970,#1971,#1972,#1973,#1974,#1975,#1976,#1977,
#1978,#1979,#1980,#1981,#1982,#1983,#1984,#1985,#1986,#1987,#1988,#1989,
#1990,#1991,#1992,#1993,#1994,#1995,#1996,#1997,#1998,#1999,#2000,#2001,
#2002,#2003,#2004)),.RULED_SURF.,.F.,.F.,.F.,(2,2),(4,2,2,2,2,2,2,2,2,2,
2,2,2,2,2,2,2,2,2,2,2,2,2,2,2,4),(0.662539253377731,1.00006041273708),(0.0273607413524024,
0.0276885722465699,0.0281417448504331,0.0283683311523647,0.0285949174542964,
0.028821503756228,0.0290480900581596,0.0292746763600913,0.0295012626620229,
0.0299544352658861,0.0301810215678178,0.0302943147187836,0.0304076078697494,
0.0305209010207152,0.030634194171681,0.0308607804736126,0.0313139530774759,
0.0317671256813391,0.0319937119832708,0.0321070051342366,0.0322202982852024,
0.0323335914361682,0.032446884587134,0.0326734708890657,0.0331266434929289,
0.0340329887006555),.UNSPECIFIED.);
#754=B_SPLINE_SURFACE_WITH_KNOTS('',1,3,((#2013,#2014,#2015,#2016),(#2017,
#2018,#2019,#2020),(#2021,#2022,#2023,#2024)),.RULED_SURF.,.F.,.F.,.F.,
(2,1,2),(4,4),(0.,1.,1.00600005742562),(5.24914879874775,5.35653053324284),
 .PIECEWISE_BEZIER_KNOTS.);
#755=B_SPLINE_SURFACE_WITH_KNOTS('',1,3,((#2025,#2026,#2027,#2028,#2029,
#2030,#2031,#2032,#2033,#2034,#2035,#2036,#2037,#2038,#2039,#2040,#2041,
#2042,#2043,#2044,#2045,#2046,#2047,#2048,#2049,#2050,#2051,#2052,#2053,
#2054,#2055,#2056,#2057,#2058,#2059,#2060,#2061,#2062,#2063,#2064,#2065,
#2066,#2067,#2068,#2069,#2070,#2071,#2072,#2073,#2074,#2075,#2076),(#2077,
#2078,#2079,#2080,#2081,#2082,#2083,#2084,#2085,#2086,#2087,#2088,#2089,
#2090,#2091,#2092,#2093,#2094,#2095,#2096,#2097,#2098,#2099,#2100,#2101,
#2102,#2103,#2104,#2105,#2106,#2107,#2108,#2109,#2110,#2111,#2112,#2113,
#2114,#2115,#2116,#2117,#2118,#2119,#2120,#2121,#2122,#2123,#2124,#2125,
#2126,#2127,#2128)),.RULED_SURF.,.F.,.F.,.F.,(2,2),(4,2,2,2,2,2,2,2,2,2,
2,2,2,2,2,2,2,2,2,2,2,2,2,2,2,4),(0.662277262522809,1.00007121102335),(0.0267676498905554,
0.027674120566107,0.0281273559038828,0.0283539735727706,0.0284672824072146,
0.0285805912416585,0.0286939000761025,0.0288072089105464,0.0290338265794343,
0.02948706191721,0.0299402972549858,0.0301669149238737,0.0302802237583176,
0.0303935325927616,0.0305068414272055,0.0306201502616494,0.0308467679305373,
0.0313000032683131,0.031526620937201,0.0317532386060888,0.0319798562749767,
0.0322064739438646,0.0324330916127525,0.0326597092816404,0.0331129446194161,
0.0334407082248692),.UNSPECIFIED.);
#756=B_SPLINE_SURFACE_WITH_KNOTS('',1,3,((#2138,#2139,#2140,#2141,#2142,
#2143,#2144,#2145,#2146,#2147,#2148,#2149,#2150,#2151,#2152,#2153,#2154,
#2155,#2156,#2157,#2158,#2159,#2160,#2161,#2162,#2163,#2164,#2165,#2166,
#2167,#2168,#2169),(#2170,#2171,#2172,#2173,#2174,#2175,#2176,#2177,#2178,
#2179,#2180,#2181,#2182,#2183,#2184,#2185,#2186,#2187,#2188,#2189,#2190,
#2191,#2192,#2193,#2194,#2195,#2196,#2197,#2198,#2199,#2200,#2201),(#2202,
#2203,#2204,#2205,#2206,#2207,#2208,#2209,#2210,#2211,#2212,#2213,#2214,
#2215,#2216,#2217,#2218,#2219,#2220,#2221,#2222,#2223,#2224,#2225,#2226,
#2227,#2228,#2229,#2230,#2231,#2232,#2233)),.RULED_SURF.,.F.,.F.,.F.,(2,
1,2),(4,2,2,2,2,2,2,2,2,2,2,2,2,2,2,4),(-0.00600637112037652,0.,1.),(0.,
0.000138182984497292,0.000207274476745938,0.000276365968994584,0.000414548953491876,
0.000552731937989168,0.000829097906983752,0.000967280891481044,0.00110546387597834,
0.00117455536822698,0.00124364686047563,0.00138182984497292,0.00152001282947021,
0.0016581958139675,0.00193456178296209,0.00221092775195667),
 .UNSPECIFIED.);
#757=B_SPLINE_SURFACE_WITH_KNOTS('',1,3,((#2235,#2236,#2237,#2238),(#2239,
#2240,#2241,#2242),(#2243,#2244,#2245,#2246)),.RULED_SURF.,.F.,.F.,.F.,
(2,1,2),(4,4),(-0.00600005741429165,0.,1.),(5.24915659565006,5.35653048645832),
 .PIECEWISE_BEZIER_KNOTS.);
#758=B_SPLINE_SURFACE_WITH_KNOTS('',3,1,((#2276,#2277),(#2278,#2279),(#2280,
#2281),(#2282,#2283),(#2284,#2285),(#2286,#2287),(#2288,#2289)),
 .SURF_OF_LINEAR_EXTRUSION.,.F.,.F.,.F.,(4,1,1,1,4),(2,2),(3.11497264395455,
3.71726591990402,4.31955919585349,4.92185247180296,5.52414574775243),(0.,
1.),.UNSPECIFIED.);
#759=B_SPLINE_SURFACE_WITH_KNOTS('',3,1,((#2291,#2292),(#2293,#2294),(#2295,
#2296),(#2297,#2298),(#2299,#2300),(#2301,#2302),(#2303,#2304)),
 .SURF_OF_LINEAR_EXTRUSION.,.F.,.F.,.F.,(4,1,1,1,4),(2,2),(1.70799505819184,
2.31028833415466,2.91258161011749,3.51487488608031,4.11716816204314),(0.,
1.),.UNSPECIFIED.);
#760=B_SPLINE_SURFACE_WITH_KNOTS('',3,1,((#2330,#2331),(#2332,#2333),(#2334,
#2335),(#2336,#2337),(#2338,#2339),(#2340,#2341),(#2342,#2343)),
 .SURF_OF_LINEAR_EXTRUSION.,.F.,.F.,.F.,(4,1,1,1,4),(2,2),(6.18421393047613,
6.96961209387358,7.75501025727103,8.54040842066848,9.32580658406592),(0.,
1.),.UNSPECIFIED.);
#761=B_SPLINE_SURFACE_WITH_KNOTS('',3,1,((#2344,#2345),(#2346,#2347),(#2348,
#2349),(#2350,#2351),(#2352,#2353)),.SURF_OF_LINEAR_EXTRUSION.,.F.,.F.,
 .F.,(4,1,4),(2,2),(5.04814676803912,6.61894309483402,8.18973942162892),
(0.,1.),.UNSPECIFIED.);
#762=B_SPLINE_SURFACE_WITH_KNOTS('',3,1,((#2354,#2355),(#2356,#2357),(#2358,
#2359),(#2360,#2361),(#2362,#2363)),.SURF_OF_LINEAR_EXTRUSION.,.F.,.F.,
 .F.,(4,1,4),(2,2),(3.16120508511274,4.73200141190764,6.30279773870253),
(0.,1.),.UNSPECIFIED.);
#763=ADVANCED_FACE('NONE',(#695),#741,.F.);
#764=ADVANCED_FACE('NONE',(#696),#742,.F.);
#765=ADVANCED_FACE('NONE',(#697),#743,.T.);
#766=ADVANCED_FACE('NONE',(#698),#93,.T.);
#767=ADVANCED_FACE('NONE',(#699),#85,.T.);
#768=ADVANCED_FACE('NONE',(#700),#86,.T.);
#769=ADVANCED_FACE('NONE',(#701),#744,.T.);
#770=ADVANCED_FACE('NONE',(#702),#745,.T.);
#771=ADVANCED_FACE('NONE',(#703),#87,.T.);
#772=ADVANCED_FACE('NONE',(#704),#88,.T.);
#773=ADVANCED_FACE('NONE',(#705),#94,.T.);
#774=ADVANCED_FACE('NONE',(#706),#746,.F.);
#775=ADVANCED_FACE('NONE',(#707),#747,.T.);
#776=ADVANCED_FACE('NONE',(#708),#748,.F.);
#777=ADVANCED_FACE('NONE',(#709),#749,.T.);
#778=ADVANCED_FACE('NONE',(#710),#750,.F.);
#779=ADVANCED_FACE('NONE',(#711),#751,.F.);
#780=ADVANCED_FACE('NONE',(#712),#752,.F.);
#781=ADVANCED_FACE('NONE',(#713,#714),#79,.T.);
#782=ADVANCED_FACE('NONE',(#715,#716),#80,.F.);
#783=ADVANCED_FACE('NONE',(#717,#718),#81,.T.);
#784=ADVANCED_FACE('NONE',(#719,#720),#82,.T.);
#785=ADVANCED_FACE('NONE',(#721),#83,.T.);
#786=ADVANCED_FACE('NONE',(#722),#84,.F.);
#787=ADVANCED_FACE('NONE',(#723),#753,.F.);
#788=ADVANCED_FACE('NONE',(#724),#754,.F.);
#789=ADVANCED_FACE('NONE',(#725),#755,.F.);
#790=ADVANCED_FACE('NONE',(#726),#756,.F.);
#791=ADVANCED_FACE('NONE',(#727),#757,.F.);
#792=ADVANCED_FACE('NONE',(#728),#95,.T.);
#793=ADVANCED_FACE('NONE',(#729),#96,.T.);
#794=ADVANCED_FACE('NONE',(#730),#97,.T.);
#795=ADVANCED_FACE('NONE',(#731),#89,.T.);
#796=ADVANCED_FACE('NONE',(#732),#90,.T.);
#797=ADVANCED_FACE('NONE',(#733),#758,.T.);
#798=ADVANCED_FACE('NONE',(#734),#759,.T.);
#799=ADVANCED_FACE('NONE',(#735),#91,.T.);
#800=ADVANCED_FACE('NONE',(#736),#92,.T.);
#801=ADVANCED_FACE('NONE',(#737),#98,.T.);
#802=ADVANCED_FACE('NONE',(#738),#760,.T.);
#803=ADVANCED_FACE('NONE',(#739),#761,.F.);
#804=ADVANCED_FACE('NONE',(#740),#762,.F.);
#805=CLOSED_SHELL('',(#763,#764,#765,#766,#767,#768,#769,#770,#771,#772,
#773,#774,#775,#776,#777,#778,#779,#780,#781,#782,#783,#784,#785,#786,#787,
#788,#789,#790,#791,#792,#793,#794,#795,#796,#797,#798,#799,#800,#801,#802,
#803,#804));
#806=STYLED_ITEM('',(#807),#814);
#807=PRESENTATION_STYLE_ASSIGNMENT((#808));
#808=SURFACE_STYLE_USAGE(.BOTH.,#809);
#809=SURFACE_SIDE_STYLE('',(#810));
#810=SURFACE_STYLE_FILL_AREA(#811);
#811=FILL_AREA_STYLE('',(#812));
#812=FILL_AREA_STYLE_COLOUR('',#813);
#813=COLOUR_RGB('',0.811764705882353,0.843137254901961,0.909803921568627);
#814=MANIFOLD_SOLID_BREP('Body (0)',#805);
#815=SHAPE_DEFINITION_REPRESENTATION(#2394,#816);
#816=SHAPE_REPRESENTATION('l_index_finger_proximal_abd_collision',(#817),
#2389);
#817=AXIS2_PLACEMENT_3D('',#1054,#886,#887);
#818=AXIS2_PLACEMENT_3D('',#1068,#889,#890);
#819=AXIS2_PLACEMENT_3D('',#1072,#892,#893);
#820=AXIS2_PLACEMENT_3D('',#1086,#895,#896);
#821=AXIS2_PLACEMENT_3D('',#1090,#898,#899);
#822=AXIS2_PLACEMENT_3D('',#1108,#901,#902);
#823=AXIS2_PLACEMENT_3D('',#1160,#905,#906);
#824=AXIS2_PLACEMENT_3D('',#1239,#909,#910);
#825=AXIS2_PLACEMENT_3D('',#1328,#912,#913);
#826=AXIS2_PLACEMENT_3D('',#1329,#914,#915);
#827=AXIS2_PLACEMENT_3D('',#1331,#916,#917);
#828=AXIS2_PLACEMENT_3D('',#1339,#918,#919);
#829=AXIS2_PLACEMENT_3D('',#1343,#921,#922);
#830=AXIS2_PLACEMENT_3D('',#1350,#923,#924);
#831=AXIS2_PLACEMENT_3D('',#1351,#925,#926);
#832=AXIS2_PLACEMENT_3D('',#1355,#928,#929);
#833=AXIS2_PLACEMENT_3D('',#1362,#930,#931);
#834=AXIS2_PLACEMENT_3D('',#1379,#933,#934);
#835=AXIS2_PLACEMENT_3D('',#1417,#936,#937);
#836=AXIS2_PLACEMENT_3D('',#1460,#938,#939);
#837=AXIS2_PLACEMENT_3D('',#1463,#941,#942);
#838=AXIS2_PLACEMENT_3D('',#1464,#943,#944);
#839=AXIS2_PLACEMENT_3D('',#1465,#945,#946);
#840=AXIS2_PLACEMENT_3D('',#1476,#948,#949);
#841=AXIS2_PLACEMENT_3D('',#1477,#950,#951);
#842=AXIS2_PLACEMENT_3D('',#1528,#953,#954);
#843=AXIS2_PLACEMENT_3D('',#1604,#956,#957);
#844=AXIS2_PLACEMENT_3D('',#1629,#958,#959);
#845=AXIS2_PLACEMENT_3D('',#1651,#961,#962);
#846=AXIS2_PLACEMENT_3D('',#1840,#966,#967);
#847=AXIS2_PLACEMENT_3D('',#1848,#970,#971);
#848=AXIS2_PLACEMENT_3D('',#1849,#972,#973);
#849=AXIS2_PLACEMENT_3D('',#1850,#974,#975);
#850=AXIS2_PLACEMENT_3D('',#1851,#976,#977);
#851=AXIS2_PLACEMENT_3D('',#1852,#978,#979);
#852=AXIS2_PLACEMENT_3D('',#1856,#981,#982);
#853=AXIS2_PLACEMENT_3D('',#1869,#984,#985);
#854=AXIS2_PLACEMENT_3D('',#1870,#986,#987);
#855=AXIS2_PLACEMENT_3D('',#1885,#990,#991);
#856=AXIS2_PLACEMENT_3D('',#1886,#992,#993);
#857=AXIS2_PLACEMENT_3D('',#1887,#994,#995);
#858=AXIS2_PLACEMENT_3D('',#1894,#996,#997);
#859=AXIS2_PLACEMENT_3D('',#2247,#1000,#1001);
#860=AXIS2_PLACEMENT_3D('',#2258,#1002,#1003);
#861=AXIS2_PLACEMENT_3D('',#2259,#1004,#1005);
#862=AXIS2_PLACEMENT_3D('',#2260,#1006,#1007);
#863=AXIS2_PLACEMENT_3D('',#2269,#1008,#1009);
#864=AXIS2_PLACEMENT_3D('',#2270,#1010,#1011);
#865=AXIS2_PLACEMENT_3D('',#2271,#1012,#1013);
#866=AXIS2_PLACEMENT_3D('',#2290,#1014,#1015);
#867=AXIS2_PLACEMENT_3D('',#2323,#1016,#1017);
#868=AXIS2_PLACEMENT_3D('',#2324,#1018,#1019);
#869=AXIS2_PLACEMENT_3D('',#2329,#1020,#1021);
#870=AXIS2_PLACEMENT_3D('',#2364,#1022,#1023);
#871=AXIS2_PLACEMENT_3D('',#2366,#1024,#1025);
#872=AXIS2_PLACEMENT_3D('',#2367,#1026,#1027);
#873=AXIS2_PLACEMENT_3D('',#2369,#1028,#1029);
#874=AXIS2_PLACEMENT_3D('',#2370,#1030,#1031);
#875=AXIS2_PLACEMENT_3D('',#2372,#1032,#1033);
#876=AXIS2_PLACEMENT_3D('',#2373,#1034,#1035);
#877=AXIS2_PLACEMENT_3D('',#2375,#1036,#1037);
#878=AXIS2_PLACEMENT_3D('',#2376,#1038,#1039);
#879=AXIS2_PLACEMENT_3D('',#2378,#1040,#1041);
#880=AXIS2_PLACEMENT_3D('',#2379,#1042,#1043);
#881=AXIS2_PLACEMENT_3D('',#2381,#1044,#1045);
#882=AXIS2_PLACEMENT_3D('',#2382,#1046,#1047);
#883=AXIS2_PLACEMENT_3D('',#2384,#1048,#1049);
#884=AXIS2_PLACEMENT_3D('',#2385,#1050,#1051);
#885=AXIS2_PLACEMENT_3D('',#2387,#1052,#1053);
#886=DIRECTION('',(0.,0.,1.));
#887=DIRECTION('',(1.,0.,0.));
#888=DIRECTION('',(-0.999999850899808,-0.000528239809923381,-0.000138430722183944));
#889=DIRECTION('',(0.999999850900095,0.000528239558429904,0.000138429605971037));
#890=DIRECTION('',(-0.000162379023611126,0.0456108613997477,0.998959269918161));
#891=DIRECTION('',(-0.999999850899808,-0.000528239809923381,-0.000138430722183944));
#892=DIRECTION('',(-0.999999850900095,-0.000528239558429963,-0.000138429605972336));
#893=DIRECTION('',(0.000162379023609391,-0.0456108613997503,-0.998959269918161));
#894=DIRECTION('',(0.000528319235568197,-0.999999677021604,-0.000605669441881832));
#895=DIRECTION('',(-0.000528323232640589,0.999999677018634,0.000605670859414642));
#896=DIRECTION('',(-0.197392271006271,-0.000698041031362376,0.980324336169262));
#897=DIRECTION('',(0.000528319235568197,-0.999999677021604,-0.000605669441881832));
#898=DIRECTION('',(0.000528323232639697,-0.999999677018634,-0.000605670859414821));
#899=DIRECTION('',(0.197392271006257,0.000698041031362378,-0.980324336169266));
#900=DIRECTION('',(-0.000138109621952004,-0.000605743904685987,0.999999807000009));
#901=DIRECTION('',(0.000138109660635975,0.000605743895761891,-0.999999807000009));
#902=DIRECTION('',(0.921942243690419,-0.387327365141539,-0.000107292077402762));
#903=DIRECTION('',(-0.000138109621952115,-0.000605743904686021,0.999999807000009));
#904=DIRECTION('',(-0.000138109621952115,-0.000605743904686021,0.999999807000009));
#905=DIRECTION('',(0.000138109660560452,0.000605743895756928,-0.999999807000009));
#906=DIRECTION('',(-0.99999985090009,-0.000528239558409182,-0.000138429644572313));
#907=DIRECTION('',(-0.000138109621952004,-0.000605743904685987,0.999999807000009));
#908=DIRECTION('',(0.000138109621952115,0.000605743904686021,-0.999999807000009));
#909=DIRECTION('',(-0.000138109660623801,-0.000605743895772845,0.999999807000009));
#910=DIRECTION('',(0.383458830134764,-0.923557832011313,-0.000506480247994263));
#911=DIRECTION('',(-0.000138109621952115,-0.000605743904686021,0.999999807000009));
#912=DIRECTION('',(0.000138109660616108,0.000605743895772398,-0.999999807000009));
#913=DIRECTION('',(0.,0.999999816537146,0.000605743901549461));
#914=DIRECTION('',(0.000528323232645149,-0.999999677018634,-0.000605670859411057));
#915=DIRECTION('',(0.496042009493588,-0.0002638326555244,0.86829848278682));
#916=DIRECTION('',(0.000138109660587181,0.000605743895770677,-0.999999807000008));
#917=DIRECTION('',(0.99999985090009,0.000528239558404536,0.000138429644600934));
#918=DIRECTION('',(0.000528323232640306,-0.999999677018634,-0.000605670859414336));
#919=DIRECTION('',(0.,0.000605670943943425,-0.999999816581337));
#920=DIRECTION('',(0.000275922744487762,-0.707534878432533,0.706678370737424));
#921=DIRECTION('',(0.000528323232640597,-0.999999677018634,-0.000605670859414723));
#922=DIRECTION('',(-0.000138109660608246,-0.00060574390470643,0.999999807000003));
#923=DIRECTION('',(-0.000528323232640838,0.999999677018634,0.000605670859415096));
#924=DIRECTION('',(0.661868149634519,0.000803703473528665,-0.749619841359675));
#925=DIRECTION('',(-0.999999850900096,-0.000528239558428611,-0.000138429605968602));
#926=DIRECTION('',(0.000528239563489874,-0.999999860481472,0.));
#927=DIRECTION('',(-0.70700901747402,5.48039031020852E-5,-0.707204529260774));
#928=DIRECTION('',(-0.999999850900095,-0.000528239558429477,-0.000138429605970653));
#929=DIRECTION('',(0.000138109621957029,0.000605743895749277,-0.999999807000014));
#930=DIRECTION('',(0.999999850900095,0.000528239558428337,0.000138429605968844));
#931=DIRECTION('',(-0.000453168104242205,0.661310358910853,0.750112260822251));
#932=DIRECTION('',(0.00052832330936722,-0.999999677018599,-0.000605670850469988));
#933=DIRECTION('',(-0.000528323232640597,0.999999677018634,0.000605670859414556));
#934=DIRECTION('',(0.679386592591287,0.000803365194683931,-0.733780084501866));
#935=DIRECTION('',(-0.999999850900131,-0.000528239481677236,-0.00013842964458102));
#936=DIRECTION('',(0.999999850900095,0.000528239558428782,0.000138429605970254));
#937=DIRECTION('',(-0.000460237374689765,0.678840579479514,0.734285541076137));
#938=DIRECTION('',(0.999999850900096,0.000528239558428363,0.000138429605969346));
#939=DIRECTION('',(-0.000528239563489626,0.999999860481472,0.));
#940=DIRECTION('',(0.70720433400181,0.000801847342267291,-0.707008760207324));
#941=DIRECTION('',(0.999999850900095,0.000528239558428094,0.000138429605970627));
#942=DIRECTION('',(0.000138109621957373,0.000605743895751854,-0.999999807000014));
#943=DIRECTION('',(-0.999999850900095,-0.000528239558428214,-0.000138429605971012));
#944=DIRECTION('',(0.00024608333461792,-0.662218625359893,0.749310637632648));
#945=DIRECTION('',(-0.000528323232640489,0.999999677018634,0.000605670859414395));
#946=DIRECTION('',(0.,-0.000605670943943485,0.999999816581337));
#947=DIRECTION('',(-0.000471239244947253,0.70667822719352,0.70753491867483));
#948=DIRECTION('',(0.000138109660614216,0.000605743895772712,-0.999999807000009));
#949=DIRECTION('',(0.,0.999999816537146,0.000605743901549776));
#950=DIRECTION('',(-0.000528323232644124,0.999999677018634,0.000605670859415515));
#951=DIRECTION('',(-0.49628183136912,-0.000788017365047302,0.868161115739207));
#952=DIRECTION('',(-0.999999850900131,-0.000528239481677229,-0.000138429644580826));
#953=DIRECTION('',(-0.999999850900095,-0.000528239558425978,-0.000138429605973539));
#954=DIRECTION('',(-0.000424108489218588,0.591589668435958,0.806239098736735));
#955=DIRECTION('',(-0.999999850900131,-0.000528239481677229,-0.000138429644580826));
#956=DIRECTION('',(-0.999999850900095,-0.000528239558426199,-0.000138429605949224));
#957=DIRECTION('',(0.000383768095779243,-0.499475248896101,-0.866328072073292));
#958=DIRECTION('',(-0.999999850900095,-0.000528239558427776,-0.000138429605968502));
#959=DIRECTION('',(-0.000424125127455349,0.591628664949615,0.806210483017811));
#960=DIRECTION('',(-0.999999850900131,-0.000528239481677229,-0.000138429644580826));
#961=DIRECTION('',(0.999999850900095,0.00052823955843163,0.000138429605979474));
#962=DIRECTION('',(0.000195358146004504,-0.109341496231179,-0.994004224858789));
#963=DIRECTION('',(-0.999999850900131,-0.000528239481677229,-0.000138429644580826));
#964=DIRECTION('',(-0.6845377157113,0.0127984749573609,0.728865086835363));
#965=DIRECTION('',(-0.650201999670844,-0.323904765021011,0.687257639332383));
#966=DIRECTION('',(-0.000528323232640484,0.999999677018634,0.000605670859414536));
#967=DIRECTION('',(-0.107622236438761,0.000545293795875653,-0.994191710324823));
#968=DIRECTION('',(-0.000138109621952115,-0.000605743904686021,0.999999807000009));
#969=DIRECTION('',(-0.000138109621952115,-0.000605743904686021,0.999999807000009));
#970=DIRECTION('',(0.000528323232639695,-0.999999677018634,-0.000605670859414795));
#971=DIRECTION('',(-0.197392271006264,-0.000698041031362381,0.980324336169264));
#972=DIRECTION('',(-0.000528323232640484,0.999999677018634,0.000605670859414536));
#973=DIRECTION('',(-0.107622236438761,0.000545293795875653,-0.994191710324823));
#974=DIRECTION('',(0.000528323232640486,-0.999999677018634,-0.000605670859414703));
#975=DIRECTION('',(-0.000138109660607263,-0.000605743904706441,0.999999807000003));
#976=DIRECTION('',(-0.000528323232640485,0.999999677018634,0.00060567085941459));
#977=DIRECTION('',(0.197392271006254,0.000698041031363241,-0.980324336169266));
#978=DIRECTION('',(-0.999999850900096,-0.000528239558428626,-0.00013842960596967));
#979=DIRECTION('',(0.000152073779480115,-0.0259175080785851,-0.999664073400941));
#980=DIRECTION('',(-0.000138109621952115,-0.000605743904686021,0.999999807000009));
#981=DIRECTION('',(-0.999999850900095,-0.000528239558428919,-0.000138429605969505));
#982=DIRECTION('',(0.000138109621956508,0.000605743895750391,-0.999999807000014));
#983=DIRECTION('',(0.000388486596349988,-0.866327996028727,0.499475377145875));
#984=DIRECTION('',(0.999999850900095,0.000528239558427682,0.000138429605969835));
#985=DIRECTION('',(0.000162379023611126,-0.0456108613997495,-0.998959269918161));
#986=DIRECTION('',(0.999999850900096,0.000528239558428645,0.000138429605969623));
#987=DIRECTION('',(-0.000485771123433876,0.744708682893443,0.667389497706945));
#988=DIRECTION('',(0.000138109621952115,0.000605743904686021,-0.999999807000009));
#989=DIRECTION('',(0.000388486596349988,-0.866327996028727,0.499475377145875));
#990=DIRECTION('',(0.999999850900095,0.00052823955842927,0.000138429605969484));
#991=DIRECTION('',(0.000138109621957215,0.000605743895754699,-0.999999807000014));
#992=DIRECTION('',(-0.999999850900095,-0.000528239558428605,-0.000138429605971097));
#993=DIRECTION('',(-0.000162379023609391,0.0456108613997503,0.998959269918161));
#994=DIRECTION('',(0.00038376809091482,-0.4994752488961,-0.866328072073294));
#995=DIRECTION('',(0.993564407719199,0.0983176374731472,-0.0562441985923585));
#996=DIRECTION('',(-0.000383768090914915,0.4994752488961,0.866328072073294));
#997=DIRECTION('',(-0.975742684485303,-0.189843800308993,0.109020847353399));
#998=DIRECTION('',(-0.650475903127086,0.323225022795887,-0.687318473554728));
#999=DIRECTION('',(-0.684454168232913,-0.0133659457530193,-0.728933359836631));
#1000=DIRECTION('',(0.000138109660615161,0.000605743895773659,-0.999999807000009));
#1001=DIRECTION('',(0.,0.999999816537146,0.000605743901550723));
#1002=DIRECTION('',(0.000138109660615161,0.000605743895773659,-0.999999807000009));
#1003=DIRECTION('',(0.,0.999999816537146,0.000605743901550723));
#1004=DIRECTION('',(-0.000138109660618218,-0.000605743895768345,0.999999807000009));
#1005=DIRECTION('',(-0.383458830134767,0.923557832011312,0.000506480247992412));
#1006=DIRECTION('',(0.000138109660614216,0.000605743895772712,-0.999999807000009));
#1007=DIRECTION('',(0.,0.999999816537146,0.000605743901549776));
#1008=DIRECTION('',(0.000138109660618152,0.000605743895779872,-0.999999807000009));
#1009=DIRECTION('',(-0.921942243700923,0.387327365116536,0.000107292077406748));
#1010=DIRECTION('',(-0.000528323232640489,0.999999677018634,0.000605670859414395));
#1011=DIRECTION('',(0.,-0.000605670943943485,0.999999816581337));
#1012=DIRECTION('',(0.999999850900096,0.000528239558428363,0.000138429605969346));
#1013=DIRECTION('',(-0.000528239563489626,0.999999860481472,0.));
#1014=DIRECTION('',(-0.999999850900095,-0.000528239558428555,-0.000138429605969961));
#1015=DIRECTION('',(0.000257527181638481,-0.679729659191314,0.733462694412886));
#1016=DIRECTION('',(-0.999999850900096,-0.000528239558428611,-0.000138429605968602));
#1017=DIRECTION('',(0.000528239563489874,-0.999999860481472,0.));
#1018=DIRECTION('',(0.000528323232640306,-0.999999677018634,-0.000605670859414336));
#1019=DIRECTION('',(0.,0.000605670943943425,-0.999999816581337));
#1020=DIRECTION('',(0.000138109660616108,0.000605743895772398,-0.999999807000009));
#1021=DIRECTION('',(0.,0.999999816537146,0.000605743901549461));
#1022=DIRECTION('',(0.,0.,-1.));
#1023=DIRECTION('',(-1.,0.,0.));
#1024=DIRECTION('',(0.,0.,1.));
#1025=DIRECTION('',(1.,0.,0.));
#1026=DIRECTION('',(0.,1.,0.));
#1027=DIRECTION('',(-1.,0.,0.));
#1028=DIRECTION('',(0.,0.,1.));
#1029=DIRECTION('',(1.,0.,0.));
#1030=DIRECTION('',(-1.,0.,0.));
#1031=DIRECTION('',(0.,-1.,0.));
#1032=DIRECTION('',(0.,0.,1.));
#1033=DIRECTION('',(1.,0.,0.));
#1034=DIRECTION('',(0.,-1.,0.));
#1035=DIRECTION('',(1.,0.,0.));
#1036=DIRECTION('',(0.,0.,1.));
#1037=DIRECTION('',(1.,0.,0.));
#1038=DIRECTION('',(0.,0.,1.));
#1039=DIRECTION('',(-1.,0.,0.));
#1040=DIRECTION('',(0.,0.,1.));
#1041=DIRECTION('',(1.,0.,0.));
#1042=DIRECTION('',(1.,0.,0.));
#1043=DIRECTION('',(0.,1.,0.));
#1044=DIRECTION('',(0.,0.,1.));
#1045=DIRECTION('',(1.,0.,0.));
#1046=DIRECTION('',(-0.577350269189626,0.577350269189626,-0.577350269189626));
#1047=DIRECTION('',(-0.707106780129996,-0.707106782243099,-2.11310349773619E-9));
#1048=DIRECTION('',(0.,0.,1.));
#1049=DIRECTION('',(1.,0.,0.));
#1050=DIRECTION('',(-0.718873086818576,0.585048618558824,-0.375419230954334));
#1051=DIRECTION('',(-0.631219053468083,-0.775604607089757,-3.86246104822074E-8));
#1052=DIRECTION('',(0.,0.,1.));
#1053=DIRECTION('',(1.,0.,0.));
#1054=CARTESIAN_POINT('',(0.,0.,0.));
#1055=CARTESIAN_POINT('',(6.01498697032672,0.12990122804367,-36.596101428775));
#1056=CARTESIAN_POINT('',(-5.98501124224511,0.123562350323652,-36.5977625974414));
#1057=CARTESIAN_POINT('',(6.01471397839262,0.652955012437849,-36.6199832613093));
#1058=CARTESIAN_POINT('',(-5.9852842341792,0.646616134717832,-36.6216444299757));
#1059=CARTESIAN_POINT('',(6.01437958999823,1.55915486919156,-37.6624007469286));
#1060=CARTESIAN_POINT('',(-5.9856186225736,1.55281599147154,-37.6640619155951));
#1061=CARTESIAN_POINT('',(6.01503873862275,0.5617332896377,-38.6179018011847));
#1062=CARTESIAN_POINT('',(-5.98495947394907,0.555394411917683,-38.6195629698512));
#1063=CARTESIAN_POINT('',(6.01531173055685,0.0386795052435209,-38.5940199686504));
#1064=CARTESIAN_POINT('',(-5.98468648201498,0.0323406275235032,-38.5956811373169));
#1065=CARTESIAN_POINT('',(8.01498679986404,0.130957707730985,-36.5958245673131));
#1066=CARTESIAN_POINT('',(6.01498697032672,0.129901228043665,-36.5961014287751));
#1067=CARTESIAN_POINT('',(-5.98501124006219,0.123562350324799,-36.5977625974413));
#1068=CARTESIAN_POINT('',(-5.98484886103858,0.0779514889241517,-37.5967218673791));
#1069=CARTESIAN_POINT('',(-5.98468648201497,0.0323406275235098,-38.5956811373168));
#1070=CARTESIAN_POINT('',(8.01531156009418,0.0397359849308508,-38.5937431071883));
#1071=CARTESIAN_POINT('',(6.01531172837393,0.0386795052423733,-38.5940199686506));
#1072=CARTESIAN_POINT('',(6.01514934935031,0.0842903666430257,-37.5950606987127));
#1073=CARTESIAN_POINT('',(-0.190604903969987,6.05764498530134,0.98805983611636));
#1074=CARTESIAN_POINT('',(-0.184265073140575,-5.94235114386699,0.980791802810805));
#1075=CARTESIAN_POINT('',(-0.703901581642279,6.05743639943498,0.884705324992912));
#1076=CARTESIAN_POINT('',(-0.697561750812867,-5.94255972973335,0.877437291687357));
#1077=CARTESIAN_POINT('',(-1.44056483987846,6.05775487069346,-0.283695140960675));
#1078=CARTESIAN_POINT('',(-1.43422500904905,-5.94224125847487,-0.29096317426623));
#1079=CARTESIAN_POINT('',(-0.309117039642576,6.05883247712764,-1.07594334727319));
#1080=CARTESIAN_POINT('',(-0.302777208813164,-5.9411636520407,-1.08321138057875));
#1081=CARTESIAN_POINT('',(0.204179638029716,6.059041062994,-0.972588836149746));
#1082=CARTESIAN_POINT('',(0.210519468859128,-5.94095506617434,-0.979856869455301));
#1083=CARTESIAN_POINT('',(-0.192612516973634,9.85764356656938,0.990361379927307));
#1084=CARTESIAN_POINT('',(-0.190604903977295,6.05764498093129,0.988059836161445));
#1085=CARTESIAN_POINT('',(-0.184265073150187,-5.94235114386702,0.980791802858538));
#1086=CARTESIAN_POINT('',(0.0131271978581335,-5.94165310283565,0.000467466679088258));
#1087=CARTESIAN_POINT('',(0.210519468866428,-5.94095506180428,-0.979856869500403));
#1088=CARTESIAN_POINT('',(0.202172025045293,9.8590396442621,-0.970287292434258));
#1089=CARTESIAN_POINT('',(0.204179638039328,6.05904106299403,-0.972588836197483));
#1090=CARTESIAN_POINT('',(0.00678736703102999,6.05834302196266,0.00773549998192569));
#1091=CARTESIAN_POINT('',(-7.48498674691332,0.076553390392501,-36.5969296897395));
#1092=CARTESIAN_POINT('',(-7.4898896384928,0.0550494817753572,-1.09693653993276));
#1093=CARTESIAN_POINT('',(-7.48394938667188,-1.88694138384851,-36.5981189216734));
#1094=CARTESIAN_POINT('',(-7.48885227825135,-1.90844529246566,-1.09812577186669));
#1095=CARTESIAN_POINT('',(-5.85897035377628,-5.79744143882736,-36.6002632583222));
#1096=CARTESIAN_POINT('',(-5.86387324535576,-5.8189453474445,-1.10027010851552));
#1097=CARTESIAN_POINT('',(0.0194038599665297,-8.23205512157375,-36.6009261505594));
#1098=CARTESIAN_POINT('',(0.0145009683870531,-8.25355903019089,-1.10093300075272));
#1099=CARTESIAN_POINT('',(5.89520226656615,-5.79123241984911,-36.5986361321415));
#1100=CARTESIAN_POINT('',(5.89029937498667,-5.81273632846625,-1.09864298233474));
#1101=CARTESIAN_POINT('',(7.51604837621748,-1.87901779162366,-36.5960424770048));
#1102=CARTESIAN_POINT('',(7.51114548463801,-1.9005217002408,-1.09604932719805));
#1103=CARTESIAN_POINT('',(7.51501101597603,0.084476982617354,-36.5948532450708));
#1104=CARTESIAN_POINT('',(7.51010812439656,0.0629730740002102,-1.09486009526413));
#1105=CARTESIAN_POINT('',(7.51514912564878,0.0850827265220584,-37.5948530520907));
#1106=CARTESIAN_POINT('',(7.5101081244474,0.0629730740005657,-1.09486009586139));
#1107=CARTESIAN_POINT('',(7.51414316782473,0.0806706311757542,-30.3110909528694));
#1108=CARTESIAN_POINT('',(0.0101092421905522,0.059011277312181,-1.09589831819634));
#1109=CARTESIAN_POINT('',(6.92467607034653,-2.84594396144978,-1.0967030092726));
#1110=CARTESIAN_POINT('',(6.92467607002788,-2.8459439613159,-1.09670300927255));
#1111=CARTESIAN_POINT('',(6.9028930862482,-2.89775690508895,-1.22795162785287));
#1112=CARTESIAN_POINT('',(6.87230830143875,-2.96848790825108,-1.39978517027782));
#1113=CARTESIAN_POINT('',(6.77760207828906,-3.17780682558122,-1.81767778381571));
#1114=CARTESIAN_POINT('',(6.63204703849671,-3.46873227391739,-2.29321998474108));
#1115=CARTESIAN_POINT('',(6.43839163590968,-3.81271699251929,-2.79396676025463));
#1116=CARTESIAN_POINT('',(5.90508821538751,-4.63712451827221,-3.88678611005497));
#1117=CARTESIAN_POINT('',(5.35569252833864,-5.25457131893179,-4.58717779647587));
#1118=CARTESIAN_POINT('',(4.76872774485798,-5.73602961048156,-5.13587201306533));
#1119=CARTESIAN_POINT('',(4.76872774529396,-5.7360296110128,-5.13587201306558));
#1120=CARTESIAN_POINT('',(4.51383067933815,-5.93618791916829,-5.09694747696884));
#1121=CARTESIAN_POINT('',(4.60050978391896,-5.8711019033121,-5.10710142628225));
#1122=CARTESIAN_POINT('',(4.68547580743933,-5.80436322144997,-5.11997511268217));
#1123=CARTESIAN_POINT('',(4.76872774529396,-5.7360296110128,-5.13587201306558));
#1124=CARTESIAN_POINT('',(4.51383067933815,-5.93618791916829,-5.09694747696884));
#1125=CARTESIAN_POINT('',(4.51831951290693,-5.91650005430404,-37.5989023661273));
#1126=CARTESIAN_POINT('',(4.51391166263046,-5.93583272931974,-5.68331702564985));
#1127=CARTESIAN_POINT('',(4.51391166220646,-5.93583272875503,-5.68331702564958));
#1128=CARTESIAN_POINT('',(4.338528533838,-6.06744623653047,-5.82013709975743));
#1129=CARTESIAN_POINT('',(4.08087161018661,-6.24400828663518,-6.00915059394928));
#1130=CARTESIAN_POINT('',(3.58048486652324,-6.54355652549583,-6.32170520775996));
#1131=CARTESIAN_POINT('',(3.03860849744071,-6.80731703986863,-6.59726314415337));
#1132=CARTESIAN_POINT('',(2.32574029554579,-7.09102986539794,-6.89238790800642));
#1133=CARTESIAN_POINT('',(1.26145358581539,-7.37070277678239,-7.18162889639985));
#1134=CARTESIAN_POINT('',(0.0161823915572589,-7.47074260723664,-7.28528844332719));
#1135=CARTESIAN_POINT('',(-1.23722350033026,-7.36989293689254,-7.17985488820784));
#1136=CARTESIAN_POINT('',(-2.49048920116145,-7.04613350215561,-6.84374500116864));
#1137=CARTESIAN_POINT('',(-3.5804480794166,-6.55161427740737,-6.328751130239));
#1138=CARTESIAN_POINT('',(-4.16525248879037,-6.18076948972011,-5.9363714170929));
#1139=CARTESIAN_POINT('',(-4.48608699507193,-5.94058688453163,-5.68456289245094));
#1140=CARTESIAN_POINT('',(-4.48608699516411,-5.94058688465467,-5.68456289245103));
#1141=CARTESIAN_POINT('',(-4.48611772536336,-5.94072166621893,-5.4620570823211));
#1142=CARTESIAN_POINT('',(-4.48616797845644,-5.94094207450323,-5.09819334377001));
#1143=CARTESIAN_POINT('',(-4.74126557881807,-5.74105316570609,-5.13718847825771));
#1144=CARTESIAN_POINT('',(-4.65794589879588,-5.80929878642505,-5.12126851942098));
#1145=CARTESIAN_POINT('',(-4.57291298213421,-5.87594766812175,-5.10837130012465));
#1146=CARTESIAN_POINT('',(-4.48616797845644,-5.94094207450323,-5.09819334377001));
#1147=CARTESIAN_POINT('',(-4.74126557881807,-5.74105316570609,-5.13718847825771));
#1148=CARTESIAN_POINT('',(-4.74126557874017,-5.74105316561097,-5.13718847825763));
#1149=CARTESIAN_POINT('',(-4.83463872350383,-5.66464863442937,-5.04972481078772));
#1150=CARTESIAN_POINT('',(-4.94425881988095,-5.57048119934661,-4.94439436646963));
#1151=CARTESIAN_POINT('',(-5.22681735407832,-5.31329842163124,-4.64873259812474));
#1152=CARTESIAN_POINT('',(-5.52609501859462,-5.00681579048261,-4.29178158360245));
#1153=CARTESIAN_POINT('',(-5.86397205993514,-4.6109784539482,-3.8168971723831));
#1154=CARTESIAN_POINT('',(-6.2414957523509,-4.10345066464899,-3.18134469805354));
#1155=CARTESIAN_POINT('',(-6.55981372064169,-3.5755475734605,-2.4669131581817));
#1156=CARTESIAN_POINT('',(-6.78463326024993,-3.12120271854308,-1.70635019526885));
#1157=CARTESIAN_POINT('',(-6.8630512669852,-2.94400112612582,-1.33391183262624));
#1158=CARTESIAN_POINT('',(-6.90138421415702,-2.85324743259984,-1.09861694507564));
#1159=CARTESIAN_POINT('',(-6.9013842140964,-2.85324743257429,-1.09861694507561));
#1160=CARTESIAN_POINT('',(0.0101092443740187,0.0590112784643577,-1.09589831819559));
#1161=CARTESIAN_POINT('',(-7.48988963854355,0.0550494817756699,-1.09693654053006));
#1162=CARTESIAN_POINT('',(-7.48484863734217,0.0771591342971678,-37.5969294967594));
#1163=CARTESIAN_POINT('',(-7.48585474895095,0.0727470951511094,-30.3132603217514));
#1164=CARTESIAN_POINT('',(-7.27366151708162,-1.69446056457591,-30.5164755629819));
#1165=CARTESIAN_POINT('',(-7.33984156750486,-1.42224259510351,-30.4531353873434));
#1166=CARTESIAN_POINT('',(-7.391308694593,-1.14405829917767,-30.4038616426619));
#1167=CARTESIAN_POINT('',(-7.4626169228506,-0.578417374654548,-30.3355652541027));
#1168=CARTESIAN_POINT('',(-7.48223736286586,-0.292892394115242,-30.3167588917996));
#1169=CARTESIAN_POINT('',(-7.48568942973394,0.0203045323835358,-30.3134237243986));
#1170=CARTESIAN_POINT('',(-7.48584079651014,0.0465337391968219,-30.3132762567283));
#1171=CARTESIAN_POINT('',(-7.48585474895095,0.0727470951511094,-30.3132603217514));
#1172=CARTESIAN_POINT('',(-7.27366151708162,-1.69446056457591,-30.5164755629819));
#1173=CARTESIAN_POINT('',(-6.42911598766048,-3.76190306639066,-30.2290896217335));
#1174=CARTESIAN_POINT('',(-6.45134257014688,-3.72457702764575,-30.2498484295389));
#1175=CARTESIAN_POINT('',(-6.47337928145124,-3.68683402610299,-30.2697401155118));
#1176=CARTESIAN_POINT('',(-6.51714992704292,-3.61031952951952,-30.3078983906779));
#1177=CARTESIAN_POINT('',(-6.5388796778684,-3.57155203783419,-30.3261584118967));
#1178=CARTESIAN_POINT('',(-6.58201800722013,-3.492935655157,-30.3610451569486));
#1179=CARTESIAN_POINT('',(-6.60341296339289,-3.45310818196341,-30.377658109808));
#1180=CARTESIAN_POINT('',(-6.64558910491132,-3.37284470108926,-30.4090306053982));
#1181=CARTESIAN_POINT('',(-6.66642039871423,-3.3323234576476,-30.4238352888378));
#1182=CARTESIAN_POINT('',(-6.70543243792107,-3.2546807462026,-30.4502293104473));
#1183=CARTESIAN_POINT('',(-6.72347453193631,-3.21802953113845,-30.4618727184727));
#1184=CARTESIAN_POINT('',(-6.75892438844596,-3.14450274272001,-30.4836275066671));
#1185=CARTESIAN_POINT('',(-6.77633681160199,-3.10763328890659,-30.4937533444001));
#1186=CARTESIAN_POINT('',(-6.7980705943955,-3.06060594060419,-30.5056586082758));
#1187=CARTESIAN_POINT('',(-6.80248184147697,-3.05100811756153,-30.5080365473358));
#1188=CARTESIAN_POINT('',(-6.8225239577583,-3.00715580864231,-30.5186627039913));
#1189=CARTESIAN_POINT('',(-6.83778300166901,-2.97309379342398,-30.5262620699562));
#1190=CARTESIAN_POINT('',(-6.85661008284865,-2.93021493946825,-30.5350237865954));
#1191=CARTESIAN_POINT('',(-6.86038740194026,-2.92156787676363,-30.5367497978605));
#1192=CARTESIAN_POINT('',(-6.87881610483967,-2.87916261940393,-30.5450135613768));
#1193=CARTESIAN_POINT('',(-6.893298746314,-2.84516351875957,-30.5510226812836));
#1194=CARTESIAN_POINT('',(-6.91167384277789,-2.80110676491201,-30.5579859784127));
#1195=CARTESIAN_POINT('',(-6.91561650885407,-2.79159912711887,-30.5594408571638));
#1196=CARTESIAN_POINT('',(-6.9378200772195,-2.7377401758848,-30.5674075202543));
#1197=CARTESIAN_POINT('',(-6.95561916824259,-2.69336561194117,-30.5729311127537));
#1198=CARTESIAN_POINT('',(-6.98181184163319,-2.62621224209944,-30.5797200546069));
#1199=CARTESIAN_POINT('',(-6.99046894863606,-2.60369596019214,-30.581731782098));
#1200=CARTESIAN_POINT('',(-7.00753003492696,-2.55867797311195,-30.585228616354));
#1201=CARTESIAN_POINT('',(-7.01594863898565,-2.53613855984348,-30.5867173381005));
#1202=CARTESIAN_POINT('',(-7.04304896417894,-2.46249748505944,-30.5907169628945));
#1203=CARTESIAN_POINT('',(-7.06125108295874,-2.41132889647407,-30.592157580696));
#1204=CARTESIAN_POINT('',(-7.09234649669063,-2.32081606969724,-30.592307216194));
#1205=CARTESIAN_POINT('',(-7.10546313072996,-2.28158835184909,-30.5915890595075));
#1206=CARTESIAN_POINT('',(-7.13039239242935,-2.20491601928706,-30.5886208713335));
#1207=CARTESIAN_POINT('',(-7.14206538317516,-2.16803238485326,-30.5864863902626));
#1208=CARTESIAN_POINT('',(-7.1646781467681,-2.09463404075336,-30.5808412370835));
#1209=CARTESIAN_POINT('',(-7.17562409822596,-2.05811936436383,-30.5773447912594));
#1210=CARTESIAN_POINT('',(-7.19141048761134,-2.0039496448354,-30.5711087536562));
#1211=CARTESIAN_POINT('',(-7.196417976323,-1.98653380874734,-30.5689462121192));
#1212=CARTESIAN_POINT('',(-7.22754702133131,-1.87675987132484,-30.5542975033844));
#1213=CARTESIAN_POINT('',(-7.25159969435224,-1.78520699347988,-30.5375872814435));
#1214=CARTESIAN_POINT('',(-7.27366151708162,-1.69446056457591,-30.5164755629819));
#1215=CARTESIAN_POINT('',(-6.42911598766048,-3.76190306639066,-30.2290896217335));
#1216=CARTESIAN_POINT('',(-5.98354040246005,-4.42673564384737,-29.8593200935248));
#1217=CARTESIAN_POINT('',(-6.14382176317607,-4.21316771441313,-29.9781097356468));
#1218=CARTESIAN_POINT('',(-6.29250021881371,-3.99132820079919,-30.1014934936274));
#1219=CARTESIAN_POINT('',(-6.42911598766048,-3.76190306639066,-30.2290896217335));
#1220=CARTESIAN_POINT('',(-5.98354040246005,-4.42673564384737,-29.8593200935248));
#1221=CARTESIAN_POINT('',(-5.98321193649837,-4.42529499311242,-32.2375457584779));
#1222=CARTESIAN_POINT('',(-5.9831754943675,-4.42513515921858,-32.5014095163269));
#1223=CARTESIAN_POINT('',(-5.78304620059822,-4.68005047322543,-32.4624553054105));
#1224=CARTESIAN_POINT('',(-5.85136796557837,-4.59679108545472,-32.4783640983903));
#1225=CARTESIAN_POINT('',(-5.91809705122051,-4.51181902654903,-32.4912476905954));
#1226=CARTESIAN_POINT('',(-5.9831754943675,-4.42513515921858,-32.5014095163269));
#1227=CARTESIAN_POINT('',(-5.78304620059822,-4.68005047322543,-32.4624553054105));
#1228=CARTESIAN_POINT('',(-2.85360842898936,-6.84920305847249,-36.6004852870305));
#1229=CARTESIAN_POINT('',(-2.90601537956552,-6.82760453733481,-36.4559454132235));
#1230=CARTESIAN_POINT('',(-2.97108220437932,-6.80000229222564,-36.2925532333901));
#1231=CARTESIAN_POINT('',(-3.17997615346289,-6.70743388577302,-35.8558597493576));
#1232=CARTESIAN_POINT('',(-3.4714676414411,-6.56426989432815,-35.368757698356));
#1233=CARTESIAN_POINT('',(-3.81840222364795,-6.37240969392022,-34.8579521093469));
#1234=CARTESIAN_POINT('',(-4.38339376495058,-6.01228173645794,-34.1056635070583));
#1235=CARTESIAN_POINT('',(-5.0200901528834,-5.51182014858933,-33.3329933357307));
#1236=CARTESIAN_POINT('',(-5.53874035101198,-4.97751167438122,-32.7399155434437));
#1237=CARTESIAN_POINT('',(-5.78304620059296,-4.68005047322115,-32.4624553054105));
#1238=CARTESIAN_POINT('',(-2.85360842912428,-6.84920305879842,-36.6004852870307));
#1239=CARTESIAN_POINT('',(0.0150121349721433,0.0805151854106397,-36.5958914674058));
#1240=CARTESIAN_POINT('',(2.89095336070447,-6.84616855400366,-36.5996900692653));
#1241=CARTESIAN_POINT('',(5.81695206900626,-4.67392289487637,-32.4608495215332));
#1242=CARTESIAN_POINT('',(5.74021586660279,-4.76758593612541,-32.5486053351089));
#1243=CARTESIAN_POINT('',(5.64237945471724,-4.8813389895838,-32.6581640585121));
#1244=CARTESIAN_POINT('',(5.38057336469999,-5.16785836861327,-32.9590805349771));
#1245=CARTESIAN_POINT('',(5.06812990179293,-5.47150704180684,-33.3230711079323));
#1246=CARTESIAN_POINT('',(4.66027394252857,-5.81635651983042,-33.813395734097));
#1247=CARTESIAN_POINT('',(4.14827695639794,-6.19317318855057,-34.4544770540295));
#1248=CARTESIAN_POINT('',(3.46496026079738,-6.59701279582075,-35.3996041319265));
#1249=CARTESIAN_POINT('',(3.06085688621777,-6.77588683745749,-36.1223207834128));
#1250=CARTESIAN_POINT('',(2.89095336041306,-6.84616855330185,-36.5996900692649));
#1251=CARTESIAN_POINT('',(5.81695206944808,-4.67392289523819,-32.4608495215333));
#1252=CARTESIAN_POINT('',(6.01682271602523,-4.41879628543868,-32.4997483605921));
#1253=CARTESIAN_POINT('',(5.95183307797823,-4.50554885987516,-32.4896045401415));
#1254=CARTESIAN_POINT('',(5.88519023638502,-4.59059137110907,-32.4767394105676));
#1255=CARTESIAN_POINT('',(5.81695206944808,-4.67392289523819,-32.4608495215333));
#1256=CARTESIAN_POINT('',(6.01682271602523,-4.41879628543868,-32.4997483605921));
#1257=CARTESIAN_POINT('',(6.01682271602523,-4.41879628543868,-32.4997483605921));
#1258=CARTESIAN_POINT('',(6.01645782214367,-4.42039679608629,-29.8576158561684));
#1259=CARTESIAN_POINT('',(6.46140325290044,-3.75514408603145,-30.2272246610121));
#1260=CARTESIAN_POINT('',(6.32500280564349,-3.98469559425983,-30.0996795246508));
#1261=CARTESIAN_POINT('',(6.17653463998884,-4.20667526401981,-29.9763494145367));
#1262=CARTESIAN_POINT('',(6.01645782214367,-4.42039679608629,-29.8576158561684));
#1263=CARTESIAN_POINT('',(6.46140325290044,-3.75514408603145,-30.2272246610121));
#1264=CARTESIAN_POINT('',(7.3038570642475,-1.68682816143304,-30.5143672014937));
#1265=CARTESIAN_POINT('',(7.29278904428771,-1.73257490768403,-30.5250112957747));
#1266=CARTESIAN_POINT('',(7.28118884429505,-1.7786324342369,-30.5345566006735));
#1267=CARTESIAN_POINT('',(7.26907022801878,-1.82486412519683,-30.5429769117545));
#1268=CARTESIAN_POINT('',(7.26303170923593,-1.8479006607102,-30.5471726223426));
#1269=CARTESIAN_POINT('',(7.25686144246567,-1.87099153807336,-30.5510903703057));
#1270=CARTESIAN_POINT('',(7.25056199217749,-1.89411946194744,-30.5547287586835));
#1271=CARTESIAN_POINT('',(7.24426766985037,-1.917228558926,-30.5583641852923));
#1272=CARTESIAN_POINT('',(7.23784911639097,-1.94035626027379,-30.5617170537074));
#1273=CARTESIAN_POINT('',(7.23132832050834,-1.96342178798823,-30.5647796313323));
#1274=CARTESIAN_POINT('',(7.218274020685,-2.00959779468872,-30.5709107550884));
#1275=CARTESIAN_POINT('',(7.20478849266439,-2.05560477163737,-30.5758943006362));
#1276=CARTESIAN_POINT('',(7.19090769179433,-2.10133823404165,-30.5797674304919));
#1277=CARTESIAN_POINT('',(7.17695738277555,-2.14730070688556,-30.5836599550562));
#1278=CARTESIAN_POINT('',(7.16260745344314,-2.19298882052954,-30.5864316554469));
#1279=CARTESIAN_POINT('',(7.14790038567994,-2.23830479477458,-30.5881326612066));
#1280=CARTESIAN_POINT('',(7.13066949989833,-2.29139725269136,-30.5901255694077));
#1281=CARTESIAN_POINT('',(7.1127362305184,-2.34463082816936,-30.5906731402271));
#1282=CARTESIAN_POINT('',(7.09415753875613,-2.39778444423495,-30.589765768472));
#1283=CARTESIAN_POINT('',(7.08113058076906,-2.43505455626491,-30.5891295399426));
#1284=CARTESIAN_POINT('',(7.06778668664602,-2.47228549706518,-30.5877790364309));
#1285=CARTESIAN_POINT('',(7.0541509868957,-2.50940307671346,-30.5857251299436));
#1286=CARTESIAN_POINT('',(7.03764864946991,-2.55432389742664,-30.583239430015));
#1287=CARTESIAN_POINT('',(7.02071860264625,-2.59907855202282,-30.5797209545702));
#1288=CARTESIAN_POINT('',(7.00341394011086,-2.64353858138025,-30.575199736971));
#1289=CARTESIAN_POINT('',(6.98600086070934,-2.68827716092852,-30.5706501931192));
#1290=CARTESIAN_POINT('',(6.96820699323465,-2.73272051477329,-30.5650840294728));
#1291=CARTESIAN_POINT('',(6.95010050159595,-2.77673193918932,-30.5585526495862));
#1292=CARTESIAN_POINT('',(6.94102319839173,-2.79879612764979,-30.5552782816547));
#1293=CARTESIAN_POINT('',(6.93180449863049,-2.82090371349657,-30.5517372319935));
#1294=CARTESIAN_POINT('',(6.92248232141413,-2.84296104882667,-30.5479427285623));
#1295=CARTESIAN_POINT('',(6.91319851787749,-2.86492758765041,-30.5441638447723));
#1296=CARTESIAN_POINT('',(6.9038270569012,-2.88680971139784,-30.5401404328438));
#1297=CARTESIAN_POINT('',(6.89437535951038,-2.90859299265882,-30.5358766197134));
#1298=CARTESIAN_POINT('',(6.87554354036112,-2.95199459516684,-30.5273812823746));
#1299=CARTESIAN_POINT('',(6.8563693479501,-2.99506002151622,-30.5179249927372));
#1300=CARTESIAN_POINT('',(6.83692338925653,-3.03766261579222,-30.5075571978156));
#1301=CARTESIAN_POINT('',(6.81750000553024,-3.0802157523795,-30.4972014389488));
#1302=CARTESIAN_POINT('',(6.79779998401424,-3.12232034078659,-30.4859345915936));
#1303=CARTESIAN_POINT('',(6.77788192827502,-3.1638955394342,-30.4738099118178));
#1304=CARTESIAN_POINT('',(6.75789410406506,-3.20561636665463,-30.4616427620151));
#1305=CARTESIAN_POINT('',(6.73768673486287,-3.24680406410399,-30.4486116654212));
#1306=CARTESIAN_POINT('',(6.71732351351964,-3.28738256763993,-30.4347794259887));
#1307=CARTESIAN_POINT('',(6.68485254954689,-3.35208859347793,-30.4127226923955));
#1308=CARTESIAN_POINT('',(6.65165259103021,-3.41590904538807,-30.3884057554848));
#1309=CARTESIAN_POINT('',(6.61785018996408,-3.47870123501435,-30.3618858305389));
#1310=CARTESIAN_POINT('',(6.60925462641829,-3.49466856985123,-30.3551421172844));
#1311=CARTESIAN_POINT('',(6.60062016400986,-3.51056953192437,-30.3482561897818));
#1312=CARTESIAN_POINT('',(6.59194899502036,-3.52640201283157,-30.341229470035));
#1313=CARTESIAN_POINT('',(6.5575658265921,-3.58918142104317,-30.3133669189954));
#1314=CARTESIAN_POINT('',(6.52260464588015,-3.65088179588974,-30.2832857527366));
#1315=CARTESIAN_POINT('',(6.48721496738663,-3.71136835075013,-30.2510485699889));
#1316=CARTESIAN_POINT('',(6.47863546739269,-3.72603207246645,-30.243233327778));
#1317=CARTESIAN_POINT('',(6.47003081962112,-3.74062455895284,-30.2352915960507));
#1318=CARTESIAN_POINT('',(6.46140325290044,-3.75514408603145,-30.2272246610121));
#1319=CARTESIAN_POINT('',(7.3038570642475,-1.68682816143304,-30.5143672014937));
#1320=CARTESIAN_POINT('',(7.51414316782473,0.0806706311757542,-30.3110909528694));
#1321=CARTESIAN_POINT('',(7.51415689205194,0.0546936934598739,-30.311106694134));
#1322=CARTESIAN_POINT('',(7.5140356824719,0.0287010273729081,-30.3112516365592));
#1323=CARTESIAN_POINT('',(7.51094610966917,-0.28439491354473,-30.3145580153205));
#1324=CARTESIAN_POINT('',(7.4916430877472,-0.570074249760944,-30.33335862909));
#1325=CARTESIAN_POINT('',(7.42094253398573,-1.13605321966748,-30.4016790524772));
#1326=CARTESIAN_POINT('',(7.36976413703335,-1.41441849330879,-30.4509819973159));
#1327=CARTESIAN_POINT('',(7.3038570642475,-1.68682816143304,-30.5143672014937));
#1328=CARTESIAN_POINT('',(0.0101092429519219,0.059011277888123,-1.09589831819573));
#1329=CARTESIAN_POINT('',(6.51010827357239,0.0624448345188727,-1.09499852546729));
#1330=CARTESIAN_POINT('',(7.0061502830676,0.0621809933430448,-0.226700042690695));
#1331=CARTESIAN_POINT('',(0.0101092415297527,0.0590112773119152,-1.09589831819606));
#1332=CARTESIAN_POINT('',(6.92160270001826,2.97126998830642,-1.09317968974144));
#1333=CARTESIAN_POINT('',(7.00615028303913,0.0621809933430596,-0.226700042740538));
#1334=CARTESIAN_POINT('',(7.00856826046233,0.625845303398467,-0.227910116249108));
#1335=CARTESIAN_POINT('',(7.00535527409779,1.38099167515117,-0.263643798552913));
#1336=CARTESIAN_POINT('',(6.98872459050639,2.41176899106735,-0.531296858697735));
#1337=CARTESIAN_POINT('',(6.9632832217681,2.87212306654437,-0.847897025812772));
#1338=CARTESIAN_POINT('',(6.92160270010286,2.97126998840585,-1.09317968971723));
#1339=CARTESIAN_POINT('',(0.00689304717332775,5.85834308656137,0.00761436045914471));
#1340=CARTESIAN_POINT('',(0.00584823708215353,6.05422396342213,6.80773418236515));
#1341=CARTESIAN_POINT('',(0.00592627981964647,5.85410287922848,7.00761300959904));
#1342=CARTESIAN_POINT('',(0.00584823708215353,6.05422396342213,6.80773418236515));
#1343=CARTESIAN_POINT('',(0.00689304744404308,5.85834308656204,0.00761435958090192));
#1344=CARTESIAN_POINT('',(4.76259919490504,5.86396664292405,-5.12884623119982));
#1345=CARTESIAN_POINT('',(4.76259919490504,5.86396664292405,-5.12884623119982));
#1346=CARTESIAN_POINT('',(4.67927510924446,5.93219294066943,-5.11286662043399));
#1347=CARTESIAN_POINT('',(4.59423862221561,5.99882616286237,-5.09991215453338));
#1348=CARTESIAN_POINT('',(4.50749079962546,6.06380820559395,-5.08967942676293));
#1349=CARTESIAN_POINT('',(4.50749079962546,6.06380820559395,-5.08967942676293));
#1350=CARTESIAN_POINT('',(0.00678738277445147,6.05834302197476,0.00773549373113674));
#1351=CARTESIAN_POINT('',(5.81514937917645,0.0841847194032359,-37.5950883824864));
#1352=CARTESIAN_POINT('',(6.01608849477898,0.0884094258515144,-44.3950593842934));
#1353=CARTESIAN_POINT('',(5.81611614653018,0.0884249267361207,-44.5950870316264));
#1354=CARTESIAN_POINT('',(6.01608849477898,0.0884094258515144,-44.3950593842934));
#1355=CARTESIAN_POINT('',(5.81514937917648,0.0841847194658985,-37.5950883826681));
#1356=CARTESIAN_POINT('',(5.81192771755349,4.83606877601264,-32.4550895949296));
#1357=CARTESIAN_POINT('',(5.81192771755349,4.83606877601264,-32.4550895949296));
#1358=CARTESIAN_POINT('',(5.88025388817193,4.7528287112155,-32.4710803715523));
#1359=CARTESIAN_POINT('',(5.94698654418127,4.66787231181357,-32.484048464544));
#1360=CARTESIAN_POINT('',(6.01206780624073,4.58120080813301,-32.4942973229375));
#1361=CARTESIAN_POINT('',(6.01206780624073,4.58120080813301,-32.4942973229375));
#1362=CARTESIAN_POINT('',(6.01514934934968,0.0842903673604145,-37.5950606967317));
#1363=CARTESIAN_POINT('',(4.68830587198809,5.86396845733556,-5.19664757713689));
#1364=CARTESIAN_POINT('',(4.69443442237702,-5.73602779660128,-5.20367335900266));
#1365=CARTESIAN_POINT('',(5.73313687566193,5.86395121913213,-4.25678612856982));
#1366=CARTESIAN_POINT('',(5.73926542605086,-5.73604503480471,-4.26381191043558));
#1367=CARTESIAN_POINT('',(7.23661465336667,5.86321575192525,-1.73100965231217));
#1368=CARTESIAN_POINT('',(7.2427432037556,-5.73678050201159,-1.73803543417794));
#1369=CARTESIAN_POINT('',(6.94983470013632,5.86039782853178,2.67139790938517));
#1370=CARTESIAN_POINT('',(6.95596325052525,-5.73959842540506,2.6643721275194));
#1371=CARTESIAN_POINT('',(4.21835438057824,5.85685640367469,6.13585251923864));
#1372=CARTESIAN_POINT('',(4.22448293096717,-5.74313985026215,6.12882673737287));
#1373=CARTESIAN_POINT('',(1.4112770474539,5.85484524110053,7.00780755137311));
#1374=CARTESIAN_POINT('',(1.41740559784284,-5.74515101283631,7.00078176950735));
#1375=CARTESIAN_POINT('',(0.00592627981970211,5.85410287922874,7.00761300919116));
#1376=CARTESIAN_POINT('',(0.0120548302086372,-5.7458933747081,7.00058722732539));
#1377=CARTESIAN_POINT('',(0.00476396853898824,8.05410216876823,7.00894548547013));
#1378=CARTESIAN_POINT('',(0.0120548302085972,-5.74589337470834,7.00058722773329));
#1379=CARTESIAN_POINT('',(0.013021597833009,-5.74165316737478,0.000588577715134996));
#1380=CARTESIAN_POINT('',(6.92467607007468,-2.84594396133556,-1.09670300927257));
#1381=CARTESIAN_POINT('',(6.95309617312384,-2.77834081365548,-0.936910991098903));
#1382=CARTESIAN_POINT('',(6.96617705899926,-2.6321176489339,-0.785566786509431));
#1383=CARTESIAN_POINT('',(6.99674530628455,-2.15800869945332,-0.492641108783188));
#1384=CARTESIAN_POINT('',(7.00433868243686,-1.25562980768471,-0.271250257069747));
#1385=CARTESIAN_POINT('',(7.00786923317645,-0.504975231961239,-0.227854376384792));
#1386=CARTESIAN_POINT('',(7.00615028303913,0.0621809933430596,-0.226700042740538));
#1387=CARTESIAN_POINT('',(4.76259919483818,5.86396664292396,-5.12884623112762));
#1388=CARTESIAN_POINT('',(4.85593439112953,5.78681563133541,-5.04251423348007));
#1389=CARTESIAN_POINT('',(4.9659734243066,5.69300184834307,-4.9348893366754));
#1390=CARTESIAN_POINT('',(5.24560599601672,5.43818274551244,-4.64452213873365));
#1391=CARTESIAN_POINT('',(5.50210510090337,5.17259851071868,-4.33427863730156));
#1392=CARTESIAN_POINT('',(5.69086573280977,4.96046606977105,-4.08296840229328));
#1393=CARTESIAN_POINT('',(5.94344606225205,4.65480072038944,-3.71295291714163));
#1394=CARTESIAN_POINT('',(6.15158723795473,4.37625755392699,-3.36817961984975));
#1395=CARTESIAN_POINT('',(6.46993307099889,3.8806448043331,-2.70595803829051));
#1396=CARTESIAN_POINT('',(6.58657751781386,3.66954420907596,-2.39944668777287));
#1397=CARTESIAN_POINT('',(6.72562723108876,3.40166887821269,-1.97166880216229));
#1398=CARTESIAN_POINT('',(6.81976538416529,3.20493801671149,-1.62399023317025));
#1399=CARTESIAN_POINT('',(6.88603290744624,3.05763695631298,-1.31658091629139));
#1400=CARTESIAN_POINT('',(6.92160269986968,2.97126998830633,-1.0931796897178));
#1401=CARTESIAN_POINT('',(5.81195761080055,4.76172503941701,-32.3873435376236));
#1402=CARTESIAN_POINT('',(-5.78804065924582,4.75559746142976,-32.3889493215007));
#1403=CARTESIAN_POINT('',(5.8115353175331,5.80725487320362,-33.3264274303378));
#1404=CARTESIAN_POINT('',(-5.78846295251326,5.80112729521637,-33.3280332142149));
#1405=CARTESIAN_POINT('',(5.81108961612832,7.31261104268433,-35.8510849085195));
#1406=CARTESIAN_POINT('',(-5.78890865391805,7.30648346469708,-35.8526906923966));
#1407=CARTESIAN_POINT('',(5.81184882788606,7.02910591561981,-40.2537054111165));
#1408=CARTESIAN_POINT('',(-5.78814944216031,7.02297833763256,-40.2553111949936));
#1409=CARTESIAN_POINT('',(5.81377020682768,4.30020339926444,-43.720192161112));
#1410=CARTESIAN_POINT('',(-5.78622806321869,4.29407582127719,-43.7217979449891));
#1411=CARTESIAN_POINT('',(5.81537366685106,1.49377545007225,-44.5942358514907));
#1412=CARTESIAN_POINT('',(-5.78462460319531,1.487647872085,-44.5958416353678));
#1413=CARTESIAN_POINT('',(5.81611614653018,0.0884249267361259,-44.5950870316248));
#1414=CARTESIAN_POINT('',(-5.78388212351619,0.0822973487488787,-44.5966928155019));
#1415=CARTESIAN_POINT('',(8.01611581843547,0.0895870535957684,-44.5947824864083));
#1416=CARTESIAN_POINT('',(-5.78388212351619,0.0822973487488742,-44.5966928155035));
#1417=CARTESIAN_POINT('',(-5.78484889086987,0.0780571414786562,-37.5966941665452));
#1418=CARTESIAN_POINT('',(-5.78807055249282,4.82994119802537,-32.4566953788066));
#1419=CARTESIAN_POINT('',(-5.7880705524928,4.82994119799079,-32.456695378844));
#1420=CARTESIAN_POINT('',(-5.70709181011113,4.92803563660963,-32.54733207587));
#1421=CARTESIAN_POINT('',(-5.62391522431157,5.02580983911044,-32.6427953521069));
#1422=CARTESIAN_POINT('',(-5.34678556115391,5.32984097856494,-32.9587294784422));
#1423=CARTESIAN_POINT('',(-5.09157492769393,5.57617600760474,-33.256878047604));
#1424=CARTESIAN_POINT('',(-4.85360926551646,5.78520724101268,-33.5407858682048));
#1425=CARTESIAN_POINT('',(-4.66229152001752,5.94580738895208,-33.7703991114051));
#1426=CARTESIAN_POINT('',(-4.33742213814442,6.18899120247559,-34.1766426588127));
#1427=CARTESIAN_POINT('',(-4.28251519744343,6.22718530955923,-34.2466191666849));
#1428=CARTESIAN_POINT('',(-3.99650727124378,6.41871141842424,-34.6218136750116));
#1429=CARTESIAN_POINT('',(-3.869473060091,6.49580263227115,-34.795511786861));
#1430=CARTESIAN_POINT('',(-3.64207631035708,6.62914176161622,-35.1196903199831));
#1431=CARTESIAN_POINT('',(-3.42659925625865,6.74553016836975,-35.4481107223804));
#1432=CARTESIAN_POINT('',(-3.12022584958823,6.89646481564121,-35.9637584489493));
#1433=CARTESIAN_POINT('',(-2.94206707589548,6.97411138885881,-36.3641404846056));
#1434=CARTESIAN_POINT('',(-2.8609290916417,7.00719892685142,-36.5920928655683));
#1435=CARTESIAN_POINT('',(-2.86092909164178,7.00719892701348,-36.5920928655448));
#1436=CARTESIAN_POINT('',(-2.86092909136988,7.00719892635857,-36.5920928655452));
#1437=CARTESIAN_POINT('',(-2.79779766011566,7.03349869069804,-36.7521160109849));
#1438=CARTESIAN_POINT('',(-2.65456938235604,7.04470401637015,-36.9040782069593));
#1439=CARTESIAN_POINT('',(-2.18567779063789,7.07161978005952,-37.1960489205188));
#1440=CARTESIAN_POINT('',(-1.30164062352979,7.0776402615941,-37.4153397674546));
#1441=CARTESIAN_POINT('',(0.0124509684282125,7.07957049351118,-37.4834371993238));
#1442=CARTESIAN_POINT('',(1.32186988877611,7.08249703979563,-37.4263923795403));
#1443=CARTESIAN_POINT('',(2.33977718651254,7.06696561037992,-37.1433982235323));
#1444=CARTESIAN_POINT('',(2.78120681253429,7.05281301354249,-36.861988478704));
#1445=CARTESIAN_POINT('',(2.8836326980715,7.01023343152925,-36.5912976477796));
#1446=CARTESIAN_POINT('',(2.883632698187,7.01023343180824,-36.5912976477794));
#1447=CARTESIAN_POINT('',(2.88363269818709,7.01023343164619,-36.5912976478029));
#1448=CARTESIAN_POINT('',(2.93596546041765,6.98928897392419,-36.4466112458302));
#1449=CARTESIAN_POINT('',(2.99948201328112,6.96112267328699,-36.2862334049623));
#1450=CARTESIAN_POINT('',(3.16309980400289,6.88814094559595,-35.9462035074594));
#1451=CARTESIAN_POINT('',(3.30588355455462,6.82037929599655,-35.6879524363107));
#1452=CARTESIAN_POINT('',(3.50961121087611,6.71667353366818,-35.354281833784));
#1453=CARTESIAN_POINT('',(3.65974583461109,6.63579926723542,-35.1271353289807));
#1454=CARTESIAN_POINT('',(3.88860066029723,6.50280006011489,-34.7993835936268));
#1455=CARTESIAN_POINT('',(4.04014079655943,6.40882122317031,-34.5930692417895));
#1456=CARTESIAN_POINT('',(4.50043885146427,6.10411315759514,-33.9878590856807));
#1457=CARTESIAN_POINT('',(5.0382563367139,5.68034858458583,-33.3406692961976));
#1458=CARTESIAN_POINT('',(5.59052848698383,5.10478455459902,-32.7036537581821));
#1459=CARTESIAN_POINT('',(5.81192771755351,4.83606877597809,-32.4550895949669));
#1460=CARTESIAN_POINT('',(-5.78484889086983,0.0780571414159899,-37.5966941663636));
#1461=CARTESIAN_POINT('',(-5.98390971561378,0.0820705520716025,-44.3967205400284));
#1462=CARTESIAN_POINT('',(-5.98390971561378,0.0820705520716025,-44.3967205400284));
#1463=CARTESIAN_POINT('',(-5.78484889086985,0.0780571414787279,-37.5966941666945));
#1464=CARTESIAN_POINT('',(-5.98484886104306,0.0779514935805997,-37.596721852627));
#1465=CARTESIAN_POINT('',(0.0130215975622742,-5.74165316737543,0.000588578593405109));
#1466=CARTESIAN_POINT('',(0.0120548302085972,-5.74589337470834,7.00058722773329));
#1467=CARTESIAN_POINT('',(0.0121881167948635,-5.94577216134011,6.80046613215919));
#1468=CARTESIAN_POINT('',(0.0120548302085972,-5.74589337470834,7.00058722773329));
#1469=CARTESIAN_POINT('',(-7.52474925718836,-5.74987461278657,6.99954391046664));
#1470=CARTESIAN_POINT('',(-10.2730391682237,-5.74707608535237,-0.0183138488877199));
#1471=CARTESIAN_POINT('',(-4.74126557881808,-5.74105316570609,-5.1371884782577));
#1472=CARTESIAN_POINT('',(-4.48616797845642,-5.94094207450322,-5.09819334376999));
#1473=CARTESIAN_POINT('',(-10.0720253222704,-5.94687869911715,-0.168974047262618));
#1474=CARTESIAN_POINT('',(-7.43757857966727,-5.94970742282521,6.7994348634495));
#1475=CARTESIAN_POINT('',(0.0121881167948635,-5.94577216134011,6.80046613215925));
#1476=CARTESIAN_POINT('',(0.0101092429519211,0.0590112778881221,-1.09589831819572));
#1477=CARTESIAN_POINT('',(-6.48988978757913,0.0555777212574099,-1.09679811092411));
#1478=CARTESIAN_POINT('',(-6.98617161898867,0.0547897124131163,-0.22863699511691));
#1479=CARTESIAN_POINT('',(-6.98617161897672,0.0547897124131352,-0.228636995137812));
#1480=CARTESIAN_POINT('',(-6.98858916774741,-0.508872717639177,-0.230530607901104));
#1481=CARTESIAN_POINT('',(-6.98536618479399,-1.26397524508147,-0.267178225640334));
#1482=CARTESIAN_POINT('',(-6.96866139857204,-2.2944275488088,-0.536075259242226));
#1483=CARTESIAN_POINT('',(-6.94313250247363,-2.75439773413342,-0.853225868320772));
#1484=CARTESIAN_POINT('',(-6.90138421417484,-2.85324743268852,-1.09861694504501));
#1485=CARTESIAN_POINT('',(6.0120594952133,4.40868392453499,-31.7759447141235));
#1486=CARTESIAN_POINT('',(7.49532545158864,4.4094674442918,-31.7757393861137));
#1487=CARTESIAN_POINT('',(6.01289843577119,2.43641199928229,-30.3102783440719));
#1488=CARTESIAN_POINT('',(7.49616439214654,2.43719551903909,-30.3100730160622));
#1489=CARTESIAN_POINT('',(6.01429683580145,-0.305316024723203,-29.9498830469634));
#1490=CARTESIAN_POINT('',(7.4975627921768,-0.304532504966396,-29.9496777189536));
#1491=CARTESIAN_POINT('',(6.01562880211886,-2.5893628128117,-30.8560638539494));
#1492=CARTESIAN_POINT('',(7.49889475849421,-2.58857929305489,-30.8558585259396));
#1493=CARTESIAN_POINT('',(6.01207456280277,4.3733154636466,-31.7498272307212));
#1494=CARTESIAN_POINT('',(6.30258291872153,3.99588108968364,-31.4727264505319));
#1495=CARTESIAN_POINT('',(6.56504557184642,3.57743932723944,-31.2218386022195));
#1496=CARTESIAN_POINT('',(7.01185236181155,2.6502909121531,-30.7943532523499));
#1497=CARTESIAN_POINT('',(7.19215140226878,2.14372785471347,-30.621617266185));
#1498=CARTESIAN_POINT('',(7.37247776866836,1.33961106984817,-30.4490659129076));
#1499=CARTESIAN_POINT('',(7.41704682456133,1.06803162282423,-30.4064708737259));
#1500=CARTESIAN_POINT('',(7.46550438091448,0.597515959678854,-30.36034837429));
#1501=CARTESIAN_POINT('',(7.47740803492417,0.401632557681748,-30.3491048747682));
#1502=CARTESIAN_POINT('',(7.48250620826236,0.123807441428394,-30.3445057290631));
#1503=CARTESIAN_POINT('',(7.48257829063116,0.0425508895984176,-30.3445268729367));
#1504=CARTESIAN_POINT('',(7.47200294531612,-0.595456849165276,-30.3554202785601));
#1505=CARTESIAN_POINT('',(7.39637959701956,-1.14100692783753,-30.4288688814953));
#1506=CARTESIAN_POINT('',(7.26122662605308,-1.66564486426404,-30.5594122024936));
#1507=CARTESIAN_POINT('',(7.26122662605308,-1.66564486426404,-30.5594122024936));
#1508=CARTESIAN_POINT('',(6.01207456280277,4.3733154636466,-31.7498272307212));
#1509=CARTESIAN_POINT('',(7.26122662605308,-1.66564486426404,-30.5594122024936));
#1510=CARTESIAN_POINT('',(7.25322220146153,-1.69741119925627,-30.5673164768922));
#1511=CARTESIAN_POINT('',(7.24431971087912,-1.72888471493149,-30.5753762356431));
#1512=CARTESIAN_POINT('',(7.23455716090366,-1.76007692781858,-30.5835843979591));
#1513=CARTESIAN_POINT('',(7.22223191669511,-1.79945717603284,-30.5939472237887));
#1514=CARTESIAN_POINT('',(7.20855848831616,-1.83831461546607,-30.6045270264745));
#1515=CARTESIAN_POINT('',(7.19363505040134,-1.87665763373139,-30.6153029371661));
#1516=CARTESIAN_POINT('',(7.15574529535643,-1.97400836337189,-30.6426623578858));
#1517=CARTESIAN_POINT('',(7.10993885668108,-2.06768286980494,-30.6711823298255));
#1518=CARTESIAN_POINT('',(7.05809930922213,-2.15778111790491,-30.7004877902764));
#1519=CARTESIAN_POINT('',(6.9973265093748,-2.26340555073218,-30.7348433155408));
#1520=CARTESIAN_POINT('',(6.92804159691592,-2.36447786236683,-30.7704024851102));
#1521=CARTESIAN_POINT('',(6.85337041064089,-2.46074853136681,-30.8064968877376));
#1522=CARTESIAN_POINT('',(6.81944444363551,-2.50448796692432,-30.8228959510673));
#1523=CARTESIAN_POINT('',(6.78440662548187,-2.54723697392461,-30.8394053967563));
#1524=CARTESIAN_POINT('',(6.74855011641379,-2.58897564636136,-30.8559623928822));
#1525=CARTESIAN_POINT('',(6.74855011641379,-2.58897564636136,-30.8559623928822));
#1526=CARTESIAN_POINT('',(6.01562880211887,-2.58936281282952,-30.8560638539045));
#1527=CARTESIAN_POINT('',(6.01562880211887,-2.5893628128295,-30.8560638539045));
#1528=CARTESIAN_POINT('',(6.01514934934979,0.084290367246848,-37.5950606968883));
#1529=CARTESIAN_POINT('',(6.01619403196832,-3.75976407090189,-30.4730353955151));
#1530=CARTESIAN_POINT('',(6.75351287415391,-3.75937458992079,-30.4729333287146));
#1531=CARTESIAN_POINT('',(6.01603341899564,-3.40159594858772,-30.6795347338739));
#1532=CARTESIAN_POINT('',(6.75335226118123,-3.40120646760662,-30.6794326670734));
#1533=CARTESIAN_POINT('',(6.01583962631888,-3.00031637567613,-30.8108584952228));
#1534=CARTESIAN_POINT('',(6.75315846850448,-2.99992689469503,-30.8107564284223));
#1535=CARTESIAN_POINT('',(6.01562880211476,-2.58936280481807,-30.8560638547872));
#1536=CARTESIAN_POINT('',(6.75294764430035,-2.58897332383697,-30.8559617879867));
#1537=CARTESIAN_POINT('',(6.23061965245251,-3.75965080281021,-30.4730057126551));
#1538=CARTESIAN_POINT('',(6.25771705254135,-3.70928101524053,-30.5020323861803));
#1539=CARTESIAN_POINT('',(6.28349302838521,-3.66010583013824,-30.5284284728462));
#1540=CARTESIAN_POINT('',(6.30793821407827,-3.61238056841337,-30.5524938131104));
#1541=CARTESIAN_POINT('',(6.31050332063202,-3.60737261375236,-30.5550190613455));
#1542=CARTESIAN_POINT('',(6.31305378522657,-3.60238059653369,-30.5575186652503));
#1543=CARTESIAN_POINT('',(6.31558960716212,-3.59740479165302,-30.5599929810578));
#1544=CARTESIAN_POINT('',(6.32457226502249,-3.57977896698578,-30.5687577653771));
#1545=CARTESIAN_POINT('',(6.3333713489761,-3.56235664325436,-30.5772050114077));
#1546=CARTESIAN_POINT('',(6.34198756855932,-3.54514964885646,-30.5853500444758));
#1547=CARTESIAN_POINT('',(6.34556569630116,-3.53800396002923,-30.5887324987527));
#1548=CARTESIAN_POINT('',(6.34878478719209,-3.53155283551729,-30.5917561555348));
#1549=CARTESIAN_POINT('',(6.35236412362465,-3.52435439191482,-30.5950964376835));
#1550=CARTESIAN_POINT('',(6.35367627759578,-3.52171550436196,-30.596320956409));
#1551=CARTESIAN_POINT('',(6.35503675349861,-3.51897598392681,-30.5975876101662));
#1552=CARTESIAN_POINT('',(6.35648063889125,-3.51606402977395,-30.5989280956001));
#1553=CARTESIAN_POINT('',(6.37801089127619,-3.47264291881437,-30.61891651702));
#1554=CARTESIAN_POINT('',(6.39885184857863,-3.42965577798946,-30.6374497437741));
#1555=CARTESIAN_POINT('',(6.41899748394357,-3.38720188231179,-30.6546351764582));
#1556=CARTESIAN_POINT('',(6.429070301626,-3.36597493447297,-30.6632278928004));
#1557=CARTESIAN_POINT('',(6.43896948003685,-3.34488121183502,-30.671483736617));
#1558=CARTESIAN_POINT('',(6.44869538389765,-3.32393252840261,-30.6794164704064));
#1559=CARTESIAN_POINT('',(6.45413460789399,-3.31221695078136,-30.6838528617795));
#1560=CARTESIAN_POINT('',(6.45926030728095,-3.30110909747853,-30.687979671227));
#1561=CARTESIAN_POINT('',(6.46450869076202,-3.28966936602745,-30.6921530532282));
#1562=CARTESIAN_POINT('',(6.46864496825385,-3.28065365597425,-30.6954421166319));
#1563=CARTESIAN_POINT('',(6.47285727211771,-3.27143144660574,-30.6987593600766));
#1564=CARTESIAN_POINT('',(6.47735433498655,-3.26153295071352,-30.7022592534999));
#1565=CARTESIAN_POINT('',(6.49738795866018,-3.21743689348105,-30.7178506627785));
#1566=CARTESIAN_POINT('',(6.51685029687577,-3.17357906359009,-30.7321984653953));
#1567=CARTESIAN_POINT('',(6.53573811012929,-3.13003197461031,-30.7453714670391));
#1568=CARTESIAN_POINT('',(6.53608963134632,-3.12922151945004,-30.7456166298599));
#1569=CARTESIAN_POINT('',(6.53644095375907,-3.12841117207271,-30.7458613859067));
#1570=CARTESIAN_POINT('',(6.53679207741368,-3.12760093295085,-30.7461057355337));
#1571=CARTESIAN_POINT('',(6.54640086502705,-3.10542807294954,-30.752792564057));
#1572=CARTESIAN_POINT('',(6.55586074029443,-3.08333624599842,-30.7591750529712));
#1573=CARTESIAN_POINT('',(6.56517182301806,-3.06133427200476,-30.7652623782065));
#1574=CARTESIAN_POINT('',(6.57057677671741,-3.04856243286848,-30.7687959856317));
#1575=CARTESIAN_POINT('',(6.57571487956473,-3.03633706421518,-30.7720915324791));
#1576=CARTESIAN_POINT('',(6.58096450111371,-3.02376269922108,-30.7753955871421));
#1577=CARTESIAN_POINT('',(6.58475837248414,-3.01467527779313,-30.7777834084877));
#1578=CARTESIAN_POINT('',(6.58861027911147,-3.00540516261019,-30.7801748412114));
#1579=CARTESIAN_POINT('',(6.59265928995616,-2.99560694555754,-30.78264822756));
#1580=CARTESIAN_POINT('',(6.61166351341718,-2.94961855147103,-30.7942571830985));
#1581=CARTESIAN_POINT('',(6.63012751119099,-2.90378021467303,-30.8046677822584));
#1582=CARTESIAN_POINT('',(6.648047589425,-2.85816111715562,-30.813930184929));
#1583=CARTESIAN_POINT('',(6.64832964527391,-2.85744308829955,-30.8140759719511));
#1584=CARTESIAN_POINT('',(6.64861157694406,-2.85672510011514,-30.8142214704484));
#1585=CARTESIAN_POINT('',(6.64889337887838,-2.85600715166393,-30.8143666869244));
#1586=CARTESIAN_POINT('',(6.65709548722875,-2.83511059181187,-30.8185933480122));
#1587=CARTESIAN_POINT('',(6.6650251024251,-2.81466633764234,-30.8225005588473));
#1588=CARTESIAN_POINT('',(6.67290556331227,-2.79411564131493,-30.8262097778043));
#1589=CARTESIAN_POINT('',(6.67365234399243,-2.79216818377391,-30.826561276669));
#1590=CARTESIAN_POINT('',(6.67439867505715,-2.79021975253745,-30.8269109643253));
#1591=CARTESIAN_POINT('',(6.6751447414024,-2.78826986098704,-30.8272589232516));
#1592=CARTESIAN_POINT('',(6.68286593980772,-2.76809002091597,-30.8308600237756));
#1593=CARTESIAN_POINT('',(6.6905494408131,-2.74778119414579,-30.8342743877742));
#1594=CARTESIAN_POINT('',(6.69837088080689,-2.72685438127718,-30.8375623055366));
#1595=CARTESIAN_POINT('',(6.69950105433843,-2.72383052249641,-30.8380373993343));
#1596=CARTESIAN_POINT('',(6.70063406881393,-2.72079376460588,-30.8385097755808));
#1597=CARTESIAN_POINT('',(6.70177043131749,-2.71774264945712,-30.8389795116263));
#1598=CARTESIAN_POINT('',(6.71779401738211,-2.67471957713222,-30.8456031514654));
#1599=CARTESIAN_POINT('',(6.73338803946403,-2.63178288038249,-30.8512564785695));
#1600=CARTESIAN_POINT('',(6.74855011641379,-2.58897564636136,-30.8559623928822));
#1601=CARTESIAN_POINT('',(6.23061965245251,-3.75965080281021,-30.4730057126551));
#1602=CARTESIAN_POINT('',(8.01619373370045,-3.7587075919424,-30.4727585362327));
#1603=CARTESIAN_POINT('',(6.01619403196834,-3.75976407090571,-30.4730353955217));
#1604=CARTESIAN_POINT('',(6.01504272768093,-2.2613383241133,-27.8740511791213));
#1605=CARTESIAN_POINT('',(-5.98436940827389,-2.59570168659161,-30.8577250096843));
#1606=CARTESIAN_POINT('',(-7.48873154815714,-2.59649635018712,-30.8579332580317));
#1607=CARTESIAN_POINT('',(-5.98570143833391,-0.311545593113428,-29.9515008364912));
#1608=CARTESIAN_POINT('',(-7.49006357821716,-0.312340256708939,-29.9517090848386));
#1609=CARTESIAN_POINT('',(-5.98709990587641,2.43033321487911,-30.3119838159836));
#1610=CARTESIAN_POINT('',(-7.49146204575966,2.4295385512836,-30.312192064331));
#1611=CARTESIAN_POINT('',(-5.98793883562087,4.4026282008919,-31.7778162996266));
#1612=CARTESIAN_POINT('',(-7.49230097550412,4.40183353729639,-31.778024547974));
#1613=CARTESIAN_POINT('',(-7.23114642484833,-1.67328123727973,-30.5614136313652));
#1614=CARTESIAN_POINT('',(-7.36688740512601,-1.1487484558023,-30.4308998794088));
#1615=CARTESIAN_POINT('',(-7.44310055814815,-0.60324008239496,-30.3574731445494));
#1616=CARTESIAN_POINT('',(-7.45434065488386,0.0347956380220304,-30.3465937696518));
#1617=CARTESIAN_POINT('',(-7.4543528410249,0.116054470302026,-30.3465741434497));
#1618=CARTESIAN_POINT('',(-7.44954146656049,0.393901055063477,-30.351177532635));
#1619=CARTESIAN_POINT('',(-7.43783722906024,0.589810620220955,-30.3624229120951));
#1620=CARTESIAN_POINT('',(-7.38985305056753,1.06040073909016,-30.4085462441692));
#1621=CARTESIAN_POINT('',(-7.34555315657807,1.33203665805246,-30.4511380788648));
#1622=CARTESIAN_POINT('',(-7.16601157226507,2.13636720395698,-30.6236694880482));
#1623=CARTESIAN_POINT('',(-6.98619001290793,2.6431324129709,-30.796378529129));
#1624=CARTESIAN_POINT('',(-6.54022368957603,3.57077804025725,-31.2237939242951));
#1625=CARTESIAN_POINT('',(-6.27812139013052,3.98950941386165,-31.4746409198139));
#1626=CARTESIAN_POINT('',(-5.98792376821728,4.36725931463283,-31.7516958503611));
#1627=CARTESIAN_POINT('',(-5.98792376821728,4.36725931463283,-31.7516958503611));
#1628=CARTESIAN_POINT('',(-7.23114642484833,-1.67328123727973,-30.5614136313652));
#1629=CARTESIAN_POINT('',(-5.984848861043,0.0779514934669166,-37.5967218526234));
#1630=CARTESIAN_POINT('',(-5.98436940827389,-2.59570168660942,-30.8577250096395));
#1631=CARTESIAN_POINT('',(-5.98436940827389,-2.59570168660943,-30.8577250096395));
#1632=CARTESIAN_POINT('',(-6.71748617445759,-2.59608894788773,-30.8578264947479));
#1633=CARTESIAN_POINT('',(-6.71748617445759,-2.59608894788773,-30.8578264947479));
#1634=CARTESIAN_POINT('',(-6.78109656974551,-2.52219353327093,-30.8285044438544));
#1635=CARTESIAN_POINT('',(-6.84186535585953,-2.44544565943606,-30.7994579611088));
#1636=CARTESIAN_POINT('',(-6.9824980741217,-2.24736918284815,-30.7285504939212));
#1637=CARTESIAN_POINT('',(-7.05779921313767,-2.12171677426132,-30.6870462059959));
#1638=CARTESIAN_POINT('',(-7.14807293257453,-1.92528052903363,-30.6286387451102));
#1639=CARTESIAN_POINT('',(-7.17401488302036,-1.86008584891012,-30.6102045385798));
#1640=CARTESIAN_POINT('',(-7.2091917700672,-1.75376895429716,-30.5818115311761));
#1641=CARTESIAN_POINT('',(-7.22089439746556,-1.7137730830427,-30.5714887758218));
#1642=CARTESIAN_POINT('',(-7.23114642484833,-1.67328123727973,-30.5614136313652));
#1643=CARTESIAN_POINT('',(-5.98436940827387,-2.59570168660957,-30.8577250096409));
#1644=CARTESIAN_POINT('',(-6.72188487505469,-2.59609127145556,-30.8578271036601));
#1645=CARTESIAN_POINT('',(-5.98415858407133,-3.00665525467566,-30.8125196492662));
#1646=CARTESIAN_POINT('',(-6.72167405085215,-3.00704483952165,-30.8126217432853));
#1647=CARTESIAN_POINT('',(-5.98396479139605,-3.40793482469515,-30.6811958882669));
#1648=CARTESIAN_POINT('',(-6.72148025817687,-3.40832440954114,-30.6812979822861));
#1649=CARTESIAN_POINT('',(-5.98380417842442,-3.76610294468182,-30.4746965512501));
#1650=CARTESIAN_POINT('',(-6.72131964520524,-3.7664925295278,-30.4747986452692));
#1651=CARTESIAN_POINT('',(-5.98495548271197,-2.26767719789315,-27.8757123348564));
#1652=CARTESIAN_POINT('',(-5.98380417842441,-3.76610294468563,-30.4746965512567));
#1653=CARTESIAN_POINT('',(-6.98404255535153,-3.76663131016618,-30.4748350139204));
#1654=CARTESIAN_POINT('',(-6.19841822694572,-3.76621631231628,-30.4747262602076));
#1655=CARTESIAN_POINT('',(-6.71748617445759,-2.59608894788773,-30.8578264947479));
#1656=CARTESIAN_POINT('',(-6.702511873177,-2.63822843811941,-30.8531881640957));
#1657=CARTESIAN_POINT('',(-6.68724067189746,-2.68014973337585,-30.8476694657643));
#1658=CARTESIAN_POINT('',(-6.671685971295,-2.72183025067787,-30.841287931894));
#1659=CARTESIAN_POINT('',(-6.65411165866213,-2.76892253875762,-30.8340778238897));
#1660=CARTESIAN_POINT('',(-6.63618457089342,-2.81568241945407,-30.8257701613));
#1661=CARTESIAN_POINT('',(-6.6179255231954,-2.86208091415144,-30.8163920944456));
#1662=CARTESIAN_POINT('',(-6.59983721662701,-2.90804553455639,-30.8071017222921));
#1663=CARTESIAN_POINT('',(-6.58142300329348,-2.95365579161252,-30.7967608134915));
#1664=CARTESIAN_POINT('',(-6.56270459808051,-2.99888493674023,-30.7853940184731));
#1665=CARTESIAN_POINT('',(-6.5316295035399,-3.07397145959547,-30.7665235951759));
#1666=CARTESIAN_POINT('',(-6.49971181982757,-3.14801420329068,-30.7448241489628));
#1667=CARTESIAN_POINT('',(-6.46706999929022,-3.22087674892118,-30.7204050357945));
#1668=CARTESIAN_POINT('',(-6.4605098300793,-3.23552025288658,-30.7154974199898));
#1669=CARTESIAN_POINT('',(-6.45392045480495,-3.25011609871663,-30.7104799395105));
#1670=CARTESIAN_POINT('',(-6.4473028969372,-3.26466317889217,-30.7053534660325));
#1671=CARTESIAN_POINT('',(-6.42738897834839,-3.30843905151919,-30.6899266004834));
#1672=CARTESIAN_POINT('',(-6.40723428588926,-3.35174012010973,-30.6735248590616));
#1673=CARTESIAN_POINT('',(-6.38685969201559,-3.3945605451417,-30.6561660203964));
#1674=CARTESIAN_POINT('',(-6.36649021904036,-3.4373702077974,-30.6388115446576));
#1675=CARTESIAN_POINT('',(-6.34585410870609,-3.47979387688195,-30.6204586694882));
#1676=CARTESIAN_POINT('',(-6.32506687257907,-3.5216310219695,-30.6012045961799));
#1677=CARTESIAN_POINT('',(-6.30424604600851,-3.56353577240172,-30.5819194098917));
#1678=CARTESIAN_POINT('',(-6.28328692157309,-3.60482942461023,-30.5617453540388));
#1679=CARTESIAN_POINT('',(-6.26218151771699,-3.64557425303604,-30.5406718077988));
#1680=CARTESIAN_POINT('',(-6.24106949022963,-3.68633186864777,-30.5195916479255));
#1681=CARTESIAN_POINT('',(-6.21981440220062,-3.72653375840966,-30.4976144307492));
#1682=CARTESIAN_POINT('',(-6.19841822694572,-3.76621631231628,-30.4747262602076));
#1683=CARTESIAN_POINT('',(-6.43050030788801,-3.76187718441607,-30.227615659584));
#1684=CARTESIAN_POINT('',(-6.45268756903596,-3.72463968232967,-30.2483203170433));
#1685=CARTESIAN_POINT('',(-6.47473933885097,-3.68689636187246,-30.2682112772995));
#1686=CARTESIAN_POINT('',(-6.5185388624234,-3.61037763886818,-30.3063625992036));
#1687=CARTESIAN_POINT('',(-6.54028317252449,-3.57160829698948,-30.3246200564578));
#1688=CARTESIAN_POINT('',(-6.58345013992227,-3.49298730350174,-30.3595005284314));
#1689=CARTESIAN_POINT('',(-6.60485883293197,-3.45315679560991,-30.3761088425592));
#1690=CARTESIAN_POINT('',(-6.64706271423405,-3.37288920397779,-30.4074754027654));
#1691=CARTESIAN_POINT('',(-6.66790654576836,-3.3323640970736,-30.4222732819127));
#1692=CARTESIAN_POINT('',(-6.72956742757829,-3.20971972616587,-30.4639551010211));
#1693=CARTESIAN_POINT('',(-6.76956343270985,-3.12644350518504,-30.4881736362972));
#1694=CARTESIAN_POINT('',(-6.82774963790678,-2.99920961753149,-30.5189967230047));
#1695=CARTESIAN_POINT('',(-6.84684506819158,-2.95640907581371,-30.5283531928945));
#1696=CARTESIAN_POINT('',(-6.88441607588604,-2.87000839694898,-30.5451867457134));
#1697=CARTESIAN_POINT('',(-6.90289168241912,-2.82640831611132,-30.5526639855096));
#1698=CARTESIAN_POINT('',(-6.93920276601689,-2.73838328097441,-30.5656808147656));
#1699=CARTESIAN_POINT('',(-6.95702886214965,-2.69398219125677,-30.5712178993001));
#1700=CARTESIAN_POINT('',(-6.98330027638033,-2.62666764376138,-30.5780215013242));
#1701=CARTESIAN_POINT('',(-6.99196198694796,-2.60415396433983,-30.5800333639071));
#1702=CARTESIAN_POINT('',(-7.00903140938399,-2.55914101140666,-30.5835290336468));
#1703=CARTESIAN_POINT('',(-7.01745431750878,-2.53660406180315,-30.5850176701949));
#1704=CARTESIAN_POINT('',(-7.05895683499952,-2.42389461171954,-30.5911379670874));
#1705=CARTESIAN_POINT('',(-7.0903124146149,-2.3334096063834,-30.5918718836649));
#1706=CARTESIAN_POINT('',(-7.14935166106636,-2.15193990404571,-30.5848478404448));
#1707=CARTESIAN_POINT('',(-7.17704368116588,-2.06093790253588,-30.5770967287807));
#1708=CARTESIAN_POINT('',(-7.22882653028246,-1.8784430288757,-30.5527487667272));
#1709=CARTESIAN_POINT('',(-7.25291708479651,-1.78695005666447,-30.5361521130667));
#1710=CARTESIAN_POINT('',(-7.27522657422204,-1.69524021377042,-30.5148213117242));
#1711=CARTESIAN_POINT('',(-6.42911598766048,-3.76190306639066,-30.2290896217335));
#1712=CARTESIAN_POINT('',(-6.45129849466774,-3.72465104545949,-30.2498072646679));
#1713=CARTESIAN_POINT('',(-6.47334553968834,-3.68689300923666,-30.2697107002651));
#1714=CARTESIAN_POINT('',(-6.51713567946367,-3.6103444529044,-30.3078859505801));
#1715=CARTESIAN_POINT('',(-6.53887533129984,-3.57155999582627,-30.3261548590827));
#1716=CARTESIAN_POINT('',(-6.5820330517626,-3.49290835057898,-30.361057208881));
#1717=CARTESIAN_POINT('',(-6.6034371590953,-3.45306231437179,-30.3776759403659));
#1718=CARTESIAN_POINT('',(-6.64563200117225,-3.37276343023184,-30.4090621753737));
#1719=CARTESIAN_POINT('',(-6.66647136873815,-3.33222252481763,-30.423869336824));
#1720=CARTESIAN_POINT('',(-6.72811904622092,-3.20953034251567,-30.465577302671));
#1721=CARTESIAN_POINT('',(-6.76810648795222,-3.12622165851301,-30.4898110313224));
#1722=CARTESIAN_POINT('',(-6.82628023756632,-2.99893817393096,-30.5206534569457));
#1723=CARTESIAN_POINT('',(-6.84537158062534,-2.9561209484703,-30.5300157976742));
#1724=CARTESIAN_POINT('',(-6.88293454742504,-2.86968659104304,-30.5468599139018));
#1725=CARTESIAN_POINT('',(-6.90140620028286,-2.82606951540764,-30.5543418463665));
#1726=CARTESIAN_POINT('',(-6.93770951445519,-2.7380101697643,-30.5673668461635));
#1727=CARTESIAN_POINT('',(-6.95553179684451,-2.69359177363964,-30.5729074069974));
#1728=CARTESIAN_POINT('',(-6.98179759128439,-2.62625098912807,-30.5797152817941));
#1729=CARTESIAN_POINT('',(-6.99045744913066,-2.60372853468602,-30.5817284081306));
#1730=CARTESIAN_POINT('',(-7.00752322071452,-2.55869803748183,-30.5852262742918));
#1731=CARTESIAN_POINT('',(-7.01594432745731,-2.5361523039426,-30.5867158465397));
#1732=CARTESIAN_POINT('',(-7.05743796960172,-2.42339892494131,-30.5928399925001));
#1733=CARTESIAN_POINT('',(-7.08878684595641,-2.33287865397369,-30.5935743786402));
#1734=CARTESIAN_POINT('',(-7.14781347539646,-2.15133822807258,-30.5865459502766));
#1735=CARTESIAN_POINT('',(-7.17549957995648,-2.06030076188497,-30.578789988202));
#1736=CARTESIAN_POINT('',(-7.22727137235841,-1.87773477003409,-30.5544267791625));
#1737=CARTESIAN_POINT('',(-7.25135678575623,-1.78620614427111,-30.5378197290501));
#1738=CARTESIAN_POINT('',(-7.27366151708162,-1.69446056457591,-30.5164755629819));
#1739=CARTESIAN_POINT('',(-6.19841822694574,-3.76621631231633,-30.4747262602078));
#1740=CARTESIAN_POINT('',(-6.21980845367796,-3.72654471756731,-30.4976079400327));
#1741=CARTESIAN_POINT('',(-6.24106810899677,-3.6863342905563,-30.5195903983541));
#1742=CARTESIAN_POINT('',(-6.28329443359844,-3.60481399298829,-30.561753332086));
#1743=CARTESIAN_POINT('',(-6.3042577829105,-3.56351057924542,-30.5819305977027));
#1744=CARTESIAN_POINT('',(-6.3458744963437,-3.47975080066966,-30.6204788995657));
#1745=CARTESIAN_POINT('',(-6.36651439797295,-3.43731696179328,-30.6388336895972));
#1746=CARTESIAN_POINT('',(-6.4072028479895,-3.35180316325669,-30.6734987415727));
#1747=CARTESIAN_POINT('',(-6.42729829265825,-3.30862942707725,-30.6898528041471));
#1748=CARTESIAN_POINT('',(-6.48674546143884,-3.1779694484764,-30.735918138992));
#1749=CARTESIAN_POINT('',(-6.52530580760004,-3.08925078324725,-30.762683852375));
#1750=CARTESIAN_POINT('',(-6.5814038271846,-2.9537019420547,-30.7967491194209));
#1751=CARTESIAN_POINT('',(-6.59981403171957,-2.90810436126474,-30.8070898387734));
#1752=CARTESIAN_POINT('',(-6.63603697879195,-2.8160574520557,-30.8256943531358));
#1753=CARTESIAN_POINT('',(-6.65384974939814,-2.7696081836196,-30.8339583215009));
#1754=CARTESIAN_POINT('',(-6.68885828435825,-2.675830972381,-30.8483449466365));
#1755=CARTESIAN_POINT('',(-6.70604500421559,-2.62852845359064,-30.854464834761));
#1756=CARTESIAN_POINT('',(-6.73137425729128,-2.55681525526906,-30.8619847695684));
#1757=CARTESIAN_POINT('',(-6.73972535805976,-2.53283043862149,-30.8642085011723));
#1758=CARTESIAN_POINT('',(-6.75618271303326,-2.48487617857889,-30.8680724022413));
#1759=CARTESIAN_POINT('',(-6.76430361843153,-2.46086659710993,-30.8697179093945));
#1760=CARTESIAN_POINT('',(-6.80431817901404,-2.34079243875443,-30.8764835047392));
#1761=CARTESIAN_POINT('',(-6.83454995312586,-2.24439513005371,-30.8772961437488));
#1762=CARTESIAN_POINT('',(-6.89147395036929,-2.05106858170299,-30.8695369286985));
#1763=CARTESIAN_POINT('',(-6.91817422687666,-1.95412090660066,-30.8609726429297));
#1764=CARTESIAN_POINT('',(-6.96810341143444,-1.75970302743911,-30.8340685149334));
#1765=CARTESIAN_POINT('',(-6.99133205486047,-1.66223271680612,-30.8157288901251));
#1766=CARTESIAN_POINT('',(-7.01284384606544,-1.5645315786814,-30.7921574848608));
#1767=CARTESIAN_POINT('',(-6.19703357598433,-3.7662422004745,-30.4762005745078));
#1768=CARTESIAN_POINT('',(-6.21841904744004,-3.72655608341194,-30.4990952429103));
#1769=CARTESIAN_POINT('',(-6.23967397683561,-3.68633093711951,-30.5210901795532));
#1770=CARTESIAN_POINT('',(-6.28189091539826,-3.60478079909591,-30.5632770474128));
#1771=CARTESIAN_POINT('',(-6.30284960533247,-3.56346226654237,-30.5834657670137));
#1772=CARTESIAN_POINT('',(-6.34445706962143,-3.47967182888391,-30.6220359519285));
#1773=CARTESIAN_POINT('',(-6.36509238447811,-3.43722245798224,-30.640401161806));
#1774=CARTESIAN_POINT('',(-6.40577179310992,-3.35167735946159,-30.6750858932836));
#1775=CARTESIAN_POINT('',(-6.42586277274376,-3.30848782099765,-30.6914492403786));
#1776=CARTESIAN_POINT('',(-6.48529673404248,-3.17778001957974,-30.737540728209));
#1777=CARTESIAN_POINT('',(-6.5238485147575,-3.08902888357288,-30.7643216385973));
#1778=CARTESIAN_POINT('',(-6.57993407578342,-2.95343043360241,-30.7984062491793));
#1779=CARTESIAN_POINT('',(-6.5983401921161,-2.90781616508359,-30.8087528407731));
#1780=CARTESIAN_POINT('',(-6.63455509637265,-2.81573556926574,-30.8273679210679));
#1781=CARTESIAN_POINT('',(-6.65236391235899,-2.76926930197159,-30.8356365832227));
#1782=CARTESIAN_POINT('',(-6.68736467603742,-2.6754577720293,-30.8500313808513));
#1783=CARTESIAN_POINT('',(-6.70454758124017,-2.62813794269717,-30.8561547461058));
#1784=CARTESIAN_POINT('',(-6.72987121318241,-2.55639850109102,-30.8636789547066));
#1785=CARTESIAN_POINT('',(-6.7382204607869,-2.53240490732646,-30.8659039503661));
#1786=CARTESIAN_POINT('',(-6.75467416403598,-2.48443309882127,-30.8697700483814));
#1787=CARTESIAN_POINT('',(-6.76279326762187,-2.46041473131798,-30.8714164914579));
#1788=CARTESIAN_POINT('',(-6.8027989507376,-2.34029663354955,-30.8781859367901));
#1789=CARTESIAN_POINT('',(-6.83302401998724,-2.24386405079189,-30.8789990454745));
#1790=CARTESIAN_POINT('',(-6.88993539720486,-2.05046676198088,-30.871235444233));
#1791=CARTESIAN_POINT('',(-6.91662975675944,-1.95348361372774,-30.8626663068948));
#1792=CARTESIAN_POINT('',(-6.96654788196096,-1.75899459938435,-30.8357469282698));
#1793=CARTESIAN_POINT('',(-6.98977138304247,-1.66148862668146,-30.8173969045257));
#1794=CARTESIAN_POINT('',(-7.01127841501052,-1.56375174321756,-30.7938121313428));
#1795=CARTESIAN_POINT('',(-6.19841822694572,-3.76621631231628,-30.4747262602076));
#1796=CARTESIAN_POINT('',(-7.01284384606544,-1.5645315786814,-30.7921574848608));
#1797=CARTESIAN_POINT('',(-4.53162309671378,-5.94063295035187,-5.64822648693785));
#1798=CARTESIAN_POINT('',(-4.53082585349651,-7.44963879135936,-5.64914044808413));
#1799=CARTESIAN_POINT('',(-3.25566350824868,-5.93933705264227,-6.67482069546074));
#1800=CARTESIAN_POINT('',(-3.25486626503141,-7.44834289364976,-6.67573465660702));
#1801=CARTESIAN_POINT('',(0.0142079926714431,-5.93691305787867,-7.82469424178436));
#1802=CARTESIAN_POINT('',(0.0150052358887134,-7.44591889888615,-7.82560820293064));
#1803=CARTESIAN_POINT('',(3.28376175127067,-5.93588266951758,-6.67391544516675));
#1804=CARTESIAN_POINT('',(3.28455899448794,-7.44488851052507,-6.67482940631303));
#1805=CARTESIAN_POINT('',(4.55943772579101,-5.93583069237895,-5.64696801464775));
#1806=CARTESIAN_POINT('',(4.56023496900828,-7.44483653338644,-5.64788197579403));
#1807=CARTESIAN_POINT('',(-4.4860869951641,-5.94058688465466,-5.68456289245103));
#1808=CARTESIAN_POINT('',(-1.73804654170105,-5.93781779416217,-7.85940086236674));
#1809=CARTESIAN_POINT('',(1.76647204644819,-5.93596656880362,-7.85891573303183));
#1810=CARTESIAN_POINT('',(4.51391166263045,-5.93583272931973,-5.68331702564985));
#1811=CARTESIAN_POINT('',(4.55309784607839,6.06416543238329,-5.63969996444182));
#1812=CARTESIAN_POINT('',(4.55230060286112,7.57317127338258,-5.63878600329555));
#1813=CARTESIAN_POINT('',(3.27742187155804,6.06411345524466,-6.66664739496084));
#1814=CARTESIAN_POINT('',(3.27662462834078,7.57311929624395,-6.66573343381456));
#1815=CARTESIAN_POINT('',(0.0078681129587943,6.06308306688357,-7.81742619157849));
#1816=CARTESIAN_POINT('',(0.00707086974152818,7.57208890788286,-7.81651223043222));
#1817=CARTESIAN_POINT('',(-3.26200338796137,6.06065907211996,-6.66755264525487));
#1818=CARTESIAN_POINT('',(-3.26280063117864,7.56966491311926,-6.66663868410859));
#1819=CARTESIAN_POINT('',(-4.53796297642648,6.05936317441037,-5.64095843673197));
#1820=CARTESIAN_POINT('',(-4.53876021964374,7.56836901540966,-5.64004447558569));
#1821=CARTESIAN_POINT('',(-4.49242687462365,6.05940924010752,-5.6772948419253));
#1822=CARTESIAN_POINT('',(-4.3166416315041,6.18963284868219,-5.81638937238569));
#1823=CARTESIAN_POINT('',(-4.05930492572104,6.3688140438341,-6.00152337292748));
#1824=CARTESIAN_POINT('',(-3.5593931600126,6.66746459504765,-6.31479117952156));
#1825=CARTESIAN_POINT('',(-3.01472291792093,6.93294471784321,-6.59070636728095));
#1826=CARTESIAN_POINT('',(-2.3055057188011,7.21553700294368,-6.8837034928285));
#1827=CARTESIAN_POINT('',(-1.23604178077067,7.49617668201965,-7.17422399484108));
#1828=CARTESIAN_POINT('',(0.00563862027097529,7.59622630174194,-7.27559768157991));
#1829=CARTESIAN_POINT('',(1.25603105385091,7.49532306750034,-7.17151279437892));
#1830=CARTESIAN_POINT('',(2.51331066754396,7.1707509511838,-6.8342442608485));
#1831=CARTESIAN_POINT('',(3.60113442943145,6.67738111731954,-6.31952939576589));
#1832=CARTESIAN_POINT('',(4.18850346735244,6.30160260885255,-5.92846454802008));
#1833=CARTESIAN_POINT('',(4.50757178283393,6.0641633954424,-5.67604897533801));
#1834=CARTESIAN_POINT('',(-4.49242687487679,6.05940924010758,-5.67729484224515));
#1835=CARTESIAN_POINT('',(4.50757178291778,6.06416339544251,-5.67604897544392));
#1836=CARTESIAN_POINT('',(-4.49242687487678,6.05940924010758,-5.67729484224515));
#1837=CARTESIAN_POINT('',(-1.74438642141372,6.06217833060007,-7.85213281216086));
#1838=CARTESIAN_POINT('',(1.76013216673553,6.06402955595862,-7.85164768282593));
#1839=CARTESIAN_POINT('',(4.50757178291778,6.06416339544251,-5.67604897544392));
#1840=CARTESIAN_POINT('',(0.00678738251144902,6.05834302197408,0.00773549462923517));
#1841=CARTESIAN_POINT('',(4.50754105271854,6.06402861387826,-5.45354316531393));
#1842=CARTESIAN_POINT('',(-4.48801902460031,6.07874191512327,-37.5928801827227));
#1843=CARTESIAN_POINT('',(-4.49250785816912,6.05905405025902,-5.09092529356407));
#1844=CARTESIAN_POINT('',(0.00584823708215526,6.05422396342213,6.80773418236513));
#1845=CARTESIAN_POINT('',(-7.44391845937995,6.05028870193703,6.80670291365536));
#1846=CARTESIAN_POINT('',(-10.078365201983,6.05311742564509,-0.161705997056725));
#1847=CARTESIAN_POINT('',(-4.49250785816912,6.05905405025902,-5.09092529356407));
#1848=CARTESIAN_POINT('',(0.00678736703103606,6.05834302196266,0.00773549998193263));
#1849=CARTESIAN_POINT('',(0.0131272622241468,-5.94165310278816,0.000467444423363217));
#1850=CARTESIAN_POINT('',(0.0131272624871357,-5.94165310278748,0.000467443525282562));
#1851=CARTESIAN_POINT('',(0.013127197858117,-5.94165310283565,0.000467466679081319));
#1852=CARTESIAN_POINT('',(-5.98484886104307,0.0779514935196576,-37.5967218522925));
#1853=CARTESIAN_POINT('',(-5.98793040415207,4.57486193435309,-32.4959584786725));
#1854=CARTESIAN_POINT('',(-5.9880342907175,4.57440629199937,-31.7437570385027));
#1855=CARTESIAN_POINT('',(-5.98793040415207,4.57486193435309,-32.4959584786725));
#1856=CARTESIAN_POINT('',(-5.98484886104308,0.0779514935805256,-37.5967218524666));
#1857=CARTESIAN_POINT('',(-5.98365214557433,-4.10513732987654,-30.2792286358886));
#1858=CARTESIAN_POINT('',(-5.98363321108968,-4.15921950213924,-30.2096347010928));
#1859=CARTESIAN_POINT('',(-5.9836144290295,-4.21307474531177,-30.1398056177009));
#1860=CARTESIAN_POINT('',(-5.98357719015663,-4.32024714748569,-29.9998511986433));
#1861=CARTESIAN_POINT('',(-5.98355871448354,-4.37361859190904,-29.9296549584106));
#1862=CARTESIAN_POINT('',(-5.98354040246005,-4.42673564384737,-29.8593200935248));
#1863=CARTESIAN_POINT('',(-5.98365214557433,-4.10513732987654,-30.2792286358886));
#1864=CARTESIAN_POINT('',(-5.97919575176839,-14.0429286247912,-24.5496642240514));
#1865=CARTESIAN_POINT('',(-5.9880342907175,4.57440629199937,-31.7437570385027));
#1866=CARTESIAN_POINT('',(-5.9879974386185,4.50533230520999,-31.7463879204144));
#1867=CARTESIAN_POINT('',(-5.98796060904866,4.4363042471855,-31.7490334053122));
#1868=CARTESIAN_POINT('',(-5.98792376821728,4.36725931463283,-31.7516958503611));
#1869=CARTESIAN_POINT('',(-5.98484886103858,0.07795148892415,-37.5967218673791));
#1870=CARTESIAN_POINT('',(6.01514934934969,0.0842903672995678,-37.5950606965575));
#1871=CARTESIAN_POINT('',(6.01203136410981,4.58104097423917,-32.2304335650886));
#1872=CARTESIAN_POINT('',(6.01196389278215,4.58074504575568,-31.7418974270691));
#1873=CARTESIAN_POINT('',(6.01207456280277,4.3733154636466,-31.7498272307212));
#1874=CARTESIAN_POINT('',(6.01203767262702,4.44245461609068,-31.7471678651981));
#1875=CARTESIAN_POINT('',(6.01200079379822,4.51157671310291,-31.7445253866451));
#1876=CARTESIAN_POINT('',(6.01196389278215,4.58074504575568,-31.7418974270691));
#1877=CARTESIAN_POINT('',(6.02080245862435,-14.0365897510113,-24.5480030683166));
#1878=CARTESIAN_POINT('',(6.01634593643974,-4.09851217070786,-30.2777325360025));
#1879=CARTESIAN_POINT('',(6.01645782214367,-4.42039679608629,-29.8576158561684));
#1880=CARTESIAN_POINT('',(6.01643946965609,-4.36723216727268,-29.9279856044792));
#1881=CARTESIAN_POINT('',(6.01642097361018,-4.31381301353383,-29.9982167299259));
#1882=CARTESIAN_POINT('',(6.0163836939599,-4.20654525036238,-30.1382404696282));
#1883=CARTESIAN_POINT('',(6.01636489142634,-4.15264216876743,-30.2081042043326));
#1884=CARTESIAN_POINT('',(6.01634593643974,-4.09851217070786,-30.2777325360025));
#1885=CARTESIAN_POINT('',(6.01514934934971,0.0842903673605055,-37.595060696892));
#1886=CARTESIAN_POINT('',(6.01514934935031,0.0842903666430257,-37.5950606987127));
#1887=CARTESIAN_POINT('',(-7.97919545350057,-14.0439851037546,-24.5499410833407));
#1888=CARTESIAN_POINT('',(-6.19841822694572,-3.76621631231628,-30.4747262602076));
#1889=CARTESIAN_POINT('',(-6.16431467371164,-3.82349044018304,-30.4416901644726));
#1890=CARTESIAN_POINT('',(-6.12936200967099,-3.88038739881373,-30.4088711468079));
#1891=CARTESIAN_POINT('',(-6.05777137511454,-3.9933749309466,-30.3436972805146));
#1892=CARTESIAN_POINT('',(-6.02113101344426,-4.04946927165402,-30.3113402588715));
#1893=CARTESIAN_POINT('',(-5.98365214557433,-4.10513732987654,-30.2792286358886));
#1894=CARTESIAN_POINT('',(8.02080216035645,-14.035533272048,-24.5477262090275));
#1895=CARTESIAN_POINT('',(6.01634593643974,-4.09851217070786,-30.2777325360025));
#1896=CARTESIAN_POINT('',(6.05374065560726,-4.04285086463541,-30.3098070983999));
#1897=CARTESIAN_POINT('',(6.09029788803306,-3.98676490959708,-30.3421268600993));
#1898=CARTESIAN_POINT('',(6.16172438371729,-3.87379729357237,-30.407225889831));
#1899=CARTESIAN_POINT('',(6.1965960286431,-3.81691187236641,-30.4400073247358));
#1900=CARTESIAN_POINT('',(6.23061965245251,-3.75965080281021,-30.4730057126551));
#1901=CARTESIAN_POINT('',(-5.8944739352953,4.49071489076212,-31.8407231300424));
#1902=CARTESIAN_POINT('',(-5.95236794073161,4.41514954191193,-31.7856077846907));
#1903=CARTESIAN_POINT('',(-6.00915039229643,4.33798035257593,-31.7315327926624));
#1904=CARTESIAN_POINT('',(-6.14168026957537,4.15016862803273,-31.6052877544383));
#1905=CARTESIAN_POINT('',(-6.21637628817282,4.03800631922853,-31.5341053675639));
#1906=CARTESIAN_POINT('',(-6.32488058697165,3.86463457535665,-31.4306724164289));
#1907=CARTESIAN_POINT('',(-6.36045850831334,3.80598897831259,-31.3967517202614));
#1908=CARTESIAN_POINT('',(-6.43038732202989,3.68691852774069,-31.3300704115369));
#1909=CARTESIAN_POINT('',(-6.46474221146983,3.62648520564592,-31.2973059821804));
#1910=CARTESIAN_POINT('',(-6.53215672991751,3.50379593851825,-31.233003834065));
#1911=CARTESIAN_POINT('',(-6.56527284676458,3.44142049478813,-31.201412204733));
#1912=CARTESIAN_POINT('',(-6.62969022170347,3.31567509162706,-31.1399528506716));
#1913=CARTESIAN_POINT('',(-6.66108335899248,3.25214293201112,-31.1099974979733));
#1914=CARTESIAN_POINT('',(-6.72215566410755,3.12383179262289,-31.0517160082211));
#1915=CARTESIAN_POINT('',(-6.75184379966919,3.05903704012933,-31.0233813172252));
#1916=CARTESIAN_POINT('',(-6.8094894414594,2.92814250352107,-30.9683584315464));
#1917=CARTESIAN_POINT('',(-6.83744698460681,2.86204274804378,-30.9416701997129));
#1918=CARTESIAN_POINT('',(-6.9186630130102,2.66173938717229,-30.8641350144013));
#1919=CARTESIAN_POINT('',(-6.96926881899095,2.52553463681227,-30.815813860117));
#1920=CARTESIAN_POINT('',(-7.03956650602337,2.31699179050035,-30.7486820192576));
#1921=CARTESIAN_POINT('',(-7.06206323077844,2.24677105601817,-30.7271970114105));
#1922=CARTESIAN_POINT('',(-7.09435750699441,2.14034445133784,-30.6963535462824));
#1923=CARTESIAN_POINT('',(-7.1048804239385,2.10468630267822,-30.6863031031937));
#1924=CARTESIAN_POINT('',(-7.1254339152186,2.03299819301811,-30.6666720198208));
#1925=CARTESIAN_POINT('',(-7.13546565232691,1.99696342992783,-30.6570902688257));
#1926=CARTESIAN_POINT('',(-7.1550229075028,1.92453428885036,-30.6384099277613));
#1927=CARTESIAN_POINT('',(-7.16456154962686,1.88808577613875,-30.6292988013845));
#1928=CARTESIAN_POINT('',(-7.18304623623115,1.81512848019562,-30.6116423174712));
#1929=CARTESIAN_POINT('',(-7.19200863854476,1.77856139854514,-30.6030813358743));
#1930=CARTESIAN_POINT('',(-7.218027618117,1.66869503338551,-30.5782274492156));
#1931=CARTESIAN_POINT('',(-7.23424532267831,1.59512396642465,-30.5627355662443));
#1932=CARTESIAN_POINT('',(-7.27944698669219,1.37362647654577,-30.5195567057225));
#1933=CARTESIAN_POINT('',(-7.30502599319521,1.22475704524202,-30.4951221421756));
#1934=CARTESIAN_POINT('',(-7.34689589159578,0.924677027603475,-30.4551293045273));
#1935=CARTESIAN_POINT('',(-7.36319223846403,0.773448892559541,-30.4395658113012));
#1936=CARTESIAN_POINT('',(-7.38048014658395,0.544773334569658,-30.4230618813242));
#1937=CARTESIAN_POINT('',(-7.38504924707225,0.468242394330485,-30.4187015119246));
#1938=CARTESIAN_POINT('',(-7.39007853112242,0.352978607767829,-30.4139050712154));
#1939=CARTESIAN_POINT('',(-7.39145085298248,0.314479438085296,-30.4125969856894));
#1940=CARTESIAN_POINT('',(-7.39358080538702,0.237323622021944,-30.4105684788743));
#1941=CARTESIAN_POINT('',(-7.39433826534404,0.198675782867996,-30.4098482198164));
#1942=CARTESIAN_POINT('',(-7.39523215231333,0.121185598400911,-30.4090014403778));
#1943=CARTESIAN_POINT('',(-7.39536673296378,0.0823979217372273,-30.4088766796691));
#1944=CARTESIAN_POINT('',(-7.39501374352487,0.00506779833836221,-30.4092219229584));
#1945=CARTESIAN_POINT('',(-7.39452705946955,-0.0335426992728198,-30.4096910867008));
#1946=CARTESIAN_POINT('',(-7.39214498145523,-0.14912709535554,-30.4119800224608));
#1947=CARTESIAN_POINT('',(-7.38932850698162,-0.225918499581787,-30.4146803440648));
#1948=CARTESIAN_POINT('',(-7.37725980063394,-0.455433794686082,-30.4262411497931));
#1949=CARTESIAN_POINT('',(-7.36439130309695,-0.607361194499172,-30.4385586386852));
#1950=CARTESIAN_POINT('',(-7.31171073968663,-1.05990540007727,-30.4889631988069));
#1951=CARTESIAN_POINT('',(-7.25785115567938,-1.35734922307281,-30.5404766502211));
#1952=CARTESIAN_POINT('',(-7.18564579108824,-1.65061463198811,-30.6095073901694));
#1953=CARTESIAN_POINT('',(-5.96676105622523,4.60272220523737,-31.7640300209346));
#1954=CARTESIAN_POINT('',(-6.0253624013725,4.52523966369547,-31.7081810713296));
#1955=CARTESIAN_POINT('',(-6.08283859063302,4.44611255770505,-31.6533863446492));
#1956=CARTESIAN_POINT('',(-6.2169875937323,4.25353564426709,-31.5254610490128));
#1957=CARTESIAN_POINT('',(-6.29259613443195,4.13852747384616,-31.4533313064611));
#1958=CARTESIAN_POINT('',(-6.40242590079082,3.96075672265799,-31.3485218576653));
#1959=CARTESIAN_POINT('',(-6.4384384226533,3.90062307968385,-31.3141497540222));
#1960=CARTESIAN_POINT('',(-6.50922142227169,3.77853135920754,-31.2465810960784));
#1961=CARTESIAN_POINT('',(-6.5439959459056,3.71656459824515,-31.2133806741989));
#1962=CARTESIAN_POINT('',(-6.61223388303963,3.59076217365096,-31.1482228945812));
#1963=CARTESIAN_POINT('',(-6.64575447422046,3.52680397899545,-31.1162109090346));
#1964=CARTESIAN_POINT('',(-6.71095860079746,3.39786780600509,-31.0539338128415));
#1965=CARTESIAN_POINT('',(-6.74273513766243,3.33272351180298,-31.0235799081749));
#1966=CARTESIAN_POINT('',(-6.80455327671075,3.20115643267166,-30.964523025335));
#1967=CARTESIAN_POINT('',(-6.8346039561678,3.13471747480317,-30.9358113793935));
#1968=CARTESIAN_POINT('',(-6.89295351642663,3.00050137911031,-30.8800565252824));
#1969=CARTESIAN_POINT('',(-6.92125243459887,2.93272427065074,-30.8530132794672));
#1970=CARTESIAN_POINT('',(-7.00346009212128,2.72733794601735,-30.7744467608395));
#1971=CARTESIAN_POINT('',(-7.05468370421254,2.58767675498007,-30.7254829463966));
#1972=CARTESIAN_POINT('',(-7.12583946550011,2.37384165861894,-30.6574584087144));
#1973=CARTESIAN_POINT('',(-7.14861076769314,2.30183889660861,-30.6356877258112));
#1974=CARTESIAN_POINT('',(-7.18129916351454,2.19271142441454,-30.6044341921024));
#1975=CARTESIAN_POINT('',(-7.19195049541287,2.15614834811959,-30.5942501339872));
#1976=CARTESIAN_POINT('',(-7.21275479418754,2.0826409390038,-30.5743580812202));
#1977=CARTESIAN_POINT('',(-7.2229089380199,2.04569168222284,-30.5646489610976));
#1978=CARTESIAN_POINT('',(-7.2427048146487,1.97142441898023,-30.545720320283));
#1979=CARTESIAN_POINT('',(-7.25235983159214,1.93405090393075,-30.5364880966908));
#1980=CARTESIAN_POINT('',(-7.27107002177689,1.85924206527538,-30.5185969550319));
#1981=CARTESIAN_POINT('',(-7.28014175245219,1.82174696374935,-30.5099222052124));
#1982=CARTESIAN_POINT('',(-7.30647810022205,1.70909233579566,-30.4847380584458));
#1983=CARTESIAN_POINT('',(-7.32289358590754,1.6336541158335,-30.4690403554772));
#1984=CARTESIAN_POINT('',(-7.36864638727046,1.40653521207633,-30.4252879551025));
#1985=CARTESIAN_POINT('',(-7.39453711138333,1.25388753705589,-30.4005290019153));
#1986=CARTESIAN_POINT('',(-7.43691686376873,0.946191479451082,-30.3600056374623));
#1987=CARTESIAN_POINT('',(-7.45341141358752,0.791125102811833,-30.3442359376792));
#1988=CARTESIAN_POINT('',(-7.47090911012078,0.556645548532681,-30.3275138399715));
#1989=CARTESIAN_POINT('',(-7.47553354470053,0.478172165587211,-30.3230959479684));
#1990=CARTESIAN_POINT('',(-7.48062352026783,0.35998282661371,-30.3182364589867));
#1991=CARTESIAN_POINT('',(-7.48201235381279,0.320506491110777,-30.3169112305412));
#1992=CARTESIAN_POINT('',(-7.48416781271576,0.241392337771912,-30.3148562669371));
#1993=CARTESIAN_POINT('',(-7.48493426546176,0.201763550705279,-30.314126696106));
#1994=CARTESIAN_POINT('',(-7.48583854334175,0.122306524808864,-30.3132692033552));
#1995=CARTESIAN_POINT('',(-7.48597449991854,0.0825343422010539,-30.3131430641474));
#1996=CARTESIAN_POINT('',(-7.48561665705409,0.00324142266457062,-30.3134934711272));
#1997=CARTESIAN_POINT('',(-7.48512375400741,-0.0363490923933995,-30.3139691663638));
#1998=CARTESIAN_POINT('',(-7.48271174720697,-0.154867281860638,-30.3162894359598));
#1999=CARTESIAN_POINT('',(-7.47986030223619,-0.233607842794936,-30.3190262878101));
#2000=CARTESIAN_POINT('',(-7.46764243771122,-0.46894885742977,-30.3307427643297));
#2001=CARTESIAN_POINT('',(-7.45461554226545,-0.624732653944927,-30.3432254364975));
#2002=CARTESIAN_POINT('',(-7.40128771298026,-1.08876405901128,-30.394304709517));
#2003=CARTESIAN_POINT('',(-7.34676752528129,-1.39375834398331,-30.446506511598));
#2004=CARTESIAN_POINT('',(-7.27367727379101,-1.69446841394161,-30.5164589082823));
#2005=CARTESIAN_POINT('',(-7.48585474895095,0.0727470951511094,-30.3132603217514));
#2006=CARTESIAN_POINT('',(-7.48614727728728,0.62233906394749,-30.3129262273572));
#2007=CARTESIAN_POINT('',(-7.42603554849041,1.16496335096072,-30.3704109522695));
#2008=CARTESIAN_POINT('',(-7.18803876779678,2.24451204143403,-30.5979988781552));
#2009=CARTESIAN_POINT('',(-7.0072023656473,2.76722238025625,-30.7709239491108));
#2010=CARTESIAN_POINT('',(-6.55505705714983,3.73460815529756,-31.202879593452));
#2011=CARTESIAN_POINT('',(-6.28666294680262,4.17567622047183,-31.4591316577082));
#2012=CARTESIAN_POINT('',(-5.9880342907175,4.57440629199937,-31.7437570385027));
#2013=CARTESIAN_POINT('',(-6.19841822694572,-3.76621631231628,-30.4747262602076));
#2014=CARTESIAN_POINT('',(-6.06595869532698,-3.98867126001691,-30.3464127751713));
#2015=CARTESIAN_POINT('',(-5.9215442880098,-4.20400108366443,-30.2222019336075));
#2016=CARTESIAN_POINT('',(-5.76600914552455,-4.41096831434166,-30.1028075588726));
#2017=CARTESIAN_POINT('',(-6.42911598766051,-3.76190306639062,-30.2290896217333));
#2018=CARTESIAN_POINT('',(-6.29173943338467,-3.99261175832331,-30.1007804572649));
#2019=CARTESIAN_POINT('',(-6.14196430763533,-4.21593096266833,-29.9765737148534));
#2020=CARTESIAN_POINT('',(-5.98065571454204,-4.43057729670937,-29.8571831943199));
#2021=CARTESIAN_POINT('',(-6.43050018747276,-3.76187718666737,-30.2276157877967));
#2022=CARTESIAN_POINT('',(-6.29309413077861,-3.99263540153943,-30.0993066492519));
#2023=CARTESIAN_POINT('',(-6.14328684041084,-4.21600254262744,-29.9750999314355));
#2024=CARTESIAN_POINT('',(-5.98194360628236,-4.43069495172963,-29.8557094340274));
#2025=CARTESIAN_POINT('',(7.21569171567425,-1.64301831903092,-30.6075261832645));
#2026=CARTESIAN_POINT('',(7.28757124284894,-1.34968006776394,-30.5384768297519));
#2027=CARTESIAN_POINT('',(7.34110493954478,-1.05218263622173,-30.4869491390602));
#2028=CARTESIAN_POINT('',(7.39329664503818,-0.599587494564266,-30.4365300458805));
#2029=CARTESIAN_POINT('',(7.40600216940696,-0.447648024986085,-30.4242088515679));
#2030=CARTESIAN_POINT('',(7.4178264232382,-0.218122222630772,-30.4126442559346));
#2031=CARTESIAN_POINT('',(7.42056139831769,-0.141328571469759,-30.4099429659616));
#2032=CARTESIAN_POINT('',(7.4228212455728,-0.025742751990713,-30.407653029265));
#2033=CARTESIAN_POINT('',(7.423267172012,0.0128679055183174,-30.4071836072666));
#2034=CARTESIAN_POINT('',(7.42353867829981,0.0901976818854107,-30.4068379996553));
#2035=CARTESIAN_POINT('',(7.42336330024836,0.128984877201511,-30.4069626546667));
#2036=CARTESIAN_POINT('',(7.42238805721187,0.206473346180267,-30.4078093756985));
#2037=CARTESIAN_POINT('',(7.42159009535898,0.245120014138257,-30.408529682045));
#2038=CARTESIAN_POINT('',(7.41937943238872,0.322272834885591,-30.4105584348461));
#2039=CARTESIAN_POINT('',(7.41796691107215,0.360770185999326,-30.4118667190689));
#2040=CARTESIAN_POINT('',(7.41281749086757,0.476027564200607,-30.4166639807912));
#2041=CARTESIAN_POINT('',(7.40816891581333,0.55255296218066,-30.4210251973907));
#2042=CARTESIAN_POINT('',(7.39064439506825,0.781208153919791,-30.4375325530743));
#2043=CARTESIAN_POINT('',(7.37419271981477,0.932417728706735,-30.4530995082599));
#2044=CARTESIAN_POINT('',(7.33201683755568,1.23245093403318,-30.4931015647048));
#2045=CARTESIAN_POINT('',(7.30628715475798,1.38129212099875,-30.5175418898667));
#2046=CARTESIAN_POINT('',(7.26086297008495,1.60274006329868,-30.5607310728609));
#2047=CARTESIAN_POINT('',(7.24457162777174,1.67629343224028,-30.5762266864175));
#2048=CARTESIAN_POINT('',(7.21844310477661,1.78613145121246,-30.6010865794925));
#2049=CARTESIAN_POINT('',(7.20944431226793,1.82268878162742,-30.609649634852));
#2050=CARTESIAN_POINT('',(7.19088715451297,1.89562601006811,-30.627310409517));
#2051=CARTESIAN_POINT('',(7.18131238396126,1.93206414900868,-30.6364237471139));
#2052=CARTESIAN_POINT('',(7.16168349079385,2.00447198559228,-30.6551086137179));
#2053=CARTESIAN_POINT('',(7.1516161789146,2.04049584541136,-30.6646926928246));
#2054=CARTESIAN_POINT('',(7.13099205568405,2.11216162468702,-30.6843285491353));
#2055=CARTESIAN_POINT('',(7.12043407504451,2.14780835145454,-30.6943814389698));
#2056=CARTESIAN_POINT('',(7.08803535050514,2.25419993377633,-30.7252324216742));
#2057=CARTESIAN_POINT('',(7.06546998372977,2.32439631127649,-30.7467226776588));
#2058=CARTESIAN_POINT('',(6.99496923842633,2.53286315757091,-30.8138709463953));
#2059=CARTESIAN_POINT('',(6.94423188142466,2.66901333860757,-30.862203963368));
#2060=CARTESIAN_POINT('',(6.86282391933175,2.8692293045275,-30.9397582212266));
#2061=CARTESIAN_POINT('',(6.83480329807713,2.93529900384092,-30.9664530238763));
#2062=CARTESIAN_POINT('',(6.77703325301005,3.06613162073782,-31.0214894652187));
#2063=CARTESIAN_POINT('',(6.74728379232409,3.13089450964615,-31.0498311410756));
#2064=CARTESIAN_POINT('',(6.68609054901229,3.25914014987916,-31.1081270031721));
#2065=CARTESIAN_POINT('',(6.65463778841977,3.32263865592959,-31.1380897413571));
#2066=CARTESIAN_POINT('',(6.59010288407369,3.44831508165628,-31.1995642665625));
#2067=CARTESIAN_POINT('',(6.55692873672548,3.51065505254135,-31.2311636790732));
#2068=CARTESIAN_POINT('',(6.48940066273377,3.63327198200078,-31.2954815743531));
#2069=CARTESIAN_POINT('',(6.4549900720633,3.69366849540635,-31.3282540414593));
#2070=CARTESIAN_POINT('',(6.38495201205896,3.81266402882282,-31.39495168081));
#2071=CARTESIAN_POINT('',(6.34932052875522,3.87127152967826,-31.4288806792991));
#2072=CARTESIAN_POINT('',(6.24065859412341,4.04452714391378,-31.5323389251203));
#2073=CARTESIAN_POINT('',(6.16586155060611,4.15660957913917,-31.6035386921835));
#2074=CARTESIAN_POINT('',(6.03318318640046,4.34425262453662,-31.7297962613565));
#2075=CARTESIAN_POINT('',(5.97635227027239,4.42133524843304,-31.7838654411451));
#2076=CARTESIAN_POINT('',(5.91841242925589,4.49681395530835,-31.838974495355));
#2077=CARTESIAN_POINT('',(7.30387565448149,-1.6868373990217,-30.5143475583198));
#2078=CARTESIAN_POINT('',(7.37663331859582,-1.38604376218435,-30.4443752718055));
#2079=CARTESIAN_POINT('',(7.43082047521258,-1.08098523736144,-30.3921582724965));
#2080=CARTESIAN_POINT('',(7.4836481284817,-0.616887093074038,-30.3410635192525));
#2081=CARTESIAN_POINT('',(7.49650817710401,-0.461085982307744,-30.328576907681));
#2082=CARTESIAN_POINT('',(7.50847562400136,-0.225726631576782,-30.3168564164993));
#2083=CARTESIAN_POINT('',(7.51124355500414,-0.146981219597369,-30.3141185424106));
#2084=CARTESIAN_POINT('',(7.51353027022848,-0.0284577110713662,-30.3117972232414));
#2085=CARTESIAN_POINT('',(7.51398138845583,0.0111342614877367,-30.3113212589026));
#2086=CARTESIAN_POINT('',(7.51425568130695,0.0904294245459001,-30.3109704767407));
#2087=CARTESIAN_POINT('',(7.51407788582725,0.130202421710558,-30.3110965102538));
#2088=CARTESIAN_POINT('',(7.51309016157453,0.209660310606492,-30.3119539555109));
#2089=CARTESIAN_POINT('',(7.5122821596178,0.249289208793608,-30.312683584515));
#2090=CARTESIAN_POINT('',(7.51004388982199,0.328402918689941,-30.3147388266234));
#2091=CARTESIAN_POINT('',(7.50861380404664,0.367878705023237,-30.316064275397));
#2092=CARTESIAN_POINT('',(7.50340052625071,0.486065424425142,-30.3209246662352));
#2093=CARTESIAN_POINT('',(7.49869449605378,0.564535765098212,-30.3253434805964));
#2094=CARTESIAN_POINT('',(7.48095379327756,0.79900237690378,-30.3420692920956));
#2095=CARTESIAN_POINT('',(7.46429961207093,0.954055040958635,-30.3578427293237));
#2096=CARTESIAN_POINT('',(7.42160519064646,1.2617137841453,-30.398376025783));
#2097=CARTESIAN_POINT('',(7.39555940746217,1.41433786591185,-30.4231411784504));
#2098=CARTESIAN_POINT('',(7.34957745437807,1.64141405030185,-30.4669046774087));
#2099=CARTESIAN_POINT('',(7.3330861097701,1.71683682545064,-30.482606389846));
#2100=CARTESIAN_POINT('',(7.30663687391035,1.82946644830379,-30.5077969908238));
#2101=CARTESIAN_POINT('',(7.29752763515224,1.86695290676903,-30.5164739687286));
#2102=CARTESIAN_POINT('',(7.27874273406163,1.94174388173338,-30.5343697196314));
#2103=CARTESIAN_POINT('',(7.26905046513244,1.97910811937764,-30.5436043187676));
#2104=CARTESIAN_POINT('',(7.24918070871508,2.0533562476144,-30.5625378219501));
#2105=CARTESIAN_POINT('',(7.23898987008152,2.0902956769495,-30.5722494430577));
#2106=CARTESIAN_POINT('',(7.21811270198858,2.16378288798099,-30.5921466230109));
#2107=CARTESIAN_POINT('',(7.20742518888935,2.20033559916924,-30.6023333092889));
#2108=CARTESIAN_POINT('',(7.1746289956912,2.30943119176005,-30.6335949174702));
#2109=CARTESIAN_POINT('',(7.15178682339223,2.38141165516344,-30.6553712366325));
#2110=CARTESIAN_POINT('',(7.08042133288955,2.59517681982168,-30.7234134154287));
#2111=CARTESIAN_POINT('',(7.02906174022158,2.73478734476542,-30.7723899665035));
#2112=CARTESIAN_POINT('',(6.94665552945541,2.94009192736955,-30.8509769606981));
#2113=CARTESIAN_POINT('',(6.91829133079217,3.00784083028185,-30.8780272603703));
#2114=CARTESIAN_POINT('',(6.85981297049352,3.14199864165739,-30.9337966662003));
#2115=CARTESIAN_POINT('',(6.82969877153328,3.2084075207167,-30.9625158100184));
#2116=CARTESIAN_POINT('',(6.7677553132945,3.33991260572199,-31.0215881205451));
#2117=CARTESIAN_POINT('',(6.73591696600274,3.40502496681014,-31.0519499531259));
#2118=CARTESIAN_POINT('',(6.67059094534843,3.53389553906288,-31.1142433336544));
#2119=CARTESIAN_POINT('',(6.63701014066249,3.59781992007128,-31.1462636744101));
#2120=CARTESIAN_POINT('',(6.56865431973366,3.72355323701237,-31.2114383642946));
#2121=CARTESIAN_POINT('',(6.53382194477037,3.7854847663387,-31.2446474167773));
#2122=CARTESIAN_POINT('',(6.46292542778222,3.90750464717806,-31.3122336115809));
#2123=CARTESIAN_POINT('',(6.42685722257668,3.96760169508173,-31.3466146311079));
#2124=CARTESIAN_POINT('',(6.31686349692088,4.1452607114128,-31.4514512452728));
#2125=CARTESIAN_POINT('',(6.24114976988356,4.26019179339314,-31.5235996551201));
#2126=CARTESIAN_POINT('',(6.10684542891072,4.45260390700671,-31.6515395208043));
#2127=CARTESIAN_POINT('',(6.04931807134498,4.53164563524772,-31.7063291597136));
#2128=CARTESIAN_POINT('',(5.9906682210581,4.6090426819916,-31.762172551706));
#2129=CARTESIAN_POINT('',(6.01196389278215,4.58074504575568,-31.7418974270691));
#2130=CARTESIAN_POINT('',(6.3108088727204,4.18249850822701,-31.4573335472361));
#2131=CARTESIAN_POINT('',(6.57949561690721,3.74192008853285,-31.2011242601249));
#2132=CARTESIAN_POINT('',(7.03242210800381,2.77549820268362,-30.7691900765525));
#2133=CARTESIAN_POINT('',(7.21374891094476,2.25325105835205,-30.5962396053446));
#2134=CARTESIAN_POINT('',(7.45307524048359,1.17380612399387,-30.3683596235232));
#2135=CARTESIAN_POINT('',(7.51385254006254,0.630764939571632,-30.3107576118062));
#2136=CARTESIAN_POINT('',(7.51414316782473,0.0806706311757542,-30.3110909528694));
#2137=CARTESIAN_POINT('',(7.3038570642475,-1.68682816143304,-30.5143672014937));
#2138=CARTESIAN_POINT('',(7.30542507772342,-1.68760731587836,-30.5127103766619));
#2139=CARTESIAN_POINT('',(7.29431682018756,-1.73349254102592,-30.52338416074));
#2140=CARTESIAN_POINT('',(7.2827197140915,-1.77949870843861,-30.5329095028456));
#2141=CARTESIAN_POINT('',(7.26458627019354,-1.84863488432649,-30.5454984221046));
#2142=CARTESIAN_POINT('',(7.2584155686637,-1.87171255070445,-30.5494126769059));
#2143=CARTESIAN_POINT('',(7.24582141011112,-1.91792309591586,-30.5566805704464));
#2144=CARTESIAN_POINT('',(7.23940265879339,-1.94103758088315,-30.560030597556));
#2145=CARTESIAN_POINT('',(7.21983676568609,-2.0102042923637,-30.5692122884445));
#2146=CARTESIAN_POINT('',(7.20635949052498,-2.0561601403983,-30.5741920444002));
#2147=CARTESIAN_POINT('',(7.17854334774599,-2.147751607316,-30.5819469085368));
#2148=CARTESIAN_POINT('',(7.16420416682251,-2.19338913191746,-30.5847225904868));
#2149=CARTESIAN_POINT('',(7.11989674548441,-2.32982908804038,-30.5898425674039));
#2150=CARTESIAN_POINT('',(7.08863905388197,-2.42015909840017,-30.5889856767509));
#2151=CARTESIAN_POINT('',(7.03917857384226,-2.55471301500454,-30.5815420305117));
#2152=CARTESIAN_POINT('',(7.02226264524672,-2.5994074166479,-30.5780325652349));
#2153=CARTESIAN_POINT('',(6.98757203862433,-2.68848238470791,-30.5689765244881));
#2154=CARTESIAN_POINT('',(6.96979575994028,-2.73286603771168,-30.5634288161147));
#2155=CARTESIAN_POINT('',(6.94249100432377,-2.79919654449503,-30.5535871546902));
#2156=CARTESIAN_POINT('',(6.93327165070891,-2.82129086217395,-30.5500478578459));
#2157=CARTESIAN_POINT('',(6.91466551143481,-2.8652885177968,-30.542480758855));
#2158=CARTESIAN_POINT('',(6.90529371315855,-2.88715737962932,-30.5384597405605));
#2159=CARTESIAN_POINT('',(6.87697929474374,-2.95237337293594,-30.5256978027546));
#2160=CARTESIAN_POINT('',(6.85781493381239,-2.99538701314476,-30.5162514801387));
#2161=CARTESIAN_POINT('',(6.81896716601397,-3.08044360137278,-30.4955571469974));
#2162=CARTESIAN_POINT('',(6.79927832779045,-3.12249978853072,-30.4843071882804));
#2163=CARTESIAN_POINT('',(6.75939500389372,-3.20569817745365,-30.4600496918769));
#2164=CARTESIAN_POINT('',(6.73920048319142,-3.24684031424217,-30.4470420280361));
#2165=CARTESIAN_POINT('',(6.67789483220071,-3.36893299370457,-30.4054331057889));
#2166=CARTESIAN_POINT('',(6.63606093503794,-3.44855164104457,-30.3742517212354));
#2167=CARTESIAN_POINT('',(6.55066640823475,-3.60437660430969,-30.3051107499425));
#2168=CARTESIAN_POINT('',(6.50710524434482,-3.68058205829151,-30.2671495831078));
#2169=CARTESIAN_POINT('',(6.46278942485322,-3.75511701701794,-30.2257484088016));
#2170=CARTESIAN_POINT('',(7.3038570642475,-1.68682816143304,-30.5143672014937));
#2171=CARTESIAN_POINT('',(7.29275121152386,-1.73273127945191,-30.5250476794735));
#2172=CARTESIAN_POINT('',(7.28115661527475,-1.77875538691981,-30.5345789943277));
#2173=CARTESIAN_POINT('',(7.26302709465495,-1.84791852240772,-30.5471758057855));
#2174=CARTESIAN_POINT('',(7.25685772800638,-1.87100518790826,-30.5510925142071));
#2175=CARTESIAN_POINT('',(7.24426629352531,-1.91723375290096,-30.5583649629534));
#2176=CARTESIAN_POINT('',(7.23784893037951,-1.94035725135429,-30.5617170893841));
#2177=CARTESIAN_POINT('',(7.21828726822013,-2.00955093437869,-30.5709045329842));
#2178=CARTESIAN_POINT('',(7.20481290670213,-2.05552470289504,-30.5758874074137));
#2179=CARTESIAN_POINT('',(7.17700277614087,-2.14715188591015,-30.5836471241987));
#2180=CARTESIAN_POINT('',(7.16266669386006,-2.19280720687043,-30.5864245406833));
#2181=CARTESIAN_POINT('',(7.11836884532151,-2.32930036777079,-30.5915477074815));
#2182=CARTESIAN_POINT('',(7.08711790465634,-2.41966560232603,-30.5906902621462));
#2183=CARTESIAN_POINT('',(7.03766810354634,-2.55427198820391,-30.5832419170659));
#2184=CARTESIAN_POINT('',(7.02075582670508,-2.59898381841428,-30.5797302398682));
#2185=CARTESIAN_POINT('',(6.98607270793292,-2.68809352121306,-30.570668496173));
#2186=CARTESIAN_POINT('',(6.9683002656899,-2.73249448159217,-30.5651172960599));
#2187=CARTESIAN_POINT('',(6.94100140218805,-2.79885085389901,-30.5552694425536));
#2188=CARTESIAN_POINT('',(6.93178403790301,-2.82095378723581,-30.5517279192121));
#2189=CARTESIAN_POINT('',(6.91318191317789,-2.86496859969787,-30.5441560605143));
#2190=CARTESIAN_POINT('',(6.9038121368874,-2.88684598926781,-30.5401325132761));
#2191=CARTESIAN_POINT('',(6.8755038270249,-2.95208741346965,-30.5273625498608));
#2192=CARTESIAN_POINT('',(6.85634360015798,-2.99511782678567,-30.5179102876959));
#2193=CARTESIAN_POINT('',(6.81750421159221,-3.08020758269427,-30.4972029442999));
#2194=CARTESIAN_POINT('',(6.79781961970894,-3.12228016958818,-30.4859459136516));
#2195=CARTESIAN_POINT('',(6.75794489673835,-3.20551100156619,-30.461673169917));
#2196=CARTESIAN_POINT('',(6.73775473062943,-3.24666918164847,-30.4486573305973));
#2197=CARTESIAN_POINT('',(6.67646229798078,-3.36880947089984,-30.4070222583785));
#2198=CARTESIAN_POINT('',(6.63463741927577,-3.44845916535759,-30.3758212794415));
#2199=CARTESIAN_POINT('',(6.54926129885177,-3.60434489227142,-30.3066368638038));
#2200=CARTESIAN_POINT('',(6.50570952299774,-3.680580062448,-30.2686518460158));
#2201=CARTESIAN_POINT('',(6.46140325290044,-3.75514408603145,-30.2272246610121));
#2202=CARTESIAN_POINT('',(7.04279869064826,-1.55710683224614,-30.79021176697));
#2203=CARTESIAN_POINT('',(7.03209321481992,-1.60598893224157,-30.8020067118387));
#2204=CARTESIAN_POINT('',(7.02091648268519,-1.65499987732758,-30.8125324288755));
#2205=CARTESIAN_POINT('',(7.00344014817109,-1.7286515133582,-30.8264432115572));
#2206=CARTESIAN_POINT('',(6.99749302574446,-1.75323644168662,-30.8307684229124));
#2207=CARTESIAN_POINT('',(6.98535512159766,-1.80246511788309,-30.8387992673275));
#2208=CARTESIAN_POINT('',(6.97916887502884,-1.82708927053443,-30.8425009094843));
#2209=CARTESIAN_POINT('',(6.96031162287506,-1.90077344262751,-30.8526461213481));
#2210=CARTESIAN_POINT('',(6.94732235344618,-1.94973078997662,-30.8581481900836));
#2211=CARTESIAN_POINT('',(6.92051319628594,-2.04730434172167,-30.8667158237102));
#2212=CARTESIAN_POINT('',(6.90669300664762,-2.0959225763067,-30.8697820226574));
#2213=CARTESIAN_POINT('',(6.86398893234555,-2.24127379415643,-30.8754362723779));
#2214=CARTESIAN_POINT('',(6.83386195440954,-2.33750350074272,-30.874486478051));
#2215=CARTESIAN_POINT('',(6.78619008701281,-2.48084548960868,-30.8662558234886));
#2216=CARTESIAN_POINT('',(6.76988579029903,-2.52845899983022,-30.8623758838578));
#2217=CARTESIAN_POINT('',(6.73644932280324,-2.62335168507624,-30.8523646569595));
#2218=CARTESIAN_POINT('',(6.71931560916274,-2.67063414827814,-30.8462321175429));
#2219=CARTESIAN_POINT('',(6.69299772311624,-2.74129686845762,-30.8353533450814));
#2220=CARTESIAN_POINT('',(6.68411156211295,-2.76483422163071,-30.8314411324941));
#2221=CARTESIAN_POINT('',(6.66617781915962,-2.81170547417415,-30.823076830762));
#2222=CARTESIAN_POINT('',(6.65714468303746,-2.83500264571276,-30.8186322400041));
#2223=CARTESIAN_POINT('',(6.62985338530696,-2.90447805657875,-30.8045260938497));
#2224=CARTESIAN_POINT('',(6.61138143832694,-2.9503010224791,-30.7940849568901));
#2225=CARTESIAN_POINT('',(6.57393710718828,-3.04091286150854,-30.7712115377756));
#2226=CARTESIAN_POINT('',(6.55495948798043,-3.08571583845787,-30.7587771021263));
#2227=CARTESIAN_POINT('',(6.51651673215954,-3.17434811074447,-30.7319658320867));
#2228=CARTESIAN_POINT('',(6.4970515617737,-3.21817733686063,-30.7175888582761));
#2229=CARTESIAN_POINT('',(6.43795984929495,-3.34824417410718,-30.6716000804456));
#2230=CARTESIAN_POINT('',(6.39763645252778,-3.43306289943795,-30.6371368349767));
#2231=CARTESIAN_POINT('',(6.31532480794447,-3.59906515886325,-30.5607193756454));
#2232=CARTESIAN_POINT('',(6.27333604504952,-3.6802477747042,-30.518763415535));
#2233=CARTESIAN_POINT('',(6.23061965245251,-3.75965080281021,-30.4730057126551));
#2234=CARTESIAN_POINT('',(6.46140325290044,-3.75514408603145,-30.2272246610121));
#2235=CARTESIAN_POINT('',(6.4627879677534,-3.75511704547202,-30.2257499605909));
#2236=CARTESIAN_POINT('',(6.32559846219921,-3.98600241261214,-30.0974920984723));
#2237=CARTESIAN_POINT('',(6.17600292810491,-4.20951079265327,-29.9733394390169));
#2238=CARTESIAN_POINT('',(6.01486531189091,-4.42435789830046,-29.8540053660436));
#2239=CARTESIAN_POINT('',(6.46140325290044,-3.75514408603145,-30.2272246610121));
#2240=CARTESIAN_POINT('',(6.32424321603058,-3.98597986865643,-30.0989667647881));
#2241=CARTESIAN_POINT('',(6.17467981593622,-4.20944024844991,-29.9748140718188));
#2242=CARTESIAN_POINT('',(6.01357681345687,-4.42424121392812,-29.8554799661159));
#2243=CARTESIAN_POINT('',(6.23061965245251,-3.75965080281021,-30.4730057126551));
#2244=CARTESIAN_POINT('',(6.09837101597469,-3.9822225786588,-30.3447421322465));
#2245=CARTESIAN_POINT('',(5.95416323128779,-4.19768299373025,-30.2205838536842));
#2246=CARTESIAN_POINT('',(5.79882912938113,-4.4047940046296,-30.1012442930961));
#2247=CARTESIAN_POINT('',(0.0150121345313479,0.0805151865049124,-36.5958914674052));
#2248=CARTESIAN_POINT('',(2.89095336043254,-6.84616855334876,-36.5996900692649));
#2249=CARTESIAN_POINT('',(2.82786613743133,-6.87227442178862,-36.7597623911869));
#2250=CARTESIAN_POINT('',(2.6846798701113,-6.88329561120102,-36.9117775806839));
#2251=CARTESIAN_POINT('',(2.2158687795502,-6.90985758031113,-37.2039103534597));
#2252=CARTESIAN_POINT('',(1.33189399534613,-6.91561200504379,-37.4234508375779));
#2253=CARTESIAN_POINT('',(0.0178068880125202,-6.91746142952074,-37.4919270949796));
#2254=CARTESIAN_POINT('',(-1.29157841062271,-6.92045029929817,-37.4352010143917));
#2255=CARTESIAN_POINT('',(-2.30946301116814,-6.90527599861958,-37.1526017670631));
#2256=CARTESIAN_POINT('',(-2.75113427002933,-6.89144376441116,-36.8711292132035));
#2257=CARTESIAN_POINT('',(-2.85360842900879,-6.84920305851944,-36.6004852870305));
#2258=CARTESIAN_POINT('',(0.0150121345313479,0.0805151865049124,-36.5958914674052));
#2259=CARTESIAN_POINT('',(0.0150121340905627,0.0805151875991812,-36.5958914674045));
#2260=CARTESIAN_POINT('',(0.0101092429519211,0.0590112778881221,-1.09589831819572));
#2261=CARTESIAN_POINT('',(-6.90445758424955,2.9639665169246,-1.09509362761462));
#2262=CARTESIAN_POINT('',(-6.93292181250188,2.89616983744392,-0.935391483494606));
#2263=CARTESIAN_POINT('',(-6.94604447758939,2.7497634305286,-0.784228156505604));
#2264=CARTESIAN_POINT('',(-6.97669355605172,2.27529995827978,-0.491885525754167));
#2265=CARTESIAN_POINT('',(-6.98434793332099,1.37265351790082,-0.271590163259196));
#2266=CARTESIAN_POINT('',(-6.98789034509494,0.621946920059956,-0.229104699987266));
#2267=CARTESIAN_POINT('',(-6.98617161897672,0.0547897124131352,-0.228636995137812));
#2268=CARTESIAN_POINT('',(-6.90445758452132,2.96396651703878,-1.0950936276146));
#2269=CARTESIAN_POINT('',(0.0101092437135458,0.0590112784639666,-1.09589831819525));
#2270=CARTESIAN_POINT('',(0.0130215975622742,-5.74165316737543,0.000588578593405109));
#2271=CARTESIAN_POINT('',(-5.78484889086983,0.0780571414159899,-37.5966941663636));
#2272=CARTESIAN_POINT('',(-5.98793040415207,4.57486193435309,-32.4959584786725));
#2273=CARTESIAN_POINT('',(-5.92294358501754,4.66160214513967,-32.4856916149981));
#2274=CARTESIAN_POINT('',(-5.8563043137914,4.74662899686984,-32.472705059375));
#2275=CARTESIAN_POINT('',(-5.78807055249282,4.82994119802537,-32.4566953788066));
#2276=CARTESIAN_POINT('',(5.81611614653018,0.0884249267361197,-44.5950870316248));
#2277=CARTESIAN_POINT('',(-5.78388212351619,0.0822973487488725,-44.5966928155019));
#2278=CARTESIAN_POINT('',(5.8168586262093,-1.31692559660484,-44.595938211759));
#2279=CARTESIAN_POINT('',(-5.78313964383707,-1.32305317459209,-44.5975439956361));
#2280=CARTESIAN_POINT('',(5.81822112809707,-4.12441037964535,-43.7252947058215));
#2281=CARTESIAN_POINT('',(-5.7817771419493,-4.1305379576326,-43.7269004896986));
#2282=CARTESIAN_POINT('',(5.81918545339594,-6.85751049934136,-40.2621161327036));
#2283=CARTESIAN_POINT('',(-5.78081281665043,-6.86363807732861,-40.2637219165807));
#2284=CARTESIAN_POINT('',(5.81872862428853,-7.14634913849931,-35.8598422821413));
#2285=CARTESIAN_POINT('',(-5.78126964575785,-7.15247671648656,-35.8614480660184));
#2286=CARTESIAN_POINT('',(5.81758531218221,-5.6440526647951,-33.3333631558115));
#2287=CARTESIAN_POINT('',(-5.78241295786416,-5.65018024278235,-33.3349689396886));
#2288=CARTESIAN_POINT('',(5.81690345100203,-4.59966128665836,-32.3930134583174));
#2289=CARTESIAN_POINT('',(-5.78309481904434,-4.60578886464561,-32.3946192421945));
#2290=CARTESIAN_POINT('',(5.81514937917651,0.0841847194659481,-37.5950883828173));
#2291=CARTESIAN_POINT('',(0.00592627981971782,5.85410287922875,7.00761300919116));
#2292=CARTESIAN_POINT('',(0.0120548302086529,-5.7458933747081,7.00058722732539));
#2293=CARTESIAN_POINT('',(-1.39942448783542,5.85336051735695,7.0074184670092));
#2294=CARTESIAN_POINT('',(-1.39329593744648,-5.7466357365799,7.00039268514344));
#2295=CARTESIAN_POINT('',(-4.20626086286578,5.85240618862147,6.13468630286974));
#2296=CARTESIAN_POINT('',(-4.20013231247685,-5.74759006531539,6.12766052100398));
#2297=CARTESIAN_POINT('',(-6.93678412877887,5.85306236710538,2.66947558980669));
#2298=CARTESIAN_POINT('',(-6.93065557838993,-5.74693388683147,2.66244980794092));
#2299=CARTESIAN_POINT('',(-7.22234804104998,5.85557795582695,-1.73301120131626));
#2300=CARTESIAN_POINT('',(-7.21621949066105,-5.7444182981099,-1.74003698318203));
#2301=CARTESIAN_POINT('',(-5.71817265254011,5.85790218442038,-4.25837132926297));
#2302=CARTESIAN_POINT('',(-5.71204410215117,-5.74209406951648,-4.26539711112873));
#2303=CARTESIAN_POINT('',(-4.67308208090427,5.85902340187813,-5.19794347074332));
#2304=CARTESIAN_POINT('',(-4.66695353051533,-5.74097285205872,-5.20496925260909));
#2305=CARTESIAN_POINT('',(-4.74739412920701,5.85894308823074,-5.13016269639195));
#2306=CARTESIAN_POINT('',(-10.2791677186127,5.85292016858445,-0.0112880670220004));
#2307=CARTESIAN_POINT('',(-7.53087780757735,5.85012164115025,7.00656969233244));
#2308=CARTESIAN_POINT('',(0.00592627981964473,5.85410287922848,7.00761300959908));
#2309=CARTESIAN_POINT('',(-4.747394129207,5.85894308823075,-5.13016269639192));
#2310=CARTESIAN_POINT('',(-6.90445758444142,2.96396651703881,-1.09509362760188));
#2311=CARTESIAN_POINT('',(-6.88360323177589,3.01576344793508,-1.22617800949016));
#2312=CARTESIAN_POINT('',(-6.85222925983749,3.08495913295558,-1.39462383381877));
#2313=CARTESIAN_POINT('',(-6.77691233985288,3.251246076741,-1.72285496535454));
#2314=CARTESIAN_POINT('',(-6.71194313661415,3.38722337813696,-1.96187170194756));
#2315=CARTESIAN_POINT('',(-6.60092810923248,3.60319463163115,-2.30691723035844));
#2316=CARTESIAN_POINT('',(-6.53435691793108,3.72401103878888,-2.48520031936838));
#2317=CARTESIAN_POINT('',(-6.40048293438433,3.9595214571729,-2.82444947875719));
#2318=CARTESIAN_POINT('',(-6.14035778606676,4.36267267159855,-3.36034512163024));
#2319=CARTESIAN_POINT('',(-5.86628862513886,4.72762400876802,-3.81221166052168));
#2320=CARTESIAN_POINT('',(-5.42728831520622,5.2486959696894,-4.4365231528498));
#2321=CARTESIAN_POINT('',(-5.01570734054236,5.63727436100968,-4.88190259346159));
#2322=CARTESIAN_POINT('',(-4.74739412895693,5.85894308823072,-5.1301626961217));
#2323=CARTESIAN_POINT('',(5.81514937917645,0.0841847194032359,-37.5950883824864));
#2324=CARTESIAN_POINT('',(0.00689304717332775,5.85834308656137,0.00761436045914471));
#2325=CARTESIAN_POINT('',(-4.49250785816912,6.05905405025902,-5.09092529356407));
#2326=CARTESIAN_POINT('',(-4.57918414383751,5.99398039805273,-5.10118202837581));
#2327=CARTESIAN_POINT('',(-4.66414659699074,5.92725737569434,-5.1141600271728));
#2328=CARTESIAN_POINT('',(-4.747394129207,5.85894308823075,-5.13016269639192));
#2329=CARTESIAN_POINT('',(0.0101092429519219,0.059011277888123,-1.09589831819573));
#2330=CARTESIAN_POINT('',(7.51501101597603,0.084476982617321,-36.5948532450708));
#2331=CARTESIAN_POINT('',(7.5101081243965,0.062973073999947,-1.09486009488424));
#2332=CARTESIAN_POINT('',(7.51397365573459,2.04797175685834,-36.5936640131369));
#2333=CARTESIAN_POINT('',(7.50907076415506,2.02646784824096,-1.09367086295031));
#2334=CARTESIAN_POINT('',(5.88899462283903,5.95847181183715,-36.5915196764881));
#2335=CARTESIAN_POINT('',(5.8840917312595,5.93696790321977,-1.09152652630147));
#2336=CARTESIAN_POINT('',(0.0106204090961831,8.39308549458359,-36.5908567842509));
#2337=CARTESIAN_POINT('',(0.00571751751665405,8.37158158596622,-1.09086363406429));
#2338=CARTESIAN_POINT('',(-5.86517799750344,5.95226279285893,-36.5931468026689));
#2339=CARTESIAN_POINT('',(-5.87008088908297,5.93075888424155,-1.09315365248226));
#2340=CARTESIAN_POINT('',(-7.48602410715477,2.0400481646335,-36.5957404578056));
#2341=CARTESIAN_POINT('',(-7.4909269987343,2.01854425601612,-1.09574730761895));
#2342=CARTESIAN_POINT('',(-7.48498674691332,0.0765533903924812,-36.5969296897395));
#2343=CARTESIAN_POINT('',(-7.48988963849285,0.0550494817751072,-1.09693653955288));
#2344=CARTESIAN_POINT('',(0.20417963802971,6.059041062994,-0.972588836149747));
#2345=CARTESIAN_POINT('',(0.210519468859122,-5.94095506617434,-0.979856869455302));
#2346=CARTESIAN_POINT('',(0.717476315702004,6.05924964886036,-0.869234325026302));
#2347=CARTESIAN_POINT('',(0.723816146531416,-5.94074648030798,-0.876502358331858));
#2348=CARTESIAN_POINT('',(1.4541395739382,6.05893117760188,0.299166140927297));
#2349=CARTESIAN_POINT('',(1.46047940476761,-5.94106495156645,0.291898107621741));
#2350=CARTESIAN_POINT('',(0.322691773702303,6.05785357116771,1.09141434723981));
#2351=CARTESIAN_POINT('',(0.329031604531715,-5.94214255800063,1.08414631393425));
#2352=CARTESIAN_POINT('',(-0.19060490396999,6.05764498530134,0.988059836116359));
#2353=CARTESIAN_POINT('',(-0.184265073140578,-5.94235114386699,0.980791802810804));
#2354=CARTESIAN_POINT('',(6.01531173055685,0.0386795052435227,-38.5940199686504));
#2355=CARTESIAN_POINT('',(-5.98468648201498,0.0323406275235049,-38.5956811373169));
#2356=CARTESIAN_POINT('',(6.01558472249094,-0.484374279150658,-38.5701381361161));
#2357=CARTESIAN_POINT('',(-5.98441349008089,-0.490713156870676,-38.5717993047826));
#2358=CARTESIAN_POINT('',(6.01591911088534,-1.39057413590438,-37.5277206504967));
#2359=CARTESIAN_POINT('',(-5.98407910168649,-1.39691301362439,-37.5293818191632));
#2360=CARTESIAN_POINT('',(6.01525996226081,-0.39315255635051,-36.5722195962406));
#2361=CARTESIAN_POINT('',(-5.98473825031101,-0.399491434070528,-36.5738807649071));
#2362=CARTESIAN_POINT('',(6.01498697032672,0.12990122804367,-36.596101428775));
#2363=CARTESIAN_POINT('',(-5.98501124224511,0.123562350323652,-36.5977625974414));
#2364=CARTESIAN_POINT('',(27.2092704772949,5.33995485305786,-76.9596557617188));
#2365=CARTESIAN_POINT('',(0.,0.,0.));
#2366=CARTESIAN_POINT('',(-6.52621638640096,-6.52621638640096,26.1752243041992));
#2367=CARTESIAN_POINT('',(27.2092704772949,-83.8086318969727,-103.134880065918));
#2368=CARTESIAN_POINT('',(0.,0.,0.));
#2369=CARTESIAN_POINT('',(-20.8958387691877,-20.8958387691877,83.8086318969727));
#2370=CARTESIAN_POINT('',(111.017906188965,5.33995485305786,-103.134880065918));
#2371=CARTESIAN_POINT('',(0.,0.,0.));
#2372=CARTESIAN_POINT('',(-20.8958397202985,-20.8958397202985,83.8086357116699));
#2373=CARTESIAN_POINT('',(27.2092704772949,83.8086318969727,-103.134880065918));
#2374=CARTESIAN_POINT('',(0.,0.,0.));
#2375=CARTESIAN_POINT('',(-20.8958387691877,-20.8958387691877,83.8086318969727));
#2376=CARTESIAN_POINT('',(27.2092704772949,5.33995485305786,-129.310104370117));
#2377=CARTESIAN_POINT('',(0.,0.,0.));
#2378=CARTESIAN_POINT('',(-6.52621638640096,-6.52621638640096,26.1752243041992));
#2379=CARTESIAN_POINT('',(-56.5993614196777,5.33995485305786,-103.134880065918));
#2380=CARTESIAN_POINT('',(0.,0.,0.));
#2381=CARTESIAN_POINT('',(-20.8958387691877,-20.8958387691877,83.8086318969727));
#2382=CARTESIAN_POINT('',(80.3971940676371,-47.8479687372843,-49.9469564755758));
#2383=CARTESIAN_POINT('',(0.,0.,0.));
#2384=CARTESIAN_POINT('',(-22.9691392638787,-22.9691392638787,92.124186007564));
#2385=CARTESIAN_POINT('',(94.179146758297,-49.1628973494809,-68.1610023237599));
#2386=CARTESIAN_POINT('',(0.,0.,0.));
#2387=CARTESIAN_POINT('',(-23.2272786056982,-23.2272786056982,93.159526360045));
#2388=MECHANICAL_DESIGN_GEOMETRIC_PRESENTATION_REPRESENTATION('',(#806),
#2389);
#2389=(
GEOMETRIC_REPRESENTATION_CONTEXT(3)
GLOBAL_UNCERTAINTY_ASSIGNED_CONTEXT((#2390))
GLOBAL_UNIT_ASSIGNED_CONTEXT((#2393,#2392,#2391))
REPRESENTATION_CONTEXT('l_index_finger_proximal_abd_collision',
'TOP_LEVEL_ASSEMBLY_PART')
);
#2390=UNCERTAINTY_MEASURE_WITH_UNIT(LENGTH_MEASURE(0.0508),#2393,
'DISTANCE_ACCURACY_VALUE','Maximum Tolerance applied to model');
#2391=(
NAMED_UNIT(*)
SI_UNIT($,.STERADIAN.)
SOLID_ANGLE_UNIT()
);
#2392=(
NAMED_UNIT(*)
PLANE_ANGLE_UNIT()
SI_UNIT($,.RADIAN.)
);
#2393=(
LENGTH_UNIT()
NAMED_UNIT(*)
SI_UNIT(.MILLI.,.METRE.)
);
#2394=PRODUCT_DEFINITION_SHAPE('','',#2395);
#2395=PRODUCT_DEFINITION('','',#2397,#2396);
#2396=PRODUCT_DEFINITION_CONTEXT('',#2403,'design');
#2397=PRODUCT_DEFINITION_FORMATION_WITH_SPECIFIED_SOURCE('','',#2399,
 .NOT_KNOWN.);
#2398=PRODUCT_RELATED_PRODUCT_CATEGORY('','',(#2399));
#2399=PRODUCT('l_index_finger_proximal_abd_collision',
'l_index_finger_proximal_abd_collision',
'l_index_finger_proximal_abd_collision',(#2401));
#2400=PRODUCT_CATEGORY('','');
#2401=PRODUCT_CONTEXT('',#2403,'mechanical');
#2402=APPLICATION_PROTOCOL_DEFINITION('international standard',
'ap242_managed_model_based_3d_engineering',2011,#2403);
#2403=APPLICATION_CONTEXT('managed model based 3d engineering');
ENDSEC;
END-ISO-10303-21;
