ISO-10303-21;
HEADER;
/* Generated by software containing ST-Developer
 * from STEP Tools, Inc. (www.steptools.com) 
 */
/* OPTION: using custom renumber hook */

FILE_DESCRIPTION(
/* description */ (
'CAx-IF Rec.Pracs.---Representation and Presentation of Product Manufa
cturing Information (PMI)---4.0---2014-10-13',
'CAx-IF Rec.Pracs.---3D Tessellated Geometry---0.4---2014-09-14','2;1'),

/* implementation_level */ '2;1');

FILE_NAME(
/* name */ 'l_thumb_distal_collision',
/* time_stamp */ '2026-08-06T23:54:03-07:00',
/* author */ (''),
/* organization */ (''),
/* preprocessor_version */ 'ST-DEVELOPER v20',
/* originating_system */ 'SIEMENS PLM Software NX2412.8300',
/* authorisation */ $);

FILE_SCHEMA (('AP242_MANAGED_MODEL_BASED_3D_ENGINEERING_MIM_LF { 1 0 10303 442 1 1 4 }'));
ENDSEC;

DATA;
#10=MECHANICAL_DESIGN_AND_DRAUGHTING_RELATIONSHIP('','',#26,#27);
#11=MECHANICAL_DESIGN_AND_DRAUGHTING_RELATIONSHIP('','',#28,#27);
#12=MECHANICAL_DESIGN_AND_DRAUGHTING_RELATIONSHIP('','',#29,#27);
#13=MECHANICAL_DESIGN_AND_DRAUGHTING_RELATIONSHIP('','',#30,#27);
#14=MECHANICAL_DESIGN_AND_DRAUGHTING_RELATIONSHIP('','',#31,#27);
#15=MECHANICAL_DESIGN_AND_DRAUGHTING_RELATIONSHIP('','',#32,#27);
#16=MECHANICAL_DESIGN_AND_DRAUGHTING_RELATIONSHIP('','',#33,#27);
#17=MECHANICAL_DESIGN_AND_DRAUGHTING_RELATIONSHIP('','',#34,#27);
#18=MODEL_GEOMETRIC_VIEW('Top','',#53,#26);
#19=MODEL_GEOMETRIC_VIEW('Front','',#54,#28);
#20=MODEL_GEOMETRIC_VIEW('Right','',#55,#29);
#21=MODEL_GEOMETRIC_VIEW('Back','',#56,#30);
#22=MODEL_GEOMETRIC_VIEW('Bottom','',#57,#31);
#23=MODEL_GEOMETRIC_VIEW('Left','',#58,#32);
#24=MODEL_GEOMETRIC_VIEW('Isometric','',#59,#33);
#25=MODEL_GEOMETRIC_VIEW('Trimetric','',#60,#34);
#26=DRAUGHTING_MODEL('Top',(#53,#44),#12062);
#27=DRAUGHTING_MODEL('',(#45),#12062);
#28=DRAUGHTING_MODEL('Front',(#54,#46),#12062);
#29=DRAUGHTING_MODEL('Right',(#55,#47),#12062);
#30=DRAUGHTING_MODEL('Back',(#56,#48),#12062);
#31=DRAUGHTING_MODEL('Bottom',(#57,#49),#12062);
#32=DRAUGHTING_MODEL('Left',(#58,#50),#12062);
#33=DRAUGHTING_MODEL('Isometric',(#59,#51),#12062);
#34=DRAUGHTING_MODEL('Trimetric',(#60,#52),#12062);
#35=REPRESENTATION_MAP(#5106,#78);
#36=REPRESENTATION_MAP(#5106,#78);
#37=REPRESENTATION_MAP(#5106,#78);
#38=REPRESENTATION_MAP(#5106,#78);
#39=REPRESENTATION_MAP(#5106,#78);
#40=REPRESENTATION_MAP(#5106,#78);
#41=REPRESENTATION_MAP(#5106,#78);
#42=REPRESENTATION_MAP(#5106,#78);
#43=REPRESENTATION_MAP(#5106,#78);
#44=MAPPED_ITEM('',#35,#5106);
#45=MAPPED_ITEM('',#36,#5106);
#46=MAPPED_ITEM('',#37,#5106);
#47=MAPPED_ITEM('',#38,#5106);
#48=MAPPED_ITEM('',#39,#5106);
#49=MAPPED_ITEM('',#40,#5106);
#50=MAPPED_ITEM('',#41,#5106);
#51=MAPPED_ITEM('',#42,#5106);
#52=MAPPED_ITEM('',#43,#5106);
#53=CAMERA_MODEL_D3('Top',#5452,#61);
#54=CAMERA_MODEL_D3('Front',#5454,#62);
#55=CAMERA_MODEL_D3('Right',#5456,#63);
#56=CAMERA_MODEL_D3('Back',#5458,#64);
#57=CAMERA_MODEL_D3('Bottom',#5460,#65);
#58=CAMERA_MODEL_D3('Left',#5462,#66);
#59=CAMERA_MODEL_D3('Isometric',#5464,#67);
#60=CAMERA_MODEL_D3('Trimetric',#5466,#68);
#61=VIEW_VOLUME(.PARALLEL.,#12038,28.5190448760986,0.,.F.,0.,.F.,.F.,#69);
#62=VIEW_VOLUME(.PARALLEL.,#12041,27.3787117004395,0.,.F.,0.,.F.,.F.,#70);
#63=VIEW_VOLUME(.PARALLEL.,#12044,27.3787155151367,0.,.F.,0.,.F.,.F.,#71);
#64=VIEW_VOLUME(.PARALLEL.,#12047,27.3787136077881,0.,.F.,0.,.F.,.F.,#72);
#65=VIEW_VOLUME(.PARALLEL.,#12050,28.5190467834473,0.,.F.,0.,.F.,.F.,#73);
#66=VIEW_VOLUME(.PARALLEL.,#12053,27.3787117004395,0.,.F.,0.,.F.,.F.,#74);
#67=VIEW_VOLUME(.PARALLEL.,#12056,46.2326689223199,0.,.F.,0.,.F.,.F.,#75);
#68=VIEW_VOLUME(.PARALLEL.,#12059,40.8608716040446,0.,.F.,0.,.F.,.F.,#76);
#69=PLANAR_BOX('',14.2211929748423,14.2211929748423,#5453);
#70=PLANAR_BOX('',13.6525589894785,13.6525589894785,#5455);
#71=PLANAR_BOX('',13.6525608917002,13.6525608917002,#5457);
#72=PLANAR_BOX('',13.6525599405894,13.6525599405894,#5459);
#73=PLANAR_BOX('',14.2211939259531,14.2211939259531,#5461);
#74=PLANAR_BOX('',13.6525589894785,13.6525589894785,#5463);
#75=PLANAR_BOX('',23.0541979699093,23.0541979699093,#5465);
#76=PLANAR_BOX('',20.3755189812957,20.3755189812957,#5467);
#77=SHAPE_REPRESENTATION_RELATIONSHIP('','',#5105,#78);
#78=ADVANCED_BREP_SHAPE_REPRESENTATION('',(#5103),#12062);
#79=PLANE('',#5248);
#80=PLANE('',#5264);
#81=PLANE('',#5267);
#82=PLANE('',#5275);
#83=PLANE('',#5279);
#84=PLANE('',#5285);
#85=PLANE('',#5289);
#86=PLANE('',#5290);
#87=PLANE('',#5303);
#88=PLANE('',#5318);
#89=PLANE('',#5320);
#90=PLANE('',#5321);
#91=PLANE('',#5324);
#92=PLANE('',#5331);
#93=PLANE('',#5332);
#94=PLANE('',#5337);
#95=PLANE('',#5339);
#96=PLANE('',#5340);
#97=PLANE('',#5343);
#98=PLANE('',#5347);
#99=PLANE('',#5360);
#100=PLANE('',#5374);
#101=PLANE('',#5375);
#102=PLANE('',#5377);
#103=PLANE('',#5378);
#104=PLANE('',#5379);
#105=PLANE('',#5382);
#106=PLANE('',#5393);
#107=PLANE('',#5395);
#108=PLANE('',#5397);
#109=PLANE('',#5406);
#110=PLANE('',#5409);
#111=PLANE('',#5410);
#112=SPHERICAL_SURFACE('',#5246,0.200000000002913);
#113=TOROIDAL_SURFACE('',#5128,0.600000000019099,0.200000000006365);
#114=TOROIDAL_SURFACE('',#5142,6.50000000016355,1.00000000002517);
#115=TOROIDAL_SURFACE('',#5195,0.600000000013489,0.200000000004499);
#116=TOROIDAL_SURFACE('',#5293,7.3000000001641,0.300000000006731);
#117=TOROIDAL_SURFACE('',#5309,0.700000000015728,0.200000000004492);
#118=TOROIDAL_SURFACE('',#5311,9.80000000022032,0.200000000004499);
#119=TOROIDAL_SURFACE('',#5314,1.00000000002247,0.200000000004492);
#120=TOROIDAL_SURFACE('',#5316,0.700000000015736,0.200000000004506);
#121=TOROIDAL_SURFACE('',#5326,7.40000000010771,0.100000000001455);
#122=TOROIDAL_SURFACE('',#5328,7.60000000011063,0.100000000001457);
#123=TOROIDAL_SURFACE('',#5333,0.600000000008735,0.100000000001457);
#124=TOROIDAL_SURFACE('',#5366,0.700000000015735,0.200000000004492);
#125=TOROIDAL_SURFACE('',#5369,1.0000000000225,0.200000000004506);
#126=TOROIDAL_SURFACE('',#5371,9.80000000022029,0.200000000004499);
#127=TOROIDAL_SURFACE('',#5372,0.700000000015743,0.200000000004506);
#128=TOROIDAL_SURFACE('',#5384,7.40000000010772,0.100000000001456);
#129=TOROIDAL_SURFACE('',#5386,7.60000000011063,0.100000000001457);
#130=TOROIDAL_SURFACE('',#5388,0.600000000008731,0.10000000000146);
#131=TOROIDAL_SURFACE('',#5431,0.600000000013489,0.200000000004499);
#132=TOROIDAL_SURFACE('',#5446,6.50000000016355,1.00000000002517);
#133=TOROIDAL_SURFACE('',#5450,0.600000000019099,0.200000000006365);
#134=CONICAL_SURFACE('',#5121,7.20000000016193,0.785398163395039);
#135=CONICAL_SURFACE('',#5135,0.600000000020905,0.785398163393372);
#136=CONICAL_SURFACE('',#5138,0.500000000017836,0.785398163393426);
#137=CONICAL_SURFACE('',#5151,0.800000000025457,0.785398163418916);
#138=CONICAL_SURFACE('',#5154,0.600000000019691,0.785398163419793);
#139=CONICAL_SURFACE('',#5157,0.200000000004234,0.785398163405527);
#140=CONICAL_SURFACE('',#5163,0.750000000027348,0.785398163410075);
#141=CONICAL_SURFACE('',#5166,7.10000000015962,0.785398163395034);
#142=CONICAL_SURFACE('',#5168,5.70000000019917,0.785398163421883);
#143=CONICAL_SURFACE('',#5171,5.3000000001852,0.78539816342193);
#144=CONICAL_SURFACE('',#5186,7.20000000016199,0.785398163407893);
#145=CONICAL_SURFACE('',#5200,0.500000000017899,0.785398163422577);
#146=CONICAL_SURFACE('',#5203,0.60000000002093,0.78539816342168);
#147=CONICAL_SURFACE('',#5214,6.10250000013721,0.785398163395029);
#148=CONICAL_SURFACE('',#5227,0.200000000004285,0.785398163396037);
#149=CONICAL_SURFACE('',#5229,0.60000000001976,0.785398163393103);
#150=CONICAL_SURFACE('',#5231,0.800000000025523,0.785398163393173);
#151=CONICAL_SURFACE('',#5235,0.750000000027346,0.785398163409995);
#152=CONICAL_SURFACE('',#5238,7.0000000001574,0.785398163407757);
#153=CONICAL_SURFACE('',#5240,7.36214939703045,0.785398163407779);
#154=CONICAL_SURFACE('',#5287,7.65000000020973,0.785398163414193);
#155=CONICAL_SURFACE('',#5295,10.0000000002248,0.785398163407753);
#156=CONICAL_SURFACE('',#5299,8.25000000023036,0.785398163393712);
#157=CONICAL_SURFACE('',#5301,1.2000000000244,0.785398163397518);
#158=CONICAL_SURFACE('',#5341,7.65000000020973,0.785398163393544);
#159=CONICAL_SURFACE('',#5346,6.10250000013728,0.785398163407744);
#160=CONICAL_SURFACE('',#5350,6.10250000013728,0.785398163407744);
#161=CONICAL_SURFACE('',#5353,10.0000000002249,0.785398163395068);
#162=CONICAL_SURFACE('',#5358,1.20000000004317,0.785398163423106);
#163=CONICAL_SURFACE('',#5359,8.25000000023038,0.785398163414535);
#164=CONICAL_SURFACE('',#5403,7.19802420983532,0.785398163395073);
#165=CONICAL_SURFACE('',#5404,7.19802420983532,0.785398163395073);
#166=CONICAL_SURFACE('',#5414,7.36214939703045,0.785398163407779);
#167=CONICAL_SURFACE('',#5416,7.0000000001574,0.785398163407757);
#168=CONICAL_SURFACE('',#5419,0.750000000027346,0.785398163409995);
#169=CONICAL_SURFACE('',#5422,0.800000000025523,0.785398163393173);
#170=CONICAL_SURFACE('',#5423,0.60000000001976,0.785398163393103);
#171=CONICAL_SURFACE('',#5425,0.200000000004285,0.785398163396037);
#172=CONICAL_SURFACE('',#5427,6.10250000013721,0.785398163395029);
#173=CONICAL_SURFACE('',#5429,0.60000000002093,0.78539816342168);
#174=CONICAL_SURFACE('',#5430,0.500000000017899,0.785398163422577);
#175=CONICAL_SURFACE('',#5434,7.20000000016199,0.785398163407893);
#176=CONICAL_SURFACE('',#5435,5.3000000001852,0.78539816342193);
#177=CONICAL_SURFACE('',#5436,5.70000000019917,0.785398163421883);
#178=CONICAL_SURFACE('',#5438,7.10000000015962,0.785398163395034);
#179=CONICAL_SURFACE('',#5441,0.750000000027348,0.785398163410075);
#180=CONICAL_SURFACE('',#5443,0.200000000004234,0.785398163405527);
#181=CONICAL_SURFACE('',#5444,0.600000000019691,0.785398163419793);
#182=CONICAL_SURFACE('',#5445,0.800000000025457,0.785398163418916);
#183=CONICAL_SURFACE('',#5448,0.500000000017836,0.785398163393426);
#184=CONICAL_SURFACE('',#5449,0.600000000020905,0.785398163393372);
#185=CONICAL_SURFACE('',#5451,7.20000000016193,0.785398163395039);
#186=(
BOUNDED_CURVE()
B_SPLINE_CURVE(3,(#6575,#6576,#6577,#6578),.UNSPECIFIED.,.F.,.F.)
B_SPLINE_CURVE_WITH_KNOTS((4,4),(4.71238898038469,5.49778714378213),
 .UNSPECIFIED.)
CURVE()
GEOMETRIC_REPRESENTATION_ITEM()
RATIONAL_B_SPLINE_CURVE((1.,0.949253021674192,0.949253021674192,1.))
REPRESENTATION_ITEM('')
);
#187=(
BOUNDED_CURVE()
B_SPLINE_CURVE(2,(#6815,#6816,#6817),.UNSPECIFIED.,.F.,.F.)
B_SPLINE_CURVE_WITH_KNOTS((3,3),(0.,0.0166773169592698),.UNSPECIFIED.)
CURVE()
GEOMETRIC_REPRESENTATION_ITEM()
RATIONAL_B_SPLINE_CURVE((1.,0.999912617705808,0.999957390283028))
REPRESENTATION_ITEM('')
);
#188=(
BOUNDED_CURVE()
B_SPLINE_CURVE(3,(#7221,#7222,#7223,#7224),.UNSPECIFIED.,.F.,.F.)
B_SPLINE_CURVE_WITH_KNOTS((4,4),(0.785398163397452,1.5707963267949),
 .UNSPECIFIED.)
CURVE()
GEOMETRIC_REPRESENTATION_ITEM()
RATIONAL_B_SPLINE_CURVE((1.,0.949253021674192,0.949253021674192,1.))
REPRESENTATION_ITEM('')
);
#189=(
BOUNDED_CURVE()
B_SPLINE_CURVE(2,(#7788,#7789,#7790,#7791,#7792),.UNSPECIFIED.,.F.,.F.)
B_SPLINE_CURVE_WITH_KNOTS((3,2,3),(0.,0.0145566390414642,0.0513387494070576),
 .UNSPECIFIED.)
CURVE()
GEOMETRIC_REPRESENTATION_ITEM()
RATIONAL_B_SPLINE_CURVE((1.,1.00002814262848,1.,0.999631470859764,0.998903700105654))
REPRESENTATION_ITEM('')
);
#190=(
BOUNDED_CURVE()
B_SPLINE_CURVE(3,(#9336,#9337,#9338,#9339),.UNSPECIFIED.,.F.,.F.)
B_SPLINE_CURVE_WITH_KNOTS((4,4),(0.021816889031197,0.281763434848621),
 .UNSPECIFIED.)
CURVE()
GEOMETRIC_REPRESENTATION_ITEM()
RATIONAL_B_SPLINE_CURVE((1.,0.994376905402798,0.994376905402798,1.))
REPRESENTATION_ITEM('')
);
#191=(
BOUNDED_CURVE()
B_SPLINE_CURVE(3,(#9415,#9416,#9417,#9418),.UNSPECIFIED.,.F.,.F.)
B_SPLINE_CURVE_WITH_KNOTS((4,4),(5.90903201647133,6.28318530717959),
 .UNSPECIFIED.)
CURVE()
GEOMETRIC_REPRESENTATION_ITEM()
RATIONAL_B_SPLINE_CURVE((1.,0.988368093171105,0.988368093171105,1.))
REPRESENTATION_ITEM('')
);
#192=(
BOUNDED_CURVE()
B_SPLINE_CURVE(3,(#9805,#9806,#9807,#9808),.UNSPECIFIED.,.F.,.F.)
B_SPLINE_CURVE_WITH_KNOTS((4,4),(5.49778714378213,6.28318530717959),
 .UNSPECIFIED.)
CURVE()
GEOMETRIC_REPRESENTATION_ITEM()
RATIONAL_B_SPLINE_CURVE((1.,0.949253021674191,0.949253021674191,1.))
REPRESENTATION_ITEM('')
);
#193=(
BOUNDED_CURVE()
B_SPLINE_CURVE(2,(#10465,#10466,#10467),.UNSPECIFIED.,.F.,.F.)
B_SPLINE_CURVE_WITH_KNOTS((3,3),(0.00541139593870052,0.0220910762494742),
 .UNSPECIFIED.)
CURVE()
GEOMETRIC_REPRESENTATION_ITEM()
RATIONAL_B_SPLINE_CURVE((0.999957124941129,0.999912485040325,1.))
REPRESENTATION_ITEM('')
);
#194=(
BOUNDED_CURVE()
B_SPLINE_CURVE(3,(#10481,#10482,#10483,#10484),.UNSPECIFIED.,.F.,.F.)
B_SPLINE_CURVE_WITH_KNOTS((4,4),(6.00142187233096,6.26136841814841),
 .UNSPECIFIED.)
CURVE()
GEOMETRIC_REPRESENTATION_ITEM()
RATIONAL_B_SPLINE_CURVE((1.,0.994376905402796,0.994376905402796,1.))
REPRESENTATION_ITEM('')
);
#195=(
BOUNDED_CURVE()
B_SPLINE_CURVE(3,(#10598,#10599,#10600,#10601),.UNSPECIFIED.,.F.,.F.)
B_SPLINE_CURVE_WITH_KNOTS((4,4),(-2.22044604925031E-14,0.37415329070826),
 .UNSPECIFIED.)
CURVE()
GEOMETRIC_REPRESENTATION_ITEM()
RATIONAL_B_SPLINE_CURVE((1.,0.988368093171104,0.988368093171104,1.))
REPRESENTATION_ITEM('')
);
#196=(
BOUNDED_CURVE()
B_SPLINE_CURVE(3,(#10603,#10604,#10605,#10606),.UNSPECIFIED.,.F.,.F.)
B_SPLINE_CURVE_WITH_KNOTS((4,4),(-8.88178419700125E-16,0.785398163397452),
 .UNSPECIFIED.)
CURVE()
GEOMETRIC_REPRESENTATION_ITEM()
RATIONAL_B_SPLINE_CURVE((1.,0.949253021674191,0.949253021674191,1.))
REPRESENTATION_ITEM('')
);
#197=(
BOUNDED_CURVE()
B_SPLINE_CURVE(2,(#11086,#11087,#11088),.UNSPECIFIED.,.F.,.F.)
B_SPLINE_CURVE_WITH_KNOTS((3,3),(0.466820441831036,0.508361337625668),
 .UNSPECIFIED.)
CURVE()
GEOMETRIC_REPRESENTATION_ITEM()
RATIONAL_B_SPLINE_CURVE((1.0345758634455,1.0327457703962,1.03031617410824))
REPRESENTATION_ITEM('')
);
#198=(
BOUNDED_CURVE()
B_SPLINE_CURVE(2,(#11090,#11091,#11092),.UNSPECIFIED.,.F.,.F.)
B_SPLINE_CURVE_WITH_KNOTS((3,3),(0.0298509327675888,0.0444151988165476),
 .UNSPECIFIED.)
CURVE()
GEOMETRIC_REPRESENTATION_ITEM()
RATIONAL_B_SPLINE_CURVE((1.00035182321671,1.0003780713985,1.00034618234184))
REPRESENTATION_ITEM('')
);
#199=(
BOUNDED_CURVE()
B_SPLINE_CURVE(2,(#11250,#11251,#11252),.UNSPECIFIED.,.F.,.F.)
B_SPLINE_CURVE_WITH_KNOTS((3,3),(0.0372307172001375,0.0721681752927684),
 .UNSPECIFIED.)
CURVE()
GEOMETRIC_REPRESENTATION_ITEM()
RATIONAL_B_SPLINE_CURVE((1.0097263673487,1.01398234985933,1.01766093411425))
REPRESENTATION_ITEM('')
);
#200=(
BOUNDED_CURVE()
B_SPLINE_CURVE(2,(#11311,#11312,#11313),.UNSPECIFIED.,.F.,.F.)
B_SPLINE_CURVE_WITH_KNOTS((3,3),(0.273663066297239,0.314092914337442),
 .UNSPECIFIED.)
CURVE()
GEOMETRIC_REPRESENTATION_ITEM()
RATIONAL_B_SPLINE_CURVE((1.01178789351199,1.01142841933083,1.01070544950107))
REPRESENTATION_ITEM('')
);
#201=(
BOUNDED_CURVE()
B_SPLINE_CURVE(2,(#11315,#11316,#11317),.UNSPECIFIED.,.F.,.F.)
B_SPLINE_CURVE_WITH_KNOTS((3,3),(0.,0.0145566390299867),.UNSPECIFIED.)
CURVE()
GEOMETRIC_REPRESENTATION_ITEM()
RATIONAL_B_SPLINE_CURVE((1.,1.00002814250698,1.))
REPRESENTATION_ITEM('')
);
#202=B_SPLINE_CURVE_WITH_KNOTS('',3,(#6425,#6426,#6427,#6428,#6429),
 .UNSPECIFIED.,.F.,.F.,(4,1,4),(0.,0.5,1.),.UNSPECIFIED.);
#203=B_SPLINE_CURVE_WITH_KNOTS('',3,(#6431,#6432,#6433,#6434),
 .UNSPECIFIED.,.F.,.F.,(4,4),(0.,1.),.UNSPECIFIED.);
#204=B_SPLINE_CURVE_WITH_KNOTS('',3,(#6452,#6453,#6454,#6455),
 .UNSPECIFIED.,.F.,.F.,(4,4),(0.,1.),.UNSPECIFIED.);
#205=B_SPLINE_CURVE_WITH_KNOTS('',3,(#6461,#6462,#6463,#6464),
 .UNSPECIFIED.,.F.,.F.,(4,4),(-0.0221541392928472,0.),.UNSPECIFIED.);
#206=B_SPLINE_CURVE_WITH_KNOTS('',3,(#6466,#6467,#6468,#6469),
 .UNSPECIFIED.,.F.,.F.,(4,4),(0.,1.),.UNSPECIFIED.);
#207=B_SPLINE_CURVE_WITH_KNOTS('',3,(#6473,#6474,#6475,#6476),
 .UNSPECIFIED.,.F.,.F.,(4,4),(-0.0769469580519915,-4.3781644976093E-13),
 .UNSPECIFIED.);
#208=B_SPLINE_CURVE_WITH_KNOTS('',3,(#6478,#6479,#6480,#6481,#6482),
 .UNSPECIFIED.,.F.,.F.,(4,1,4),(0.,0.5,1.),.UNSPECIFIED.);
#209=B_SPLINE_CURVE_WITH_KNOTS('',3,(#6484,#6485,#6486,#6487,#6488,#6489),
 .UNSPECIFIED.,.F.,.F.,(4,2,4),(0.35616212415511,0.39595580243723,0.443742296490673),
 .UNSPECIFIED.);
#210=B_SPLINE_CURVE_WITH_KNOTS('',3,(#6491,#6492,#6493,#6494),
 .UNSPECIFIED.,.F.,.F.,(4,4),(0.,1.),.UNSPECIFIED.);
#211=B_SPLINE_CURVE_WITH_KNOTS('',3,(#6498,#6499,#6500,#6501),
 .UNSPECIFIED.,.F.,.F.,(4,4),(0.,1.),.UNSPECIFIED.);
#212=B_SPLINE_CURVE_WITH_KNOTS('',3,(#6541,#6542,#6543,#6544),
 .UNSPECIFIED.,.F.,.F.,(4,4),(0.,0.999999531965227),.UNSPECIFIED.);
#213=B_SPLINE_CURVE_WITH_KNOTS('',3,(#6560,#6561,#6562,#6563),
 .UNSPECIFIED.,.F.,.F.,(4,4),(0.,1.),.UNSPECIFIED.);
#214=B_SPLINE_CURVE_WITH_KNOTS('',3,(#6597,#6598,#6599,#6600,#6601,#6602,
#6603,#6604,#6605,#6606),.UNSPECIFIED.,.F.,.F.,(4,2,2,2,4),(-0.000313494203713369,
2.5143056690477E-11,0.0110700631555207,0.0215130830189089,0.0335579194815396),
 .UNSPECIFIED.);
#215=B_SPLINE_CURVE_WITH_KNOTS('',3,(#6608,#6609,#6610,#6611),
 .UNSPECIFIED.,.F.,.F.,(4,4),(0.,1.),.UNSPECIFIED.);
#216=B_SPLINE_CURVE_WITH_KNOTS('',3,(#6623,#6624,#6625,#6626),
 .UNSPECIFIED.,.F.,.F.,(4,4),(0.,1.),.UNSPECIFIED.);
#217=B_SPLINE_CURVE_WITH_KNOTS('',3,(#6630,#6631,#6632,#6633),
 .UNSPECIFIED.,.F.,.F.,(4,4),(0.095690275277027,0.0974541722459836),
 .UNSPECIFIED.);
#218=B_SPLINE_CURVE_WITH_KNOTS('',3,(#6635,#6636,#6637,#6638),
 .UNSPECIFIED.,.F.,.F.,(4,4),(0.,1.),.UNSPECIFIED.);
#219=B_SPLINE_CURVE_WITH_KNOTS('',3,(#6654,#6655,#6656,#6657),
 .UNSPECIFIED.,.F.,.F.,(4,4),(0.,0.00261877650427573),.UNSPECIFIED.);
#220=B_SPLINE_CURVE_WITH_KNOTS('',2,(#6664,#6665,#6666),.UNSPECIFIED.,.F.,
 .F.,(3,3),(0.,0.0126222953147311),.UNSPECIFIED.);
#221=B_SPLINE_CURVE_WITH_KNOTS('',3,(#6668,#6669,#6670,#6671),
 .UNSPECIFIED.,.F.,.F.,(4,4),(0.,1.),.UNSPECIFIED.);
#222=B_SPLINE_CURVE_WITH_KNOTS('',3,(#6692,#6693,#6694,#6695,#6696),
 .UNSPECIFIED.,.F.,.F.,(4,1,4),(0.,0.5,1.),.UNSPECIFIED.);
#223=B_SPLINE_CURVE_WITH_KNOTS('',3,(#6698,#6699,#6700,#6701),
 .UNSPECIFIED.,.F.,.F.,(4,4),(-0.0802041522714086,-0.0750198518771683),
 .UNSPECIFIED.);
#224=B_SPLINE_CURVE_WITH_KNOTS('',3,(#6703,#6704,#6705,#6706,#6707,#6708),
 .UNSPECIFIED.,.F.,.F.,(4,1,1,4),(-0.0750083340855262,-0.0744752842520223,
-0.068746416232636,-0.066499764076859),.UNSPECIFIED.);
#225=B_SPLINE_CURVE_WITH_KNOTS('',3,(#6710,#6711,#6712,#6713,#6714,#6715),
 .UNSPECIFIED.,.F.,.F.,(4,1,1,4),(-0.0664945588736893,-0.0572886801938634,
-0.0343732081163181,-1.38777878078145E-16),.UNSPECIFIED.);
#226=B_SPLINE_CURVE_WITH_KNOTS('',3,(#6731,#6732,#6733,#6734),
 .UNSPECIFIED.,.F.,.F.,(4,4),(0.,1.),.UNSPECIFIED.);
#227=B_SPLINE_CURVE_WITH_KNOTS('',3,(#6749,#6750,#6751,#6752),
 .UNSPECIFIED.,.F.,.F.,(4,4),(0.,1.),.UNSPECIFIED.);
#228=B_SPLINE_CURVE_WITH_KNOTS('',3,(#6754,#6755,#6756,#6757,#6758),
 .UNSPECIFIED.,.F.,.F.,(4,1,4),(0.,0.5,1.),.UNSPECIFIED.);
#229=B_SPLINE_CURVE_WITH_KNOTS('',3,(#6762,#6763,#6764,#6765),
 .UNSPECIFIED.,.F.,.F.,(4,4),(0.,1.),.UNSPECIFIED.);
#230=B_SPLINE_CURVE_WITH_KNOTS('',3,(#6767,#6768,#6769,#6770),
 .UNSPECIFIED.,.F.,.F.,(4,4),(0.,1.),.UNSPECIFIED.);
#231=B_SPLINE_CURVE_WITH_KNOTS('',3,(#6810,#6811,#6812,#6813),
 .UNSPECIFIED.,.F.,.F.,(4,4),(-0.0180904829516727,-0.0156851897611411),
 .UNSPECIFIED.);
#232=B_SPLINE_CURVE_WITH_KNOTS('',3,(#6839,#6840,#6841,#6842),
 .UNSPECIFIED.,.F.,.F.,(4,4),(0.,1.),.UNSPECIFIED.);
#233=B_SPLINE_CURVE_WITH_KNOTS('',3,(#6862,#6863,#6864,#6865,#6866,#6867,
#6868,#6869),.UNSPECIFIED.,.F.,.F.,(4,2,2,4),(-0.0358631423033502,-0.0302572636022555,
-0.0241936929294432,-0.0207406393261578),.UNSPECIFIED.);
#234=B_SPLINE_CURVE_WITH_KNOTS('',3,(#6881,#6882,#6883,#6884),
 .UNSPECIFIED.,.F.,.F.,(4,4),(0.,1.),.UNSPECIFIED.);
#235=B_SPLINE_CURVE_WITH_KNOTS('',3,(#6907,#6908,#6909,#6910),
 .UNSPECIFIED.,.F.,.F.,(4,4),(0.,0.999997823767224),.UNSPECIFIED.);
#236=B_SPLINE_CURVE_WITH_KNOTS('',3,(#6948,#6949,#6950,#6951),
 .UNSPECIFIED.,.F.,.F.,(4,4),(0.,1.),.UNSPECIFIED.);
#237=B_SPLINE_CURVE_WITH_KNOTS('',3,(#6952,#6953,#6954,#6955),
 .UNSPECIFIED.,.F.,.F.,(4,4),(0.,1.),.UNSPECIFIED.);
#238=B_SPLINE_CURVE_WITH_KNOTS('',3,(#6996,#6997,#6998,#6999,#7000,#7001,
#7002,#7003),.UNSPECIFIED.,.F.,.F.,(4,1,1,1,1,4),(0.,0.25,0.5,0.625,0.75,
1.),.UNSPECIFIED.);
#239=B_SPLINE_CURVE_WITH_KNOTS('',3,(#7007,#7008,#7009,#7010,#7011),
 .UNSPECIFIED.,.F.,.F.,(4,1,4),(0.,0.5,1.),.UNSPECIFIED.);
#240=B_SPLINE_CURVE_WITH_KNOTS('',3,(#7033,#7034,#7035,#7036,#7037,#7038,
#7039,#7040,#7041,#7042,#7043),.UNSPECIFIED.,.F.,.F.,(4,1,1,1,1,1,1,1,4),
(0.,0.125,0.1875,0.25,0.375,0.5,0.625,0.75,1.),.UNSPECIFIED.);
#241=B_SPLINE_CURVE_WITH_KNOTS('',3,(#7087,#7088,#7089,#7090),
 .UNSPECIFIED.,.F.,.F.,(4,4),(0.,1.),.UNSPECIFIED.);
#242=B_SPLINE_CURVE_WITH_KNOTS('',3,(#7092,#7093,#7094,#7095),
 .UNSPECIFIED.,.F.,.F.,(4,4),(0.,1.),.UNSPECIFIED.);
#243=B_SPLINE_CURVE_WITH_KNOTS('',3,(#7117,#7118,#7119,#7120,#7121,#7122),
 .UNSPECIFIED.,.F.,.F.,(4,2,4),(0.140104700500607,0.155025740394068,0.161026189211217),
 .UNSPECIFIED.);
#244=B_SPLINE_CURVE_WITH_KNOTS('',3,(#7140,#7141,#7142,#7143),
 .UNSPECIFIED.,.F.,.F.,(4,4),(0.,1.),.UNSPECIFIED.);
#245=B_SPLINE_CURVE_WITH_KNOTS('',3,(#7155,#7156,#7157,#7158),
 .UNSPECIFIED.,.F.,.F.,(4,4),(0.073212250184188,0.0758261311714246),
 .UNSPECIFIED.);
#246=B_SPLINE_CURVE_WITH_KNOTS('',3,(#7190,#7191,#7192,#7193,#7194,#7195,
#7196,#7197),.UNSPECIFIED.,.F.,.F.,(4,2,2,4),(-0.0556339527100746,-0.0521659600964237,
-0.0460761564844392,-0.0404460249655083),.UNSPECIFIED.);
#247=B_SPLINE_CURVE_WITH_KNOTS('',3,(#7203,#7204,#7205,#7206),
 .UNSPECIFIED.,.F.,.F.,(4,4),(0.,1.),.UNSPECIFIED.);
#248=B_SPLINE_CURVE_WITH_KNOTS('',3,(#7236,#7237,#7238,#7239),
 .UNSPECIFIED.,.F.,.F.,(4,4),(0.,1.),.UNSPECIFIED.);
#249=B_SPLINE_CURVE_WITH_KNOTS('',3,(#7255,#7256,#7257,#7258),
 .UNSPECIFIED.,.F.,.F.,(4,4),(0.,1.),.UNSPECIFIED.);
#250=B_SPLINE_CURVE_WITH_KNOTS('',3,(#7260,#7261,#7262,#7263),
 .UNSPECIFIED.,.F.,.F.,(4,4),(0.,1.),.UNSPECIFIED.);
#251=B_SPLINE_CURVE_WITH_KNOTS('',3,(#7267,#7268,#7269,#7270),
 .UNSPECIFIED.,.F.,.F.,(4,4),(0.,1.),.UNSPECIFIED.);
#252=B_SPLINE_CURVE_WITH_KNOTS('',3,(#7274,#7275,#7276,#7277),
 .UNSPECIFIED.,.F.,.F.,(4,4),(0.,1.),.UNSPECIFIED.);
#253=B_SPLINE_CURVE_WITH_KNOTS('',3,(#7282,#7283,#7284,#7285),
 .UNSPECIFIED.,.F.,.F.,(4,4),(0.,1.),.UNSPECIFIED.);
#254=B_SPLINE_CURVE_WITH_KNOTS('',3,(#7299,#7300,#7301,#7302),
 .UNSPECIFIED.,.F.,.F.,(4,4),(0.,1.),.UNSPECIFIED.);
#255=B_SPLINE_CURVE_WITH_KNOTS('',3,(#7304,#7305,#7306,#7307,#7308,#7309,
#7310,#7311,#7312,#7313),.UNSPECIFIED.,.F.,.F.,(4,2,2,2,4),(0.107257447748255,
0.119739334065064,0.130561281473267,0.142033024567669,0.14235789401174),
 .UNSPECIFIED.);
#256=B_SPLINE_CURVE_WITH_KNOTS('',3,(#7331,#7332,#7333,#7334,#7335,#7336),
 .UNSPECIFIED.,.F.,.F.,(4,1,1,4),(-0.0801055967326757,-0.0457746267043861,
-0.0228873133521931,-0.0137166988963779),.UNSPECIFIED.);
#257=B_SPLINE_CURVE_WITH_KNOTS('',3,(#7338,#7339,#7340,#7341,#7342,#7343),
 .UNSPECIFIED.,.F.,.F.,(4,1,1,4),(-0.0137060536243174,-0.0114436566760965,
-0.00572182833804826,-0.00520051846859828),.UNSPECIFIED.);
#258=B_SPLINE_CURVE_WITH_KNOTS('',3,(#7345,#7346,#7347,#7348),
 .UNSPECIFIED.,.F.,.F.,(4,4),(-0.00518395173773904,0.),.UNSPECIFIED.);
#259=B_SPLINE_CURVE_WITH_KNOTS('',3,(#7350,#7351,#7352,#7353,#7354),
 .UNSPECIFIED.,.F.,.F.,(4,1,4),(0.,0.5,1.),.UNSPECIFIED.);
#260=B_SPLINE_CURVE_WITH_KNOTS('',3,(#7372,#7373,#7374,#7375),
 .UNSPECIFIED.,.F.,.F.,(4,4),(0.,1.),.UNSPECIFIED.);
#261=B_SPLINE_CURVE_WITH_KNOTS('',3,(#7376,#7377,#7378,#7379),
 .UNSPECIFIED.,.F.,.F.,(4,4),(1.12478958809458E-6,1.),.UNSPECIFIED.);
#262=B_SPLINE_CURVE_WITH_KNOTS('',3,(#7393,#7394,#7395,#7396),
 .UNSPECIFIED.,.F.,.F.,(4,4),(0.,1.),.UNSPECIFIED.);
#263=B_SPLINE_CURVE_WITH_KNOTS('',3,(#7400,#7401,#7402,#7403),
 .UNSPECIFIED.,.F.,.F.,(4,4),(0.,1.),.UNSPECIFIED.);
#264=B_SPLINE_CURVE_WITH_KNOTS('',3,(#7415,#7416,#7417,#7418),
 .UNSPECIFIED.,.F.,.F.,(4,4),(0.,1.),.UNSPECIFIED.);
#265=B_SPLINE_CURVE_WITH_KNOTS('',3,(#7420,#7421,#7422,#7423),
 .UNSPECIFIED.,.F.,.F.,(4,4),(0.,1.),.UNSPECIFIED.);
#266=B_SPLINE_CURVE_WITH_KNOTS('',3,(#7427,#7428,#7429,#7430),
 .UNSPECIFIED.,.F.,.F.,(4,4),(0.,1.),.UNSPECIFIED.);
#267=B_SPLINE_CURVE_WITH_KNOTS('',3,(#7432,#7433,#7434,#7435),
 .UNSPECIFIED.,.F.,.F.,(4,4),(0.,1.),.UNSPECIFIED.);
#268=B_SPLINE_CURVE_WITH_KNOTS('',3,(#7487,#7488,#7489,#7490),
 .UNSPECIFIED.,.F.,.F.,(4,4),(1.34192204070736E-6,1.),.UNSPECIFIED.);
#269=B_SPLINE_CURVE_WITH_KNOTS('',3,(#7510,#7511,#7512,#7513),
 .UNSPECIFIED.,.F.,.F.,(4,4),(0.,1.),.UNSPECIFIED.);
#270=B_SPLINE_CURVE_WITH_KNOTS('',3,(#7547,#7548,#7549,#7550),
 .UNSPECIFIED.,.F.,.F.,(4,4),(0.,1.),.UNSPECIFIED.);
#271=B_SPLINE_CURVE_WITH_KNOTS('',3,(#7568,#7569,#7570,#7571),
 .UNSPECIFIED.,.F.,.F.,(4,4),(0.,1.),.UNSPECIFIED.);
#272=B_SPLINE_CURVE_WITH_KNOTS('',3,(#7578,#7579,#7580,#7581),
 .UNSPECIFIED.,.F.,.F.,(4,4),(0.,1.),.UNSPECIFIED.);
#273=B_SPLINE_CURVE_WITH_KNOTS('',3,(#7583,#7584,#7585,#7586),
 .UNSPECIFIED.,.F.,.F.,(4,4),(0.,1.),.UNSPECIFIED.);
#274=B_SPLINE_CURVE_WITH_KNOTS('',3,(#7600,#7601,#7602,#7603),
 .UNSPECIFIED.,.F.,.F.,(4,4),(0.,1.),.UNSPECIFIED.);
#275=B_SPLINE_CURVE_WITH_KNOTS('',3,(#7648,#7649,#7650,#7651),
 .UNSPECIFIED.,.F.,.F.,(4,4),(0.,1.),.UNSPECIFIED.);
#276=B_SPLINE_CURVE_WITH_KNOTS('',3,(#7704,#7705,#7706,#7707,#7708,#7709,
#7710,#7711),.UNSPECIFIED.,.F.,.F.,(4,1,1,1,1,4),(0.,0.25,0.5,0.625,0.75,
1.),.UNSPECIFIED.);
#277=B_SPLINE_CURVE_WITH_KNOTS('',3,(#7715,#7716,#7717,#7718,#7719),
 .UNSPECIFIED.,.F.,.F.,(4,1,4),(0.,0.5,1.),.UNSPECIFIED.);
#278=B_SPLINE_CURVE_WITH_KNOTS('',3,(#7754,#7755,#7756,#7757,#7758,#7759,
#7760,#7761,#7762,#7763),.UNSPECIFIED.,.F.,.F.,(4,1,1,1,1,1,1,4),(0.,0.125,
0.25,0.375,0.5,0.625,0.75,1.),.UNSPECIFIED.);
#279=B_SPLINE_CURVE_WITH_KNOTS('',3,(#7769,#7770,#7771,#7772),
 .UNSPECIFIED.,.F.,.F.,(4,4),(0.,1.),.UNSPECIFIED.);
#280=B_SPLINE_CURVE_WITH_KNOTS('',3,(#7774,#7775,#7776,#7777),
 .UNSPECIFIED.,.F.,.F.,(4,4),(-1.97741315079078,-1.9614656090713),
 .UNSPECIFIED.);
#281=B_SPLINE_CURVE_WITH_KNOTS('',3,(#7783,#7784,#7785,#7786),
 .UNSPECIFIED.,.F.,.F.,(4,4),(0.,1.),.UNSPECIFIED.);
#282=B_SPLINE_CURVE_WITH_KNOTS('',3,(#7827,#7828,#7829,#7830,#7831,#7832),
 .UNSPECIFIED.,.F.,.F.,(4,1,1,4),(0.,0.249999937242759,0.499999874485517,
0.999999748971035),.UNSPECIFIED.);
#283=B_SPLINE_CURVE_WITH_KNOTS('',3,(#7834,#7835,#7836,#7837,#7838,#7839),
 .UNSPECIFIED.,.F.,.F.,(4,1,1,4),(2.84616085738533E-7,0.500000142308043,
0.750000071154021,1.),.UNSPECIFIED.);
#284=B_SPLINE_CURVE_WITH_KNOTS('',3,(#7870,#7871,#7872,#7873),
 .UNSPECIFIED.,.F.,.F.,(4,4),(4.57318157298067E-7,1.),.UNSPECIFIED.);
#285=B_SPLINE_CURVE_WITH_KNOTS('',3,(#7877,#7878,#7879,#7880),
 .UNSPECIFIED.,.F.,.F.,(4,4),(0.,1.),.UNSPECIFIED.);
#286=B_SPLINE_CURVE_WITH_KNOTS('',3,(#7886,#7887,#7888,#7889),
 .UNSPECIFIED.,.F.,.F.,(4,4),(0.,1.),.UNSPECIFIED.);
#287=B_SPLINE_CURVE_WITH_KNOTS('',3,(#7891,#7892,#7893,#7894),
 .UNSPECIFIED.,.F.,.F.,(4,4),(0.,1.),.UNSPECIFIED.);
#288=B_SPLINE_CURVE_WITH_KNOTS('',3,(#7896,#7897,#7898,#7899),
 .UNSPECIFIED.,.F.,.F.,(4,4),(0.,1.),.UNSPECIFIED.);
#289=B_SPLINE_CURVE_WITH_KNOTS('',3,(#7902,#7903,#7904,#7905,#7906),
 .UNSPECIFIED.,.F.,.F.,(4,1,4),(0.,0.5,1.),.UNSPECIFIED.);
#290=B_SPLINE_CURVE_WITH_KNOTS('',3,(#7962,#7963,#7964,#7965),
 .UNSPECIFIED.,.F.,.F.,(4,4),(0.,1.),.UNSPECIFIED.);
#291=B_SPLINE_CURVE_WITH_KNOTS('',3,(#7968,#7969,#7970,#7971,#7972,#7973),
 .UNSPECIFIED.,.F.,.F.,(4,1,1,4),(0.,0.5,0.75,1.),.UNSPECIFIED.);
#292=B_SPLINE_CURVE_WITH_KNOTS('',3,(#7975,#7976,#7977,#7978),
 .UNSPECIFIED.,.F.,.F.,(4,4),(1.24957567145959,1.26250837134282),
 .UNSPECIFIED.);
#293=B_SPLINE_CURVE_WITH_KNOTS('',3,(#7980,#7981,#7982,#7983),
 .UNSPECIFIED.,.F.,.F.,(4,4),(0.,1.),.UNSPECIFIED.);
#294=B_SPLINE_CURVE_WITH_KNOTS('',3,(#8012,#8013,#8014,#8015,#8016),
 .UNSPECIFIED.,.F.,.F.,(4,1,4),(0.,0.5,1.),.UNSPECIFIED.);
#295=B_SPLINE_CURVE_WITH_KNOTS('',3,(#8018,#8019,#8020,#8021),
 .UNSPECIFIED.,.F.,.F.,(4,4),(0.,1.),.UNSPECIFIED.);
#296=B_SPLINE_CURVE_WITH_KNOTS('',3,(#8038,#8039,#8040,#8041,#8042,#8043,
#8044,#8045,#8046),.UNSPECIFIED.,.F.,.F.,(4,1,1,1,1,1,4),(0.,0.25,0.5,0.75,
0.875,0.9375,1.),.UNSPECIFIED.);
#297=B_SPLINE_CURVE_WITH_KNOTS('',3,(#8047,#8048,#8049,#8050),
 .UNSPECIFIED.,.F.,.F.,(4,4),(0.,1.),.UNSPECIFIED.);
#298=B_SPLINE_CURVE_WITH_KNOTS('',3,(#8052,#8053,#8054,#8055,#8056,#8057,
#8058,#8059,#8060),.UNSPECIFIED.,.F.,.F.,(4,1,1,1,1,1,4),(0.,0.25,0.375,
0.5,0.625,0.75,1.),.UNSPECIFIED.);
#299=B_SPLINE_CURVE_WITH_KNOTS('',3,(#8062,#8063,#8064,#8065),
 .UNSPECIFIED.,.F.,.F.,(4,4),(0.,1.),.UNSPECIFIED.);
#300=B_SPLINE_CURVE_WITH_KNOTS('',3,(#8066,#8067,#8068,#8069),
 .UNSPECIFIED.,.F.,.F.,(4,4),(0.,1.),.UNSPECIFIED.);
#301=B_SPLINE_CURVE_WITH_KNOTS('',3,(#8071,#8072,#8073,#8074),
 .UNSPECIFIED.,.F.,.F.,(4,4),(1.16958533005305E-7,1.),.UNSPECIFIED.);
#302=B_SPLINE_CURVE_WITH_KNOTS('',3,(#8091,#8092,#8093,#8094),
 .UNSPECIFIED.,.F.,.F.,(4,4),(0.,1.),.UNSPECIFIED.);
#303=B_SPLINE_CURVE_WITH_KNOTS('',3,(#8097,#8098,#8099,#8100),
 .UNSPECIFIED.,.F.,.F.,(4,4),(0.,1.),.UNSPECIFIED.);
#304=B_SPLINE_CURVE_WITH_KNOTS('',3,(#8101,#8102,#8103,#8104),
 .UNSPECIFIED.,.F.,.F.,(4,4),(0.,0.99999964977608),.UNSPECIFIED.);
#305=B_SPLINE_CURVE_WITH_KNOTS('',3,(#8106,#8107,#8108,#8109),
 .UNSPECIFIED.,.F.,.F.,(4,4),(0.,1.),.UNSPECIFIED.);
#306=B_SPLINE_CURVE_WITH_KNOTS('',3,(#8118,#8119,#8120,#8121),
 .UNSPECIFIED.,.F.,.F.,(4,4),(0.,0.10685589272291),.UNSPECIFIED.);
#307=B_SPLINE_CURVE_WITH_KNOTS('',3,(#8161,#8162,#8163,#8164,#8165),
 .UNSPECIFIED.,.F.,.F.,(4,1,4),(0.,0.5,1.),.UNSPECIFIED.);
#308=B_SPLINE_CURVE_WITH_KNOTS('',3,(#8168,#8169,#8170,#8171),
 .UNSPECIFIED.,.F.,.F.,(4,4),(0.,1.),.UNSPECIFIED.);
#309=B_SPLINE_CURVE_WITH_KNOTS('',3,(#8172,#8173,#8174,#8175),
 .UNSPECIFIED.,.F.,.F.,(4,4),(0.,1.),.UNSPECIFIED.);
#310=B_SPLINE_CURVE_WITH_KNOTS('',3,(#8201,#8202,#8203,#8204),
 .UNSPECIFIED.,.F.,.F.,(4,4),(0.,1.),.UNSPECIFIED.);
#311=B_SPLINE_CURVE_WITH_KNOTS('',3,(#8207,#8208,#8209,#8210,#8211,#8212,
#8213,#8214),.UNSPECIFIED.,.F.,.F.,(4,2,2,4),(0.0944888000596264,0.108808332282959,
0.123608153764918,0.130372009360586),.UNSPECIFIED.);
#312=B_SPLINE_CURVE_WITH_KNOTS('',3,(#8216,#8217,#8218,#8219),
 .UNSPECIFIED.,.F.,.F.,(4,4),(-0.187856470015407,-0.177208533903726),
 .UNSPECIFIED.);
#313=B_SPLINE_CURVE_WITH_KNOTS('',3,(#8221,#8222,#8223,#8224),
 .UNSPECIFIED.,.F.,.F.,(4,4),(0.,1.),.UNSPECIFIED.);
#314=B_SPLINE_CURVE_WITH_KNOTS('',3,(#8226,#8227,#8228,#8229,#8230,#8231,
#8232,#8233,#8234,#8235,#8236,#8237,#8238,#8239),.UNSPECIFIED.,.F.,.F.,
(4,2,2,2,2,2,4),(-0.248199377022787,-0.243564504663782,-0.21873911539155,
-0.205848114543893,-0.196943531569685,-0.188232552332367,-0.184230848811659),
 .UNSPECIFIED.);
#315=B_SPLINE_CURVE_WITH_KNOTS('',3,(#8241,#8242,#8243,#8244),
 .UNSPECIFIED.,.F.,.F.,(4,4),(-0.178659300209584,-0.148905470399374),
 .UNSPECIFIED.);
#316=B_SPLINE_CURVE_WITH_KNOTS('',3,(#8245,#8246,#8247,#8248,#8249,#8250,
#8251,#8252,#8253,#8254,#8255),.UNSPECIFIED.,.F.,.F.,(4,2,3,2,4),(0.104158746153181,
0.144137985678161,0.180530868768441,0.224420024847578,0.230973141078501),
 .UNSPECIFIED.);
#317=B_SPLINE_CURVE_WITH_KNOTS('',3,(#8301,#8302,#8303,#8304,#8305,#8306),
 .UNSPECIFIED.,.F.,.F.,(4,1,1,4),(0.,0.5,0.75,1.),.UNSPECIFIED.);
#318=B_SPLINE_CURVE_WITH_KNOTS('',3,(#8309,#8310,#8311,#8312),
 .UNSPECIFIED.,.F.,.F.,(4,4),(0.,1.),.UNSPECIFIED.);
#319=B_SPLINE_CURVE_WITH_KNOTS('',3,(#8352,#8353,#8354,#8355),
 .UNSPECIFIED.,.F.,.F.,(4,4),(0.,1.),.UNSPECIFIED.);
#320=B_SPLINE_CURVE_WITH_KNOTS('',3,(#8356,#8357,#8358,#8359),
 .UNSPECIFIED.,.F.,.F.,(4,4),(2.3794603541715E-7,1.),.UNSPECIFIED.);
#321=B_SPLINE_CURVE_WITH_KNOTS('',3,(#8374,#8375,#8376,#8377),
 .UNSPECIFIED.,.F.,.F.,(4,4),(2.4923460738179E-14,0.115751654046432),
 .UNSPECIFIED.);
#322=B_SPLINE_CURVE_WITH_KNOTS('',3,(#8380,#8381,#8382,#8383),
 .UNSPECIFIED.,.F.,.F.,(4,4),(0.,1.),.UNSPECIFIED.);
#323=B_SPLINE_CURVE_WITH_KNOTS('',3,(#8384,#8385,#8386,#8387,#8388,#8389,
#8390,#8391,#8392,#8393,#8394),.UNSPECIFIED.,.F.,.F.,(4,1,1,1,1,1,1,1,4),
(0.,0.25,0.5,0.625,0.6875,0.75,0.8125,0.875,1.),.UNSPECIFIED.);
#324=B_SPLINE_CURVE_WITH_KNOTS('',3,(#8411,#8412,#8413,#8414),
 .UNSPECIFIED.,.F.,.F.,(4,4),(0.,1.),.UNSPECIFIED.);
#325=B_SPLINE_CURVE_WITH_KNOTS('',3,(#8417,#8418,#8419,#8420),
 .UNSPECIFIED.,.F.,.F.,(4,4),(0.,1.),.UNSPECIFIED.);
#326=B_SPLINE_CURVE_WITH_KNOTS('',3,(#8422,#8423,#8424,#8425,#8426,#8427,
#8428,#8429),.UNSPECIFIED.,.F.,.F.,(4,1,1,1,1,4),(0.,0.25,0.5,0.625,0.75,
1.),.UNSPECIFIED.);
#327=B_SPLINE_CURVE_WITH_KNOTS('',3,(#8431,#8432,#8433,#8434),
 .UNSPECIFIED.,.F.,.F.,(4,4),(0.,1.),.UNSPECIFIED.);
#328=B_SPLINE_CURVE_WITH_KNOTS('',3,(#8455,#8456,#8457,#8458,#8459,#8460),
 .UNSPECIFIED.,.F.,.F.,(4,1,1,4),(0.,0.5,0.75,1.),.UNSPECIFIED.);
#329=B_SPLINE_CURVE_WITH_KNOTS('',3,(#8462,#8463,#8464,#8465,#8466),
 .UNSPECIFIED.,.F.,.F.,(4,1,4),(0.,0.5,1.),.UNSPECIFIED.);
#330=B_SPLINE_CURVE_WITH_KNOTS('',3,(#8468,#8469,#8470,#8471),
 .UNSPECIFIED.,.F.,.F.,(4,4),(-0.0895884031241106,-0.00229322094504975),
 .UNSPECIFIED.);
#331=B_SPLINE_CURVE_WITH_KNOTS('',3,(#8507,#8508,#8509,#8510),
 .UNSPECIFIED.,.F.,.F.,(4,4),(0.,1.),.UNSPECIFIED.);
#332=B_SPLINE_CURVE_WITH_KNOTS('',3,(#8511,#8512,#8513,#8514),
 .UNSPECIFIED.,.F.,.F.,(4,4),(0.,1.),.UNSPECIFIED.);
#333=B_SPLINE_CURVE_WITH_KNOTS('',3,(#8516,#8517,#8518,#8519),
 .UNSPECIFIED.,.F.,.F.,(4,4),(0.,1.),.UNSPECIFIED.);
#334=B_SPLINE_CURVE_WITH_KNOTS('',3,(#8532,#8533,#8534,#8535),
 .UNSPECIFIED.,.F.,.F.,(4,4),(0.,1.),.UNSPECIFIED.);
#335=B_SPLINE_CURVE_WITH_KNOTS('',3,(#8538,#8539,#8540,#8541),
 .UNSPECIFIED.,.F.,.F.,(4,4),(0.,1.),.UNSPECIFIED.);
#336=B_SPLINE_CURVE_WITH_KNOTS('',3,(#8543,#8544,#8545,#8546),
 .UNSPECIFIED.,.F.,.F.,(4,4),(0.,1.),.UNSPECIFIED.);
#337=B_SPLINE_CURVE_WITH_KNOTS('',3,(#8548,#8549,#8550,#8551),
 .UNSPECIFIED.,.F.,.F.,(4,4),(0.,0.106434298719663),.UNSPECIFIED.);
#338=B_SPLINE_CURVE_WITH_KNOTS('',3,(#8553,#8554,#8555,#8556),
 .UNSPECIFIED.,.F.,.F.,(4,4),(0.,0.999997089495086),.UNSPECIFIED.);
#339=B_SPLINE_CURVE_WITH_KNOTS('',3,(#8557,#8558,#8559,#8560),
 .UNSPECIFIED.,.F.,.F.,(4,4),(-0.247038645741094,-0.231988089401369),
 .UNSPECIFIED.);
#340=B_SPLINE_CURVE_WITH_KNOTS('',3,(#8562,#8563,#8564,#8565,#8566,#8567,
#8568),.UNSPECIFIED.,.F.,.F.,(4,1,1,1,4),(0.,0.125,0.25,0.5,1.),
 .UNSPECIFIED.);
#341=B_SPLINE_CURVE_WITH_KNOTS('',3,(#8569,#8570,#8571,#8572,#8573,#8574),
 .UNSPECIFIED.,.F.,.F.,(4,1,1,4),(0.,0.25,0.5,1.),.UNSPECIFIED.);
#342=B_SPLINE_CURVE_WITH_KNOTS('',3,(#8615,#8616,#8617,#8618),
 .UNSPECIFIED.,.F.,.F.,(4,4),(0.,1.),.UNSPECIFIED.);
#343=B_SPLINE_CURVE_WITH_KNOTS('',3,(#8621,#8622,#8623,#8624),
 .UNSPECIFIED.,.F.,.F.,(4,4),(0.,1.),.UNSPECIFIED.);
#344=B_SPLINE_CURVE_WITH_KNOTS('',3,(#8625,#8626,#8627,#8628),
 .UNSPECIFIED.,.F.,.F.,(4,4),(0.,1.),.UNSPECIFIED.);
#345=B_SPLINE_CURVE_WITH_KNOTS('',3,(#8629,#8630,#8631,#8632,#8633),
 .UNSPECIFIED.,.F.,.F.,(4,1,4),(0.,0.5,1.),.UNSPECIFIED.);
#346=B_SPLINE_CURVE_WITH_KNOTS('',3,(#8642,#8643,#8644,#8645),
 .UNSPECIFIED.,.F.,.F.,(4,4),(0.,1.),.UNSPECIFIED.);
#347=B_SPLINE_CURVE_WITH_KNOTS('',3,(#8647,#8648,#8649,#8650),
 .UNSPECIFIED.,.F.,.F.,(4,4),(0.,1.),.UNSPECIFIED.);
#348=B_SPLINE_CURVE_WITH_KNOTS('',3,(#8651,#8652,#8653,#8654),
 .UNSPECIFIED.,.F.,.F.,(4,4),(0.,1.),.UNSPECIFIED.);
#349=B_SPLINE_CURVE_WITH_KNOTS('',3,(#8732,#8733,#8734,#8735),
 .UNSPECIFIED.,.F.,.F.,(4,4),(0.,1.),.UNSPECIFIED.);
#350=B_SPLINE_CURVE_WITH_KNOTS('',3,(#8737,#8738,#8739,#8740),
 .UNSPECIFIED.,.F.,.F.,(4,4),(0.,1.),.UNSPECIFIED.);
#351=B_SPLINE_CURVE_WITH_KNOTS('',3,(#8741,#8742,#8743,#8744),
 .UNSPECIFIED.,.F.,.F.,(4,4),(0.0614701749032677,0.0795701102198327),
 .UNSPECIFIED.);
#352=B_SPLINE_CURVE_WITH_KNOTS('',3,(#8753,#8754,#8755,#8756),
 .UNSPECIFIED.,.F.,.F.,(4,4),(0.,1.),.UNSPECIFIED.);
#353=B_SPLINE_CURVE_WITH_KNOTS('',3,(#8787,#8788,#8789,#8790,#8791,#8792),
 .UNSPECIFIED.,.F.,.F.,(4,1,1,4),(0.,0.25,0.5,1.),.UNSPECIFIED.);
#354=B_SPLINE_CURVE_WITH_KNOTS('',3,(#8823,#8824,#8825,#8826),
 .UNSPECIFIED.,.F.,.F.,(4,4),(0.,1.),.UNSPECIFIED.);
#355=B_SPLINE_CURVE_WITH_KNOTS('',3,(#8828,#8829,#8830,#8831),
 .UNSPECIFIED.,.F.,.F.,(4,4),(0.,1.),.UNSPECIFIED.);
#356=B_SPLINE_CURVE_WITH_KNOTS('',3,(#8832,#8833,#8834,#8835),
 .UNSPECIFIED.,.F.,.F.,(4,4),(0.,1.),.UNSPECIFIED.);
#357=B_SPLINE_CURVE_WITH_KNOTS('',3,(#8856,#8857,#8858,#8859),
 .UNSPECIFIED.,.F.,.F.,(4,4),(0.,1.),.UNSPECIFIED.);
#358=B_SPLINE_CURVE_WITH_KNOTS('',3,(#8910,#8911,#8912,#8913),
 .UNSPECIFIED.,.F.,.F.,(4,4),(0.,1.),.UNSPECIFIED.);
#359=B_SPLINE_CURVE_WITH_KNOTS('',3,(#8934,#8935,#8936,#8937),
 .UNSPECIFIED.,.F.,.F.,(4,4),(0.,1.),.UNSPECIFIED.);
#360=B_SPLINE_CURVE_WITH_KNOTS('',3,(#8954,#8955,#8956,#8957),
 .UNSPECIFIED.,.F.,.F.,(4,4),(0.,1.),.UNSPECIFIED.);
#361=B_SPLINE_CURVE_WITH_KNOTS('',3,(#9007,#9008,#9009,#9010),
 .UNSPECIFIED.,.F.,.F.,(4,4),(0.,1.),.UNSPECIFIED.);
#362=B_SPLINE_CURVE_WITH_KNOTS('',3,(#9051,#9052,#9053,#9054),
 .UNSPECIFIED.,.F.,.F.,(4,4),(0.,1.),.UNSPECIFIED.);
#363=B_SPLINE_CURVE_WITH_KNOTS('',3,(#9056,#9057,#9058,#9059),
 .UNSPECIFIED.,.F.,.F.,(4,4),(0.,1.),.UNSPECIFIED.);
#364=B_SPLINE_CURVE_WITH_KNOTS('',3,(#9080,#9081,#9082,#9083),
 .UNSPECIFIED.,.F.,.F.,(4,4),(0.,1.),.UNSPECIFIED.);
#365=B_SPLINE_CURVE_WITH_KNOTS('',3,(#9086,#9087,#9088,#9089),
 .UNSPECIFIED.,.F.,.F.,(4,4),(0.,1.),.UNSPECIFIED.);
#366=B_SPLINE_CURVE_WITH_KNOTS('',3,(#9090,#9091,#9092,#9093),
 .UNSPECIFIED.,.F.,.F.,(4,4),(0.,1.),.UNSPECIFIED.);
#367=B_SPLINE_CURVE_WITH_KNOTS('',3,(#9114,#9115,#9116,#9117),
 .UNSPECIFIED.,.F.,.F.,(4,4),(0.,1.),.UNSPECIFIED.);
#368=B_SPLINE_CURVE_WITH_KNOTS('',3,(#9119,#9120,#9121,#9122),
 .UNSPECIFIED.,.F.,.F.,(4,4),(0.,1.),.UNSPECIFIED.);
#369=B_SPLINE_CURVE_WITH_KNOTS('',3,(#9123,#9124,#9125,#9126),
 .UNSPECIFIED.,.F.,.F.,(4,4),(0.,1.),.UNSPECIFIED.);
#370=B_SPLINE_CURVE_WITH_KNOTS('',3,(#9157,#9158,#9159,#9160),
 .UNSPECIFIED.,.F.,.F.,(4,4),(0.,1.),.UNSPECIFIED.);
#371=B_SPLINE_CURVE_WITH_KNOTS('',3,(#9163,#9164,#9165,#9166),
 .UNSPECIFIED.,.F.,.F.,(4,4),(0.,1.),.UNSPECIFIED.);
#372=B_SPLINE_CURVE_WITH_KNOTS('',3,(#9183,#9184,#9185,#9186),
 .UNSPECIFIED.,.F.,.F.,(4,4),(0.,1.),.UNSPECIFIED.);
#373=B_SPLINE_CURVE_WITH_KNOTS('',3,(#9229,#9230,#9231,#9232,#9233,#9234),
 .UNSPECIFIED.,.F.,.F.,(4,1,1,4),(0.,0.25,0.5,1.),.UNSPECIFIED.);
#374=B_SPLINE_CURVE_WITH_KNOTS('',3,(#9235,#9236,#9237,#9238),
 .UNSPECIFIED.,.F.,.F.,(4,4),(0.,1.),.UNSPECIFIED.);
#375=B_SPLINE_CURVE_WITH_KNOTS('',3,(#9240,#9241,#9242,#9243),
 .UNSPECIFIED.,.F.,.F.,(4,4),(0.0156592596344519,0.0189378198756833),
 .UNSPECIFIED.);
#376=B_SPLINE_CURVE_WITH_KNOTS('',3,(#9261,#9262,#9263,#9264,#9265,#9266,
#9267,#9268,#9269,#9270),.UNSPECIFIED.,.F.,.F.,(4,2,2,2,4),(-0.0207406393261578,
-0.0162403463576717,-0.00825984968304873,0.,0.000248067257815631),
 .UNSPECIFIED.);
#377=B_SPLINE_CURVE_WITH_KNOTS('',3,(#9281,#9282,#9283,#9284),
 .UNSPECIFIED.,.F.,.F.,(4,4),(0.,1.),.UNSPECIFIED.);
#378=B_SPLINE_CURVE_WITH_KNOTS('',3,(#9299,#9300,#9301,#9302,#9303),
 .UNSPECIFIED.,.F.,.F.,(4,1,4),(0.,0.5,1.),.UNSPECIFIED.);
#379=B_SPLINE_CURVE_WITH_KNOTS('',3,(#9306,#9307,#9308,#9309),
 .UNSPECIFIED.,.F.,.F.,(4,4),(0.,1.),.UNSPECIFIED.);
#380=B_SPLINE_CURVE_WITH_KNOTS('',3,(#9310,#9311,#9312,#9313),
 .UNSPECIFIED.,.F.,.F.,(4,4),(0.,1.),.UNSPECIFIED.);
#381=B_SPLINE_CURVE_WITH_KNOTS('',3,(#9330,#9331,#9332,#9333,#9334),
 .UNSPECIFIED.,.F.,.F.,(4,1,4),(0.,0.5,1.),.UNSPECIFIED.);
#382=B_SPLINE_CURVE_WITH_KNOTS('',3,(#9360,#9361,#9362,#9363),
 .UNSPECIFIED.,.F.,.F.,(4,4),(0.,1.),.UNSPECIFIED.);
#383=B_SPLINE_CURVE_WITH_KNOTS('',3,(#9365,#9366,#9367,#9368,#9369),
 .UNSPECIFIED.,.F.,.F.,(4,1,4),(0.,0.5,1.),.UNSPECIFIED.);
#384=B_SPLINE_CURVE_WITH_KNOTS('',3,(#9400,#9401,#9402,#9403,#9404),
 .UNSPECIFIED.,.F.,.F.,(4,1,4),(0.,0.5,1.),.UNSPECIFIED.);
#385=B_SPLINE_CURVE_WITH_KNOTS('',3,(#9405,#9406,#9407,#9408),
 .UNSPECIFIED.,.F.,.F.,(4,4),(0.,1.),.UNSPECIFIED.);
#386=B_SPLINE_CURVE_WITH_KNOTS('',3,(#9443,#9444,#9445,#9446),
 .UNSPECIFIED.,.F.,.F.,(4,4),(0.,1.),.UNSPECIFIED.);
#387=B_SPLINE_CURVE_WITH_KNOTS('',3,(#9448,#9449,#9450,#9451),
 .UNSPECIFIED.,.F.,.F.,(4,4),(0.,1.),.UNSPECIFIED.);
#388=B_SPLINE_CURVE_WITH_KNOTS('',3,(#9460,#9461,#9462,#9463),
 .UNSPECIFIED.,.F.,.F.,(4,4),(0.,1.),.UNSPECIFIED.);
#389=B_SPLINE_CURVE_WITH_KNOTS('',3,(#9468,#9469,#9470,#9471),
 .UNSPECIFIED.,.F.,.F.,(4,4),(0.,1.),.UNSPECIFIED.);
#390=B_SPLINE_CURVE_WITH_KNOTS('',3,(#9474,#9475,#9476,#9477,#9478),
 .UNSPECIFIED.,.F.,.F.,(4,1,4),(0.,0.5,1.),.UNSPECIFIED.);
#391=B_SPLINE_CURVE_WITH_KNOTS('',3,(#9480,#9481,#9482,#9483,#9484,#9485,
#9486,#9487,#9488,#9489),.UNSPECIFIED.,.F.,.F.,(4,1,1,1,1,1,1,4),(1.93150849948427E-16,
0.00225220287057609,0.00450440574115199,0.00675660861172789,0.00900881148230378,
0.0135132172234556,0.0180176229646074,0.0315308401880628),.UNSPECIFIED.);
#392=B_SPLINE_CURVE_WITH_KNOTS('',3,(#9493,#9494,#9495,#9496,#9497,#9498,
#9499,#9500),.UNSPECIFIED.,.F.,.F.,(4,1,1,1,1,4),(0.132277642859493,0.14567472369092,
0.154606110911872,0.159071804522348,0.161304651327586,0.163537497784744),
 .UNSPECIFIED.);
#393=B_SPLINE_CURVE_WITH_KNOTS('',3,(#9517,#9518,#9519,#9520),
 .UNSPECIFIED.,.F.,.F.,(4,4),(0.116204863073608,0.181535555245381),
 .UNSPECIFIED.);
#394=B_SPLINE_CURVE_WITH_KNOTS('',3,(#9527,#9528,#9529,#9530),
 .UNSPECIFIED.,.F.,.F.,(4,4),(0.,1.),.UNSPECIFIED.);
#395=B_SPLINE_CURVE_WITH_KNOTS('',3,(#9587,#9588,#9589,#9590),
 .UNSPECIFIED.,.F.,.F.,(4,4),(0.,1.),.UNSPECIFIED.);
#396=B_SPLINE_CURVE_WITH_KNOTS('',3,(#9591,#9592,#9593,#9594),
 .UNSPECIFIED.,.F.,.F.,(4,4),(0.,1.),.UNSPECIFIED.);
#397=B_SPLINE_CURVE_WITH_KNOTS('',3,(#9595,#9596,#9597,#9598),
 .UNSPECIFIED.,.F.,.F.,(4,4),(0.,1.),.UNSPECIFIED.);
#398=B_SPLINE_CURVE_WITH_KNOTS('',3,(#9600,#9601,#9602,#9603),
 .UNSPECIFIED.,.F.,.F.,(4,4),(0.,1.),.UNSPECIFIED.);
#399=B_SPLINE_CURVE_WITH_KNOTS('',3,(#9656,#9657,#9658,#9659),
 .UNSPECIFIED.,.F.,.F.,(4,4),(0.,1.),.UNSPECIFIED.);
#400=B_SPLINE_CURVE_WITH_KNOTS('',3,(#9660,#9661,#9662,#9663),
 .UNSPECIFIED.,.F.,.F.,(4,4),(5.9882771756558E-7,1.),.UNSPECIFIED.);
#401=B_SPLINE_CURVE_WITH_KNOTS('',3,(#9745,#9746,#9747,#9748),
 .UNSPECIFIED.,.F.,.F.,(4,4),(0.,1.),.UNSPECIFIED.);
#402=B_SPLINE_CURVE_WITH_KNOTS('',3,(#9789,#9790,#9791,#9792),
 .UNSPECIFIED.,.F.,.F.,(4,4),(0.,1.),.UNSPECIFIED.);
#403=B_SPLINE_CURVE_WITH_KNOTS('',3,(#9794,#9795,#9796,#9797),
 .UNSPECIFIED.,.F.,.F.,(4,4),(0.,1.),.UNSPECIFIED.);
#404=B_SPLINE_CURVE_WITH_KNOTS('',3,(#9798,#9799,#9800,#9801),
 .UNSPECIFIED.,.F.,.F.,(4,4),(0.,1.),.UNSPECIFIED.);
#405=B_SPLINE_CURVE_WITH_KNOTS('',3,(#9835,#9836,#9837,#9838),
 .UNSPECIFIED.,.F.,.F.,(4,4),(0.,1.),.UNSPECIFIED.);
#406=B_SPLINE_CURVE_WITH_KNOTS('',3,(#9929,#9930,#9931,#9932,#9933,#9934),
 .UNSPECIFIED.,.F.,.F.,(4,1,1,4),(0.,0.25,0.5,1.),.UNSPECIFIED.);
#407=B_SPLINE_CURVE_WITH_KNOTS('',3,(#9937,#9938,#9939,#9940),
 .UNSPECIFIED.,.F.,.F.,(4,4),(0.,1.),.UNSPECIFIED.);
#408=B_SPLINE_CURVE_WITH_KNOTS('',3,(#9942,#9943,#9944,#9945),
 .UNSPECIFIED.,.F.,.F.,(4,4),(-0.0672225083788644,0.),.UNSPECIFIED.);
#409=B_SPLINE_CURVE_WITH_KNOTS('',3,(#9947,#9948,#9949,#9950),
 .UNSPECIFIED.,.F.,.F.,(4,4),(-0.0235181549760468,1.35308431126191E-16),
 .UNSPECIFIED.);
#410=B_SPLINE_CURVE_WITH_KNOTS('',3,(#9952,#9953,#9954,#9955),
 .UNSPECIFIED.,.F.,.F.,(4,4),(1.21403050768844,1.26250837134283),
 .UNSPECIFIED.);
#411=B_SPLINE_CURVE_WITH_KNOTS('',3,(#9972,#9973,#9974,#9975,#9976,#9977,
#9978),.UNSPECIFIED.,.F.,.F.,(4,3,4),(-0.0017601269986038,0.,0.0203955015662107),
 .UNSPECIFIED.);
#412=B_SPLINE_CURVE_WITH_KNOTS('',3,(#9980,#9981,#9982,#9983),
 .UNSPECIFIED.,.F.,.F.,(4,4),(0.,1.),.UNSPECIFIED.);
#413=B_SPLINE_CURVE_WITH_KNOTS('',3,(#10000,#10001,#10002,#10003),
 .UNSPECIFIED.,.F.,.F.,(4,4),(0.,0.999999762053931),.UNSPECIFIED.);
#414=B_SPLINE_CURVE_WITH_KNOTS('',3,(#10007,#10008,#10009,#10010),
 .UNSPECIFIED.,.F.,.F.,(4,4),(0.,1.),.UNSPECIFIED.);
#415=B_SPLINE_CURVE_WITH_KNOTS('',3,(#10050,#10051,#10052,#10053),
 .UNSPECIFIED.,.F.,.F.,(4,4),(0.,1.),.UNSPECIFIED.);
#416=B_SPLINE_CURVE_WITH_KNOTS('',3,(#10054,#10055,#10056,#10057),
 .UNSPECIFIED.,.F.,.F.,(4,4),(0.,1.),.UNSPECIFIED.);
#417=B_SPLINE_CURVE_WITH_KNOTS('',3,(#10074,#10075,#10076,#10077),
 .UNSPECIFIED.,.F.,.F.,(4,4),(0.,1.),.UNSPECIFIED.);
#418=B_SPLINE_CURVE_WITH_KNOTS('',3,(#10078,#10079,#10080,#10081),
 .UNSPECIFIED.,.F.,.F.,(4,4),(0.,1.),.UNSPECIFIED.);
#419=B_SPLINE_CURVE_WITH_KNOTS('',3,(#10110,#10111,#10112,#10113,#10114,
#10115),.UNSPECIFIED.,.F.,.F.,(4,1,1,4),(0.,0.25,0.5,1.),.UNSPECIFIED.);
#420=B_SPLINE_CURVE_WITH_KNOTS('',3,(#10118,#10119,#10120,#10121),
 .UNSPECIFIED.,.F.,.F.,(4,4),(2.86420846908436E-6,1.),.UNSPECIFIED.);
#421=B_SPLINE_CURVE_WITH_KNOTS('',3,(#10122,#10123,#10124,#10125),
 .UNSPECIFIED.,.F.,.F.,(4,4),(0.,1.),.UNSPECIFIED.);
#422=B_SPLINE_CURVE_WITH_KNOTS('',3,(#10126,#10127,#10128,#10129,#10130),
 .UNSPECIFIED.,.F.,.F.,(4,1,4),(0.,0.5,1.),.UNSPECIFIED.);
#423=B_SPLINE_CURVE_WITH_KNOTS('',3,(#10132,#10133,#10134,#10135),
 .UNSPECIFIED.,.F.,.F.,(4,4),(0.,1.),.UNSPECIFIED.);
#424=B_SPLINE_CURVE_WITH_KNOTS('',3,(#10144,#10145,#10146,#10147),
 .UNSPECIFIED.,.F.,.F.,(4,4),(0.,1.),.UNSPECIFIED.);
#425=B_SPLINE_CURVE_WITH_KNOTS('',3,(#10151,#10152,#10153,#10154,#10155),
 .UNSPECIFIED.,.F.,.F.,(4,1,4),(0.,0.5,1.),.UNSPECIFIED.);
#426=B_SPLINE_CURVE_WITH_KNOTS('',3,(#10159,#10160,#10161,#10162),
 .UNSPECIFIED.,.F.,.F.,(4,4),(5.07570563594982E-17,0.106434298719667),
 .UNSPECIFIED.);
#427=B_SPLINE_CURVE_WITH_KNOTS('',3,(#10163,#10164,#10165,#10166,#10167,
#10168),.UNSPECIFIED.,.F.,.F.,(4,1,1,4),(0.,0.25,0.5,1.),.UNSPECIFIED.);
#428=B_SPLINE_CURVE_WITH_KNOTS('',3,(#10169,#10170,#10171,#10172),
 .UNSPECIFIED.,.F.,.F.,(4,4),(-0.247038645741093,-0.231988089401368),
 .UNSPECIFIED.);
#429=B_SPLINE_CURVE_WITH_KNOTS('',3,(#10174,#10175,#10176,#10177,#10178,
#10179,#10180),.UNSPECIFIED.,.F.,.F.,(4,1,1,1,4),(0.,0.125,0.25,0.5,1.),
 .UNSPECIFIED.);
#430=B_SPLINE_CURVE_WITH_KNOTS('',3,(#10229,#10230,#10231,#10232),
 .UNSPECIFIED.,.F.,.F.,(4,4),(0.,1.),.UNSPECIFIED.);
#431=B_SPLINE_CURVE_WITH_KNOTS('',3,(#10233,#10234,#10235,#10236),
 .UNSPECIFIED.,.F.,.F.,(4,4),(0.,1.),.UNSPECIFIED.);
#432=B_SPLINE_CURVE_WITH_KNOTS('',3,(#10238,#10239,#10240,#10241),
 .UNSPECIFIED.,.F.,.F.,(4,4),(-0.374595280494228,-0.364770045666364),
 .UNSPECIFIED.);
#433=B_SPLINE_CURVE_WITH_KNOTS('',3,(#10243,#10244,#10245,#10246),
 .UNSPECIFIED.,.F.,.F.,(4,4),(0.,1.),.UNSPECIFIED.);
#434=B_SPLINE_CURVE_WITH_KNOTS('',3,(#10263,#10264,#10265,#10266),
 .UNSPECIFIED.,.F.,.F.,(4,4),(0.,1.),.UNSPECIFIED.);
#435=B_SPLINE_CURVE_WITH_KNOTS('',3,(#10315,#10316,#10317,#10318),
 .UNSPECIFIED.,.F.,.F.,(4,4),(0.,1.),.UNSPECIFIED.);
#436=B_SPLINE_CURVE_WITH_KNOTS('',3,(#10335,#10336,#10337,#10338,#10339),
 .UNSPECIFIED.,.F.,.F.,(4,1,4),(0.,0.5,1.),.UNSPECIFIED.);
#437=B_SPLINE_CURVE_WITH_KNOTS('',3,(#10342,#10343,#10344,#10345),
 .UNSPECIFIED.,.F.,.F.,(4,4),(0.,1.),.UNSPECIFIED.);
#438=B_SPLINE_CURVE_WITH_KNOTS('',3,(#10346,#10347,#10348,#10349),
 .UNSPECIFIED.,.F.,.F.,(4,4),(0.,1.),.UNSPECIFIED.);
#439=B_SPLINE_CURVE_WITH_KNOTS('',3,(#10406,#10407,#10408,#10409),
 .UNSPECIFIED.,.F.,.F.,(4,4),(-0.00615771900207416,-0.00375102396318089),
 .UNSPECIFIED.);
#440=B_SPLINE_CURVE_WITH_KNOTS('',3,(#10412,#10413,#10414,#10415),
 .UNSPECIFIED.,.F.,.F.,(4,4),(-0.00327871167751979,0.),.UNSPECIFIED.);
#441=B_SPLINE_CURVE_WITH_KNOTS('',3,(#10417,#10418,#10419,#10420),
 .UNSPECIFIED.,.F.,.F.,(4,4),(0.,1.),.UNSPECIFIED.);
#442=B_SPLINE_CURVE_WITH_KNOTS('',3,(#10422,#10423,#10424,#10425,#10426),
 .UNSPECIFIED.,.F.,.F.,(4,1,4),(0.,0.5,1.),.UNSPECIFIED.);
#443=B_SPLINE_CURVE_WITH_KNOTS('',3,(#10427,#10428,#10429,#10430,#10431,
#10432),.UNSPECIFIED.,.F.,.F.,(4,1,1,4),(0.,0.25,0.5,1.),.UNSPECIFIED.);
#444=B_SPLINE_CURVE_WITH_KNOTS('',3,(#10451,#10452,#10453,#10454,#10455,
#10456,#10457,#10458,#10459,#10460),.UNSPECIFIED.,.F.,.F.,(4,2,2,2,4),(-0.076713463127807,
-0.0764643226519734,-0.0681687382267682,-0.0601537153801703,-0.0556339527100746),
 .UNSPECIFIED.);
#445=B_SPLINE_CURVE_WITH_KNOTS('',3,(#10472,#10473,#10474,#10475),
 .UNSPECIFIED.,.F.,.F.,(4,4),(0.,1.),.UNSPECIFIED.);
#446=B_SPLINE_CURVE_WITH_KNOTS('',3,(#10493,#10494,#10495,#10496,#10497),
 .UNSPECIFIED.,.F.,.F.,(4,1,4),(0.,0.5,1.),.UNSPECIFIED.);
#447=B_SPLINE_CURVE_WITH_KNOTS('',3,(#10499,#10500,#10501,#10502),
 .UNSPECIFIED.,.F.,.F.,(4,4),(0.,1.),.UNSPECIFIED.);
#448=B_SPLINE_CURVE_WITH_KNOTS('',3,(#10503,#10504,#10505,#10506),
 .UNSPECIFIED.,.F.,.F.,(4,4),(0.,1.),.UNSPECIFIED.);
#449=B_SPLINE_CURVE_WITH_KNOTS('',3,(#10529,#10530,#10531,#10532,#10533),
 .UNSPECIFIED.,.F.,.F.,(4,1,4),(0.,0.5,1.),.UNSPECIFIED.);
#450=B_SPLINE_CURVE_WITH_KNOTS('',3,(#10550,#10551,#10552,#10553,#10554),
 .UNSPECIFIED.,.F.,.F.,(4,1,4),(0.,0.5,1.),.UNSPECIFIED.);
#451=B_SPLINE_CURVE_WITH_KNOTS('',3,(#10583,#10584,#10585,#10586,#10587,
#10588,#10589),.UNSPECIFIED.,.F.,.F.,(4,1,1,1,4),(-0.0511435998027395,-0.0438373712594911,
-0.0365311427162427,-0.0219186856297459,-7.42461647718073E-16),
 .UNSPECIFIED.);
#452=B_SPLINE_CURVE_WITH_KNOTS('',3,(#10590,#10591,#10592,#10593),
 .UNSPECIFIED.,.F.,.F.,(4,4),(0.,1.),.UNSPECIFIED.);
#453=B_SPLINE_CURVE_WITH_KNOTS('',2,(#10595,#10596,#10597),
 .UNSPECIFIED.,.F.,.F.,(3,3),(0.00222117022655669,0.0148434655412131),
 .UNSPECIFIED.);
#454=B_SPLINE_CURVE_WITH_KNOTS('',3,(#10610,#10611,#10612,#10613),
 .UNSPECIFIED.,.F.,.F.,(4,4),(0.,1.),.UNSPECIFIED.);
#455=B_SPLINE_CURVE_WITH_KNOTS('',3,(#10628,#10629,#10630,#10631),
 .UNSPECIFIED.,.F.,.F.,(4,4),(0.,1.),.UNSPECIFIED.);
#456=B_SPLINE_CURVE_WITH_KNOTS('',3,(#10632,#10633,#10634,#10635),
 .UNSPECIFIED.,.F.,.F.,(4,4),(0.,1.),.UNSPECIFIED.);
#457=B_SPLINE_CURVE_WITH_KNOTS('',3,(#10637,#10638,#10639,#10640,#10641,
#10642,#10643,#10644,#10645,#10646,#10647,#10648,#10649,#10650,#10651,#10652),
 .UNSPECIFIED.,.F.,.F.,(4,3,3,3,3,4),(0.1010442128474,0.103275151170607,
0.105506089494628,0.109967966142669,0.114429842790711,0.132277349382639),
 .UNSPECIFIED.);
#458=B_SPLINE_CURVE_WITH_KNOTS('',3,(#10656,#10657,#10658,#10659,#10660,
#10661,#10662,#10663),.UNSPECIFIED.,.F.,.F.,(4,1,1,1,1,4),(0.,0.0135138433363442,
0.0225230722272403,0.0270276866726883,0.0292799938954123,0.0315323011181364),
 .UNSPECIFIED.);
#459=B_SPLINE_CURVE_WITH_KNOTS('',3,(#10665,#10666,#10667,#10668,#10669),
 .UNSPECIFIED.,.F.,.F.,(4,1,4),(0.,0.5,1.),.UNSPECIFIED.);
#460=B_SPLINE_CURVE_WITH_KNOTS('',3,(#10673,#10674,#10675,#10676),
 .UNSPECIFIED.,.F.,.F.,(4,4),(0.,1.),.UNSPECIFIED.);
#461=B_SPLINE_CURVE_WITH_KNOTS('',3,(#10694,#10695,#10696,#10697),
 .UNSPECIFIED.,.F.,.F.,(4,4),(0.,1.),.UNSPECIFIED.);
#462=B_SPLINE_CURVE_WITH_KNOTS('',3,(#10738,#10739,#10740,#10741),
 .UNSPECIFIED.,.F.,.F.,(4,4),(0.,1.),.UNSPECIFIED.);
#463=B_SPLINE_CURVE_WITH_KNOTS('',3,(#10743,#10744,#10745,#10746),
 .UNSPECIFIED.,.F.,.F.,(4,4),(0.,1.),.UNSPECIFIED.);
#464=B_SPLINE_CURVE_WITH_KNOTS('',3,(#10748,#10749,#10750,#10751),
 .UNSPECIFIED.,.F.,.F.,(4,4),(0.,1.),.UNSPECIFIED.);
#465=B_SPLINE_CURVE_WITH_KNOTS('',3,(#10809,#10810,#10811,#10812,#10813,
#10814,#10815),.UNSPECIFIED.,.F.,.F.,(4,1,1,1,4),(0.,0.142857142857143,
0.428571428571429,0.714285714285714,1.),.UNSPECIFIED.);
#466=B_SPLINE_CURVE_WITH_KNOTS('',3,(#10817,#10818,#10819,#10820),
 .UNSPECIFIED.,.F.,.F.,(4,4),(0.,1.),.UNSPECIFIED.);
#467=B_SPLINE_CURVE_WITH_KNOTS('',3,(#10885,#10886,#10887,#10888),
 .UNSPECIFIED.,.F.,.F.,(4,4),(0.,1.),.UNSPECIFIED.);
#468=B_SPLINE_CURVE_WITH_KNOTS('',3,(#10929,#10930,#10931,#10932),
 .UNSPECIFIED.,.F.,.F.,(4,4),(0.,1.),.UNSPECIFIED.);
#469=B_SPLINE_CURVE_WITH_KNOTS('',3,(#10934,#10935,#10936,#10937),
 .UNSPECIFIED.,.F.,.F.,(4,4),(0.,1.),.UNSPECIFIED.);
#470=B_SPLINE_CURVE_WITH_KNOTS('',3,(#10939,#10940,#10941,#10942),
 .UNSPECIFIED.,.F.,.F.,(4,4),(-0.181506165659894,-0.11619705910019),
 .UNSPECIFIED.);
#471=B_SPLINE_CURVE_WITH_KNOTS('',3,(#11006,#11007,#11008,#11009),
 .UNSPECIFIED.,.F.,.F.,(4,4),(0.,1.),.UNSPECIFIED.);
#472=B_SPLINE_CURVE_WITH_KNOTS('',3,(#11011,#11012,#11013,#11014),
 .UNSPECIFIED.,.F.,.F.,(4,4),(0.,1.),.UNSPECIFIED.);
#473=B_SPLINE_CURVE_WITH_KNOTS('',3,(#11015,#11016,#11017,#11018,#11019,
#11020,#11021),.UNSPECIFIED.,.F.,.F.,(4,1,1,1,4),(0.,0.285714285714286,
0.571428571428571,0.857142857142857,1.),.UNSPECIFIED.);
#474=B_SPLINE_CURVE_WITH_KNOTS('',3,(#11023,#11024,#11025,#11026),
 .UNSPECIFIED.,.F.,.F.,(4,4),(0.,1.),.UNSPECIFIED.);
#475=B_SPLINE_CURVE_WITH_KNOTS('',3,(#11055,#11056,#11057,#11058),
 .UNSPECIFIED.,.F.,.F.,(4,4),(0.,0.0672225083788644),.UNSPECIFIED.);
#476=B_SPLINE_CURVE_WITH_KNOTS('',3,(#11067,#11068,#11069,#11070),
 .UNSPECIFIED.,.F.,.F.,(4,4),(0.,1.),.UNSPECIFIED.);
#477=B_SPLINE_CURVE_WITH_KNOTS('',3,(#11071,#11072,#11073,#11074),
 .UNSPECIFIED.,.F.,.F.,(4,4),(1.3874578470256,1.39979190362319),
 .UNSPECIFIED.);
#478=B_SPLINE_CURVE_WITH_KNOTS('',3,(#11076,#11077,#11078,#11079),
 .UNSPECIFIED.,.F.,.F.,(4,4),(1.39979190362326,1.41462241583421),
 .UNSPECIFIED.);
#479=B_SPLINE_CURVE_WITH_KNOTS('',3,(#11081,#11082,#11083,#11084),
 .UNSPECIFIED.,.F.,.F.,(4,4),(-0.664516286340216,-0.663614584857688),
 .UNSPECIFIED.);
#480=B_SPLINE_CURVE_WITH_KNOTS('',3,(#11126,#11127,#11128,#11129,#11130,
#11131,#11132),.UNSPECIFIED.,.F.,.F.,(4,3,4),(0.0497254938288614,0.0572122114067087,
0.0595661755591502),.UNSPECIFIED.);
#481=B_SPLINE_CURVE_WITH_KNOTS('',3,(#11138,#11139,#11140,#11141),
 .UNSPECIFIED.,.F.,.F.,(4,4),(-0.388927946126497,-0.310452866026629),
 .UNSPECIFIED.);
#482=B_SPLINE_CURVE_WITH_KNOTS('',3,(#11143,#11144,#11145,#11146),
 .UNSPECIFIED.,.F.,.F.,(4,4),(6.78817932528551E-18,2.20846381114745E-5),
 .UNSPECIFIED.);
#483=B_SPLINE_CURVE_WITH_KNOTS('',3,(#11208,#11209,#11210,#11211,#11212,
#11213),.UNSPECIFIED.,.F.,.F.,(4,2,4),(0.126405018389939,0.126412912883151,
0.133869789990969),.UNSPECIFIED.);
#484=B_SPLINE_CURVE_WITH_KNOTS('',3,(#11215,#11216,#11217,#11218),
 .UNSPECIFIED.,.F.,.F.,(4,4),(0.0568998649325672,0.0594936742876405),
 .UNSPECIFIED.);
#485=B_SPLINE_CURVE_WITH_KNOTS('',3,(#11219,#11220,#11221,#11222,#11223,
#11224),.UNSPECIFIED.,.F.,.F.,(4,2,4),(0.00232632139402141,0.0167788588692943,
0.0167998309976263),.UNSPECIFIED.);
#486=B_SPLINE_CURVE_WITH_KNOTS('',3,(#11226,#11227,#11228,#11229,#11230,
#11231,#11232,#11233),.UNSPECIFIED.,.F.,.F.,(4,1,1,1,1,4),(0.,0.5,0.75,
0.875,0.9375,1.),.UNSPECIFIED.);
#487=B_SPLINE_CURVE_WITH_KNOTS('',3,(#11235,#11236,#11237,#11238),
 .UNSPECIFIED.,.F.,.F.,(4,4),(0.,1.),.UNSPECIFIED.);
#488=B_SPLINE_CURVE_WITH_KNOTS('',3,(#11240,#11241,#11242,#11243),
 .UNSPECIFIED.,.F.,.F.,(4,4),(0.,1.),.UNSPECIFIED.);
#489=B_SPLINE_CURVE_WITH_KNOTS('',3,(#11245,#11246,#11247,#11248),
 .UNSPECIFIED.,.F.,.F.,(4,4),(1.08911044453934E-6,1.),.UNSPECIFIED.);
#490=B_SPLINE_CURVE_WITH_KNOTS('',3,(#11281,#11282,#11283,#11284),
 .UNSPECIFIED.,.F.,.F.,(4,4),(0.,1.),.UNSPECIFIED.);
#491=B_SPLINE_CURVE_WITH_KNOTS('',3,(#11286,#11287,#11288,#11289,#11290,
#11291,#11292),.UNSPECIFIED.,.F.,.F.,(4,3,4),(0.,0.00728622711097618,0.0145701376566314),
 .UNSPECIFIED.);
#492=B_SPLINE_CURVE_WITH_KNOTS('',3,(#11362,#11363,#11364,#11365),
 .UNSPECIFIED.,.F.,.F.,(4,4),(0.,1.),.UNSPECIFIED.);
#493=B_SPLINE_CURVE_WITH_KNOTS('',3,(#11478,#11479,#11480,#11481),
 .UNSPECIFIED.,.F.,.F.,(4,4),(0.,1.),.UNSPECIFIED.);
#494=B_SPLINE_CURVE_WITH_KNOTS('',3,(#11492,#11493,#11494,#11495),
 .UNSPECIFIED.,.F.,.F.,(4,4),(0.,1.),.UNSPECIFIED.);
#495=B_SPLINE_CURVE_WITH_KNOTS('',3,(#11519,#11520,#11521,#11522),
 .UNSPECIFIED.,.F.,.F.,(4,4),(0.,1.),.UNSPECIFIED.);
#496=B_SPLINE_CURVE_WITH_KNOTS('',3,(#11574,#11575,#11576,#11577,#11578),
 .UNSPECIFIED.,.F.,.F.,(4,1,4),(0.,0.5,1.),.UNSPECIFIED.);
#497=B_SPLINE_CURVE_WITH_KNOTS('',3,(#11626,#11627,#11628,#11629),
 .UNSPECIFIED.,.F.,.F.,(4,4),(0.,1.),.UNSPECIFIED.);
#498=B_SPLINE_CURVE_WITH_KNOTS('',3,(#11733,#11734,#11735,#11736),
 .UNSPECIFIED.,.F.,.F.,(4,4),(0.,1.),.UNSPECIFIED.);
#499=B_SPLINE_CURVE_WITH_KNOTS('',3,(#11753,#11754,#11755,#11756),
 .UNSPECIFIED.,.F.,.F.,(4,4),(0.0728947139204013,0.073212250184188),
 .UNSPECIFIED.);
#500=B_SPLINE_CURVE_WITH_KNOTS('',3,(#11824,#11825,#11826,#11827),
 .UNSPECIFIED.,.F.,.F.,(4,4),(0.,1.),.UNSPECIFIED.);
#501=B_SPLINE_CURVE_WITH_KNOTS('',3,(#11850,#11851,#11852,#11853,#11854),
 .UNSPECIFIED.,.F.,.F.,(4,1,4),(0.,0.5,1.),.UNSPECIFIED.);
#502=B_SPLINE_CURVE_WITH_KNOTS('',3,(#11962,#11963,#11964,#11965),
 .UNSPECIFIED.,.F.,.F.,(4,4),(0.00261877650427573,0.00293733023387285),
 .UNSPECIFIED.);
#503=CIRCLE('',#5107,7.23857212130407);
#504=CIRCLE('',#5108,7.2385721212997);
#505=CIRCLE('',#5109,7.00000000037608);
#506=CIRCLE('',#5110,7.00000000014634);
#507=CIRCLE('',#5111,7.00000000028848);
#508=CIRCLE('',#5112,7.00000000037383);
#509=CIRCLE('',#5113,5.7000000000878);
#510=CIRCLE('',#5114,5.70000000023943);
#511=CIRCLE('',#5115,5.70000000012814);
#512=CIRCLE('',#5116,0.500000000001736);
#513=CIRCLE('',#5117,0.100000000003765);
#514=CIRCLE('',#5118,0.100000000000417);
#515=CIRCLE('',#5119,0.500000000016267);
#516=CIRCLE('',#5120,0.200000000011625);
#517=CIRCLE('',#5122,7.20000000038624);
#518=CIRCLE('',#5123,7.10000000040476);
#519=CIRCLE('',#5124,7.10000000037586);
#520=CIRCLE('',#5125,7.10000000037555);
#521=CIRCLE('',#5126,7.10000000028839);
#522=CIRCLE('',#5127,7.10000000085959);
#523=CIRCLE('',#5129,0.199999999999486);
#524=CIRCLE('',#5130,0.800000000004959);
#525=CIRCLE('',#5131,0.199999999995558);
#526=CIRCLE('',#5132,0.200000000003368);
#527=CIRCLE('',#5133,0.600000000003749);
#528=CIRCLE('',#5134,0.200000000003336);
#529=CIRCLE('',#5136,0.600000000002419);
#530=CIRCLE('',#5137,0.500000000001913);
#531=CIRCLE('',#5139,0.500000000001581);
#532=CIRCLE('',#5140,0.399999999992182);
#533=CIRCLE('',#5141,0.500000000002008);
#534=CIRCLE('',#5143,1.00000000002887);
#535=CIRCLE('',#5144,7.50000000032103);
#536=CIRCLE('',#5145,7.11538461568998);
#537=CIRCLE('',#5146,0.200000000009607);
#538=CIRCLE('',#5147,0.200000000059415);
#539=CIRCLE('',#5148,0.500000000001757);
#540=CIRCLE('',#5149,0.500000000002713);
#541=CIRCLE('',#5150,0.500000000013841);
#542=CIRCLE('',#5152,0.800000000034347);
#543=CIRCLE('',#5153,0.700000000030133);
#544=CIRCLE('',#5155,0.600000000024036);
#545=CIRCLE('',#5156,0.500000000019967);
#546=CIRCLE('',#5158,0.200000000012781);
#547=CIRCLE('',#5159,0.100000000008375);
#548=CIRCLE('',#5160,0.2000000000044);
#549=CIRCLE('',#5161,0.2000000000127);
#550=CIRCLE('',#5162,0.800000000004862);
#551=CIRCLE('',#5164,0.750000000027316);
#552=CIRCLE('',#5165,0.550000000020029);
#553=CIRCLE('',#5167,7.10000000038876);
#554=CIRCLE('',#5169,5.70000000008781);
#555=CIRCLE('',#5170,5.60000000019564);
#556=CIRCLE('',#5172,5.30000000018517);
#557=CIRCLE('',#5173,5.20000000018167);
#558=CIRCLE('',#5174,7.00000000010987);
#559=CIRCLE('',#5175,7.00000000010764);
#560=CIRCLE('',#5176,0.500000000002729);
#561=CIRCLE('',#5177,0.50000000000163);
#562=CIRCLE('',#5178,0.499999999992374);
#563=CIRCLE('',#5179,0.200000000000795);
#564=CIRCLE('',#5180,0.200000000004488);
#565=CIRCLE('',#5181,0.199999999999869);
#566=CIRCLE('',#5182,0.200000000000144);
#567=CIRCLE('',#5183,0.200000000017647);
#568=CIRCLE('',#5184,0.100000000000321);
#569=CIRCLE('',#5185,0.10000000000145);
#570=CIRCLE('',#5187,7.20000000031288);
#571=CIRCLE('',#5188,7.10000000075123);
#572=CIRCLE('',#5189,0.499999999988932);
#573=CIRCLE('',#5190,7.10000000037455);
#574=CIRCLE('',#5191,7.10000000028861);
#575=CIRCLE('',#5192,7.10000000037448);
#576=CIRCLE('',#5193,0.20000000001434);
#577=CIRCLE('',#5194,0.200000000014272);
#578=CIRCLE('',#5196,0.200000000006268);
#579=CIRCLE('',#5197,0.800000000042811);
#580=CIRCLE('',#5198,0.200000000003146);
#581=CIRCLE('',#5199,0.600000000032376);
#582=CIRCLE('',#5201,0.500000000013761);
#583=CIRCLE('',#5202,0.400000000011083);
#584=CIRCLE('',#5204,0.600000000017724);
#585=CIRCLE('',#5205,0.500000000014826);
#586=CIRCLE('',#5206,0.400000000005457);
#587=CIRCLE('',#5207,0.399999999997013);
#588=CIRCLE('',#5208,0.502500000026301);
#589=CIRCLE('',#5209,0.502500000026314);
#590=CIRCLE('',#5210,0.400000000007428);
#591=CIRCLE('',#5211,0.400000000010264);
#592=CIRCLE('',#5212,0.400000000022172);
#593=CIRCLE('',#5213,0.400000000030589);
#594=CIRCLE('',#5215,6.10250000014321);
#595=CIRCLE('',#5216,6.0025000001464);
#596=CIRCLE('',#5217,0.400000000023792);
#597=CIRCLE('',#5218,0.400000000020057);
#598=CIRCLE('',#5219,0.400000000021771);
#599=CIRCLE('',#5220,0.40000000001265);
#600=CIRCLE('',#5221,6.00250000031301);
#601=CIRCLE('',#5222,6.0025000003131);
#602=CIRCLE('',#5223,0.399999999997419);
#603=CIRCLE('',#5224,0.400000000001834);
#604=CIRCLE('',#5225,0.500000000001936);
#605=CIRCLE('',#5226,0.500000000001988);
#606=CIRCLE('',#5228,0.100000000001018);
#607=CIRCLE('',#5230,0.600000000003335);
#608=CIRCLE('',#5232,0.80000000000492);
#609=CIRCLE('',#5233,0.700000000004291);
#610=CIRCLE('',#5234,0.800000000004879);
#611=CIRCLE('',#5236,0.750000000027325);
#612=CIRCLE('',#5237,0.550000000020037);
#613=CIRCLE('',#5239,6.90000000010714);
#614=CIRCLE('',#5241,7.00000000027641);
#615=CIRCLE('',#5242,6.90000000015512);
#616=CIRCLE('',#5243,6.90000000035353);
#617=CIRCLE('',#5244,5.20000000018167);
#618=CIRCLE('',#5245,0.500000000001093);
#619=CIRCLE('',#5247,0.200000000003136);
#620=CIRCLE('',#5249,7.00000000017622);
#621=CIRCLE('',#5250,0.500000000006842);
#622=CIRCLE('',#5251,7.23857212120511);
#623=CIRCLE('',#5252,0.400000000020035);
#624=CIRCLE('',#5253,6.0025000001464);
#625=CIRCLE('',#5254,0.40000000000495);
#626=CIRCLE('',#5255,0.502500000006502);
#627=CIRCLE('',#5256,0.400000000001757);
#628=CIRCLE('',#5257,6.00250000019935);
#629=CIRCLE('',#5258,0.400000000021463);
#630=CIRCLE('',#5259,0.502500000012708);
#631=CIRCLE('',#5260,0.400000000014079);
#632=CIRCLE('',#5261,6.00250000008168);
#633=CIRCLE('',#5262,0.400000000008428);
#634=CIRCLE('',#5263,0.502500000016796);
#635=CIRCLE('',#5265,6.90000000015512);
#636=CIRCLE('',#5266,5.20000000018167);
#637=CIRCLE('',#5268,6.10250000008737);
#638=CIRCLE('',#5269,0.502500000012762);
#639=CIRCLE('',#5270,6.10250000020137);
#640=CIRCLE('',#5271,0.502500000006494);
#641=CIRCLE('',#5272,6.10250000031554);
#642=CIRCLE('',#5273,0.502500000016795);
#643=CIRCLE('',#5274,5.70000000012814);
#644=CIRCLE('',#5276,5.60000000019564);
#645=CIRCLE('',#5277,5.30000000018516);
#646=CIRCLE('',#5278,7.50000000028228);
#647=CIRCLE('',#5280,0.550000000020031);
#648=CIRCLE('',#5281,0.200000000016801);
#649=CIRCLE('',#5282,0.200000000011918);
#650=CIRCLE('',#5283,10.0000000005507);
#651=CIRCLE('',#5284,10.0000000005516);
#652=CIRCLE('',#5286,7.65000000042256);
#653=CIRCLE('',#5288,7.55000000041484);
#654=CIRCLE('',#5291,8.2499999999964);
#655=CIRCLE('',#5292,8.25000000044372);
#656=CIRCLE('',#5294,7.11538461565394);
#657=CIRCLE('',#5296,9.90000000054682);
#658=CIRCLE('',#5297,1.20000000002429);
#659=CIRCLE('',#5298,1.20000000002431);
#660=CIRCLE('',#5300,8.15000000011861);
#661=CIRCLE('',#5302,1.10000000002228);
#662=CIRCLE('',#5304,0.700000000003499);
#663=CIRCLE('',#5305,0.70000000000287);
#664=CIRCLE('',#5306,1.00000000002026);
#665=CIRCLE('',#5307,9.80000000053328);
#666=CIRCLE('',#5308,0.600000000025689);
#667=CIRCLE('',#5310,0.199999999995602);
#668=CIRCLE('',#5312,0.200000000003741);
#669=CIRCLE('',#5313,0.200000000004624);
#670=CIRCLE('',#5315,0.200000000011018);
#671=CIRCLE('',#5317,0.500000000014833);
#672=CIRCLE('',#5319,0.200000000001581);
#673=CIRCLE('',#5322,7.49999999998549);
#674=CIRCLE('',#5323,7.49999999996128);
#675=CIRCLE('',#5325,0.600000000031993);
#676=CIRCLE('',#5327,7.40000000000454);
#677=CIRCLE('',#5329,7.60000000001114);
#678=CIRCLE('',#5330,0.0999999999993837);
#679=CIRCLE('',#5334,0.500000000035798);
#680=CIRCLE('',#5335,0.10000000000216);
#681=CIRCLE('',#5336,0.100000000002891);
#682=CIRCLE('',#5338,0.550000000020034);
#683=CIRCLE('',#5342,7.65000000041898);
#684=CIRCLE('',#5344,6.00250000008168);
#685=CIRCLE('',#5345,6.00250000019933);
#686=CIRCLE('',#5348,6.90000000027266);
#687=CIRCLE('',#5349,7.00000000035712);
#688=CIRCLE('',#5351,8.25000000044448);
#689=CIRCLE('',#5352,8.24999999994652);
#690=CIRCLE('',#5354,10.000000000546);
#691=CIRCLE('',#5355,10.0000000005529);
#692=CIRCLE('',#5356,1.2000000000243);
#693=CIRCLE('',#5357,1.20000000002432);
#694=CIRCLE('',#5361,0.700000000002909);
#695=CIRCLE('',#5362,0.700000000003712);
#696=CIRCLE('',#5363,0.600000000009239);
#697=CIRCLE('',#5364,9.80000000054125);
#698=CIRCLE('',#5365,1.00000000002025);
#699=CIRCLE('',#5367,0.199999999999101);
#700=CIRCLE('',#5368,0.500000000014764);
#701=CIRCLE('',#5370,0.200000000002331);
#702=CIRCLE('',#5373,0.200000000006523);
#703=CIRCLE('',#5376,0.200000000002236);
#704=CIRCLE('',#5380,7.50000000013699);
#705=CIRCLE('',#5381,7.50000000015726);
#706=CIRCLE('',#5383,7.40000000010931);
#707=CIRCLE('',#5385,0.100000000001499);
#708=CIRCLE('',#5387,7.60000000015496);
#709=CIRCLE('',#5389,0.100000000002718);
#710=CIRCLE('',#5390,0.599999999997694);
#711=CIRCLE('',#5391,0.0999999999998991);
#712=CIRCLE('',#5392,0.500000000008485);
#713=CIRCLE('',#5394,7.65000000041943);
#714=CIRCLE('',#5396,7.65000000025396);
#715=CIRCLE('',#5398,0.200000000003612);
#716=CIRCLE('',#5399,0.20000000000696);
#717=CIRCLE('',#5400,0.200000000013432);
#718=CIRCLE('',#5401,0.500000000020008);
#719=CIRCLE('',#5402,7.23857212120471);
#720=CIRCLE('',#5405,7.00000000022203);
#721=CIRCLE('',#5407,0.500000000006747);
#722=CIRCLE('',#5408,7.00000000025392);
#723=CIRCLE('',#5411,0.500000000011419);
#724=CIRCLE('',#5412,5.20000000018168);
#725=CIRCLE('',#5413,6.90000000017141);
#726=CIRCLE('',#5415,7.10000000035801);
#727=CIRCLE('',#5417,7.00000000017622);
#728=CIRCLE('',#5418,0.750000000027318);
#729=CIRCLE('',#5420,0.800000000034365);
#730=CIRCLE('',#5421,0.800000000027025);
#731=CIRCLE('',#5424,0.500000000019969);
#732=CIRCLE('',#5426,0.200000000010278);
#733=CIRCLE('',#5428,0.500000000002023);
#734=CIRCLE('',#5432,0.200000000006521);
#735=CIRCLE('',#5433,7.1000000003992);
#736=CIRCLE('',#5437,5.70000000023945);
#737=CIRCLE('',#5439,7.00000000027754);
#738=CIRCLE('',#5440,0.750000000027326);
#739=CIRCLE('',#5442,0.800000000034363);
#740=CIRCLE('',#5447,0.500000000014787);
#741=ORIENTED_EDGE('',*,*,#2289,.F.);
#742=ORIENTED_EDGE('',*,*,#2290,.F.);
#743=ORIENTED_EDGE('',*,*,#2291,.F.);
#744=ORIENTED_EDGE('',*,*,#2292,.F.);
#745=ORIENTED_EDGE('',*,*,#2293,.T.);
#746=ORIENTED_EDGE('',*,*,#2294,.F.);
#747=ORIENTED_EDGE('',*,*,#2295,.F.);
#748=ORIENTED_EDGE('',*,*,#2296,.F.);
#749=ORIENTED_EDGE('',*,*,#2297,.F.);
#750=ORIENTED_EDGE('',*,*,#2298,.F.);
#751=ORIENTED_EDGE('',*,*,#2299,.F.);
#752=ORIENTED_EDGE('',*,*,#2300,.F.);
#753=ORIENTED_EDGE('',*,*,#2301,.F.);
#754=ORIENTED_EDGE('',*,*,#2302,.F.);
#755=ORIENTED_EDGE('',*,*,#2303,.T.);
#756=ORIENTED_EDGE('',*,*,#2304,.T.);
#757=ORIENTED_EDGE('',*,*,#2305,.F.);
#758=ORIENTED_EDGE('',*,*,#2306,.F.);
#759=ORIENTED_EDGE('',*,*,#2307,.F.);
#760=ORIENTED_EDGE('',*,*,#2308,.T.);
#761=ORIENTED_EDGE('',*,*,#2309,.T.);
#762=ORIENTED_EDGE('',*,*,#2310,.T.);
#763=ORIENTED_EDGE('',*,*,#2311,.F.);
#764=ORIENTED_EDGE('',*,*,#2312,.F.);
#765=ORIENTED_EDGE('',*,*,#2313,.F.);
#766=ORIENTED_EDGE('',*,*,#2314,.F.);
#767=ORIENTED_EDGE('',*,*,#2315,.T.);
#768=ORIENTED_EDGE('',*,*,#2316,.T.);
#769=ORIENTED_EDGE('',*,*,#2317,.F.);
#770=ORIENTED_EDGE('',*,*,#2318,.T.);
#771=ORIENTED_EDGE('',*,*,#2319,.T.);
#772=ORIENTED_EDGE('',*,*,#2320,.T.);
#773=ORIENTED_EDGE('',*,*,#2321,.F.);
#774=ORIENTED_EDGE('',*,*,#2322,.T.);
#775=ORIENTED_EDGE('',*,*,#2323,.T.);
#776=ORIENTED_EDGE('',*,*,#2324,.F.);
#777=ORIENTED_EDGE('',*,*,#2325,.F.);
#778=ORIENTED_EDGE('',*,*,#2326,.F.);
#779=ORIENTED_EDGE('',*,*,#2327,.T.);
#780=ORIENTED_EDGE('',*,*,#2328,.F.);
#781=ORIENTED_EDGE('',*,*,#2329,.T.);
#782=ORIENTED_EDGE('',*,*,#2330,.F.);
#783=ORIENTED_EDGE('',*,*,#2331,.F.);
#784=ORIENTED_EDGE('',*,*,#2332,.T.);
#785=ORIENTED_EDGE('',*,*,#2333,.T.);
#786=ORIENTED_EDGE('',*,*,#2334,.T.);
#787=ORIENTED_EDGE('',*,*,#2335,.F.);
#788=ORIENTED_EDGE('',*,*,#2336,.T.);
#789=ORIENTED_EDGE('',*,*,#2337,.T.);
#790=ORIENTED_EDGE('',*,*,#2338,.F.);
#791=ORIENTED_EDGE('',*,*,#2339,.F.);
#792=ORIENTED_EDGE('',*,*,#2340,.T.);
#793=ORIENTED_EDGE('',*,*,#2341,.F.);
#794=ORIENTED_EDGE('',*,*,#2342,.F.);
#795=ORIENTED_EDGE('',*,*,#2343,.T.);
#796=ORIENTED_EDGE('',*,*,#2344,.T.);
#797=ORIENTED_EDGE('',*,*,#2345,.F.);
#798=ORIENTED_EDGE('',*,*,#2346,.F.);
#799=ORIENTED_EDGE('',*,*,#2347,.F.);
#800=ORIENTED_EDGE('',*,*,#2348,.F.);
#801=ORIENTED_EDGE('',*,*,#2349,.F.);
#802=ORIENTED_EDGE('',*,*,#2350,.F.);
#803=ORIENTED_EDGE('',*,*,#2351,.F.);
#804=ORIENTED_EDGE('',*,*,#2352,.F.);
#805=ORIENTED_EDGE('',*,*,#2353,.F.);
#806=ORIENTED_EDGE('',*,*,#2354,.F.);
#807=ORIENTED_EDGE('',*,*,#2344,.F.);
#808=ORIENTED_EDGE('',*,*,#2355,.F.);
#809=ORIENTED_EDGE('',*,*,#2356,.T.);
#810=ORIENTED_EDGE('',*,*,#2357,.T.);
#811=ORIENTED_EDGE('',*,*,#2342,.T.);
#812=ORIENTED_EDGE('',*,*,#2358,.F.);
#813=ORIENTED_EDGE('',*,*,#2359,.F.);
#814=ORIENTED_EDGE('',*,*,#2360,.T.);
#815=ORIENTED_EDGE('',*,*,#2361,.T.);
#816=ORIENTED_EDGE('',*,*,#2362,.T.);
#817=ORIENTED_EDGE('',*,*,#2363,.T.);
#818=ORIENTED_EDGE('',*,*,#2364,.T.);
#819=ORIENTED_EDGE('',*,*,#2365,.F.);
#820=ORIENTED_EDGE('',*,*,#2366,.T.);
#821=ORIENTED_EDGE('',*,*,#2367,.T.);
#822=ORIENTED_EDGE('',*,*,#2368,.T.);
#823=ORIENTED_EDGE('',*,*,#2369,.T.);
#824=ORIENTED_EDGE('',*,*,#2370,.F.);
#825=ORIENTED_EDGE('',*,*,#2371,.T.);
#826=ORIENTED_EDGE('',*,*,#2372,.T.);
#827=ORIENTED_EDGE('',*,*,#2368,.F.);
#828=ORIENTED_EDGE('',*,*,#2373,.F.);
#829=ORIENTED_EDGE('',*,*,#2374,.T.);
#830=ORIENTED_EDGE('',*,*,#2375,.F.);
#831=ORIENTED_EDGE('',*,*,#2376,.T.);
#832=ORIENTED_EDGE('',*,*,#2377,.F.);
#833=ORIENTED_EDGE('',*,*,#2378,.T.);
#834=ORIENTED_EDGE('',*,*,#2379,.T.);
#835=ORIENTED_EDGE('',*,*,#2380,.T.);
#836=ORIENTED_EDGE('',*,*,#2381,.T.);
#837=ORIENTED_EDGE('',*,*,#2382,.F.);
#838=ORIENTED_EDGE('',*,*,#2376,.F.);
#839=ORIENTED_EDGE('',*,*,#2383,.T.);
#840=ORIENTED_EDGE('',*,*,#2384,.F.);
#841=ORIENTED_EDGE('',*,*,#2385,.F.);
#842=ORIENTED_EDGE('',*,*,#2386,.T.);
#843=ORIENTED_EDGE('',*,*,#2387,.T.);
#844=ORIENTED_EDGE('',*,*,#2388,.F.);
#845=ORIENTED_EDGE('',*,*,#2389,.F.);
#846=ORIENTED_EDGE('',*,*,#2390,.F.);
#847=ORIENTED_EDGE('',*,*,#2391,.T.);
#848=ORIENTED_EDGE('',*,*,#2392,.T.);
#849=ORIENTED_EDGE('',*,*,#2393,.F.);
#850=ORIENTED_EDGE('',*,*,#2394,.F.);
#851=ORIENTED_EDGE('',*,*,#2395,.F.);
#852=ORIENTED_EDGE('',*,*,#2396,.F.);
#853=ORIENTED_EDGE('',*,*,#2397,.F.);
#854=ORIENTED_EDGE('',*,*,#2398,.T.);
#855=ORIENTED_EDGE('',*,*,#2399,.F.);
#856=ORIENTED_EDGE('',*,*,#2400,.F.);
#857=ORIENTED_EDGE('',*,*,#2401,.F.);
#858=ORIENTED_EDGE('',*,*,#2402,.T.);
#859=ORIENTED_EDGE('',*,*,#2403,.T.);
#860=ORIENTED_EDGE('',*,*,#2404,.F.);
#861=ORIENTED_EDGE('',*,*,#2405,.T.);
#862=ORIENTED_EDGE('',*,*,#2406,.F.);
#863=ORIENTED_EDGE('',*,*,#2407,.T.);
#864=ORIENTED_EDGE('',*,*,#2408,.F.);
#865=ORIENTED_EDGE('',*,*,#2409,.T.);
#866=ORIENTED_EDGE('',*,*,#2410,.T.);
#867=ORIENTED_EDGE('',*,*,#2411,.T.);
#868=ORIENTED_EDGE('',*,*,#2412,.F.);
#869=ORIENTED_EDGE('',*,*,#2413,.T.);
#870=ORIENTED_EDGE('',*,*,#2414,.F.);
#871=ORIENTED_EDGE('',*,*,#2415,.T.);
#872=ORIENTED_EDGE('',*,*,#2416,.F.);
#873=ORIENTED_EDGE('',*,*,#2417,.F.);
#874=ORIENTED_EDGE('',*,*,#2348,.T.);
#875=ORIENTED_EDGE('',*,*,#2418,.T.);
#876=ORIENTED_EDGE('',*,*,#2419,.F.);
#877=ORIENTED_EDGE('',*,*,#2420,.F.);
#878=ORIENTED_EDGE('',*,*,#2421,.T.);
#879=ORIENTED_EDGE('',*,*,#2422,.T.);
#880=ORIENTED_EDGE('',*,*,#2423,.F.);
#881=ORIENTED_EDGE('',*,*,#2424,.F.);
#882=ORIENTED_EDGE('',*,*,#2425,.T.);
#883=ORIENTED_EDGE('',*,*,#2366,.F.);
#884=ORIENTED_EDGE('',*,*,#2426,.F.);
#885=ORIENTED_EDGE('',*,*,#2427,.T.);
#886=ORIENTED_EDGE('',*,*,#2428,.T.);
#887=ORIENTED_EDGE('',*,*,#2429,.F.);
#888=ORIENTED_EDGE('',*,*,#2430,.T.);
#889=ORIENTED_EDGE('',*,*,#2431,.T.);
#890=ORIENTED_EDGE('',*,*,#2432,.F.);
#891=ORIENTED_EDGE('',*,*,#2433,.T.);
#892=ORIENTED_EDGE('',*,*,#2434,.T.);
#893=ORIENTED_EDGE('',*,*,#2435,.F.);
#894=ORIENTED_EDGE('',*,*,#2436,.F.);
#895=ORIENTED_EDGE('',*,*,#2431,.F.);
#896=ORIENTED_EDGE('',*,*,#2437,.F.);
#897=ORIENTED_EDGE('',*,*,#2346,.T.);
#898=ORIENTED_EDGE('',*,*,#2438,.T.);
#899=ORIENTED_EDGE('',*,*,#2439,.F.);
#900=ORIENTED_EDGE('',*,*,#2295,.T.);
#901=ORIENTED_EDGE('',*,*,#2440,.F.);
#902=ORIENTED_EDGE('',*,*,#2441,.F.);
#903=ORIENTED_EDGE('',*,*,#2310,.F.);
#904=ORIENTED_EDGE('',*,*,#2442,.T.);
#905=ORIENTED_EDGE('',*,*,#2443,.F.);
#906=ORIENTED_EDGE('',*,*,#2444,.F.);
#907=ORIENTED_EDGE('',*,*,#2445,.F.);
#908=ORIENTED_EDGE('',*,*,#2446,.T.);
#909=ORIENTED_EDGE('',*,*,#2447,.F.);
#910=ORIENTED_EDGE('',*,*,#2448,.F.);
#911=ORIENTED_EDGE('',*,*,#2449,.F.);
#912=ORIENTED_EDGE('',*,*,#2450,.F.);
#913=ORIENTED_EDGE('',*,*,#2451,.T.);
#914=ORIENTED_EDGE('',*,*,#2452,.F.);
#915=ORIENTED_EDGE('',*,*,#2453,.F.);
#916=ORIENTED_EDGE('',*,*,#2454,.F.);
#917=ORIENTED_EDGE('',*,*,#2455,.T.);
#918=ORIENTED_EDGE('',*,*,#2456,.F.);
#919=ORIENTED_EDGE('',*,*,#2457,.T.);
#920=ORIENTED_EDGE('',*,*,#2458,.F.);
#921=ORIENTED_EDGE('',*,*,#2459,.T.);
#922=ORIENTED_EDGE('',*,*,#2460,.F.);
#923=ORIENTED_EDGE('',*,*,#2461,.T.);
#924=ORIENTED_EDGE('',*,*,#2462,.T.);
#925=ORIENTED_EDGE('',*,*,#2463,.F.);
#926=ORIENTED_EDGE('',*,*,#2464,.F.);
#927=ORIENTED_EDGE('',*,*,#2465,.F.);
#928=ORIENTED_EDGE('',*,*,#2466,.T.);
#929=ORIENTED_EDGE('',*,*,#2467,.T.);
#930=ORIENTED_EDGE('',*,*,#2468,.F.);
#931=ORIENTED_EDGE('',*,*,#2469,.T.);
#932=ORIENTED_EDGE('',*,*,#2470,.T.);
#933=ORIENTED_EDGE('',*,*,#2471,.F.);
#934=ORIENTED_EDGE('',*,*,#2472,.F.);
#935=ORIENTED_EDGE('',*,*,#2473,.F.);
#936=ORIENTED_EDGE('',*,*,#2474,.T.);
#937=ORIENTED_EDGE('',*,*,#2475,.T.);
#938=ORIENTED_EDGE('',*,*,#2476,.F.);
#939=ORIENTED_EDGE('',*,*,#2477,.F.);
#940=ORIENTED_EDGE('',*,*,#2478,.T.);
#941=ORIENTED_EDGE('',*,*,#2479,.T.);
#942=ORIENTED_EDGE('',*,*,#2480,.T.);
#943=ORIENTED_EDGE('',*,*,#2481,.F.);
#944=ORIENTED_EDGE('',*,*,#2482,.T.);
#945=ORIENTED_EDGE('',*,*,#2483,.T.);
#946=ORIENTED_EDGE('',*,*,#2484,.F.);
#947=ORIENTED_EDGE('',*,*,#2485,.F.);
#948=ORIENTED_EDGE('',*,*,#2486,.T.);
#949=ORIENTED_EDGE('',*,*,#2487,.T.);
#950=ORIENTED_EDGE('',*,*,#2488,.F.);
#951=ORIENTED_EDGE('',*,*,#2489,.T.);
#952=ORIENTED_EDGE('',*,*,#2490,.T.);
#953=ORIENTED_EDGE('',*,*,#2491,.T.);
#954=ORIENTED_EDGE('',*,*,#2492,.F.);
#955=ORIENTED_EDGE('',*,*,#2493,.F.);
#956=ORIENTED_EDGE('',*,*,#2486,.F.);
#957=ORIENTED_EDGE('',*,*,#2494,.F.);
#958=ORIENTED_EDGE('',*,*,#2495,.T.);
#959=ORIENTED_EDGE('',*,*,#2496,.F.);
#960=ORIENTED_EDGE('',*,*,#2497,.T.);
#961=ORIENTED_EDGE('',*,*,#2498,.F.);
#962=ORIENTED_EDGE('',*,*,#2499,.T.);
#963=ORIENTED_EDGE('',*,*,#2500,.F.);
#964=ORIENTED_EDGE('',*,*,#2501,.F.);
#965=ORIENTED_EDGE('',*,*,#2502,.F.);
#966=ORIENTED_EDGE('',*,*,#2495,.F.);
#967=ORIENTED_EDGE('',*,*,#2503,.F.);
#968=ORIENTED_EDGE('',*,*,#2504,.F.);
#969=ORIENTED_EDGE('',*,*,#2505,.F.);
#970=ORIENTED_EDGE('',*,*,#2506,.F.);
#971=ORIENTED_EDGE('',*,*,#2507,.F.);
#972=ORIENTED_EDGE('',*,*,#2508,.F.);
#973=ORIENTED_EDGE('',*,*,#2509,.F.);
#974=ORIENTED_EDGE('',*,*,#2510,.F.);
#975=ORIENTED_EDGE('',*,*,#2511,.F.);
#976=ORIENTED_EDGE('',*,*,#2512,.T.);
#977=ORIENTED_EDGE('',*,*,#2508,.T.);
#978=ORIENTED_EDGE('',*,*,#2513,.F.);
#979=ORIENTED_EDGE('',*,*,#2514,.F.);
#980=ORIENTED_EDGE('',*,*,#2515,.F.);
#981=ORIENTED_EDGE('',*,*,#2516,.T.);
#982=ORIENTED_EDGE('',*,*,#2517,.T.);
#983=ORIENTED_EDGE('',*,*,#2518,.T.);
#984=ORIENTED_EDGE('',*,*,#2519,.F.);
#985=ORIENTED_EDGE('',*,*,#2520,.T.);
#986=ORIENTED_EDGE('',*,*,#2521,.F.);
#987=ORIENTED_EDGE('',*,*,#2522,.T.);
#988=ORIENTED_EDGE('',*,*,#2523,.F.);
#989=ORIENTED_EDGE('',*,*,#2524,.T.);
#990=ORIENTED_EDGE('',*,*,#2525,.F.);
#991=ORIENTED_EDGE('',*,*,#2526,.T.);
#992=ORIENTED_EDGE('',*,*,#2527,.T.);
#993=ORIENTED_EDGE('',*,*,#2528,.F.);
#994=ORIENTED_EDGE('',*,*,#2529,.F.);
#995=ORIENTED_EDGE('',*,*,#2530,.T.);
#996=ORIENTED_EDGE('',*,*,#2531,.T.);
#997=ORIENTED_EDGE('',*,*,#2532,.T.);
#998=ORIENTED_EDGE('',*,*,#2533,.F.);
#999=ORIENTED_EDGE('',*,*,#2534,.T.);
#1000=ORIENTED_EDGE('',*,*,#2535,.T.);
#1001=ORIENTED_EDGE('',*,*,#2536,.F.);
#1002=ORIENTED_EDGE('',*,*,#2537,.F.);
#1003=ORIENTED_EDGE('',*,*,#2538,.F.);
#1004=ORIENTED_EDGE('',*,*,#2539,.F.);
#1005=ORIENTED_EDGE('',*,*,#2540,.T.);
#1006=ORIENTED_EDGE('',*,*,#2541,.F.);
#1007=ORIENTED_EDGE('',*,*,#2542,.T.);
#1008=ORIENTED_EDGE('',*,*,#2543,.T.);
#1009=ORIENTED_EDGE('',*,*,#2534,.F.);
#1010=ORIENTED_EDGE('',*,*,#2544,.F.);
#1011=ORIENTED_EDGE('',*,*,#2545,.F.);
#1012=ORIENTED_EDGE('',*,*,#2546,.T.);
#1013=ORIENTED_EDGE('',*,*,#2547,.F.);
#1014=ORIENTED_EDGE('',*,*,#2548,.T.);
#1015=ORIENTED_EDGE('',*,*,#2549,.F.);
#1016=ORIENTED_EDGE('',*,*,#2550,.T.);
#1017=ORIENTED_EDGE('',*,*,#2551,.F.);
#1018=ORIENTED_EDGE('',*,*,#2552,.F.);
#1019=ORIENTED_EDGE('',*,*,#2553,.F.);
#1020=ORIENTED_EDGE('',*,*,#2554,.F.);
#1021=ORIENTED_EDGE('',*,*,#2555,.T.);
#1022=ORIENTED_EDGE('',*,*,#2556,.F.);
#1023=ORIENTED_EDGE('',*,*,#2557,.T.);
#1024=ORIENTED_EDGE('',*,*,#2558,.F.);
#1025=ORIENTED_EDGE('',*,*,#2559,.F.);
#1026=ORIENTED_EDGE('',*,*,#2560,.T.);
#1027=ORIENTED_EDGE('',*,*,#2561,.F.);
#1028=ORIENTED_EDGE('',*,*,#2562,.T.);
#1029=ORIENTED_EDGE('',*,*,#2563,.F.);
#1030=ORIENTED_EDGE('',*,*,#2564,.T.);
#1031=ORIENTED_EDGE('',*,*,#2565,.F.);
#1032=ORIENTED_EDGE('',*,*,#2566,.F.);
#1033=ORIENTED_EDGE('',*,*,#2567,.T.);
#1034=ORIENTED_EDGE('',*,*,#2568,.F.);
#1035=ORIENTED_EDGE('',*,*,#2569,.T.);
#1036=ORIENTED_EDGE('',*,*,#2570,.F.);
#1037=ORIENTED_EDGE('',*,*,#2551,.T.);
#1038=ORIENTED_EDGE('',*,*,#2571,.F.);
#1039=ORIENTED_EDGE('',*,*,#2572,.F.);
#1040=ORIENTED_EDGE('',*,*,#2565,.T.);
#1041=ORIENTED_EDGE('',*,*,#2573,.F.);
#1042=ORIENTED_EDGE('',*,*,#2574,.T.);
#1043=ORIENTED_EDGE('',*,*,#2575,.F.);
#1044=ORIENTED_EDGE('',*,*,#2576,.F.);
#1045=ORIENTED_EDGE('',*,*,#2577,.T.);
#1046=ORIENTED_EDGE('',*,*,#2578,.F.);
#1047=ORIENTED_EDGE('',*,*,#2579,.F.);
#1048=ORIENTED_EDGE('',*,*,#2580,.F.);
#1049=ORIENTED_EDGE('',*,*,#2581,.T.);
#1050=ORIENTED_EDGE('',*,*,#2582,.F.);
#1051=ORIENTED_EDGE('',*,*,#2583,.T.);
#1052=ORIENTED_EDGE('',*,*,#2584,.F.);
#1053=ORIENTED_EDGE('',*,*,#2585,.F.);
#1054=ORIENTED_EDGE('',*,*,#2586,.F.);
#1055=ORIENTED_EDGE('',*,*,#2587,.T.);
#1056=ORIENTED_EDGE('',*,*,#2588,.F.);
#1057=ORIENTED_EDGE('',*,*,#2589,.F.);
#1058=ORIENTED_EDGE('',*,*,#2471,.T.);
#1059=ORIENTED_EDGE('',*,*,#2590,.F.);
#1060=ORIENTED_EDGE('',*,*,#2591,.F.);
#1061=ORIENTED_EDGE('',*,*,#2592,.F.);
#1062=ORIENTED_EDGE('',*,*,#2593,.F.);
#1063=ORIENTED_EDGE('',*,*,#2594,.T.);
#1064=ORIENTED_EDGE('',*,*,#2454,.T.);
#1065=ORIENTED_EDGE('',*,*,#2595,.F.);
#1066=ORIENTED_EDGE('',*,*,#2596,.T.);
#1067=ORIENTED_EDGE('',*,*,#2597,.F.);
#1068=ORIENTED_EDGE('',*,*,#2598,.F.);
#1069=ORIENTED_EDGE('',*,*,#2599,.F.);
#1070=ORIENTED_EDGE('',*,*,#2600,.T.);
#1071=ORIENTED_EDGE('',*,*,#2601,.T.);
#1072=ORIENTED_EDGE('',*,*,#2602,.F.);
#1073=ORIENTED_EDGE('',*,*,#2603,.F.);
#1074=ORIENTED_EDGE('',*,*,#2604,.F.);
#1075=ORIENTED_EDGE('',*,*,#2605,.T.);
#1076=ORIENTED_EDGE('',*,*,#2596,.F.);
#1077=ORIENTED_EDGE('',*,*,#2606,.T.);
#1078=ORIENTED_EDGE('',*,*,#2607,.T.);
#1079=ORIENTED_EDGE('',*,*,#2608,.F.);
#1080=ORIENTED_EDGE('',*,*,#2609,.T.);
#1081=ORIENTED_EDGE('',*,*,#2610,.T.);
#1082=ORIENTED_EDGE('',*,*,#2611,.F.);
#1083=ORIENTED_EDGE('',*,*,#2612,.F.);
#1084=ORIENTED_EDGE('',*,*,#2607,.F.);
#1085=ORIENTED_EDGE('',*,*,#2613,.F.);
#1086=ORIENTED_EDGE('',*,*,#2452,.T.);
#1087=ORIENTED_EDGE('',*,*,#2614,.F.);
#1088=ORIENTED_EDGE('',*,*,#2615,.T.);
#1089=ORIENTED_EDGE('',*,*,#2616,.T.);
#1090=ORIENTED_EDGE('',*,*,#2617,.F.);
#1091=ORIENTED_EDGE('',*,*,#2509,.T.);
#1092=ORIENTED_EDGE('',*,*,#2512,.F.);
#1093=ORIENTED_EDGE('',*,*,#2618,.F.);
#1094=ORIENTED_EDGE('',*,*,#2619,.T.);
#1095=ORIENTED_EDGE('',*,*,#2620,.T.);
#1096=ORIENTED_EDGE('',*,*,#2621,.T.);
#1097=ORIENTED_EDGE('',*,*,#2622,.F.);
#1098=ORIENTED_EDGE('',*,*,#2623,.F.);
#1099=ORIENTED_EDGE('',*,*,#2616,.F.);
#1100=ORIENTED_EDGE('',*,*,#2624,.T.);
#1101=ORIENTED_EDGE('',*,*,#2625,.F.);
#1102=ORIENTED_EDGE('',*,*,#2626,.F.);
#1103=ORIENTED_EDGE('',*,*,#2627,.T.);
#1104=ORIENTED_EDGE('',*,*,#2628,.F.);
#1105=ORIENTED_EDGE('',*,*,#2629,.F.);
#1106=ORIENTED_EDGE('',*,*,#2630,.F.);
#1107=ORIENTED_EDGE('',*,*,#2631,.T.);
#1108=ORIENTED_EDGE('',*,*,#2447,.T.);
#1109=ORIENTED_EDGE('',*,*,#2632,.F.);
#1110=ORIENTED_EDGE('',*,*,#2633,.T.);
#1111=ORIENTED_EDGE('',*,*,#2634,.T.);
#1112=ORIENTED_EDGE('',*,*,#2635,.T.);
#1113=ORIENTED_EDGE('',*,*,#2636,.F.);
#1114=ORIENTED_EDGE('',*,*,#2637,.T.);
#1115=ORIENTED_EDGE('',*,*,#2638,.F.);
#1116=ORIENTED_EDGE('',*,*,#2639,.F.);
#1117=ORIENTED_EDGE('',*,*,#2640,.F.);
#1118=ORIENTED_EDGE('',*,*,#2390,.T.);
#1119=ORIENTED_EDGE('',*,*,#2641,.T.);
#1120=ORIENTED_EDGE('',*,*,#2642,.T.);
#1121=ORIENTED_EDGE('',*,*,#2449,.T.);
#1122=ORIENTED_EDGE('',*,*,#2643,.T.);
#1123=ORIENTED_EDGE('',*,*,#2644,.F.);
#1124=ORIENTED_EDGE('',*,*,#2637,.F.);
#1125=ORIENTED_EDGE('',*,*,#2645,.F.);
#1126=ORIENTED_EDGE('',*,*,#2293,.F.);
#1127=ORIENTED_EDGE('',*,*,#2646,.T.);
#1128=ORIENTED_EDGE('',*,*,#2577,.F.);
#1129=ORIENTED_EDGE('',*,*,#2647,.F.);
#1130=ORIENTED_EDGE('',*,*,#2648,.T.);
#1131=ORIENTED_EDGE('',*,*,#2575,.T.);
#1132=ORIENTED_EDGE('',*,*,#2649,.F.);
#1133=ORIENTED_EDGE('',*,*,#2554,.T.);
#1134=ORIENTED_EDGE('',*,*,#2650,.T.);
#1135=ORIENTED_EDGE('',*,*,#2651,.F.);
#1136=ORIENTED_EDGE('',*,*,#2652,.T.);
#1137=ORIENTED_EDGE('',*,*,#2571,.T.);
#1138=ORIENTED_EDGE('',*,*,#2550,.F.);
#1139=ORIENTED_EDGE('',*,*,#2653,.F.);
#1140=ORIENTED_EDGE('',*,*,#2545,.T.);
#1141=ORIENTED_EDGE('',*,*,#2654,.T.);
#1142=ORIENTED_EDGE('',*,*,#2655,.F.);
#1143=ORIENTED_EDGE('',*,*,#2656,.T.);
#1144=ORIENTED_EDGE('',*,*,#2584,.T.);
#1145=ORIENTED_EDGE('',*,*,#2657,.F.);
#1146=ORIENTED_EDGE('',*,*,#2559,.T.);
#1147=ORIENTED_EDGE('',*,*,#2658,.T.);
#1148=ORIENTED_EDGE('',*,*,#2622,.T.);
#1149=ORIENTED_EDGE('',*,*,#2659,.T.);
#1150=ORIENTED_EDGE('',*,*,#2630,.T.);
#1151=ORIENTED_EDGE('',*,*,#2660,.F.);
#1152=ORIENTED_EDGE('',*,*,#2547,.T.);
#1153=ORIENTED_EDGE('',*,*,#2661,.T.);
#1154=ORIENTED_EDGE('',*,*,#2552,.T.);
#1155=ORIENTED_EDGE('',*,*,#2570,.T.);
#1156=ORIENTED_EDGE('',*,*,#2662,.F.);
#1157=ORIENTED_EDGE('',*,*,#2556,.T.);
#1158=ORIENTED_EDGE('',*,*,#2663,.T.);
#1159=ORIENTED_EDGE('',*,*,#2573,.T.);
#1160=ORIENTED_EDGE('',*,*,#2564,.F.);
#1161=ORIENTED_EDGE('',*,*,#2664,.F.);
#1162=ORIENTED_EDGE('',*,*,#2561,.T.);
#1163=ORIENTED_EDGE('',*,*,#2665,.T.);
#1164=ORIENTED_EDGE('',*,*,#2582,.T.);
#1165=ORIENTED_EDGE('',*,*,#2312,.T.);
#1166=ORIENTED_EDGE('',*,*,#2666,.T.);
#1167=ORIENTED_EDGE('',*,*,#2443,.T.);
#1168=ORIENTED_EDGE('',*,*,#2667,.T.);
#1169=ORIENTED_EDGE('',*,*,#2668,.T.);
#1170=ORIENTED_EDGE('',*,*,#2445,.T.);
#1171=ORIENTED_EDGE('',*,*,#2669,.F.);
#1172=ORIENTED_EDGE('',*,*,#2670,.F.);
#1173=ORIENTED_EDGE('',*,*,#2671,.T.);
#1174=ORIENTED_EDGE('',*,*,#2672,.F.);
#1175=ORIENTED_EDGE('',*,*,#2673,.F.);
#1176=ORIENTED_EDGE('',*,*,#2674,.F.);
#1177=ORIENTED_EDGE('',*,*,#2671,.F.);
#1178=ORIENTED_EDGE('',*,*,#2675,.F.);
#1179=ORIENTED_EDGE('',*,*,#2676,.F.);
#1180=ORIENTED_EDGE('',*,*,#2677,.F.);
#1181=ORIENTED_EDGE('',*,*,#2678,.F.);
#1182=ORIENTED_EDGE('',*,*,#2679,.T.);
#1183=ORIENTED_EDGE('',*,*,#2680,.F.);
#1184=ORIENTED_EDGE('',*,*,#2674,.T.);
#1185=ORIENTED_EDGE('',*,*,#2681,.F.);
#1186=ORIENTED_EDGE('',*,*,#2682,.F.);
#1187=ORIENTED_EDGE('',*,*,#2672,.T.);
#1188=ORIENTED_EDGE('',*,*,#2680,.T.);
#1189=ORIENTED_EDGE('',*,*,#2683,.T.);
#1190=ORIENTED_EDGE('',*,*,#2684,.F.);
#1191=ORIENTED_EDGE('',*,*,#2685,.F.);
#1192=ORIENTED_EDGE('',*,*,#2683,.F.);
#1193=ORIENTED_EDGE('',*,*,#2679,.F.);
#1194=ORIENTED_EDGE('',*,*,#2386,.F.);
#1195=ORIENTED_EDGE('',*,*,#2686,.F.);
#1196=ORIENTED_EDGE('',*,*,#2687,.F.);
#1197=ORIENTED_EDGE('',*,*,#2433,.F.);
#1198=ORIENTED_EDGE('',*,*,#2688,.T.);
#1199=ORIENTED_EDGE('',*,*,#2689,.F.);
#1200=ORIENTED_EDGE('',*,*,#2334,.F.);
#1201=ORIENTED_EDGE('',*,*,#2690,.T.);
#1202=ORIENTED_EDGE('',*,*,#2628,.T.);
#1203=ORIENTED_EDGE('',*,*,#2336,.F.);
#1204=ORIENTED_EDGE('',*,*,#2691,.F.);
#1205=ORIENTED_EDGE('',*,*,#2692,.F.);
#1206=ORIENTED_EDGE('',*,*,#2693,.T.);
#1207=ORIENTED_EDGE('',*,*,#2694,.F.);
#1208=ORIENTED_EDGE('',*,*,#2695,.F.);
#1209=ORIENTED_EDGE('',*,*,#2696,.F.);
#1210=ORIENTED_EDGE('',*,*,#2697,.F.);
#1211=ORIENTED_EDGE('',*,*,#2305,.T.);
#1212=ORIENTED_EDGE('',*,*,#2698,.F.);
#1213=ORIENTED_EDGE('',*,*,#2695,.T.);
#1214=ORIENTED_EDGE('',*,*,#2699,.T.);
#1215=ORIENTED_EDGE('',*,*,#2700,.F.);
#1216=ORIENTED_EDGE('',*,*,#2422,.F.);
#1217=ORIENTED_EDGE('',*,*,#2626,.T.);
#1218=ORIENTED_EDGE('',*,*,#2701,.T.);
#1219=ORIENTED_EDGE('',*,*,#2702,.F.);
#1220=ORIENTED_EDGE('',*,*,#2703,.F.);
#1221=ORIENTED_EDGE('',*,*,#2704,.F.);
#1222=ORIENTED_EDGE('',*,*,#2705,.F.);
#1223=ORIENTED_EDGE('',*,*,#2706,.F.);
#1224=ORIENTED_EDGE('',*,*,#2425,.F.);
#1225=ORIENTED_EDGE('',*,*,#2707,.F.);
#1226=ORIENTED_EDGE('',*,*,#2398,.F.);
#1227=ORIENTED_EDGE('',*,*,#2708,.F.);
#1228=ORIENTED_EDGE('',*,*,#2709,.F.);
#1229=ORIENTED_EDGE('',*,*,#2699,.F.);
#1230=ORIENTED_EDGE('',*,*,#2694,.T.);
#1231=ORIENTED_EDGE('',*,*,#2710,.F.);
#1232=ORIENTED_EDGE('',*,*,#2410,.F.);
#1233=ORIENTED_EDGE('',*,*,#2711,.T.);
#1234=ORIENTED_EDGE('',*,*,#2414,.T.);
#1235=ORIENTED_EDGE('',*,*,#2708,.T.);
#1236=ORIENTED_EDGE('',*,*,#2712,.F.);
#1237=ORIENTED_EDGE('',*,*,#2713,.T.);
#1238=ORIENTED_EDGE('',*,*,#2714,.T.);
#1239=ORIENTED_EDGE('',*,*,#2707,.T.);
#1240=ORIENTED_EDGE('',*,*,#2715,.F.);
#1241=ORIENTED_EDGE('',*,*,#2716,.T.);
#1242=ORIENTED_EDGE('',*,*,#2362,.F.);
#1243=ORIENTED_EDGE('',*,*,#2717,.F.);
#1244=ORIENTED_EDGE('',*,*,#2718,.F.);
#1245=ORIENTED_EDGE('',*,*,#2719,.F.);
#1246=ORIENTED_EDGE('',*,*,#2720,.T.);
#1247=ORIENTED_EDGE('',*,*,#2721,.T.);
#1248=ORIENTED_EDGE('',*,*,#2722,.F.);
#1249=ORIENTED_EDGE('',*,*,#2723,.T.);
#1250=ORIENTED_EDGE('',*,*,#2724,.T.);
#1251=ORIENTED_EDGE('',*,*,#2725,.T.);
#1252=ORIENTED_EDGE('',*,*,#2718,.T.);
#1253=ORIENTED_EDGE('',*,*,#2726,.F.);
#1254=ORIENTED_EDGE('',*,*,#2727,.T.);
#1255=ORIENTED_EDGE('',*,*,#2728,.F.);
#1256=ORIENTED_EDGE('',*,*,#2685,.T.);
#1257=ORIENTED_EDGE('',*,*,#2729,.T.);
#1258=ORIENTED_EDGE('',*,*,#2730,.T.);
#1259=ORIENTED_EDGE('',*,*,#2727,.F.);
#1260=ORIENTED_EDGE('',*,*,#2731,.F.);
#1261=ORIENTED_EDGE('',*,*,#2732,.F.);
#1262=ORIENTED_EDGE('',*,*,#2733,.F.);
#1263=ORIENTED_EDGE('',*,*,#2734,.F.);
#1264=ORIENTED_EDGE('',*,*,#2391,.F.);
#1265=ORIENTED_EDGE('',*,*,#2735,.F.);
#1266=ORIENTED_EDGE('',*,*,#2736,.F.);
#1267=ORIENTED_EDGE('',*,*,#2737,.F.);
#1268=ORIENTED_EDGE('',*,*,#2738,.T.);
#1269=ORIENTED_EDGE('',*,*,#2402,.F.);
#1270=ORIENTED_EDGE('',*,*,#2739,.T.);
#1271=ORIENTED_EDGE('',*,*,#2740,.T.);
#1272=ORIENTED_EDGE('',*,*,#2435,.T.);
#1273=ORIENTED_EDGE('',*,*,#2429,.T.);
#1274=ORIENTED_EDGE('',*,*,#2741,.T.);
#1275=ORIENTED_EDGE('',*,*,#2742,.F.);
#1276=ORIENTED_EDGE('',*,*,#2743,.T.);
#1277=ORIENTED_EDGE('',*,*,#2363,.F.);
#1278=ORIENTED_EDGE('',*,*,#2716,.F.);
#1279=ORIENTED_EDGE('',*,*,#2744,.F.);
#1280=ORIENTED_EDGE('',*,*,#2403,.F.);
#1281=ORIENTED_EDGE('',*,*,#2738,.F.);
#1282=ORIENTED_EDGE('',*,*,#2745,.F.);
#1283=ORIENTED_EDGE('',*,*,#2746,.F.);
#1284=ORIENTED_EDGE('',*,*,#2747,.F.);
#1285=ORIENTED_EDGE('',*,*,#2721,.F.);
#1286=ORIENTED_EDGE('',*,*,#2748,.F.);
#1287=ORIENTED_EDGE('',*,*,#2364,.F.);
#1288=ORIENTED_EDGE('',*,*,#2743,.F.);
#1289=ORIENTED_EDGE('',*,*,#2749,.F.);
#1290=ORIENTED_EDGE('',*,*,#2750,.T.);
#1291=ORIENTED_EDGE('',*,*,#2726,.T.);
#1292=ORIENTED_EDGE('',*,*,#2751,.T.);
#1293=ORIENTED_EDGE('',*,*,#2722,.T.);
#1294=ORIENTED_EDGE('',*,*,#2747,.T.);
#1295=ORIENTED_EDGE('',*,*,#2752,.F.);
#1296=ORIENTED_EDGE('',*,*,#2750,.F.);
#1297=ORIENTED_EDGE('',*,*,#2753,.F.);
#1298=ORIENTED_EDGE('',*,*,#2684,.T.);
#1299=ORIENTED_EDGE('',*,*,#2728,.T.);
#1300=ORIENTED_EDGE('',*,*,#2752,.T.);
#1301=ORIENTED_EDGE('',*,*,#2692,.T.);
#1302=ORIENTED_EDGE('',*,*,#2754,.T.);
#1303=ORIENTED_EDGE('',*,*,#2755,.T.);
#1304=ORIENTED_EDGE('',*,*,#2676,.T.);
#1305=ORIENTED_EDGE('',*,*,#2639,.T.);
#1306=ORIENTED_EDGE('',*,*,#2638,.T.);
#1307=ORIENTED_EDGE('',*,*,#2395,.T.);
#1308=ORIENTED_EDGE('',*,*,#2756,.T.);
#1309=ORIENTED_EDGE('',*,*,#2640,.T.);
#1310=ORIENTED_EDGE('',*,*,#2675,.T.);
#1311=ORIENTED_EDGE('',*,*,#2757,.F.);
#1312=ORIENTED_EDGE('',*,*,#2735,.T.);
#1313=ORIENTED_EDGE('',*,*,#2753,.T.);
#1314=ORIENTED_EDGE('',*,*,#2749,.T.);
#1315=ORIENTED_EDGE('',*,*,#2746,.T.);
#1316=ORIENTED_EDGE('',*,*,#2758,.F.);
#1317=ORIENTED_EDGE('',*,*,#2681,.T.);
#1318=ORIENTED_EDGE('',*,*,#2759,.F.);
#1319=ORIENTED_EDGE('',*,*,#2736,.T.);
#1320=ORIENTED_EDGE('',*,*,#2757,.T.);
#1321=ORIENTED_EDGE('',*,*,#2673,.T.);
#1322=ORIENTED_EDGE('',*,*,#2760,.F.);
#1323=ORIENTED_EDGE('',*,*,#2737,.T.);
#1324=ORIENTED_EDGE('',*,*,#2759,.T.);
#1325=ORIENTED_EDGE('',*,*,#2670,.T.);
#1326=ORIENTED_EDGE('',*,*,#2760,.T.);
#1327=ORIENTED_EDGE('',*,*,#2669,.T.);
#1328=ORIENTED_EDGE('',*,*,#2761,.F.);
#1329=ORIENTED_EDGE('',*,*,#2745,.T.);
#1330=ORIENTED_EDGE('',*,*,#2758,.T.);
#1331=ORIENTED_EDGE('',*,*,#2742,.T.);
#1332=ORIENTED_EDGE('',*,*,#2761,.T.);
#1333=ORIENTED_EDGE('',*,*,#2682,.T.);
#1334=ORIENTED_EDGE('',*,*,#2762,.F.);
#1335=ORIENTED_EDGE('',*,*,#2387,.F.);
#1336=ORIENTED_EDGE('',*,*,#2678,.T.);
#1337=ORIENTED_EDGE('',*,*,#2763,.T.);
#1338=ORIENTED_EDGE('',*,*,#2764,.F.);
#1339=ORIENTED_EDGE('',*,*,#2765,.T.);
#1340=ORIENTED_EDGE('',*,*,#2729,.F.);
#1341=ORIENTED_EDGE('',*,*,#2766,.T.);
#1342=ORIENTED_EDGE('',*,*,#2767,.T.);
#1343=ORIENTED_EDGE('',*,*,#2768,.T.);
#1344=ORIENTED_EDGE('',*,*,#2769,.F.);
#1345=ORIENTED_EDGE('',*,*,#2299,.T.);
#1346=ORIENTED_EDGE('',*,*,#2770,.F.);
#1347=ORIENTED_EDGE('',*,*,#2300,.T.);
#1348=ORIENTED_EDGE('',*,*,#2769,.T.);
#1349=ORIENTED_EDGE('',*,*,#2764,.T.);
#1350=ORIENTED_EDGE('',*,*,#2770,.T.);
#1351=ORIENTED_EDGE('',*,*,#2771,.T.);
#1352=ORIENTED_EDGE('',*,*,#2388,.T.);
#1353=ORIENTED_EDGE('',*,*,#2772,.F.);
#1354=ORIENTED_EDGE('',*,*,#2301,.T.);
#1355=ORIENTED_EDGE('',*,*,#2772,.T.);
#1356=ORIENTED_EDGE('',*,*,#2762,.T.);
#1357=ORIENTED_EDGE('',*,*,#2773,.F.);
#1358=ORIENTED_EDGE('',*,*,#2302,.T.);
#1359=ORIENTED_EDGE('',*,*,#2774,.F.);
#1360=ORIENTED_EDGE('',*,*,#2775,.T.);
#1361=ORIENTED_EDGE('',*,*,#2406,.T.);
#1362=ORIENTED_EDGE('',*,*,#2704,.T.);
#1363=ORIENTED_EDGE('',*,*,#2776,.F.);
#1364=ORIENTED_EDGE('',*,*,#2383,.F.);
#1365=ORIENTED_EDGE('',*,*,#2777,.F.);
#1366=ORIENTED_EDGE('',*,*,#2703,.T.);
#1367=ORIENTED_EDGE('',*,*,#2379,.F.);
#1368=ORIENTED_EDGE('',*,*,#2778,.F.);
#1369=ORIENTED_EDGE('',*,*,#2717,.T.);
#1370=ORIENTED_EDGE('',*,*,#2361,.F.);
#1371=ORIENTED_EDGE('',*,*,#2779,.T.);
#1372=ORIENTED_EDGE('',*,*,#2780,.T.);
#1373=ORIENTED_EDGE('',*,*,#2781,.T.);
#1374=ORIENTED_EDGE('',*,*,#2782,.T.);
#1375=ORIENTED_EDGE('',*,*,#2783,.F.);
#1376=ORIENTED_EDGE('',*,*,#2731,.T.);
#1377=ORIENTED_EDGE('',*,*,#2774,.T.);
#1378=ORIENTED_EDGE('',*,*,#2777,.T.);
#1379=ORIENTED_EDGE('',*,*,#2375,.T.);
#1380=ORIENTED_EDGE('',*,*,#2784,.T.);
#1381=ORIENTED_EDGE('',*,*,#2785,.F.);
#1382=ORIENTED_EDGE('',*,*,#2392,.F.);
#1383=ORIENTED_EDGE('',*,*,#2734,.T.);
#1384=ORIENTED_EDGE('',*,*,#2786,.F.);
#1385=ORIENTED_EDGE('',*,*,#2787,.F.);
#1386=ORIENTED_EDGE('',*,*,#2788,.F.);
#1387=ORIENTED_EDGE('',*,*,#2789,.F.);
#1388=ORIENTED_EDGE('',*,*,#2369,.F.);
#1389=ORIENTED_EDGE('',*,*,#2372,.F.);
#1390=ORIENTED_EDGE('',*,*,#2393,.T.);
#1391=ORIENTED_EDGE('',*,*,#2785,.T.);
#1392=ORIENTED_EDGE('',*,*,#2371,.F.);
#1393=ORIENTED_EDGE('',*,*,#2790,.F.);
#1394=ORIENTED_EDGE('',*,*,#2397,.T.);
#1395=ORIENTED_EDGE('',*,*,#2791,.T.);
#1396=ORIENTED_EDGE('',*,*,#2792,.T.);
#1397=ORIENTED_EDGE('',*,*,#2788,.T.);
#1398=ORIENTED_EDGE('',*,*,#2793,.F.);
#1399=ORIENTED_EDGE('',*,*,#2702,.T.);
#1400=ORIENTED_EDGE('',*,*,#2793,.T.);
#1401=ORIENTED_EDGE('',*,*,#2787,.T.);
#1402=ORIENTED_EDGE('',*,*,#2794,.F.);
#1403=ORIENTED_EDGE('',*,*,#2776,.T.);
#1404=ORIENTED_EDGE('',*,*,#2794,.T.);
#1405=ORIENTED_EDGE('',*,*,#2786,.T.);
#1406=ORIENTED_EDGE('',*,*,#2733,.T.);
#1407=ORIENTED_EDGE('',*,*,#2795,.T.);
#1408=ORIENTED_EDGE('',*,*,#2384,.T.);
#1409=ORIENTED_EDGE('',*,*,#2796,.T.);
#1410=ORIENTED_EDGE('',*,*,#2797,.F.);
#1411=ORIENTED_EDGE('',*,*,#2798,.T.);
#1412=ORIENTED_EDGE('',*,*,#2799,.F.);
#1413=ORIENTED_EDGE('',*,*,#2800,.T.);
#1414=ORIENTED_EDGE('',*,*,#2380,.F.);
#1415=ORIENTED_EDGE('',*,*,#2780,.F.);
#1416=ORIENTED_EDGE('',*,*,#2801,.F.);
#1417=ORIENTED_EDGE('',*,*,#2802,.F.);
#1418=ORIENTED_EDGE('',*,*,#2796,.F.);
#1419=ORIENTED_EDGE('',*,*,#2779,.F.);
#1420=ORIENTED_EDGE('',*,*,#2360,.F.);
#1421=ORIENTED_EDGE('',*,*,#2803,.F.);
#1422=ORIENTED_EDGE('',*,*,#2797,.T.);
#1423=ORIENTED_EDGE('',*,*,#2802,.T.);
#1424=ORIENTED_EDGE('',*,*,#2804,.T.);
#1425=ORIENTED_EDGE('',*,*,#2805,.T.);
#1426=ORIENTED_EDGE('',*,*,#2806,.T.);
#1427=ORIENTED_EDGE('',*,*,#2807,.T.);
#1428=ORIENTED_EDGE('',*,*,#2808,.T.);
#1429=ORIENTED_EDGE('',*,*,#2801,.T.);
#1430=ORIENTED_EDGE('',*,*,#2809,.T.);
#1431=ORIENTED_EDGE('',*,*,#2356,.F.);
#1432=ORIENTED_EDGE('',*,*,#2810,.F.);
#1433=ORIENTED_EDGE('',*,*,#2804,.F.);
#1434=ORIENTED_EDGE('',*,*,#2808,.F.);
#1435=ORIENTED_EDGE('',*,*,#2811,.F.);
#1436=ORIENTED_EDGE('',*,*,#2798,.F.);
#1437=ORIENTED_EDGE('',*,*,#2805,.F.);
#1438=ORIENTED_EDGE('',*,*,#2812,.F.);
#1439=ORIENTED_EDGE('',*,*,#2358,.T.);
#1440=ORIENTED_EDGE('',*,*,#2341,.T.);
#1441=ORIENTED_EDGE('',*,*,#2813,.T.);
#1442=ORIENTED_EDGE('',*,*,#2799,.T.);
#1443=ORIENTED_EDGE('',*,*,#2811,.T.);
#1444=ORIENTED_EDGE('',*,*,#2814,.T.);
#1445=ORIENTED_EDGE('',*,*,#2815,.T.);
#1446=ORIENTED_EDGE('',*,*,#2816,.F.);
#1447=ORIENTED_EDGE('',*,*,#2763,.F.);
#1448=ORIENTED_EDGE('',*,*,#2677,.T.);
#1449=ORIENTED_EDGE('',*,*,#2755,.F.);
#1450=ORIENTED_EDGE('',*,*,#2817,.F.);
#1451=ORIENTED_EDGE('',*,*,#2818,.T.);
#1452=ORIENTED_EDGE('',*,*,#2819,.F.);
#1453=ORIENTED_EDGE('',*,*,#2329,.F.);
#1454=ORIENTED_EDGE('',*,*,#2820,.F.);
#1455=ORIENTED_EDGE('',*,*,#2821,.F.);
#1456=ORIENTED_EDGE('',*,*,#2822,.F.);
#1457=ORIENTED_EDGE('',*,*,#2823,.F.);
#1458=ORIENTED_EDGE('',*,*,#2824,.F.);
#1459=ORIENTED_EDGE('',*,*,#2825,.F.);
#1460=ORIENTED_EDGE('',*,*,#2826,.F.);
#1461=ORIENTED_EDGE('',*,*,#2827,.F.);
#1462=ORIENTED_EDGE('',*,*,#2337,.F.);
#1463=ORIENTED_EDGE('',*,*,#2627,.F.);
#1464=ORIENTED_EDGE('',*,*,#2421,.F.);
#1465=ORIENTED_EDGE('',*,*,#2828,.F.);
#1466=ORIENTED_EDGE('',*,*,#2829,.F.);
#1467=ORIENTED_EDGE('',*,*,#2830,.F.);
#1468=ORIENTED_EDGE('',*,*,#2688,.F.);
#1469=ORIENTED_EDGE('',*,*,#2831,.F.);
#1470=ORIENTED_EDGE('',*,*,#2328,.T.);
#1471=ORIENTED_EDGE('',*,*,#2832,.T.);
#1472=ORIENTED_EDGE('',*,*,#2833,.T.);
#1473=ORIENTED_EDGE('',*,*,#2820,.T.);
#1474=ORIENTED_EDGE('',*,*,#2834,.T.);
#1475=ORIENTED_EDGE('',*,*,#2824,.T.);
#1476=ORIENTED_EDGE('',*,*,#2835,.F.);
#1477=ORIENTED_EDGE('',*,*,#2331,.T.);
#1478=ORIENTED_EDGE('',*,*,#2836,.T.);
#1479=ORIENTED_EDGE('',*,*,#2835,.T.);
#1480=ORIENTED_EDGE('',*,*,#2823,.T.);
#1481=ORIENTED_EDGE('',*,*,#2837,.F.);
#1482=ORIENTED_EDGE('',*,*,#2838,.T.);
#1483=ORIENTED_EDGE('',*,*,#2837,.T.);
#1484=ORIENTED_EDGE('',*,*,#2822,.T.);
#1485=ORIENTED_EDGE('',*,*,#2839,.F.);
#1486=ORIENTED_EDGE('',*,*,#2417,.T.);
#1487=ORIENTED_EDGE('',*,*,#2840,.T.);
#1488=ORIENTED_EDGE('',*,*,#2841,.T.);
#1489=ORIENTED_EDGE('',*,*,#2349,.T.);
#1490=ORIENTED_EDGE('',*,*,#2839,.T.);
#1491=ORIENTED_EDGE('',*,*,#2821,.T.);
#1492=ORIENTED_EDGE('',*,*,#2351,.T.);
#1493=ORIENTED_EDGE('',*,*,#2350,.T.);
#1494=ORIENTED_EDGE('',*,*,#2841,.F.);
#1495=ORIENTED_EDGE('',*,*,#2833,.F.);
#1496=ORIENTED_EDGE('',*,*,#2489,.F.);
#1497=ORIENTED_EDGE('',*,*,#2842,.F.);
#1498=ORIENTED_EDGE('',*,*,#2352,.T.);
#1499=ORIENTED_EDGE('',*,*,#2843,.F.);
#1500=ORIENTED_EDGE('',*,*,#2320,.F.);
#1501=ORIENTED_EDGE('',*,*,#2844,.T.);
#1502=ORIENTED_EDGE('',*,*,#2817,.T.);
#1503=ORIENTED_EDGE('',*,*,#2834,.F.);
#1504=ORIENTED_EDGE('',*,*,#2829,.T.);
#1505=ORIENTED_EDGE('',*,*,#2845,.T.);
#1506=ORIENTED_EDGE('',*,*,#2319,.F.);
#1507=ORIENTED_EDGE('',*,*,#2846,.F.);
#1508=ORIENTED_EDGE('',*,*,#2818,.F.);
#1509=ORIENTED_EDGE('',*,*,#2844,.F.);
#1510=ORIENTED_EDGE('',*,*,#2322,.F.);
#1511=ORIENTED_EDGE('',*,*,#2847,.F.);
#1512=ORIENTED_EDGE('',*,*,#2828,.T.);
#1513=ORIENTED_EDGE('',*,*,#2848,.F.);
#1514=ORIENTED_EDGE('',*,*,#2849,.T.);
#1515=ORIENTED_EDGE('',*,*,#2850,.T.);
#1516=ORIENTED_EDGE('',*,*,#2318,.F.);
#1517=ORIENTED_EDGE('',*,*,#2851,.F.);
#1518=ORIENTED_EDGE('',*,*,#2826,.T.);
#1519=ORIENTED_EDGE('',*,*,#2852,.T.);
#1520=ORIENTED_EDGE('',*,*,#2324,.T.);
#1521=ORIENTED_EDGE('',*,*,#2326,.T.);
#1522=ORIENTED_EDGE('',*,*,#2853,.F.);
#1523=ORIENTED_EDGE('',*,*,#2303,.F.);
#1524=ORIENTED_EDGE('',*,*,#2773,.T.);
#1525=ORIENTED_EDGE('',*,*,#2816,.T.);
#1526=ORIENTED_EDGE('',*,*,#2304,.F.);
#1527=ORIENTED_EDGE('',*,*,#2853,.T.);
#1528=ORIENTED_EDGE('',*,*,#2815,.F.);
#1529=ORIENTED_EDGE('',*,*,#2754,.F.);
#1530=ORIENTED_EDGE('',*,*,#2698,.T.);
#1531=ORIENTED_EDGE('',*,*,#2854,.F.);
#1532=ORIENTED_EDGE('',*,*,#2855,.F.);
#1533=ORIENTED_EDGE('',*,*,#2856,.F.);
#1534=ORIENTED_EDGE('',*,*,#2857,.F.);
#1535=ORIENTED_EDGE('',*,*,#2858,.F.);
#1536=ORIENTED_EDGE('',*,*,#2859,.T.);
#1537=ORIENTED_EDGE('',*,*,#2857,.T.);
#1538=ORIENTED_EDGE('',*,*,#2860,.F.);
#1539=ORIENTED_EDGE('',*,*,#2861,.F.);
#1540=ORIENTED_EDGE('',*,*,#2609,.F.);
#1541=ORIENTED_EDGE('',*,*,#2862,.F.);
#1542=ORIENTED_EDGE('',*,*,#2455,.F.);
#1543=ORIENTED_EDGE('',*,*,#2863,.F.);
#1544=ORIENTED_EDGE('',*,*,#2605,.F.);
#1545=ORIENTED_EDGE('',*,*,#2597,.T.);
#1546=ORIENTED_EDGE('',*,*,#2863,.T.);
#1547=ORIENTED_EDGE('',*,*,#2594,.F.);
#1548=ORIENTED_EDGE('',*,*,#2713,.F.);
#1549=ORIENTED_EDGE('',*,*,#2864,.T.);
#1550=ORIENTED_EDGE('',*,*,#2865,.T.);
#1551=ORIENTED_EDGE('',*,*,#2866,.F.);
#1552=ORIENTED_EDGE('',*,*,#2711,.F.);
#1553=ORIENTED_EDGE('',*,*,#2867,.F.);
#1554=ORIENTED_EDGE('',*,*,#2868,.F.);
#1555=ORIENTED_EDGE('',*,*,#2869,.F.);
#1556=ORIENTED_EDGE('',*,*,#2870,.F.);
#1557=ORIENTED_EDGE('',*,*,#2871,.F.);
#1558=ORIENTED_EDGE('',*,*,#2872,.F.);
#1559=ORIENTED_EDGE('',*,*,#2873,.F.);
#1560=ORIENTED_EDGE('',*,*,#2655,.T.);
#1561=ORIENTED_EDGE('',*,*,#2874,.F.);
#1562=ORIENTED_EDGE('',*,*,#2875,.F.);
#1563=ORIENTED_EDGE('',*,*,#2876,.F.);
#1564=ORIENTED_EDGE('',*,*,#2651,.T.);
#1565=ORIENTED_EDGE('',*,*,#2583,.F.);
#1566=ORIENTED_EDGE('',*,*,#2665,.F.);
#1567=ORIENTED_EDGE('',*,*,#2560,.F.);
#1568=ORIENTED_EDGE('',*,*,#2657,.T.);
#1569=ORIENTED_EDGE('',*,*,#2662,.T.);
#1570=ORIENTED_EDGE('',*,*,#2569,.F.);
#1571=ORIENTED_EDGE('',*,*,#2877,.F.);
#1572=ORIENTED_EDGE('',*,*,#2875,.T.);
#1573=ORIENTED_EDGE('',*,*,#2878,.F.);
#1574=ORIENTED_EDGE('',*,*,#2557,.F.);
#1575=ORIENTED_EDGE('',*,*,#2574,.F.);
#1576=ORIENTED_EDGE('',*,*,#2663,.F.);
#1577=ORIENTED_EDGE('',*,*,#2555,.F.);
#1578=ORIENTED_EDGE('',*,*,#2649,.T.);
#1579=ORIENTED_EDGE('',*,*,#2879,.F.);
#1580=ORIENTED_EDGE('',*,*,#2880,.F.);
#1581=ORIENTED_EDGE('',*,*,#2624,.F.);
#1582=ORIENTED_EDGE('',*,*,#2881,.F.);
#1583=ORIENTED_EDGE('',*,*,#2882,.F.);
#1584=ORIENTED_EDGE('',*,*,#2620,.F.);
#1585=ORIENTED_EDGE('',*,*,#2660,.T.);
#1586=ORIENTED_EDGE('',*,*,#2581,.F.);
#1587=ORIENTED_EDGE('',*,*,#2883,.F.);
#1588=ORIENTED_EDGE('',*,*,#2872,.T.);
#1589=ORIENTED_EDGE('',*,*,#2884,.F.);
#1590=ORIENTED_EDGE('',*,*,#2548,.F.);
#1591=ORIENTED_EDGE('',*,*,#2885,.F.);
#1592=ORIENTED_EDGE('',*,*,#2886,.F.);
#1593=ORIENTED_EDGE('',*,*,#2542,.F.);
#1594=ORIENTED_EDGE('',*,*,#2887,.F.);
#1595=ORIENTED_EDGE('',*,*,#2870,.T.);
#1596=ORIENTED_EDGE('',*,*,#2888,.T.);
#1597=ORIENTED_EDGE('',*,*,#2889,.T.);
#1598=ORIENTED_EDGE('',*,*,#2890,.F.);
#1599=ORIENTED_EDGE('',*,*,#2475,.F.);
#1600=ORIENTED_EDGE('',*,*,#2891,.T.);
#1601=ORIENTED_EDGE('',*,*,#2892,.F.);
#1602=ORIENTED_EDGE('',*,*,#2893,.F.);
#1603=ORIENTED_EDGE('',*,*,#2894,.F.);
#1604=ORIENTED_EDGE('',*,*,#2543,.F.);
#1605=ORIENTED_EDGE('',*,*,#2886,.T.);
#1606=ORIENTED_EDGE('',*,*,#2895,.F.);
#1607=ORIENTED_EDGE('',*,*,#2602,.T.);
#1608=ORIENTED_EDGE('',*,*,#2896,.T.);
#1609=ORIENTED_EDGE('',*,*,#2897,.T.);
#1610=ORIENTED_EDGE('',*,*,#2898,.T.);
#1611=ORIENTED_EDGE('',*,*,#2611,.T.);
#1612=ORIENTED_EDGE('',*,*,#2476,.T.);
#1613=ORIENTED_EDGE('',*,*,#2890,.T.);
#1614=ORIENTED_EDGE('',*,*,#2899,.F.);
#1615=ORIENTED_EDGE('',*,*,#2900,.T.);
#1616=ORIENTED_EDGE('',*,*,#2901,.T.);
#1617=ORIENTED_EDGE('',*,*,#2902,.T.);
#1618=ORIENTED_EDGE('',*,*,#2899,.T.);
#1619=ORIENTED_EDGE('',*,*,#2895,.T.);
#1620=ORIENTED_EDGE('',*,*,#2903,.F.);
#1621=ORIENTED_EDGE('',*,*,#2854,.T.);
#1622=ORIENTED_EDGE('',*,*,#2904,.F.);
#1623=ORIENTED_EDGE('',*,*,#2855,.T.);
#1624=ORIENTED_EDGE('',*,*,#2903,.T.);
#1625=ORIENTED_EDGE('',*,*,#2885,.T.);
#1626=ORIENTED_EDGE('',*,*,#2905,.T.);
#1627=ORIENTED_EDGE('',*,*,#2906,.T.);
#1628=ORIENTED_EDGE('',*,*,#2523,.T.);
#1629=ORIENTED_EDGE('',*,*,#2907,.T.);
#1630=ORIENTED_EDGE('',*,*,#2908,.T.);
#1631=ORIENTED_EDGE('',*,*,#2909,.T.);
#1632=ORIENTED_EDGE('',*,*,#2910,.F.);
#1633=ORIENTED_EDGE('',*,*,#2775,.F.);
#1634=ORIENTED_EDGE('',*,*,#2911,.F.);
#1635=ORIENTED_EDGE('',*,*,#2912,.F.);
#1636=ORIENTED_EDGE('',*,*,#2909,.F.);
#1637=ORIENTED_EDGE('',*,*,#2913,.F.);
#1638=ORIENTED_EDGE('',*,*,#2914,.F.);
#1639=ORIENTED_EDGE('',*,*,#2913,.T.);
#1640=ORIENTED_EDGE('',*,*,#2915,.F.);
#1641=ORIENTED_EDGE('',*,*,#2587,.F.);
#1642=ORIENTED_EDGE('',*,*,#2916,.F.);
#1643=ORIENTED_EDGE('',*,*,#2917,.F.);
#1644=ORIENTED_EDGE('',*,*,#2918,.T.);
#1645=ORIENTED_EDGE('',*,*,#2919,.F.);
#1646=ORIENTED_EDGE('',*,*,#2868,.T.);
#1647=ORIENTED_EDGE('',*,*,#2920,.F.);
#1648=ORIENTED_EDGE('',*,*,#2908,.F.);
#1649=ORIENTED_EDGE('',*,*,#2784,.F.);
#1650=ORIENTED_EDGE('',*,*,#2921,.F.);
#1651=ORIENTED_EDGE('',*,*,#2915,.T.);
#1652=ORIENTED_EDGE('',*,*,#2539,.T.);
#1653=ORIENTED_EDGE('',*,*,#2782,.F.);
#1654=ORIENTED_EDGE('',*,*,#2535,.F.);
#1655=ORIENTED_EDGE('',*,*,#2894,.T.);
#1656=ORIENTED_EDGE('',*,*,#2922,.F.);
#1657=ORIENTED_EDGE('',*,*,#2891,.F.);
#1658=ORIENTED_EDGE('',*,*,#2474,.F.);
#1659=ORIENTED_EDGE('',*,*,#2923,.F.);
#1660=ORIENTED_EDGE('',*,*,#2527,.F.);
#1661=ORIENTED_EDGE('',*,*,#2924,.F.);
#1662=ORIENTED_EDGE('',*,*,#2532,.F.);
#1663=ORIENTED_EDGE('',*,*,#2925,.F.);
#1664=ORIENTED_EDGE('',*,*,#2926,.F.);
#1665=ORIENTED_EDGE('',*,*,#2892,.T.);
#1666=ORIENTED_EDGE('',*,*,#2922,.T.);
#1667=ORIENTED_EDGE('',*,*,#2927,.F.);
#1668=ORIENTED_EDGE('',*,*,#2586,.T.);
#1669=ORIENTED_EDGE('',*,*,#2928,.T.);
#1670=ORIENTED_EDGE('',*,*,#2927,.T.);
#1671=ORIENTED_EDGE('',*,*,#2926,.T.);
#1672=ORIENTED_EDGE('',*,*,#2929,.F.);
#1673=ORIENTED_EDGE('',*,*,#2914,.T.);
#1674=ORIENTED_EDGE('',*,*,#2929,.T.);
#1675=ORIENTED_EDGE('',*,*,#2925,.T.);
#1676=ORIENTED_EDGE('',*,*,#2531,.F.);
#1677=ORIENTED_EDGE('',*,*,#2911,.T.);
#1678=ORIENTED_EDGE('',*,*,#2923,.T.);
#1679=ORIENTED_EDGE('',*,*,#2473,.T.);
#1680=ORIENTED_EDGE('',*,*,#2930,.T.);
#1681=ORIENTED_EDGE('',*,*,#2456,.T.);
#1682=ORIENTED_EDGE('',*,*,#2931,.T.);
#1683=ORIENTED_EDGE('',*,*,#2528,.T.);
#1684=ORIENTED_EDGE('',*,*,#2932,.T.);
#1685=ORIENTED_EDGE('',*,*,#2917,.T.);
#1686=ORIENTED_EDGE('',*,*,#2933,.F.);
#1687=ORIENTED_EDGE('',*,*,#2800,.F.);
#1688=ORIENTED_EDGE('',*,*,#2934,.F.);
#1689=ORIENTED_EDGE('',*,*,#2935,.T.);
#1690=ORIENTED_EDGE('',*,*,#2936,.F.);
#1691=ORIENTED_EDGE('',*,*,#2937,.F.);
#1692=ORIENTED_EDGE('',*,*,#2938,.F.);
#1693=ORIENTED_EDGE('',*,*,#2939,.F.);
#1694=ORIENTED_EDGE('',*,*,#2935,.F.);
#1695=ORIENTED_EDGE('',*,*,#2940,.F.);
#1696=ORIENTED_EDGE('',*,*,#2520,.F.);
#1697=ORIENTED_EDGE('',*,*,#2941,.F.);
#1698=ORIENTED_EDGE('',*,*,#2918,.F.);
#1699=ORIENTED_EDGE('',*,*,#2932,.F.);
#1700=ORIENTED_EDGE('',*,*,#2942,.F.);
#1701=ORIENTED_EDGE('',*,*,#2521,.T.);
#1702=ORIENTED_EDGE('',*,*,#2940,.T.);
#1703=ORIENTED_EDGE('',*,*,#2943,.T.);
#1704=ORIENTED_EDGE('',*,*,#2944,.T.);
#1705=ORIENTED_EDGE('',*,*,#2936,.T.);
#1706=ORIENTED_EDGE('',*,*,#2939,.T.);
#1707=ORIENTED_EDGE('',*,*,#2945,.T.);
#1708=ORIENTED_EDGE('',*,*,#2942,.T.);
#1709=ORIENTED_EDGE('',*,*,#2946,.T.);
#1710=ORIENTED_EDGE('',*,*,#2943,.F.);
#1711=ORIENTED_EDGE('',*,*,#2945,.F.);
#1712=ORIENTED_EDGE('',*,*,#2947,.F.);
#1713=ORIENTED_EDGE('',*,*,#2518,.F.);
#1714=ORIENTED_EDGE('',*,*,#2948,.T.);
#1715=ORIENTED_EDGE('',*,*,#2515,.T.);
#1716=ORIENTED_EDGE('',*,*,#2949,.T.);
#1717=ORIENTED_EDGE('',*,*,#2937,.T.);
#1718=ORIENTED_EDGE('',*,*,#2934,.T.);
#1719=ORIENTED_EDGE('',*,*,#2813,.F.);
#1720=ORIENTED_EDGE('',*,*,#2950,.F.);
#1721=ORIENTED_EDGE('',*,*,#2480,.F.);
#1722=ORIENTED_EDGE('',*,*,#2849,.F.);
#1723=ORIENTED_EDGE('',*,*,#2590,.T.);
#1724=ORIENTED_EDGE('',*,*,#2951,.T.);
#1725=ORIENTED_EDGE('',*,*,#2483,.F.);
#1726=ORIENTED_EDGE('',*,*,#2952,.F.);
#1727=ORIENTED_EDGE('',*,*,#2953,.T.);
#1728=ORIENTED_EDGE('',*,*,#2954,.F.);
#1729=ORIENTED_EDGE('',*,*,#2955,.F.);
#1730=ORIENTED_EDGE('',*,*,#2497,.F.);
#1731=ORIENTED_EDGE('',*,*,#2956,.F.);
#1732=ORIENTED_EDGE('',*,*,#2953,.F.);
#1733=ORIENTED_EDGE('',*,*,#2957,.F.);
#1734=ORIENTED_EDGE('',*,*,#2958,.F.);
#1735=ORIENTED_EDGE('',*,*,#2959,.F.);
#1736=ORIENTED_EDGE('',*,*,#2960,.F.);
#1737=ORIENTED_EDGE('',*,*,#2961,.F.);
#1738=ORIENTED_EDGE('',*,*,#2479,.F.);
#1739=ORIENTED_EDGE('',*,*,#2499,.F.);
#1740=ORIENTED_EDGE('',*,*,#2962,.F.);
#1741=ORIENTED_EDGE('',*,*,#2490,.F.);
#1742=ORIENTED_EDGE('',*,*,#2832,.F.);
#1743=ORIENTED_EDGE('',*,*,#2327,.F.);
#1744=ORIENTED_EDGE('',*,*,#2323,.F.);
#1745=ORIENTED_EDGE('',*,*,#2498,.T.);
#1746=ORIENTED_EDGE('',*,*,#2955,.T.);
#1747=ORIENTED_EDGE('',*,*,#2963,.T.);
#1748=ORIENTED_EDGE('',*,*,#2962,.T.);
#1749=ORIENTED_EDGE('',*,*,#2964,.T.);
#1750=ORIENTED_EDGE('',*,*,#2961,.T.);
#1751=ORIENTED_EDGE('',*,*,#2965,.F.);
#1752=ORIENTED_EDGE('',*,*,#2507,.T.);
#1753=ORIENTED_EDGE('',*,*,#2965,.T.);
#1754=ORIENTED_EDGE('',*,*,#2960,.T.);
#1755=ORIENTED_EDGE('',*,*,#2966,.F.);
#1756=ORIENTED_EDGE('',*,*,#2967,.T.);
#1757=ORIENTED_EDGE('',*,*,#2513,.T.);
#1758=ORIENTED_EDGE('',*,*,#2966,.T.);
#1759=ORIENTED_EDGE('',*,*,#2959,.T.);
#1760=ORIENTED_EDGE('',*,*,#2968,.F.);
#1761=ORIENTED_EDGE('',*,*,#2969,.T.);
#1762=ORIENTED_EDGE('',*,*,#2970,.T.);
#1763=ORIENTED_EDGE('',*,*,#2971,.T.);
#1764=ORIENTED_EDGE('',*,*,#2463,.T.);
#1765=ORIENTED_EDGE('',*,*,#2968,.T.);
#1766=ORIENTED_EDGE('',*,*,#2958,.T.);
#1767=ORIENTED_EDGE('',*,*,#2505,.T.);
#1768=ORIENTED_EDGE('',*,*,#2504,.T.);
#1769=ORIENTED_EDGE('',*,*,#2972,.F.);
#1770=ORIENTED_EDGE('',*,*,#2491,.F.);
#1771=ORIENTED_EDGE('',*,*,#2963,.F.);
#1772=ORIENTED_EDGE('',*,*,#2964,.F.);
#1773=ORIENTED_EDGE('',*,*,#2506,.T.);
#1774=ORIENTED_EDGE('',*,*,#2482,.F.);
#1775=ORIENTED_EDGE('',*,*,#2973,.F.);
#1776=ORIENTED_EDGE('',*,*,#2974,.T.);
#1777=ORIENTED_EDGE('',*,*,#2975,.T.);
#1778=ORIENTED_EDGE('',*,*,#2970,.F.);
#1779=ORIENTED_EDGE('',*,*,#2957,.T.);
#1780=ORIENTED_EDGE('',*,*,#2952,.T.);
#1781=ORIENTED_EDGE('',*,*,#2478,.F.);
#1782=ORIENTED_EDGE('',*,*,#2976,.F.);
#1783=ORIENTED_EDGE('',*,*,#2977,.T.);
#1784=ORIENTED_EDGE('',*,*,#2978,.T.);
#1785=ORIENTED_EDGE('',*,*,#2484,.T.);
#1786=ORIENTED_EDGE('',*,*,#2979,.T.);
#1787=ORIENTED_EDGE('',*,*,#2500,.T.);
#1788=ORIENTED_EDGE('',*,*,#2614,.T.);
#1789=ORIENTED_EDGE('',*,*,#2451,.F.);
#1790=ORIENTED_EDGE('',*,*,#2980,.F.);
#1791=ORIENTED_EDGE('',*,*,#2981,.F.);
#1792=ORIENTED_EDGE('',*,*,#2860,.T.);
#1793=ORIENTED_EDGE('',*,*,#2982,.T.);
#1794=ORIENTED_EDGE('',*,*,#2983,.T.);
#1795=ORIENTED_EDGE('',*,*,#2982,.F.);
#1796=ORIENTED_EDGE('',*,*,#2856,.T.);
#1797=ORIENTED_EDGE('',*,*,#2904,.T.);
#1798=ORIENTED_EDGE('',*,*,#2984,.T.);
#1799=ORIENTED_EDGE('',*,*,#2984,.F.);
#1800=ORIENTED_EDGE('',*,*,#2889,.F.);
#1801=ORIENTED_EDGE('',*,*,#2985,.F.);
#1802=ORIENTED_EDGE('',*,*,#2524,.F.);
#1803=ORIENTED_EDGE('',*,*,#2906,.F.);
#1804=ORIENTED_EDGE('',*,*,#2986,.F.);
#1805=ORIENTED_EDGE('',*,*,#2987,.F.);
#1806=ORIENTED_EDGE('',*,*,#2881,.T.);
#1807=ORIENTED_EDGE('',*,*,#2615,.F.);
#1808=ORIENTED_EDGE('',*,*,#2983,.F.);
#1809=ORIENTED_EDGE('',*,*,#2988,.F.);
#1810=ORIENTED_EDGE('',*,*,#2634,.F.);
#1811=ORIENTED_EDGE('',*,*,#2989,.T.);
#1812=ORIENTED_EDGE('',*,*,#2990,.T.);
#1813=ORIENTED_EDGE('',*,*,#2879,.T.);
#1814=ORIENTED_EDGE('',*,*,#2619,.F.);
#1815=ORIENTED_EDGE('',*,*,#2991,.F.);
#1816=ORIENTED_EDGE('',*,*,#2969,.F.);
#1817=ORIENTED_EDGE('',*,*,#2462,.F.);
#1818=ORIENTED_EDGE('',*,*,#2992,.T.);
#1819=ORIENTED_EDGE('',*,*,#2993,.T.);
#1820=ORIENTED_EDGE('',*,*,#2994,.T.);
#1821=ORIENTED_EDGE('',*,*,#2865,.F.);
#1822=ORIENTED_EDGE('',*,*,#2995,.F.);
#1823=ORIENTED_EDGE('',*,*,#2996,.T.);
#1824=ORIENTED_EDGE('',*,*,#2466,.F.);
#1825=ORIENTED_EDGE('',*,*,#2997,.F.);
#1826=ORIENTED_EDGE('',*,*,#2977,.F.);
#1827=ORIENTED_EDGE('',*,*,#2998,.F.);
#1828=ORIENTED_EDGE('',*,*,#2951,.F.);
#1829=ORIENTED_EDGE('',*,*,#2470,.F.);
#1830=ORIENTED_EDGE('',*,*,#2999,.T.);
#1831=ORIENTED_EDGE('',*,*,#3000,.F.);
#1832=ORIENTED_EDGE('',*,*,#2975,.F.);
#1833=ORIENTED_EDGE('',*,*,#3001,.F.);
#1834=ORIENTED_EDGE('',*,*,#3002,.F.);
#1835=ORIENTED_EDGE('',*,*,#2992,.F.);
#1836=ORIENTED_EDGE('',*,*,#2461,.F.);
#1837=ORIENTED_EDGE('',*,*,#3003,.F.);
#1838=ORIENTED_EDGE('',*,*,#2999,.F.);
#1839=ORIENTED_EDGE('',*,*,#3004,.F.);
#1840=ORIENTED_EDGE('',*,*,#2467,.F.);
#1841=ORIENTED_EDGE('',*,*,#2996,.F.);
#1842=ORIENTED_EDGE('',*,*,#2469,.F.);
#1843=ORIENTED_EDGE('',*,*,#3005,.F.);
#1844=ORIENTED_EDGE('',*,*,#2993,.F.);
#1845=ORIENTED_EDGE('',*,*,#3006,.F.);
#1846=ORIENTED_EDGE('',*,*,#2459,.F.);
#1847=ORIENTED_EDGE('',*,*,#3007,.F.);
#1848=ORIENTED_EDGE('',*,*,#3008,.F.);
#1849=ORIENTED_EDGE('',*,*,#2290,.T.);
#1850=ORIENTED_EDGE('',*,*,#3009,.T.);
#1851=ORIENTED_EDGE('',*,*,#3010,.F.);
#1852=ORIENTED_EDGE('',*,*,#3007,.T.);
#1853=ORIENTED_EDGE('',*,*,#2458,.T.);
#1854=ORIENTED_EDGE('',*,*,#3011,.T.);
#1855=ORIENTED_EDGE('',*,*,#2901,.F.);
#1856=ORIENTED_EDGE('',*,*,#2900,.F.);
#1857=ORIENTED_EDGE('',*,*,#2858,.T.);
#1858=ORIENTED_EDGE('',*,*,#2859,.F.);
#1859=ORIENTED_EDGE('',*,*,#2981,.T.);
#1860=ORIENTED_EDGE('',*,*,#3012,.F.);
#1861=ORIENTED_EDGE('',*,*,#3013,.F.);
#1862=ORIENTED_EDGE('',*,*,#3014,.F.);
#1863=ORIENTED_EDGE('',*,*,#3015,.T.);
#1864=ORIENTED_EDGE('',*,*,#2767,.F.);
#1865=ORIENTED_EDGE('',*,*,#2298,.T.);
#1866=ORIENTED_EDGE('',*,*,#3016,.F.);
#1867=ORIENTED_EDGE('',*,*,#2316,.F.);
#1868=ORIENTED_EDGE('',*,*,#3017,.F.);
#1869=ORIENTED_EDGE('',*,*,#3018,.T.);
#1870=ORIENTED_EDGE('',*,*,#3019,.F.);
#1871=ORIENTED_EDGE('',*,*,#3020,.T.);
#1872=ORIENTED_EDGE('',*,*,#2314,.T.);
#1873=ORIENTED_EDGE('',*,*,#3021,.T.);
#1874=ORIENTED_EDGE('',*,*,#3022,.T.);
#1875=ORIENTED_EDGE('',*,*,#2697,.T.);
#1876=ORIENTED_EDGE('',*,*,#3023,.F.);
#1877=ORIENTED_EDGE('',*,*,#2306,.T.);
#1878=ORIENTED_EDGE('',*,*,#2439,.T.);
#1879=ORIENTED_EDGE('',*,*,#2719,.T.);
#1880=ORIENTED_EDGE('',*,*,#2725,.F.);
#1881=ORIENTED_EDGE('',*,*,#3024,.T.);
#1882=ORIENTED_EDGE('',*,*,#3025,.T.);
#1883=ORIENTED_EDGE('',*,*,#2296,.T.);
#1884=ORIENTED_EDGE('',*,*,#3025,.F.);
#1885=ORIENTED_EDGE('',*,*,#3024,.F.);
#1886=ORIENTED_EDGE('',*,*,#2730,.F.);
#1887=ORIENTED_EDGE('',*,*,#2765,.F.);
#1888=ORIENTED_EDGE('',*,*,#2768,.F.);
#1889=ORIENTED_EDGE('',*,*,#3015,.F.);
#1890=ORIENTED_EDGE('',*,*,#2297,.T.);
#1891=ORIENTED_EDGE('',*,*,#3017,.T.);
#1892=ORIENTED_EDGE('',*,*,#2315,.F.);
#1893=ORIENTED_EDGE('',*,*,#3020,.F.);
#1894=ORIENTED_EDGE('',*,*,#3026,.F.);
#1895=ORIENTED_EDGE('',*,*,#2332,.F.);
#1896=ORIENTED_EDGE('',*,*,#2838,.F.);
#1897=ORIENTED_EDGE('',*,*,#3027,.F.);
#1898=ORIENTED_EDGE('',*,*,#3028,.F.);
#1899=ORIENTED_EDGE('',*,*,#3029,.F.);
#1900=ORIENTED_EDGE('',*,*,#3030,.T.);
#1901=ORIENTED_EDGE('',*,*,#3008,.T.);
#1902=ORIENTED_EDGE('',*,*,#3010,.T.);
#1903=ORIENTED_EDGE('',*,*,#3014,.T.);
#1904=ORIENTED_EDGE('',*,*,#3031,.F.);
#1905=ORIENTED_EDGE('',*,*,#2291,.T.);
#1906=ORIENTED_EDGE('',*,*,#3031,.T.);
#1907=ORIENTED_EDGE('',*,*,#3013,.T.);
#1908=ORIENTED_EDGE('',*,*,#3012,.T.);
#1909=ORIENTED_EDGE('',*,*,#2980,.T.);
#1910=ORIENTED_EDGE('',*,*,#2450,.T.);
#1911=ORIENTED_EDGE('',*,*,#2642,.F.);
#1912=ORIENTED_EDGE('',*,*,#2292,.T.);
#1913=ORIENTED_EDGE('',*,*,#2635,.F.);
#1914=ORIENTED_EDGE('',*,*,#2988,.T.);
#1915=ORIENTED_EDGE('',*,*,#3002,.T.);
#1916=ORIENTED_EDGE('',*,*,#3032,.T.);
#1917=ORIENTED_EDGE('',*,*,#2644,.T.);
#1918=ORIENTED_EDGE('',*,*,#3033,.T.);
#1919=ORIENTED_EDGE('',*,*,#3034,.T.);
#1920=ORIENTED_EDGE('',*,*,#2632,.T.);
#1921=ORIENTED_EDGE('',*,*,#3035,.T.);
#1922=ORIENTED_EDGE('',*,*,#2631,.F.);
#1923=ORIENTED_EDGE('',*,*,#2659,.F.);
#1924=ORIENTED_EDGE('',*,*,#2629,.T.);
#1925=ORIENTED_EDGE('',*,*,#2690,.F.);
#1926=ORIENTED_EDGE('',*,*,#2333,.F.);
#1927=ORIENTED_EDGE('',*,*,#3026,.T.);
#1928=ORIENTED_EDGE('',*,*,#3019,.T.);
#1929=ORIENTED_EDGE('',*,*,#3036,.T.);
#1930=ORIENTED_EDGE('',*,*,#2307,.T.);
#1931=ORIENTED_EDGE('',*,*,#3023,.T.);
#1932=ORIENTED_EDGE('',*,*,#2696,.T.);
#1933=ORIENTED_EDGE('',*,*,#2701,.F.);
#1934=ORIENTED_EDGE('',*,*,#2625,.T.);
#1935=ORIENTED_EDGE('',*,*,#2880,.T.);
#1936=ORIENTED_EDGE('',*,*,#3037,.F.);
#1937=ORIENTED_EDGE('',*,*,#2623,.T.);
#1938=ORIENTED_EDGE('',*,*,#2658,.F.);
#1939=ORIENTED_EDGE('',*,*,#2621,.F.);
#1940=ORIENTED_EDGE('',*,*,#2882,.T.);
#1941=ORIENTED_EDGE('',*,*,#2987,.T.);
#1942=ORIENTED_EDGE('',*,*,#2986,.T.);
#1943=ORIENTED_EDGE('',*,*,#2905,.F.);
#1944=ORIENTED_EDGE('',*,*,#3038,.T.);
#1945=ORIENTED_EDGE('',*,*,#2510,.T.);
#1946=ORIENTED_EDGE('',*,*,#2617,.T.);
#1947=ORIENTED_EDGE('',*,*,#3037,.T.);
#1948=ORIENTED_EDGE('',*,*,#2990,.F.);
#1949=ORIENTED_EDGE('',*,*,#2989,.F.);
#1950=ORIENTED_EDGE('',*,*,#2633,.F.);
#1951=ORIENTED_EDGE('',*,*,#3034,.F.);
#1952=ORIENTED_EDGE('',*,*,#3039,.T.);
#1953=ORIENTED_EDGE('',*,*,#2613,.T.);
#1954=ORIENTED_EDGE('',*,*,#3040,.F.);
#1955=ORIENTED_EDGE('',*,*,#2612,.T.);
#1956=ORIENTED_EDGE('',*,*,#2898,.F.);
#1957=ORIENTED_EDGE('',*,*,#2897,.F.);
#1958=ORIENTED_EDGE('',*,*,#2610,.F.);
#1959=ORIENTED_EDGE('',*,*,#2861,.T.);
#1960=ORIENTED_EDGE('',*,*,#2608,.T.);
#1961=ORIENTED_EDGE('',*,*,#3040,.T.);
#1962=ORIENTED_EDGE('',*,*,#2606,.F.);
#1963=ORIENTED_EDGE('',*,*,#3041,.F.);
#1964=ORIENTED_EDGE('',*,*,#2912,.T.);
#1965=ORIENTED_EDGE('',*,*,#2530,.F.);
#1966=ORIENTED_EDGE('',*,*,#3042,.F.);
#1967=ORIENTED_EDGE('',*,*,#2603,.T.);
#1968=ORIENTED_EDGE('',*,*,#2896,.F.);
#1969=ORIENTED_EDGE('',*,*,#2601,.F.);
#1970=ORIENTED_EDGE('',*,*,#3043,.T.);
#1971=ORIENTED_EDGE('',*,*,#2599,.T.);
#1972=ORIENTED_EDGE('',*,*,#2407,.F.);
#1973=ORIENTED_EDGE('',*,*,#2910,.T.);
#1974=ORIENTED_EDGE('',*,*,#3041,.T.);
#1975=ORIENTED_EDGE('',*,*,#2595,.T.);
#1976=ORIENTED_EDGE('',*,*,#3044,.T.);
#1977=ORIENTED_EDGE('',*,*,#2864,.F.);
#1978=ORIENTED_EDGE('',*,*,#2409,.F.);
#1979=ORIENTED_EDGE('',*,*,#2592,.T.);
#1980=ORIENTED_EDGE('',*,*,#2415,.F.);
#1981=ORIENTED_EDGE('',*,*,#2866,.T.);
#1982=ORIENTED_EDGE('',*,*,#3045,.T.);
#1983=ORIENTED_EDGE('',*,*,#2589,.T.);
#1984=ORIENTED_EDGE('',*,*,#2540,.F.);
#1985=ORIENTED_EDGE('',*,*,#2893,.T.);
#1986=ORIENTED_EDGE('',*,*,#2928,.F.);
#1987=ORIENTED_EDGE('',*,*,#2585,.T.);
#1988=ORIENTED_EDGE('',*,*,#2656,.F.);
#1989=ORIENTED_EDGE('',*,*,#2873,.T.);
#1990=ORIENTED_EDGE('',*,*,#2883,.T.);
#1991=ORIENTED_EDGE('',*,*,#2580,.T.);
#1992=ORIENTED_EDGE('',*,*,#2567,.F.);
#1993=ORIENTED_EDGE('',*,*,#3046,.F.);
#1994=ORIENTED_EDGE('',*,*,#2647,.T.);
#1995=ORIENTED_EDGE('',*,*,#2576,.T.);
#1996=ORIENTED_EDGE('',*,*,#2648,.F.);
#1997=ORIENTED_EDGE('',*,*,#3046,.T.);
#1998=ORIENTED_EDGE('',*,*,#2566,.T.);
#1999=ORIENTED_EDGE('',*,*,#2572,.T.);
#2000=ORIENTED_EDGE('',*,*,#2652,.F.);
#2001=ORIENTED_EDGE('',*,*,#2876,.T.);
#2002=ORIENTED_EDGE('',*,*,#2877,.T.);
#2003=ORIENTED_EDGE('',*,*,#2568,.T.);
#2004=ORIENTED_EDGE('',*,*,#2579,.T.);
#2005=ORIENTED_EDGE('',*,*,#3047,.F.);
#2006=ORIENTED_EDGE('',*,*,#2562,.F.);
#2007=ORIENTED_EDGE('',*,*,#2664,.T.);
#2008=ORIENTED_EDGE('',*,*,#2563,.T.);
#2009=ORIENTED_EDGE('',*,*,#3047,.T.);
#2010=ORIENTED_EDGE('',*,*,#2578,.T.);
#2011=ORIENTED_EDGE('',*,*,#2646,.F.);
#2012=ORIENTED_EDGE('',*,*,#2558,.T.);
#2013=ORIENTED_EDGE('',*,*,#2878,.T.);
#2014=ORIENTED_EDGE('',*,*,#2874,.T.);
#2015=ORIENTED_EDGE('',*,*,#2650,.F.);
#2016=ORIENTED_EDGE('',*,*,#2553,.T.);
#2017=ORIENTED_EDGE('',*,*,#2661,.F.);
#2018=ORIENTED_EDGE('',*,*,#2546,.F.);
#2019=ORIENTED_EDGE('',*,*,#2653,.T.);
#2020=ORIENTED_EDGE('',*,*,#2549,.T.);
#2021=ORIENTED_EDGE('',*,*,#2884,.T.);
#2022=ORIENTED_EDGE('',*,*,#2871,.T.);
#2023=ORIENTED_EDGE('',*,*,#2654,.F.);
#2024=ORIENTED_EDGE('',*,*,#2544,.T.);
#2025=ORIENTED_EDGE('',*,*,#3048,.F.);
#2026=ORIENTED_EDGE('',*,*,#2920,.T.);
#2027=ORIENTED_EDGE('',*,*,#2867,.T.);
#2028=ORIENTED_EDGE('',*,*,#2887,.T.);
#2029=ORIENTED_EDGE('',*,*,#2541,.T.);
#2030=ORIENTED_EDGE('',*,*,#2588,.T.);
#2031=ORIENTED_EDGE('',*,*,#2921,.T.);
#2032=ORIENTED_EDGE('',*,*,#2374,.F.);
#2033=ORIENTED_EDGE('',*,*,#2537,.T.);
#2034=ORIENTED_EDGE('',*,*,#2381,.F.);
#2035=ORIENTED_EDGE('',*,*,#2933,.T.);
#2036=ORIENTED_EDGE('',*,*,#2916,.T.);
#2037=ORIENTED_EDGE('',*,*,#3048,.T.);
#2038=ORIENTED_EDGE('',*,*,#2533,.T.);
#2039=ORIENTED_EDGE('',*,*,#2924,.T.);
#2040=ORIENTED_EDGE('',*,*,#2526,.F.);
#2041=ORIENTED_EDGE('',*,*,#3049,.F.);
#2042=ORIENTED_EDGE('',*,*,#2604,.T.);
#2043=ORIENTED_EDGE('',*,*,#3042,.T.);
#2044=ORIENTED_EDGE('',*,*,#2529,.T.);
#2045=ORIENTED_EDGE('',*,*,#2931,.F.);
#2046=ORIENTED_EDGE('',*,*,#2862,.T.);
#2047=ORIENTED_EDGE('',*,*,#3049,.T.);
#2048=ORIENTED_EDGE('',*,*,#2525,.T.);
#2049=ORIENTED_EDGE('',*,*,#2985,.T.);
#2050=ORIENTED_EDGE('',*,*,#2888,.F.);
#2051=ORIENTED_EDGE('',*,*,#2869,.T.);
#2052=ORIENTED_EDGE('',*,*,#2919,.T.);
#2053=ORIENTED_EDGE('',*,*,#2941,.T.);
#2054=ORIENTED_EDGE('',*,*,#2519,.T.);
#2055=ORIENTED_EDGE('',*,*,#2947,.T.);
#2056=ORIENTED_EDGE('',*,*,#2938,.T.);
#2057=ORIENTED_EDGE('',*,*,#2949,.F.);
#2058=ORIENTED_EDGE('',*,*,#2514,.T.);
#2059=ORIENTED_EDGE('',*,*,#2967,.F.);
#2060=ORIENTED_EDGE('',*,*,#2991,.T.);
#2061=ORIENTED_EDGE('',*,*,#2618,.T.);
#2062=ORIENTED_EDGE('',*,*,#2511,.T.);
#2063=ORIENTED_EDGE('',*,*,#3038,.F.);
#2064=ORIENTED_EDGE('',*,*,#2907,.F.);
#2065=ORIENTED_EDGE('',*,*,#2522,.F.);
#2066=ORIENTED_EDGE('',*,*,#2944,.F.);
#2067=ORIENTED_EDGE('',*,*,#2946,.F.);
#2068=ORIENTED_EDGE('',*,*,#2517,.F.);
#2069=ORIENTED_EDGE('',*,*,#3050,.F.);
#2070=ORIENTED_EDGE('',*,*,#2501,.T.);
#2071=ORIENTED_EDGE('',*,*,#2600,.F.);
#2072=ORIENTED_EDGE('',*,*,#3043,.F.);
#2073=ORIENTED_EDGE('',*,*,#2979,.F.);
#2074=ORIENTED_EDGE('',*,*,#2954,.T.);
#2075=ORIENTED_EDGE('',*,*,#2956,.T.);
#2076=ORIENTED_EDGE('',*,*,#2496,.T.);
#2077=ORIENTED_EDGE('',*,*,#2502,.T.);
#2078=ORIENTED_EDGE('',*,*,#3050,.T.);
#2079=ORIENTED_EDGE('',*,*,#2516,.F.);
#2080=ORIENTED_EDGE('',*,*,#2948,.F.);
#2081=ORIENTED_EDGE('',*,*,#2340,.F.);
#2082=ORIENTED_EDGE('',*,*,#2492,.T.);
#2083=ORIENTED_EDGE('',*,*,#3051,.T.);
#2084=ORIENTED_EDGE('',*,*,#2353,.T.);
#2085=ORIENTED_EDGE('',*,*,#2842,.T.);
#2086=ORIENTED_EDGE('',*,*,#2488,.T.);
#2087=ORIENTED_EDGE('',*,*,#2972,.T.);
#2088=ORIENTED_EDGE('',*,*,#2503,.T.);
#2089=ORIENTED_EDGE('',*,*,#2494,.T.);
#2090=ORIENTED_EDGE('',*,*,#2485,.T.);
#2091=ORIENTED_EDGE('',*,*,#2978,.F.);
#2092=ORIENTED_EDGE('',*,*,#2997,.T.);
#2093=ORIENTED_EDGE('',*,*,#2465,.T.);
#2094=ORIENTED_EDGE('',*,*,#3052,.T.);
#2095=ORIENTED_EDGE('',*,*,#2973,.T.);
#2096=ORIENTED_EDGE('',*,*,#2481,.T.);
#2097=ORIENTED_EDGE('',*,*,#2950,.T.);
#2098=ORIENTED_EDGE('',*,*,#2998,.T.);
#2099=ORIENTED_EDGE('',*,*,#2976,.T.);
#2100=ORIENTED_EDGE('',*,*,#2477,.T.);
#2101=ORIENTED_EDGE('',*,*,#2902,.F.);
#2102=ORIENTED_EDGE('',*,*,#3011,.F.);
#2103=ORIENTED_EDGE('',*,*,#2457,.F.);
#2104=ORIENTED_EDGE('',*,*,#2930,.F.);
#2105=ORIENTED_EDGE('',*,*,#2472,.T.);
#2106=ORIENTED_EDGE('',*,*,#3045,.F.);
#2107=ORIENTED_EDGE('',*,*,#2994,.F.);
#2108=ORIENTED_EDGE('',*,*,#3005,.T.);
#2109=ORIENTED_EDGE('',*,*,#2468,.T.);
#2110=ORIENTED_EDGE('',*,*,#3004,.T.);
#2111=ORIENTED_EDGE('',*,*,#3001,.T.);
#2112=ORIENTED_EDGE('',*,*,#2974,.F.);
#2113=ORIENTED_EDGE('',*,*,#3052,.F.);
#2114=ORIENTED_EDGE('',*,*,#2464,.T.);
#2115=ORIENTED_EDGE('',*,*,#2971,.F.);
#2116=ORIENTED_EDGE('',*,*,#3000,.T.);
#2117=ORIENTED_EDGE('',*,*,#3003,.T.);
#2118=ORIENTED_EDGE('',*,*,#2460,.T.);
#2119=ORIENTED_EDGE('',*,*,#3006,.T.);
#2120=ORIENTED_EDGE('',*,*,#2995,.T.);
#2121=ORIENTED_EDGE('',*,*,#3044,.F.);
#2122=ORIENTED_EDGE('',*,*,#2453,.T.);
#2123=ORIENTED_EDGE('',*,*,#3039,.F.);
#2124=ORIENTED_EDGE('',*,*,#3033,.F.);
#2125=ORIENTED_EDGE('',*,*,#2643,.F.);
#2126=ORIENTED_EDGE('',*,*,#2448,.T.);
#2127=ORIENTED_EDGE('',*,*,#3035,.F.);
#2128=ORIENTED_EDGE('',*,*,#2446,.F.);
#2129=ORIENTED_EDGE('',*,*,#2668,.F.);
#2130=ORIENTED_EDGE('',*,*,#2444,.T.);
#2131=ORIENTED_EDGE('',*,*,#2667,.F.);
#2132=ORIENTED_EDGE('',*,*,#2442,.F.);
#2133=ORIENTED_EDGE('',*,*,#2309,.F.);
#2134=ORIENTED_EDGE('',*,*,#3053,.F.);
#2135=ORIENTED_EDGE('',*,*,#2440,.T.);
#2136=ORIENTED_EDGE('',*,*,#3054,.T.);
#2137=ORIENTED_EDGE('',*,*,#3029,.T.);
#2138=ORIENTED_EDGE('',*,*,#3028,.T.);
#2139=ORIENTED_EDGE('',*,*,#3055,.F.);
#2140=ORIENTED_EDGE('',*,*,#2418,.F.);
#2141=ORIENTED_EDGE('',*,*,#2347,.T.);
#2142=ORIENTED_EDGE('',*,*,#2437,.T.);
#2143=ORIENTED_EDGE('',*,*,#3056,.F.);
#2144=ORIENTED_EDGE('',*,*,#2436,.T.);
#2145=ORIENTED_EDGE('',*,*,#2740,.F.);
#2146=ORIENTED_EDGE('',*,*,#2739,.F.);
#2147=ORIENTED_EDGE('',*,*,#2434,.F.);
#2148=ORIENTED_EDGE('',*,*,#2687,.T.);
#2149=ORIENTED_EDGE('',*,*,#2432,.T.);
#2150=ORIENTED_EDGE('',*,*,#3056,.T.);
#2151=ORIENTED_EDGE('',*,*,#2430,.F.);
#2152=ORIENTED_EDGE('',*,*,#2741,.F.);
#2153=ORIENTED_EDGE('',*,*,#2428,.F.);
#2154=ORIENTED_EDGE('',*,*,#3057,.T.);
#2155=ORIENTED_EDGE('',*,*,#2426,.T.);
#2156=ORIENTED_EDGE('',*,*,#3058,.F.);
#2157=ORIENTED_EDGE('',*,*,#2705,.T.);
#2158=ORIENTED_EDGE('',*,*,#2405,.F.);
#2159=ORIENTED_EDGE('',*,*,#2423,.T.);
#2160=ORIENTED_EDGE('',*,*,#2700,.T.);
#2161=ORIENTED_EDGE('',*,*,#2709,.T.);
#2162=ORIENTED_EDGE('',*,*,#2413,.F.);
#2163=ORIENTED_EDGE('',*,*,#2419,.T.);
#2164=ORIENTED_EDGE('',*,*,#3055,.T.);
#2165=ORIENTED_EDGE('',*,*,#3027,.T.);
#2166=ORIENTED_EDGE('',*,*,#2840,.F.);
#2167=ORIENTED_EDGE('',*,*,#2416,.T.);
#2168=ORIENTED_EDGE('',*,*,#2591,.T.);
#2169=ORIENTED_EDGE('',*,*,#2848,.T.);
#2170=ORIENTED_EDGE('',*,*,#2420,.T.);
#2171=ORIENTED_EDGE('',*,*,#2412,.T.);
#2172=ORIENTED_EDGE('',*,*,#2399,.T.);
#2173=ORIENTED_EDGE('',*,*,#2714,.F.);
#2174=ORIENTED_EDGE('',*,*,#2593,.T.);
#2175=ORIENTED_EDGE('',*,*,#2408,.T.);
#2176=ORIENTED_EDGE('',*,*,#2598,.T.);
#2177=ORIENTED_EDGE('',*,*,#2712,.T.);
#2178=ORIENTED_EDGE('',*,*,#2424,.T.);
#2179=ORIENTED_EDGE('',*,*,#2404,.T.);
#2180=ORIENTED_EDGE('',*,*,#2744,.T.);
#2181=ORIENTED_EDGE('',*,*,#2715,.T.);
#2182=ORIENTED_EDGE('',*,*,#2778,.T.);
#2183=ORIENTED_EDGE('',*,*,#2378,.F.);
#2184=ORIENTED_EDGE('',*,*,#2400,.T.);
#2185=ORIENTED_EDGE('',*,*,#2411,.F.);
#2186=ORIENTED_EDGE('',*,*,#2710,.T.);
#2187=ORIENTED_EDGE('',*,*,#2693,.F.);
#2188=ORIENTED_EDGE('',*,*,#2756,.F.);
#2189=ORIENTED_EDGE('',*,*,#2394,.T.);
#2190=ORIENTED_EDGE('',*,*,#2791,.F.);
#2191=ORIENTED_EDGE('',*,*,#2396,.T.);
#2192=ORIENTED_EDGE('',*,*,#2641,.F.);
#2193=ORIENTED_EDGE('',*,*,#2389,.T.);
#2194=ORIENTED_EDGE('',*,*,#2771,.F.);
#2195=ORIENTED_EDGE('',*,*,#2766,.F.);
#2196=ORIENTED_EDGE('',*,*,#2686,.T.);
#2197=ORIENTED_EDGE('',*,*,#2385,.T.);
#2198=ORIENTED_EDGE('',*,*,#2795,.F.);
#2199=ORIENTED_EDGE('',*,*,#2732,.T.);
#2200=ORIENTED_EDGE('',*,*,#3059,.F.);
#2201=ORIENTED_EDGE('',*,*,#2382,.T.);
#2202=ORIENTED_EDGE('',*,*,#2536,.T.);
#2203=ORIENTED_EDGE('',*,*,#2781,.F.);
#2204=ORIENTED_EDGE('',*,*,#2401,.T.);
#2205=ORIENTED_EDGE('',*,*,#2377,.T.);
#2206=ORIENTED_EDGE('',*,*,#3059,.T.);
#2207=ORIENTED_EDGE('',*,*,#2783,.T.);
#2208=ORIENTED_EDGE('',*,*,#2538,.T.);
#2209=ORIENTED_EDGE('',*,*,#2373,.T.);
#2210=ORIENTED_EDGE('',*,*,#2367,.F.);
#2211=ORIENTED_EDGE('',*,*,#2706,.T.);
#2212=ORIENTED_EDGE('',*,*,#2790,.T.);
#2213=ORIENTED_EDGE('',*,*,#2370,.T.);
#2214=ORIENTED_EDGE('',*,*,#2789,.T.);
#2215=ORIENTED_EDGE('',*,*,#2792,.F.);
#2216=ORIENTED_EDGE('',*,*,#3058,.T.);
#2217=ORIENTED_EDGE('',*,*,#2365,.T.);
#2218=ORIENTED_EDGE('',*,*,#2748,.T.);
#2219=ORIENTED_EDGE('',*,*,#2724,.F.);
#2220=ORIENTED_EDGE('',*,*,#3060,.T.);
#2221=ORIENTED_EDGE('',*,*,#2806,.F.);
#2222=ORIENTED_EDGE('',*,*,#2803,.T.);
#2223=ORIENTED_EDGE('',*,*,#2359,.T.);
#2224=ORIENTED_EDGE('',*,*,#2814,.F.);
#2225=ORIENTED_EDGE('',*,*,#2812,.T.);
#2226=ORIENTED_EDGE('',*,*,#2810,.T.);
#2227=ORIENTED_EDGE('',*,*,#2355,.T.);
#2228=ORIENTED_EDGE('',*,*,#2343,.F.);
#2229=ORIENTED_EDGE('',*,*,#2357,.F.);
#2230=ORIENTED_EDGE('',*,*,#2809,.F.);
#2231=ORIENTED_EDGE('',*,*,#2807,.F.);
#2232=ORIENTED_EDGE('',*,*,#3060,.F.);
#2233=ORIENTED_EDGE('',*,*,#2723,.F.);
#2234=ORIENTED_EDGE('',*,*,#2751,.F.);
#2235=ORIENTED_EDGE('',*,*,#2720,.F.);
#2236=ORIENTED_EDGE('',*,*,#2438,.F.);
#2237=ORIENTED_EDGE('',*,*,#2345,.T.);
#2238=ORIENTED_EDGE('',*,*,#2427,.F.);
#2239=ORIENTED_EDGE('',*,*,#3057,.F.);
#2240=ORIENTED_EDGE('',*,*,#2354,.T.);
#2241=ORIENTED_EDGE('',*,*,#3051,.F.);
#2242=ORIENTED_EDGE('',*,*,#2487,.F.);
#2243=ORIENTED_EDGE('',*,*,#2493,.T.);
#2244=ORIENTED_EDGE('',*,*,#2339,.T.);
#2245=ORIENTED_EDGE('',*,*,#3061,.F.);
#2246=ORIENTED_EDGE('',*,*,#2845,.F.);
#2247=ORIENTED_EDGE('',*,*,#2831,.T.);
#2248=ORIENTED_EDGE('',*,*,#2691,.T.);
#2249=ORIENTED_EDGE('',*,*,#2335,.T.);
#2250=ORIENTED_EDGE('',*,*,#2689,.T.);
#2251=ORIENTED_EDGE('',*,*,#2830,.T.);
#2252=ORIENTED_EDGE('',*,*,#2836,.F.);
#2253=ORIENTED_EDGE('',*,*,#2330,.T.);
#2254=ORIENTED_EDGE('',*,*,#2819,.T.);
#2255=ORIENTED_EDGE('',*,*,#2846,.T.);
#2256=ORIENTED_EDGE('',*,*,#2850,.F.);
#2257=ORIENTED_EDGE('',*,*,#2325,.T.);
#2258=ORIENTED_EDGE('',*,*,#2852,.F.);
#2259=ORIENTED_EDGE('',*,*,#2825,.T.);
#2260=ORIENTED_EDGE('',*,*,#2847,.T.);
#2261=ORIENTED_EDGE('',*,*,#2321,.T.);
#2262=ORIENTED_EDGE('',*,*,#2843,.T.);
#2263=ORIENTED_EDGE('',*,*,#3061,.T.);
#2264=ORIENTED_EDGE('',*,*,#2338,.T.);
#2265=ORIENTED_EDGE('',*,*,#2827,.T.);
#2266=ORIENTED_EDGE('',*,*,#2851,.T.);
#2267=ORIENTED_EDGE('',*,*,#2317,.T.);
#2268=ORIENTED_EDGE('',*,*,#3016,.T.);
#2269=ORIENTED_EDGE('',*,*,#3062,.T.);
#2270=ORIENTED_EDGE('',*,*,#3021,.F.);
#2271=ORIENTED_EDGE('',*,*,#2313,.T.);
#2272=ORIENTED_EDGE('',*,*,#2666,.F.);
#2273=ORIENTED_EDGE('',*,*,#2311,.T.);
#2274=ORIENTED_EDGE('',*,*,#2441,.T.);
#2275=ORIENTED_EDGE('',*,*,#3053,.T.);
#2276=ORIENTED_EDGE('',*,*,#2308,.F.);
#2277=ORIENTED_EDGE('',*,*,#3036,.F.);
#2278=ORIENTED_EDGE('',*,*,#3022,.F.);
#2279=ORIENTED_EDGE('',*,*,#3062,.F.);
#2280=ORIENTED_EDGE('',*,*,#3018,.F.);
#2281=ORIENTED_EDGE('',*,*,#3030,.F.);
#2282=ORIENTED_EDGE('',*,*,#3054,.F.);
#2283=ORIENTED_EDGE('',*,*,#2294,.T.);
#2284=ORIENTED_EDGE('',*,*,#2645,.T.);
#2285=ORIENTED_EDGE('',*,*,#2636,.T.);
#2286=ORIENTED_EDGE('',*,*,#3032,.F.);
#2287=ORIENTED_EDGE('',*,*,#3009,.F.);
#2288=ORIENTED_EDGE('',*,*,#2289,.T.);
#2289=EDGE_CURVE('NONE',#3063,#3064,#3543,.F.);
#2290=EDGE_CURVE('NONE',#3065,#3063,#503,.T.);
#2291=EDGE_CURVE('NONE',#3066,#3065,#202,.T.);
#2292=EDGE_CURVE('NONE',#3067,#3066,#203,.T.);
#2293=EDGE_CURVE('NONE',#3067,#3064,#504,.T.);
#2294=EDGE_CURVE('NONE',#3068,#3069,#3544,.F.);
#2295=EDGE_CURVE('NONE',#3070,#3068,#505,.T.);
#2296=EDGE_CURVE('NONE',#3071,#3070,#204,.T.);
#2297=EDGE_CURVE('NONE',#3072,#3071,#3545,.F.);
#2298=EDGE_CURVE('NONE',#3073,#3072,#506,.T.);
#2299=EDGE_CURVE('NONE',#3074,#3073,#205,.F.);
#2300=EDGE_CURVE('NONE',#3075,#3074,#206,.T.);
#2301=EDGE_CURVE('NONE',#3076,#3075,#507,.T.);
#2302=EDGE_CURVE('NONE',#3077,#3076,#207,.F.);
#2303=EDGE_CURVE('NONE',#3077,#3078,#208,.T.);
#2304=EDGE_CURVE('NONE',#3078,#3079,#209,.F.);
#2305=EDGE_CURVE('NONE',#3080,#3079,#210,.T.);
#2306=EDGE_CURVE('NONE',#3081,#3080,#508,.T.);
#2307=EDGE_CURVE('NONE',#3069,#3081,#211,.T.);
#2308=EDGE_CURVE('NONE',#3082,#3083,#3546,.T.);
#2309=EDGE_CURVE('NONE',#3083,#3084,#509,.T.);
#2310=EDGE_CURVE('NONE',#3084,#3085,#510,.T.);
#2311=EDGE_CURVE('NONE',#3086,#3085,#3547,.T.);
#2312=EDGE_CURVE('NONE',#3082,#3086,#511,.T.);
#2313=EDGE_CURVE('NONE',#3087,#3088,#3548,.F.);
#2314=EDGE_CURVE('NONE',#3089,#3087,#512,.T.);
#2315=EDGE_CURVE('NONE',#3089,#3090,#3549,.F.);
#2316=EDGE_CURVE('NONE',#3090,#3088,#212,.T.);
#2317=EDGE_CURVE('NONE',#3091,#3092,#3550,.F.);
#2318=EDGE_CURVE('NONE',#3091,#3093,#513,.T.);
#2319=EDGE_CURVE('NONE',#3093,#3094,#3551,.F.);
#2320=EDGE_CURVE('NONE',#3094,#3092,#213,.T.);
#2321=EDGE_CURVE('NONE',#3095,#3096,#3552,.F.);
#2322=EDGE_CURVE('NONE',#3095,#3097,#186,.F.);
#2323=EDGE_CURVE('NONE',#3097,#3098,#3553,.F.);
#2324=EDGE_CURVE('NONE',#3096,#3098,#514,.T.);
#2325=EDGE_CURVE('NONE',#3099,#3100,#3554,.F.);
#2326=EDGE_CURVE('NONE',#3098,#3099,#515,.T.);
#2327=EDGE_CURVE('NONE',#3098,#3101,#3555,.F.);
#2328=EDGE_CURVE('NONE',#3102,#3101,#214,.F.);
#2329=EDGE_CURVE('NONE',#3102,#3100,#215,.T.);
#2330=EDGE_CURVE('NONE',#3103,#3104,#3556,.F.);
#2331=EDGE_CURVE('NONE',#3105,#3103,#216,.T.);
#2332=EDGE_CURVE('NONE',#3105,#3106,#3557,.F.);
#2333=EDGE_CURVE('NONE',#3106,#3107,#217,.F.);
#2334=EDGE_CURVE('NONE',#3107,#3104,#218,.T.);
#2335=EDGE_CURVE('NONE',#3108,#3109,#3558,.F.);
#2336=EDGE_CURVE('NONE',#3108,#3110,#516,.T.);
#2337=EDGE_CURVE('NONE',#3110,#3111,#3559,.F.);
#2338=EDGE_CURVE('NONE',#3109,#3111,#219,.F.);
#2339=EDGE_CURVE('NONE',#3112,#3113,#3560,.F.);
#2340=EDGE_CURVE('NONE',#3112,#3114,#517,.T.);
#2341=EDGE_CURVE('NONE',#3115,#3114,#220,.F.);
#2342=EDGE_CURVE('NONE',#3116,#3115,#221,.F.);
#2343=EDGE_CURVE('NONE',#3116,#3117,#518,.T.);
#2344=EDGE_CURVE('NONE',#3117,#3113,#519,.T.);
#2345=EDGE_CURVE('NONE',#3118,#3117,#3561,.F.);
#2346=EDGE_CURVE('NONE',#3119,#3118,#520,.T.);
#2347=EDGE_CURVE('NONE',#3120,#3119,#521,.T.);
#2348=EDGE_CURVE('NONE',#3121,#3120,#3562,.F.);
#2349=EDGE_CURVE('NONE',#3122,#3121,#222,.T.);
#2350=EDGE_CURVE('NONE',#3123,#3122,#223,.F.);
#2351=EDGE_CURVE('NONE',#3124,#3123,#224,.F.);
#2352=EDGE_CURVE('NONE',#3125,#3124,#225,.F.);
#2353=EDGE_CURVE('NONE',#3126,#3125,#3563,.F.);
#2354=EDGE_CURVE('NONE',#3113,#3126,#522,.T.);
#2355=EDGE_CURVE('NONE',#3127,#3128,#3564,.F.);
#2356=EDGE_CURVE('NONE',#3127,#3129,#226,.T.);
#2357=EDGE_CURVE('NONE',#3129,#3116,#3565,.F.);
#2358=EDGE_CURVE('NONE',#3128,#3115,#3566,.F.);
#2359=EDGE_CURVE('NONE',#3130,#3131,#3567,.F.);
#2360=EDGE_CURVE('NONE',#3130,#3132,#227,.T.);
#2361=EDGE_CURVE('NONE',#3132,#3133,#228,.T.);
#2362=EDGE_CURVE('NONE',#3133,#3134,#3568,.F.);
#2363=EDGE_CURVE('NONE',#3134,#3135,#229,.T.);
#2364=EDGE_CURVE('NONE',#3135,#3131,#230,.T.);
#2365=EDGE_CURVE('NONE',#3136,#3137,#523,.T.);
#2366=EDGE_CURVE('NONE',#3136,#3138,#524,.T.);
#2367=EDGE_CURVE('NONE',#3138,#3139,#525,.T.);
#2368=EDGE_CURVE('NONE',#3139,#3140,#526,.T.);
#2369=EDGE_CURVE('NONE',#3140,#3137,#527,.T.);
#2370=EDGE_CURVE('NONE',#3141,#3139,#3569,.F.);
#2371=EDGE_CURVE('NONE',#3141,#3142,#528,.T.);
#2372=EDGE_CURVE('NONE',#3142,#3140,#3570,.F.);
#2373=EDGE_CURVE('NONE',#3143,#3144,#3571,.F.);
#2374=EDGE_CURVE('NONE',#3143,#3145,#529,.T.);
#2375=EDGE_CURVE('NONE',#3146,#3145,#3572,.F.);
#2376=EDGE_CURVE('NONE',#3146,#3144,#530,.T.);
#2377=EDGE_CURVE('NONE',#3147,#3148,#3573,.F.);
#2378=EDGE_CURVE('NONE',#3147,#3149,#531,.T.);
#2379=EDGE_CURVE('NONE',#3149,#3150,#231,.F.);
#2380=EDGE_CURVE('NONE',#3150,#3151,#187,.F.);
#2381=EDGE_CURVE('NONE',#3151,#3148,#532,.T.);
#2382=EDGE_CURVE('NONE',#3144,#3152,#3574,.F.);
#2383=EDGE_CURVE('NONE',#3146,#3153,#3575,.F.);
#2384=EDGE_CURVE('NONE',#3152,#3153,#533,.T.);
#2385=EDGE_CURVE('NONE',#3154,#3155,#534,.T.);
#2386=EDGE_CURVE('NONE',#3154,#3156,#535,.T.);
#2387=EDGE_CURVE('NONE',#3156,#3157,#232,.T.);
#2388=EDGE_CURVE('NONE',#3155,#3157,#536,.T.);
#2389=EDGE_CURVE('NONE',#3158,#3159,#3576,.F.);
#2390=EDGE_CURVE('NONE',#3160,#3158,#537,.T.);
#2391=EDGE_CURVE('NONE',#3160,#3161,#3577,.F.);
#2392=EDGE_CURVE('NONE',#3161,#3162,#538,.T.);
#2393=EDGE_CURVE('NONE',#3159,#3162,#233,.F.);
#2394=EDGE_CURVE('NONE',#3163,#3164,#3578,.F.);
#2395=EDGE_CURVE('NONE',#3165,#3163,#234,.T.);
#2396=EDGE_CURVE('NONE',#3166,#3165,#3579,.F.);
#2397=EDGE_CURVE('NONE',#3167,#3166,#539,.T.);
#2398=EDGE_CURVE('NONE',#3167,#3168,#3580,.F.);
#2399=EDGE_CURVE('NONE',#3164,#3168,#540,.T.);
#2400=EDGE_CURVE('NONE',#3147,#3169,#3581,.F.);
#2401=EDGE_CURVE('NONE',#3170,#3147,#541,.T.);
#2402=EDGE_CURVE('NONE',#3170,#3171,#3582,.F.);
#2403=EDGE_CURVE('NONE',#3171,#3169,#235,.T.);
#2404=EDGE_CURVE('NONE',#3172,#3173,#3583,.F.);
#2405=EDGE_CURVE('NONE',#3172,#3174,#542,.T.);
#2406=EDGE_CURVE('NONE',#3175,#3174,#3584,.F.);
#2407=EDGE_CURVE('NONE',#3175,#3173,#543,.T.);
#2408=EDGE_CURVE('NONE',#3176,#3164,#3585,.F.);
#2409=EDGE_CURVE('NONE',#3176,#3177,#544,.T.);
#2410=EDGE_CURVE('NONE',#3177,#3178,#3586,.F.);
#2411=EDGE_CURVE('NONE',#3178,#3164,#545,.T.);
#2412=EDGE_CURVE('NONE',#3179,#3180,#3587,.F.);
#2413=EDGE_CURVE('NONE',#3179,#3181,#546,.T.);
#2414=EDGE_CURVE('NONE',#3182,#3181,#3588,.F.);
#2415=EDGE_CURVE('NONE',#3182,#3180,#547,.T.);
#2416=EDGE_CURVE('NONE',#3183,#3184,#3589,.F.);
#2417=EDGE_CURVE('NONE',#3121,#3183,#236,.T.);
#2418=EDGE_CURVE('NONE',#3120,#3184,#237,.T.);
#2419=EDGE_CURVE('NONE',#3179,#3185,#3590,.F.);
#2420=EDGE_CURVE('NONE',#3186,#3179,#548,.T.);
#2421=EDGE_CURVE('NONE',#3186,#3187,#3591,.F.);
#2422=EDGE_CURVE('NONE',#3187,#3185,#549,.T.);
#2423=EDGE_CURVE('NONE',#3172,#3136,#3592,.F.);
#2424=EDGE_CURVE('NONE',#3188,#3172,#550,.T.);
#2425=EDGE_CURVE('NONE',#3188,#3138,#3593,.F.);
#2426=EDGE_CURVE('NONE',#3189,#3190,#3594,.F.);
#2427=EDGE_CURVE('NONE',#3189,#3191,#238,.T.);
#2428=EDGE_CURVE('NONE',#3191,#3192,#3595,.F.);
#2429=EDGE_CURVE('NONE',#3190,#3192,#239,.T.);
#2430=EDGE_CURVE('NONE',#3193,#3194,#3596,.T.);
#2431=EDGE_CURVE('NONE',#3194,#3195,#551,.T.);
#2432=EDGE_CURVE('NONE',#3196,#3195,#3597,.T.);
#2433=EDGE_CURVE('NONE',#3196,#3193,#552,.T.);
#2434=EDGE_CURVE('NONE',#3194,#3197,#3598,.T.);
#2435=EDGE_CURVE('NONE',#3198,#3197,#240,.T.);
#2436=EDGE_CURVE('NONE',#3195,#3198,#3599,.T.);
#2437=EDGE_CURVE('NONE',#3119,#3068,#3600,.F.);
#2438=EDGE_CURVE('NONE',#3118,#3199,#553,.T.);
#2439=EDGE_CURVE('NONE',#3070,#3199,#3601,.F.);
#2440=EDGE_CURVE('NONE',#3200,#3201,#3602,.F.);
#2441=EDGE_CURVE('NONE',#3085,#3200,#554,.T.);
#2442=EDGE_CURVE('NONE',#3084,#3202,#3603,.F.);
#2443=EDGE_CURVE('NONE',#3201,#3202,#555,.T.);
#2444=EDGE_CURVE('NONE',#3203,#3204,#3604,.F.);
#2445=EDGE_CURVE('NONE',#3205,#3203,#556,.T.);
#2446=EDGE_CURVE('NONE',#3205,#3206,#3605,.F.);
#2447=EDGE_CURVE('NONE',#3204,#3206,#557,.T.);
#2448=EDGE_CURVE('NONE',#3207,#3208,#3606,.F.);
#2449=EDGE_CURVE('NONE',#3209,#3207,#558,.T.);
#2450=EDGE_CURVE('NONE',#3210,#3209,#241,.T.);
#2451=EDGE_CURVE('NONE',#3210,#3211,#242,.T.);
#2452=EDGE_CURVE('NONE',#3208,#3211,#559,.T.);
#2453=EDGE_CURVE('NONE',#3212,#3213,#3607,.F.);
#2454=EDGE_CURVE('NONE',#3214,#3212,#560,.T.);
#2455=EDGE_CURVE('NONE',#3214,#3215,#3608,.F.);
#2456=EDGE_CURVE('NONE',#3216,#3215,#561,.T.);
#2457=EDGE_CURVE('NONE',#3216,#3217,#3609,.F.);
#2458=EDGE_CURVE('NONE',#3218,#3217,#243,.F.);
#2459=EDGE_CURVE('NONE',#3218,#3213,#562,.T.);
#2460=EDGE_CURVE('NONE',#3219,#3220,#3610,.F.);
#2461=EDGE_CURVE('NONE',#3219,#3221,#563,.T.);
#2462=EDGE_CURVE('NONE',#3221,#3222,#3611,.F.);
#2463=EDGE_CURVE('NONE',#3220,#3222,#244,.T.);
#2464=EDGE_CURVE('NONE',#3223,#3224,#3612,.F.);
#2465=EDGE_CURVE('NONE',#3225,#3223,#245,.F.);
#2466=EDGE_CURVE('NONE',#3225,#3226,#3613,.F.);
#2467=EDGE_CURVE('NONE',#3226,#3224,#564,.T.);
#2468=EDGE_CURVE('NONE',#3227,#3228,#3614,.F.);
#2469=EDGE_CURVE('NONE',#3227,#3229,#565,.T.);
#2470=EDGE_CURVE('NONE',#3229,#3230,#3615,.F.);
#2471=EDGE_CURVE('NONE',#3228,#3230,#566,.T.);
#2472=EDGE_CURVE('NONE',#3231,#3232,#3616,.F.);
#2473=EDGE_CURVE('NONE',#3233,#3231,#246,.F.);
#2474=EDGE_CURVE('NONE',#3233,#3234,#567,.T.);
#2475=EDGE_CURVE('NONE',#3234,#3235,#3617,.F.);
#2476=EDGE_CURVE('NONE',#3232,#3235,#247,.T.);
#2477=EDGE_CURVE('NONE',#3236,#3237,#3618,.F.);
#2478=EDGE_CURVE('NONE',#3236,#3238,#568,.T.);
#2479=EDGE_CURVE('NONE',#3238,#3097,#3619,.F.);
#2480=EDGE_CURVE('NONE',#3097,#3237,#188,.F.);
#2481=EDGE_CURVE('NONE',#3239,#3240,#3620,.F.);
#2482=EDGE_CURVE('NONE',#3239,#3241,#248,.T.);
#2483=EDGE_CURVE('NONE',#3241,#3242,#3621,.F.);
#2484=EDGE_CURVE('NONE',#3240,#3242,#569,.T.);
#2485=EDGE_CURVE('NONE',#3243,#3244,#3622,.F.);
#2486=EDGE_CURVE('NONE',#3243,#3245,#249,.T.);
#2487=EDGE_CURVE('NONE',#3245,#3246,#250,.T.);
#2488=EDGE_CURVE('NONE',#3247,#3246,#3623,.F.);
#2489=EDGE_CURVE('NONE',#3247,#3248,#251,.T.);
#2490=EDGE_CURVE('NONE',#3248,#3249,#3624,.F.);
#2491=EDGE_CURVE('NONE',#3249,#3244,#252,.T.);
#2492=EDGE_CURVE('NONE',#3112,#3250,#3625,.F.);
#2493=EDGE_CURVE('NONE',#3245,#3112,#570,.T.);
#2494=EDGE_CURVE('NONE',#3251,#3243,#253,.T.);
#2495=EDGE_CURVE('NONE',#3251,#3250,#571,.T.);
#2496=EDGE_CURVE('NONE',#3252,#3253,#3626,.F.);
#2497=EDGE_CURVE('NONE',#3252,#3254,#254,.T.);
#2498=EDGE_CURVE('NONE',#3255,#3254,#255,.F.);
#2499=EDGE_CURVE('NONE',#3255,#3238,#3627,.F.);
#2500=EDGE_CURVE('NONE',#3253,#3238,#572,.T.);
#2501=EDGE_CURVE('NONE',#3256,#3257,#3628,.F.);
#2502=EDGE_CURVE('NONE',#3250,#3256,#573,.T.);
#2503=EDGE_CURVE('NONE',#3258,#3251,#3629,.F.);
#2504=EDGE_CURVE('NONE',#3259,#3258,#256,.F.);
#2505=EDGE_CURVE('NONE',#3260,#3259,#257,.F.);
#2506=EDGE_CURVE('NONE',#3261,#3260,#258,.F.);
#2507=EDGE_CURVE('NONE',#3262,#3261,#259,.T.);
#2508=EDGE_CURVE('NONE',#3263,#3262,#3630,.F.);
#2509=EDGE_CURVE('NONE',#3264,#3263,#574,.T.);
#2510=EDGE_CURVE('NONE',#3257,#3264,#575,.T.);
#2511=EDGE_CURVE('NONE',#3265,#3266,#3631,.F.);
#2512=EDGE_CURVE('NONE',#3265,#3263,#260,.T.);
#2513=EDGE_CURVE('NONE',#3266,#3262,#261,.T.);
#2514=EDGE_CURVE('NONE',#3267,#3268,#3632,.F.);
#2515=EDGE_CURVE('NONE',#3269,#3267,#3633,.F.);
#2516=EDGE_CURVE('NONE',#3269,#3270,#262,.F.);
#2517=EDGE_CURVE('NONE',#3270,#3271,#3634,.F.);
#2518=EDGE_CURVE('NONE',#3271,#3268,#263,.T.);
#2519=EDGE_CURVE('NONE',#3272,#3273,#3635,.F.);
#2520=EDGE_CURVE('NONE',#3272,#3274,#264,.T.);
#2521=EDGE_CURVE('NONE',#3275,#3274,#265,.T.);
#2522=EDGE_CURVE('NONE',#3275,#3276,#3636,.F.);
#2523=EDGE_CURVE('NONE',#3277,#3276,#266,.T.);
#2524=EDGE_CURVE('NONE',#3277,#3273,#267,.T.);
#2525=EDGE_CURVE('NONE',#3278,#3279,#3637,.F.);
#2526=EDGE_CURVE('NONE',#3278,#3280,#576,.T.);
#2527=EDGE_CURVE('NONE',#3280,#3281,#3638,.F.);
#2528=EDGE_CURVE('NONE',#3279,#3281,#577,.T.);
#2529=EDGE_CURVE('NONE',#3282,#3283,#578,.T.);
#2530=EDGE_CURVE('NONE',#3282,#3284,#579,.T.);
#2531=EDGE_CURVE('NONE',#3284,#3285,#580,.T.);
#2532=EDGE_CURVE('NONE',#3285,#3283,#581,.T.);
#2533=EDGE_CURVE('NONE',#3286,#3148,#3639,.F.);
#2534=EDGE_CURVE('NONE',#3286,#3287,#582,.T.);
#2535=EDGE_CURVE('NONE',#3287,#3288,#3640,.F.);
#2536=EDGE_CURVE('NONE',#3148,#3288,#583,.T.);
#2537=EDGE_CURVE('NONE',#3143,#3289,#3641,.F.);
#2538=EDGE_CURVE('NONE',#3290,#3143,#584,.T.);
#2539=EDGE_CURVE('NONE',#3291,#3290,#3642,.F.);
#2540=EDGE_CURVE('NONE',#3291,#3289,#585,.T.);
#2541=EDGE_CURVE('NONE',#3292,#3286,#3643,.F.);
#2542=EDGE_CURVE('NONE',#3292,#3293,#268,.T.);
#2543=EDGE_CURVE('NONE',#3293,#3287,#3644,.F.);
#2544=EDGE_CURVE('NONE',#3294,#3295,#3645,.F.);
#2545=EDGE_CURVE('NONE',#3296,#3294,#586,.T.);
#2546=EDGE_CURVE('NONE',#3296,#3297,#3646,.F.);
#2547=EDGE_CURVE('NONE',#3298,#3297,#587,.T.);
#2548=EDGE_CURVE('NONE',#3298,#3295,#269,.F.);
#2549=EDGE_CURVE('NONE',#3299,#3300,#3647,.F.);
#2550=EDGE_CURVE('NONE',#3299,#3301,#588,.T.);
#2551=EDGE_CURVE('NONE',#3302,#3301,#3648,.F.);
#2552=EDGE_CURVE('NONE',#3300,#3302,#589,.T.);
#2553=EDGE_CURVE('NONE',#3303,#3304,#3649,.F.);
#2554=EDGE_CURVE('NONE',#3305,#3303,#590,.T.);
#2555=EDGE_CURVE('NONE',#3305,#3306,#3650,.F.);
#2556=EDGE_CURVE('NONE',#3307,#3306,#591,.T.);
#2557=EDGE_CURVE('NONE',#3307,#3304,#270,.F.);
#2558=EDGE_CURVE('NONE',#3308,#3309,#3651,.F.);
#2559=EDGE_CURVE('NONE',#3310,#3308,#592,.T.);
#2560=EDGE_CURVE('NONE',#3310,#3311,#3652,.F.);
#2561=EDGE_CURVE('NONE',#3312,#3311,#593,.T.);
#2562=EDGE_CURVE('NONE',#3312,#3309,#271,.F.);
#2563=EDGE_CURVE('NONE',#3313,#3314,#3653,.F.);
#2564=EDGE_CURVE('NONE',#3313,#3315,#594,.T.);
#2565=EDGE_CURVE('NONE',#3316,#3315,#272,.F.);
#2566=EDGE_CURVE('NONE',#3317,#3316,#273,.T.);
#2567=EDGE_CURVE('NONE',#3317,#3314,#595,.T.);
#2568=EDGE_CURVE('NONE',#3318,#3319,#3654,.F.);
#2569=EDGE_CURVE('NONE',#3318,#3320,#274,.F.);
#2570=EDGE_CURVE('NONE',#3302,#3320,#596,.T.);
#2571=EDGE_CURVE('NONE',#3319,#3301,#597,.T.);
#2572=EDGE_CURVE('NONE',#3316,#3321,#3655,.F.);
#2573=EDGE_CURVE('NONE',#3322,#3315,#598,.T.);
#2574=EDGE_CURVE('NONE',#3322,#3323,#3656,.F.);
#2575=EDGE_CURVE('NONE',#3321,#3323,#599,.T.);
#2576=EDGE_CURVE('NONE',#3324,#3314,#3657,.F.);
#2577=EDGE_CURVE('NONE',#3324,#3325,#600,.T.);
#2578=EDGE_CURVE('NONE',#3326,#3325,#3658,.F.);
#2579=EDGE_CURVE('NONE',#3314,#3326,#601,.T.);
#2580=EDGE_CURVE('NONE',#3327,#3328,#3659,.F.);
#2581=EDGE_CURVE('NONE',#3327,#3329,#275,.F.);
#2582=EDGE_CURVE('NONE',#3330,#3329,#602,.T.);
#2583=EDGE_CURVE('NONE',#3330,#3331,#3660,.F.);
#2584=EDGE_CURVE('NONE',#3328,#3331,#603,.T.);
#2585=EDGE_CURVE('NONE',#3332,#3289,#3661,.F.);
#2586=EDGE_CURVE('NONE',#3333,#3332,#604,.T.);
#2587=EDGE_CURVE('NONE',#3333,#3334,#3662,.F.);
#2588=EDGE_CURVE('NONE',#3289,#3334,#605,.T.);
#2589=EDGE_CURVE('NONE',#3228,#3180,#3663,.F.);
#2590=EDGE_CURVE('NONE',#3335,#3230,#3664,.F.);
#2591=EDGE_CURVE('NONE',#3180,#3335,#606,.T.);
#2592=EDGE_CURVE('NONE',#3176,#3212,#3665,.F.);
#2593=EDGE_CURVE('NONE',#3336,#3176,#607,.T.);
#2594=EDGE_CURVE('NONE',#3336,#3214,#3666,.F.);
#2595=EDGE_CURVE('NONE',#3337,#3173,#3667,.F.);
#2596=EDGE_CURVE('NONE',#3337,#3338,#608,.T.);
#2597=EDGE_CURVE('NONE',#3339,#3338,#3668,.F.);
#2598=EDGE_CURVE('NONE',#3173,#3339,#609,.T.);
#2599=EDGE_CURVE('NONE',#3340,#3341,#3669,.F.);
#2600=EDGE_CURVE('NONE',#3340,#3342,#276,.T.);
#2601=EDGE_CURVE('NONE',#3342,#3343,#3670,.F.);
#2602=EDGE_CURVE('NONE',#3341,#3343,#277,.T.);
#2603=EDGE_CURVE('NONE',#3344,#3337,#3671,.F.);
#2604=EDGE_CURVE('NONE',#3345,#3344,#610,.T.);
#2605=EDGE_CURVE('NONE',#3345,#3338,#3672,.F.);
#2606=EDGE_CURVE('NONE',#3346,#3347,#3673,.T.);
#2607=EDGE_CURVE('NONE',#3347,#3348,#611,.T.);
#2608=EDGE_CURVE('NONE',#3349,#3348,#3674,.T.);
#2609=EDGE_CURVE('NONE',#3349,#3346,#612,.T.);
#2610=EDGE_CURVE('NONE',#3347,#3350,#3675,.T.);
#2611=EDGE_CURVE('NONE',#3351,#3350,#278,.T.);
#2612=EDGE_CURVE('NONE',#3348,#3351,#3676,.T.);
#2613=EDGE_CURVE('NONE',#3208,#3352,#3677,.F.);
#2614=EDGE_CURVE('NONE',#3353,#3211,#279,.T.);
#2615=EDGE_CURVE('NONE',#3353,#3354,#280,.F.);
#2616=EDGE_CURVE('NONE',#3354,#3352,#613,.T.);
#2617=EDGE_CURVE('NONE',#3264,#3355,#3678,.F.);
#2618=EDGE_CURVE('NONE',#3356,#3265,#281,.T.);
#2619=EDGE_CURVE('NONE',#3356,#3357,#189,.F.);
#2620=EDGE_CURVE('NONE',#3357,#3355,#614,.T.);
#2621=EDGE_CURVE('NONE',#3358,#3359,#3679,.T.);
#2622=EDGE_CURVE('NONE',#3360,#3359,#615,.T.);
#2623=EDGE_CURVE('NONE',#3352,#3360,#3680,.T.);
#2624=EDGE_CURVE('NONE',#3354,#3358,#616,.T.);
#2625=EDGE_CURVE('NONE',#3361,#3362,#3681,.F.);
#2626=EDGE_CURVE('NONE',#3187,#3361,#282,.T.);
#2627=EDGE_CURVE('NONE',#3187,#3110,#3682,.F.);
#2628=EDGE_CURVE('NONE',#3362,#3110,#283,.T.);
#2629=EDGE_CURVE('NONE',#3363,#3206,#3683,.F.);
#2630=EDGE_CURVE('NONE',#3364,#3363,#617,.T.);
#2631=EDGE_CURVE('NONE',#3364,#3204,#3684,.F.);
#2632=EDGE_CURVE('NONE',#3365,#3366,#3685,.F.);
#2633=EDGE_CURVE('NONE',#3365,#3367,#284,.T.);
#2634=EDGE_CURVE('NONE',#3367,#3368,#3686,.F.);
#2635=EDGE_CURVE('NONE',#3368,#3369,#285,.T.);
#2636=EDGE_CURVE('NONE',#3370,#3369,#3687,.F.);
#2637=EDGE_CURVE('NONE',#3370,#3366,#618,.T.);
#2638=EDGE_CURVE('NONE',#3371,#3165,#286,.T.);
#2639=EDGE_CURVE('NONE',#3372,#3371,#287,.T.);
#2640=EDGE_CURVE('NONE',#3160,#3372,#288,.T.);
#2641=EDGE_CURVE('NONE',#3158,#3165,#619,.T.);
#2642=EDGE_CURVE('NONE',#3067,#3209,#289,.T.);
#2643=EDGE_CURVE('NONE',#3207,#3373,#620,.T.);
#2644=EDGE_CURVE('NONE',#3366,#3373,#621,.T.);
#2645=EDGE_CURVE('NONE',#3064,#3370,#622,.T.);
#2646=EDGE_CURVE('NONE',#3308,#3325,#623,.T.);
#2647=EDGE_CURVE('NONE',#3374,#3324,#624,.T.);
#2648=EDGE_CURVE('NONE',#3374,#3321,#625,.T.);
#2649=EDGE_CURVE('NONE',#3305,#3323,#626,.T.);
#2650=EDGE_CURVE('NONE',#3303,#3375,#627,.T.);
#2651=EDGE_CURVE('NONE',#3376,#3375,#628,.T.);
#2652=EDGE_CURVE('NONE',#3376,#3319,#629,.T.);
#2653=EDGE_CURVE('NONE',#3296,#3299,#630,.T.);
#2654=EDGE_CURVE('NONE',#3294,#3377,#631,.T.);
#2655=EDGE_CURVE('NONE',#3378,#3377,#632,.T.);
#2656=EDGE_CURVE('NONE',#3378,#3328,#633,.T.);
#2657=EDGE_CURVE('NONE',#3310,#3331,#634,.T.);
#2658=EDGE_CURVE('NONE',#3359,#3360,#635,.T.);
#2659=EDGE_CURVE('NONE',#3363,#3364,#636,.T.);
#2660=EDGE_CURVE('NONE',#3298,#3329,#637,.T.);
#2661=EDGE_CURVE('NONE',#3297,#3300,#638,.T.);
#2662=EDGE_CURVE('NONE',#3307,#3320,#639,.T.);
#2663=EDGE_CURVE('NONE',#3306,#3322,#640,.T.);
#2664=EDGE_CURVE('NONE',#3312,#3313,#641,.T.);
#2665=EDGE_CURVE('NONE',#3311,#3330,#642,.T.);
#2666=EDGE_CURVE('NONE',#3086,#3082,#643,.T.);
#2667=EDGE_CURVE('NONE',#3202,#3201,#644,.T.);
#2668=EDGE_CURVE('NONE',#3203,#3205,#645,.T.);
#2669=EDGE_CURVE('NONE',#3379,#3380,#290,.T.);
#2670=EDGE_CURVE('NONE',#3381,#3379,#291,.T.);
#2671=EDGE_CURVE('NONE',#3381,#3382,#292,.F.);
#2672=EDGE_CURVE('NONE',#3380,#3382,#293,.T.);
#2673=EDGE_CURVE('NONE',#3383,#3381,#294,.T.);
#2674=EDGE_CURVE('NONE',#3382,#3383,#295,.T.);
#2675=EDGE_CURVE('NONE',#3372,#3383,#296,.T.);
#2676=EDGE_CURVE('NONE',#3384,#3372,#297,.T.);
#2677=EDGE_CURVE('NONE',#3385,#3384,#298,.T.);
#2678=EDGE_CURVE('NONE',#3156,#3385,#299,.T.);
#2679=EDGE_CURVE('NONE',#3156,#3386,#300,.T.);
#2680=EDGE_CURVE('NONE',#3382,#3386,#301,.T.);
#2681=EDGE_CURVE('NONE',#3387,#3388,#302,.T.);
#2682=EDGE_CURVE('NONE',#3380,#3387,#303,.T.);
#2683=EDGE_CURVE('NONE',#3386,#3389,#304,.T.);
#2684=EDGE_CURVE('NONE',#3388,#3389,#305,.T.);
#2685=EDGE_CURVE('NONE',#3389,#3390,#306,.F.);
#2686=EDGE_CURVE('NONE',#3390,#3154,#646,.T.);
#2687=EDGE_CURVE('NONE',#3193,#3196,#647,.T.);
#2688=EDGE_CURVE('NONE',#3391,#3392,#307,.T.);
#2689=EDGE_CURVE('NONE',#3104,#3392,#308,.T.);
#2690=EDGE_CURVE('NONE',#3107,#3362,#309,.T.);
#2691=EDGE_CURVE('NONE',#3391,#3108,#648,.T.);
#2692=EDGE_CURVE('NONE',#3393,#3394,#310,.T.);
#2693=EDGE_CURVE('NONE',#3393,#3395,#311,.F.);
#2694=EDGE_CURVE('NONE',#3396,#3395,#312,.F.);
#2695=EDGE_CURVE('NONE',#3397,#3396,#313,.T.);
#2696=EDGE_CURVE('NONE',#3398,#3397,#314,.F.);
#2697=EDGE_CURVE('NONE',#3080,#3398,#315,.F.);
#2698=EDGE_CURVE('NONE',#3394,#3079,#316,.F.);
#2699=EDGE_CURVE('NONE',#3396,#3399,#317,.T.);
#2700=EDGE_CURVE('NONE',#3185,#3399,#649,.T.);
#2701=EDGE_CURVE('NONE',#3361,#3397,#318,.T.);
#2702=EDGE_CURVE('NONE',#3400,#3401,#650,.T.);
#2703=EDGE_CURVE('NONE',#3402,#3400,#3688,.F.);
#2704=EDGE_CURVE('NONE',#3174,#3402,#651,.T.);
#2705=EDGE_CURVE('NONE',#3401,#3174,#3689,.F.);
#2706=EDGE_CURVE('NONE',#3138,#3167,#3690,.F.);
#2707=EDGE_CURVE('NONE',#3168,#3188,#3691,.F.);
#2708=EDGE_CURVE('NONE',#3181,#3178,#652,.T.);
#2709=EDGE_CURVE('NONE',#3399,#3181,#3692,.F.);
#2710=EDGE_CURVE('NONE',#3178,#3395,#3693,.F.);
#2711=EDGE_CURVE('NONE',#3177,#3182,#653,.T.);
#2712=EDGE_CURVE('NONE',#3339,#3188,#3694,.F.);
#2713=EDGE_CURVE('NONE',#3339,#3336,#3695,.F.);
#2714=EDGE_CURVE('NONE',#3336,#3168,#3696,.F.);
#2715=EDGE_CURVE('NONE',#3403,#3404,#3697,.F.);
#2716=EDGE_CURVE('NONE',#3403,#3134,#319,.T.);
#2717=EDGE_CURVE('NONE',#3404,#3133,#320,.T.);
#2718=EDGE_CURVE('NONE',#3405,#3406,#321,.F.);
#2719=EDGE_CURVE('NONE',#3199,#3405,#322,.T.);
#2720=EDGE_CURVE('NONE',#3199,#3406,#323,.T.);
#2721=EDGE_CURVE('NONE',#3407,#3408,#324,.T.);
#2722=EDGE_CURVE('NONE',#3409,#3408,#325,.T.);
#2723=EDGE_CURVE('NONE',#3409,#3410,#326,.T.);
#2724=EDGE_CURVE('NONE',#3410,#3407,#327,.T.);
#2725=EDGE_CURVE('NONE',#3411,#3405,#328,.F.);
#2726=EDGE_CURVE('NONE',#3412,#3406,#329,.F.);
#2727=EDGE_CURVE('NONE',#3412,#3411,#330,.F.);
#2728=EDGE_CURVE('NONE',#3389,#3412,#331,.T.);
#2729=EDGE_CURVE('NONE',#3390,#3413,#332,.F.);
#2730=EDGE_CURVE('NONE',#3413,#3411,#333,.F.);
#2731=EDGE_CURVE('NONE',#3414,#3170,#654,.T.);
#2732=EDGE_CURVE('NONE',#3415,#3414,#3698,.F.);
#2733=EDGE_CURVE('NONE',#3416,#3415,#334,.T.);
#2734=EDGE_CURVE('NONE',#3161,#3416,#655,.T.);
#2735=EDGE_CURVE('NONE',#3417,#3160,#335,.T.);
#2736=EDGE_CURVE('NONE',#3418,#3417,#336,.T.);
#2737=EDGE_CURVE('NONE',#3419,#3418,#337,.F.);
#2738=EDGE_CURVE('NONE',#3419,#3171,#338,.F.);
#2739=EDGE_CURVE('NONE',#3197,#3420,#339,.F.);
#2740=EDGE_CURVE('NONE',#3420,#3198,#340,.T.);
#2741=EDGE_CURVE('NONE',#3192,#3190,#341,.T.);
#2742=EDGE_CURVE('NONE',#3421,#3422,#342,.T.);
#2743=EDGE_CURVE('NONE',#3421,#3135,#343,.T.);
#2744=EDGE_CURVE('NONE',#3169,#3403,#344,.T.);
#2745=EDGE_CURVE('NONE',#3422,#3419,#345,.T.);
#2746=EDGE_CURVE('NONE',#3423,#3421,#346,.T.);
#2747=EDGE_CURVE('NONE',#3408,#3423,#347,.F.);
#2748=EDGE_CURVE('NONE',#3131,#3407,#348,.T.);
#2749=EDGE_CURVE('NONE',#3424,#3423,#349,.T.);
#2750=EDGE_CURVE('NONE',#3424,#3412,#350,.F.);
#2751=EDGE_CURVE('NONE',#3406,#3409,#351,.F.);
#2752=EDGE_CURVE('NONE',#3412,#3424,#352,.T.);
#2753=EDGE_CURVE('NONE',#3388,#3424,#353,.T.);
#2754=EDGE_CURVE('NONE',#3394,#3425,#354,.F.);
#2755=EDGE_CURVE('NONE',#3425,#3384,#355,.F.);
#2756=EDGE_CURVE('NONE',#3163,#3393,#356,.T.);
#2757=EDGE_CURVE('NONE',#3417,#3383,#357,.T.);
#2758=EDGE_CURVE('NONE',#3387,#3421,#358,.T.);
#2759=EDGE_CURVE('NONE',#3418,#3381,#359,.T.);
#2760=EDGE_CURVE('NONE',#3419,#3379,#360,.T.);
#2761=EDGE_CURVE('NONE',#3422,#3380,#361,.T.);
#2762=EDGE_CURVE('NONE',#3157,#3426,#362,.T.);
#2763=EDGE_CURVE('NONE',#3385,#3426,#363,.F.);
#2764=EDGE_CURVE('NONE',#3427,#3428,#364,.T.);
#2765=EDGE_CURVE('NONE',#3427,#3413,#365,.F.);
#2766=EDGE_CURVE('NONE',#3390,#3428,#366,.T.);
#2767=EDGE_CURVE('NONE',#3073,#3429,#367,.T.);
#2768=EDGE_CURVE('NONE',#3429,#3427,#368,.F.);
#2769=EDGE_CURVE('NONE',#3074,#3427,#369,.T.);
#2770=EDGE_CURVE('NONE',#3075,#3428,#370,.T.);
#2771=EDGE_CURVE('NONE',#3428,#3155,#656,.T.);
#2772=EDGE_CURVE('NONE',#3076,#3157,#371,.T.);
#2773=EDGE_CURVE('NONE',#3077,#3426,#372,.T.);
#2774=EDGE_CURVE('NONE',#3430,#3402,#3699,.F.);
#2775=EDGE_CURVE('NONE',#3430,#3175,#657,.T.);
#2776=EDGE_CURVE('NONE',#3153,#3400,#658,.T.);
#2777=EDGE_CURVE('NONE',#3402,#3146,#659,.T.);
#2778=EDGE_CURVE('NONE',#3404,#3149,#373,.T.);
#2779=EDGE_CURVE('NONE',#3132,#3431,#374,.T.);
#2780=EDGE_CURVE('NONE',#3431,#3150,#375,.F.);
#2781=EDGE_CURVE('NONE',#3170,#3288,#3700,.F.);
#2782=EDGE_CURVE('NONE',#3288,#3290,#660,.T.);
#2783=EDGE_CURVE('NONE',#3414,#3290,#3701,.F.);
#2784=EDGE_CURVE('NONE',#3145,#3430,#661,.T.);
#2785=EDGE_CURVE('NONE',#3162,#3142,#662,.T.);
#2786=EDGE_CURVE('NONE',#3432,#3416,#663,.T.);
#2787=EDGE_CURVE('NONE',#3433,#3432,#664,.T.);
#2788=EDGE_CURVE('NONE',#3434,#3433,#665,.T.);
#2789=EDGE_CURVE('NONE',#3137,#3434,#666,.T.);
#2790=EDGE_CURVE('NONE',#3167,#3141,#667,.T.);
#2791=EDGE_CURVE('NONE',#3166,#3159,#376,.F.);
#2792=EDGE_CURVE('NONE',#3401,#3434,#668,.T.);
#2793=EDGE_CURVE('NONE',#3400,#3433,#669,.T.);
#2794=EDGE_CURVE('NONE',#3153,#3432,#670,.T.);
#2795=EDGE_CURVE('NONE',#3415,#3152,#671,.T.);
#2796=EDGE_CURVE('NONE',#3431,#3435,#3702,.F.);
#2797=EDGE_CURVE('NONE',#3436,#3435,#377,.T.);
#2798=EDGE_CURVE('NONE',#3436,#3437,#3703,.F.);
#2799=EDGE_CURVE('NONE',#3438,#3437,#3704,.F.);
#2800=EDGE_CURVE('NONE',#3438,#3151,#3705,.F.);
#2801=EDGE_CURVE('NONE',#3439,#3440,#378,.T.);
#2802=EDGE_CURVE('NONE',#3435,#3439,#379,.T.);
#2803=EDGE_CURVE('NONE',#3440,#3130,#380,.T.);
#2804=EDGE_CURVE('NONE',#3439,#3441,#381,.F.);
#2805=EDGE_CURVE('NONE',#3441,#3436,#190,.F.);
#2806=EDGE_CURVE('NONE',#3440,#3442,#382,.T.);
#2807=EDGE_CURVE('NONE',#3442,#3443,#383,.T.);
#2808=EDGE_CURVE('NONE',#3443,#3439,#672,.T.);
#2809=EDGE_CURVE('NONE',#3443,#3129,#384,.T.);
#2810=EDGE_CURVE('NONE',#3441,#3127,#385,.T.);
#2811=EDGE_CURVE('NONE',#3437,#3444,#3706,.F.);
#2812=EDGE_CURVE('NONE',#3444,#3441,#3707,.F.);
#2813=EDGE_CURVE('NONE',#3114,#3438,#3708,.F.);
#2814=EDGE_CURVE('NONE',#3444,#3128,#191,.F.);
#2815=EDGE_CURVE('NONE',#3425,#3445,#386,.F.);
#2816=EDGE_CURVE('NONE',#3426,#3445,#387,.T.);
#2817=EDGE_CURVE('NONE',#3446,#3447,#388,.T.);
#2818=EDGE_CURVE('NONE',#3446,#3448,#3709,.F.);
#2819=EDGE_CURVE('NONE',#3100,#3448,#389,.T.);
#2820=EDGE_CURVE('NONE',#3449,#3102,#673,.T.);
#2821=EDGE_CURVE('NONE',#3450,#3449,#390,.T.);
#2822=EDGE_CURVE('NONE',#3451,#3450,#391,.F.);
#2823=EDGE_CURVE('NONE',#3452,#3451,#674,.T.);
#2824=EDGE_CURVE('NONE',#3447,#3452,#392,.F.);
#2825=EDGE_CURVE('NONE',#3453,#3454,#3710,.F.);
#2826=EDGE_CURVE('NONE',#3455,#3453,#675,.T.);
#2827=EDGE_CURVE('NONE',#3111,#3455,#3711,.F.);
#2828=EDGE_CURVE('NONE',#3454,#3186,#3712,.F.);
#2829=EDGE_CURVE('NONE',#3456,#3457,#393,.F.);
#2830=EDGE_CURVE('NONE',#3392,#3456,#3713,.F.);
#2831=EDGE_CURVE('NONE',#3457,#3391,#3714,.F.);
#2832=EDGE_CURVE('NONE',#3101,#3248,#676,.T.);
#2833=EDGE_CURVE('NONE',#3248,#3449,#394,.F.);
#2834=EDGE_CURVE('NONE',#3456,#3447,#395,.F.);
#2835=EDGE_CURVE('NONE',#3105,#3452,#396,.T.);
#2836=EDGE_CURVE('NONE',#3103,#3456,#397,.T.);
#2837=EDGE_CURVE('NONE',#3458,#3451,#398,.T.);
#2838=EDGE_CURVE('NONE',#3458,#3105,#677,.T.);
#2839=EDGE_CURVE('NONE',#3121,#3450,#399,.T.);
#2840=EDGE_CURVE('NONE',#3183,#3458,#400,.T.);
#2841=EDGE_CURVE('NONE',#3449,#3122,#678,.T.);
#2842=EDGE_CURVE('NONE',#3125,#3247,#401,.T.);
#2843=EDGE_CURVE('NONE',#3092,#3459,#402,.T.);
#2844=EDGE_CURVE('NONE',#3094,#3446,#403,.T.);
#2845=EDGE_CURVE('NONE',#3457,#3459,#404,.T.);
#2846=EDGE_CURVE('NONE',#3448,#3093,#3715,.F.);
#2847=EDGE_CURVE('NONE',#3454,#3095,#192,.F.);
#2848=EDGE_CURVE('NONE',#3335,#3186,#3716,.F.);
#2849=EDGE_CURVE('NONE',#3335,#3097,#3717,.F.);
#2850=EDGE_CURVE('NONE',#3099,#3093,#679,.T.);
#2851=EDGE_CURVE('NONE',#3455,#3091,#680,.T.);
#2852=EDGE_CURVE('NONE',#3453,#3096,#681,.T.);
#2853=EDGE_CURVE('NONE',#3078,#3445,#405,.T.);
#2854=EDGE_CURVE('NONE',#3460,#3461,#406,.T.);
#2855=EDGE_CURVE('NONE',#3462,#3460,#407,.T.);
#2856=EDGE_CURVE('NONE',#3463,#3462,#408,.F.);
#2857=EDGE_CURVE('NONE',#3464,#3463,#409,.F.);
#2858=EDGE_CURVE('NONE',#3461,#3464,#410,.F.);
#2859=EDGE_CURVE('NONE',#3465,#3464,#411,.F.);
#2860=EDGE_CURVE('NONE',#3465,#3463,#412,.T.);
#2861=EDGE_CURVE('NONE',#3346,#3349,#682,.T.);
#2862=EDGE_CURVE('NONE',#3215,#3345,#3718,.F.);
#2863=EDGE_CURVE('NONE',#3338,#3214,#3719,.F.);
#2864=EDGE_CURVE('NONE',#3177,#3466,#3720,.F.);
#2865=EDGE_CURVE('NONE',#3466,#3467,#683,.T.);
#2866=EDGE_CURVE('NONE',#3182,#3467,#3721,.F.);
#2867=EDGE_CURVE('NONE',#3468,#3469,#3722,.F.);
#2868=EDGE_CURVE('NONE',#3470,#3468,#413,.T.);
#2869=EDGE_CURVE('NONE',#3471,#3470,#3723,.F.);
#2870=EDGE_CURVE('NONE',#3469,#3471,#414,.T.);
#2871=EDGE_CURVE('NONE',#3472,#3377,#3724,.F.);
#2872=EDGE_CURVE('NONE',#3473,#3472,#684,.T.);
#2873=EDGE_CURVE('NONE',#3378,#3473,#3725,.F.);
#2874=EDGE_CURVE('NONE',#3474,#3375,#3726,.F.);
#2875=EDGE_CURVE('NONE',#3475,#3474,#685,.T.);
#2876=EDGE_CURVE('NONE',#3376,#3475,#3727,.F.);
#2877=EDGE_CURVE('NONE',#3475,#3318,#415,.T.);
#2878=EDGE_CURVE('NONE',#3304,#3474,#416,.T.);
#2879=EDGE_CURVE('NONE',#3476,#3357,#3728,.F.);
#2880=EDGE_CURVE('NONE',#3358,#3476,#686,.T.);
#2881=EDGE_CURVE('NONE',#3477,#3354,#3729,.F.);
#2882=EDGE_CURVE('NONE',#3355,#3477,#687,.T.);
#2883=EDGE_CURVE('NONE',#3473,#3327,#417,.T.);
#2884=EDGE_CURVE('NONE',#3295,#3472,#418,.T.);
#2885=EDGE_CURVE('NONE',#3478,#3479,#419,.T.);
#2886=EDGE_CURVE('NONE',#3293,#3478,#420,.F.);
#2887=EDGE_CURVE('NONE',#3469,#3292,#421,.T.);
#2888=EDGE_CURVE('NONE',#3471,#3480,#422,.T.);
#2889=EDGE_CURVE('NONE',#3480,#3479,#423,.T.);
#2890=EDGE_CURVE('NONE',#3235,#3481,#424,.T.);
#2891=EDGE_CURVE('NONE',#3234,#3482,#688,.T.);
#2892=EDGE_CURVE('NONE',#3483,#3482,#425,.T.);
#2893=EDGE_CURVE('NONE',#3291,#3483,#3730,.F.);
#2894=EDGE_CURVE('NONE',#3287,#3291,#689,.T.);
#2895=EDGE_CURVE('NONE',#3481,#3478,#426,.F.);
#2896=EDGE_CURVE('NONE',#3343,#3341,#427,.T.);
#2897=EDGE_CURVE('NONE',#3350,#3484,#428,.F.);
#2898=EDGE_CURVE('NONE',#3484,#3351,#429,.T.);
#2899=EDGE_CURVE('NONE',#3461,#3481,#430,.T.);
#2900=EDGE_CURVE('NONE',#3461,#3485,#431,.F.);
#2901=EDGE_CURVE('NONE',#3485,#3486,#432,.F.);
#2902=EDGE_CURVE('NONE',#3486,#3232,#433,.T.);
#2903=EDGE_CURVE('NONE',#3460,#3478,#434,.T.);
#2904=EDGE_CURVE('NONE',#3462,#3479,#435,.T.);
#2905=EDGE_CURVE('NONE',#3487,#3488,#436,.T.);
#2906=EDGE_CURVE('NONE',#3488,#3277,#437,.T.);
#2907=EDGE_CURVE('NONE',#3276,#3487,#438,.T.);
#2908=EDGE_CURVE('NONE',#3430,#3489,#3731,.F.);
#2909=EDGE_CURVE('NONE',#3489,#3490,#690,.T.);
#2910=EDGE_CURVE('NONE',#3175,#3490,#3732,.F.);
#2911=EDGE_CURVE('NONE',#3284,#3491,#691,.T.);
#2912=EDGE_CURVE('NONE',#3490,#3284,#3733,.F.);
#2913=EDGE_CURVE('NONE',#3491,#3489,#3734,.F.);
#2914=EDGE_CURVE('NONE',#3491,#3333,#692,.T.);
#2915=EDGE_CURVE('NONE',#3334,#3489,#693,.T.);
#2916=EDGE_CURVE('NONE',#3492,#3493,#439,.F.);
#2917=EDGE_CURVE('NONE',#3494,#3492,#440,.F.);
#2918=EDGE_CURVE('NONE',#3494,#3495,#441,.T.);
#2919=EDGE_CURVE('NONE',#3470,#3495,#442,.T.);
#2920=EDGE_CURVE('NONE',#3493,#3468,#443,.T.);
#2921=EDGE_CURVE('NONE',#3334,#3145,#3735,.F.);
#2922=EDGE_CURVE('NONE',#3482,#3496,#694,.T.);
#2923=EDGE_CURVE('NONE',#3281,#3233,#695,.T.);
#2924=EDGE_CURVE('NONE',#3283,#3280,#696,.T.);
#2925=EDGE_CURVE('NONE',#3497,#3285,#697,.T.);
#2926=EDGE_CURVE('NONE',#3496,#3497,#698,.T.);
#2927=EDGE_CURVE('NONE',#3333,#3496,#699,.T.);
#2928=EDGE_CURVE('NONE',#3332,#3483,#700,.T.);
#2929=EDGE_CURVE('NONE',#3491,#3497,#701,.T.);
#2930=EDGE_CURVE('NONE',#3231,#3216,#444,.F.);
#2931=EDGE_CURVE('NONE',#3215,#3279,#702,.T.);
#2932=EDGE_CURVE('NONE',#3498,#3494,#3736,.F.);
#2933=EDGE_CURVE('NONE',#3151,#3492,#193,.F.);
#2934=EDGE_CURVE('NONE',#3499,#3438,#3737,.F.);
#2935=EDGE_CURVE('NONE',#3499,#3500,#3738,.F.);
#2936=EDGE_CURVE('NONE',#3498,#3500,#445,.T.);
#2937=EDGE_CURVE('NONE',#3501,#3499,#3739,.F.);
#2938=EDGE_CURVE('NONE',#3502,#3501,#3740,.F.);
#2939=EDGE_CURVE('NONE',#3500,#3502,#194,.F.);
#2940=EDGE_CURVE('NONE',#3274,#3503,#446,.T.);
#2941=EDGE_CURVE('NONE',#3495,#3272,#447,.T.);
#2942=EDGE_CURVE('NONE',#3503,#3498,#448,.T.);
#2943=EDGE_CURVE('NONE',#3503,#3504,#703,.T.);
#2944=EDGE_CURVE('NONE',#3504,#3275,#449,.T.);
#2945=EDGE_CURVE('NONE',#3502,#3503,#450,.F.);
#2946=EDGE_CURVE('NONE',#3271,#3504,#451,.F.);
#2947=EDGE_CURVE('NONE',#3268,#3502,#452,.T.);
#2948=EDGE_CURVE('NONE',#3114,#3269,#453,.F.);
#2949=EDGE_CURVE('NONE',#3267,#3501,#195,.F.);
#2950=EDGE_CURVE('NONE',#3237,#3505,#196,.F.);
#2951=EDGE_CURVE('NONE',#3230,#3505,#3741,.F.);
#2952=EDGE_CURVE('NONE',#3506,#3241,#454,.T.);
#2953=EDGE_CURVE('NONE',#3506,#3507,#3742,.F.);
#2954=EDGE_CURVE('NONE',#3242,#3507,#3743,.F.);
#2955=EDGE_CURVE('NONE',#3254,#3508,#704,.T.);
#2956=EDGE_CURVE('NONE',#3507,#3252,#455,.T.);
#2957=EDGE_CURVE('NONE',#3509,#3506,#456,.T.);
#2958=EDGE_CURVE('NONE',#3510,#3509,#457,.F.);
#2959=EDGE_CURVE('NONE',#3511,#3510,#705,.T.);
#2960=EDGE_CURVE('NONE',#3512,#3511,#458,.F.);
#2961=EDGE_CURVE('NONE',#3508,#3512,#459,.T.);
#2962=EDGE_CURVE('NONE',#3249,#3255,#706,.T.);
#2963=EDGE_CURVE('NONE',#3508,#3249,#460,.F.);
#2964=EDGE_CURVE('NONE',#3261,#3508,#707,.T.);
#2965=EDGE_CURVE('NONE',#3262,#3512,#461,.T.);
#2966=EDGE_CURVE('NONE',#3513,#3511,#462,.T.);
#2967=EDGE_CURVE('NONE',#3513,#3266,#463,.T.);
#2968=EDGE_CURVE('NONE',#3222,#3510,#464,.T.);
#2969=EDGE_CURVE('NONE',#3222,#3513,#708,.T.);
#2970=EDGE_CURVE('NONE',#3509,#3514,#465,.F.);
#2971=EDGE_CURVE('NONE',#3514,#3220,#466,.T.);
#2972=EDGE_CURVE('NONE',#3244,#3258,#467,.T.);
#2973=EDGE_CURVE('NONE',#3515,#3239,#468,.T.);
#2974=EDGE_CURVE('NONE',#3515,#3516,#469,.T.);
#2975=EDGE_CURVE('NONE',#3516,#3514,#470,.F.);
#2976=EDGE_CURVE('NONE',#3517,#3236,#709,.T.);
#2977=EDGE_CURVE('NONE',#3517,#3518,#710,.T.);
#2978=EDGE_CURVE('NONE',#3518,#3240,#711,.T.);
#2979=EDGE_CURVE('NONE',#3242,#3253,#712,.T.);
#2980=EDGE_CURVE('NONE',#3519,#3210,#471,.T.);
#2981=EDGE_CURVE('NONE',#3465,#3519,#472,.T.);
#2982=EDGE_CURVE('NONE',#3463,#3520,#473,.F.);
#2983=EDGE_CURVE('NONE',#3520,#3353,#474,.T.);
#2984=EDGE_CURVE('NONE',#3479,#3520,#475,.F.);
#2985=EDGE_CURVE('NONE',#3273,#3480,#476,.T.);
#2986=EDGE_CURVE('NONE',#3521,#3488,#477,.F.);
#2987=EDGE_CURVE('NONE',#3477,#3521,#478,.F.);
#2988=EDGE_CURVE('NONE',#3368,#3522,#479,.F.);
#2989=EDGE_CURVE('NONE',#3367,#3523,#197,.F.);
#2990=EDGE_CURVE('NONE',#3523,#3476,#198,.F.);
#2991=EDGE_CURVE('NONE',#3513,#3356,#3744,.F.);
#2992=EDGE_CURVE('NONE',#3221,#3522,#3745,.F.);
#2993=EDGE_CURVE('NONE',#3524,#3525,#713,.T.);
#2994=EDGE_CURVE('NONE',#3525,#3467,#3746,.F.);
#2995=EDGE_CURVE('NONE',#3524,#3466,#3747,.F.);
#2996=EDGE_CURVE('NONE',#3229,#3226,#3748,.F.);
#2997=EDGE_CURVE('NONE',#3518,#3225,#3749,.F.);
#2998=EDGE_CURVE('NONE',#3505,#3517,#3750,.F.);
#2999=EDGE_CURVE('NONE',#3526,#3527,#714,.T.);
#3000=EDGE_CURVE('NONE',#3514,#3527,#3751,.F.);
#3001=EDGE_CURVE('NONE',#3526,#3516,#3752,.F.);
#3002=EDGE_CURVE('NONE',#3522,#3528,#480,.F.);
#3003=EDGE_CURVE('NONE',#3527,#3219,#715,.T.);
#3004=EDGE_CURVE('NONE',#3224,#3526,#716,.T.);
#3005=EDGE_CURVE('NONE',#3525,#3227,#717,.T.);
#3006=EDGE_CURVE('NONE',#3213,#3524,#718,.T.);
#3007=EDGE_CURVE('NONE',#3529,#3218,#481,.F.);
#3008=EDGE_CURVE('NONE',#3065,#3529,#482,.F.);
#3009=EDGE_CURVE('NONE',#3063,#3528,#719,.T.);
#3010=EDGE_CURVE('NONE',#3529,#3530,#483,.F.);
#3011=EDGE_CURVE('NONE',#3217,#3486,#484,.F.);
#3012=EDGE_CURVE('NONE',#3531,#3519,#485,.F.);
#3013=EDGE_CURVE('NONE',#3532,#3531,#486,.T.);
#3014=EDGE_CURVE('NONE',#3530,#3532,#487,.T.);
#3015=EDGE_CURVE('NONE',#3072,#3429,#488,.T.);
#3016=EDGE_CURVE('NONE',#3088,#3533,#489,.T.);
#3017=EDGE_CURVE('NONE',#3534,#3090,#199,.F.);
#3018=EDGE_CURVE('NONE',#3534,#3533,#720,.T.);
#3019=EDGE_CURVE('NONE',#3535,#3536,#3753,.F.);
#3020=EDGE_CURVE('NONE',#3535,#3089,#3754,.F.);
#3021=EDGE_CURVE('NONE',#3087,#3537,#721,.T.);
#3022=EDGE_CURVE('NONE',#3537,#3536,#722,.T.);
#3023=EDGE_CURVE('NONE',#3081,#3398,#3755,.F.);
#3024=EDGE_CURVE('NONE',#3411,#3538,#490,.F.);
#3025=EDGE_CURVE('NONE',#3538,#3071,#491,.F.);
#3026=EDGE_CURVE('NONE',#3106,#3535,#723,.T.);
#3027=EDGE_CURVE('NONE',#3539,#3458,#3756,.F.);
#3028=EDGE_CURVE('NONE',#3540,#3539,#200,.F.);
#3029=EDGE_CURVE('NONE',#3541,#3540,#201,.F.);
#3030=EDGE_CURVE('NONE',#3541,#3534,#3757,.F.);
#3031=EDGE_CURVE('NONE',#3066,#3532,#492,.T.);
#3032=EDGE_CURVE('NONE',#3528,#3369,#493,.T.);
#3033=EDGE_CURVE('NONE',#3373,#3542,#3758,.F.);
#3034=EDGE_CURVE('NONE',#3542,#3365,#494,.T.);
#3035=EDGE_CURVE('NONE',#3206,#3204,#724,.T.);
#3036=EDGE_CURVE('NONE',#3536,#3069,#495,.T.);
#3037=EDGE_CURVE('NONE',#3352,#3476,#725,.T.);
#3038=EDGE_CURVE('NONE',#3487,#3257,#726,.T.);
#3039=EDGE_CURVE('NONE',#3542,#3208,#727,.T.);
#3040=EDGE_CURVE('NONE',#3348,#3347,#728,.T.);
#3041=EDGE_CURVE('NONE',#3490,#3337,#729,.T.);
#3042=EDGE_CURVE('NONE',#3344,#3282,#730,.T.);
#3043=EDGE_CURVE('NONE',#3342,#3340,#496,.T.);
#3044=EDGE_CURVE('NONE',#3212,#3466,#731,.T.);
#3045=EDGE_CURVE('NONE',#3467,#3228,#732,.T.);
#3046=EDGE_CURVE('NONE',#3374,#3317,#3759,.F.);
#3047=EDGE_CURVE('NONE',#3309,#3326,#497,.T.);
#3048=EDGE_CURVE('NONE',#3493,#3286,#733,.T.);
#3049=EDGE_CURVE('NONE',#3345,#3278,#734,.T.);
#3050=EDGE_CURVE('NONE',#3256,#3270,#735,.T.);
#3051=EDGE_CURVE('NONE',#3246,#3126,#498,.T.);
#3052=EDGE_CURVE('NONE',#3223,#3515,#499,.F.);
#3053=EDGE_CURVE('NONE',#3200,#3083,#736,.T.);
#3054=EDGE_CURVE('NONE',#3068,#3541,#737,.T.);
#3055=EDGE_CURVE('NONE',#3184,#3539,#500,.T.);
#3056=EDGE_CURVE('NONE',#3195,#3194,#738,.T.);
#3057=EDGE_CURVE('NONE',#3191,#3189,#501,.T.);
#3058=EDGE_CURVE('NONE',#3401,#3136,#739,.T.);
#3059=EDGE_CURVE('NONE',#3144,#3414,#740,.T.);
#3060=EDGE_CURVE('NONE',#3410,#3442,#3760,.F.);
#3061=EDGE_CURVE('NONE',#3459,#3109,#502,.F.);
#3062=EDGE_CURVE('NONE',#3533,#3537,#3761,.F.);
#3063=VERTEX_POINT('',#6421);
#3064=VERTEX_POINT('',#6422);
#3065=VERTEX_POINT('',#6424);
#3066=VERTEX_POINT('',#6430);
#3067=VERTEX_POINT('',#6435);
#3068=VERTEX_POINT('',#6448);
#3069=VERTEX_POINT('',#6449);
#3070=VERTEX_POINT('',#6451);
#3071=VERTEX_POINT('',#6456);
#3072=VERTEX_POINT('',#6458);
#3073=VERTEX_POINT('',#6460);
#3074=VERTEX_POINT('',#6465);
#3075=VERTEX_POINT('',#6470);
#3076=VERTEX_POINT('',#6472);
#3077=VERTEX_POINT('',#6477);
#3078=VERTEX_POINT('',#6483);
#3079=VERTEX_POINT('',#6490);
#3080=VERTEX_POINT('',#6495);
#3081=VERTEX_POINT('',#6497);
#3082=VERTEX_POINT('',#6517);
#3083=VERTEX_POINT('',#6518);
#3084=VERTEX_POINT('',#6520);
#3085=VERTEX_POINT('',#6522);
#3086=VERTEX_POINT('',#6524);
#3087=VERTEX_POINT('',#6535);
#3088=VERTEX_POINT('',#6536);
#3089=VERTEX_POINT('',#6538);
#3090=VERTEX_POINT('',#6540);
#3091=VERTEX_POINT('',#6554);
#3092=VERTEX_POINT('',#6555);
#3093=VERTEX_POINT('',#6557);
#3094=VERTEX_POINT('',#6559);
#3095=VERTEX_POINT('',#6573);
#3096=VERTEX_POINT('',#6574);
#3097=VERTEX_POINT('',#6579);
#3098=VERTEX_POINT('',#6581);
#3099=VERTEX_POINT('',#6592);
#3100=VERTEX_POINT('',#6593);
#3101=VERTEX_POINT('',#6596);
#3102=VERTEX_POINT('',#6607);
#3103=VERTEX_POINT('',#6621);
#3104=VERTEX_POINT('',#6622);
#3105=VERTEX_POINT('',#6627);
#3106=VERTEX_POINT('',#6629);
#3107=VERTEX_POINT('',#6634);
#3108=VERTEX_POINT('',#6648);
#3109=VERTEX_POINT('',#6649);
#3110=VERTEX_POINT('',#6651);
#3111=VERTEX_POINT('',#6653);
#3112=VERTEX_POINT('',#6660);
#3113=VERTEX_POINT('',#6661);
#3114=VERTEX_POINT('',#6663);
#3115=VERTEX_POINT('',#6667);
#3116=VERTEX_POINT('',#6672);
#3117=VERTEX_POINT('',#6674);
#3118=VERTEX_POINT('',#6685);
#3119=VERTEX_POINT('',#6687);
#3120=VERTEX_POINT('',#6689);
#3121=VERTEX_POINT('',#6691);
#3122=VERTEX_POINT('',#6697);
#3123=VERTEX_POINT('',#6702);
#3124=VERTEX_POINT('',#6709);
#3125=VERTEX_POINT('',#6716);
#3126=VERTEX_POINT('',#6718);
#3127=VERTEX_POINT('',#6729);
#3128=VERTEX_POINT('',#6730);
#3129=VERTEX_POINT('',#6735);
#3130=VERTEX_POINT('',#6747);
#3131=VERTEX_POINT('',#6748);
#3132=VERTEX_POINT('',#6753);
#3133=VERTEX_POINT('',#6759);
#3134=VERTEX_POINT('',#6761);
#3135=VERTEX_POINT('',#6766);
#3136=VERTEX_POINT('',#6773);
#3137=VERTEX_POINT('',#6774);
#3138=VERTEX_POINT('',#6776);
#3139=VERTEX_POINT('',#6778);
#3140=VERTEX_POINT('',#6780);
#3141=VERTEX_POINT('',#6791);
#3142=VERTEX_POINT('',#6793);
#3143=VERTEX_POINT('',#6797);
#3144=VERTEX_POINT('',#6798);
#3145=VERTEX_POINT('',#6800);
#3146=VERTEX_POINT('',#6802);
#3147=VERTEX_POINT('',#6806);
#3148=VERTEX_POINT('',#6807);
#3149=VERTEX_POINT('',#6809);
#3150=VERTEX_POINT('',#6814);
#3151=VERTEX_POINT('',#6818);
#3152=VERTEX_POINT('',#6829);
#3153=VERTEX_POINT('',#6831);
#3154=VERTEX_POINT('',#6835);
#3155=VERTEX_POINT('',#6836);
#3156=VERTEX_POINT('',#6838);
#3157=VERTEX_POINT('',#6843);
#3158=VERTEX_POINT('',#6854);
#3159=VERTEX_POINT('',#6855);
#3160=VERTEX_POINT('',#6857);
#3161=VERTEX_POINT('',#6859);
#3162=VERTEX_POINT('',#6861);
#3163=VERTEX_POINT('',#6879);
#3164=VERTEX_POINT('',#6880);
#3165=VERTEX_POINT('',#6885);
#3166=VERTEX_POINT('',#6887);
#3167=VERTEX_POINT('',#6889);
#3168=VERTEX_POINT('',#6891);
#3169=VERTEX_POINT('',#6902);
#3170=VERTEX_POINT('',#6904);
#3171=VERTEX_POINT('',#6906);
#3172=VERTEX_POINT('',#6913);
#3173=VERTEX_POINT('',#6914);
#3174=VERTEX_POINT('',#6916);
#3175=VERTEX_POINT('',#6918);
#3176=VERTEX_POINT('',#6922);
#3177=VERTEX_POINT('',#6924);
#3178=VERTEX_POINT('',#6926);
#3179=VERTEX_POINT('',#6930);
#3180=VERTEX_POINT('',#6931);
#3181=VERTEX_POINT('',#6933);
#3182=VERTEX_POINT('',#6935);
#3183=VERTEX_POINT('',#6946);
#3184=VERTEX_POINT('',#6947);
#3185=VERTEX_POINT('',#6965);
#3186=VERTEX_POINT('',#6967);
#3187=VERTEX_POINT('',#6969);
#3188=VERTEX_POINT('',#6981);
#3189=VERTEX_POINT('',#6994);
#3190=VERTEX_POINT('',#6995);
#3191=VERTEX_POINT('',#7004);
#3192=VERTEX_POINT('',#7006);
#3193=VERTEX_POINT('',#7014);
#3194=VERTEX_POINT('',#7015);
#3195=VERTEX_POINT('',#7017);
#3196=VERTEX_POINT('',#7019);
#3197=VERTEX_POINT('',#7032);
#3198=VERTEX_POINT('',#7044);
#3199=VERTEX_POINT('',#7049);
#3200=VERTEX_POINT('',#7053);
#3201=VERTEX_POINT('',#7054);
#3202=VERTEX_POINT('',#7057);
#3203=VERTEX_POINT('',#7061);
#3204=VERTEX_POINT('',#7062);
#3205=VERTEX_POINT('',#7064);
#3206=VERTEX_POINT('',#7066);
#3207=VERTEX_POINT('',#7083);
#3208=VERTEX_POINT('',#7084);
#3209=VERTEX_POINT('',#7086);
#3210=VERTEX_POINT('',#7091);
#3211=VERTEX_POINT('',#7096);
#3212=VERTEX_POINT('',#7107);
#3213=VERTEX_POINT('',#7108);
#3214=VERTEX_POINT('',#7110);
#3215=VERTEX_POINT('',#7112);
#3216=VERTEX_POINT('',#7114);
#3217=VERTEX_POINT('',#7116);
#3218=VERTEX_POINT('',#7123);
#3219=VERTEX_POINT('',#7134);
#3220=VERTEX_POINT('',#7135);
#3221=VERTEX_POINT('',#7137);
#3222=VERTEX_POINT('',#7139);
#3223=VERTEX_POINT('',#7153);
#3224=VERTEX_POINT('',#7154);
#3225=VERTEX_POINT('',#7159);
#3226=VERTEX_POINT('',#7161);
#3227=VERTEX_POINT('',#7172);
#3228=VERTEX_POINT('',#7173);
#3229=VERTEX_POINT('',#7175);
#3230=VERTEX_POINT('',#7177);
#3231=VERTEX_POINT('',#7188);
#3232=VERTEX_POINT('',#7189);
#3233=VERTEX_POINT('',#7198);
#3234=VERTEX_POINT('',#7200);
#3235=VERTEX_POINT('',#7202);
#3236=VERTEX_POINT('',#7216);
#3237=VERTEX_POINT('',#7217);
#3238=VERTEX_POINT('',#7219);
#3239=VERTEX_POINT('',#7234);
#3240=VERTEX_POINT('',#7235);
#3241=VERTEX_POINT('',#7240);
#3242=VERTEX_POINT('',#7242);
#3243=VERTEX_POINT('',#7253);
#3244=VERTEX_POINT('',#7254);
#3245=VERTEX_POINT('',#7259);
#3246=VERTEX_POINT('',#7264);
#3247=VERTEX_POINT('',#7266);
#3248=VERTEX_POINT('',#7271);
#3249=VERTEX_POINT('',#7273);
#3250=VERTEX_POINT('',#7280);
#3251=VERTEX_POINT('',#7286);
#3252=VERTEX_POINT('',#7297);
#3253=VERTEX_POINT('',#7298);
#3254=VERTEX_POINT('',#7303);
#3255=VERTEX_POINT('',#7314);
#3256=VERTEX_POINT('',#7326);
#3257=VERTEX_POINT('',#7327);
#3258=VERTEX_POINT('',#7330);
#3259=VERTEX_POINT('',#7337);
#3260=VERTEX_POINT('',#7344);
#3261=VERTEX_POINT('',#7349);
#3262=VERTEX_POINT('',#7355);
#3263=VERTEX_POINT('',#7357);
#3264=VERTEX_POINT('',#7359);
#3265=VERTEX_POINT('',#7370);
#3266=VERTEX_POINT('',#7371);
#3267=VERTEX_POINT('',#7389);
#3268=VERTEX_POINT('',#7390);
#3269=VERTEX_POINT('',#7392);
#3270=VERTEX_POINT('',#7397);
#3271=VERTEX_POINT('',#7399);
#3272=VERTEX_POINT('',#7413);
#3273=VERTEX_POINT('',#7414);
#3274=VERTEX_POINT('',#7419);
#3275=VERTEX_POINT('',#7424);
#3276=VERTEX_POINT('',#7426);
#3277=VERTEX_POINT('',#7431);
#3278=VERTEX_POINT('',#7445);
#3279=VERTEX_POINT('',#7446);
#3280=VERTEX_POINT('',#7448);
#3281=VERTEX_POINT('',#7450);
#3282=VERTEX_POINT('',#7454);
#3283=VERTEX_POINT('',#7455);
#3284=VERTEX_POINT('',#7457);
#3285=VERTEX_POINT('',#7459);
#3286=VERTEX_POINT('',#7463);
#3287=VERTEX_POINT('',#7465);
#3288=VERTEX_POINT('',#7467);
#3289=VERTEX_POINT('',#7471);
#3290=VERTEX_POINT('',#7473);
#3291=VERTEX_POINT('',#7475);
#3292=VERTEX_POINT('',#7486);
#3293=VERTEX_POINT('',#7491);
#3294=VERTEX_POINT('',#7502);
#3295=VERTEX_POINT('',#7503);
#3296=VERTEX_POINT('',#7505);
#3297=VERTEX_POINT('',#7507);
#3298=VERTEX_POINT('',#7509);
#3299=VERTEX_POINT('',#7523);
#3300=VERTEX_POINT('',#7524);
#3301=VERTEX_POINT('',#7526);
#3302=VERTEX_POINT('',#7528);
#3303=VERTEX_POINT('',#7539);
#3304=VERTEX_POINT('',#7540);
#3305=VERTEX_POINT('',#7542);
#3306=VERTEX_POINT('',#7544);
#3307=VERTEX_POINT('',#7546);
#3308=VERTEX_POINT('',#7560);
#3309=VERTEX_POINT('',#7561);
#3310=VERTEX_POINT('',#7563);
#3311=VERTEX_POINT('',#7565);
#3312=VERTEX_POINT('',#7567);
#3313=VERTEX_POINT('',#7574);
#3314=VERTEX_POINT('',#7575);
#3315=VERTEX_POINT('',#7577);
#3316=VERTEX_POINT('',#7582);
#3317=VERTEX_POINT('',#7587);
#3318=VERTEX_POINT('',#7598);
#3319=VERTEX_POINT('',#7599);
#3320=VERTEX_POINT('',#7604);
#3321=VERTEX_POINT('',#7616);
#3322=VERTEX_POINT('',#7618);
#3323=VERTEX_POINT('',#7620);
#3324=VERTEX_POINT('',#7631);
#3325=VERTEX_POINT('',#7633);
#3326=VERTEX_POINT('',#7635);
#3327=VERTEX_POINT('',#7646);
#3328=VERTEX_POINT('',#7647);
#3329=VERTEX_POINT('',#7652);
#3330=VERTEX_POINT('',#7654);
#3331=VERTEX_POINT('',#7656);
#3332=VERTEX_POINT('',#7667);
#3333=VERTEX_POINT('',#7669);
#3334=VERTEX_POINT('',#7671);
#3335=VERTEX_POINT('',#7676);
#3336=VERTEX_POINT('',#7681);
#3337=VERTEX_POINT('',#7685);
#3338=VERTEX_POINT('',#7687);
#3339=VERTEX_POINT('',#7689);
#3340=VERTEX_POINT('',#7702);
#3341=VERTEX_POINT('',#7703);
#3342=VERTEX_POINT('',#7712);
#3343=VERTEX_POINT('',#7714);
#3344=VERTEX_POINT('',#7729);
#3345=VERTEX_POINT('',#7731);
#3346=VERTEX_POINT('',#7735);
#3347=VERTEX_POINT('',#7736);
#3348=VERTEX_POINT('',#7738);
#3349=VERTEX_POINT('',#7740);
#3350=VERTEX_POINT('',#7753);
#3351=VERTEX_POINT('',#7764);
#3352=VERTEX_POINT('',#7768);
#3353=VERTEX_POINT('',#7773);
#3354=VERTEX_POINT('',#7778);
#3355=VERTEX_POINT('',#7782);
#3356=VERTEX_POINT('',#7787);
#3357=VERTEX_POINT('',#7793);
#3358=VERTEX_POINT('',#7810);
#3359=VERTEX_POINT('',#7811);
#3360=VERTEX_POINT('',#7813);
#3361=VERTEX_POINT('',#7825);
#3362=VERTEX_POINT('',#7826);
#3363=VERTEX_POINT('',#7855);
#3364=VERTEX_POINT('',#7857);
#3365=VERTEX_POINT('',#7868);
#3366=VERTEX_POINT('',#7869);
#3367=VERTEX_POINT('',#7874);
#3368=VERTEX_POINT('',#7876);
#3369=VERTEX_POINT('',#7881);
#3370=VERTEX_POINT('',#7883);
#3371=VERTEX_POINT('',#7890);
#3372=VERTEX_POINT('',#7895);
#3373=VERTEX_POINT('',#7908);
#3374=VERTEX_POINT('',#7913);
#3375=VERTEX_POINT('',#7917);
#3376=VERTEX_POINT('',#7919);
#3377=VERTEX_POINT('',#7923);
#3378=VERTEX_POINT('',#7925);
#3379=VERTEX_POINT('',#7966);
#3380=VERTEX_POINT('',#7967);
#3381=VERTEX_POINT('',#7974);
#3382=VERTEX_POINT('',#7979);
#3383=VERTEX_POINT('',#8017);
#3384=VERTEX_POINT('',#8051);
#3385=VERTEX_POINT('',#8061);
#3386=VERTEX_POINT('',#8070);
#3387=VERTEX_POINT('',#8095);
#3388=VERTEX_POINT('',#8096);
#3389=VERTEX_POINT('',#8105);
#3390=VERTEX_POINT('',#8122);
#3391=VERTEX_POINT('',#8166);
#3392=VERTEX_POINT('',#8167);
#3393=VERTEX_POINT('',#8205);
#3394=VERTEX_POINT('',#8206);
#3395=VERTEX_POINT('',#8215);
#3396=VERTEX_POINT('',#8220);
#3397=VERTEX_POINT('',#8225);
#3398=VERTEX_POINT('',#8240);
#3399=VERTEX_POINT('',#8307);
#3400=VERTEX_POINT('',#8322);
#3401=VERTEX_POINT('',#8323);
#3402=VERTEX_POINT('',#8325);
#3403=VERTEX_POINT('',#8350);
#3404=VERTEX_POINT('',#8351);
#3405=VERTEX_POINT('',#8378);
#3406=VERTEX_POINT('',#8379);
#3407=VERTEX_POINT('',#8415);
#3408=VERTEX_POINT('',#8416);
#3409=VERTEX_POINT('',#8421);
#3410=VERTEX_POINT('',#8430);
#3411=VERTEX_POINT('',#8461);
#3412=VERTEX_POINT('',#8467);
#3413=VERTEX_POINT('',#8515);
#3414=VERTEX_POINT('',#8529);
#3415=VERTEX_POINT('',#8531);
#3416=VERTEX_POINT('',#8536);
#3417=VERTEX_POINT('',#8542);
#3418=VERTEX_POINT('',#8547);
#3419=VERTEX_POINT('',#8552);
#3420=VERTEX_POINT('',#8561);
#3421=VERTEX_POINT('',#8619);
#3422=VERTEX_POINT('',#8620);
#3423=VERTEX_POINT('',#8646);
#3424=VERTEX_POINT('',#8736);
#3425=VERTEX_POINT('',#8827);
#3426=VERTEX_POINT('',#9055);
#3427=VERTEX_POINT('',#9084);
#3428=VERTEX_POINT('',#9085);
#3429=VERTEX_POINT('',#9118);
#3430=VERTEX_POINT('',#9189);
#3431=VERTEX_POINT('',#9239);
#3432=VERTEX_POINT('',#9253);
#3433=VERTEX_POINT('',#9255);
#3434=VERTEX_POINT('',#9257);
#3435=VERTEX_POINT('',#9280);
#3436=VERTEX_POINT('',#9285);
#3437=VERTEX_POINT('',#9287);
#3438=VERTEX_POINT('',#9289);
#3439=VERTEX_POINT('',#9304);
#3440=VERTEX_POINT('',#9305);
#3441=VERTEX_POINT('',#9335);
#3442=VERTEX_POINT('',#9364);
#3443=VERTEX_POINT('',#9370);
#3444=VERTEX_POINT('',#9411);
#3445=VERTEX_POINT('',#9447);
#3446=VERTEX_POINT('',#9464);
#3447=VERTEX_POINT('',#9465);
#3448=VERTEX_POINT('',#9467);
#3449=VERTEX_POINT('',#9473);
#3450=VERTEX_POINT('',#9479);
#3451=VERTEX_POINT('',#9490);
#3452=VERTEX_POINT('',#9492);
#3453=VERTEX_POINT('',#9503);
#3454=VERTEX_POINT('',#9504);
#3455=VERTEX_POINT('',#9506);
#3456=VERTEX_POINT('',#9521);
#3457=VERTEX_POINT('',#9522);
#3458=VERTEX_POINT('',#9604);
#3459=VERTEX_POINT('',#9793);
#3460=VERTEX_POINT('',#9935);
#3461=VERTEX_POINT('',#9936);
#3462=VERTEX_POINT('',#9941);
#3463=VERTEX_POINT('',#9946);
#3464=VERTEX_POINT('',#9951);
#3465=VERTEX_POINT('',#9979);
#3466=VERTEX_POINT('',#9992);
#3467=VERTEX_POINT('',#9994);
#3468=VERTEX_POINT('',#9998);
#3469=VERTEX_POINT('',#9999);
#3470=VERTEX_POINT('',#10004);
#3471=VERTEX_POINT('',#10006);
#3472=VERTEX_POINT('',#10022);
#3473=VERTEX_POINT('',#10024);
#3474=VERTEX_POINT('',#10037);
#3475=VERTEX_POINT('',#10039);
#3476=VERTEX_POINT('',#10068);
#3477=VERTEX_POINT('',#10071);
#3478=VERTEX_POINT('',#10116);
#3479=VERTEX_POINT('',#10117);
#3480=VERTEX_POINT('',#10131);
#3481=VERTEX_POINT('',#10148);
#3482=VERTEX_POINT('',#10150);
#3483=VERTEX_POINT('',#10156);
#3484=VERTEX_POINT('',#10173);
#3485=VERTEX_POINT('',#10237);
#3486=VERTEX_POINT('',#10242);
#3487=VERTEX_POINT('',#10340);
#3488=VERTEX_POINT('',#10341);
#3489=VERTEX_POINT('',#10352);
#3490=VERTEX_POINT('',#10354);
#3491=VERTEX_POINT('',#10365);
#3492=VERTEX_POINT('',#10410);
#3493=VERTEX_POINT('',#10411);
#3494=VERTEX_POINT('',#10416);
#3495=VERTEX_POINT('',#10421);
#3496=VERTEX_POINT('',#10438);
#3497=VERTEX_POINT('',#10442);
#3498=VERTEX_POINT('',#10464);
#3499=VERTEX_POINT('',#10469);
#3500=VERTEX_POINT('',#10471);
#3501=VERTEX_POINT('',#10478);
#3502=VERTEX_POINT('',#10480);
#3503=VERTEX_POINT('',#10498);
#3504=VERTEX_POINT('',#10528);
#3505=VERTEX_POINT('',#10607);
#3506=VERTEX_POINT('',#10614);
#3507=VERTEX_POINT('',#10616);
#3508=VERTEX_POINT('',#10627);
#3509=VERTEX_POINT('',#10636);
#3510=VERTEX_POINT('',#10653);
#3511=VERTEX_POINT('',#10655);
#3512=VERTEX_POINT('',#10664);
#3513=VERTEX_POINT('',#10742);
#3514=VERTEX_POINT('',#10816);
#3515=VERTEX_POINT('',#10933);
#3516=VERTEX_POINT('',#10938);
#3517=VERTEX_POINT('',#10945);
#3518=VERTEX_POINT('',#10947);
#3519=VERTEX_POINT('',#11010);
#3520=VERTEX_POINT('',#11022);
#3521=VERTEX_POINT('',#11075);
#3522=VERTEX_POINT('',#11085);
#3523=VERTEX_POINT('',#11089);
#3524=VERTEX_POINT('',#11104);
#3525=VERTEX_POINT('',#11105);
#3526=VERTEX_POINT('',#11121);
#3527=VERTEX_POINT('',#11122);
#3528=VERTEX_POINT('',#11133);
#3529=VERTEX_POINT('',#11142);
#3530=VERTEX_POINT('',#11214);
#3531=VERTEX_POINT('',#11225);
#3532=VERTEX_POINT('',#11234);
#3533=VERTEX_POINT('',#11249);
#3534=VERTEX_POINT('',#11253);
#3535=VERTEX_POINT('',#11257);
#3536=VERTEX_POINT('',#11258);
#3537=VERTEX_POINT('',#11261);
#3538=VERTEX_POINT('',#11285);
#3539=VERTEX_POINT('',#11310);
#3540=VERTEX_POINT('',#11314);
#3541=VERTEX_POINT('',#11318);
#3542=VERTEX_POINT('',#11491);
#3543=LINE('',#6420,#3762);
#3544=LINE('',#6447,#3763);
#3545=LINE('',#6457,#3764);
#3546=LINE('',#6516,#3765);
#3547=LINE('',#6523,#3766);
#3548=LINE('',#6534,#3767);
#3549=LINE('',#6539,#3768);
#3550=LINE('',#6553,#3769);
#3551=LINE('',#6558,#3770);
#3552=LINE('',#6572,#3771);
#3553=LINE('',#6580,#3772);
#3554=LINE('',#6591,#3773);
#3555=LINE('',#6595,#3774);
#3556=LINE('',#6620,#3775);
#3557=LINE('',#6628,#3776);
#3558=LINE('',#6647,#3777);
#3559=LINE('',#6652,#3778);
#3560=LINE('',#6659,#3779);
#3561=LINE('',#6684,#3780);
#3562=LINE('',#6690,#3781);
#3563=LINE('',#6717,#3782);
#3564=LINE('',#6728,#3783);
#3565=LINE('',#6736,#3784);
#3566=LINE('',#6737,#3785);
#3567=LINE('',#6746,#3786);
#3568=LINE('',#6760,#3787);
#3569=LINE('',#6790,#3788);
#3570=LINE('',#6794,#3789);
#3571=LINE('',#6796,#3790);
#3572=LINE('',#6801,#3791);
#3573=LINE('',#6805,#3792);
#3574=LINE('',#6828,#3793);
#3575=LINE('',#6830,#3794);
#3576=LINE('',#6853,#3795);
#3577=LINE('',#6858,#3796);
#3578=LINE('',#6878,#3797);
#3579=LINE('',#6886,#3798);
#3580=LINE('',#6890,#3799);
#3581=LINE('',#6901,#3800);
#3582=LINE('',#6905,#3801);
#3583=LINE('',#6912,#3802);
#3584=LINE('',#6917,#3803);
#3585=LINE('',#6921,#3804);
#3586=LINE('',#6925,#3805);
#3587=LINE('',#6929,#3806);
#3588=LINE('',#6934,#3807);
#3589=LINE('',#6945,#3808);
#3590=LINE('',#6964,#3809);
#3591=LINE('',#6968,#3810);
#3592=LINE('',#6979,#3811);
#3593=LINE('',#6982,#3812);
#3594=LINE('',#6993,#3813);
#3595=LINE('',#7005,#3814);
#3596=LINE('',#7013,#3815);
#3597=LINE('',#7018,#3816);
#3598=LINE('',#7031,#3817);
#3599=LINE('',#7045,#3818);
#3600=LINE('',#7047,#3819);
#3601=LINE('',#7050,#3820);
#3602=LINE('',#7052,#3821);
#3603=LINE('',#7056,#3822);
#3604=LINE('',#7060,#3823);
#3605=LINE('',#7065,#3824);
#3606=LINE('',#7082,#3825);
#3607=LINE('',#7106,#3826);
#3608=LINE('',#7111,#3827);
#3609=LINE('',#7115,#3828);
#3610=LINE('',#7133,#3829);
#3611=LINE('',#7138,#3830);
#3612=LINE('',#7152,#3831);
#3613=LINE('',#7160,#3832);
#3614=LINE('',#7171,#3833);
#3615=LINE('',#7176,#3834);
#3616=LINE('',#7187,#3835);
#3617=LINE('',#7201,#3836);
#3618=LINE('',#7215,#3837);
#3619=LINE('',#7220,#3838);
#3620=LINE('',#7233,#3839);
#3621=LINE('',#7241,#3840);
#3622=LINE('',#7252,#3841);
#3623=LINE('',#7265,#3842);
#3624=LINE('',#7272,#3843);
#3625=LINE('',#7279,#3844);
#3626=LINE('',#7296,#3845);
#3627=LINE('',#7315,#3846);
#3628=LINE('',#7325,#3847);
#3629=LINE('',#7329,#3848);
#3630=LINE('',#7356,#3849);
#3631=LINE('',#7369,#3850);
#3632=LINE('',#7388,#3851);
#3633=LINE('',#7391,#3852);
#3634=LINE('',#7398,#3853);
#3635=LINE('',#7412,#3854);
#3636=LINE('',#7425,#3855);
#3637=LINE('',#7444,#3856);
#3638=LINE('',#7449,#3857);
#3639=LINE('',#7462,#3858);
#3640=LINE('',#7466,#3859);
#3641=LINE('',#7470,#3860);
#3642=LINE('',#7474,#3861);
#3643=LINE('',#7485,#3862);
#3644=LINE('',#7492,#3863);
#3645=LINE('',#7501,#3864);
#3646=LINE('',#7506,#3865);
#3647=LINE('',#7522,#3866);
#3648=LINE('',#7527,#3867);
#3649=LINE('',#7538,#3868);
#3650=LINE('',#7543,#3869);
#3651=LINE('',#7559,#3870);
#3652=LINE('',#7564,#3871);
#3653=LINE('',#7573,#3872);
#3654=LINE('',#7597,#3873);
#3655=LINE('',#7615,#3874);
#3656=LINE('',#7619,#3875);
#3657=LINE('',#7630,#3876);
#3658=LINE('',#7634,#3877);
#3659=LINE('',#7645,#3878);
#3660=LINE('',#7655,#3879);
#3661=LINE('',#7666,#3880);
#3662=LINE('',#7670,#3881);
#3663=LINE('',#7674,#3882);
#3664=LINE('',#7675,#3883);
#3665=LINE('',#7679,#3884);
#3666=LINE('',#7682,#3885);
#3667=LINE('',#7684,#3886);
#3668=LINE('',#7688,#3887);
#3669=LINE('',#7701,#3888);
#3670=LINE('',#7713,#3889);
#3671=LINE('',#7728,#3890);
#3672=LINE('',#7732,#3891);
#3673=LINE('',#7734,#3892);
#3674=LINE('',#7739,#3893);
#3675=LINE('',#7752,#3894);
#3676=LINE('',#7765,#3895);
#3677=LINE('',#7767,#3896);
#3678=LINE('',#7781,#3897);
#3679=LINE('',#7809,#3898);
#3680=LINE('',#7814,#3899);
#3681=LINE('',#7824,#3900);
#3682=LINE('',#7833,#3901);
#3683=LINE('',#7854,#3902);
#3684=LINE('',#7858,#3903);
#3685=LINE('',#7867,#3904);
#3686=LINE('',#7875,#3905);
#3687=LINE('',#7882,#3906);
#3688=LINE('',#8324,#3907);
#3689=LINE('',#8327,#3908);
#3690=LINE('',#8329,#3909);
#3691=LINE('',#8330,#3910);
#3692=LINE('',#8340,#3911);
#3693=LINE('',#8341,#3912);
#3694=LINE('',#8345,#3913);
#3695=LINE('',#8346,#3914);
#3696=LINE('',#8347,#3915);
#3697=LINE('',#8349,#3916);
#3698=LINE('',#8530,#3917);
#3699=LINE('',#9188,#3918);
#3700=LINE('',#9245,#3919);
#3701=LINE('',#9247,#3920);
#3702=LINE('',#9279,#3921);
#3703=LINE('',#9286,#3922);
#3704=LINE('',#9288,#3923);
#3705=LINE('',#9290,#3924);
#3706=LINE('',#9410,#3925);
#3707=LINE('',#9412,#3926);
#3708=LINE('',#9414,#3927);
#3709=LINE('',#9466,#3928);
#3710=LINE('',#9502,#3929);
#3711=LINE('',#9507,#3930);
#3712=LINE('',#9508,#3931);
#3713=LINE('',#9523,#3932);
#3714=LINE('',#9524,#3933);
#3715=LINE('',#9803,#3934);
#3716=LINE('',#9809,#3935);
#3717=LINE('',#9810,#3936);
#3718=LINE('',#9987,#3937);
#3719=LINE('',#9988,#3938);
#3720=LINE('',#9991,#3939);
#3721=LINE('',#9995,#3940);
#3722=LINE('',#9997,#3941);
#3723=LINE('',#10005,#3942);
#3724=LINE('',#10021,#3943);
#3725=LINE('',#10025,#3944);
#3726=LINE('',#10036,#3945);
#3727=LINE('',#10040,#3946);
#3728=LINE('',#10067,#3947);
#3729=LINE('',#10070,#3948);
#3730=LINE('',#10157,#3949);
#3731=LINE('',#10351,#3950);
#3732=LINE('',#10355,#3951);
#3733=LINE('',#10366,#3952);
#3734=LINE('',#10367,#3953);
#3735=LINE('',#10434,#3954);
#3736=LINE('',#10463,#3955);
#3737=LINE('',#10468,#3956);
#3738=LINE('',#10470,#3957);
#3739=LINE('',#10477,#3958);
#3740=LINE('',#10479,#3959);
#3741=LINE('',#10608,#3960);
#3742=LINE('',#10615,#3961);
#3743=LINE('',#10617,#3962);
#3744=LINE('',#11093,#3963);
#3745=LINE('',#11094,#3964);
#3746=LINE('',#11106,#3965);
#3747=LINE('',#11107,#3966);
#3748=LINE('',#11109,#3967);
#3749=LINE('',#11110,#3968);
#3750=LINE('',#11111,#3969);
#3751=LINE('',#11123,#3970);
#3752=LINE('',#11124,#3971);
#3753=LINE('',#11256,#3972);
#3754=LINE('',#11259,#3973);
#3755=LINE('',#11264,#3974);
#3756=LINE('',#11309,#3975);
#3757=LINE('',#11319,#3976);
#3758=LINE('',#11490,#3977);
#3759=LINE('',#11608,#3978);
#3760=LINE('',#11936,#3979);
#3761=LINE('',#12006,#3980);
#3762=VECTOR('',#5470,1000.);
#3763=VECTOR('',#5475,1000.);
#3764=VECTOR('',#5478,1000.);
#3765=VECTOR('',#5485,1000.);
#3766=VECTOR('',#5490,1000.);
#3767=VECTOR('',#5493,1000.);
#3768=VECTOR('',#5496,1000.);
#3769=VECTOR('',#5497,1000.);
#3770=VECTOR('',#5500,1000.);
#3771=VECTOR('',#5501,1000.);
#3772=VECTOR('',#5502,1000.);
#3773=VECTOR('',#5505,1000.);
#3774=VECTOR('',#5508,1000.);
#3775=VECTOR('',#5509,1000.);
#3776=VECTOR('',#5510,1000.);
#3777=VECTOR('',#5511,1000.);
#3778=VECTOR('',#5514,1000.);
#3779=VECTOR('',#5517,1000.);
#3780=VECTOR('',#5524,1000.);
#3781=VECTOR('',#5529,1000.);
#3782=VECTOR('',#5530,1000.);
#3783=VECTOR('',#5533,1000.);
#3784=VECTOR('',#5534,1000.);
#3785=VECTOR('',#5535,1000.);
#3786=VECTOR('',#5536,1000.);
#3787=VECTOR('',#5537,1000.);
#3788=VECTOR('',#5550,1000.);
#3789=VECTOR('',#5553,1000.);
#3790=VECTOR('',#5556,1000.);
#3791=VECTOR('',#5559,1000.);
#3792=VECTOR('',#5564,1000.);
#3793=VECTOR('',#5569,1000.);
#3794=VECTOR('',#5570,1000.);
#3795=VECTOR('',#5581,1000.);
#3796=VECTOR('',#5584,1000.);
#3797=VECTOR('',#5587,1000.);
#3798=VECTOR('',#5588,1000.);
#3799=VECTOR('',#5591,1000.);
#3800=VECTOR('',#5594,1000.);
#3801=VECTOR('',#5597,1000.);
#3802=VECTOR('',#5600,1000.);
#3803=VECTOR('',#5603,1000.);
#3804=VECTOR('',#5608,1000.);
#3805=VECTOR('',#5611,1000.);
#3806=VECTOR('',#5616,1000.);
#3807=VECTOR('',#5619,1000.);
#3808=VECTOR('',#5622,1000.);
#3809=VECTOR('',#5623,1000.);
#3810=VECTOR('',#5626,1000.);
#3811=VECTOR('',#5629,1000.);
#3812=VECTOR('',#5632,1000.);
#3813=VECTOR('',#5633,1000.);
#3814=VECTOR('',#5634,1000.);
#3815=VECTOR('',#5637,1000.);
#3816=VECTOR('',#5640,1000.);
#3817=VECTOR('',#5643,1000.);
#3818=VECTOR('',#5644,1000.);
#3819=VECTOR('',#5647,1000.);
#3820=VECTOR('',#5650,1000.);
#3821=VECTOR('',#5653,1000.);
#3822=VECTOR('',#5656,1000.);
#3823=VECTOR('',#5661,1000.);
#3824=VECTOR('',#5664,1000.);
#3825=VECTOR('',#5667,1000.);
#3826=VECTOR('',#5672,1000.);
#3827=VECTOR('',#5675,1000.);
#3828=VECTOR('',#5678,1000.);
#3829=VECTOR('',#5681,1000.);
#3830=VECTOR('',#5684,1000.);
#3831=VECTOR('',#5685,1000.);
#3832=VECTOR('',#5686,1000.);
#3833=VECTOR('',#5689,1000.);
#3834=VECTOR('',#5692,1000.);
#3835=VECTOR('',#5695,1000.);
#3836=VECTOR('',#5698,1000.);
#3837=VECTOR('',#5699,1000.);
#3838=VECTOR('',#5702,1000.);
#3839=VECTOR('',#5703,1000.);
#3840=VECTOR('',#5704,1000.);
#3841=VECTOR('',#5707,1000.);
#3842=VECTOR('',#5708,1000.);
#3843=VECTOR('',#5709,1000.);
#3844=VECTOR('',#5712,1000.);
#3845=VECTOR('',#5717,1000.);
#3846=VECTOR('',#5718,1000.);
#3847=VECTOR('',#5721,1000.);
#3848=VECTOR('',#5724,1000.);
#3849=VECTOR('',#5725,1000.);
#3850=VECTOR('',#5730,1000.);
#3851=VECTOR('',#5731,1000.);
#3852=VECTOR('',#5732,1000.);
#3853=VECTOR('',#5733,1000.);
#3854=VECTOR('',#5734,1000.);
#3855=VECTOR('',#5735,1000.);
#3856=VECTOR('',#5736,1000.);
#3857=VECTOR('',#5739,1000.);
#3858=VECTOR('',#5754,1000.);
#3859=VECTOR('',#5757,1000.);
#3860=VECTOR('',#5762,1000.);
#3861=VECTOR('',#5765,1000.);
#3862=VECTOR('',#5768,1000.);
#3863=VECTOR('',#5769,1000.);
#3864=VECTOR('',#5770,1000.);
#3865=VECTOR('',#5773,1000.);
#3866=VECTOR('',#5776,1000.);
#3867=VECTOR('',#5779,1000.);
#3868=VECTOR('',#5782,1000.);
#3869=VECTOR('',#5785,1000.);
#3870=VECTOR('',#5788,1000.);
#3871=VECTOR('',#5791,1000.);
#3872=VECTOR('',#5796,1000.);
#3873=VECTOR('',#5801,1000.);
#3874=VECTOR('',#5806,1000.);
#3875=VECTOR('',#5809,1000.);
#3876=VECTOR('',#5812,1000.);
#3877=VECTOR('',#5815,1000.);
#3878=VECTOR('',#5818,1000.);
#3879=VECTOR('',#5821,1000.);
#3880=VECTOR('',#5824,1000.);
#3881=VECTOR('',#5827,1000.);
#3882=VECTOR('',#5832,1000.);
#3883=VECTOR('',#5833,1000.);
#3884=VECTOR('',#5838,1000.);
#3885=VECTOR('',#5841,1000.);
#3886=VECTOR('',#5844,1000.);
#3887=VECTOR('',#5847,1000.);
#3888=VECTOR('',#5850,1000.);
#3889=VECTOR('',#5851,1000.);
#3890=VECTOR('',#5852,1000.);
#3891=VECTOR('',#5855,1000.);
#3892=VECTOR('',#5858,1000.);
#3893=VECTOR('',#5861,1000.);
#3894=VECTOR('',#5864,1000.);
#3895=VECTOR('',#5865,1000.);
#3896=VECTOR('',#5868,1000.);
#3897=VECTOR('',#5873,1000.);
#3898=VECTOR('',#5876,1000.);
#3899=VECTOR('',#5879,1000.);
#3900=VECTOR('',#5882,1000.);
#3901=VECTOR('',#5883,1000.);
#3902=VECTOR('',#5884,1000.);
#3903=VECTOR('',#5887,1000.);
#3904=VECTOR('',#5888,1000.);
#3905=VECTOR('',#5889,1000.);
#3906=VECTOR('',#5890,1000.);
#3907=VECTOR('',#5969,1000.);
#3908=VECTOR('',#5972,1000.);
#3909=VECTOR('',#5975,1000.);
#3910=VECTOR('',#5976,1000.);
#3911=VECTOR('',#5979,1000.);
#3912=VECTOR('',#5980,1000.);
#3913=VECTOR('',#5987,1000.);
#3914=VECTOR('',#5988,1000.);
#3915=VECTOR('',#5989,1000.);
#3916=VECTOR('',#5992,1000.);
#3917=VECTOR('',#5995,1000.);
#3918=VECTOR('',#6004,1000.);
#3919=VECTOR('',#6013,1000.);
#3920=VECTOR('',#6016,1000.);
#3921=VECTOR('',#6053,1000.);
#3922=VECTOR('',#6054,1000.);
#3923=VECTOR('',#6055,1000.);
#3924=VECTOR('',#6056,1000.);
#3925=VECTOR('',#6061,1000.);
#3926=VECTOR('',#6062,1000.);
#3927=VECTOR('',#6065,1000.);
#3928=VECTOR('',#6066,1000.);
#3929=VECTOR('',#6073,1000.);
#3930=VECTOR('',#6076,1000.);
#3931=VECTOR('',#6077,1000.);
#3932=VECTOR('',#6078,1000.);
#3933=VECTOR('',#6079,1000.);
#3934=VECTOR('',#6092,1000.);
#3935=VECTOR('',#6095,1000.);
#3936=VECTOR('',#6096,1000.);
#3937=VECTOR('',#6111,1000.);
#3938=VECTOR('',#6112,1000.);
#3939=VECTOR('',#6117,1000.);
#3940=VECTOR('',#6120,1000.);
#3941=VECTOR('',#6123,1000.);
#3942=VECTOR('',#6124,1000.);
#3943=VECTOR('',#6125,1000.);
#3944=VECTOR('',#6128,1000.);
#3945=VECTOR('',#6129,1000.);
#3946=VECTOR('',#6132,1000.);
#3947=VECTOR('',#6137,1000.);
#3948=VECTOR('',#6140,1000.);
#3949=VECTOR('',#6147,1000.);
#3950=VECTOR('',#6152,1000.);
#3951=VECTOR('',#6155,1000.);
#3952=VECTOR('',#6158,1000.);
#3953=VECTOR('',#6159,1000.);
#3954=VECTOR('',#6166,1000.);
#3955=VECTOR('',#6199,1000.);
#3956=VECTOR('',#6200,1000.);
#3957=VECTOR('',#6201,1000.);
#3958=VECTOR('',#6204,1000.);
#3959=VECTOR('',#6205,1000.);
#3960=VECTOR('',#6212,1000.);
#3961=VECTOR('',#6215,1000.);
#3962=VECTOR('',#6216,1000.);
#3963=VECTOR('',#6245,1000.);
#3964=VECTOR('',#6246,1000.);
#3965=VECTOR('',#6249,1000.);
#3966=VECTOR('',#6250,1000.);
#3967=VECTOR('',#6253,1000.);
#3968=VECTOR('',#6254,1000.);
#3969=VECTOR('',#6255,1000.);
#3970=VECTOR('',#6258,1000.);
#3971=VECTOR('',#6259,1000.);
#3972=VECTOR('',#6280,1000.);
#3973=VECTOR('',#6281,1000.);
#3974=VECTOR('',#6288,1000.);
#3975=VECTOR('',#6293,1000.);
#3976=VECTOR('',#6294,1000.);
#3977=VECTOR('',#6295,1000.);
#3978=VECTOR('',#6326,1000.);
#3979=VECTOR('',#6375,1000.);
#3980=VECTOR('',#6378,1000.);
#3981=EDGE_LOOP('',(#741,#742,#743,#744,#745));
#3982=EDGE_LOOP('',(#746,#747,#748,#749,#750,#751,#752,#753,#754,#755,#756,
#757,#758,#759));
#3983=EDGE_LOOP('',(#760,#761,#762,#763,#764));
#3984=EDGE_LOOP('',(#765,#766,#767,#768));
#3985=EDGE_LOOP('',(#769,#770,#771,#772));
#3986=EDGE_LOOP('',(#773,#774,#775,#776));
#3987=EDGE_LOOP('',(#777,#778,#779,#780,#781));
#3988=EDGE_LOOP('',(#782,#783,#784,#785,#786));
#3989=EDGE_LOOP('',(#787,#788,#789,#790));
#3990=EDGE_LOOP('',(#791,#792,#793,#794,#795,#796));
#3991=EDGE_LOOP('',(#797,#798,#799,#800,#801,#802,#803,#804,#805,#806,#807));
#3992=EDGE_LOOP('',(#808,#809,#810,#811,#812));
#3993=EDGE_LOOP('',(#813,#814,#815,#816,#817,#818));
#3994=EDGE_LOOP('',(#819,#820,#821,#822,#823));
#3995=EDGE_LOOP('',(#824,#825,#826,#827));
#3996=EDGE_LOOP('',(#828,#829,#830,#831));
#3997=EDGE_LOOP('',(#832,#833,#834,#835,#836));
#3998=EDGE_LOOP('',(#837,#838,#839,#840));
#3999=EDGE_LOOP('',(#841,#842,#843,#844));
#4000=EDGE_LOOP('',(#845,#846,#847,#848,#849));
#4001=EDGE_LOOP('',(#850,#851,#852,#853,#854,#855));
#4002=EDGE_LOOP('',(#856,#857,#858,#859));
#4003=EDGE_LOOP('',(#860,#861,#862,#863));
#4004=EDGE_LOOP('',(#864,#865,#866,#867));
#4005=EDGE_LOOP('',(#868,#869,#870,#871));
#4006=EDGE_LOOP('',(#872,#873,#874,#875));
#4007=EDGE_LOOP('',(#876,#877,#878,#879));
#4008=EDGE_LOOP('',(#880,#881,#882,#883));
#4009=EDGE_LOOP('',(#884,#885,#886,#887));
#4010=EDGE_LOOP('',(#888,#889,#890,#891));
#4011=EDGE_LOOP('',(#892,#893,#894,#895));
#4012=EDGE_LOOP('',(#896,#897,#898,#899,#900));
#4013=EDGE_LOOP('',(#901,#902,#903,#904,#905));
#4014=EDGE_LOOP('',(#906,#907,#908,#909));
#4015=EDGE_LOOP('',(#910,#911,#912,#913,#914));
#4016=EDGE_LOOP('',(#915,#916,#917,#918,#919,#920,#921));
#4017=EDGE_LOOP('',(#922,#923,#924,#925));
#4018=EDGE_LOOP('',(#926,#927,#928,#929));
#4019=EDGE_LOOP('',(#930,#931,#932,#933));
#4020=EDGE_LOOP('',(#934,#935,#936,#937,#938));
#4021=EDGE_LOOP('',(#939,#940,#941,#942));
#4022=EDGE_LOOP('',(#943,#944,#945,#946));
#4023=EDGE_LOOP('',(#947,#948,#949,#950,#951,#952,#953));
#4024=EDGE_LOOP('',(#954,#955,#956,#957,#958));
#4025=EDGE_LOOP('',(#959,#960,#961,#962,#963));
#4026=EDGE_LOOP('',(#964,#965,#966,#967,#968,#969,#970,#971,#972,#973,#974));
#4027=EDGE_LOOP('',(#975,#976,#977,#978));
#4028=EDGE_LOOP('',(#979,#980,#981,#982,#983));
#4029=EDGE_LOOP('',(#984,#985,#986,#987,#988,#989));
#4030=EDGE_LOOP('',(#990,#991,#992,#993));
#4031=EDGE_LOOP('',(#994,#995,#996,#997));
#4032=EDGE_LOOP('',(#998,#999,#1000,#1001));
#4033=EDGE_LOOP('',(#1002,#1003,#1004,#1005));
#4034=EDGE_LOOP('',(#1006,#1007,#1008,#1009));
#4035=EDGE_LOOP('',(#1010,#1011,#1012,#1013,#1014));
#4036=EDGE_LOOP('',(#1015,#1016,#1017,#1018));
#4037=EDGE_LOOP('',(#1019,#1020,#1021,#1022,#1023));
#4038=EDGE_LOOP('',(#1024,#1025,#1026,#1027,#1028));
#4039=EDGE_LOOP('',(#1029,#1030,#1031,#1032,#1033));
#4040=EDGE_LOOP('',(#1034,#1035,#1036,#1037,#1038));
#4041=EDGE_LOOP('',(#1039,#1040,#1041,#1042,#1043));
#4042=EDGE_LOOP('',(#1044,#1045,#1046,#1047));
#4043=EDGE_LOOP('',(#1048,#1049,#1050,#1051,#1052));
#4044=EDGE_LOOP('',(#1053,#1054,#1055,#1056));
#4045=EDGE_LOOP('',(#1057,#1058,#1059,#1060));
#4046=EDGE_LOOP('',(#1061,#1062,#1063,#1064));
#4047=EDGE_LOOP('',(#1065,#1066,#1067,#1068));
#4048=EDGE_LOOP('',(#1069,#1070,#1071,#1072));
#4049=EDGE_LOOP('',(#1073,#1074,#1075,#1076));
#4050=EDGE_LOOP('',(#1077,#1078,#1079,#1080));
#4051=EDGE_LOOP('',(#1081,#1082,#1083,#1084));
#4052=EDGE_LOOP('',(#1085,#1086,#1087,#1088,#1089));
#4053=EDGE_LOOP('',(#1090,#1091,#1092,#1093,#1094,#1095));
#4054=EDGE_LOOP('',(#1096,#1097,#1098,#1099,#1100));
#4055=EDGE_LOOP('',(#1101,#1102,#1103,#1104));
#4056=EDGE_LOOP('',(#1105,#1106,#1107,#1108));
#4057=EDGE_LOOP('',(#1109,#1110,#1111,#1112,#1113,#1114));
#4058=EDGE_LOOP('',(#1115,#1116,#1117,#1118,#1119));
#4059=EDGE_LOOP('',(#1120,#1121,#1122,#1123,#1124,#1125,#1126));
#4060=EDGE_LOOP('',(#1127,#1128,#1129,#1130,#1131,#1132,#1133,#1134,#1135,
#1136,#1137,#1138,#1139,#1140,#1141,#1142,#1143,#1144,#1145,#1146));
#4061=EDGE_LOOP('',(#1147,#1148));
#4062=EDGE_LOOP('',(#1149,#1150));
#4063=EDGE_LOOP('',(#1151,#1152,#1153,#1154,#1155,#1156,#1157,#1158,#1159,
#1160,#1161,#1162,#1163,#1164));
#4064=EDGE_LOOP('',(#1165,#1166));
#4065=EDGE_LOOP('',(#1167,#1168));
#4066=EDGE_LOOP('',(#1169,#1170));
#4067=EDGE_LOOP('',(#1171,#1172,#1173,#1174));
#4068=EDGE_LOOP('',(#1175,#1176,#1177));
#4069=EDGE_LOOP('',(#1178,#1179,#1180,#1181,#1182,#1183,#1184));
#4070=EDGE_LOOP('',(#1185,#1186,#1187,#1188,#1189,#1190));
#4071=EDGE_LOOP('',(#1191,#1192,#1193,#1194,#1195));
#4072=EDGE_LOOP('',(#1196,#1197));
#4073=EDGE_LOOP('',(#1198,#1199,#1200,#1201,#1202,#1203,#1204));
#4074=EDGE_LOOP('',(#1205,#1206,#1207,#1208,#1209,#1210,#1211,#1212));
#4075=EDGE_LOOP('',(#1213,#1214,#1215,#1216,#1217,#1218));
#4076=EDGE_LOOP('',(#1219,#1220,#1221,#1222));
#4077=EDGE_LOOP('',(#1223,#1224,#1225,#1226));
#4078=EDGE_LOOP('',(#1227,#1228,#1229,#1230,#1231));
#4079=EDGE_LOOP('',(#1232,#1233,#1234,#1235));
#4080=EDGE_LOOP('',(#1236,#1237,#1238,#1239));
#4081=EDGE_LOOP('',(#1240,#1241,#1242,#1243));
#4082=EDGE_LOOP('',(#1244,#1245,#1246));
#4083=EDGE_LOOP('',(#1247,#1248,#1249,#1250));
#4084=EDGE_LOOP('',(#1251,#1252,#1253,#1254));
#4085=EDGE_LOOP('',(#1255,#1256,#1257,#1258,#1259));
#4086=EDGE_LOOP('',(#1260,#1261,#1262,#1263,#1264,#1265,#1266,#1267,#1268,
#1269));
#4087=EDGE_LOOP('',(#1270,#1271,#1272));
#4088=EDGE_LOOP('',(#1273,#1274));
#4089=EDGE_LOOP('',(#1275,#1276,#1277,#1278,#1279,#1280,#1281,#1282));
#4090=EDGE_LOOP('',(#1283,#1284,#1285,#1286,#1287,#1288));
#4091=EDGE_LOOP('',(#1289,#1290,#1291,#1292,#1293,#1294));
#4092=EDGE_LOOP('',(#1295,#1296));
#4093=EDGE_LOOP('',(#1297,#1298,#1299,#1300));
#4094=EDGE_LOOP('',(#1301,#1302,#1303,#1304,#1305,#1306,#1307,#1308));
#4095=EDGE_LOOP('',(#1309,#1310,#1311,#1312));
#4096=EDGE_LOOP('',(#1313,#1314,#1315,#1316,#1317));
#4097=EDGE_LOOP('',(#1318,#1319,#1320,#1321));
#4098=EDGE_LOOP('',(#1322,#1323,#1324,#1325));
#4099=EDGE_LOOP('',(#1326,#1327,#1328,#1329));
#4100=EDGE_LOOP('',(#1330,#1331,#1332,#1333));
#4101=EDGE_LOOP('',(#1334,#1335,#1336,#1337));
#4102=EDGE_LOOP('',(#1338,#1339,#1340,#1341));
#4103=EDGE_LOOP('',(#1342,#1343,#1344,#1345));
#4104=EDGE_LOOP('',(#1346,#1347,#1348,#1349));
#4105=EDGE_LOOP('',(#1350,#1351,#1352,#1353,#1354));
#4106=EDGE_LOOP('',(#1355,#1356,#1357,#1358));
#4107=EDGE_LOOP('',(#1359,#1360,#1361,#1362));
#4108=EDGE_LOOP('',(#1363,#1364,#1365,#1366));
#4109=EDGE_LOOP('',(#1367,#1368,#1369,#1370,#1371,#1372));
#4110=EDGE_LOOP('',(#1373,#1374,#1375,#1376));
#4111=EDGE_LOOP('',(#1377,#1378,#1379,#1380));
#4112=EDGE_LOOP('',(#1381,#1382,#1383,#1384,#1385,#1386,#1387,#1388,#1389));
#4113=EDGE_LOOP('',(#1390,#1391,#1392,#1393,#1394,#1395));
#4114=EDGE_LOOP('',(#1396,#1397,#1398,#1399));
#4115=EDGE_LOOP('',(#1400,#1401,#1402,#1403));
#4116=EDGE_LOOP('',(#1404,#1405,#1406,#1407,#1408));
#4117=EDGE_LOOP('',(#1409,#1410,#1411,#1412,#1413,#1414,#1415));
#4118=EDGE_LOOP('',(#1416,#1417,#1418,#1419,#1420,#1421));
#4119=EDGE_LOOP('',(#1422,#1423,#1424,#1425));
#4120=EDGE_LOOP('',(#1426,#1427,#1428,#1429));
#4121=EDGE_LOOP('',(#1430,#1431,#1432,#1433,#1434));
#4122=EDGE_LOOP('',(#1435,#1436,#1437,#1438));
#4123=EDGE_LOOP('',(#1439,#1440,#1441,#1442,#1443,#1444));
#4124=EDGE_LOOP('',(#1445,#1446,#1447,#1448,#1449));
#4125=EDGE_LOOP('',(#1450,#1451,#1452,#1453,#1454,#1455,#1456,#1457,#1458));
#4126=EDGE_LOOP('',(#1459,#1460,#1461,#1462,#1463,#1464,#1465));
#4127=EDGE_LOOP('',(#1466,#1467,#1468,#1469));
#4128=EDGE_LOOP('',(#1470,#1471,#1472,#1473));
#4129=EDGE_LOOP('',(#1474,#1475,#1476,#1477,#1478));
#4130=EDGE_LOOP('',(#1479,#1480,#1481,#1482));
#4131=EDGE_LOOP('',(#1483,#1484,#1485,#1486,#1487));
#4132=EDGE_LOOP('',(#1488,#1489,#1490,#1491));
#4133=EDGE_LOOP('',(#1492,#1493,#1494,#1495,#1496,#1497,#1498));
#4134=EDGE_LOOP('',(#1499,#1500,#1501,#1502,#1503,#1504,#1505));
#4135=EDGE_LOOP('',(#1506,#1507,#1508,#1509));
#4136=EDGE_LOOP('',(#1510,#1511,#1512,#1513,#1514));
#4137=EDGE_LOOP('',(#1515,#1516,#1517,#1518,#1519,#1520,#1521));
#4138=EDGE_LOOP('',(#1522,#1523,#1524,#1525));
#4139=EDGE_LOOP('',(#1526,#1527,#1528,#1529,#1530));
#4140=EDGE_LOOP('',(#1531,#1532,#1533,#1534,#1535));
#4141=EDGE_LOOP('',(#1536,#1537,#1538));
#4142=EDGE_LOOP('',(#1539,#1540));
#4143=EDGE_LOOP('',(#1541,#1542,#1543,#1544));
#4144=EDGE_LOOP('',(#1545,#1546,#1547,#1548));
#4145=EDGE_LOOP('',(#1549,#1550,#1551,#1552));
#4146=EDGE_LOOP('',(#1553,#1554,#1555,#1556));
#4147=EDGE_LOOP('',(#1557,#1558,#1559,#1560));
#4148=EDGE_LOOP('',(#1561,#1562,#1563,#1564));
#4149=EDGE_LOOP('',(#1565,#1566,#1567,#1568));
#4150=EDGE_LOOP('',(#1569,#1570,#1571,#1572,#1573,#1574));
#4151=EDGE_LOOP('',(#1575,#1576,#1577,#1578));
#4152=EDGE_LOOP('',(#1579,#1580,#1581,#1582,#1583,#1584));
#4153=EDGE_LOOP('',(#1585,#1586,#1587,#1588,#1589,#1590));
#4154=EDGE_LOOP('',(#1591,#1592,#1593,#1594,#1595,#1596,#1597));
#4155=EDGE_LOOP('',(#1598,#1599,#1600,#1601,#1602,#1603,#1604,#1605,#1606));
#4156=EDGE_LOOP('',(#1607,#1608));
#4157=EDGE_LOOP('',(#1609,#1610,#1611));
#4158=EDGE_LOOP('',(#1612,#1613,#1614,#1615,#1616,#1617));
#4159=EDGE_LOOP('',(#1618,#1619,#1620,#1621));
#4160=EDGE_LOOP('',(#1622,#1623,#1624,#1625));
#4161=EDGE_LOOP('',(#1626,#1627,#1628,#1629));
#4162=EDGE_LOOP('',(#1630,#1631,#1632,#1633));
#4163=EDGE_LOOP('',(#1634,#1635,#1636,#1637));
#4164=EDGE_LOOP('',(#1638,#1639,#1640,#1641));
#4165=EDGE_LOOP('',(#1642,#1643,#1644,#1645,#1646,#1647));
#4166=EDGE_LOOP('',(#1648,#1649,#1650,#1651));
#4167=EDGE_LOOP('',(#1652,#1653,#1654,#1655));
#4168=EDGE_LOOP('',(#1656,#1657,#1658,#1659,#1660,#1661,#1662,#1663,#1664));
#4169=EDGE_LOOP('',(#1665,#1666,#1667,#1668,#1669));
#4170=EDGE_LOOP('',(#1670,#1671,#1672,#1673));
#4171=EDGE_LOOP('',(#1674,#1675,#1676,#1677));
#4172=EDGE_LOOP('',(#1678,#1679,#1680,#1681,#1682,#1683));
#4173=EDGE_LOOP('',(#1684,#1685,#1686,#1687,#1688,#1689,#1690));
#4174=EDGE_LOOP('',(#1691,#1692,#1693,#1694));
#4175=EDGE_LOOP('',(#1695,#1696,#1697,#1698,#1699,#1700));
#4176=EDGE_LOOP('',(#1701,#1702,#1703,#1704));
#4177=EDGE_LOOP('',(#1705,#1706,#1707,#1708));
#4178=EDGE_LOOP('',(#1709,#1710,#1711,#1712,#1713));
#4179=EDGE_LOOP('',(#1714,#1715,#1716,#1717,#1718,#1719));
#4180=EDGE_LOOP('',(#1720,#1721,#1722,#1723,#1724));
#4181=EDGE_LOOP('',(#1725,#1726,#1727,#1728));
#4182=EDGE_LOOP('',(#1729,#1730,#1731,#1732,#1733,#1734,#1735,#1736,#1737));
#4183=EDGE_LOOP('',(#1738,#1739,#1740,#1741,#1742,#1743,#1744));
#4184=EDGE_LOOP('',(#1745,#1746,#1747,#1748));
#4185=EDGE_LOOP('',(#1749,#1750,#1751,#1752));
#4186=EDGE_LOOP('',(#1753,#1754,#1755,#1756,#1757));
#4187=EDGE_LOOP('',(#1758,#1759,#1760,#1761));
#4188=EDGE_LOOP('',(#1762,#1763,#1764,#1765,#1766));
#4189=EDGE_LOOP('',(#1767,#1768,#1769,#1770,#1771,#1772,#1773));
#4190=EDGE_LOOP('',(#1774,#1775,#1776,#1777,#1778,#1779,#1780));
#4191=EDGE_LOOP('',(#1781,#1782,#1783,#1784,#1785,#1786,#1787));
#4192=EDGE_LOOP('',(#1788,#1789,#1790,#1791,#1792,#1793,#1794));
#4193=EDGE_LOOP('',(#1795,#1796,#1797,#1798));
#4194=EDGE_LOOP('',(#1799,#1800,#1801,#1802,#1803,#1804,#1805,#1806,#1807,
#1808));
#4195=EDGE_LOOP('',(#1809,#1810,#1811,#1812,#1813,#1814,#1815,#1816,#1817,
#1818));
#4196=EDGE_LOOP('',(#1819,#1820,#1821,#1822));
#4197=EDGE_LOOP('',(#1823,#1824,#1825,#1826,#1827,#1828,#1829));
#4198=EDGE_LOOP('',(#1830,#1831,#1832,#1833));
#4199=EDGE_LOOP('',(#1834,#1835,#1836,#1837,#1838,#1839,#1840,#1841,#1842,
#1843,#1844,#1845,#1846,#1847,#1848,#1849,#1850));
#4200=EDGE_LOOP('',(#1851,#1852,#1853,#1854,#1855,#1856,#1857,#1858,#1859,
#1860,#1861,#1862));
#4201=EDGE_LOOP('',(#1863,#1864,#1865));
#4202=EDGE_LOOP('',(#1866,#1867,#1868,#1869));
#4203=EDGE_LOOP('',(#1870,#1871,#1872,#1873,#1874));
#4204=EDGE_LOOP('',(#1875,#1876,#1877));
#4205=EDGE_LOOP('',(#1878,#1879,#1880,#1881,#1882,#1883));
#4206=EDGE_LOOP('',(#1884,#1885,#1886,#1887,#1888,#1889,#1890));
#4207=EDGE_LOOP('',(#1891,#1892,#1893,#1894,#1895,#1896,#1897,#1898,#1899,
#1900));
#4208=EDGE_LOOP('',(#1901,#1902,#1903,#1904,#1905));
#4209=EDGE_LOOP('',(#1906,#1907,#1908,#1909,#1910,#1911,#1912));
#4210=EDGE_LOOP('',(#1913,#1914,#1915,#1916));
#4211=EDGE_LOOP('',(#1917,#1918,#1919,#1920));
#4212=EDGE_LOOP('',(#1921,#1922,#1923,#1924));
#4213=EDGE_LOOP('',(#1925,#1926,#1927,#1928,#1929,#1930,#1931,#1932,#1933,
#1934));
#4214=EDGE_LOOP('',(#1935,#1936,#1937,#1938,#1939));
#4215=EDGE_LOOP('',(#1940,#1941,#1942,#1943,#1944,#1945,#1946));
#4216=EDGE_LOOP('',(#1947,#1948,#1949,#1950,#1951,#1952,#1953));
#4217=EDGE_LOOP('',(#1954,#1955,#1956,#1957,#1958));
#4218=EDGE_LOOP('',(#1959,#1960,#1961,#1962));
#4219=EDGE_LOOP('',(#1963,#1964,#1965,#1966,#1967));
#4220=EDGE_LOOP('',(#1968,#1969,#1970,#1971));
#4221=EDGE_LOOP('',(#1972,#1973,#1974,#1975));
#4222=EDGE_LOOP('',(#1976,#1977,#1978,#1979));
#4223=EDGE_LOOP('',(#1980,#1981,#1982,#1983));
#4224=EDGE_LOOP('',(#1984,#1985,#1986,#1987));
#4225=EDGE_LOOP('',(#1988,#1989,#1990,#1991));
#4226=EDGE_LOOP('',(#1992,#1993,#1994,#1995));
#4227=EDGE_LOOP('',(#1996,#1997,#1998,#1999));
#4228=EDGE_LOOP('',(#2000,#2001,#2002,#2003));
#4229=EDGE_LOOP('',(#2004,#2005,#2006,#2007,#2008));
#4230=EDGE_LOOP('',(#2009,#2010,#2011,#2012));
#4231=EDGE_LOOP('',(#2013,#2014,#2015,#2016));
#4232=EDGE_LOOP('',(#2017,#2018,#2019,#2020));
#4233=EDGE_LOOP('',(#2021,#2022,#2023,#2024));
#4234=EDGE_LOOP('',(#2025,#2026,#2027,#2028,#2029));
#4235=EDGE_LOOP('',(#2030,#2031,#2032,#2033));
#4236=EDGE_LOOP('',(#2034,#2035,#2036,#2037,#2038));
#4237=EDGE_LOOP('',(#2039,#2040,#2041,#2042,#2043,#2044));
#4238=EDGE_LOOP('',(#2045,#2046,#2047,#2048));
#4239=EDGE_LOOP('',(#2049,#2050,#2051,#2052,#2053,#2054));
#4240=EDGE_LOOP('',(#2055,#2056,#2057,#2058));
#4241=EDGE_LOOP('',(#2059,#2060,#2061,#2062));
#4242=EDGE_LOOP('',(#2063,#2064,#2065,#2066,#2067,#2068,#2069,#2070));
#4243=EDGE_LOOP('',(#2071,#2072));
#4244=EDGE_LOOP('',(#2073,#2074,#2075,#2076));
#4245=EDGE_LOOP('',(#2077,#2078,#2079,#2080,#2081,#2082));
#4246=EDGE_LOOP('',(#2083,#2084,#2085,#2086));
#4247=EDGE_LOOP('',(#2087,#2088,#2089,#2090));
#4248=EDGE_LOOP('',(#2091,#2092,#2093,#2094,#2095,#2096));
#4249=EDGE_LOOP('',(#2097,#2098,#2099,#2100));
#4250=EDGE_LOOP('',(#2101,#2102,#2103,#2104,#2105));
#4251=EDGE_LOOP('',(#2106,#2107,#2108,#2109));
#4252=EDGE_LOOP('',(#2110,#2111,#2112,#2113,#2114));
#4253=EDGE_LOOP('',(#2115,#2116,#2117,#2118));
#4254=EDGE_LOOP('',(#2119,#2120,#2121,#2122));
#4255=EDGE_LOOP('',(#2123,#2124,#2125,#2126));
#4256=EDGE_LOOP('',(#2127,#2128,#2129,#2130));
#4257=EDGE_LOOP('',(#2131,#2132,#2133,#2134,#2135));
#4258=EDGE_LOOP('',(#2136,#2137,#2138,#2139,#2140,#2141,#2142));
#4259=EDGE_LOOP('',(#2143,#2144,#2145,#2146,#2147));
#4260=EDGE_LOOP('',(#2148,#2149,#2150,#2151));
#4261=EDGE_LOOP('',(#2152,#2153,#2154,#2155));
#4262=EDGE_LOOP('',(#2156,#2157,#2158,#2159));
#4263=EDGE_LOOP('',(#2160,#2161,#2162,#2163));
#4264=EDGE_LOOP('',(#2164,#2165,#2166,#2167));
#4265=EDGE_LOOP('',(#2168,#2169,#2170,#2171));
#4266=EDGE_LOOP('',(#2172,#2173,#2174,#2175));
#4267=EDGE_LOOP('',(#2176,#2177,#2178,#2179));
#4268=EDGE_LOOP('',(#2180,#2181,#2182,#2183,#2184));
#4269=EDGE_LOOP('',(#2185,#2186,#2187,#2188,#2189));
#4270=EDGE_LOOP('',(#2190,#2191,#2192,#2193));
#4271=EDGE_LOOP('',(#2194,#2195,#2196,#2197));
#4272=EDGE_LOOP('',(#2198,#2199,#2200,#2201));
#4273=EDGE_LOOP('',(#2202,#2203,#2204,#2205));
#4274=EDGE_LOOP('',(#2206,#2207,#2208,#2209));
#4275=EDGE_LOOP('',(#2210,#2211,#2212,#2213));
#4276=EDGE_LOOP('',(#2214,#2215,#2216,#2217));
#4277=EDGE_LOOP('',(#2218,#2219,#2220,#2221,#2222,#2223));
#4278=EDGE_LOOP('',(#2224,#2225,#2226,#2227));
#4279=EDGE_LOOP('',(#2228,#2229,#2230,#2231,#2232,#2233,#2234,#2235,#2236,
#2237));
#4280=EDGE_LOOP('',(#2238,#2239));
#4281=EDGE_LOOP('',(#2240,#2241,#2242,#2243,#2244));
#4282=EDGE_LOOP('',(#2245,#2246,#2247,#2248,#2249));
#4283=EDGE_LOOP('',(#2250,#2251,#2252,#2253));
#4284=EDGE_LOOP('',(#2254,#2255,#2256,#2257));
#4285=EDGE_LOOP('',(#2258,#2259,#2260,#2261));
#4286=EDGE_LOOP('',(#2262,#2263,#2264,#2265,#2266,#2267));
#4287=EDGE_LOOP('',(#2268,#2269,#2270,#2271));
#4288=EDGE_LOOP('',(#2272,#2273,#2274,#2275,#2276));
#4289=EDGE_LOOP('',(#2277,#2278,#2279,#2280,#2281,#2282,#2283));
#4290=EDGE_LOOP('',(#2284,#2285,#2286,#2287,#2288));
#4291=FACE_BOUND('',#3981,.T.);
#4292=FACE_BOUND('',#3982,.T.);
#4293=FACE_BOUND('',#3983,.T.);
#4294=FACE_BOUND('',#3984,.T.);
#4295=FACE_BOUND('',#3985,.T.);
#4296=FACE_BOUND('',#3986,.T.);
#4297=FACE_BOUND('',#3987,.T.);
#4298=FACE_BOUND('',#3988,.T.);
#4299=FACE_BOUND('',#3989,.T.);
#4300=FACE_BOUND('',#3990,.T.);
#4301=FACE_BOUND('',#3991,.T.);
#4302=FACE_BOUND('',#3992,.T.);
#4303=FACE_BOUND('',#3993,.T.);
#4304=FACE_BOUND('',#3994,.T.);
#4305=FACE_BOUND('',#3995,.T.);
#4306=FACE_BOUND('',#3996,.T.);
#4307=FACE_BOUND('',#3997,.T.);
#4308=FACE_BOUND('',#3998,.T.);
#4309=FACE_BOUND('',#3999,.T.);
#4310=FACE_BOUND('',#4000,.T.);
#4311=FACE_BOUND('',#4001,.T.);
#4312=FACE_BOUND('',#4002,.T.);
#4313=FACE_BOUND('',#4003,.T.);
#4314=FACE_BOUND('',#4004,.T.);
#4315=FACE_BOUND('',#4005,.T.);
#4316=FACE_BOUND('',#4006,.T.);
#4317=FACE_BOUND('',#4007,.T.);
#4318=FACE_BOUND('',#4008,.T.);
#4319=FACE_BOUND('',#4009,.T.);
#4320=FACE_BOUND('',#4010,.T.);
#4321=FACE_BOUND('',#4011,.T.);
#4322=FACE_BOUND('',#4012,.T.);
#4323=FACE_BOUND('',#4013,.T.);
#4324=FACE_BOUND('',#4014,.T.);
#4325=FACE_BOUND('',#4015,.T.);
#4326=FACE_BOUND('',#4016,.T.);
#4327=FACE_BOUND('',#4017,.T.);
#4328=FACE_BOUND('',#4018,.T.);
#4329=FACE_BOUND('',#4019,.T.);
#4330=FACE_BOUND('',#4020,.T.);
#4331=FACE_BOUND('',#4021,.T.);
#4332=FACE_BOUND('',#4022,.T.);
#4333=FACE_BOUND('',#4023,.T.);
#4334=FACE_BOUND('',#4024,.T.);
#4335=FACE_BOUND('',#4025,.T.);
#4336=FACE_BOUND('',#4026,.T.);
#4337=FACE_BOUND('',#4027,.T.);
#4338=FACE_BOUND('',#4028,.T.);
#4339=FACE_BOUND('',#4029,.T.);
#4340=FACE_BOUND('',#4030,.T.);
#4341=FACE_BOUND('',#4031,.T.);
#4342=FACE_BOUND('',#4032,.T.);
#4343=FACE_BOUND('',#4033,.T.);
#4344=FACE_BOUND('',#4034,.T.);
#4345=FACE_BOUND('',#4035,.T.);
#4346=FACE_BOUND('',#4036,.T.);
#4347=FACE_BOUND('',#4037,.T.);
#4348=FACE_BOUND('',#4038,.T.);
#4349=FACE_BOUND('',#4039,.T.);
#4350=FACE_BOUND('',#4040,.T.);
#4351=FACE_BOUND('',#4041,.T.);
#4352=FACE_BOUND('',#4042,.T.);
#4353=FACE_BOUND('',#4043,.T.);
#4354=FACE_BOUND('',#4044,.T.);
#4355=FACE_BOUND('',#4045,.T.);
#4356=FACE_BOUND('',#4046,.T.);
#4357=FACE_BOUND('',#4047,.T.);
#4358=FACE_BOUND('',#4048,.T.);
#4359=FACE_BOUND('',#4049,.T.);
#4360=FACE_BOUND('',#4050,.T.);
#4361=FACE_BOUND('',#4051,.T.);
#4362=FACE_BOUND('',#4052,.T.);
#4363=FACE_BOUND('',#4053,.T.);
#4364=FACE_BOUND('',#4054,.T.);
#4365=FACE_BOUND('',#4055,.T.);
#4366=FACE_BOUND('',#4056,.T.);
#4367=FACE_BOUND('',#4057,.T.);
#4368=FACE_BOUND('',#4058,.T.);
#4369=FACE_BOUND('',#4059,.T.);
#4370=FACE_BOUND('',#4060,.T.);
#4371=FACE_BOUND('',#4061,.T.);
#4372=FACE_BOUND('',#4062,.T.);
#4373=FACE_BOUND('',#4063,.T.);
#4374=FACE_BOUND('',#4064,.T.);
#4375=FACE_BOUND('',#4065,.T.);
#4376=FACE_BOUND('',#4066,.T.);
#4377=FACE_BOUND('',#4067,.T.);
#4378=FACE_BOUND('',#4068,.T.);
#4379=FACE_BOUND('',#4069,.T.);
#4380=FACE_BOUND('',#4070,.T.);
#4381=FACE_BOUND('',#4071,.T.);
#4382=FACE_BOUND('',#4072,.T.);
#4383=FACE_BOUND('',#4073,.T.);
#4384=FACE_BOUND('',#4074,.T.);
#4385=FACE_BOUND('',#4075,.T.);
#4386=FACE_BOUND('',#4076,.T.);
#4387=FACE_BOUND('',#4077,.T.);
#4388=FACE_BOUND('',#4078,.T.);
#4389=FACE_BOUND('',#4079,.T.);
#4390=FACE_BOUND('',#4080,.T.);
#4391=FACE_BOUND('',#4081,.T.);
#4392=FACE_BOUND('',#4082,.T.);
#4393=FACE_BOUND('',#4083,.T.);
#4394=FACE_BOUND('',#4084,.T.);
#4395=FACE_BOUND('',#4085,.T.);
#4396=FACE_BOUND('',#4086,.T.);
#4397=FACE_BOUND('',#4087,.T.);
#4398=FACE_BOUND('',#4088,.T.);
#4399=FACE_BOUND('',#4089,.T.);
#4400=FACE_BOUND('',#4090,.T.);
#4401=FACE_BOUND('',#4091,.T.);
#4402=FACE_BOUND('',#4092,.T.);
#4403=FACE_BOUND('',#4093,.T.);
#4404=FACE_BOUND('',#4094,.T.);
#4405=FACE_BOUND('',#4095,.T.);
#4406=FACE_BOUND('',#4096,.T.);
#4407=FACE_BOUND('',#4097,.T.);
#4408=FACE_BOUND('',#4098,.T.);
#4409=FACE_BOUND('',#4099,.T.);
#4410=FACE_BOUND('',#4100,.T.);
#4411=FACE_BOUND('',#4101,.T.);
#4412=FACE_BOUND('',#4102,.T.);
#4413=FACE_BOUND('',#4103,.T.);
#4414=FACE_BOUND('',#4104,.T.);
#4415=FACE_BOUND('',#4105,.T.);
#4416=FACE_BOUND('',#4106,.T.);
#4417=FACE_BOUND('',#4107,.T.);
#4418=FACE_BOUND('',#4108,.T.);
#4419=FACE_BOUND('',#4109,.T.);
#4420=FACE_BOUND('',#4110,.T.);
#4421=FACE_BOUND('',#4111,.T.);
#4422=FACE_BOUND('',#4112,.T.);
#4423=FACE_BOUND('',#4113,.T.);
#4424=FACE_BOUND('',#4114,.T.);
#4425=FACE_BOUND('',#4115,.T.);
#4426=FACE_BOUND('',#4116,.T.);
#4427=FACE_BOUND('',#4117,.T.);
#4428=FACE_BOUND('',#4118,.T.);
#4429=FACE_BOUND('',#4119,.T.);
#4430=FACE_BOUND('',#4120,.T.);
#4431=FACE_BOUND('',#4121,.T.);
#4432=FACE_BOUND('',#4122,.T.);
#4433=FACE_BOUND('',#4123,.T.);
#4434=FACE_BOUND('',#4124,.T.);
#4435=FACE_BOUND('',#4125,.T.);
#4436=FACE_BOUND('',#4126,.T.);
#4437=FACE_BOUND('',#4127,.T.);
#4438=FACE_BOUND('',#4128,.T.);
#4439=FACE_BOUND('',#4129,.T.);
#4440=FACE_BOUND('',#4130,.T.);
#4441=FACE_BOUND('',#4131,.T.);
#4442=FACE_BOUND('',#4132,.T.);
#4443=FACE_BOUND('',#4133,.T.);
#4444=FACE_BOUND('',#4134,.T.);
#4445=FACE_BOUND('',#4135,.T.);
#4446=FACE_BOUND('',#4136,.T.);
#4447=FACE_BOUND('',#4137,.T.);
#4448=FACE_BOUND('',#4138,.T.);
#4449=FACE_BOUND('',#4139,.T.);
#4450=FACE_BOUND('',#4140,.T.);
#4451=FACE_BOUND('',#4141,.T.);
#4452=FACE_BOUND('',#4142,.T.);
#4453=FACE_BOUND('',#4143,.T.);
#4454=FACE_BOUND('',#4144,.T.);
#4455=FACE_BOUND('',#4145,.T.);
#4456=FACE_BOUND('',#4146,.T.);
#4457=FACE_BOUND('',#4147,.T.);
#4458=FACE_BOUND('',#4148,.T.);
#4459=FACE_BOUND('',#4149,.T.);
#4460=FACE_BOUND('',#4150,.T.);
#4461=FACE_BOUND('',#4151,.T.);
#4462=FACE_BOUND('',#4152,.T.);
#4463=FACE_BOUND('',#4153,.T.);
#4464=FACE_BOUND('',#4154,.T.);
#4465=FACE_BOUND('',#4155,.T.);
#4466=FACE_BOUND('',#4156,.T.);
#4467=FACE_BOUND('',#4157,.T.);
#4468=FACE_BOUND('',#4158,.T.);
#4469=FACE_BOUND('',#4159,.T.);
#4470=FACE_BOUND('',#4160,.T.);
#4471=FACE_BOUND('',#4161,.T.);
#4472=FACE_BOUND('',#4162,.T.);
#4473=FACE_BOUND('',#4163,.T.);
#4474=FACE_BOUND('',#4164,.T.);
#4475=FACE_BOUND('',#4165,.T.);
#4476=FACE_BOUND('',#4166,.T.);
#4477=FACE_BOUND('',#4167,.T.);
#4478=FACE_BOUND('',#4168,.T.);
#4479=FACE_BOUND('',#4169,.T.);
#4480=FACE_BOUND('',#4170,.T.);
#4481=FACE_BOUND('',#4171,.T.);
#4482=FACE_BOUND('',#4172,.T.);
#4483=FACE_BOUND('',#4173,.T.);
#4484=FACE_BOUND('',#4174,.T.);
#4485=FACE_BOUND('',#4175,.T.);
#4486=FACE_BOUND('',#4176,.T.);
#4487=FACE_BOUND('',#4177,.T.);
#4488=FACE_BOUND('',#4178,.T.);
#4489=FACE_BOUND('',#4179,.T.);
#4490=FACE_BOUND('',#4180,.T.);
#4491=FACE_BOUND('',#4181,.T.);
#4492=FACE_BOUND('',#4182,.T.);
#4493=FACE_BOUND('',#4183,.T.);
#4494=FACE_BOUND('',#4184,.T.);
#4495=FACE_BOUND('',#4185,.T.);
#4496=FACE_BOUND('',#4186,.T.);
#4497=FACE_BOUND('',#4187,.T.);
#4498=FACE_BOUND('',#4188,.T.);
#4499=FACE_BOUND('',#4189,.T.);
#4500=FACE_BOUND('',#4190,.T.);
#4501=FACE_BOUND('',#4191,.T.);
#4502=FACE_BOUND('',#4192,.T.);
#4503=FACE_BOUND('',#4193,.T.);
#4504=FACE_BOUND('',#4194,.T.);
#4505=FACE_BOUND('',#4195,.T.);
#4506=FACE_BOUND('',#4196,.T.);
#4507=FACE_BOUND('',#4197,.T.);
#4508=FACE_BOUND('',#4198,.T.);
#4509=FACE_BOUND('',#4199,.T.);
#4510=FACE_BOUND('',#4200,.T.);
#4511=FACE_BOUND('',#4201,.T.);
#4512=FACE_BOUND('',#4202,.T.);
#4513=FACE_BOUND('',#4203,.T.);
#4514=FACE_BOUND('',#4204,.T.);
#4515=FACE_BOUND('',#4205,.T.);
#4516=FACE_BOUND('',#4206,.T.);
#4517=FACE_BOUND('',#4207,.T.);
#4518=FACE_BOUND('',#4208,.T.);
#4519=FACE_BOUND('',#4209,.T.);
#4520=FACE_BOUND('',#4210,.T.);
#4521=FACE_BOUND('',#4211,.T.);
#4522=FACE_BOUND('',#4212,.T.);
#4523=FACE_BOUND('',#4213,.T.);
#4524=FACE_BOUND('',#4214,.T.);
#4525=FACE_BOUND('',#4215,.T.);
#4526=FACE_BOUND('',#4216,.T.);
#4527=FACE_BOUND('',#4217,.T.);
#4528=FACE_BOUND('',#4218,.T.);
#4529=FACE_BOUND('',#4219,.T.);
#4530=FACE_BOUND('',#4220,.T.);
#4531=FACE_BOUND('',#4221,.T.);
#4532=FACE_BOUND('',#4222,.T.);
#4533=FACE_BOUND('',#4223,.T.);
#4534=FACE_BOUND('',#4224,.T.);
#4535=FACE_BOUND('',#4225,.T.);
#4536=FACE_BOUND('',#4226,.T.);
#4537=FACE_BOUND('',#4227,.T.);
#4538=FACE_BOUND('',#4228,.T.);
#4539=FACE_BOUND('',#4229,.T.);
#4540=FACE_BOUND('',#4230,.T.);
#4541=FACE_BOUND('',#4231,.T.);
#4542=FACE_BOUND('',#4232,.T.);
#4543=FACE_BOUND('',#4233,.T.);
#4544=FACE_BOUND('',#4234,.T.);
#4545=FACE_BOUND('',#4235,.T.);
#4546=FACE_BOUND('',#4236,.T.);
#4547=FACE_BOUND('',#4237,.T.);
#4548=FACE_BOUND('',#4238,.T.);
#4549=FACE_BOUND('',#4239,.T.);
#4550=FACE_BOUND('',#4240,.T.);
#4551=FACE_BOUND('',#4241,.T.);
#4552=FACE_BOUND('',#4242,.T.);
#4553=FACE_BOUND('',#4243,.T.);
#4554=FACE_BOUND('',#4244,.T.);
#4555=FACE_BOUND('',#4245,.T.);
#4556=FACE_BOUND('',#4246,.T.);
#4557=FACE_BOUND('',#4247,.T.);
#4558=FACE_BOUND('',#4248,.T.);
#4559=FACE_BOUND('',#4249,.T.);
#4560=FACE_BOUND('',#4250,.T.);
#4561=FACE_BOUND('',#4251,.T.);
#4562=FACE_BOUND('',#4252,.T.);
#4563=FACE_BOUND('',#4253,.T.);
#4564=FACE_BOUND('',#4254,.T.);
#4565=FACE_BOUND('',#4255,.T.);
#4566=FACE_BOUND('',#4256,.T.);
#4567=FACE_BOUND('',#4257,.T.);
#4568=FACE_BOUND('',#4258,.T.);
#4569=FACE_BOUND('',#4259,.T.);
#4570=FACE_BOUND('',#4260,.T.);
#4571=FACE_BOUND('',#4261,.T.);
#4572=FACE_BOUND('',#4262,.T.);
#4573=FACE_BOUND('',#4263,.T.);
#4574=FACE_BOUND('',#4264,.T.);
#4575=FACE_BOUND('',#4265,.T.);
#4576=FACE_BOUND('',#4266,.T.);
#4577=FACE_BOUND('',#4267,.T.);
#4578=FACE_BOUND('',#4268,.T.);
#4579=FACE_BOUND('',#4269,.T.);
#4580=FACE_BOUND('',#4270,.T.);
#4581=FACE_BOUND('',#4271,.T.);
#4582=FACE_BOUND('',#4272,.T.);
#4583=FACE_BOUND('',#4273,.T.);
#4584=FACE_BOUND('',#4274,.T.);
#4585=FACE_BOUND('',#4275,.T.);
#4586=FACE_BOUND('',#4276,.T.);
#4587=FACE_BOUND('',#4277,.T.);
#4588=FACE_BOUND('',#4278,.T.);
#4589=FACE_BOUND('',#4279,.T.);
#4590=FACE_BOUND('',#4280,.T.);
#4591=FACE_BOUND('',#4281,.T.);
#4592=FACE_BOUND('',#4282,.T.);
#4593=FACE_BOUND('',#4283,.T.);
#4594=FACE_BOUND('',#4284,.T.);
#4595=FACE_BOUND('',#4285,.T.);
#4596=FACE_BOUND('',#4286,.T.);
#4597=FACE_BOUND('',#4287,.T.);
#4598=FACE_BOUND('',#4288,.T.);
#4599=FACE_BOUND('',#4289,.T.);
#4600=FACE_BOUND('',#4290,.T.);
#4601=B_SPLINE_SURFACE_WITH_KNOTS('',3,1,((#6412,#6413),(#6414,#6415),(#6416,
#6417),(#6418,#6419)),.SURF_OF_LINEAR_EXTRUSION.,.F.,.F.,.F.,(4,4),(2,2),
(0.94862214674684,1.80485136513946),(0.,1.),.PIECEWISE_BEZIER_KNOTS.);
#4602=B_SPLINE_SURFACE_WITH_KNOTS('',3,1,((#6437,#6438),(#6439,#6440),(#6441,
#6442),(#6443,#6444),(#6445,#6446)),.SURF_OF_LINEAR_EXTRUSION.,.F.,.F.,
 .F.,(4,1,4),(2,2),(0.948622146746837,1.5154081345391,2.08219412233136),
(0.,1.),.UNSPECIFIED.);
#4603=B_SPLINE_SURFACE_WITH_KNOTS('',3,1,((#6502,#6503),(#6504,#6505),(#6506,
#6507),(#6508,#6509),(#6510,#6511),(#6512,#6513),(#6514,#6515)),
 .SURF_OF_LINEAR_EXTRUSION.,.F.,.F.,.F.,(4,1,1,1,4),(2,2),(2.19297050684296,
2.9783686702404,3.76376683363785,4.5491649970353,5.33456316043275),(0.,
1.),.UNSPECIFIED.);
#4604=B_SPLINE_SURFACE_WITH_KNOTS('',3,1,((#6526,#6527),(#6528,#6529),(#6530,
#6531),(#6532,#6533)),.SURF_OF_LINEAR_EXTRUSION.,.F.,.F.,.F.,(4,4),(2,2),
(0.027976065222725,0.622174180034783),(0.,1.),.PIECEWISE_BEZIER_KNOTS.);
#4605=B_SPLINE_SURFACE_WITH_KNOTS('',3,1,((#6545,#6546),(#6547,#6548),(#6549,
#6550),(#6551,#6552)),.SURF_OF_LINEAR_EXTRUSION.,.F.,.F.,.F.,(4,4),(2,2),
(4.68802452440269,5.47342269040442),(0.,1.),.PIECEWISE_BEZIER_KNOTS.);
#4606=B_SPLINE_SURFACE_WITH_KNOTS('',3,1,((#6564,#6565),(#6566,#6567),(#6568,
#6569),(#6570,#6571)),.SURF_OF_LINEAR_EXTRUSION.,.F.,.F.,.F.,(4,4),(2,2),
(5.66101112714454,6.4464092905295),(0.,1.),.PIECEWISE_BEZIER_KNOTS.);
#4607=B_SPLINE_SURFACE_WITH_KNOTS('',3,1,((#6583,#6584),(#6585,#6586),(#6587,
#6588),(#6589,#6590)),.SURF_OF_LINEAR_EXTRUSION.,.F.,.F.,.F.,(4,4),(2,2),
(1.96999605475947,2.75539421816109),(0.,1.),.PIECEWISE_BEZIER_KNOTS.);
#4608=B_SPLINE_SURFACE_WITH_KNOTS('',3,1,((#6612,#6613),(#6614,#6615),(#6616,
#6617),(#6618,#6619)),.SURF_OF_LINEAR_EXTRUSION.,.F.,.F.,.F.,(4,4),(2,2),
(5.6610111271446,6.3075681829944),(0.,1.),.PIECEWISE_BEZIER_KNOTS.);
#4609=B_SPLINE_SURFACE_WITH_KNOTS('',3,1,((#6639,#6640),(#6641,#6642),(#6643,
#6644),(#6645,#6646)),.SURF_OF_LINEAR_EXTRUSION.,.F.,.F.,.F.,(4,4),(2,2),
(2.19297050684268,2.30321709852443),(0.,1.),.PIECEWISE_BEZIER_KNOTS.);
#4610=B_SPLINE_SURFACE_WITH_KNOTS('',3,1,((#6676,#6677),(#6678,#6679),(#6680,
#6681),(#6682,#6683)),.SURF_OF_LINEAR_EXTRUSION.,.F.,.F.,.F.,(4,4),(2,2),
(1.80825575633614,2.48456639878211),(0.,1.),.PIECEWISE_BEZIER_KNOTS.);
#4611=B_SPLINE_SURFACE_WITH_KNOTS('',3,1,((#6720,#6721),(#6722,#6723),(#6724,
#6725),(#6726,#6727)),.SURF_OF_LINEAR_EXTRUSION.,.F.,.F.,.F.,(4,4),(2,2),
(4.84805596680728,5.22220925752208),(0.,1.),.PIECEWISE_BEZIER_KNOTS.);
#4612=B_SPLINE_SURFACE_WITH_KNOTS('',3,1,((#6738,#6739),(#6740,#6741),(#6742,
#6743),(#6744,#6745)),.SURF_OF_LINEAR_EXTRUSION.,.F.,.F.,.F.,(4,4),(2,2),
(3.3920830995374,4.14456275028993),(0.,1.),.PIECEWISE_BEZIER_KNOTS.);
#4613=B_SPLINE_SURFACE_WITH_KNOTS('',3,1,((#6782,#6783),(#6784,#6785),(#6786,
#6787),(#6788,#6789)),.SURF_OF_LINEAR_EXTRUSION.,.F.,.F.,.F.,(4,4),(2,2),
(1.95699093426353,2.7423890976574),(0.,1.),.PIECEWISE_BEZIER_KNOTS.);
#4614=B_SPLINE_SURFACE_WITH_KNOTS('',3,1,((#6820,#6821),(#6822,#6823),(#6824,
#6825),(#6826,#6827)),.SURF_OF_LINEAR_EXTRUSION.,.F.,.F.,.F.,(4,4),(2,2),
(5.64596489638538,6.39225130139161),(0.,1.),.PIECEWISE_BEZIER_KNOTS.);
#4615=B_SPLINE_SURFACE_WITH_KNOTS('',3,1,((#6845,#6846),(#6847,#6848),(#6849,
#6850),(#6851,#6852)),.SURF_OF_LINEAR_EXTRUSION.,.F.,.F.,.F.,(4,4),(2,2),
(1.75056245096788,2.48574313476079),(0.,1.),.PIECEWISE_BEZIER_KNOTS.);
#4616=B_SPLINE_SURFACE_WITH_KNOTS('',3,1,((#6870,#6871),(#6872,#6873),(#6874,
#6875),(#6876,#6877)),.SURF_OF_LINEAR_EXTRUSION.,.F.,.F.,.F.,(4,4),(2,2),
(5.93584262353178,6.90554226251842),(0.,1.),.PIECEWISE_BEZIER_KNOTS.);
#4617=B_SPLINE_SURFACE_WITH_KNOTS('',3,1,((#6893,#6894),(#6895,#6896),(#6897,
#6898),(#6899,#6900)),.SURF_OF_LINEAR_EXTRUSION.,.F.,.F.,.F.,(4,4),(2,2),
(1.75672580343962,2.57440445149525),(0.,1.),.PIECEWISE_BEZIER_KNOTS.);
#4618=B_SPLINE_SURFACE_WITH_KNOTS('',3,1,((#6937,#6938),(#6939,#6940),(#6941,
#6942),(#6943,#6944)),.SURF_OF_LINEAR_EXTRUSION.,.F.,.F.,.F.,(4,4),(2,2),
(3.79861890839725,4.73545214159354),(0.,1.),.PIECEWISE_BEZIER_KNOTS.);
#4619=B_SPLINE_SURFACE_WITH_KNOTS('',3,1,((#6956,#6957),(#6958,#6959),(#6960,
#6961),(#6962,#6963)),.SURF_OF_LINEAR_EXTRUSION.,.F.,.F.,.F.,(4,4),(2,2),
(0.948622146746682,1.05886873842856),(0.,1.),.PIECEWISE_BEZIER_KNOTS.);
#4620=B_SPLINE_SURFACE_WITH_KNOTS('',3,1,((#6971,#6972),(#6973,#6974),(#6975,
#6976),(#6977,#6978)),.SURF_OF_LINEAR_EXTRUSION.,.F.,.F.,.F.,(4,4),(2,2),
(5.66082835184071,6.68011848151797),(0.,1.),.PIECEWISE_BEZIER_KNOTS.);
#4621=B_SPLINE_SURFACE_WITH_KNOTS('',3,1,((#6983,#6984),(#6985,#6986),(#6987,
#6988),(#6989,#6990),(#6991,#6992)),.SURF_OF_LINEAR_EXTRUSION.,.F.,.F.,
 .F.,(4,1,4),(2,2),(1.88798173168075,3.45877805847565,5.02957438527055),
(0.,1.),.UNSPECIFIED.);
#4622=B_SPLINE_SURFACE_WITH_KNOTS('',3,1,((#7021,#7022),(#7023,#7024),(#7025,
#7026),(#7027,#7028),(#7029,#7030)),.SURF_OF_LINEAR_EXTRUSION.,.F.,.F.,
 .F.,(4,1,4),(2,2),(5.02957437535774,6.60037070710904,8.17116703886035),
(0.,1.),.UNSPECIFIED.);
#4623=B_SPLINE_SURFACE_WITH_KNOTS('',3,1,((#7068,#7069),(#7070,#7071),(#7072,
#7073),(#7074,#7075),(#7076,#7077),(#7078,#7079),(#7080,#7081)),
 .SURF_OF_LINEAR_EXTRUSION.,.F.,.F.,.F.,(4,1,1,1,4),(2,2),(1.92282647727972,
2.46467355804394,3.00652063880817,3.5483677195724,4.09021480033663),(0.,
1.),.UNSPECIFIED.);
#4624=B_SPLINE_SURFACE_WITH_KNOTS('',3,1,((#7098,#7099),(#7100,#7101),(#7102,
#7103),(#7104,#7105)),.SURF_OF_LINEAR_EXTRUSION.,.F.,.F.,.F.,(4,4),(2,2),
(5.94162923309385,6.90554226251831),(0.,1.),.PIECEWISE_BEZIER_KNOTS.);
#4625=B_SPLINE_SURFACE_WITH_KNOTS('',3,1,((#7125,#7126),(#7127,#7128),(#7129,
#7130),(#7131,#7132)),.SURF_OF_LINEAR_EXTRUSION.,.F.,.F.,.F.,(4,4),(2,2),
(5.66101112703752,6.30363028795671),(0.,1.),.PIECEWISE_BEZIER_KNOTS.);
#4626=B_SPLINE_SURFACE_WITH_KNOTS('',3,1,((#7144,#7145),(#7146,#7147),(#7148,
#7149),(#7150,#7151)),.SURF_OF_LINEAR_EXTRUSION.,.F.,.F.,.F.,(4,4),(2,2),
(2.19297050684265,2.30321709852432),(0.,1.),.PIECEWISE_BEZIER_KNOTS.);
#4627=B_SPLINE_SURFACE_WITH_KNOTS('',3,1,((#7163,#7164),(#7165,#7166),(#7167,
#7168),(#7169,#7170)),.SURF_OF_LINEAR_EXTRUSION.,.F.,.F.,.F.,(4,4),(2,2),
(0.948622146746594,1.05886873842856),(0.,1.),.PIECEWISE_BEZIER_KNOTS.);
#4628=B_SPLINE_SURFACE_WITH_KNOTS('',3,1,((#7179,#7180),(#7181,#7182),(#7183,
#7184),(#7185,#7186)),.SURF_OF_LINEAR_EXTRUSION.,.F.,.F.,.F.,(4,4),(2,2),
(1.74615133085644,2.4857431347609),(0.,1.),.PIECEWISE_BEZIER_KNOTS.);
#4629=B_SPLINE_SURFACE_WITH_KNOTS('',3,1,((#7207,#7208),(#7209,#7210),(#7211,
#7212),(#7213,#7214)),.SURF_OF_LINEAR_EXTRUSION.,.F.,.F.,.F.,(4,4),(2,2),
(5.66101112714433,6.44640929052949),(0.,1.),.PIECEWISE_BEZIER_KNOTS.);
#4630=B_SPLINE_SURFACE_WITH_KNOTS('',3,1,((#7225,#7226),(#7227,#7228),(#7229,
#7230),(#7231,#7232)),.SURF_OF_LINEAR_EXTRUSION.,.F.,.F.,.F.,(4,4),(2,2),
(1.59516078018257,2.38055894357851),(0.,1.),.PIECEWISE_BEZIER_KNOTS.);
#4631=B_SPLINE_SURFACE_WITH_KNOTS('',3,1,((#7244,#7245),(#7246,#7247),(#7248,
#7249),(#7250,#7251)),.SURF_OF_LINEAR_EXTRUSION.,.F.,.F.,.F.,(4,4),(2,2),
(3.763766833624,4.55630392651891),(0.,1.),.PIECEWISE_BEZIER_KNOTS.);
#4632=B_SPLINE_SURFACE_WITH_KNOTS('',3,1,((#7288,#7289),(#7290,#7291),(#7292,
#7293),(#7294,#7295)),.SURF_OF_LINEAR_EXTRUSION.,.F.,.F.,.F.,(4,4),(2,2),
(5.88398557923534,6.66938374260833),(0.,1.),.PIECEWISE_BEZIER_KNOTS.);
#4633=B_SPLINE_SURFACE_WITH_KNOTS('',3,1,((#7317,#7318),(#7319,#7320),(#7321,
#7322),(#7323,#7324)),.SURF_OF_LINEAR_EXTRUSION.,.F.,.F.,.F.,(4,4),(2,2),
(1.834452171845,2.48456639878209),(0.,1.),.PIECEWISE_BEZIER_KNOTS.);
#4634=B_SPLINE_SURFACE_WITH_KNOTS('',3,1,((#7361,#7362),(#7363,#7364),(#7365,
#7366),(#7367,#7368)),.SURF_OF_LINEAR_EXTRUSION.,.F.,.F.,.F.,(4,4),(2,2),
(3.79861890839734,4.73543012743388),(0.,1.),.PIECEWISE_BEZIER_KNOTS.);
#4635=B_SPLINE_SURFACE_WITH_KNOTS('',3,1,((#7380,#7381),(#7382,#7383),(#7384,
#7385),(#7386,#7387)),.SURF_OF_LINEAR_EXTRUSION.,.F.,.F.,.F.,(4,4),(2,2),
(4.84805596680767,5.22445425815332),(0.,1.),.PIECEWISE_BEZIER_KNOTS.);
#4636=B_SPLINE_SURFACE_WITH_KNOTS('',3,1,((#7404,#7405),(#7406,#7407),(#7408,
#7409),(#7410,#7411)),.SURF_OF_LINEAR_EXTRUSION.,.F.,.F.,.F.,(4,4),(2,2),
(4.52773555924964,5.2847570840109),(0.,1.),.PIECEWISE_BEZIER_KNOTS.);
#4637=B_SPLINE_SURFACE_WITH_KNOTS('',3,1,((#7436,#7437),(#7438,#7439),(#7440,
#7441),(#7442,#7443)),.SURF_OF_LINEAR_EXTRUSION.,.F.,.F.,.F.,(4,4),(2,2),
(4.3261943729154,5.11159253633752),(0.,1.),.PIECEWISE_BEZIER_KNOTS.);
#4638=B_SPLINE_SURFACE_WITH_KNOTS('',3,1,((#7477,#7478),(#7479,#7480),(#7481,
#7482),(#7483,#7484)),.SURF_OF_LINEAR_EXTRUSION.,.F.,.F.,.F.,(4,4),(2,2),
(1.75672580343958,2.57440445149528),(0.,1.),.PIECEWISE_BEZIER_KNOTS.);
#4639=B_SPLINE_SURFACE_WITH_KNOTS('',3,1,((#7493,#7494),(#7495,#7496),(#7497,
#7498),(#7499,#7500)),.SURF_OF_LINEAR_EXTRUSION.,.F.,.F.,.F.,(4,4),(2,2),
(3.19386190034699,3.58687757621465),(0.,1.),.PIECEWISE_BEZIER_KNOTS.);
#4640=B_SPLINE_SURFACE_WITH_KNOTS('',3,1,((#7514,#7515),(#7516,#7517),(#7518,
#7519),(#7520,#7521)),.SURF_OF_LINEAR_EXTRUSION.,.F.,.F.,.F.,(4,4),(2,2),
(0.948622146746834,1.84497504675267),(0.,1.),.PIECEWISE_BEZIER_KNOTS.);
#4641=B_SPLINE_SURFACE_WITH_KNOTS('',3,1,((#7530,#7531),(#7532,#7533),(#7534,
#7535),(#7536,#7537)),.SURF_OF_LINEAR_EXTRUSION.,.F.,.F.,.F.,(4,4),(2,2),
(5.28825700275403,5.68127267862306),(0.,1.),.PIECEWISE_BEZIER_KNOTS.);
#4642=B_SPLINE_SURFACE_WITH_KNOTS('',3,1,((#7551,#7552),(#7553,#7554),(#7555,
#7556),(#7557,#7558)),.SURF_OF_LINEAR_EXTRUSION.,.F.,.F.,.F.,(4,4),(2,2),
(1.09946679795398,1.4924824738327),(0.,1.),.PIECEWISE_BEZIER_KNOTS.);
#4643=B_SPLINE_SURFACE_WITH_KNOTS('',3,1,((#7589,#7590),(#7591,#7592),(#7593,
#7594),(#7595,#7596)),.SURF_OF_LINEAR_EXTRUSION.,.F.,.F.,.F.,(4,4),(2,2),
(4.43821026042681,4.83122593630456),(0.,1.),.PIECEWISE_BEZIER_KNOTS.);
#4644=B_SPLINE_SURFACE_WITH_KNOTS('',3,1,((#7607,#7608),(#7609,#7610),(#7611,
#7612),(#7613,#7614)),.SURF_OF_LINEAR_EXTRUSION.,.F.,.F.,.F.,(4,4),(2,2),
(2.34381515804927,2.7368308339217),(0.,1.),.PIECEWISE_BEZIER_KNOTS.);
#4645=B_SPLINE_SURFACE_WITH_KNOTS('',3,1,((#7622,#7623),(#7624,#7625),(#7626,
#7627),(#7628,#7629)),.SURF_OF_LINEAR_EXTRUSION.,.F.,.F.,.F.,(4,4),(2,2),
(4.09021480033663,5.0270908032998),(0.,1.),.PIECEWISE_BEZIER_KNOTS.);
#4646=B_SPLINE_SURFACE_WITH_KNOTS('',3,1,((#7637,#7638),(#7639,#7640),(#7641,
#7642),(#7643,#7644)),.SURF_OF_LINEAR_EXTRUSION.,.F.,.F.,.F.,(4,4),(2,2),
(0.249420055647514,0.642435731513005),(0.,1.),.PIECEWISE_BEZIER_KNOTS.);
#4647=B_SPLINE_SURFACE_WITH_KNOTS('',3,1,((#7658,#7659),(#7660,#7661),(#7662,
#7663),(#7664,#7665)),.SURF_OF_LINEAR_EXTRUSION.,.F.,.F.,.F.,(4,4),(2,2),
(5.64596489638538,6.39225130139163),(0.,1.),.PIECEWISE_BEZIER_KNOTS.);
#4648=B_SPLINE_SURFACE_WITH_KNOTS('',3,1,((#7691,#7692),(#7693,#7694),(#7695,
#7696),(#7697,#7698),(#7699,#7700)),.SURF_OF_LINEAR_EXTRUSION.,.F.,.F.,
 .F.,(4,1,4),(2,2),(1.8879817316807,3.45877805847565,5.0295743852706),(0.,
1.),.UNSPECIFIED.);
#4649=B_SPLINE_SURFACE_WITH_KNOTS('',3,1,((#7720,#7721),(#7722,#7723),(#7724,
#7725),(#7726,#7727)),.SURF_OF_LINEAR_EXTRUSION.,.F.,.F.,.F.,(4,4),(2,2),
(5.66082835184068,6.68011848151797),(0.,1.),.PIECEWISE_BEZIER_KNOTS.);
#4650=B_SPLINE_SURFACE_WITH_KNOTS('',3,1,((#7742,#7743),(#7744,#7745),(#7746,
#7747),(#7748,#7749),(#7750,#7751)),.SURF_OF_LINEAR_EXTRUSION.,.F.,.F.,
 .F.,(4,1,4),(2,2),(5.02957437535772,6.60037070710906,8.17116703886041),
(0.,1.),.UNSPECIFIED.);
#4651=B_SPLINE_SURFACE_WITH_KNOTS('',3,1,((#7795,#7796),(#7797,#7798),(#7799,
#7800),(#7801,#7802),(#7803,#7804),(#7805,#7806),(#7807,#7808)),
 .SURF_OF_LINEAR_EXTRUSION.,.F.,.F.,.F.,(4,1,1,1,4),(2,2),(5.33456316043275,
6.1199613238302,6.90535948722765,7.69075765062509,8.47615581402254),(0.,
1.),.UNSPECIFIED.);
#4652=B_SPLINE_SURFACE_WITH_KNOTS('',3,1,((#7816,#7817),(#7818,#7819),(#7820,
#7821),(#7822,#7823)),.SURF_OF_LINEAR_EXTRUSION.,.F.,.F.,.F.,(4,4),(2,2),
(6.25882085380399,7.04896591725984),(0.,1.),.PIECEWISE_BEZIER_KNOTS.);
#4653=B_SPLINE_SURFACE_WITH_KNOTS('',3,1,((#7840,#7841),(#7842,#7843),(#7844,
#7845),(#7846,#7847),(#7848,#7849),(#7850,#7851),(#7852,#7853)),
 .SURF_OF_LINEAR_EXTRUSION.,.F.,.F.,.F.,(4,1,1,1,4),(2,2),(0.622174180034755,
1.4075723434322,2.19297050682965,2.97836867022711,3.76376683362456),(0.,
1.),.UNSPECIFIED.);
#4654=B_SPLINE_SURFACE_WITH_KNOTS('',3,1,((#7859,#7860),(#7861,#7862),(#7863,
#7864),(#7865,#7866)),.SURF_OF_LINEAR_EXTRUSION.,.F.,.F.,.F.,(4,4),(2,2),
(0.0279760652226964,0.622174180034754),(0.,1.),.PIECEWISE_BEZIER_KNOTS.);
#4655=B_SPLINE_SURFACE_WITH_KNOTS('',3,3,((#7942,#7943,#7944,#7945),(#7946,
#7947,#7948,#7949),(#7950,#7951,#7952,#7953),(#7954,#7955,#7956,#7957),
(#7958,#7959,#7960,#7961)),.UNSPECIFIED.,.F.,.F.,.F.,(4,1,4),(4,4),(0.0263776058238277,
0.0297918234300192,0.0397224312400257),(1.21848161874748,1.26277095634836),
 .UNSPECIFIED.);
#4656=B_SPLINE_SURFACE_WITH_KNOTS('',3,3,((#7984,#7985,#7986,#7987),(#7988,
#7989,#7990,#7991),(#7992,#7993,#7994,#7995),(#7996,#7997,#7998,#7999),
(#8000,#8001,#8002,#8003),(#8004,#8005,#8006,#8007),(#8008,#8009,#8010,
#8011)),.UNSPECIFIED.,.F.,.F.,.F.,(4,1,2,4),(4,4),(0.,0.00993060781000642,
0.0198612156200128,0.0216080323805541),(1.24927221762082,1.30045476509321),
 .UNSPECIFIED.);
#4657=B_SPLINE_SURFACE_WITH_KNOTS('',3,3,((#8022,#8023,#8024,#8025),(#8026,
#8027,#8028,#8029),(#8030,#8031,#8032,#8033),(#8034,#8035,#8036,#8037)),
 .UNSPECIFIED.,.F.,.F.,.F.,(4,4),(4,4),(0.,1.),(4.26151647037262E-16,0.435399715087632),
 .PIECEWISE_BEZIER_KNOTS.);
#4658=B_SPLINE_SURFACE_WITH_KNOTS('',3,3,((#8075,#8076,#8077,#8078),(#8079,
#8080,#8081,#8082),(#8083,#8084,#8085,#8086),(#8087,#8088,#8089,#8090)),
 .UNSPECIFIED.,.F.,.F.,.F.,(4,4),(4,4),(0.,1.),(0.0623905838484565,0.201298671300599),
 .PIECEWISE_BEZIER_KNOTS.);
#4659=B_SPLINE_SURFACE_WITH_KNOTS('',3,1,((#8110,#8111),(#8112,#8113),(#8114,
#8115),(#8116,#8117)),.SURF_OF_LINEAR_EXTRUSION.,.F.,.F.,.F.,(4,4),(2,2),
(1.78943418365154,2.00964753970031),(0.,1.),.PIECEWISE_BEZIER_KNOTS.);
#4660=B_SPLINE_SURFACE_WITH_KNOTS('',3,3,((#8126,#8127,#8128,#8129,#8130,
#8131,#8132),(#8133,#8134,#8135,#8136,#8137,#8138,#8139),(#8140,#8141,#8142,
#8143,#8144,#8145,#8146),(#8147,#8148,#8149,#8150,#8151,#8152,#8153),(#8154,
#8155,#8156,#8157,#8158,#8159,#8160)),.UNSPECIFIED.,.F.,.F.,.F.,(4,1,4),
(4,1,1,1,4),(0.,0.571428571428571,1.),(0.0216549182312768,0.0549408581389317,
0.0771314847440349,0.0882267980465865,0.0993221113491382),.UNSPECIFIED.);
#4661=B_SPLINE_SURFACE_WITH_KNOTS('',3,3,((#8177,#8178,#8179,#8180),(#8181,
#8182,#8183,#8184),(#8185,#8186,#8187,#8188),(#8189,#8190,#8191,#8192),
(#8193,#8194,#8195,#8196),(#8197,#8198,#8199,#8200)),.UNSPECIFIED.,.F.,
 .F.,.F.,(4,2,4),(4,4),(0.00225344928218501,0.00993060781000642,0.0178456795720234),
(1.28908911615405,1.32076635490547),.UNSPECIFIED.);
#4662=B_SPLINE_SURFACE_WITH_KNOTS('',3,3,((#8256,#8257,#8258,#8259,#8260,
#8261,#8262,#8263,#8264),(#8265,#8266,#8267,#8268,#8269,#8270,#8271,#8272,
#8273),(#8274,#8275,#8276,#8277,#8278,#8279,#8280,#8281,#8282),(#8283,#8284,
#8285,#8286,#8287,#8288,#8289,#8290,#8291),(#8292,#8293,#8294,#8295,#8296,
#8297,#8298,#8299,#8300)),.UNSPECIFIED.,.F.,.F.,.F.,(4,1,4),(4,1,1,1,1,
1,4),(0.,0.571428571428571,1.),(0.,0.00357718818242065,0.00715437636484131,
0.010731564547262,0.0143087527296826,0.0429262581890478,0.100161269107778),
 .UNSPECIFIED.);
#4663=B_SPLINE_SURFACE_WITH_KNOTS('',3,1,((#8313,#8314),(#8315,#8316),(#8317,
#8318),(#8319,#8320)),.SURF_OF_LINEAR_EXTRUSION.,.F.,.F.,.F.,(4,4),(2,2),
(1.58798460145391,1.72536934954938),(0.,1.),.PIECEWISE_BEZIER_KNOTS.);
#4664=B_SPLINE_SURFACE_WITH_KNOTS('',3,1,((#8331,#8332),(#8333,#8334),(#8335,
#8336),(#8337,#8338)),.SURF_OF_LINEAR_EXTRUSION.,.F.,.F.,.F.,(4,4),(2,2),
(1.16911533011053,1.30546910353197),(0.,1.),.PIECEWISE_BEZIER_KNOTS.);
#4665=B_SPLINE_SURFACE_WITH_KNOTS('',3,1,((#8360,#8361),(#8362,#8363),(#8364,
#8365),(#8366,#8367),(#8368,#8369),(#8370,#8371),(#8372,#8373)),
 .SURF_OF_LINEAR_EXTRUSION.,.F.,.F.,.F.,(4,3,4),(2,2),(0.0262008917988202,
0.319436521250398,0.335278094837945),(0.0793054900757224,0.196446163970712),
 .PIECEWISE_BEZIER_KNOTS.);
#4666=B_SPLINE_SURFACE_WITH_KNOTS('',3,3,((#8395,#8396,#8397,#8398),(#8399,
#8400,#8401,#8402),(#8403,#8404,#8405,#8406),(#8407,#8408,#8409,#8410)),
 .UNSPECIFIED.,.F.,.F.,.F.,(4,4),(4,4),(0.,1.),(0.953760203696514,1.19020743698747),
 .PIECEWISE_BEZIER_KNOTS.);
#4667=B_SPLINE_SURFACE_WITH_KNOTS('',3,3,((#8435,#8436,#8437,#8438),(#8439,
#8440,#8441,#8442),(#8443,#8444,#8445,#8446),(#8447,#8448,#8449,#8450),
(#8451,#8452,#8453,#8454)),.SURF_OF_LINEAR_EXTRUSION.,.F.,.F.,.F.,(4,1,
4),(4,4),(0.,0.5,1.),(2.4923460738179E-14,0.115751654046432),
 .UNSPECIFIED.);
#4668=B_SPLINE_SURFACE_WITH_KNOTS('',3,3,((#8472,#8473,#8474,#8475,#8476,
#8477,#8478),(#8479,#8480,#8481,#8482,#8483,#8484,#8485),(#8486,#8487,#8488,
#8489,#8490,#8491,#8492),(#8493,#8494,#8495,#8496,#8497,#8498,#8499),(#8500,
#8501,#8502,#8503,#8504,#8505,#8506)),.SURF_OF_LINEAR_EXTRUSION.,.F.,.F.,
 .F.,(4,1,4),(4,3,4),(0.,0.571428571428571,1.),(0.,0.10685589272291,0.109149113667938),
 .UNSPECIFIED.);
#4669=B_SPLINE_SURFACE_WITH_KNOTS('',3,1,((#8520,#8521),(#8522,#8523),(#8524,
#8525),(#8526,#8527)),.SURF_OF_LINEAR_EXTRUSION.,.F.,.F.,.F.,(4,4),(2,2),
(1.25099910247429,1.7505624509888),(0.,1.),.PIECEWISE_BEZIER_KNOTS.);
#4670=B_SPLINE_SURFACE_WITH_KNOTS('',3,3,((#8575,#8576,#8577,#8578),(#8579,
#8580,#8581,#8582),(#8583,#8584,#8585,#8586),(#8587,#8588,#8589,#8590),
(#8591,#8592,#8593,#8594),(#8595,#8596,#8597,#8598),(#8599,#8600,#8601,
#8602),(#8603,#8604,#8605,#8606),(#8607,#8608,#8609,#8610),(#8611,#8612,
#8613,#8614)),.UNSPECIFIED.,.F.,.F.,.F.,(4,3,1,1,1,4),(4,4),(-0.00603914733471097,
0.,0.285714285714286,0.571428571428571,0.857142857142857,1.),(0.375780362875401,
0.560911677130264),.UNSPECIFIED.);
#4671=B_SPLINE_SURFACE_WITH_KNOTS('',3,1,((#8634,#8635),(#8636,#8637),(#8638,
#8639),(#8640,#8641)),.SURF_OF_LINEAR_EXTRUSION.,.F.,.F.,.F.,(4,4),(2,2),
(0.568156663805698,0.804510228056547),(0.,1.),.PIECEWISE_BEZIER_KNOTS.);
#4672=B_SPLINE_SURFACE_WITH_KNOTS('',3,3,((#8655,#8656,#8657,#8658,#8659,
#8660,#8661),(#8662,#8663,#8664,#8665,#8666,#8667,#8668),(#8669,#8670,#8671,
#8672,#8673,#8674,#8675),(#8676,#8677,#8678,#8679,#8680,#8681,#8682),(#8683,
#8684,#8685,#8686,#8687,#8688,#8689),(#8690,#8691,#8692,#8693,#8694,#8695,
#8696),(#8697,#8698,#8699,#8700,#8701,#8702,#8703),(#8704,#8705,#8706,#8707,
#8708,#8709,#8710),(#8711,#8712,#8713,#8714,#8715,#8716,#8717),(#8718,#8719,
#8720,#8721,#8722,#8723,#8724),(#8725,#8726,#8727,#8728,#8729,#8730,#8731)),
 .SURF_OF_LINEAR_EXTRUSION.,.F.,.F.,.F.,(4,1,3,3,4),(4,3,4),(0.,0.5,1.,
1.07762021884745,1.08408594016044),(0.0504289588746046,0.0506212560242558,
0.0795701102198327),.UNSPECIFIED.);
#4673=B_SPLINE_SURFACE_WITH_KNOTS('',3,1,((#8745,#8746),(#8747,#8748),(#8749,
#8750),(#8751,#8752)),.SURF_OF_LINEAR_EXTRUSION.,.F.,.F.,.F.,(4,4),(2,2),
(-0.268152726639976,-0.264066495121765),(0.195584134281291,0.223839134659622),
 .PIECEWISE_BEZIER_KNOTS.);
#4674=B_SPLINE_SURFACE_WITH_KNOTS('',3,3,((#8757,#8758,#8759,#8760,#8761,
#8762),(#8763,#8764,#8765,#8766,#8767,#8768),(#8769,#8770,#8771,#8772,#8773,
#8774),(#8775,#8776,#8777,#8778,#8779,#8780),(#8781,#8782,#8783,#8784,#8785,
#8786)),.UNSPECIFIED.,.F.,.F.,.F.,(4,1,4),(4,2,4),(0.,0.571428571428571,
1.),(0.0569643161509517,0.0582616104434895,0.0873641647616017),
 .UNSPECIFIED.);
#4675=B_SPLINE_SURFACE_WITH_KNOTS('',3,3,((#8793,#8794,#8795,#8796,#8797,
#8798),(#8799,#8800,#8801,#8802,#8803,#8804),(#8805,#8806,#8807,#8808,#8809,
#8810),(#8811,#8812,#8813,#8814,#8815,#8816),(#8817,#8818,#8819,#8820,#8821,
#8822)),.UNSPECIFIED.,.F.,.F.,.F.,(4,1,4),(4,2,4),(0.,0.5,1.),(-0.0609059514072971,
-0.00871909701412947,0.0020706568029635),.UNSPECIFIED.);
#4676=B_SPLINE_SURFACE_WITH_KNOTS('',3,3,((#8836,#8837,#8838,#8839),(#8840,
#8841,#8842,#8843),(#8844,#8845,#8846,#8847),(#8848,#8849,#8850,#8851),
(#8852,#8853,#8854,#8855)),.UNSPECIFIED.,.F.,.F.,.F.,(4,1,4),(4,4),(0.,
0.571428571428571,1.),(-0.179575652520068,-0.0303638907252338),
 .UNSPECIFIED.);
#4677=B_SPLINE_SURFACE_WITH_KNOTS('',3,3,((#8860,#8861,#8862,#8863,#8864),
(#8865,#8866,#8867,#8868,#8869),(#8870,#8871,#8872,#8873,#8874),(#8875,
#8876,#8877,#8878,#8879),(#8880,#8881,#8882,#8883,#8884),(#8885,#8886,#8887,
#8888,#8889),(#8890,#8891,#8892,#8893,#8894),(#8895,#8896,#8897,#8898,#8899),
(#8900,#8901,#8902,#8903,#8904),(#8905,#8906,#8907,#8908,#8909)),
 .UNSPECIFIED.,.F.,.F.,.F.,(4,1,1,1,3,4),(4,1,4),(0.,0.285714285714286,
0.571428571428571,0.857142857142857,1.,1.00600193361837),(-0.0825316918887971,
-0.0458852519267289,-0.00923881196466081),.UNSPECIFIED.);
#4678=B_SPLINE_SURFACE_WITH_KNOTS('',3,3,((#8914,#8915,#8916,#8917),(#8918,
#8919,#8920,#8921),(#8922,#8923,#8924,#8925),(#8926,#8927,#8928,#8929),
(#8930,#8931,#8932,#8933)),.UNSPECIFIED.,.F.,.F.,.F.,(4,1,4),(4,4),(0.,
0.571428571428571,1.),(0.,0.198853575908159),.UNSPECIFIED.);
#4679=B_SPLINE_SURFACE_WITH_KNOTS('',3,3,((#8938,#8939,#8940,#8941),(#8942,
#8943,#8944,#8945),(#8946,#8947,#8948,#8949),(#8950,#8951,#8952,#8953)),
 .UNSPECIFIED.,.F.,.F.,.F.,(4,4),(4,4),(0.,1.),(0.,0.106434298719663),
 .PIECEWISE_BEZIER_KNOTS.);
#4680=B_SPLINE_SURFACE_WITH_KNOTS('',3,3,((#8958,#8959,#8960,#8961,#8962,
#8963,#8964),(#8965,#8966,#8967,#8968,#8969,#8970,#8971),(#8972,#8973,#8974,
#8975,#8976,#8977,#8978),(#8979,#8980,#8981,#8982,#8983,#8984,#8985),(#8986,
#8987,#8988,#8989,#8990,#8991,#8992),(#8993,#8994,#8995,#8996,#8997,#8998,
#8999),(#9000,#9001,#9002,#9003,#9004,#9005,#9006)),.UNSPECIFIED.,.F.,.F.,
 .F.,(4,1,1,1,4),(4,1,1,1,4),(0.,0.285714285714286,0.5,0.785714285714286,
1.),(0.,0.0230199336017938,0.0460398672035876,0.0633048174049329,0.0805697676062783),
 .UNSPECIFIED.);
#4681=B_SPLINE_SURFACE_WITH_KNOTS('',3,3,((#9011,#9012,#9013,#9014),(#9015,
#9016,#9017,#9018),(#9019,#9020,#9021,#9022),(#9023,#9024,#9025,#9026),
(#9027,#9028,#9029,#9030),(#9031,#9032,#9033,#9034)),.UNSPECIFIED.,.F.,
 .F.,.F.,(4,1,1,4),(4,4),(0.,0.285714285714286,0.571428571428571,1.),(-2.03119475052195E-16,
0.0091759485926891),.UNSPECIFIED.);
#4682=B_SPLINE_SURFACE_WITH_KNOTS('',3,3,((#9035,#9036,#9037,#9038),(#9039,
#9040,#9041,#9042),(#9043,#9044,#9045,#9046),(#9047,#9048,#9049,#9050)),
 .UNSPECIFIED.,.F.,.F.,.F.,(4,4),(4,4),(0.132997874031959,1.),(0.,0.0713670185564601),
 .PIECEWISE_BEZIER_KNOTS.);
#4683=B_SPLINE_SURFACE_WITH_KNOTS('',3,3,((#9060,#9061,#9062,#9063),(#9064,
#9065,#9066,#9067),(#9068,#9069,#9070,#9071),(#9072,#9073,#9074,#9075),
(#9076,#9077,#9078,#9079)),.UNSPECIFIED.,.F.,.F.,.F.,(4,1,4),(4,4),(0.,
0.571428571428571,1.),(0.,0.0749370455999245),.UNSPECIFIED.);
#4684=B_SPLINE_SURFACE_WITH_KNOTS('',3,3,((#9094,#9095,#9096,#9097),(#9098,
#9099,#9100,#9101),(#9102,#9103,#9104,#9105),(#9106,#9107,#9108,#9109),
(#9110,#9111,#9112,#9113)),.SURF_OF_LINEAR_EXTRUSION.,.F.,.F.,.F.,(4,1,
4),(4,4),(0.,0.571428571428571,1.),(0.,0.0221541392928472),
 .UNSPECIFIED.);
#4685=B_SPLINE_SURFACE_WITH_KNOTS('',3,3,((#9127,#9128,#9129,#9130,#9131,
#9132),(#9133,#9134,#9135,#9136,#9137,#9138),(#9139,#9140,#9141,#9142,#9143,
#9144),(#9145,#9146,#9147,#9148,#9149,#9150),(#9151,#9152,#9153,#9154,#9155,
#9156)),.UNSPECIFIED.,.F.,.F.,.F.,(4,1,4),(4,1,1,4),(0.,0.571428571428571,
1.),(0.,0.0331641609182938,0.0552736015304897,0.0773830421426856),
 .UNSPECIFIED.);
#4686=B_SPLINE_SURFACE_WITH_KNOTS('',3,3,((#9167,#9168,#9169,#9170),(#9171,
#9172,#9173,#9174),(#9175,#9176,#9177,#9178),(#9179,#9180,#9181,#9182)),
 .UNSPECIFIED.,.F.,.F.,.F.,(4,4),(4,4),(0.,1.),(4.37815387973548E-13,0.0769469580519915),
 .PIECEWISE_BEZIER_KNOTS.);
#4687=B_SPLINE_SURFACE_WITH_KNOTS('',3,1,((#9191,#9192),(#9193,#9194),(#9195,
#9196),(#9197,#9198)),.SURF_OF_LINEAR_EXTRUSION.,.F.,.F.,.F.,(4,4),(2,2),
(6.17411931296769,7.8711699086335),(0.,1.),.PIECEWISE_BEZIER_KNOTS.);
#4688=B_SPLINE_SURFACE_WITH_KNOTS('',3,3,((#9201,#9202,#9203,#9204),(#9205,
#9206,#9207,#9208),(#9209,#9210,#9211,#9212),(#9213,#9214,#9215,#9216),
(#9217,#9218,#9219,#9220),(#9221,#9222,#9223,#9224),(#9225,#9226,#9227,
#9228)),.RULED_SURF.,.F.,.F.,.F.,(4,3,4),(4,4),(-0.00784113954811658,0.,
1.),(0.0111765976960624,0.410309451576623),.PIECEWISE_BEZIER_KNOTS.);
#4689=B_SPLINE_SURFACE_WITH_KNOTS('',3,1,((#9291,#9292),(#9293,#9294),(#9295,
#9296),(#9297,#9298)),.SURF_OF_LINEAR_EXTRUSION.,.F.,.F.,.F.,(4,4),(2,2),
(0.917126147849737,1.34259680317078),(0.,1.),.PIECEWISE_BEZIER_KNOTS.);
#4690=B_SPLINE_SURFACE_WITH_KNOTS('',3,3,((#9314,#9315,#9316,#9317),(#9318,
#9319,#9320,#9321),(#9322,#9323,#9324,#9325),(#9326,#9327,#9328,#9329)),
 .UNSPECIFIED.,.F.,.F.,.F.,(4,4),(4,4),(0.,1.),(0.0133334321007463,0.325039523640731),
 .PIECEWISE_BEZIER_KNOTS.);
#4691=B_SPLINE_SURFACE_WITH_KNOTS('',3,3,((#9340,#9341,#9342,#9343,#9344),
(#9345,#9346,#9347,#9348,#9349),(#9350,#9351,#9352,#9353,#9354),(#9355,
#9356,#9357,#9358,#9359)),.UNSPECIFIED.,.F.,.F.,.F.,(4,4),(4,1,4),(0.,1.),
(0.734281442700755,0.838365794285666,0.977144929732213),.UNSPECIFIED.);
#4692=B_SPLINE_SURFACE_WITH_KNOTS('',3,3,((#9372,#9373,#9374,#9375,#9376,
#9377,#9378),(#9379,#9380,#9381,#9382,#9383,#9384,#9385),(#9386,#9387,#9388,
#9389,#9390,#9391,#9392),(#9393,#9394,#9395,#9396,#9397,#9398,#9399)),
 .UNSPECIFIED.,.F.,.F.,.F.,(4,4),(4,1,1,1,4),(0.,1.),(0.,0.00730205343046492,
0.0109530801456974,0.0219061602913948,0.0511143740132545),.UNSPECIFIED.);
#4693=B_SPLINE_SURFACE_WITH_KNOTS('',3,3,((#9419,#9420,#9421,#9422,#9423,
#9424),(#9425,#9426,#9427,#9428,#9429,#9430),(#9431,#9432,#9433,#9434,#9435,
#9436),(#9437,#9438,#9439,#9440,#9441,#9442)),.UNSPECIFIED.,.F.,.F.,.F.,
(4,4),(4,2,4),(0.13472400279772,1.),(-0.167753604822599,0.0236250890468227,
0.073237112362015),.UNSPECIFIED.);
#4694=B_SPLINE_SURFACE_WITH_KNOTS('',3,1,((#9452,#9453),(#9454,#9455),(#9456,
#9457),(#9458,#9459)),.SURF_OF_LINEAR_EXTRUSION.,.F.,.F.,.F.,(4,4),(2,2),
(0.182440375697304,0.412167143378921),(0.,1.),.PIECEWISE_BEZIER_KNOTS.);
#4695=B_SPLINE_SURFACE_WITH_KNOTS('',3,1,((#9509,#9510),(#9511,#9512),(#9513,
#9514),(#9515,#9516)),.SURF_OF_LINEAR_EXTRUSION.,.F.,.F.,.F.,(4,4),(2,2),
(0.663064141594796,0.728128963384386),(0.,1.),.PIECEWISE_BEZIER_KNOTS.);
#4696=B_SPLINE_SURFACE_WITH_KNOTS('',3,3,((#9531,#9532,#9533,#9534,#9535,
#9536,#9537,#9538),(#9539,#9540,#9541,#9542,#9543,#9544,#9545,#9546),(#9547,
#9548,#9549,#9550,#9551,#9552,#9553,#9554),(#9555,#9556,#9557,#9558,#9559,
#9560,#9561,#9562),(#9563,#9564,#9565,#9566,#9567,#9568,#9569,#9570),(#9571,
#9572,#9573,#9574,#9575,#9576,#9577,#9578),(#9579,#9580,#9581,#9582,#9583,
#9584,#9585,#9586)),.UNSPECIFIED.,.F.,.F.,.F.,(4,1,1,1,4),(4,1,1,1,1,4),
(0.,0.285714285714286,0.571428571428571,0.857142857142857,1.),(0.132277642859493,
0.14567472369092,0.154606110911872,0.159071804522348,0.161304651327586,
0.163537498132824),.UNSPECIFIED.);
#4697=B_SPLINE_SURFACE_WITH_KNOTS('',3,3,((#9606,#9607,#9608,#9609,#9610,
#9611,#9612,#9613,#9614,#9615),(#9616,#9617,#9618,#9619,#9620,#9621,#9622,
#9623,#9624,#9625),(#9626,#9627,#9628,#9629,#9630,#9631,#9632,#9633,#9634,
#9635),(#9636,#9637,#9638,#9639,#9640,#9641,#9642,#9643,#9644,#9645),(#9646,
#9647,#9648,#9649,#9650,#9651,#9652,#9653,#9654,#9655)),.UNSPECIFIED.,.F.,
 .F.,.F.,(4,1,4),(4,1,1,1,1,1,1,4),(0.,0.571428571428571,1.),(1.93150849948427E-16,
0.00225220287057609,0.00450440574115199,0.00675660861172789,0.00900881148230378,
0.0135132172234556,0.0180176229646074,0.0315308401880628),.UNSPECIFIED.);
#4698=B_SPLINE_SURFACE_WITH_KNOTS('',3,3,((#9664,#9665,#9666,#9667),(#9668,
#9669,#9670,#9671),(#9672,#9673,#9674,#9675),(#9676,#9677,#9678,#9679)),
 .UNSPECIFIED.,.F.,.F.,.F.,(4,4),(4,4),(0.,1.),(0.920035777507281,1.1159963056334),
 .PIECEWISE_BEZIER_KNOTS.);
#4699=B_SPLINE_SURFACE_WITH_KNOTS('',3,3,((#9681,#9682,#9683,#9684,#9685,
#9686,#9687,#9688),(#9689,#9690,#9691,#9692,#9693,#9694,#9695,#9696),(#9697,
#9698,#9699,#9700,#9701,#9702,#9703,#9704),(#9705,#9706,#9707,#9708,#9709,
#9710,#9711,#9712),(#9713,#9714,#9715,#9716,#9717,#9718,#9719,#9720),(#9721,
#9722,#9723,#9724,#9725,#9726,#9727,#9728),(#9729,#9730,#9731,#9732,#9733,
#9734,#9735,#9736),(#9737,#9738,#9739,#9740,#9741,#9742,#9743,#9744)),
 .UNSPECIFIED.,.F.,.F.,.F.,(4,1,3,4),(4,1,1,1,1,4),(0.,0.571428571428571,
1.,1.00989514027991),(1.3936032608562E-16,0.0343732081163181,0.0572886801938634,
0.068746416232636,0.0744752842520223,0.0802041522714086),.UNSPECIFIED.);
#4700=B_SPLINE_SURFACE_WITH_KNOTS('',3,3,((#9749,#9750,#9751,#9752),(#9753,
#9754,#9755,#9756),(#9757,#9758,#9759,#9760),(#9761,#9762,#9763,#9764),
(#9765,#9766,#9767,#9768),(#9769,#9770,#9771,#9772),(#9773,#9774,#9775,
#9776),(#9777,#9778,#9779,#9780),(#9781,#9782,#9783,#9784),(#9785,#9786,
#9787,#9788)),.UNSPECIFIED.,.F.,.F.,.F.,(4,3,1,1,1,4),(4,4),(-0.0060824189427896,
0.,0.285714285714286,0.571428571428571,0.857142857142857,1.),(0.101896121931824,
0.181535556744902),.UNSPECIFIED.);
#4701=B_SPLINE_SURFACE_WITH_KNOTS('',3,3,((#9815,#9816,#9817,#9818),(#9819,
#9820,#9821,#9822),(#9823,#9824,#9825,#9826),(#9827,#9828,#9829,#9830),
(#9831,#9832,#9833,#9834)),.UNSPECIFIED.,.F.,.F.,.F.,(4,1,4),(4,4),(0.,
0.571428571428571,1.),(0.0870752180030792,0.249459370625367),
 .UNSPECIFIED.);
#4702=B_SPLINE_SURFACE_WITH_KNOTS('',3,3,((#9839,#9840,#9841,#9842,#9843,
#9844,#9845,#9846,#9847,#9848),(#9849,#9850,#9851,#9852,#9853,#9854,#9855,
#9856,#9857,#9858),(#9859,#9860,#9861,#9862,#9863,#9864,#9865,#9866,#9867,
#9868),(#9869,#9870,#9871,#9872,#9873,#9874,#9875,#9876,#9877,#9878),(#9879,
#9880,#9881,#9882,#9883,#9884,#9885,#9886,#9887,#9888),(#9889,#9890,#9891,
#9892,#9893,#9894,#9895,#9896,#9897,#9898),(#9899,#9900,#9901,#9902,#9903,
#9904,#9905,#9906,#9907,#9908)),.UNSPECIFIED.,.F.,.F.,.F.,(4,3,4),(4,2,
2,2,4),(-2.39829390923201,1.,1.03398293909232),(0.0555204583458468,0.0907689769605129,
0.0927525566101655,0.144141072205601,0.230981443463719),.UNSPECIFIED.);
#4703=B_SPLINE_SURFACE_WITH_KNOTS('',3,3,((#9909,#9910,#9911,#9912),(#9913,
#9914,#9915,#9916),(#9917,#9918,#9919,#9920),(#9921,#9922,#9923,#9924),
(#9925,#9926,#9927,#9928)),.UNSPECIFIED.,.F.,.F.,.F.,(4,1,4),(4,4),(0.,
0.00993060781000638,0.0133380372421156),(1.20771946390931,1.26283514415058),
 .UNSPECIFIED.);
#4704=B_SPLINE_SURFACE_WITH_KNOTS('',3,3,((#9956,#9957,#9958,#9959),(#9960,
#9961,#9962,#9963),(#9964,#9965,#9966,#9967),(#9968,#9969,#9970,#9971)),
 .UNSPECIFIED.,.F.,.F.,.F.,(4,4),(4,4),(0.,0.0597610394278739),(-1.35077063497296E-16,
0.0235181549760468),.PIECEWISE_BEZIER_KNOTS.);
#4705=B_SPLINE_SURFACE_WITH_KNOTS('',3,1,((#10011,#10012),(#10013,#10014),
(#10015,#10016),(#10017,#10018),(#10019,#10020)),
 .SURF_OF_LINEAR_EXTRUSION.,.F.,.F.,.F.,(4,1,4),(2,2),(5.24773389979695,
6.1846099027371,7.12148590567725),(0.,1.),.UNSPECIFIED.);
#4706=B_SPLINE_SURFACE_WITH_KNOTS('',3,1,((#10026,#10027),(#10028,#10029),
(#10030,#10031),(#10032,#10033),(#10034,#10035)),
 .SURF_OF_LINEAR_EXTRUSION.,.F.,.F.,.F.,(4,1,4),(2,2),(1.05894369499637,
1.99581969794749,2.93269570089862),(0.,1.),.UNSPECIFIED.);
#4707=B_SPLINE_SURFACE_WITH_KNOTS('',3,1,((#10041,#10042),(#10043,#10044),
(#10045,#10046),(#10047,#10048)),.SURF_OF_LINEAR_EXTRUSION.,.F.,.F.,.F.,
(4,4),(2,2),(4.24105945154363,6.03376525153229),(0.,1.),
 .PIECEWISE_BEZIER_KNOTS.);
#4708=B_SPLINE_SURFACE_WITH_KNOTS('',3,1,((#10058,#10059),(#10060,#10061),
(#10062,#10063),(#10064,#10065)),.SURF_OF_LINEAR_EXTRUSION.,.F.,.F.,.F.,
(4,4),(2,2),(2.14666434916408,3.93937014913003),(0.,1.),
 .PIECEWISE_BEZIER_KNOTS.);
#4709=B_SPLINE_SURFACE_WITH_KNOTS('',3,3,((#10082,#10083,#10084,#10085),
(#10086,#10087,#10088,#10089),(#10090,#10091,#10092,#10093),(#10094,#10095,
#10096,#10097),(#10098,#10099,#10100,#10101),(#10102,#10103,#10104,#10105),
(#10106,#10107,#10108,#10109)),.UNSPECIFIED.,.F.,.F.,.F.,(4,1,1,1,4),(4,
4),(0.,0.285714285714286,0.571428571428571,0.857142857142857,1.),(0.251897461308239,
0.436435166946319),.UNSPECIFIED.);
#4710=B_SPLINE_SURFACE_WITH_KNOTS('',3,1,((#10136,#10137),(#10138,#10139),
(#10140,#10141),(#10142,#10143)),.SURF_OF_LINEAR_EXTRUSION.,.F.,.F.,.F.,
(4,4),(2,2),(1.25099920442409,1.75056245096825),(0.,1.),
 .PIECEWISE_BEZIER_KNOTS.);
#4711=B_SPLINE_SURFACE_WITH_KNOTS('',3,3,((#10181,#10182,#10183,#10184,
#10185,#10186),(#10187,#10188,#10189,#10190,#10191,#10192),(#10193,#10194,
#10195,#10196,#10197,#10198),(#10199,#10200,#10201,#10202,#10203,#10204),
(#10205,#10206,#10207,#10208,#10209,#10210),(#10211,#10212,#10213,#10214,
#10215,#10216),(#10217,#10218,#10219,#10220,#10221,#10222),(#10223,#10224,
#10225,#10226,#10227,#10228)),.UNSPECIFIED.,.F.,.F.,.F.,(4,1,3,4),(4,2,
4),(0.,0.571428571428571,1.,1.00625010044381),(8.93583689058426E-16,0.364756671026677,
0.374595280494228),.UNSPECIFIED.);
#4712=B_SPLINE_SURFACE_WITH_KNOTS('',3,3,((#10247,#10248,#10249,#10250),
(#10251,#10252,#10253,#10254),(#10255,#10256,#10257,#10258),(#10259,#10260,
#10261,#10262)),.UNSPECIFIED.,.F.,.F.,.F.,(4,4),(4,4),(0.,1.),(5.07570563594982E-17,
0.106434298719667),.PIECEWISE_BEZIER_KNOTS.);
#4713=B_SPLINE_SURFACE_WITH_KNOTS('',3,3,((#10267,#10268,#10269,#10270,
#10271,#10272,#10273,#10274),(#10275,#10276,#10277,#10278,#10279,#10280,
#10281,#10282),(#10283,#10284,#10285,#10286,#10287,#10288,#10289,#10290),
(#10291,#10292,#10293,#10294,#10295,#10296,#10297,#10298),(#10299,#10300,
#10301,#10302,#10303,#10304,#10305,#10306),(#10307,#10308,#10309,#10310,
#10311,#10312,#10313,#10314)),.UNSPECIFIED.,.F.,.F.,.F.,(4,1,1,4),(4,1,
1,1,1,4),(0.,0.285714285714286,0.571428571428571,1.),(0.,0.0191598979291309,
0.0383197958582618,0.0638663264304363,0.0766395917165235,0.0894128570026108),
 .UNSPECIFIED.);
#4714=B_SPLINE_SURFACE_WITH_KNOTS('',3,3,((#10319,#10320,#10321,#10322),
(#10323,#10324,#10325,#10326),(#10327,#10328,#10329,#10330),(#10331,#10332,
#10333,#10334)),.UNSPECIFIED.,.F.,.F.,.F.,(4,4),(4,4),(0.,1.),(0.0536173992436528,
0.244932689608479),.PIECEWISE_BEZIER_KNOTS.);
#4715=B_SPLINE_SURFACE_WITH_KNOTS('',3,1,((#10356,#10357),(#10358,#10359),
(#10360,#10361),(#10362,#10363)),.SURF_OF_LINEAR_EXTRUSION.,.F.,.F.,.F.,
(4,4),(2,2),(1.58798460145391,1.72536934954938),(0.,1.),
 .PIECEWISE_BEZIER_KNOTS.);
#4716=B_SPLINE_SURFACE_WITH_KNOTS('',3,1,((#10368,#10369),(#10370,#10371),
(#10372,#10373),(#10374,#10375)),.SURF_OF_LINEAR_EXTRUSION.,.F.,.F.,.F.,
(4,4),(2,2),(1.55360805213584,3.25065864780162),(0.,1.),
 .PIECEWISE_BEZIER_KNOTS.);
#4717=B_SPLINE_SURFACE_WITH_KNOTS('',3,3,((#10378,#10379,#10380,#10381),
(#10382,#10383,#10384,#10385),(#10386,#10387,#10388,#10389),(#10390,#10391,
#10392,#10393),(#10394,#10395,#10396,#10397),(#10398,#10399,#10400,#10401),
(#10402,#10403,#10404,#10405)),.RULED_SURF.,.F.,.F.,.F.,(4,3,4),(4,4),(-0.00784113954855916,
0.,1.),(-0.410309451576624,-0.0111765976960725),
 .PIECEWISE_BEZIER_KNOTS.);
#4718=B_SPLINE_SURFACE_WITH_KNOTS('',3,1,((#10485,#10486),(#10487,#10488),
(#10489,#10490),(#10491,#10492)),.SURF_OF_LINEAR_EXTRUSION.,.F.,.F.,.F.,
(4,4),(2,2),(1.36926366734334,1.79473432267047),(0.,1.),
 .PIECEWISE_BEZIER_KNOTS.);
#4719=B_SPLINE_SURFACE_WITH_KNOTS('',3,3,((#10507,#10508,#10509,#10510,
#10511),(#10512,#10513,#10514,#10515,#10516),(#10517,#10518,#10519,#10520,
#10521),(#10522,#10523,#10524,#10525,#10526)),.UNSPECIFIED.,.F.,.F.,.F.,
(4,4),(4,1,4),(0.,1.),(0.585899572619539,0.69000109687196,0.828803129208522),
 .UNSPECIFIED.);
#4720=B_SPLINE_SURFACE_WITH_KNOTS('',3,3,((#10534,#10535,#10536,#10537),
(#10538,#10539,#10540,#10541),(#10542,#10543,#10544,#10545),(#10546,#10547,
#10548,#10549)),.UNSPECIFIED.,.F.,.F.,.F.,(4,4),(4,4),(0.,1.),(-0.325158674953597,
-0.0133334321007297),.PIECEWISE_BEZIER_KNOTS.);
#4721=B_SPLINE_SURFACE_WITH_KNOTS('',3,3,((#10555,#10556,#10557,#10558,
#10559,#10560,#10561),(#10562,#10563,#10564,#10565,#10566,#10567,#10568),
(#10569,#10570,#10571,#10572,#10573,#10574,#10575),(#10576,#10577,#10578,
#10579,#10580,#10581,#10582)),.UNSPECIFIED.,.F.,.F.,.F.,(4,4),(4,1,1,1,
4),(0.,1.),(7.42018870523866E-16,0.0219186856297459,0.0365311427162427,
0.0438373712594911,0.0511435998027395),.UNSPECIFIED.);
#4722=B_SPLINE_SURFACE_WITH_KNOTS('',3,1,((#10618,#10619),(#10620,#10621),
(#10622,#10623),(#10624,#10625)),.SURF_OF_LINEAR_EXTRUSION.,.F.,.F.,.F.,
(4,4),(2,2),(5.82226836043907,6.05201614910235),(0.,1.),
 .PIECEWISE_BEZIER_KNOTS.);
#4723=B_SPLINE_SURFACE_WITH_KNOTS('',3,3,((#10677,#10678,#10679,#10680),
(#10681,#10682,#10683,#10684),(#10685,#10686,#10687,#10688),(#10689,#10690,
#10691,#10692)),.UNSPECIFIED.,.F.,.F.,.F.,(4,4),(4,4),(0.,1.),(0.,0.195956845580727),
 .PIECEWISE_BEZIER_KNOTS.);
#4724=B_SPLINE_SURFACE_WITH_KNOTS('',3,3,((#10698,#10699,#10700,#10701,
#10702,#10703,#10704,#10705),(#10706,#10707,#10708,#10709,#10710,#10711,
#10712,#10713),(#10714,#10715,#10716,#10717,#10718,#10719,#10720,#10721),
(#10722,#10723,#10724,#10725,#10726,#10727,#10728,#10729),(#10730,#10731,
#10732,#10733,#10734,#10735,#10736,#10737)),.UNSPECIFIED.,.F.,.F.,.F.,(4,
1,4),(4,1,1,1,1,4),(0.,0.571428571428571,1.),(0.,0.0135138433363442,0.0225230722272403,
0.0270276866726883,0.0292799938954123,0.0315323011181364),.UNSPECIFIED.);
#4725=B_SPLINE_SURFACE_WITH_KNOTS('',3,3,((#10753,#10754,#10755,#10756,
#10757,#10758,#10759,#10760),(#10761,#10762,#10763,#10764,#10765,#10766,
#10767,#10768),(#10769,#10770,#10771,#10772,#10773,#10774,#10775,#10776),
(#10777,#10778,#10779,#10780,#10781,#10782,#10783,#10784),(#10785,#10786,
#10787,#10788,#10789,#10790,#10791,#10792),(#10793,#10794,#10795,#10796,
#10797,#10798,#10799,#10800),(#10801,#10802,#10803,#10804,#10805,#10806,
#10807,#10808)),.UNSPECIFIED.,.F.,.F.,.F.,(4,1,1,1,4),(4,1,1,1,1,4),(0.,
0.285714285714286,0.571428571428571,0.857142857142857,1.),(0.101044212846586,
0.103275151170563,0.105506089494541,0.109967966142497,0.114429842790452,
0.132277349382274),.UNSPECIFIED.);
#4726=B_SPLINE_SURFACE_WITH_KNOTS('',3,3,((#10821,#10822,#10823,#10824,
#10825,#10826,#10827,#10828),(#10829,#10830,#10831,#10832,#10833,#10834,
#10835,#10836),(#10837,#10838,#10839,#10840,#10841,#10842,#10843,#10844),
(#10845,#10846,#10847,#10848,#10849,#10850,#10851,#10852),(#10853,#10854,
#10855,#10856,#10857,#10858,#10859,#10860),(#10861,#10862,#10863,#10864,
#10865,#10866,#10867,#10868),(#10869,#10870,#10871,#10872,#10873,#10874,
#10875,#10876),(#10877,#10878,#10879,#10880,#10881,#10882,#10883,#10884)),
 .UNSPECIFIED.,.F.,.F.,.F.,(4,1,3,4),(4,1,1,1,1,4),(0.,0.571428571428571,
1.,1.0092632821951),(0.,0.00572182833804826,0.0114436566760965,0.0228873133521931,
0.0457746267043861,0.0801055967326757),.UNSPECIFIED.);
#4727=B_SPLINE_SURFACE_WITH_KNOTS('',3,3,((#10889,#10890,#10891,#10892),
(#10893,#10894,#10895,#10896),(#10897,#10898,#10899,#10900),(#10901,#10902,
#10903,#10904),(#10905,#10906,#10907,#10908),(#10909,#10910,#10911,#10912),
(#10913,#10914,#10915,#10916),(#10917,#10918,#10919,#10920),(#10921,#10922,
#10923,#10924),(#10925,#10926,#10927,#10928)),.UNSPECIFIED.,.F.,.F.,.F.,
(4,1,1,1,3,4),(4,4),(0.,0.285714285714286,0.571428571428571,0.857142857142857,
1.,1.00608212435972),(0.101894557318555,0.181506165659894),
 .UNSPECIFIED.);
#4728=B_SPLINE_SURFACE_WITH_KNOTS('',3,3,((#10950,#10951,#10952,#10953,
#10954,#10955,#10956,#10957),(#10958,#10959,#10960,#10961,#10962,#10963,
#10964,#10965),(#10966,#10967,#10968,#10969,#10970,#10971,#10972,#10973),
(#10974,#10975,#10976,#10977,#10978,#10979,#10980,#10981),(#10982,#10983,
#10984,#10985,#10986,#10987,#10988,#10989),(#10990,#10991,#10992,#10993,
#10994,#10995,#10996,#10997),(#10998,#10999,#11000,#11001,#11002,#11003,
#11004,#11005)),.UNSPECIFIED.,.F.,.F.,.F.,(4,1,1,1,4),(4,3,1,4),(0.,0.285714285714286,
0.571428571428571,0.857142857142857,1.),(0.0082919016521765,0.00870835781602508,
0.0434129911749048,0.0781176245337845),.UNSPECIFIED.);
#4729=B_SPLINE_SURFACE_WITH_KNOTS('',3,3,((#11027,#11028,#11029,#11030),
(#11031,#11032,#11033,#11034),(#11035,#11036,#11037,#11038),(#11039,#11040,
#11041,#11042),(#11043,#11044,#11045,#11046),(#11047,#11048,#11049,#11050),
(#11051,#11052,#11053,#11054)),.UNSPECIFIED.,.F.,.F.,.F.,(4,1,1,1,4),(4,
4),(0.,0.285714285714286,0.571428571428571,0.857142857142857,1.),(0.,0.0672225083788644),
 .UNSPECIFIED.);
#4730=B_SPLINE_SURFACE_WITH_KNOTS('',3,1,((#11059,#11060),(#11061,#11062),
(#11063,#11064),(#11065,#11066)),.SURF_OF_LINEAR_EXTRUSION.,.F.,.F.,.F.,
(4,4),(2,2),(1.89345201112596,2.12642616498425),(0.,1.),
 .PIECEWISE_BEZIER_KNOTS.);
#4731=B_SPLINE_SURFACE_WITH_KNOTS('',3,1,((#11095,#11096),(#11097,#11098),
(#11099,#11100),(#11101,#11102)),.SURF_OF_LINEAR_EXTRUSION.,.F.,.F.,.F.,
(4,4),(2,2),(1.16911533011054,1.30546910353197),(0.,1.),
 .PIECEWISE_BEZIER_KNOTS.);
#4732=B_SPLINE_SURFACE_WITH_KNOTS('',3,1,((#11112,#11113),(#11114,#11115),
(#11116,#11117),(#11118,#11119)),.SURF_OF_LINEAR_EXTRUSION.,.F.,.F.,.F.,
(4,4),(2,2),(0.663064141594797,0.728128963384436),(0.,1.),
 .PIECEWISE_BEZIER_KNOTS.);
#4733=B_SPLINE_SURFACE_WITH_KNOTS('',3,3,((#11148,#11149,#11150,#11151),
(#11152,#11153,#11154,#11155),(#11156,#11157,#11158,#11159),(#11160,#11161,
#11162,#11163),(#11164,#11165,#11166,#11167),(#11168,#11169,#11170,#11171),
(#11172,#11173,#11174,#11175),(#11176,#11177,#11178,#11179),(#11180,#11181,
#11182,#11183),(#11184,#11185,#11186,#11187),(#11188,#11189,#11190,#11191),
(#11192,#11193,#11194,#11195),(#11196,#11197,#11198,#11199),(#11200,#11201,
#11202,#11203),(#11204,#11205,#11206,#11207)),.UNSPECIFIED.,.F.,.F.,.F.,
(4,3,2,2,1,3,4),(4,4),(-0.00328246936105146,0.,0.0099306078100063,0.0198612156200127,
0.0297918234300191,0.0397224312400256,0.0413661169198408),(1.2050526712701,
1.32603718455906),.UNSPECIFIED.);
#4734=B_SPLINE_SURFACE_WITH_KNOTS('',3,3,((#11265,#11266,#11267,#11268),
(#11269,#11270,#11271,#11272),(#11273,#11274,#11275,#11276),(#11277,#11278,
#11279,#11280)),.RULED_SURF.,.F.,.F.,.F.,(4,4),(4,4),(-2.61632509223205,
1.),(-2.44576230666333,-2.03722112046765),.PIECEWISE_BEZIER_KNOTS.);
#4735=B_SPLINE_SURFACE_WITH_KNOTS('',3,1,((#11293,#11294),(#11295,#11296),
(#11297,#11298),(#11299,#11300),(#11301,#11302),(#11303,#11304),(#11305,
#11306)),.SURF_OF_LINEAR_EXTRUSION.,.F.,.F.,.F.,(4,3,4),(2,2),(-0.319709839325025,
-0.305627195020088,-0.267806081298809),(0.0374691264963979,0.10657295742983),
 .PIECEWISE_BEZIER_KNOTS.);
#4736=B_SPLINE_SURFACE_WITH_KNOTS('',3,3,((#11320,#11321,#11322,#11323,
#11324,#11325),(#11326,#11327,#11328,#11329,#11330,#11331),(#11332,#11333,
#11334,#11335,#11336,#11337),(#11338,#11339,#11340,#11341,#11342,#11343),
(#11344,#11345,#11346,#11347,#11348,#11349),(#11350,#11351,#11352,#11353,
#11354,#11355),(#11356,#11357,#11358,#11359,#11360,#11361)),
 .UNSPECIFIED.,.F.,.F.,.F.,(4,3,4),(4,2,4),(-0.00157105735364581,0.,0.199075225255694),
(-0.133869789990969,-0.126412912883151,0.),.UNSPECIFIED.);
#4737=B_SPLINE_SURFACE_WITH_KNOTS('',3,3,((#11366,#11367,#11368,#11369,
#11370,#11371,#11372,#11373,#11374,#11375,#11376,#11377),(#11378,#11379,
#11380,#11381,#11382,#11383,#11384,#11385,#11386,#11387,#11388,#11389),
(#11390,#11391,#11392,#11393,#11394,#11395,#11396,#11397,#11398,#11399,
#11400,#11401),(#11402,#11403,#11404,#11405,#11406,#11407,#11408,#11409,
#11410,#11411,#11412,#11413),(#11414,#11415,#11416,#11417,#11418,#11419,
#11420,#11421,#11422,#11423,#11424,#11425),(#11426,#11427,#11428,#11429,
#11430,#11431,#11432,#11433,#11434,#11435,#11436,#11437),(#11438,#11439,
#11440,#11441,#11442,#11443,#11444,#11445,#11446,#11447,#11448,#11449),
(#11450,#11451,#11452,#11453,#11454,#11455,#11456,#11457,#11458,#11459,
#11460,#11461)),.UNSPECIFIED.,.F.,.F.,.F.,(4,1,3,4),(4,3,2,1,1,1,4),(0.,
0.571428571428571,1.,1.00600610260951),(-0.0183873144849825,-0.0163107331876075,
0.0167788588692943,0.0480795879533664,0.0793803170374386,0.141981775205583,
0.329786149710016),.UNSPECIFIED.);
#4738=B_SPLINE_SURFACE_WITH_KNOTS('',3,3,((#11462,#11463,#11464,#11465),
(#11466,#11467,#11468,#11469),(#11470,#11471,#11472,#11473),(#11474,#11475,
#11476,#11477)),.UNSPECIFIED.,.F.,.F.,.F.,(4,4),(4,4),(0.,0.166445331735845),
(0.663614584857688,0.664628408962573),.PIECEWISE_BEZIER_KNOTS.);
#4739=B_SPLINE_SURFACE_WITH_KNOTS('',3,1,((#11482,#11483),(#11484,#11485),
(#11486,#11487),(#11488,#11489)),.SURF_OF_LINEAR_EXTRUSION.,.F.,.F.,.F.,
(4,4),(2,2),(5.71696325758602,6.31474916592868),(0.,1.),
 .PIECEWISE_BEZIER_KNOTS.);
#4740=B_SPLINE_SURFACE_WITH_KNOTS('',3,1,((#11496,#11497),(#11498,#11499),
(#11500,#11501),(#11502,#11503),(#11504,#11505),(#11506,#11507),(#11508,
#11509)),.SURF_OF_LINEAR_EXTRUSION.,.F.,.F.,.F.,(4,1,1,1,4),(2,2),(3.76376683362455,
4.549164997022,5.33456316041945,6.1199613238169,6.90535948721434),(0.,1.),
 .UNSPECIFIED.);
#4741=B_SPLINE_SURFACE_WITH_KNOTS('',3,1,((#11511,#11512),(#11513,#11514),
(#11515,#11516),(#11517,#11518)),.SURF_OF_LINEAR_EXTRUSION.,.F.,.F.,.F.,
(4,4),(2,2),(0.761033710011558,1.54643187340666),(0.,1.),
 .PIECEWISE_BEZIER_KNOTS.);
#4742=B_SPLINE_SURFACE_WITH_KNOTS('',3,1,((#11523,#11524),(#11525,#11526),
(#11527,#11528),(#11529,#11530),(#11531,#11532),(#11533,#11534),(#11535,
#11536)),.SURF_OF_LINEAR_EXTRUSION.,.F.,.F.,.F.,(4,1,1,1,4),(2,2),(2.19297050684296,
2.97836867024041,3.76376683363785,4.5491649970353,5.33456316043275),(0.,
1.),.UNSPECIFIED.);
#4743=B_SPLINE_SURFACE_WITH_KNOTS('',3,1,((#11542,#11543),(#11544,#11545),
(#11546,#11547),(#11548,#11549),(#11550,#11551)),
 .SURF_OF_LINEAR_EXTRUSION.,.F.,.F.,.F.,(4,1,4),(2,2),(1.88798173168074,
3.45877805847565,5.02957438527057),(0.,1.),.UNSPECIFIED.);
#4744=B_SPLINE_SURFACE_WITH_KNOTS('',3,1,((#11554,#11555),(#11556,#11557),
(#11558,#11559),(#11560,#11561)),.SURF_OF_LINEAR_EXTRUSION.,.F.,.F.,.F.,
(4,4),(2,2),(0.396933174338379,1.41622330404048),(0.,1.),
 .PIECEWISE_BEZIER_KNOTS.);
#4745=B_SPLINE_SURFACE_WITH_KNOTS('',3,1,((#11564,#11565),(#11566,#11567),
(#11568,#11569),(#11570,#11571),(#11572,#11573)),
 .SURF_OF_LINEAR_EXTRUSION.,.F.,.F.,.F.,(4,1,4),(2,2),(5.02957438527055,
6.60037071206545,8.17116703886034),(0.,1.),.UNSPECIFIED.);
#4746=B_SPLINE_SURFACE_WITH_KNOTS('',3,1,((#11584,#11585),(#11586,#11587),
(#11588,#11589),(#11590,#11591)),.SURF_OF_LINEAR_EXTRUSION.,.F.,.F.,.F.,
(4,4),(2,2),(4.88915373352796,5.64596489638541),(0.,1.),
 .PIECEWISE_BEZIER_KNOTS.);
#4747=B_SPLINE_SURFACE_WITH_KNOTS('',3,1,((#11592,#11593),(#11594,#11595),
(#11596,#11597),(#11598,#11599)),.SURF_OF_LINEAR_EXTRUSION.,.F.,.F.,.F.,
(4,4),(2,2),(0.642435731512999,1.03545140738274),(0.,1.),
 .PIECEWISE_BEZIER_KNOTS.);
#4748=B_SPLINE_SURFACE_WITH_KNOTS('',3,1,((#11600,#11601),(#11602,#11603),
(#11604,#11605),(#11606,#11607)),.SURF_OF_LINEAR_EXTRUSION.,.F.,.F.,.F.,
(4,4),(2,2),(3.15333879739071,4.09021480033663),(0.,1.),
 .PIECEWISE_BEZIER_KNOTS.);
#4749=B_SPLINE_SURFACE_WITH_KNOTS('',3,1,((#11609,#11610),(#11611,#11612),
(#11613,#11614),(#11615,#11616)),.SURF_OF_LINEAR_EXTRUSION.,.F.,.F.,.F.,
(4,4),(2,2),(2.73683083392169,3.12984650978893),(0.,1.),
 .PIECEWISE_BEZIER_KNOTS.);
#4750=B_SPLINE_SURFACE_WITH_KNOTS('',3,1,((#11617,#11618),(#11619,#11620),
(#11621,#11622),(#11623,#11624)),.SURF_OF_LINEAR_EXTRUSION.,.F.,.F.,.F.,
(4,4),(2,2),(4.83122593630454,5.22424161218332),(0.,1.),
 .PIECEWISE_BEZIER_KNOTS.);
#4751=B_SPLINE_SURFACE_WITH_KNOTS('',3,1,((#11630,#11631),(#11632,#11633),
(#11634,#11635),(#11636,#11637)),.SURF_OF_LINEAR_EXTRUSION.,.F.,.F.,.F.,
(4,4),(2,2),(1.4924824738327,1.8854981497103),(0.,1.),
 .PIECEWISE_BEZIER_KNOTS.);
#4752=B_SPLINE_SURFACE_WITH_KNOTS('',3,1,((#11638,#11639),(#11640,#11641),
(#11642,#11643),(#11644,#11645)),.SURF_OF_LINEAR_EXTRUSION.,.F.,.F.,.F.,
(4,4),(2,2),(5.68127267862298,6.07428835448838),(0.,1.),
 .PIECEWISE_BEZIER_KNOTS.);
#4753=B_SPLINE_SURFACE_WITH_KNOTS('',3,1,((#11646,#11647),(#11648,#11649),
(#11650,#11651),(#11652,#11653)),.SURF_OF_LINEAR_EXTRUSION.,.F.,.F.,.F.,
(4,4),(2,2),(0.0522692467572049,0.948622146746862),(0.,1.),
 .PIECEWISE_BEZIER_KNOTS.);
#4754=B_SPLINE_SURFACE_WITH_KNOTS('',3,1,((#11654,#11655),(#11656,#11657),
(#11658,#11659),(#11660,#11661)),.SURF_OF_LINEAR_EXTRUSION.,.F.,.F.,.F.,
(4,4),(2,2),(3.58687757621464,3.97989325208744),(0.,1.),
 .PIECEWISE_BEZIER_KNOTS.);
#4755=B_SPLINE_SURFACE_WITH_KNOTS('',3,1,((#11662,#11663),(#11664,#11665),
(#11666,#11667),(#11668,#11669)),.SURF_OF_LINEAR_EXTRUSION.,.F.,.F.,.F.,
(4,4),(2,2),(2.57440445149527,3.39208309954718),(0.,1.),
 .PIECEWISE_BEZIER_KNOTS.);
#4756=B_SPLINE_SURFACE_WITH_KNOTS('',3,1,((#11675,#11676),(#11677,#11678),
(#11679,#11680),(#11681,#11682)),.SURF_OF_LINEAR_EXTRUSION.,.F.,.F.,.F.,
(4,4),(2,2),(5.1115925363375,5.89699069973903),(0.,1.),
 .PIECEWISE_BEZIER_KNOTS.);
#4757=B_SPLINE_SURFACE_WITH_KNOTS('',3,1,((#11683,#11684),(#11685,#11686),
(#11687,#11688),(#11689,#11690)),.SURF_OF_LINEAR_EXTRUSION.,.F.,.F.,.F.,
(4,4),(2,2),(5.28021521047944,6.03727702843043),(0.,1.),
 .PIECEWISE_BEZIER_KNOTS.);
#4758=B_SPLINE_SURFACE_WITH_KNOTS('',3,1,((#11691,#11692),(#11693,#11694),
(#11695,#11696),(#11697,#11698)),.SURF_OF_LINEAR_EXTRUSION.,.F.,.F.,.F.,
(4,4),(2,2),(5.22220925752204,5.59636254823449),(0.,1.),
 .PIECEWISE_BEZIER_KNOTS.);
#4759=B_SPLINE_SURFACE_WITH_KNOTS('',3,1,((#11699,#11700),(#11701,#11702),
(#11703,#11704),(#11705,#11706)),.SURF_OF_LINEAR_EXTRUSION.,.F.,.F.,.F.,
(4,4),(2,2),(4.72981501777646,5.66101112714485),(0.,1.),
 .PIECEWISE_BEZIER_KNOTS.);
#4760=B_SPLINE_SURFACE_WITH_KNOTS('',3,1,((#11707,#11708),(#11709,#11710),
(#11711,#11712),(#11713,#11714)),.SURF_OF_LINEAR_EXTRUSION.,.F.,.F.,.F.,
(4,4),(2,2),(1.18043661164179,1.834452171845),(0.,1.),
 .PIECEWISE_BEZIER_KNOTS.);
#4761=B_SPLINE_SURFACE_WITH_KNOTS('',3,1,((#11716,#11717),(#11718,#11719),
(#11720,#11721),(#11722,#11723)),.SURF_OF_LINEAR_EXTRUSION.,.F.,.F.,.F.,
(4,4),(2,2),(5.09858741584186,5.88398557923535),(0.,1.),
 .PIECEWISE_BEZIER_KNOTS.);
#4762=B_SPLINE_SURFACE_WITH_KNOTS('',3,1,((#11725,#11726),(#11727,#11728),
(#11729,#11730),(#11731,#11732)),.SURF_OF_LINEAR_EXTRUSION.,.F.,.F.,.F.,
(4,4),(2,2),(4.55630392651875,5.34884101942595),(0.,1.),
 .PIECEWISE_BEZIER_KNOTS.);
#4763=B_SPLINE_SURFACE_WITH_KNOTS('',3,1,((#11737,#11738),(#11739,#11740),
(#11741,#11742),(#11743,#11744)),.SURF_OF_LINEAR_EXTRUSION.,.F.,.F.,.F.,
(4,4),(2,2),(4.55630392651869,5.34884101942528),(0.,1.),
 .PIECEWISE_BEZIER_KNOTS.);
#4764=B_SPLINE_SURFACE_WITH_KNOTS('',3,1,((#11745,#11746),(#11747,#11748),
(#11749,#11750),(#11751,#11752)),.SURF_OF_LINEAR_EXTRUSION.,.F.,.F.,.F.,
(4,4),(2,2),(2.38055894357812,3.16595710696614),(0.,1.),
 .PIECEWISE_BEZIER_KNOTS.);
#4765=B_SPLINE_SURFACE_WITH_KNOTS('',3,1,((#11757,#11758),(#11759,#11760),
(#11761,#11762),(#11763,#11764)),.SURF_OF_LINEAR_EXTRUSION.,.F.,.F.,.F.,
(4,4),(2,2),(0.163223983349556,0.948622146746709),(0.,1.),
 .PIECEWISE_BEZIER_KNOTS.);
#4766=B_SPLINE_SURFACE_WITH_KNOTS('',3,1,((#11765,#11766),(#11767,#11768),
(#11769,#11770),(#11771,#11772)),.SURF_OF_LINEAR_EXTRUSION.,.F.,.F.,.F.,
(4,4),(2,2),(2.48129065761265,3.2209238185376),(0.,1.),
 .PIECEWISE_BEZIER_KNOTS.);
#4767=B_SPLINE_SURFACE_WITH_KNOTS('',3,1,((#11773,#11774),(#11775,#11776),
(#11777,#11778),(#11779,#11780)),.SURF_OF_LINEAR_EXTRUSION.,.F.,.F.,.F.,
(4,4),(2,2),(1.05886873842851,1.16911533011034),(0.,1.),
 .PIECEWISE_BEZIER_KNOTS.);
#4768=B_SPLINE_SURFACE_WITH_KNOTS('',3,1,((#11781,#11782),(#11783,#11784),
(#11785,#11786),(#11787,#11788)),.SURF_OF_LINEAR_EXTRUSION.,.F.,.F.,.F.,
(4,4),(2,2),(2.30321709852427,2.41420059476001),(0.,1.),
 .PIECEWISE_BEZIER_KNOTS.);
#4769=B_SPLINE_SURFACE_WITH_KNOTS('',3,1,((#11789,#11790),(#11791,#11792),
(#11793,#11794),(#11795,#11796)),.SURF_OF_LINEAR_EXTRUSION.,.F.,.F.,.F.,
(4,4),(2,2),(0.0165883389776967,0.663064142039495),(0.,1.),
 .PIECEWISE_BEZIER_KNOTS.);
#4770=B_SPLINE_SURFACE_WITH_KNOTS('',3,1,((#11797,#11798),(#11799,#11800),
(#11801,#11802),(#11803,#11804)),.SURF_OF_LINEAR_EXTRUSION.,.F.,.F.,.F.,
(4,4),(2,2),(4.9777162036474,5.94162923309402),(0.,1.),
 .PIECEWISE_BEZIER_KNOTS.);
#4771=B_SPLINE_SURFACE_WITH_KNOTS('',3,1,((#11805,#11806),(#11807,#11808),
(#11809,#11810),(#11811,#11812),(#11813,#11814),(#11815,#11816),(#11817,
#11818)),.SURF_OF_LINEAR_EXTRUSION.,.F.,.F.,.F.,(4,1,1,1,4),(2,2),(4.09021480033662,
4.78001293944574,5.46981107855486,6.15960921766398,6.84940735677309),(0.,
1.),.UNSPECIFIED.);
#4772=B_SPLINE_SURFACE_WITH_KNOTS('',3,1,((#11828,#11829),(#11830,#11831),
(#11832,#11833),(#11834,#11835),(#11836,#11837)),
 .SURF_OF_LINEAR_EXTRUSION.,.F.,.F.,.F.,(4,1,4),(2,2),(1.88798173168075,
3.45877805847565,5.02957438527056),(0.,1.),.UNSPECIFIED.);
#4773=B_SPLINE_SURFACE_WITH_KNOTS('',3,1,((#11840,#11841),(#11842,#11843),
(#11844,#11845),(#11846,#11847),(#11848,#11849)),
 .SURF_OF_LINEAR_EXTRUSION.,.F.,.F.,.F.,(4,1,4),(2,2),(5.0295743852704,
6.60037071206537,8.17116703886034),(0.,1.),.UNSPECIFIED.);
#4774=B_SPLINE_SURFACE_WITH_KNOTS('',3,1,((#11855,#11856),(#11857,#11858),
(#11859,#11860),(#11861,#11862)),.SURF_OF_LINEAR_EXTRUSION.,.F.,.F.,.F.,
(4,4),(2,2),(0.396933174338361,1.41622330404041),(0.,1.),
 .PIECEWISE_BEZIER_KNOTS.);
#4775=B_SPLINE_SURFACE_WITH_KNOTS('',3,1,((#11864,#11865),(#11866,#11867),
(#11868,#11869),(#11870,#11871)),.SURF_OF_LINEAR_EXTRUSION.,.F.,.F.,.F.,
(4,4),(2,2),(1.05886873842848,1.16911533011079),(0.,1.),
 .PIECEWISE_BEZIER_KNOTS.);
#4776=B_SPLINE_SURFACE_WITH_KNOTS('',3,1,((#11872,#11873),(#11874,#11875),
(#11876,#11877),(#11878,#11879)),.SURF_OF_LINEAR_EXTRUSION.,.F.,.F.,.F.,
(4,4),(2,2),(4.72981501777639,5.66101112714456),(0.,1.),
 .PIECEWISE_BEZIER_KNOTS.);
#4777=B_SPLINE_SURFACE_WITH_KNOTS('',3,1,((#11883,#11884),(#11885,#11886),
(#11887,#11888),(#11889,#11890)),.SURF_OF_LINEAR_EXTRUSION.,.F.,.F.,.F.,
(4,4),(2,2),(2.57440445149523,3.39208309954725),(0.,1.),
 .PIECEWISE_BEZIER_KNOTS.);
#4778=B_SPLINE_SURFACE_WITH_KNOTS('',3,1,((#11891,#11892),(#11893,#11894),
(#11895,#11896),(#11897,#11898)),.SURF_OF_LINEAR_EXTRUSION.,.F.,.F.,.F.,
(4,4),(2,2),(4.9777162036475,5.94162923309411),(0.,1.),
 .PIECEWISE_BEZIER_KNOTS.);
#4779=B_SPLINE_SURFACE_WITH_KNOTS('',3,1,((#11899,#11900),(#11901,#11902),
(#11903,#11904),(#11905,#11906)),.SURF_OF_LINEAR_EXTRUSION.,.F.,.F.,.F.,
(4,4),(2,2),(2.48574313476056,3.22092381853782),(0.,1.),
 .PIECEWISE_BEZIER_KNOTS.);
#4780=B_SPLINE_SURFACE_WITH_KNOTS('',3,1,((#11908,#11909),(#11910,#11911),
(#11912,#11913),(#11914,#11915)),.SURF_OF_LINEAR_EXTRUSION.,.F.,.F.,.F.,
(4,4),(2,2),(4.88915373352808,5.64596489638538),(0.,1.),
 .PIECEWISE_BEZIER_KNOTS.);
#4781=B_SPLINE_SURFACE_WITH_KNOTS('',3,1,((#11919,#11920),(#11921,#11922),
(#11923,#11924),(#11925,#11926)),.SURF_OF_LINEAR_EXTRUSION.,.F.,.F.,.F.,
(4,4),(2,2),(2.74238909765737,3.52778726103062),(0.,1.),
 .PIECEWISE_BEZIER_KNOTS.);
#4782=B_SPLINE_SURFACE_WITH_KNOTS('',3,1,((#11928,#11929),(#11930,#11931),
(#11932,#11933),(#11934,#11935)),.SURF_OF_LINEAR_EXTRUSION.,.F.,.F.,.F.,
(4,4),(2,2),(4.14001554400802,4.89704240105734),(0.,1.),
 .PIECEWISE_BEZIER_KNOTS.);
#4783=B_SPLINE_SURFACE_WITH_KNOTS('',3,1,((#11937,#11938),(#11939,#11940),
(#11941,#11942),(#11943,#11944)),.SURF_OF_LINEAR_EXTRUSION.,.F.,.F.,.F.,
(4,4),(2,2),(5.22220925752205,5.596362548234),(0.,1.),
 .PIECEWISE_BEZIER_KNOTS.);
#4784=B_SPLINE_SURFACE_WITH_KNOTS('',3,1,((#11945,#11946),(#11947,#11948),
(#11949,#11950),(#11951,#11952)),.SURF_OF_LINEAR_EXTRUSION.,.F.,.F.,.F.,
(4,4),(2,2),(1.1278866414807,1.80825575633614),(0.,1.),
 .PIECEWISE_BEZIER_KNOTS.);
#4785=B_SPLINE_SURFACE_WITH_KNOTS('',3,1,((#11954,#11955),(#11956,#11957),
(#11958,#11959),(#11960,#11961)),.SURF_OF_LINEAR_EXTRUSION.,.F.,.F.,.F.,
(4,4),(2,2),(2.30321709852406,2.41346369075143),(0.,1.),
 .PIECEWISE_BEZIER_KNOTS.);
#4786=B_SPLINE_SURFACE_WITH_KNOTS('',3,1,((#11966,#11967),(#11968,#11969),
(#11970,#11971),(#11972,#11973)),.SURF_OF_LINEAR_EXTRUSION.,.F.,.F.,.F.,
(4,4),(2,2),(0.0204449807769744,0.666920043390897),(0.,1.),
 .PIECEWISE_BEZIER_KNOTS.);
#4787=B_SPLINE_SURFACE_WITH_KNOTS('',3,1,((#11974,#11975),(#11976,#11977),
(#11978,#11979),(#11980,#11981)),.SURF_OF_LINEAR_EXTRUSION.,.F.,.F.,.F.,
(4,4),(2,2),(1.18459789133747,1.96999605475953),(0.,1.),
 .PIECEWISE_BEZIER_KNOTS.);
#4788=B_SPLINE_SURFACE_WITH_KNOTS('',3,1,((#11982,#11983),(#11984,#11985),
(#11986,#11987),(#11988,#11989)),.SURF_OF_LINEAR_EXTRUSION.,.F.,.F.,.F.,
(4,4),(2,2),(0.16322398334958,0.948622146747481),(0.,1.),
 .PIECEWISE_BEZIER_KNOTS.);
#4789=B_SPLINE_SURFACE_WITH_KNOTS('',3,1,((#11990,#11991),(#11992,#11993),
(#11994,#11995),(#11996,#11997)),.SURF_OF_LINEAR_EXTRUSION.,.F.,.F.,.F.,
(4,4),(2,2),(5.47342269040411,6.25882085380447),(0.,1.),
 .PIECEWISE_BEZIER_KNOTS.);
#4790=B_SPLINE_SURFACE_WITH_KNOTS('',3,1,((#11998,#11999),(#12000,#12001),
(#12002,#12003),(#12004,#12005)),.SURF_OF_LINEAR_EXTRUSION.,.F.,.F.,.F.,
(4,4),(2,2),(5.71696325758601,6.31475354727759),(0.,1.),
 .PIECEWISE_BEZIER_KNOTS.);
#4791=B_SPLINE_SURFACE_WITH_KNOTS('',3,1,((#12007,#12008),(#12009,#12010),
(#12011,#12012),(#12013,#12014),(#12015,#12016),(#12017,#12018),(#12019,
#12020)),.SURF_OF_LINEAR_EXTRUSION.,.F.,.F.,.F.,(4,1,1,1,4),(2,2),(5.33456316043275,
6.11996132383019,6.90535948722764,7.69075765062509,8.47615581402254),(0.,
1.),.UNSPECIFIED.);
#4792=B_SPLINE_SURFACE_WITH_KNOTS('',3,1,((#12021,#12022),(#12023,#12024),
(#12025,#12026),(#12027,#12028)),.SURF_OF_LINEAR_EXTRUSION.,.F.,.F.,.F.,
(4,4),(2,2),(0.566222049593495,0.948622146746847),(0.,1.),
 .PIECEWISE_BEZIER_KNOTS.);
#4793=B_SPLINE_SURFACE_WITH_KNOTS('',3,1,((#12029,#12030),(#12031,#12032),
(#12033,#12034),(#12035,#12036)),.SURF_OF_LINEAR_EXTRUSION.,.F.,.F.,.F.,
(4,4),(2,2),(0.622096810058823,0.948622146746841),(0.,1.),
 .PIECEWISE_BEZIER_KNOTS.);
#4794=ADVANCED_FACE('NONE',(#4291),#4601,.F.);
#4795=ADVANCED_FACE('NONE',(#4292),#4602,.F.);
#4796=ADVANCED_FACE('NONE',(#4293),#4603,.F.);
#4797=ADVANCED_FACE('NONE',(#4294),#4604,.F.);
#4798=ADVANCED_FACE('NONE',(#4295),#4605,.T.);
#4799=ADVANCED_FACE('NONE',(#4296),#4606,.T.);
#4800=ADVANCED_FACE('NONE',(#4297),#4607,.F.);
#4801=ADVANCED_FACE('NONE',(#4298),#4608,.T.);
#4802=ADVANCED_FACE('NONE',(#4299),#4609,.T.);
#4803=ADVANCED_FACE('NONE',(#4300),#134,.F.);
#4804=ADVANCED_FACE('NONE',(#4301),#4610,.F.);
#4805=ADVANCED_FACE('NONE',(#4302),#4611,.T.);
#4806=ADVANCED_FACE('NONE',(#4303),#4612,.T.);
#4807=ADVANCED_FACE('NONE',(#4304),#113,.T.);
#4808=ADVANCED_FACE('NONE',(#4305),#4613,.T.);
#4809=ADVANCED_FACE('NONE',(#4306),#135,.F.);
#4810=ADVANCED_FACE('NONE',(#4307),#136,.T.);
#4811=ADVANCED_FACE('NONE',(#4308),#4614,.F.);
#4812=ADVANCED_FACE('NONE',(#4309),#114,.T.);
#4813=ADVANCED_FACE('NONE',(#4310),#4615,.T.);
#4814=ADVANCED_FACE('NONE',(#4311),#4616,.F.);
#4815=ADVANCED_FACE('NONE',(#4312),#4617,.T.);
#4816=ADVANCED_FACE('NONE',(#4313),#137,.T.);
#4817=ADVANCED_FACE('NONE',(#4314),#138,.F.);
#4818=ADVANCED_FACE('NONE',(#4315),#139,.T.);
#4819=ADVANCED_FACE('NONE',(#4316),#4618,.T.);
#4820=ADVANCED_FACE('NONE',(#4317),#4619,.T.);
#4821=ADVANCED_FACE('NONE',(#4318),#4620,.T.);
#4822=ADVANCED_FACE('NONE',(#4319),#4621,.F.);
#4823=ADVANCED_FACE('NONE',(#4320),#140,.T.);
#4824=ADVANCED_FACE('NONE',(#4321),#4622,.T.);
#4825=ADVANCED_FACE('NONE',(#4322),#141,.F.);
#4826=ADVANCED_FACE('NONE',(#4323),#142,.T.);
#4827=ADVANCED_FACE('NONE',(#4324),#143,.F.);
#4828=ADVANCED_FACE('NONE',(#4325),#4623,.T.);
#4829=ADVANCED_FACE('NONE',(#4326),#4624,.F.);
#4830=ADVANCED_FACE('NONE',(#4327),#4625,.T.);
#4831=ADVANCED_FACE('NONE',(#4328),#4626,.T.);
#4832=ADVANCED_FACE('NONE',(#4329),#4627,.T.);
#4833=ADVANCED_FACE('NONE',(#4330),#4628,.T.);
#4834=ADVANCED_FACE('NONE',(#4331),#4629,.T.);
#4835=ADVANCED_FACE('NONE',(#4332),#4630,.T.);
#4836=ADVANCED_FACE('NONE',(#4333),#4631,.T.);
#4837=ADVANCED_FACE('NONE',(#4334),#144,.F.);
#4838=ADVANCED_FACE('NONE',(#4335),#4632,.F.);
#4839=ADVANCED_FACE('NONE',(#4336),#4633,.F.);
#4840=ADVANCED_FACE('NONE',(#4337),#4634,.T.);
#4841=ADVANCED_FACE('NONE',(#4338),#4635,.T.);
#4842=ADVANCED_FACE('NONE',(#4339),#4636,.T.);
#4843=ADVANCED_FACE('NONE',(#4340),#4637,.T.);
#4844=ADVANCED_FACE('NONE',(#4341),#115,.T.);
#4845=ADVANCED_FACE('NONE',(#4342),#145,.T.);
#4846=ADVANCED_FACE('NONE',(#4343),#146,.F.);
#4847=ADVANCED_FACE('NONE',(#4344),#4638,.T.);
#4848=ADVANCED_FACE('NONE',(#4345),#4639,.T.);
#4849=ADVANCED_FACE('NONE',(#4346),#4640,.F.);
#4850=ADVANCED_FACE('NONE',(#4347),#4641,.T.);
#4851=ADVANCED_FACE('NONE',(#4348),#4642,.T.);
#4852=ADVANCED_FACE('NONE',(#4349),#147,.F.);
#4853=ADVANCED_FACE('NONE',(#4350),#4643,.T.);
#4854=ADVANCED_FACE('NONE',(#4351),#4644,.T.);
#4855=ADVANCED_FACE('NONE',(#4352),#4645,.F.);
#4856=ADVANCED_FACE('NONE',(#4353),#4646,.T.);
#4857=ADVANCED_FACE('NONE',(#4354),#4647,.F.);
#4858=ADVANCED_FACE('NONE',(#4355),#148,.T.);
#4859=ADVANCED_FACE('NONE',(#4356),#149,.F.);
#4860=ADVANCED_FACE('NONE',(#4357),#150,.T.);
#4861=ADVANCED_FACE('NONE',(#4358),#4648,.F.);
#4862=ADVANCED_FACE('NONE',(#4359),#4649,.T.);
#4863=ADVANCED_FACE('NONE',(#4360),#151,.T.);
#4864=ADVANCED_FACE('NONE',(#4361),#4650,.T.);
#4865=ADVANCED_FACE('NONE',(#4362),#152,.T.);
#4866=ADVANCED_FACE('NONE',(#4363),#153,.F.);
#4867=ADVANCED_FACE('NONE',(#4364),#4651,.T.);
#4868=ADVANCED_FACE('NONE',(#4365),#4652,.T.);
#4869=ADVANCED_FACE('NONE',(#4366),#4653,.F.);
#4870=ADVANCED_FACE('NONE',(#4367),#4654,.F.);
#4871=ADVANCED_FACE('NONE',(#4368),#112,.T.);
#4872=ADVANCED_FACE('NONE',(#4369,#4370),#79,.F.);
#4873=ADVANCED_FACE('NONE',(#4371,#4372),#80,.T.);
#4874=ADVANCED_FACE('NONE',(#4373,#4374),#81,.F.);
#4875=ADVANCED_FACE('NONE',(#4375,#4376),#82,.T.);
#4876=ADVANCED_FACE('NONE',(#4377),#4655,.F.);
#4877=ADVANCED_FACE('NONE',(#4378),#4656,.F.);
#4878=ADVANCED_FACE('NONE',(#4379),#4657,.F.);
#4879=ADVANCED_FACE('NONE',(#4380),#4658,.F.);
#4880=ADVANCED_FACE('NONE',(#4381),#4659,.T.);
#4881=ADVANCED_FACE('NONE',(#4382),#83,.T.);
#4882=ADVANCED_FACE('NONE',(#4383),#4660,.T.);
#4883=ADVANCED_FACE('NONE',(#4384),#4661,.F.);
#4884=ADVANCED_FACE('NONE',(#4385),#4662,.T.);
#4885=ADVANCED_FACE('NONE',(#4386),#4663,.T.);
#4886=ADVANCED_FACE('NONE',(#4387),#84,.T.);
#4887=ADVANCED_FACE('NONE',(#4388),#4664,.T.);
#4888=ADVANCED_FACE('NONE',(#4389),#154,.T.);
#4889=ADVANCED_FACE('NONE',(#4390),#85,.T.);
#4890=ADVANCED_FACE('NONE',(#4391),#86,.T.);
#4891=ADVANCED_FACE('NONE',(#4392),#4665,.F.);
#4892=ADVANCED_FACE('NONE',(#4393),#4666,.T.);
#4893=ADVANCED_FACE('NONE',(#4394),#4667,.T.);
#4894=ADVANCED_FACE('NONE',(#4395),#4668,.T.);
#4895=ADVANCED_FACE('NONE',(#4396,#4397,#4398),#4669,.T.);
#4896=ADVANCED_FACE('NONE',(#4399),#4670,.T.);
#4897=ADVANCED_FACE('NONE',(#4400),#4671,.F.);
#4898=ADVANCED_FACE('NONE',(#4401),#4672,.T.);
#4899=ADVANCED_FACE('NONE',(#4402),#4673,.F.);
#4900=ADVANCED_FACE('NONE',(#4403),#4674,.T.);
#4901=ADVANCED_FACE('NONE',(#4404),#4675,.T.);
#4902=ADVANCED_FACE('NONE',(#4405),#4676,.T.);
#4903=ADVANCED_FACE('NONE',(#4406),#4677,.T.);
#4904=ADVANCED_FACE('NONE',(#4407),#4678,.T.);
#4905=ADVANCED_FACE('NONE',(#4408),#4679,.T.);
#4906=ADVANCED_FACE('NONE',(#4409),#4680,.T.);
#4907=ADVANCED_FACE('NONE',(#4410),#4681,.T.);
#4908=ADVANCED_FACE('NONE',(#4411),#4682,.T.);
#4909=ADVANCED_FACE('NONE',(#4412),#4683,.T.);
#4910=ADVANCED_FACE('NONE',(#4413),#4684,.F.);
#4911=ADVANCED_FACE('NONE',(#4414),#4685,.F.);
#4912=ADVANCED_FACE('NONE',(#4415),#116,.F.);
#4913=ADVANCED_FACE('NONE',(#4416),#4686,.F.);
#4914=ADVANCED_FACE('NONE',(#4417),#155,.T.);
#4915=ADVANCED_FACE('NONE',(#4418),#4687,.T.);
#4916=ADVANCED_FACE('NONE',(#4419),#4688,.F.);
#4917=ADVANCED_FACE('NONE',(#4420),#156,.T.);
#4918=ADVANCED_FACE('NONE',(#4421),#157,.T.);
#4919=ADVANCED_FACE('NONE',(#4422),#87,.T.);
#4920=ADVANCED_FACE('NONE',(#4423),#117,.T.);
#4921=ADVANCED_FACE('NONE',(#4424),#118,.T.);
#4922=ADVANCED_FACE('NONE',(#4425),#119,.T.);
#4923=ADVANCED_FACE('NONE',(#4426),#120,.T.);
#4924=ADVANCED_FACE('NONE',(#4427),#88,.T.);
#4925=ADVANCED_FACE('NONE',(#4428),#4689,.F.);
#4926=ADVANCED_FACE('NONE',(#4429),#4690,.F.);
#4927=ADVANCED_FACE('NONE',(#4430),#4691,.T.);
#4928=ADVANCED_FACE('NONE',(#4431),#4692,.T.);
#4929=ADVANCED_FACE('NONE',(#4432),#89,.F.);
#4930=ADVANCED_FACE('NONE',(#4433),#90,.T.);
#4931=ADVANCED_FACE('NONE',(#4434),#4693,.T.);
#4932=ADVANCED_FACE('NONE',(#4435),#4694,.F.);
#4933=ADVANCED_FACE('NONE',(#4436),#91,.F.);
#4934=ADVANCED_FACE('NONE',(#4437),#4695,.T.);
#4935=ADVANCED_FACE('NONE',(#4438),#121,.F.);
#4936=ADVANCED_FACE('NONE',(#4439),#4696,.T.);
#4937=ADVANCED_FACE('NONE',(#4440),#122,.T.);
#4938=ADVANCED_FACE('NONE',(#4441),#4697,.T.);
#4939=ADVANCED_FACE('NONE',(#4442),#4698,.T.);
#4940=ADVANCED_FACE('NONE',(#4443),#4699,.T.);
#4941=ADVANCED_FACE('NONE',(#4444),#4700,.T.);
#4942=ADVANCED_FACE('NONE',(#4445),#92,.F.);
#4943=ADVANCED_FACE('NONE',(#4446),#93,.T.);
#4944=ADVANCED_FACE('NONE',(#4447),#123,.T.);
#4945=ADVANCED_FACE('NONE',(#4448),#4701,.F.);
#4946=ADVANCED_FACE('NONE',(#4449),#4702,.F.);
#4947=ADVANCED_FACE('NONE',(#4450),#4703,.F.);
#4948=ADVANCED_FACE('NONE',(#4451),#4704,.F.);
#4949=ADVANCED_FACE('NONE',(#4452),#94,.T.);
#4950=ADVANCED_FACE('NONE',(#4453),#95,.T.);
#4951=ADVANCED_FACE('NONE',(#4454),#96,.T.);
#4952=ADVANCED_FACE('NONE',(#4455),#158,.T.);
#4953=ADVANCED_FACE('NONE',(#4456),#97,.T.);
#4954=ADVANCED_FACE('NONE',(#4457),#4705,.F.);
#4955=ADVANCED_FACE('NONE',(#4458),#4706,.F.);
#4956=ADVANCED_FACE('NONE',(#4459),#4707,.F.);
#4957=ADVANCED_FACE('NONE',(#4460),#159,.F.);
#4958=ADVANCED_FACE('NONE',(#4461),#4708,.F.);
#4959=ADVANCED_FACE('NONE',(#4462),#98,.T.);
#4960=ADVANCED_FACE('NONE',(#4463),#160,.F.);
#4961=ADVANCED_FACE('NONE',(#4464),#4709,.T.);
#4962=ADVANCED_FACE('NONE',(#4465,#4466,#4467),#4710,.T.);
#4963=ADVANCED_FACE('NONE',(#4468),#4711,.T.);
#4964=ADVANCED_FACE('NONE',(#4469),#4712,.T.);
#4965=ADVANCED_FACE('NONE',(#4470),#4713,.T.);
#4966=ADVANCED_FACE('NONE',(#4471),#4714,.T.);
#4967=ADVANCED_FACE('NONE',(#4472),#161,.T.);
#4968=ADVANCED_FACE('NONE',(#4473),#4715,.T.);
#4969=ADVANCED_FACE('NONE',(#4474),#4716,.T.);
#4970=ADVANCED_FACE('NONE',(#4475),#4717,.F.);
#4971=ADVANCED_FACE('NONE',(#4476),#162,.T.);
#4972=ADVANCED_FACE('NONE',(#4477),#163,.T.);
#4973=ADVANCED_FACE('NONE',(#4478),#99,.F.);
#4974=ADVANCED_FACE('NONE',(#4479),#124,.T.);
#4975=ADVANCED_FACE('NONE',(#4480),#125,.T.);
#4976=ADVANCED_FACE('NONE',(#4481),#126,.T.);
#4977=ADVANCED_FACE('NONE',(#4482),#127,.T.);
#4978=ADVANCED_FACE('NONE',(#4483),#100,.T.);
#4979=ADVANCED_FACE('NONE',(#4484),#101,.F.);
#4980=ADVANCED_FACE('NONE',(#4485),#4718,.F.);
#4981=ADVANCED_FACE('NONE',(#4486),#4719,.T.);
#4982=ADVANCED_FACE('NONE',(#4487),#4720,.F.);
#4983=ADVANCED_FACE('NONE',(#4488),#4721,.T.);
#4984=ADVANCED_FACE('NONE',(#4489),#102,.T.);
#4985=ADVANCED_FACE('NONE',(#4490),#103,.T.);
#4986=ADVANCED_FACE('NONE',(#4491),#104,.F.);
#4987=ADVANCED_FACE('NONE',(#4492),#4722,.F.);
#4988=ADVANCED_FACE('NONE',(#4493),#105,.F.);
#4989=ADVANCED_FACE('NONE',(#4494),#128,.F.);
#4990=ADVANCED_FACE('NONE',(#4495),#4723,.T.);
#4991=ADVANCED_FACE('NONE',(#4496),#4724,.T.);
#4992=ADVANCED_FACE('NONE',(#4497),#129,.T.);
#4993=ADVANCED_FACE('NONE',(#4498),#4725,.T.);
#4994=ADVANCED_FACE('NONE',(#4499),#4726,.T.);
#4995=ADVANCED_FACE('NONE',(#4500),#4727,.T.);
#4996=ADVANCED_FACE('NONE',(#4501),#130,.T.);
#4997=ADVANCED_FACE('NONE',(#4502),#4728,.T.);
#4998=ADVANCED_FACE('NONE',(#4503),#4729,.T.);
#4999=ADVANCED_FACE('NONE',(#4504),#4730,.F.);
#5000=ADVANCED_FACE('NONE',(#4505),#106,.T.);
#5001=ADVANCED_FACE('NONE',(#4506),#4731,.T.);
#5002=ADVANCED_FACE('NONE',(#4507),#107,.F.);
#5003=ADVANCED_FACE('NONE',(#4508),#4732,.T.);
#5004=ADVANCED_FACE('NONE',(#4509),#108,.T.);
#5005=ADVANCED_FACE('NONE',(#4510),#4733,.F.);
#5006=ADVANCED_FACE('NONE',(#4511),#164,.T.);
#5007=ADVANCED_FACE('NONE',(#4512),#165,.T.);
#5008=ADVANCED_FACE('NONE',(#4513),#109,.T.);
#5009=ADVANCED_FACE('NONE',(#4514),#110,.T.);
#5010=ADVANCED_FACE('NONE',(#4515),#4734,.F.);
#5011=ADVANCED_FACE('NONE',(#4516),#4735,.F.);
#5012=ADVANCED_FACE('NONE',(#4517),#111,.T.);
#5013=ADVANCED_FACE('NONE',(#4518),#4736,.F.);
#5014=ADVANCED_FACE('NONE',(#4519),#4737,.F.);
#5015=ADVANCED_FACE('NONE',(#4520),#4738,.F.);
#5016=ADVANCED_FACE('NONE',(#4521),#4739,.F.);
#5017=ADVANCED_FACE('NONE',(#4522),#4740,.F.);
#5018=ADVANCED_FACE('NONE',(#4523),#4741,.T.);
#5019=ADVANCED_FACE('NONE',(#4524),#4742,.T.);
#5020=ADVANCED_FACE('NONE',(#4525),#166,.F.);
#5021=ADVANCED_FACE('NONE',(#4526),#167,.T.);
#5022=ADVANCED_FACE('NONE',(#4527),#4743,.T.);
#5023=ADVANCED_FACE('NONE',(#4528),#168,.T.);
#5024=ADVANCED_FACE('NONE',(#4529),#4744,.T.);
#5025=ADVANCED_FACE('NONE',(#4530),#4745,.F.);
#5026=ADVANCED_FACE('NONE',(#4531),#169,.T.);
#5027=ADVANCED_FACE('NONE',(#4532),#170,.F.);
#5028=ADVANCED_FACE('NONE',(#4533),#171,.T.);
#5029=ADVANCED_FACE('NONE',(#4534),#4746,.F.);
#5030=ADVANCED_FACE('NONE',(#4535),#4747,.T.);
#5031=ADVANCED_FACE('NONE',(#4536),#4748,.F.);
#5032=ADVANCED_FACE('NONE',(#4537),#4749,.T.);
#5033=ADVANCED_FACE('NONE',(#4538),#4750,.T.);
#5034=ADVANCED_FACE('NONE',(#4539),#172,.F.);
#5035=ADVANCED_FACE('NONE',(#4540),#4751,.T.);
#5036=ADVANCED_FACE('NONE',(#4541),#4752,.T.);
#5037=ADVANCED_FACE('NONE',(#4542),#4753,.F.);
#5038=ADVANCED_FACE('NONE',(#4543),#4754,.T.);
#5039=ADVANCED_FACE('NONE',(#4544),#4755,.T.);
#5040=ADVANCED_FACE('NONE',(#4545),#173,.F.);
#5041=ADVANCED_FACE('NONE',(#4546),#174,.T.);
#5042=ADVANCED_FACE('NONE',(#4547),#131,.T.);
#5043=ADVANCED_FACE('NONE',(#4548),#4756,.T.);
#5044=ADVANCED_FACE('NONE',(#4549),#4757,.T.);
#5045=ADVANCED_FACE('NONE',(#4550),#4758,.T.);
#5046=ADVANCED_FACE('NONE',(#4551),#4759,.T.);
#5047=ADVANCED_FACE('NONE',(#4552,#4553),#4760,.F.);
#5048=ADVANCED_FACE('NONE',(#4554),#4761,.F.);
#5049=ADVANCED_FACE('NONE',(#4555),#175,.F.);
#5050=ADVANCED_FACE('NONE',(#4556),#4762,.T.);
#5051=ADVANCED_FACE('NONE',(#4557),#4763,.T.);
#5052=ADVANCED_FACE('NONE',(#4558),#4764,.T.);
#5053=ADVANCED_FACE('NONE',(#4559),#4765,.T.);
#5054=ADVANCED_FACE('NONE',(#4560),#4766,.T.);
#5055=ADVANCED_FACE('NONE',(#4561),#4767,.T.);
#5056=ADVANCED_FACE('NONE',(#4562),#4768,.T.);
#5057=ADVANCED_FACE('NONE',(#4563),#4769,.T.);
#5058=ADVANCED_FACE('NONE',(#4564),#4770,.F.);
#5059=ADVANCED_FACE('NONE',(#4565),#4771,.T.);
#5060=ADVANCED_FACE('NONE',(#4566),#176,.F.);
#5061=ADVANCED_FACE('NONE',(#4567),#177,.T.);
#5062=ADVANCED_FACE('NONE',(#4568),#178,.F.);
#5063=ADVANCED_FACE('NONE',(#4569),#4772,.T.);
#5064=ADVANCED_FACE('NONE',(#4570),#179,.T.);
#5065=ADVANCED_FACE('NONE',(#4571),#4773,.F.);
#5066=ADVANCED_FACE('NONE',(#4572),#4774,.T.);
#5067=ADVANCED_FACE('NONE',(#4573),#4775,.T.);
#5068=ADVANCED_FACE('NONE',(#4574),#4776,.T.);
#5069=ADVANCED_FACE('NONE',(#4575),#180,.T.);
#5070=ADVANCED_FACE('NONE',(#4576),#181,.F.);
#5071=ADVANCED_FACE('NONE',(#4577),#182,.T.);
#5072=ADVANCED_FACE('NONE',(#4578),#4777,.T.);
#5073=ADVANCED_FACE('NONE',(#4579),#4778,.F.);
#5074=ADVANCED_FACE('NONE',(#4580),#4779,.T.);
#5075=ADVANCED_FACE('NONE',(#4581),#132,.T.);
#5076=ADVANCED_FACE('NONE',(#4582),#4780,.F.);
#5077=ADVANCED_FACE('NONE',(#4583),#183,.T.);
#5078=ADVANCED_FACE('NONE',(#4584),#184,.F.);
#5079=ADVANCED_FACE('NONE',(#4585),#4781,.T.);
#5080=ADVANCED_FACE('NONE',(#4586),#133,.T.);
#5081=ADVANCED_FACE('NONE',(#4587),#4782,.T.);
#5082=ADVANCED_FACE('NONE',(#4588),#4783,.T.);
#5083=ADVANCED_FACE('NONE',(#4589,#4590),#4784,.F.);
#5084=ADVANCED_FACE('NONE',(#4591),#185,.F.);
#5085=ADVANCED_FACE('NONE',(#4592),#4785,.T.);
#5086=ADVANCED_FACE('NONE',(#4593),#4786,.T.);
#5087=ADVANCED_FACE('NONE',(#4594),#4787,.F.);
#5088=ADVANCED_FACE('NONE',(#4595),#4788,.T.);
#5089=ADVANCED_FACE('NONE',(#4596),#4789,.T.);
#5090=ADVANCED_FACE('NONE',(#4597),#4790,.F.);
#5091=ADVANCED_FACE('NONE',(#4598),#4791,.F.);
#5092=ADVANCED_FACE('NONE',(#4599),#4792,.F.);
#5093=ADVANCED_FACE('NONE',(#4600),#4793,.F.);
#5094=CLOSED_SHELL('',(#4794,#4795,#4796,#4797,#4798,#4799,#4800,#4801,
#4802,#4803,#4804,#4805,#4806,#4807,#4808,#4809,#4810,#4811,#4812,#4813,
#4814,#4815,#4816,#4817,#4818,#4819,#4820,#4821,#4822,#4823,#4824,#4825,
#4826,#4827,#4828,#4829,#4830,#4831,#4832,#4833,#4834,#4835,#4836,#4837,
#4838,#4839,#4840,#4841,#4842,#4843,#4844,#4845,#4846,#4847,#4848,#4849,
#4850,#4851,#4852,#4853,#4854,#4855,#4856,#4857,#4858,#4859,#4860,#4861,
#4862,#4863,#4864,#4865,#4866,#4867,#4868,#4869,#4870,#4871,#4872,#4873,
#4874,#4875,#4876,#4877,#4878,#4879,#4880,#4881,#4882,#4883,#4884,#4885,
#4886,#4887,#4888,#4889,#4890,#4891,#4892,#4893,#4894,#4895,#4896,#4897,
#4898,#4899,#4900,#4901,#4902,#4903,#4904,#4905,#4906,#4907,#4908,#4909,
#4910,#4911,#4912,#4913,#4914,#4915,#4916,#4917,#4918,#4919,#4920,#4921,
#4922,#4923,#4924,#4925,#4926,#4927,#4928,#4929,#4930,#4931,#4932,#4933,
#4934,#4935,#4936,#4937,#4938,#4939,#4940,#4941,#4942,#4943,#4944,#4945,
#4946,#4947,#4948,#4949,#4950,#4951,#4952,#4953,#4954,#4955,#4956,#4957,
#4958,#4959,#4960,#4961,#4962,#4963,#4964,#4965,#4966,#4967,#4968,#4969,
#4970,#4971,#4972,#4973,#4974,#4975,#4976,#4977,#4978,#4979,#4980,#4981,
#4982,#4983,#4984,#4985,#4986,#4987,#4988,#4989,#4990,#4991,#4992,#4993,
#4994,#4995,#4996,#4997,#4998,#4999,#5000,#5001,#5002,#5003,#5004,#5005,
#5006,#5007,#5008,#5009,#5010,#5011,#5012,#5013,#5014,#5015,#5016,#5017,
#5018,#5019,#5020,#5021,#5022,#5023,#5024,#5025,#5026,#5027,#5028,#5029,
#5030,#5031,#5032,#5033,#5034,#5035,#5036,#5037,#5038,#5039,#5040,#5041,
#5042,#5043,#5044,#5045,#5046,#5047,#5048,#5049,#5050,#5051,#5052,#5053,
#5054,#5055,#5056,#5057,#5058,#5059,#5060,#5061,#5062,#5063,#5064,#5065,
#5066,#5067,#5068,#5069,#5070,#5071,#5072,#5073,#5074,#5075,#5076,#5077,
#5078,#5079,#5080,#5081,#5082,#5083,#5084,#5085,#5086,#5087,#5088,#5089,
#5090,#5091,#5092,#5093));
#5095=STYLED_ITEM('',(#5096),#5103);
#5096=PRESENTATION_STYLE_ASSIGNMENT((#5097));
#5097=SURFACE_STYLE_USAGE(.BOTH.,#5098);
#5098=SURFACE_SIDE_STYLE('',(#5099));
#5099=SURFACE_STYLE_FILL_AREA(#5100);
#5100=FILL_AREA_STYLE('',(#5101));
#5101=FILL_AREA_STYLE_COLOUR('',#5102);
#5102=COLOUR_RGB('',0.811764705882353,0.843137254901961,0.909803921568627);
#5103=MANIFOLD_SOLID_BREP('Body (0)',#5094);
#5104=SHAPE_DEFINITION_REPRESENTATION(#12067,#5105);
#5105=SHAPE_REPRESENTATION('l_thumb_distal_collision',(#5106),#12062);
#5106=AXIS2_PLACEMENT_3D('',#6411,#5468,#5469);
#5107=AXIS2_PLACEMENT_3D('',#6423,#5471,#5472);
#5108=AXIS2_PLACEMENT_3D('',#6436,#5473,#5474);
#5109=AXIS2_PLACEMENT_3D('',#6450,#5476,#5477);
#5110=AXIS2_PLACEMENT_3D('',#6459,#5479,#5480);
#5111=AXIS2_PLACEMENT_3D('',#6471,#5481,#5482);
#5112=AXIS2_PLACEMENT_3D('',#6496,#5483,#5484);
#5113=AXIS2_PLACEMENT_3D('',#6519,#5486,#5487);
#5114=AXIS2_PLACEMENT_3D('',#6521,#5488,#5489);
#5115=AXIS2_PLACEMENT_3D('',#6525,#5491,#5492);
#5116=AXIS2_PLACEMENT_3D('',#6537,#5494,#5495);
#5117=AXIS2_PLACEMENT_3D('',#6556,#5498,#5499);
#5118=AXIS2_PLACEMENT_3D('',#6582,#5503,#5504);
#5119=AXIS2_PLACEMENT_3D('',#6594,#5506,#5507);
#5120=AXIS2_PLACEMENT_3D('',#6650,#5512,#5513);
#5121=AXIS2_PLACEMENT_3D('',#6658,#5515,#5516);
#5122=AXIS2_PLACEMENT_3D('',#6662,#5518,#5519);
#5123=AXIS2_PLACEMENT_3D('',#6673,#5520,#5521);
#5124=AXIS2_PLACEMENT_3D('',#6675,#5522,#5523);
#5125=AXIS2_PLACEMENT_3D('',#6686,#5525,#5526);
#5126=AXIS2_PLACEMENT_3D('',#6688,#5527,#5528);
#5127=AXIS2_PLACEMENT_3D('',#6719,#5531,#5532);
#5128=AXIS2_PLACEMENT_3D('',#6771,#5538,#5539);
#5129=AXIS2_PLACEMENT_3D('',#6772,#5540,#5541);
#5130=AXIS2_PLACEMENT_3D('',#6775,#5542,#5543);
#5131=AXIS2_PLACEMENT_3D('',#6777,#5544,#5545);
#5132=AXIS2_PLACEMENT_3D('',#6779,#5546,#5547);
#5133=AXIS2_PLACEMENT_3D('',#6781,#5548,#5549);
#5134=AXIS2_PLACEMENT_3D('',#6792,#5551,#5552);
#5135=AXIS2_PLACEMENT_3D('',#6795,#5554,#5555);
#5136=AXIS2_PLACEMENT_3D('',#6799,#5557,#5558);
#5137=AXIS2_PLACEMENT_3D('',#6803,#5560,#5561);
#5138=AXIS2_PLACEMENT_3D('',#6804,#5562,#5563);
#5139=AXIS2_PLACEMENT_3D('',#6808,#5565,#5566);
#5140=AXIS2_PLACEMENT_3D('',#6819,#5567,#5568);
#5141=AXIS2_PLACEMENT_3D('',#6832,#5571,#5572);
#5142=AXIS2_PLACEMENT_3D('',#6833,#5573,#5574);
#5143=AXIS2_PLACEMENT_3D('',#6834,#5575,#5576);
#5144=AXIS2_PLACEMENT_3D('',#6837,#5577,#5578);
#5145=AXIS2_PLACEMENT_3D('',#6844,#5579,#5580);
#5146=AXIS2_PLACEMENT_3D('',#6856,#5582,#5583);
#5147=AXIS2_PLACEMENT_3D('',#6860,#5585,#5586);
#5148=AXIS2_PLACEMENT_3D('',#6888,#5589,#5590);
#5149=AXIS2_PLACEMENT_3D('',#6892,#5592,#5593);
#5150=AXIS2_PLACEMENT_3D('',#6903,#5595,#5596);
#5151=AXIS2_PLACEMENT_3D('',#6911,#5598,#5599);
#5152=AXIS2_PLACEMENT_3D('',#6915,#5601,#5602);
#5153=AXIS2_PLACEMENT_3D('',#6919,#5604,#5605);
#5154=AXIS2_PLACEMENT_3D('',#6920,#5606,#5607);
#5155=AXIS2_PLACEMENT_3D('',#6923,#5609,#5610);
#5156=AXIS2_PLACEMENT_3D('',#6927,#5612,#5613);
#5157=AXIS2_PLACEMENT_3D('',#6928,#5614,#5615);
#5158=AXIS2_PLACEMENT_3D('',#6932,#5617,#5618);
#5159=AXIS2_PLACEMENT_3D('',#6936,#5620,#5621);
#5160=AXIS2_PLACEMENT_3D('',#6966,#5624,#5625);
#5161=AXIS2_PLACEMENT_3D('',#6970,#5627,#5628);
#5162=AXIS2_PLACEMENT_3D('',#6980,#5630,#5631);
#5163=AXIS2_PLACEMENT_3D('',#7012,#5635,#5636);
#5164=AXIS2_PLACEMENT_3D('',#7016,#5638,#5639);
#5165=AXIS2_PLACEMENT_3D('',#7020,#5641,#5642);
#5166=AXIS2_PLACEMENT_3D('',#7046,#5645,#5646);
#5167=AXIS2_PLACEMENT_3D('',#7048,#5648,#5649);
#5168=AXIS2_PLACEMENT_3D('',#7051,#5651,#5652);
#5169=AXIS2_PLACEMENT_3D('',#7055,#5654,#5655);
#5170=AXIS2_PLACEMENT_3D('',#7058,#5657,#5658);
#5171=AXIS2_PLACEMENT_3D('',#7059,#5659,#5660);
#5172=AXIS2_PLACEMENT_3D('',#7063,#5662,#5663);
#5173=AXIS2_PLACEMENT_3D('',#7067,#5665,#5666);
#5174=AXIS2_PLACEMENT_3D('',#7085,#5668,#5669);
#5175=AXIS2_PLACEMENT_3D('',#7097,#5670,#5671);
#5176=AXIS2_PLACEMENT_3D('',#7109,#5673,#5674);
#5177=AXIS2_PLACEMENT_3D('',#7113,#5676,#5677);
#5178=AXIS2_PLACEMENT_3D('',#7124,#5679,#5680);
#5179=AXIS2_PLACEMENT_3D('',#7136,#5682,#5683);
#5180=AXIS2_PLACEMENT_3D('',#7162,#5687,#5688);
#5181=AXIS2_PLACEMENT_3D('',#7174,#5690,#5691);
#5182=AXIS2_PLACEMENT_3D('',#7178,#5693,#5694);
#5183=AXIS2_PLACEMENT_3D('',#7199,#5696,#5697);
#5184=AXIS2_PLACEMENT_3D('',#7218,#5700,#5701);
#5185=AXIS2_PLACEMENT_3D('',#7243,#5705,#5706);
#5186=AXIS2_PLACEMENT_3D('',#7278,#5710,#5711);
#5187=AXIS2_PLACEMENT_3D('',#7281,#5713,#5714);
#5188=AXIS2_PLACEMENT_3D('',#7287,#5715,#5716);
#5189=AXIS2_PLACEMENT_3D('',#7316,#5719,#5720);
#5190=AXIS2_PLACEMENT_3D('',#7328,#5722,#5723);
#5191=AXIS2_PLACEMENT_3D('',#7358,#5726,#5727);
#5192=AXIS2_PLACEMENT_3D('',#7360,#5728,#5729);
#5193=AXIS2_PLACEMENT_3D('',#7447,#5737,#5738);
#5194=AXIS2_PLACEMENT_3D('',#7451,#5740,#5741);
#5195=AXIS2_PLACEMENT_3D('',#7452,#5742,#5743);
#5196=AXIS2_PLACEMENT_3D('',#7453,#5744,#5745);
#5197=AXIS2_PLACEMENT_3D('',#7456,#5746,#5747);
#5198=AXIS2_PLACEMENT_3D('',#7458,#5748,#5749);
#5199=AXIS2_PLACEMENT_3D('',#7460,#5750,#5751);
#5200=AXIS2_PLACEMENT_3D('',#7461,#5752,#5753);
#5201=AXIS2_PLACEMENT_3D('',#7464,#5755,#5756);
#5202=AXIS2_PLACEMENT_3D('',#7468,#5758,#5759);
#5203=AXIS2_PLACEMENT_3D('',#7469,#5760,#5761);
#5204=AXIS2_PLACEMENT_3D('',#7472,#5763,#5764);
#5205=AXIS2_PLACEMENT_3D('',#7476,#5766,#5767);
#5206=AXIS2_PLACEMENT_3D('',#7504,#5771,#5772);
#5207=AXIS2_PLACEMENT_3D('',#7508,#5774,#5775);
#5208=AXIS2_PLACEMENT_3D('',#7525,#5777,#5778);
#5209=AXIS2_PLACEMENT_3D('',#7529,#5780,#5781);
#5210=AXIS2_PLACEMENT_3D('',#7541,#5783,#5784);
#5211=AXIS2_PLACEMENT_3D('',#7545,#5786,#5787);
#5212=AXIS2_PLACEMENT_3D('',#7562,#5789,#5790);
#5213=AXIS2_PLACEMENT_3D('',#7566,#5792,#5793);
#5214=AXIS2_PLACEMENT_3D('',#7572,#5794,#5795);
#5215=AXIS2_PLACEMENT_3D('',#7576,#5797,#5798);
#5216=AXIS2_PLACEMENT_3D('',#7588,#5799,#5800);
#5217=AXIS2_PLACEMENT_3D('',#7605,#5802,#5803);
#5218=AXIS2_PLACEMENT_3D('',#7606,#5804,#5805);
#5219=AXIS2_PLACEMENT_3D('',#7617,#5807,#5808);
#5220=AXIS2_PLACEMENT_3D('',#7621,#5810,#5811);
#5221=AXIS2_PLACEMENT_3D('',#7632,#5813,#5814);
#5222=AXIS2_PLACEMENT_3D('',#7636,#5816,#5817);
#5223=AXIS2_PLACEMENT_3D('',#7653,#5819,#5820);
#5224=AXIS2_PLACEMENT_3D('',#7657,#5822,#5823);
#5225=AXIS2_PLACEMENT_3D('',#7668,#5825,#5826);
#5226=AXIS2_PLACEMENT_3D('',#7672,#5828,#5829);
#5227=AXIS2_PLACEMENT_3D('',#7673,#5830,#5831);
#5228=AXIS2_PLACEMENT_3D('',#7677,#5834,#5835);
#5229=AXIS2_PLACEMENT_3D('',#7678,#5836,#5837);
#5230=AXIS2_PLACEMENT_3D('',#7680,#5839,#5840);
#5231=AXIS2_PLACEMENT_3D('',#7683,#5842,#5843);
#5232=AXIS2_PLACEMENT_3D('',#7686,#5845,#5846);
#5233=AXIS2_PLACEMENT_3D('',#7690,#5848,#5849);
#5234=AXIS2_PLACEMENT_3D('',#7730,#5853,#5854);
#5235=AXIS2_PLACEMENT_3D('',#7733,#5856,#5857);
#5236=AXIS2_PLACEMENT_3D('',#7737,#5859,#5860);
#5237=AXIS2_PLACEMENT_3D('',#7741,#5862,#5863);
#5238=AXIS2_PLACEMENT_3D('',#7766,#5866,#5867);
#5239=AXIS2_PLACEMENT_3D('',#7779,#5869,#5870);
#5240=AXIS2_PLACEMENT_3D('',#7780,#5871,#5872);
#5241=AXIS2_PLACEMENT_3D('',#7794,#5874,#5875);
#5242=AXIS2_PLACEMENT_3D('',#7812,#5877,#5878);
#5243=AXIS2_PLACEMENT_3D('',#7815,#5880,#5881);
#5244=AXIS2_PLACEMENT_3D('',#7856,#5885,#5886);
#5245=AXIS2_PLACEMENT_3D('',#7884,#5891,#5892);
#5246=AXIS2_PLACEMENT_3D('',#7885,#5893,#5894);
#5247=AXIS2_PLACEMENT_3D('',#7900,#5895,#5896);
#5248=AXIS2_PLACEMENT_3D('',#7901,#5897,#5898);
#5249=AXIS2_PLACEMENT_3D('',#7907,#5899,#5900);
#5250=AXIS2_PLACEMENT_3D('',#7909,#5901,#5902);
#5251=AXIS2_PLACEMENT_3D('',#7910,#5903,#5904);
#5252=AXIS2_PLACEMENT_3D('',#7911,#5905,#5906);
#5253=AXIS2_PLACEMENT_3D('',#7912,#5907,#5908);
#5254=AXIS2_PLACEMENT_3D('',#7914,#5909,#5910);
#5255=AXIS2_PLACEMENT_3D('',#7915,#5911,#5912);
#5256=AXIS2_PLACEMENT_3D('',#7916,#5913,#5914);
#5257=AXIS2_PLACEMENT_3D('',#7918,#5915,#5916);
#5258=AXIS2_PLACEMENT_3D('',#7920,#5917,#5918);
#5259=AXIS2_PLACEMENT_3D('',#7921,#5919,#5920);
#5260=AXIS2_PLACEMENT_3D('',#7922,#5921,#5922);
#5261=AXIS2_PLACEMENT_3D('',#7924,#5923,#5924);
#5262=AXIS2_PLACEMENT_3D('',#7926,#5925,#5926);
#5263=AXIS2_PLACEMENT_3D('',#7927,#5927,#5928);
#5264=AXIS2_PLACEMENT_3D('',#7928,#5929,#5930);
#5265=AXIS2_PLACEMENT_3D('',#7929,#5931,#5932);
#5266=AXIS2_PLACEMENT_3D('',#7930,#5933,#5934);
#5267=AXIS2_PLACEMENT_3D('',#7931,#5935,#5936);
#5268=AXIS2_PLACEMENT_3D('',#7932,#5937,#5938);
#5269=AXIS2_PLACEMENT_3D('',#7933,#5939,#5940);
#5270=AXIS2_PLACEMENT_3D('',#7934,#5941,#5942);
#5271=AXIS2_PLACEMENT_3D('',#7935,#5943,#5944);
#5272=AXIS2_PLACEMENT_3D('',#7936,#5945,#5946);
#5273=AXIS2_PLACEMENT_3D('',#7937,#5947,#5948);
#5274=AXIS2_PLACEMENT_3D('',#7938,#5949,#5950);
#5275=AXIS2_PLACEMENT_3D('',#7939,#5951,#5952);
#5276=AXIS2_PLACEMENT_3D('',#7940,#5953,#5954);
#5277=AXIS2_PLACEMENT_3D('',#7941,#5955,#5956);
#5278=AXIS2_PLACEMENT_3D('',#8123,#5957,#5958);
#5279=AXIS2_PLACEMENT_3D('',#8124,#5959,#5960);
#5280=AXIS2_PLACEMENT_3D('',#8125,#5961,#5962);
#5281=AXIS2_PLACEMENT_3D('',#8176,#5963,#5964);
#5282=AXIS2_PLACEMENT_3D('',#8308,#5965,#5966);
#5283=AXIS2_PLACEMENT_3D('',#8321,#5967,#5968);
#5284=AXIS2_PLACEMENT_3D('',#8326,#5970,#5971);
#5285=AXIS2_PLACEMENT_3D('',#8328,#5973,#5974);
#5286=AXIS2_PLACEMENT_3D('',#8339,#5977,#5978);
#5287=AXIS2_PLACEMENT_3D('',#8342,#5981,#5982);
#5288=AXIS2_PLACEMENT_3D('',#8343,#5983,#5984);
#5289=AXIS2_PLACEMENT_3D('',#8344,#5985,#5986);
#5290=AXIS2_PLACEMENT_3D('',#8348,#5990,#5991);
#5291=AXIS2_PLACEMENT_3D('',#8528,#5993,#5994);
#5292=AXIS2_PLACEMENT_3D('',#8537,#5996,#5997);
#5293=AXIS2_PLACEMENT_3D('',#9161,#5998,#5999);
#5294=AXIS2_PLACEMENT_3D('',#9162,#6000,#6001);
#5295=AXIS2_PLACEMENT_3D('',#9187,#6002,#6003);
#5296=AXIS2_PLACEMENT_3D('',#9190,#6005,#6006);
#5297=AXIS2_PLACEMENT_3D('',#9199,#6007,#6008);
#5298=AXIS2_PLACEMENT_3D('',#9200,#6009,#6010);
#5299=AXIS2_PLACEMENT_3D('',#9244,#6011,#6012);
#5300=AXIS2_PLACEMENT_3D('',#9246,#6014,#6015);
#5301=AXIS2_PLACEMENT_3D('',#9248,#6017,#6018);
#5302=AXIS2_PLACEMENT_3D('',#9249,#6019,#6020);
#5303=AXIS2_PLACEMENT_3D('',#9250,#6021,#6022);
#5304=AXIS2_PLACEMENT_3D('',#9251,#6023,#6024);
#5305=AXIS2_PLACEMENT_3D('',#9252,#6025,#6026);
#5306=AXIS2_PLACEMENT_3D('',#9254,#6027,#6028);
#5307=AXIS2_PLACEMENT_3D('',#9256,#6029,#6030);
#5308=AXIS2_PLACEMENT_3D('',#9258,#6031,#6032);
#5309=AXIS2_PLACEMENT_3D('',#9259,#6033,#6034);
#5310=AXIS2_PLACEMENT_3D('',#9260,#6035,#6036);
#5311=AXIS2_PLACEMENT_3D('',#9271,#6037,#6038);
#5312=AXIS2_PLACEMENT_3D('',#9272,#6039,#6040);
#5313=AXIS2_PLACEMENT_3D('',#9273,#6041,#6042);
#5314=AXIS2_PLACEMENT_3D('',#9274,#6043,#6044);
#5315=AXIS2_PLACEMENT_3D('',#9275,#6045,#6046);
#5316=AXIS2_PLACEMENT_3D('',#9276,#6047,#6048);
#5317=AXIS2_PLACEMENT_3D('',#9277,#6049,#6050);
#5318=AXIS2_PLACEMENT_3D('',#9278,#6051,#6052);
#5319=AXIS2_PLACEMENT_3D('',#9371,#6057,#6058);
#5320=AXIS2_PLACEMENT_3D('',#9409,#6059,#6060);
#5321=AXIS2_PLACEMENT_3D('',#9413,#6063,#6064);
#5322=AXIS2_PLACEMENT_3D('',#9472,#6067,#6068);
#5323=AXIS2_PLACEMENT_3D('',#9491,#6069,#6070);
#5324=AXIS2_PLACEMENT_3D('',#9501,#6071,#6072);
#5325=AXIS2_PLACEMENT_3D('',#9505,#6074,#6075);
#5326=AXIS2_PLACEMENT_3D('',#9525,#6080,#6081);
#5327=AXIS2_PLACEMENT_3D('',#9526,#6082,#6083);
#5328=AXIS2_PLACEMENT_3D('',#9599,#6084,#6085);
#5329=AXIS2_PLACEMENT_3D('',#9605,#6086,#6087);
#5330=AXIS2_PLACEMENT_3D('',#9680,#6088,#6089);
#5331=AXIS2_PLACEMENT_3D('',#9802,#6090,#6091);
#5332=AXIS2_PLACEMENT_3D('',#9804,#6093,#6094);
#5333=AXIS2_PLACEMENT_3D('',#9811,#6097,#6098);
#5334=AXIS2_PLACEMENT_3D('',#9812,#6099,#6100);
#5335=AXIS2_PLACEMENT_3D('',#9813,#6101,#6102);
#5336=AXIS2_PLACEMENT_3D('',#9814,#6103,#6104);
#5337=AXIS2_PLACEMENT_3D('',#9984,#6105,#6106);
#5338=AXIS2_PLACEMENT_3D('',#9985,#6107,#6108);
#5339=AXIS2_PLACEMENT_3D('',#9986,#6109,#6110);
#5340=AXIS2_PLACEMENT_3D('',#9989,#6113,#6114);
#5341=AXIS2_PLACEMENT_3D('',#9990,#6115,#6116);
#5342=AXIS2_PLACEMENT_3D('',#9993,#6118,#6119);
#5343=AXIS2_PLACEMENT_3D('',#9996,#6121,#6122);
#5344=AXIS2_PLACEMENT_3D('',#10023,#6126,#6127);
#5345=AXIS2_PLACEMENT_3D('',#10038,#6130,#6131);
#5346=AXIS2_PLACEMENT_3D('',#10049,#6133,#6134);
#5347=AXIS2_PLACEMENT_3D('',#10066,#6135,#6136);
#5348=AXIS2_PLACEMENT_3D('',#10069,#6138,#6139);
#5349=AXIS2_PLACEMENT_3D('',#10072,#6141,#6142);
#5350=AXIS2_PLACEMENT_3D('',#10073,#6143,#6144);
#5351=AXIS2_PLACEMENT_3D('',#10149,#6145,#6146);
#5352=AXIS2_PLACEMENT_3D('',#10158,#6148,#6149);
#5353=AXIS2_PLACEMENT_3D('',#10350,#6150,#6151);
#5354=AXIS2_PLACEMENT_3D('',#10353,#6153,#6154);
#5355=AXIS2_PLACEMENT_3D('',#10364,#6156,#6157);
#5356=AXIS2_PLACEMENT_3D('',#10376,#6160,#6161);
#5357=AXIS2_PLACEMENT_3D('',#10377,#6162,#6163);
#5358=AXIS2_PLACEMENT_3D('',#10433,#6164,#6165);
#5359=AXIS2_PLACEMENT_3D('',#10435,#6167,#6168);
#5360=AXIS2_PLACEMENT_3D('',#10436,#6169,#6170);
#5361=AXIS2_PLACEMENT_3D('',#10437,#6171,#6172);
#5362=AXIS2_PLACEMENT_3D('',#10439,#6173,#6174);
#5363=AXIS2_PLACEMENT_3D('',#10440,#6175,#6176);
#5364=AXIS2_PLACEMENT_3D('',#10441,#6177,#6178);
#5365=AXIS2_PLACEMENT_3D('',#10443,#6179,#6180);
#5366=AXIS2_PLACEMENT_3D('',#10444,#6181,#6182);
#5367=AXIS2_PLACEMENT_3D('',#10445,#6183,#6184);
#5368=AXIS2_PLACEMENT_3D('',#10446,#6185,#6186);
#5369=AXIS2_PLACEMENT_3D('',#10447,#6187,#6188);
#5370=AXIS2_PLACEMENT_3D('',#10448,#6189,#6190);
#5371=AXIS2_PLACEMENT_3D('',#10449,#6191,#6192);
#5372=AXIS2_PLACEMENT_3D('',#10450,#6193,#6194);
#5373=AXIS2_PLACEMENT_3D('',#10461,#6195,#6196);
#5374=AXIS2_PLACEMENT_3D('',#10462,#6197,#6198);
#5375=AXIS2_PLACEMENT_3D('',#10476,#6202,#6203);
#5376=AXIS2_PLACEMENT_3D('',#10527,#6206,#6207);
#5377=AXIS2_PLACEMENT_3D('',#10594,#6208,#6209);
#5378=AXIS2_PLACEMENT_3D('',#10602,#6210,#6211);
#5379=AXIS2_PLACEMENT_3D('',#10609,#6213,#6214);
#5380=AXIS2_PLACEMENT_3D('',#10626,#6217,#6218);
#5381=AXIS2_PLACEMENT_3D('',#10654,#6219,#6220);
#5382=AXIS2_PLACEMENT_3D('',#10670,#6221,#6222);
#5383=AXIS2_PLACEMENT_3D('',#10671,#6223,#6224);
#5384=AXIS2_PLACEMENT_3D('',#10672,#6225,#6226);
#5385=AXIS2_PLACEMENT_3D('',#10693,#6227,#6228);
#5386=AXIS2_PLACEMENT_3D('',#10747,#6229,#6230);
#5387=AXIS2_PLACEMENT_3D('',#10752,#6231,#6232);
#5388=AXIS2_PLACEMENT_3D('',#10943,#6233,#6234);
#5389=AXIS2_PLACEMENT_3D('',#10944,#6235,#6236);
#5390=AXIS2_PLACEMENT_3D('',#10946,#6237,#6238);
#5391=AXIS2_PLACEMENT_3D('',#10948,#6239,#6240);
#5392=AXIS2_PLACEMENT_3D('',#10949,#6241,#6242);
#5393=AXIS2_PLACEMENT_3D('',#11080,#6243,#6244);
#5394=AXIS2_PLACEMENT_3D('',#11103,#6247,#6248);
#5395=AXIS2_PLACEMENT_3D('',#11108,#6251,#6252);
#5396=AXIS2_PLACEMENT_3D('',#11120,#6256,#6257);
#5397=AXIS2_PLACEMENT_3D('',#11125,#6260,#6261);
#5398=AXIS2_PLACEMENT_3D('',#11134,#6262,#6263);
#5399=AXIS2_PLACEMENT_3D('',#11135,#6264,#6265);
#5400=AXIS2_PLACEMENT_3D('',#11136,#6266,#6267);
#5401=AXIS2_PLACEMENT_3D('',#11137,#6268,#6269);
#5402=AXIS2_PLACEMENT_3D('',#11147,#6270,#6271);
#5403=AXIS2_PLACEMENT_3D('',#11239,#6272,#6273);
#5404=AXIS2_PLACEMENT_3D('',#11244,#6274,#6275);
#5405=AXIS2_PLACEMENT_3D('',#11254,#6276,#6277);
#5406=AXIS2_PLACEMENT_3D('',#11255,#6278,#6279);
#5407=AXIS2_PLACEMENT_3D('',#11260,#6282,#6283);
#5408=AXIS2_PLACEMENT_3D('',#11262,#6284,#6285);
#5409=AXIS2_PLACEMENT_3D('',#11263,#6286,#6287);
#5410=AXIS2_PLACEMENT_3D('',#11307,#6289,#6290);
#5411=AXIS2_PLACEMENT_3D('',#11308,#6291,#6292);
#5412=AXIS2_PLACEMENT_3D('',#11510,#6296,#6297);
#5413=AXIS2_PLACEMENT_3D('',#11537,#6298,#6299);
#5414=AXIS2_PLACEMENT_3D('',#11538,#6300,#6301);
#5415=AXIS2_PLACEMENT_3D('',#11539,#6302,#6303);
#5416=AXIS2_PLACEMENT_3D('',#11540,#6304,#6305);
#5417=AXIS2_PLACEMENT_3D('',#11541,#6306,#6307);
#5418=AXIS2_PLACEMENT_3D('',#11552,#6308,#6309);
#5419=AXIS2_PLACEMENT_3D('',#11553,#6310,#6311);
#5420=AXIS2_PLACEMENT_3D('',#11562,#6312,#6313);
#5421=AXIS2_PLACEMENT_3D('',#11563,#6314,#6315);
#5422=AXIS2_PLACEMENT_3D('',#11579,#6316,#6317);
#5423=AXIS2_PLACEMENT_3D('',#11580,#6318,#6319);
#5424=AXIS2_PLACEMENT_3D('',#11581,#6320,#6321);
#5425=AXIS2_PLACEMENT_3D('',#11582,#6322,#6323);
#5426=AXIS2_PLACEMENT_3D('',#11583,#6324,#6325);
#5427=AXIS2_PLACEMENT_3D('',#11625,#6327,#6328);
#5428=AXIS2_PLACEMENT_3D('',#11670,#6329,#6330);
#5429=AXIS2_PLACEMENT_3D('',#11671,#6331,#6332);
#5430=AXIS2_PLACEMENT_3D('',#11672,#6333,#6334);
#5431=AXIS2_PLACEMENT_3D('',#11673,#6335,#6336);
#5432=AXIS2_PLACEMENT_3D('',#11674,#6337,#6338);
#5433=AXIS2_PLACEMENT_3D('',#11715,#6339,#6340);
#5434=AXIS2_PLACEMENT_3D('',#11724,#6341,#6342);
#5435=AXIS2_PLACEMENT_3D('',#11819,#6343,#6344);
#5436=AXIS2_PLACEMENT_3D('',#11820,#6345,#6346);
#5437=AXIS2_PLACEMENT_3D('',#11821,#6347,#6348);
#5438=AXIS2_PLACEMENT_3D('',#11822,#6349,#6350);
#5439=AXIS2_PLACEMENT_3D('',#11823,#6351,#6352);
#5440=AXIS2_PLACEMENT_3D('',#11838,#6353,#6354);
#5441=AXIS2_PLACEMENT_3D('',#11839,#6355,#6356);
#5442=AXIS2_PLACEMENT_3D('',#11863,#6357,#6358);
#5443=AXIS2_PLACEMENT_3D('',#11880,#6359,#6360);
#5444=AXIS2_PLACEMENT_3D('',#11881,#6361,#6362);
#5445=AXIS2_PLACEMENT_3D('',#11882,#6363,#6364);
#5446=AXIS2_PLACEMENT_3D('',#11907,#6365,#6366);
#5447=AXIS2_PLACEMENT_3D('',#11916,#6367,#6368);
#5448=AXIS2_PLACEMENT_3D('',#11917,#6369,#6370);
#5449=AXIS2_PLACEMENT_3D('',#11918,#6371,#6372);
#5450=AXIS2_PLACEMENT_3D('',#11927,#6373,#6374);
#5451=AXIS2_PLACEMENT_3D('',#11953,#6376,#6377);
#5452=AXIS2_PLACEMENT_3D('',#12037,#6379,#6380);
#5453=AXIS2_PLACEMENT_3D('',#12039,#6381,#6382);
#5454=AXIS2_PLACEMENT_3D('',#12040,#6383,#6384);
#5455=AXIS2_PLACEMENT_3D('',#12042,#6385,#6386);
#5456=AXIS2_PLACEMENT_3D('',#12043,#6387,#6388);
#5457=AXIS2_PLACEMENT_3D('',#12045,#6389,#6390);
#5458=AXIS2_PLACEMENT_3D('',#12046,#6391,#6392);
#5459=AXIS2_PLACEMENT_3D('',#12048,#6393,#6394);
#5460=AXIS2_PLACEMENT_3D('',#12049,#6395,#6396);
#5461=AXIS2_PLACEMENT_3D('',#12051,#6397,#6398);
#5462=AXIS2_PLACEMENT_3D('',#12052,#6399,#6400);
#5463=AXIS2_PLACEMENT_3D('',#12054,#6401,#6402);
#5464=AXIS2_PLACEMENT_3D('',#12055,#6403,#6404);
#5465=AXIS2_PLACEMENT_3D('',#12057,#6405,#6406);
#5466=AXIS2_PLACEMENT_3D('',#12058,#6407,#6408);
#5467=AXIS2_PLACEMENT_3D('',#12060,#6409,#6410);
#5468=DIRECTION('',(0.,0.,1.));
#5469=DIRECTION('',(1.,0.,0.));
#5470=DIRECTION('',(0.999054700382195,-0.043464548631006,-0.000733932249341571));
#5471=DIRECTION('',(-0.999054700380974,0.0434645486588199,0.000733932263587462));
#5472=DIRECTION('',(0.00158683753288714,0.0533359771123519,-0.998575362950696));
#5473=DIRECTION('',(-0.999054700380974,0.0434645486588207,0.000733932263605485));
#5474=DIRECTION('',(0.00158683753287068,0.0533359771123557,-0.998575362950696));
#5475=DIRECTION('',(0.999054700382195,-0.043464548631006,-0.000733932249341571));
#5476=DIRECTION('',(-0.999054700380974,0.0434645486588206,0.000733932263607573));
#5477=DIRECTION('',(0.00158683753286815,0.0533359771123598,-0.998575362950696));
#5478=DIRECTION('',(-0.999054700382195,0.0434645486310056,0.000733932249348038));
#5479=DIRECTION('',(-0.999054700380886,0.043464548660844,0.000733932262753735));
#5480=DIRECTION('',(0.0395149926403901,0.915050097149383,-0.40139990665611));
#5481=DIRECTION('',(0.999054700380974,-0.0434645486588236,-0.000733932263601638));
#5482=DIRECTION('',(0.0389576854731677,0.902697846091313,-0.42850775652802));
#5483=DIRECTION('',(0.999054700380974,-0.0434645486588212,-0.000733932263602239));
#5484=DIRECTION('',(0.0142842018310961,0.34418188818304,-0.938794327541877));
#5485=DIRECTION('',(-0.999054700382195,0.043464548631006,0.000733932249341571));
#5486=DIRECTION('',(-0.999054700380974,0.0434645486588182,0.000733932263607157));
#5487=DIRECTION('',(-0.0434417724469028,-0.997630245409977,-0.0533545297973968));
#5488=DIRECTION('',(-0.999054700380974,0.0434645486588194,0.000733932263607637));
#5489=DIRECTION('',(-0.00158683753286715,-0.053335977112343,0.998575362950697));
#5490=DIRECTION('',(-0.999054700382195,0.043464548631006,0.000733932249341571));
#5491=DIRECTION('',(-0.999054700380974,0.0434645486588204,0.000733932263594385));
#5492=DIRECTION('',(-0.00158683753230361,-0.0533359770990822,0.998575362951406));
#5493=DIRECTION('',(-0.999054700382194,0.043464548631007,0.00073393224934912));
#5494=DIRECTION('',(0.999054700380971,-0.0434645486588841,-0.000733932263675669));
#5495=DIRECTION('',(0.0351073703121135,0.796774269866088,0.603256359625931));
#5496=DIRECTION('',(-0.999054700382195,0.0434645486310056,0.000733932249348038));
#5497=DIRECTION('',(0.043441772446865,0.997630245409268,0.0533545298106753));
#5498=DIRECTION('',(-0.0434417724186721,-0.997630245411221,-0.0533545297971099));
#5499=DIRECTION('',(0.999054700382198,-0.0434645486307009,-0.000733932261985726));
#5500=DIRECTION('',(0.0434417724468825,0.997630245409268,0.0533545298106572));
#5501=DIRECTION('',(0.999054700382194,-0.0434645486310114,-0.000733932249354949));
#5502=DIRECTION('',(0.999054700382195,-0.0434645486310056,-0.000733932249348038));
#5503=DIRECTION('',(-0.999054700380972,0.0434645486588532,0.000733932263490668));
#5504=DIRECTION('',(-0.0434417724469021,-0.997630245410019,-0.0533545297965965));
#5505=DIRECTION('',(0.00158683753229091,0.0533359770990824,-0.998575362951406));
#5506=DIRECTION('',(-0.00158683754558782,-0.0533359771118068,0.998575362950705));
#5507=DIRECTION('',(-0.675720381549755,0.736165188727523,0.0382463183067765));
#5508=DIRECTION('',(0.00158683753228941,0.0533359770990845,-0.998575362951406));
#5509=DIRECTION('',(0.999054700382195,-0.0434645486310011,-0.000733932249344263));
#5510=DIRECTION('',(0.999054700382195,-0.0434645486310056,-0.000733932249348038));
#5511=DIRECTION('',(-0.999054700382194,0.0434645486310074,0.000733932249350147));
#5512=DIRECTION('',(0.999054700380984,-0.0434645486585617,-0.000733932264859005));
#5513=DIRECTION('',(0.00158683753157381,0.0533359771112051,-0.99857536295076));
#5514=DIRECTION('',(-0.999054700382195,0.0434645486310056,0.000733932249348038));
#5515=DIRECTION('',(0.999054700380974,-0.0434645486588193,-0.000733932263608872));
#5516=DIRECTION('',(0.0434645603650563,0.99905496945477,0.));
#5517=DIRECTION('',(0.707560416997985,0.0069801540100918,-0.706618379146504));
#5518=DIRECTION('',(0.999054700380974,-0.043464548658811,-0.000733932263621045));
#5519=DIRECTION('',(0.021917990615346,0.518232767292028,-0.854958712799765));
#5520=DIRECTION('',(-0.999054700380985,0.0434645486585598,0.000733932264109157));
#5521=DIRECTION('',(0.0177743177191127,0.423842807975685,-0.905561344005422));
#5522=DIRECTION('',(-0.999054700380974,0.0434645486588158,0.000733932263639079));
#5523=DIRECTION('',(0.00158683753283622,0.053335977112342,-0.998575362950697));
#5524=DIRECTION('',(-0.999054700382195,0.0434645486310056,0.000733932249348038));
#5525=DIRECTION('',(0.999054700380974,-0.0434645486588184,-0.000733932263591404));
#5526=DIRECTION('',(0.017774317719687,0.423842807975573,-0.905561344005464));
#5527=DIRECTION('',(0.999054700380974,-0.043464548658826,-0.000733932263634598));
#5528=DIRECTION('',(0.00158683753284203,0.0533359771123794,-0.998575362950695));
#5529=DIRECTION('',(0.999054700382195,-0.0434645486310056,-0.000733932249348038));
#5530=DIRECTION('',(0.999054700382195,-0.0434645486310056,-0.000733932249348038));
#5531=DIRECTION('',(-0.99905470038099,0.0434645486582834,0.000733932274019002));
#5532=DIRECTION('',(0.000966441353416536,0.039087000725808,-0.999235343833159));
#5533=DIRECTION('',(-0.999054700382195,0.0434645486310055,0.000733932249347371));
#5534=DIRECTION('',(-0.999054700382195,0.0434645486310056,0.000733932249348038));
#5535=DIRECTION('',(-0.304570434269136,0.939388963035126,0.157433245208568));
#5536=DIRECTION('',(0.999054700382194,-0.0434645486310054,-0.000733932249349786));
#5537=DIRECTION('',(0.999054700382195,-0.0434645486310056,-0.000733932249348038));
#5538=DIRECTION('',(0.999054700380974,-0.0434645486588127,-0.000733932263606364));
#5539=DIRECTION('',(0.0434645603650497,0.999054969454771,0.));
#5540=DIRECTION('',(0.0378284762860798,0.877577115449683,-0.477940804724694));
#5541=DIRECTION('',(-0.999054700381641,0.0434645486433494,0.00073393227229121));
#5542=DIRECTION('',(-0.999054700380973,0.0434645486588349,0.000733932263611804));
#5543=DIRECTION('',(-0.0434420617560028,-0.997639977245536,-0.0531720139915223));
#5544=DIRECTION('',(0.00157889743556469,0.0531536340499316,-0.998585098161481));
#5545=DIRECTION('',(-0.737156529869269,-0.674703915997315,-0.0370793232002217));
#5546=DIRECTION('',(0.00157889743617521,0.0531536340504343,-0.998585098161453));
#5547=DIRECTION('',(-0.999054700380958,0.0434645486594116,0.00073393225068785));
#5548=DIRECTION('',(0.999054700380975,-0.0434645486587974,-0.000733932263601451));
#5549=DIRECTION('',(-0.0214175635211539,-0.477461243909812,-0.878391739793193));
#5550=DIRECTION('',(-0.00157889742264692,-0.0531536340377165,0.998585098162151));
#5551=DIRECTION('',(0.00157889743573847,0.0531536340504209,-0.998585098161454));
#5552=DIRECTION('',(-0.999054700380935,0.0434645486599306,0.000733932251091297));
#5553=DIRECTION('',(-0.00157889742265877,-0.0531536340377274,0.998585098162151));
#5554=DIRECTION('',(0.999054700380974,-0.0434645486588153,-0.000733932263602359));
#5555=DIRECTION('',(0.0434645603650523,0.999054969454771,0.));
#5556=DIRECTION('',(0.675706976384985,-0.736652774917669,-0.0276183140462832));
#5557=DIRECTION('',(0.999054700380974,-0.0434645486588112,-0.000733932263616455));
#5558=DIRECTION('',(-0.0312760646659106,-0.706965469256665,-0.706556178274393));
#5559=DIRECTION('',(-0.684322836004592,0.53063415447273,0.500129633424819));
#5560=DIRECTION('',(-0.999054700380976,0.0434645486587647,0.000733932263571584));
#5561=DIRECTION('',(-0.0434607301914207,-0.998319796393455,-0.0383242620301895));
#5562=DIRECTION('',(-0.999054700380974,0.0434645486588228,0.00073393226360449));
#5563=DIRECTION('',(-0.0434645603650598,-0.99905496945477,0.));
#5564=DIRECTION('',(-0.675828473759043,0.733026327763961,0.0769953041516419));
#5565=DIRECTION('',(0.999054700380971,-0.0434645486588825,-0.000733932263632225));
#5566=DIRECTION('',(0.0403020139702051,0.91977033269881,0.390382226487152));
#5567=DIRECTION('',(-0.999054700380552,0.043464548668499,0.000733932264664623));
#5568=DIRECTION('',(0.0432889069670022,0.993191225645023,0.108153871106582));
#5569=DIRECTION('',(0.999054700382194,-0.0434645486310089,-0.000733932249348315));
#5570=DIRECTION('',(0.999054700382195,-0.0434645486310056,-0.000733932249348038));
#5571=DIRECTION('',(0.999054700380969,-0.0434645486589221,-0.00073393226360325));
#5572=DIRECTION('',(-0.0312760646659943,-0.706965469256655,-0.706556178274401));
#5573=DIRECTION('',(0.999054700380974,-0.0434645486588197,-0.000733932263608113));
#5574=DIRECTION('',(0.0434645603650567,0.99905496945477,0.));
#5575=DIRECTION('',(0.0223439573560039,0.498958416176566,0.866337836237253));
#5576=DIRECTION('',(-0.764534928964703,0.566897029294928,-0.306780215414101));
#5577=DIRECTION('',(-0.99905470038098,0.0434645486586907,0.000733932263690897));
#5578=DIRECTION('',(0.0334668171314612,0.77980747150083,-0.625124211291301));
#5579=DIRECTION('',(-0.999054700380977,0.043464548658736,0.000733932263682668));
#5580=DIRECTION('',(0.0334668171303223,0.779807471474253,-0.625124211324515));
#5581=DIRECTION('',(-0.999054700382195,0.0434645486310037,0.000733932249340988));
#5582=DIRECTION('',(-0.999054700380975,0.0434645486587914,0.000733932263617959));
#5583=DIRECTION('',(-0.0110183286351961,-0.236857656049068,-0.971481882077596));
#5584=DIRECTION('',(-0.999054700382195,0.0434645486310056,0.000733932249348038));
#5585=DIRECTION('',(-0.999054700380196,0.0434645486772682,0.000733932229492583));
#5586=DIRECTION('',(0.018358718184097,0.437168004849593,-0.899192467162878));
#5587=DIRECTION('',(-0.999054700382194,0.0434645486310077,0.00073393224935184));
#5588=DIRECTION('',(0.999054700382195,-0.0434645486310056,-0.000733932249348038));
#5589=DIRECTION('',(0.999054700380967,-0.0434645486589865,-0.000733932263703081));
#5590=DIRECTION('',(0.0363770197270043,0.826662540490233,0.561520931565347));
#5591=DIRECTION('',(-0.999054700382195,0.0434645486310056,0.000733932249348038));
#5592=DIRECTION('',(-0.999054700380974,0.0434645486588096,0.000733932263661608));
#5593=DIRECTION('',(0.0434420617560007,0.997639977245538,0.0531720139914758));
#5594=DIRECTION('',(0.999054700382195,-0.0434645486310035,-0.000733932249347705));
#5595=DIRECTION('',(0.999054700380976,-0.0434645486587778,-0.000733932263610902));
#5596=DIRECTION('',(0.0432889069572342,0.993191225645463,0.108153871106453));
#5597=DIRECTION('',(0.999054700382195,-0.0434645486310056,-0.000733932249348038));
#5598=DIRECTION('',(-0.999054700380974,0.0434645486588211,0.000733932263609971));
#5599=DIRECTION('',(-0.0434645603650581,-0.99905496945477,0.));
#5600=DIRECTION('',(-0.721582857804027,-0.306882006254037,-0.62059778726714));
#5601=DIRECTION('',(0.999054700380974,-0.0434645486588252,-0.000733932263576553));
#5602=DIRECTION('',(0.0209977100182761,0.4972885675783,-0.867331065239745));
#5603=DIRECTION('',(0.691590730271866,-0.38237019542174,0.612776709295619));
#5604=DIRECTION('',(-0.999054700380974,0.0434645486588258,0.00073393226362777));
#5605=DIRECTION('',(-0.0214175635211944,-0.477461243909875,-0.878391739793158));
#5606=DIRECTION('',(0.999054700380974,-0.0434645486588176,-0.000733932263592531));
#5607=DIRECTION('',(0.0434645603650546,0.999054969454771,0.));
#5608=DIRECTION('',(0.723040154961125,0.340710653298909,0.600940250809032));
#5609=DIRECTION('',(0.999054700380973,-0.043464548658833,-0.000733932263649195));
#5610=DIRECTION('',(-0.0166620192697541,-0.398469723070479,0.917030128681708));
#5611=DIRECTION('',(0.694656526600152,-0.312494720357951,0.647919254074316));
#5612=DIRECTION('',(-0.999054700380973,0.0434645486588369,0.00073393226358357));
#5613=DIRECTION('',(0.0234784929261399,0.525302175358867,0.850591785131481));
#5614=DIRECTION('',(-0.999054700380974,0.0434645486588159,0.000733932263629687));
#5615=DIRECTION('',(-0.0434645603650529,-0.999054969454771,0.));
#5616=DIRECTION('',(-0.701943406211127,0.145833273492319,-0.697142819527846));
#5617=DIRECTION('',(0.999054700381135,-0.0434645486548083,-0.000733932281479943));
#5618=DIRECTION('',(0.0110496085482983,0.270237299046089,-0.962730340414804));
#5619=DIRECTION('',(0.698625100265596,-0.221820703759724,0.680234183691489));
#5620=DIRECTION('',(-0.999054700380986,0.0434645486585519,0.000733932263464981));
#5621=DIRECTION('',(0.00635681529244958,0.162774844596726,-0.986642762536598));
#5622=DIRECTION('',(0.999054700382194,-0.0434645486310088,-0.000733932249344069));
#5623=DIRECTION('',(0.999054700382195,-0.043464548631005,-0.000733932249350896));
#5624=DIRECTION('',(0.999054700380978,-0.0434645486587244,-0.000733932263555828));
#5625=DIRECTION('',(0.00635681529258204,0.162774844599889,-0.986642762536075));
#5626=DIRECTION('',(0.999054700382195,-0.0434645486310056,-0.000733932249348038));
#5627=DIRECTION('',(0.999054700381036,-0.0434645486571304,-0.000733932278245206));
#5628=DIRECTION('',(0.00635681527764482,0.162774844596376,-0.986642762536751));
#5629=DIRECTION('',(0.999054700382195,-0.0434645486310049,-0.000733932249347344));
#5630=DIRECTION('',(0.999054700380973,-0.0434645486588344,-0.000733932263609255));
#5631=DIRECTION('',(-0.0214175635211828,-0.47746124390966,-0.878391739793275));
#5632=DIRECTION('',(0.999054700382195,-0.0434645486310056,-0.000733932249348038));
#5633=DIRECTION('',(-0.0288609375087067,-0.675819686693153,0.73650172936938));
#5634=DIRECTION('',(-0.0288609375087067,-0.675819686693153,0.73650172936938));
#5635=DIRECTION('',(-0.0288609375000783,-0.675819686686369,0.736501729375942));
#5636=DIRECTION('',(0.,-0.736808657056869,-0.676101325901712));
#5637=DIRECTION('',(0.00257866542580252,0.0424014077590626,0.999097328144096));
#5638=DIRECTION('',(0.0288609375000711,0.675819686686405,-0.73650172937591));
#5639=DIRECTION('',(-0.0325077211262064,-0.735784332598535,-0.676435262216355));
#5640=DIRECTION('',(-0.0433941946728803,-0.998154774386839,0.042473406237919));
#5641=DIRECTION('',(-0.0288609375000945,-0.675819686686388,0.736501729375925));
#5642=DIRECTION('',(0.0325077211262288,0.735784332598552,0.676435262216336));
#5643=DIRECTION('',(-0.0288609375087076,-0.675819686693164,0.73650172936937));
#5644=DIRECTION('',(-0.0288609375087076,-0.675819686693164,0.73650172936937));
#5645=DIRECTION('',(0.999054700380974,-0.0434645486588192,-0.000733932263606999));
#5646=DIRECTION('',(0.0434645603650563,0.99905496945477,0.));
#5647=DIRECTION('',(0.707560416997988,0.00698015401009202,-0.706618379146501));
#5648=DIRECTION('',(0.999054700380974,-0.0434645486588243,-0.000733932263603819));
#5649=DIRECTION('',(0.0290651062164831,0.680440422147011,-0.732226776012065));
#5650=DIRECTION('',(-0.726990487113022,-0.450409959620259,0.518281487149645));
#5651=DIRECTION('',(-0.999054700380974,0.0434645486588184,0.000733932263608989));
#5652=DIRECTION('',(-0.0434645603650554,-0.999054969454771,0.));
#5653=DIRECTION('',(-0.675720381534729,0.736165188741277,0.0382463183075156));
#5654=DIRECTION('',(-0.999054700380974,0.0434645486588181,0.000733932263609639));
#5655=DIRECTION('',(0.0434417724469042,0.997630245409977,0.0533545297973822));
#5656=DIRECTION('',(-0.737156325283085,-0.674697034565362,-0.0372083813655572));
#5657=DIRECTION('',(0.999054700380974,-0.0434645486588195,-0.000733932263607635));
#5658=DIRECTION('',(-0.0434417724468819,-0.997630245409268,-0.0533545298106721));
#5659=DIRECTION('',(0.999054700380974,-0.0434645486588207,-0.000733932263608463));
#5660=DIRECTION('',(0.0434645603650577,0.99905496945477,0.));
#5661=DIRECTION('',(0.675720381534729,-0.736165188741277,-0.0382463183075145));
#5662=DIRECTION('',(-0.999054700380974,0.0434645486588192,0.000733932263607584));
#5663=DIRECTION('',(-0.0434417724468827,-0.997630245409268,-0.0533545298106639));
#5664=DIRECTION('',(0.737156325283085,0.674697034565362,0.0372083813655562));
#5665=DIRECTION('',(0.999054700380974,-0.0434645486588197,-0.000733932263607845));
#5666=DIRECTION('',(0.0434417724468827,0.997630245409268,0.0533545298106694));
#5667=DIRECTION('',(0.999054700382194,-0.0434645486310065,-0.000733932249334521));
#5668=DIRECTION('',(0.999054700380974,-0.0434645486588189,-0.000733932263601437));
#5669=DIRECTION('',(-0.0015868375328737,-0.0533359771123481,0.998575362950697));
#5670=DIRECTION('',(-0.999054700380974,0.0434645486588199,0.00073393226359364));
#5671=DIRECTION('',(0.0385130167819562,0.892818988124463,-0.448766088271788));
#5672=DIRECTION('',(-0.999054700382195,0.0434645486310058,0.000733932249333133));
#5673=DIRECTION('',(0.999054700380975,-0.0434645486587958,-0.000733932263580201));
#5674=DIRECTION('',(0.0234784929261018,0.525302175358555,0.850591785131675));
#5675=DIRECTION('',(-0.999054700382195,0.0434645486310061,0.000733932249334188));
#5676=DIRECTION('',(-0.999054700380969,0.0434645486589405,0.000733932263629822));
#5677=DIRECTION('',(0.0434420617561117,0.997639977245535,0.0531720139914531));
#5678=DIRECTION('',(-0.999054700382195,0.0434645486310061,0.000733932249334188));
#5679=DIRECTION('',(0.999054700380295,-0.043464548674022,-0.00073393228706408));
#5680=DIRECTION('',(0.0234784929540744,0.525302175357447,0.850591785131587));
#5681=DIRECTION('',(0.999054700382194,-0.0434645486310082,-0.000733932249335909));
#5682=DIRECTION('',(-0.999054700380971,0.0434645486588843,0.000733932263644603));
#5683=DIRECTION('',(-0.0434417724469734,-0.997630245409987,-0.0533545297971516));
#5684=DIRECTION('',(0.999054700382195,-0.0434645486310061,-0.000733932249334188));
#5685=DIRECTION('',(-0.999054700382194,0.0434645486310074,0.000733932249350147));
#5686=DIRECTION('',(-0.999054700382195,0.0434645486310061,0.000733932249334188));
#5687=DIRECTION('',(-0.999054700380978,0.0434645486589813,0.000733932248107343));
#5688=DIRECTION('',(-0.00320240760118875,-0.0567504960957639,-0.998383255958573));
#5689=DIRECTION('',(0.999054700382195,-0.0434645486310057,-0.000733932249339878));
#5690=DIRECTION('',(-0.999054700380968,0.0434645486589702,0.000733932262422586));
#5691=DIRECTION('',(0.00158683753386574,0.0533359771078051,-0.998575362950938));
#5692=DIRECTION('',(0.999054700382195,-0.0434645486310061,-0.000733932249334188));
#5693=DIRECTION('',(-0.999054700380967,0.0434645486589771,0.000733932264012313));
#5694=DIRECTION('',(0.00158683753231613,0.0533359771086903,-0.998575362950893));
#5695=DIRECTION('',(-0.999054700382194,0.0434645486310079,0.000733932249339794));
#5696=DIRECTION('',(0.999054700379338,-0.0434645486976505,-0.000733932190844162));
#5697=DIRECTION('',(0.0200322200644863,0.475303356682981,-0.87959390020917));
#5698=DIRECTION('',(-0.999054700382195,0.0434645486310061,0.000733932249334188));
#5699=DIRECTION('',(0.999054700382195,-0.0434645486309975,-0.000733932249324168));
#5700=DIRECTION('',(-0.999054700380963,0.0434645486590708,0.000733932263626285));
#5701=DIRECTION('',(-0.0434417724471238,-0.997630245410008,-0.0533545297966297));
#5702=DIRECTION('',(0.999054700382195,-0.0434645486310061,-0.000733932249334188));
#5703=DIRECTION('',(-0.0434417724468429,-0.997630245409272,-0.053354529810617));
#5704=DIRECTION('',(-0.0434417724468825,-0.997630245409268,-0.0533545298106572));
#5705=DIRECTION('',(0.0434417724185861,0.997630245411208,0.0533545297974246));
#5706=DIRECTION('',(-0.999054700382207,0.0434645486305145,0.00073393226193397));
#5707=DIRECTION('',(-0.999054700382195,0.0434645486309958,0.000733932249343736));
#5708=DIRECTION('',(-0.999054700382195,0.0434645486309958,0.000733932249343736));
#5709=DIRECTION('',(-0.999054700382195,0.0434645486310061,0.000733932249334188));
#5710=DIRECTION('',(-0.999054700380974,0.0434645486588204,0.000733932263595329));
#5711=DIRECTION('',(-0.0434645603650574,-0.99905496945477,0.));
#5712=DIRECTION('',(-0.705316289829511,0.0684483081657603,-0.705580442196621));
#5713=DIRECTION('',(0.99905470038097,-0.0434645486590009,-0.000733932258443509));
#5714=DIRECTION('',(0.00158683753802748,0.0533359771120866,-0.998575362950702));
#5715=DIRECTION('',(0.99905470038099,-0.0434645486582948,-0.000733932272763193));
#5716=DIRECTION('',(0.00158683752369775,0.0533359771125541,-0.9985753629507));
#5717=DIRECTION('',(-0.00158683753231172,-0.0533359770990915,0.998575362951406));
#5718=DIRECTION('',(-0.00158683753230326,-0.0533359770990836,0.998575362951406));
#5719=DIRECTION('',(-0.0015868375455553,-0.0533359771115974,0.998575362950716));
#5720=DIRECTION('',(0.0434417724183518,0.997630245410519,0.0533545298105024));
#5721=DIRECTION('',(-0.999054700382195,0.0434645486310061,0.000733932249334188));
#5722=DIRECTION('',(0.999054700380974,-0.0434645486588254,-0.000733932263571809));
#5723=DIRECTION('',(0.0167291030553723,0.40000040066796,-0.916362273654058));
#5724=DIRECTION('',(0.999054700382195,-0.0434645486310061,-0.000733932249334188));
#5725=DIRECTION('',(0.999054700382195,-0.0434645486310061,-0.000733932249334188));
#5726=DIRECTION('',(-0.999054700380974,0.0434645486588217,0.000733932263612314));
#5727=DIRECTION('',(-0.0109688378767995,-0.235715385769533,-0.97176022840367));
#5728=DIRECTION('',(-0.999054700380974,0.0434645486588148,0.000733932263599019));
#5729=DIRECTION('',(0.00158683753287639,0.0533359771123741,-0.998575362950695));
#5730=DIRECTION('',(0.999054700382194,-0.0434645486310128,-0.000733932249326583));
#5731=DIRECTION('',(-0.999054700382195,0.0434645486310067,0.000733932249331357));
#5732=DIRECTION('',(-0.383328900050705,-0.910564154737392,-0.154699303467391));
#5733=DIRECTION('',(-0.999054700382195,0.0434645486310061,0.000733932249334188));
#5734=DIRECTION('',(-0.999054700382195,0.0434645486310064,0.000733932249333105));
#5735=DIRECTION('',(-0.999054700382195,0.0434645486310061,0.000733932249334188));
#5736=DIRECTION('',(0.00157889742266712,0.0531536340377321,-0.99858509816215));
#5737=DIRECTION('',(-0.00157889743603432,-0.0531536340501246,0.99858509816147));
#5738=DIRECTION('',(0.999054700380952,-0.0434645486595402,-0.000733932250676149));
#5739=DIRECTION('',(0.00157889742267259,0.0531536340377265,-0.998585098162151));
#5740=DIRECTION('',(-0.00157889743542879,-0.0531536340505889,0.998585098161446));
#5741=DIRECTION('',(0.999054700380967,-0.0434645486591844,-0.000733932251413624));
#5742=DIRECTION('',(-0.999054700380974,0.0434645486588102,0.000733932263591681));
#5743=DIRECTION('',(-0.0434645603650472,-0.999054969454771,0.));
#5744=DIRECTION('',(-0.0434417724182563,-0.997630245411227,-0.053354529797343));
#5745=DIRECTION('',(0.999054700382216,-0.0434645486302957,-0.000733932261923846));
#5746=DIRECTION('',(0.999054700380977,-0.0434645486587375,-0.000733932263791074));
#5747=DIRECTION('',(0.0209977100180566,0.497288567578311,-0.867331065239744));
#5748=DIRECTION('',(-0.0380631293811731,-0.866495766617675,-0.497731136875482));
#5749=DIRECTION('',(0.999054700382171,-0.0434645486315695,-0.000733932248264677));
#5750=DIRECTION('',(-0.999054700380977,0.0434645486587363,0.000733932263838142));
#5751=DIRECTION('',(0.00158683753263413,0.0533359771124851,-0.998575362950689));
#5752=DIRECTION('',(0.999054700380974,-0.0434645486588102,-0.000733932263591812));
#5753=DIRECTION('',(0.0434645603650472,0.999054969454771,0.));
#5754=DIRECTION('',(0.737048233058262,0.671558173587696,0.0759573672085372));
#5755=DIRECTION('',(-0.999054700380973,0.0434645486588417,0.000733932263576327));
#5756=DIRECTION('',(0.0325037603786705,0.758113329113335,-0.651312279772109));
#5757=DIRECTION('',(0.729421982787628,0.505332998851028,-0.461066298159378));
#5758=DIRECTION('',(-0.999054700380974,0.0434645486588309,0.000733932263618794));
#5759=DIRECTION('',(0.0325037603786508,0.7581133291134,-0.651312279772034));
#5760=DIRECTION('',(-0.999054700380974,0.0434645486588243,0.000733932263600326));
#5761=DIRECTION('',(-0.0434645603650613,-0.99905496945477,0.));
#5762=DIRECTION('',(-0.737169730432974,-0.675184620741876,-0.0265803771046439));
#5763=DIRECTION('',(0.999054700380977,-0.043464548658744,-0.00073393226359567));
#5764=DIRECTION('',(-0.0434607301914118,-0.998319796393452,-0.0383242620302776));
#5765=DIRECTION('',(0.729233959764141,0.501093900889585,-0.465964305948395));
#5766=DIRECTION('',(0.999054700380977,-0.043464548658749,-0.000733932263614687));
#5767=DIRECTION('',(-0.0434607301914112,-0.998319796393461,-0.0383242620300493));
#5768=DIRECTION('',(0.999054700382195,-0.0434645486310051,-0.000733932249334271));
#5769=DIRECTION('',(0.999054700382195,-0.0434645486310061,-0.000733932249334188));
#5770=DIRECTION('',(0.999054700382194,-0.043464548631009,-0.000733932249339434));
#5771=DIRECTION('',(0.999054700380995,-0.0434645486583501,-0.000733932263145407));
#5772=DIRECTION('',(0.0195641720753331,0.434487370330075,0.900465417545096));
#5773=DIRECTION('',(0.999054700382195,-0.0434645486310061,-0.000733932249334188));
#5774=DIRECTION('',(-0.999054700381114,0.0434645486556563,0.000733932260611016));
#5775=DIRECTION('',(0.032939476707548,0.74589739525171,0.665245869307692));
#5776=DIRECTION('',(0.999054700382195,-0.0434645486310064,-0.000733932249333799));
#5777=DIRECTION('',(0.999054700380972,-0.0434645486588752,-0.000733932263547605));
#5778=DIRECTION('',(0.0349213184100869,0.81251005172676,-0.58190026410329));
#5779=DIRECTION('',(-0.999054700382195,0.0434645486310061,0.000733932249334188));
#5780=DIRECTION('',(0.999054700380975,-0.0434645486588,-0.000733932263616017));
#5781=DIRECTION('',(0.0349213184099989,0.812510051726703,-0.581900264103376));
#5782=DIRECTION('',(0.999054700382194,-0.0434645486310088,-0.000733932249334465));
#5783=DIRECTION('',(0.999054700380987,-0.0434645486585213,-0.000733932263690456));
#5784=DIRECTION('',(-0.0434007060755546,-0.99634487790376,-0.0735748801363916));
#5785=DIRECTION('',(0.999054700382195,-0.0434645486310061,-0.000733932249334188));
#5786=DIRECTION('',(-0.999054700380896,0.0434645486606292,0.000733932262960111));
#5787=DIRECTION('',(-0.0410364310628764,-0.948544850818521,0.313972414889096));
#5788=DIRECTION('',(0.999054700382194,-0.0434645486310071,-0.000733932249333105));
#5789=DIRECTION('',(0.999054700380973,-0.04346454865883,-0.000733932263888539));
#5790=DIRECTION('',(0.023836533999202,0.561857507563285,-0.826890537400011));
#5791=DIRECTION('',(0.999054700382195,-0.0434645486310061,-0.000733932249334188));
#5792=DIRECTION('',(-0.999054700381022,0.0434645486576167,0.000733932268813643));
#5793=DIRECTION('',(0.00809695434397275,0.202647455572701,-0.979218284184002));
#5794=DIRECTION('',(-0.999054700380974,0.0434645486588202,0.000733932263595168));
#5795=DIRECTION('',(-0.0434645603650573,-0.99905496945477,0.));
#5796=DIRECTION('',(-0.707560416997997,-0.00698015401009116,0.706618379146493));
#5797=DIRECTION('',(-0.999054700380974,0.0434645486588208,0.00073393226359348));
#5798=DIRECTION('',(0.0351741140301236,0.79834356821224,0.601174125188654));
#5799=DIRECTION('',(0.999054700380974,-0.0434645486588185,-0.000733932263593237));
#5800=DIRECTION('',(-0.00158683753288242,-0.0533359771123457,0.998575362950697));
#5801=DIRECTION('',(-0.999054700382195,0.0434645486310064,0.000733932249333799));
#5802=DIRECTION('',(-0.99905470038125,0.0434645486523921,0.000733932268466187));
#5803=DIRECTION('',(-0.0326201353628051,-0.760736401993557,0.648240737265724));
#5804=DIRECTION('',(0.999054700380971,-0.0434645486588803,-0.00073393226339755));
#5805=DIRECTION('',(-0.0349213184102174,-0.812510051726882,0.581900264103113));
#5806=DIRECTION('',(-0.999054700382194,0.0434645486310089,0.000733932249338684));
#5807=DIRECTION('',(-0.999054700380995,0.0434645486584015,0.000733932259487304));
#5808=DIRECTION('',(-0.0085741504269994,-0.180473327203289,-0.983542506510334));
#5809=DIRECTION('',(-0.999054700382195,0.0434645486310061,0.000733932249334188));
#5810=DIRECTION('',(0.999054700380978,-0.0434645486587441,-0.000733932263179646));
#5811=DIRECTION('',(-0.00495931794354885,-0.0971868144955308,-0.995253800924039));
#5812=DIRECTION('',(0.999054700382194,-0.0434645486310065,-0.000733932249334521));
#5813=DIRECTION('',(0.999054700380974,-0.0434645486588166,-0.000733932263602848));
#5814=DIRECTION('',(-0.0359414393728993,-0.835393651176444,0.548475761096052));
#5815=DIRECTION('',(-0.999054700382195,0.0434645486310061,0.000733932249334188));
#5816=DIRECTION('',(0.999054700380974,-0.043464548658824,-0.000733932263587155));
#5817=DIRECTION('',(-0.0359414393729143,-0.835393651176451,0.54847576109604));
#5818=DIRECTION('',(-0.999054700382195,0.0434645486309987,0.000733932249334049));
#5819=DIRECTION('',(-0.999054700381209,0.043464548653448,0.000733932261163475));
#5820=DIRECTION('',(0.0411942857966611,0.941209729209825,0.33530176924447));
#5821=DIRECTION('',(-0.999054700382195,0.0434645486310061,0.000733932249334188));
#5822=DIRECTION('',(0.999054700380993,-0.0434645486583704,-0.000733932263604919));
#5823=DIRECTION('',(0.0398806363541294,0.909696866235074,0.413353536825411));
#5824=DIRECTION('',(0.999054700382194,-0.0434645486310094,-0.000733932249334382));
#5825=DIRECTION('',(-0.999054700380972,0.043464548658858,0.000733932263622993));
#5826=DIRECTION('',(-0.0434607301915165,-0.998319796393457,-0.0383242620300345));
#5827=DIRECTION('',(0.999054700382195,-0.0434645486310061,-0.000733932249334188));
#5828=DIRECTION('',(0.999054700380972,-0.0434645486588575,-0.000733932263604131));
#5829=DIRECTION('',(-0.0312760646659394,-0.706965469256719,-0.706556178274339));
#5830=DIRECTION('',(0.999054700380974,-0.0434645486588239,-0.000733932263586701));
#5831=DIRECTION('',(0.0434645603650609,0.99905496945477,0.));
#5832=DIRECTION('',(0.710933300617358,0.0843651193372504,-0.69818075647537));
#5833=DIRECTION('',(-0.707560416997991,-0.00698015401008364,0.706618379146498));
#5834=DIRECTION('',(-0.99905470038074,0.0434645486647947,0.000733932228128166));
#5835=DIRECTION('',(0.00158683756830841,0.0533359771021825,-0.998575362951183));
#5836=DIRECTION('',(-0.999054700380974,0.0434645486588171,0.000733932263594271));
#5837=DIRECTION('',(-0.0434645603650542,-0.999054969454771,0.));
#5838=DIRECTION('',(-0.689836551858656,0.402178807464688,0.601978187766004));
#5839=DIRECTION('',(0.999054700380973,-0.0434645486588309,-0.00073393226360613));
#5840=DIRECTION('',(0.0234784929261528,0.525302175358703,0.850591785131582));
#5841=DIRECTION('',(-0.675720176962317,0.73617207018819,0.0381172601435371));
#5842=DIRECTION('',(0.999054700380974,-0.0434645486588142,-0.000733932263592464));
#5843=DIRECTION('',(0.0434645603650512,0.999054969454771,0.));
#5844=DIRECTION('',(0.69129384901647,-0.368350160418623,-0.621635724224057));
#5845=DIRECTION('',(-0.999054700380973,0.0434645486588426,0.0007339322636021));
#5846=DIRECTION('',(-0.0434420617560107,-0.997639977245536,-0.0531720139915148));
#5847=DIRECTION('',(-0.67572017696231,0.736172070188196,0.0381172601435377));
#5848=DIRECTION('',(-0.999054700380974,0.0434645486588234,0.000733932263623489));
#5849=DIRECTION('',(-0.043442061755995,-0.997639977245535,-0.0531720139915397));
#5850=DIRECTION('',(-0.0288609375087179,-0.675819686693151,0.736501729369381));
#5851=DIRECTION('',(-0.0288609375087179,-0.675819686693151,0.736501729369381));
#5852=DIRECTION('',(0.999054700382194,-0.0434645486310072,-0.000733932249336575));
#5853=DIRECTION('',(0.999054700380973,-0.0434645486588475,-0.000733932263586908));
#5854=DIRECTION('',(-0.0214175635211783,-0.477461243909764,-0.878391739793219));
#5855=DIRECTION('',(0.999054700382195,-0.0434645486310061,-0.000733932249334188));
#5856=DIRECTION('',(-0.0288609375000679,-0.675819686686394,0.73650172937592));
#5857=DIRECTION('',(0.,-0.736808657056847,-0.676101325901736));
#5858=DIRECTION('',(0.0025786654257875,0.0424014077590656,0.999097328144096));
#5859=DIRECTION('',(0.0288609375000859,0.675819686686394,-0.73650172937592));
#5860=DIRECTION('',(-0.0325077211261967,-0.735784332598535,-0.676435262216355));
#5861=DIRECTION('',(-0.0433941946728809,-0.998154774386839,0.0424734062379217));
#5862=DIRECTION('',(-0.0288609375000675,-0.675819686686367,0.736501729375945));
#5863=DIRECTION('',(0.0325077211262441,0.735784332598548,0.676435262216339));
#5864=DIRECTION('',(-0.0288609375087183,-0.675819686693161,0.736501729369372));
#5865=DIRECTION('',(-0.0288609375087183,-0.675819686693161,0.736501729369372));
#5866=DIRECTION('',(0.999054700380974,-0.0434645486588206,-0.000733932263594089));
#5867=DIRECTION('',(0.0434645603650577,0.99905496945477,0.));
#5868=DIRECTION('',(0.705316289829513,-0.068448308165761,0.705580442196618));
#5869=DIRECTION('',(0.999054700380974,-0.0434645486588206,-0.000733932263593325));
#5870=DIRECTION('',(-0.00158683753288098,-0.053335977112352,0.998575362950696));
#5871=DIRECTION('',(-0.999054700380974,0.0434645486588207,0.000733932263593097));
#5872=DIRECTION('',(-0.0434645603650578,-0.99905496945477,0.));
#5873=DIRECTION('',(-0.70531628982952,0.0684483081657607,-0.705580442196611));
#5874=DIRECTION('',(0.999054700380974,-0.0434645486588169,-0.000733932263592675));
#5875=DIRECTION('',(0.00158683753288359,0.0533359771123693,-0.998575362950695));
#5876=DIRECTION('',(-0.999054700382195,0.0434645486310061,0.000733932249342376));
#5877=DIRECTION('',(-0.999054700380974,0.0434645486588206,0.000733932263600883));
#5878=DIRECTION('',(0.00158683753229538,0.0533359770990788,-0.998575362951406));
#5879=DIRECTION('',(-0.999054700382195,0.0434645486310061,0.000733932249342376));
#5880=DIRECTION('',(-0.999054700380974,0.0434645486588197,0.00073393226359385));
#5881=DIRECTION('',(0.00158683753288131,0.0533359771123504,-0.998575362950696));
#5882=DIRECTION('',(0.0434417724468889,0.997630245409268,0.053354529810664));
#5883=DIRECTION('',(0.0434417724468825,0.997630245409268,0.0533545298106572));
#5884=DIRECTION('',(-0.999054700382195,0.0434645486310053,0.000733932249348426));
#5885=DIRECTION('',(0.999054700380974,-0.0434645486588198,-0.000733932263600439));
#5886=DIRECTION('',(0.0434417724468827,0.997630245409268,0.0533545298106708));
#5887=DIRECTION('',(-0.999054700382195,0.0434645486310053,0.000733932249348426));
#5888=DIRECTION('',(-0.999054700382194,0.0434645486310088,0.000733932249335853));
#5889=DIRECTION('',(-0.999054700382195,0.0434645486310061,0.000733932249334188));
#5890=DIRECTION('',(-0.999054700382194,0.043464548631006,0.000733932249340905));
#5891=DIRECTION('',(0.999054700380968,-0.0434645486589523,-0.000733932263620346));
#5892=DIRECTION('',(0.0351073703121513,0.79677426986617,0.603256359625821));
#5893=DIRECTION('',(0.999054700380974,-0.0434645486588228,-0.000733932263608172));
#5894=DIRECTION('',(-0.00158683753228868,-0.0533359770990664,0.998575362951407));
#5895=DIRECTION('',(-0.999054700380971,0.0434645486588861,0.000733932263660983));
#5896=DIRECTION('',(-0.0363770197268887,-0.826662540490337,-0.561520931565201));
#5897=DIRECTION('',(-0.999054700380974,0.0434645486588199,0.000733932263600825));
#5898=DIRECTION('',(-0.0335027231773785,-0.759099448217369,-0.650111986703665));
#5899=DIRECTION('',(0.999054700380974,-0.0434645486588203,-0.000733932263602994));
#5900=DIRECTION('',(-0.0147379998729466,-0.322780403383356,-0.94635912979768));
#5901=DIRECTION('',(0.999054700380975,-0.0434645486587925,-0.000733932263580844));
#5902=DIRECTION('',(0.0147379998729161,0.322780403383308,0.946359129797697));
#5903=DIRECTION('',(-0.999054700380974,0.0434645486588139,0.000733932263557918));
#5904=DIRECTION('',(-0.0123486860210677,-0.26757207278293,-0.963458715161267));
#5905=DIRECTION('',(0.999054700380969,-0.0434645486589364,-0.000733932263389261));
#5906=DIRECTION('',(0.0359414393731221,0.835393651176434,-0.548475761096052));
#5907=DIRECTION('',(0.999054700380974,-0.0434645486588223,-0.000733932263607432));
#5908=DIRECTION('',(-0.00158683753286826,-0.0533359771123484,0.998575362950697));
#5909=DIRECTION('',(0.99905470038098,-0.0434645486586794,-0.000733932263412426));
#5910=DIRECTION('',(-0.0211207645084863,-0.470576442927234,-0.882106413460716));
#5911=DIRECTION('',(0.999054700380974,-0.0434645486588251,-0.000733932263594241));
#5912=DIRECTION('',(0.00495931794397256,0.097186814495666,0.995253800924023));
#5913=DIRECTION('',(0.999054700381,-0.043464548658227,-0.00073393226341475));
#5914=DIRECTION('',(-0.0391470965444695,-0.892218911938994,-0.449903231829396));
#5915=DIRECTION('',(0.999054700380974,-0.0434645486588206,-0.000733932263601832));
#5916=DIRECTION('',(0.0391470965450733,0.892218911938856,0.449903231829618));
#5917=DIRECTION('',(0.99905470038098,-0.0434645486586787,-0.000733932263881071));
#5918=DIRECTION('',(-0.0223442407474833,-0.527929626379619,0.84899413690325));
#5919=DIRECTION('',(0.999054700380973,-0.0434645486588361,-0.000733932263640558));
#5920=DIRECTION('',(0.00158683753283686,0.05333597711235,-0.998575362950696));
#5921=DIRECTION('',(0.999054700380981,-0.043464548658678,-0.000733932263151759));
#5922=DIRECTION('',(0.0032056571711972,0.0568252607509273,0.998378992919367));
#5923=DIRECTION('',(0.999054700380974,-0.0434645486588214,-0.000733932263601559));
#5924=DIRECTION('',(-0.00320565717163807,-0.0568252607502549,-0.998378992919404));
#5925=DIRECTION('',(0.999054700380983,-0.0434645486586145,-0.000733932263541366));
#5926=DIRECTION('',(0.0434650052566877,0.9985060693155,0.033112276547307));
#5927=DIRECTION('',(0.999054700380973,-0.0434645486588436,-0.000733932263616507));
#5928=DIRECTION('',(-0.0398806363545528,-0.909696866235017,-0.413353536825494));
#5929=DIRECTION('',(-0.999054700380974,0.0434645486588199,0.000733932263600825));
#5930=DIRECTION('',(-0.0335027231773785,-0.759099448217369,-0.650111986703665));
#5931=DIRECTION('',(-0.999054700380974,0.0434645486588195,0.000733932263600832));
#5932=DIRECTION('',(-0.00158683753229614,-0.0533359770990833,0.998575362951406));
#5933=DIRECTION('',(0.999054700380974,-0.0434645486588197,-0.000733932263600435));
#5934=DIRECTION('',(-0.0434417724468827,-0.997630245409268,-0.0533545298106708));
#5935=DIRECTION('',(-0.999054700380974,0.0434645486588202,0.000733932263594288));
#5936=DIRECTION('',(-0.0335027231773745,-0.75909944821737,-0.650111986703664));
#5937=DIRECTION('',(-0.999054700380974,0.0434645486588196,0.000733932263595548));
#5938=DIRECTION('',(-0.0397086643628378,-0.919334052127398,0.391469184704924));
#5939=DIRECTION('',(0.999054700380974,-0.0434645486588299,-0.000733932263583406));
#5940=DIRECTION('',(0.00158683753288671,0.0533359771123116,-0.998575362950699));
#5941=DIRECTION('',(-0.999054700380974,0.0434645486588192,0.000733932263595098));
#5942=DIRECTION('',(0.00453455033303828,0.120990483922423,-0.992643309882002));
#5943=DIRECTION('',(0.999054700380973,-0.0434645486588308,-0.000733932263593236));
#5944=DIRECTION('',(0.00495931794396774,0.0971868144956574,0.995253800924024));
#5945=DIRECTION('',(-0.999054700380974,0.0434645486588214,0.00073393226359377));
#5946=DIRECTION('',(-0.00158683753288134,-0.0533359771123389,0.998575362950697));
#5947=DIRECTION('',(0.999054700380974,-0.0434645486588266,-0.000733932263597316));
#5948=DIRECTION('',(-0.0398806363545565,-0.909696866235035,-0.413353536825454));
#5949=DIRECTION('',(-0.999054700380974,0.0434645486588203,0.000733932263594268));
#5950=DIRECTION('',(0.00158683753230361,0.0533359770990841,-0.998575362951406));
#5951=DIRECTION('',(0.999054700380974,-0.0434645486588193,-0.000733932263608057));
#5952=DIRECTION('',(-0.00424053778006637,-0.114245967122987,0.993443444205793));
#5953=DIRECTION('',(0.999054700380974,-0.043464548658819,-0.000733932263608092));
#5954=DIRECTION('',(0.0434417724468819,0.997630245409268,0.0533545298106721));
#5955=DIRECTION('',(-0.999054700380974,0.0434645486588191,0.000733932263607517));
#5956=DIRECTION('',(0.0434417724468827,0.997630245409268,0.0533545298106691));
#5957=DIRECTION('',(-0.999054700380966,0.0434645486590136,0.000733932263469174));
#5958=DIRECTION('',(0.0372887813581426,0.865535286353546,-0.49945792101208));
#5959=DIRECTION('',(0.02886093750007,0.675819686686389,-0.736501729375924));
#5960=DIRECTION('',(-0.184780196363325,-0.720502945054933,-0.66837997067469));
#5961=DIRECTION('',(-0.0288609375000478,-0.675819686686391,0.736501729375924));
#5962=DIRECTION('',(-0.0325077211262066,-0.735784332598543,-0.676435262216346));
#5963=DIRECTION('',(0.999054700380919,-0.0434645486599694,-0.000733932270164417));
#5964=DIRECTION('',(-0.00320240762332211,-0.0567504960959386,-0.998383255958492));
#5965=DIRECTION('',(0.99905470038096,-0.0434645486592031,-0.000733932260081742));
#5966=DIRECTION('',(0.011049608570118,0.270237299045884,-0.962730340414611));
#5967=DIRECTION('',(-0.999054700380977,0.0434645486587533,0.000733932263725602));
#5968=DIRECTION('',(0.020997710018117,0.49728856757826,-0.867331065239772));
#5969=DIRECTION('',(0.999054700382195,-0.0434645486310056,-0.000733932249348038));
#5970=DIRECTION('',(0.999054700380973,-0.0434645486588522,-0.000733932263590791));
#5971=DIRECTION('',(0.0260127189964093,0.611272064886995,-0.790992921042409));
#5972=DIRECTION('',(-0.999054700382195,0.0434645486310056,0.000733932249348038));
#5973=DIRECTION('',(-0.0434420617274567,-0.997639977246775,-0.0531720139915964));
#5974=DIRECTION('',(-0.023352309975907,0.0542217092194896,-0.998255816846617));
#5975=DIRECTION('',(0.00157889742265877,0.0531536340377274,-0.998585098162151));
#5976=DIRECTION('',(-0.00157889742265877,-0.0531536340377274,0.998585098162151));
#5977=DIRECTION('',(0.99905470038098,-0.0434645486586642,-0.000733932264029451));
#5978=DIRECTION('',(0.016662019269342,0.398469723070477,-0.917030128681716));
#5979=DIRECTION('',(-0.999054700382195,0.0434645486310056,0.000733932249348038));
#5980=DIRECTION('',(0.999054700382195,-0.0434645486310056,-0.000733932249348038));
#5981=DIRECTION('',(-0.999054700380974,0.0434645486588195,0.000733932263609021));
#5982=DIRECTION('',(-0.0434645603650565,-0.99905496945477,0.));
#5983=DIRECTION('',(-0.999054700380973,0.04346454865885,0.000733932263516494));
#5984=DIRECTION('',(0.0110496085667774,0.270237299047923,-0.962730340414077));
#5985=DIRECTION('',(0.675720176977334,-0.736172070174464,-0.0381172601424106));
#5986=DIRECTION('',(-0.0421708738849369,0.0130192492757601,-0.999025583528308));
#5987=DIRECTION('',(0.737156529855503,0.674703916012279,0.0370793232016007));
#5988=DIRECTION('',(0.00157889742265877,0.0531536340377274,-0.998585098162151));
#5989=DIRECTION('',(0.737156529855504,0.674703916012278,0.0370793232015921));
#5990=DIRECTION('',(0.0267082449693686,0.600406631913102,0.799248738507244));
#5991=DIRECTION('',(0.380968911543354,-0.745308086800365,0.547154954457557));
#5992=DIRECTION('',(-0.999054700382195,0.0434645486310056,0.000733932249348038));
#5993=DIRECTION('',(0.999054700381261,-0.04346454865212,-0.000733932269509344));
#5994=DIRECTION('',(0.0325037603697267,0.758113329113948,-0.651312279771842));
#5995=DIRECTION('',(-0.999054700382195,0.0434645486310056,0.000733932249348038));
#5996=DIRECTION('',(0.999054700380975,-0.0434645486588023,-0.000733932263632961));
#5997=DIRECTION('',(0.0305034795424217,0.712967002338832,-0.700533790271237));
#5998=DIRECTION('',(-0.999054700380974,0.0434645486588194,0.000733932263608069));
#5999=DIRECTION('',(-0.0434645603650564,-0.99905496945477,0.));
#6000=DIRECTION('',(-0.999054700380968,0.0434645486589621,0.000733932263506847));
#6001=DIRECTION('',(0.0372887813580779,0.865535286353521,-0.49945792101213));
#6002=DIRECTION('',(-0.999054700380974,0.0434645486588193,0.000733932263607852));
#6003=DIRECTION('',(-0.0434645603650563,-0.99905496945477,0.));
#6004=DIRECTION('',(0.688044583416835,-0.462968699316091,0.55879748986938));
#6005=DIRECTION('',(-0.999054700380969,0.0434645486589423,0.000733932263419974));
#6006=DIRECTION('',(0.0209977100184767,0.497288567578274,-0.867331065239755));
#6007=DIRECTION('',(-0.999054700380974,0.0434645486588152,0.000733932263596065));
#6008=DIRECTION('',(0.0260127189963796,0.611272064887056,-0.790992921042363));
#6009=DIRECTION('',(0.999054700380974,-0.0434645486588229,-0.000733932263612048));
#6010=DIRECTION('',(0.0312760646659162,0.70696546925669,0.706556178274369));
#6011=DIRECTION('',(-0.999054700380974,0.0434645486588197,0.000733932263607446));
#6012=DIRECTION('',(-0.0434645603650567,-0.99905496945477,0.));
#6013=DIRECTION('',(-0.683454724039679,0.566801153013524,-0.460028361223943));
#6014=DIRECTION('',(-0.999054700379377,0.0434645486960588,0.000733932231450751));
#6015=DIRECTION('',(0.0322378557177262,0.752118339281677,-0.65823910881601));
#6016=DIRECTION('',(-0.683642747063282,0.562562055051907,-0.464926369012927));
#6017=DIRECTION('',(-0.999054700380974,0.0434645486588167,0.000733932263610869));
#6018=DIRECTION('',(-0.0434645603650537,-0.999054969454771,0.));
#6019=DIRECTION('',(-0.999054700380974,0.0434645486588158,0.000733932263594632));
#6020=DIRECTION('',(0.0260127189963811,0.611272064887071,-0.790992921042351));
#6021=DIRECTION('',(-0.999054700380974,0.0434645486588194,0.000733932263607889));
#6022=DIRECTION('',(-0.0335027231773828,-0.759099448217368,-0.650111986703665));
#6023=DIRECTION('',(-0.999054700380967,0.0434645486589798,0.000733932263650002));
#6024=DIRECTION('',(0.0434420617561551,0.997639977245539,0.0531720139913441));
#6025=DIRECTION('',(-0.999054700380975,0.0434645486587937,0.000733932263592021));
#6026=DIRECTION('',(-0.0434679012497833,-0.998653856350555,-0.0283022394362147));
#6027=DIRECTION('',(0.999054700380974,-0.0434645486588138,-0.000733932263600482));
#6028=DIRECTION('',(0.0312760646659086,0.706965469256717,0.706556178274342));
#6029=DIRECTION('',(0.999054700380974,-0.0434645486588207,-0.000733932263606043));
#6030=DIRECTION('',(0.0260127189963813,0.61127206488705,-0.790992921042367));
#6031=DIRECTION('',(0.999054700380975,-0.0434645486588005,-0.000733932263590486));
#6032=DIRECTION('',(0.0209977100182666,0.497288567578285,-0.867331065239754));
#6033=DIRECTION('',(-0.999054700380974,0.0434645486588158,0.000733932263598572));
#6034=DIRECTION('',(-0.0434645603650528,-0.999054969454771,0.));
#6035=DIRECTION('',(0.00157889743578919,0.0531536340503804,-0.998585098161456));
#6036=DIRECTION('',(-0.737156529869402,-0.674703915997144,-0.0370793232006812));
#6037=DIRECTION('',(-0.999054700380974,0.0434645486588197,0.000733932263608277));
#6038=DIRECTION('',(-0.0434645603650567,-0.99905496945477,0.));
#6039=DIRECTION('',(0.0380631293812867,0.866495766617667,0.497731136875488));
#6040=DIRECTION('',(-0.99905470038216,0.0434645486318162,0.000733932248010936));
#6041=DIRECTION('',(0.0348287825647873,0.790226104158842,0.611824860733032));
#6042=DIRECTION('',(-0.999054700382041,0.0434645486346082,0.00073393224465564));
#6043=DIRECTION('',(0.999054700380974,-0.0434645486588232,-0.000733932263603748));
#6044=DIRECTION('',(0.0434645603650602,0.99905496945477,0.));
#6045=DIRECTION('',(-0.0301912806139605,-0.705911225493789,0.707656575110234));
#6046=DIRECTION('',(-0.999054700381267,0.043464548651966,0.00073393227009068));
#6047=DIRECTION('',(-0.999054700380974,0.0434645486588174,0.0007339322636109));
#6048=DIRECTION('',(-0.0434645603650544,-0.999054969454771,0.));
#6049=DIRECTION('',(0.999054700380973,-0.0434645486588388,-0.000733932263629594));
#6050=DIRECTION('',(-0.0434607301914925,-0.99831979639345,-0.038324262030234));
#6051=DIRECTION('',(0.692513041561974,-0.41492665359733,0.590136898864242));
#6052=DIRECTION('',(-0.416205871610492,-0.897963036201237,-0.142951243622455));
#6053=DIRECTION('',(0.0368282597581913,0.837305147556706,0.545494059691054));
#6054=DIRECTION('',(-0.608914322318036,-0.774862263462026,0.169740451096589));
#6055=DIRECTION('',(0.68230526207871,0.111063238743493,-0.722581819823547));
#6056=DIRECTION('',(-0.0368282597581908,-0.837305147556706,-0.545494059691053));
#6057=DIRECTION('',(0.0695013747193067,0.841344396602434,0.536012280846076));
#6058=DIRECTION('',(0.296088662373343,-0.53049677337646,0.794295082101815));
#6059=DIRECTION('',(-0.00971079068735473,-0.206687109717719,-0.978358901028024));
#6060=DIRECTION('',(0.948665631341341,-0.311223624686554,0.0563327200541454));
#6061=DIRECTION('',(0.0423722337212279,0.977441185794202,-0.206913803605992));
#6062=DIRECTION('',(0.999054700382195,-0.0434645486310056,-0.000733932249348787));
#6063=DIRECTION('',(0.713304919372651,0.115415779767451,0.691285244873234));
#6064=DIRECTION('',(-0.606399428604858,-0.392895574810819,0.691312375328099));
#6065=DIRECTION('',(-0.0423722337212279,-0.977441185794202,0.206913803605992));
#6066=DIRECTION('',(-0.0434417724468825,-0.997630245409268,-0.0533545298106684));
#6067=DIRECTION('',(-0.0434417724183102,-0.997630245411237,-0.0533545297971183));
#6068=DIRECTION('',(-0.204918727417766,0.0611672020705239,-0.976865849819896));
#6069=DIRECTION('',(0.0434417724189744,0.997630245411113,0.0533545297988825));
#6070=DIRECTION('',(-0.390137378803053,0.0661046782303923,-0.918380638502761));
#6071=DIRECTION('',(-0.00158683754560832,-0.0533359771117862,0.998575362950706));
#6072=DIRECTION('',(-0.901244303686078,0.432768479999524,0.0216828916959483));
#6073=DIRECTION('',(-0.999054700382195,0.0434645486310056,0.000733932249348038));
#6074=DIRECTION('',(0.0015868375455296,0.0533359771118262,-0.998575362950704));
#6075=DIRECTION('',(0.0434417724182999,0.997630245410509,0.0533545298107378));
#6076=DIRECTION('',(-0.0434417724468825,-0.997630245409268,-0.0533545298106572));
#6077=DIRECTION('',(-0.0434417724468825,-0.997630245409268,-0.0533545298106572));
#6078=DIRECTION('',(-0.999054700382195,0.0434645486310056,0.000733932249348038));
#6079=DIRECTION('',(0.999054700382195,-0.0434645486310056,-0.000733932249348038));
#6080=DIRECTION('',(0.0434417724183684,0.997630245411219,0.0533545297974093));
#6081=DIRECTION('',(0.,-0.0534049461707825,0.998572937608714));
#6082=DIRECTION('',(0.0434417724182076,0.997630245411264,0.0533545297966979));
#6083=DIRECTION('',(-0.229574006397636,0.0619441105056466,-0.971318023491896));
#6084=DIRECTION('',(0.0434417724183676,0.997630245411221,0.0533545297973672));
#6085=DIRECTION('',(0.,-0.0534049461707403,0.998572937608716));
#6086=DIRECTION('',(-0.0434417724174492,-0.99763024541138,-0.0533545297951404));
#6087=DIRECTION('',(-0.337794556498786,0.064926974723955,-0.938977808871426));
#6088=DIRECTION('',(-0.16548541956249,-0.986149350498135,-0.0111370743165885));
#6089=DIRECTION('',(0.00024151664069852,-0.0113332997709518,0.999935746928778));
#6090=DIRECTION('',(-0.999054700380974,0.0434645486588194,0.000733932263607889));
#6091=DIRECTION('',(-0.0335027231773828,-0.759099448217368,-0.650111986703665));
#6092=DIRECTION('',(-0.00158683753228941,-0.0533359770990845,0.998575362951406));
#6093=DIRECTION('',(0.707560417003109,0.00698015399877473,-0.706618379141486));
#6094=DIRECTION('',(0.613203622127779,0.490897977623505,0.618870336479722));
#6095=DIRECTION('',(0.705316289829521,-0.068448308165753,0.705580442196612));
#6096=DIRECTION('',(0.0434417724468825,0.997630245409268,0.0533545298106572));
#6097=DIRECTION('',(0.00158683754559725,0.0533359771117987,-0.998575362950706));
#6098=DIRECTION('',(0.,0.998576620186122,0.0533360442633446));
#6099=DIRECTION('',(-0.00158683754580306,-0.0533359771116514,0.998575362950713));
#6100=DIRECTION('',(-0.99905470038095,0.0434645486595908,0.000733932250677953));
#6101=DIRECTION('',(-0.0434417724184276,-0.997630245411238,-0.0533545297969913));
#6102=DIRECTION('',(0.707560417003616,0.00698015400920498,-0.706618379140875));
#6103=DIRECTION('',(-0.999054700380962,0.0434645486590935,0.000733932263615303));
#6104=DIRECTION('',(-0.0295959083039289,-0.667716880548759,-0.743826760504017));
#6105=DIRECTION('',(0.0288609375000807,0.675819686686389,-0.736501729375925));
#6106=DIRECTION('',(-0.184780196363332,-0.720502945054931,-0.66837997067469));
#6107=DIRECTION('',(-0.0288609375000877,-0.675819686686397,0.736501729375916));
#6108=DIRECTION('',(-0.0325077211262033,-0.735784332598546,-0.676435262216343));
#6109=DIRECTION('',(-0.0434420617274567,-0.997639977246775,-0.0531720139915964));
#6110=DIRECTION('',(-0.023352309975907,0.0542217092194896,-0.998255816846617));
#6111=DIRECTION('',(-0.00157889742267259,-0.0531536340377265,0.998585098162151));
#6112=DIRECTION('',(0.00157889742267259,0.0531536340377265,-0.998585098162151));
#6113=DIRECTION('',(-0.737156529869302,-0.674703915998256,-0.0370793231824266));
#6114=DIRECTION('',(-0.0153797759102379,0.0716121962871713,-0.997313970540812));
#6115=DIRECTION('',(0.999054700380974,-0.0434645486588197,-0.00073393226359439));
#6116=DIRECTION('',(0.0434645603650567,0.99905496945477,0.));
#6117=DIRECTION('',(-0.718220180229368,-0.25102656620227,0.648957191016474));
#6118=DIRECTION('',(-0.999054700380973,0.043464548658844,0.000733932263537643));
#6119=DIRECTION('',(0.0110496085667525,0.270237299047861,-0.962730340414095));
#6120=DIRECTION('',(-0.714251606563543,-0.160352549604688,0.681272120636588));
#6121=DIRECTION('',(0.0267082449693576,0.600406631913102,0.799248738507245));
#6122=DIRECTION('',(0.380968911543343,-0.745308086800366,0.547154954457564));
#6123=DIRECTION('',(-0.999054700382195,0.0434645486310061,0.000733932249334188));
#6124=DIRECTION('',(0.999054700382195,-0.0434645486310061,-0.000733932249334188));
#6125=DIRECTION('',(-0.999054700382195,0.0434645486310061,0.000733932249334188));
#6126=DIRECTION('',(0.999054700380974,-0.0434645486588199,-0.000733932263594324));
#6127=DIRECTION('',(-0.00320565717163042,-0.0568252607502565,-0.998378992919404));
#6128=DIRECTION('',(0.999054700382195,-0.0434645486310061,-0.000733932249334188));
#6129=DIRECTION('',(-0.999054700382195,0.0434645486310061,0.000733932249334188));
#6130=DIRECTION('',(0.999054700380974,-0.0434645486588208,-0.00073393226359334));
#6131=DIRECTION('',(0.0391470965450724,0.892218911938862,0.449903231829606));
#6132=DIRECTION('',(0.999054700382195,-0.0434645486310061,-0.000733932249334188));
#6133=DIRECTION('',(-0.999054700380974,0.0434645486588209,0.000733932263594458));
#6134=DIRECTION('',(-0.0434645603650579,-0.99905496945477,0.));
#6135=DIRECTION('',(-0.999054700380974,0.0434645486588202,0.000733932263594288));
#6136=DIRECTION('',(-0.0335027231773745,-0.75909944821737,-0.650111986703664));
#6137=DIRECTION('',(-0.00158683753230137,-0.0533359770990417,0.998575362951408));
#6138=DIRECTION('',(-0.999054700380974,0.0434645486588225,0.000733932263629906));
#6139=DIRECTION('',(-0.0129756553442784,-0.282053318412891,-0.959310980829815));
#6140=DIRECTION('',(0.0402791826018553,0.919223801349718,0.391669746701351));
#6141=DIRECTION('',(0.999054700380974,-0.0434645486588196,-0.000733932263595521));
#6142=DIRECTION('',(0.0382209405313199,0.88632036339753,-0.461492549378397));
#6143=DIRECTION('',(-0.999054700380974,0.0434645486588209,0.000733932263594458));
#6144=DIRECTION('',(-0.0434645603650579,-0.99905496945477,0.));
#6145=DIRECTION('',(0.999054700380974,-0.0434645486588204,-0.000733932263598692));
#6146=DIRECTION('',(0.0305034795424571,0.712967002338813,-0.700533790271254));
#6147=DIRECTION('',(-0.999054700382195,0.0434645486310061,0.000733932249334188));
#6148=DIRECTION('',(-0.999054700381368,0.0434645486496216,0.000733932271858484));
#6149=DIRECTION('',(0.0322378556561932,0.752118339284291,-0.658239108816037));
#6150=DIRECTION('',(0.999054700380974,-0.0434645486588206,-0.000733932263594734));
#6151=DIRECTION('',(0.0434645603650576,0.99905496945477,0.));
#6152=DIRECTION('',(-0.724832123412105,-0.401500545157386,0.55983542680704));
#6153=DIRECTION('',(-0.999054700380976,0.0434645486587589,0.000733932263676964));
#6154=DIRECTION('',(0.02099771001816,0.497288567578223,-0.867331065239792));
#6155=DIRECTION('',(-0.721285976557602,-0.320902041264979,0.613814646235584));
#6156=DIRECTION('',(0.999054700380976,-0.0434645486587705,-0.000733932263666423));
#6157=DIRECTION('',(0.0260127189963018,0.611272064887029,-0.790992921042387));
#6158=DIRECTION('',(-0.999054700382195,0.0434645486310061,0.000733932249334188));
#6159=DIRECTION('',(0.999054700382195,-0.0434645486310061,-0.000733932249334188));
#6160=DIRECTION('',(0.999054700380974,-0.0434645486588228,-0.000733932263590867));
#6161=DIRECTION('',(0.0312760646659062,0.706965469256706,0.706556178274353));
#6162=DIRECTION('',(-0.999054700380974,0.0434645486588241,0.000733932263603351));
#6163=DIRECTION('',(0.0260127189963877,0.611272064887039,-0.790992921042376));
#6164=DIRECTION('',(0.999054700380974,-0.0434645486588207,-0.000733932263595934));
#6165=DIRECTION('',(0.0434645603650578,0.99905496945477,0.));
#6166=DIRECTION('',(0.728553870812684,0.46916600030211,0.499091696469071));
#6167=DIRECTION('',(0.999054700380974,-0.0434645486588204,-0.000733932263594197));
#6168=DIRECTION('',(0.0434645603650575,0.99905496945477,0.));
#6169=DIRECTION('',(-0.999054700380974,0.0434645486588202,0.000733932263594257));
#6170=DIRECTION('',(-0.0335027231773745,-0.75909944821737,-0.650111986703664));
#6171=DIRECTION('',(0.999054700380974,-0.0434645486588141,-0.000733932263574235));
#6172=DIRECTION('',(-0.0312760646658977,-0.706965469256808,-0.706556178274252));
#6173=DIRECTION('',(0.999054700380971,-0.0434645486588799,-0.000733932263669601));
#6174=DIRECTION('',(0.041622367768445,0.951567684734217,0.3046087980852));
#6175=DIRECTION('',(-0.999054700380973,0.0434645486588363,0.000733932263580894));
#6176=DIRECTION('',(-0.0434420617559957,-0.997639977245531,-0.0531720139916202));
#6177=DIRECTION('',(-0.999054700380974,0.0434645486588085,0.000733932263605577));
#6178=DIRECTION('',(0.0209977100182492,0.49728856757829,-0.867331065239752));
#6179=DIRECTION('',(-0.999054700380974,0.0434645486588204,0.000733932263597113));
#6180=DIRECTION('',(0.0260127189963868,0.611272064886988,-0.790992921042415));
#6181=DIRECTION('',(0.999054700380974,-0.04346454865882,-0.000733932263600638));
#6182=DIRECTION('',(0.043464560365057,0.99905496945477,0.));
#6183=DIRECTION('',(0.0301912806138246,0.70591122549372,-0.707656575110308));
#6184=DIRECTION('',(0.99905470038126,-0.0434645486521254,-0.000733932270463977));
#6185=DIRECTION('',(-0.999054700380971,0.043464548658883,0.000733932263574357));
#6186=DIRECTION('',(-0.0322378556686306,-0.752118339284053,0.6582391088157));
#6187=DIRECTION('',(-0.999054700380974,0.0434645486588233,0.000733932263600085));
#6188=DIRECTION('',(-0.0434645603650603,-0.99905496945477,0.));
#6189=DIRECTION('',(-0.0348287825647988,-0.790226104158851,-0.61182486073302));
#6190=DIRECTION('',(0.999054700382053,-0.0434645486343385,-0.000733932245084718));
#6191=DIRECTION('',(0.999054700380974,-0.0434645486588202,-0.000733932263594402));
#6192=DIRECTION('',(0.0434645603650572,0.99905496945477,0.));
#6193=DIRECTION('',(0.999054700380974,-0.0434645486588227,-0.000733932263582302));
#6194=DIRECTION('',(0.0434645603650597,0.99905496945477,0.));
#6195=DIRECTION('',(-0.00157889743635579,-0.0531536340500323,0.998585098161474));
#6196=DIRECTION('',(0.675720176977225,-0.736172070174571,-0.0381172601422816));
#6197=DIRECTION('',(-0.725065431036919,-0.353253945911401,0.591178289869707));
#6198=DIRECTION('',(-0.63055239055488,0.685698012363455,-0.36362331966794));
#6199=DIRECTION('',(-0.0368282597581844,-0.837305147556706,-0.545494059691053));
#6200=DIRECTION('',(0.671140698874736,-0.169945818212024,0.721587542288651));
#6201=DIRECTION('',(-0.539567501581358,0.824827739912983,-0.168896745697755));
#6202=DIRECTION('',(-0.00971079068734138,-0.20668710971772,-0.978358901028024));
#6203=DIRECTION('',(0.948665631341344,-0.311223624686543,0.0563327200541562));
#6204=DIRECTION('',(-0.0423722337212312,-0.977441185794202,0.206913803605992));
#6205=DIRECTION('',(0.999054700382194,-0.0434645486310065,-0.000733932249334521));
#6206=DIRECTION('',(0.00461553130721234,0.844167297461945,0.536059950720577));
#6207=DIRECTION('',(-0.0226920101159513,-0.535839206226201,0.844015057773126));
#6208=DIRECTION('',(-0.699571787467395,0.17688393396067,0.692323181820652));
#6209=DIRECTION('',(0.362925512161596,-0.746652482141167,0.557490038955566));
#6210=DIRECTION('',(-0.705316289833834,0.0684483081952279,-0.70558044218944));
#6211=DIRECTION('',(0.422869911262038,-0.758221899648829,-0.49626665114851));
#6212=DIRECTION('',(0.0434417724468825,0.997630245409268,0.0533545298106572));
#6213=DIRECTION('',(0.999054700380974,-0.0434645486588203,-0.000733932263594113));
#6214=DIRECTION('',(-0.0042405377800818,-0.114245967123021,0.993443444205789));
#6215=DIRECTION('',(-0.0434417724468825,-0.997630245409268,-0.0533545298106684));
#6216=DIRECTION('',(0.00158683753230326,0.0533359770990836,-0.998575362951406));
#6217=DIRECTION('',(-0.043441772418412,-0.997630245411223,-0.0533545297972956));
#6218=DIRECTION('',(0.323812021060175,0.0364618017761726,-0.945418590904664));
#6219=DIRECTION('',(0.0434417724184236,0.99763024541123,0.0533545297971443));
#6220=DIRECTION('',(0.340779610636788,0.0354051478672694,-0.939476307566474));
#6221=DIRECTION('',(0.0434417724183688,0.997630245411219,0.0533545297974089));
#6222=DIRECTION('',(-0.90088657687366,0.0160311222016635,0.433758433612322));
#6223=DIRECTION('',(0.0434417724189815,0.997630245411341,0.0533545297946168));
#6224=DIRECTION('',(0.170323274540858,0.0452275518852456,-0.984349760349515));
#6225=DIRECTION('',(0.0434417724183686,0.997630245411219,0.0533545297974093));
#6226=DIRECTION('',(0.,-0.0534049461707825,0.998572937608714));
#6227=DIRECTION('',(0.0791996151412692,-0.996794537714579,-0.0113168256968318));
#6228=DIRECTION('',(-0.323812021061523,-0.0364618017805172,0.945418590904035));
#6229=DIRECTION('',(0.0434417724183685,0.997630245411221,0.0533545297973672));
#6230=DIRECTION('',(0.,-0.0534049461707403,0.998572937608716));
#6231=DIRECTION('',(-0.0434417724182122,-0.997630245411201,-0.0533545297978543));
#6232=DIRECTION('',(0.393057093082489,0.032031274443008,-0.918955994068867));
#6233=DIRECTION('',(0.00158683754566117,0.0533359771117953,-0.998575362950706));
#6234=DIRECTION('',(0.,0.998576620186122,0.0533360442633413));
#6235=DIRECTION('',(-0.999054700380973,0.0434645486588498,0.00073393226331734));
#6236=DIRECTION('',(-0.0295959083036046,-0.667716880548885,-0.743826760503917));
#6237=DIRECTION('',(0.00158683754566964,0.0533359771118202,-0.998575362950704));
#6238=DIRECTION('',(0.99905470038095,-0.0434645486595926,-0.000733932250833291));
#6239=DIRECTION('',(0.0434417724185212,0.997630245411197,0.0533545297976891));
#6240=DIRECTION('',(-0.70531628983525,0.0684483081659605,-0.705580442190864));
#6241=DIRECTION('',(-0.00158683754555409,-0.0533359771118295,0.998575362950704));
#6242=DIRECTION('',(0.73715632529681,0.674697034550413,0.0372083813647302));
#6243=DIRECTION('',(-0.0434417724183687,-0.997630245411221,-0.053354529797367));
#6244=DIRECTION('',(-0.023270265154832,0.0544008701496505,-0.998247985265477));
#6245=DIRECTION('',(-0.999054700382195,0.0434645486310061,0.000733932249334188));
#6246=DIRECTION('',(0.00158683753230143,0.0533359770990417,-0.998575362951408));
#6247=DIRECTION('',(-0.999054700380975,0.0434645486587946,0.000733932263657344));
#6248=DIRECTION('',(0.0110496085666249,0.2702372990479,-0.962730340414085));
#6249=DIRECTION('',(0.999054700382195,-0.0434645486310061,-0.000733932249334188));
#6250=DIRECTION('',(0.999054700382195,-0.0434645486310061,-0.000733932249334188));
#6251=DIRECTION('',(-0.00158683754562251,-0.053335977111786,0.998575362950706));
#6252=DIRECTION('',(-0.901244303686073,0.432768479999534,0.0216828916959359));
#6253=DIRECTION('',(0.0434417724468825,0.997630245409268,0.0533545298106572));
#6254=DIRECTION('',(0.0434417724468825,0.997630245409268,0.0533545298106572));
#6255=DIRECTION('',(-0.999054700382195,0.0434645486310061,0.000733932249334188));
#6256=DIRECTION('',(-0.999054700380985,0.0434645486585747,0.000733932262527417));
#6257=DIRECTION('',(-0.0107146610810607,-0.229849244350231,-0.973167262555387));
#6258=DIRECTION('',(-0.999054700382195,0.0434645486310061,0.000733932249334188));
#6259=DIRECTION('',(0.999054700382195,-0.0434645486310061,-0.000733932249334188));
#6260=DIRECTION('',(0.999054700380974,-0.0434645486588203,-0.000733932263594113));
#6261=DIRECTION('',(-0.0042405377800818,-0.114245967123021,0.993443444205789));
#6262=DIRECTION('',(-0.999054700380963,0.043464548659057,0.000733932263760909));
#6263=DIRECTION('',(-0.0338254099254525,-0.766667858466171,-0.641152272426972));
#6264=DIRECTION('',(-0.999054700381036,0.0434645486575451,0.000733932254880997));
#6265=DIRECTION('',(-0.00795276910665122,-0.166147904469946,-0.986068774124697));
#6266=DIRECTION('',(-0.999054700380953,0.0434645486593072,0.000733932263348719));
#6267=DIRECTION('',(0.00635681529280843,0.162774844597475,-0.986642762536472));
#6268=DIRECTION('',(0.999054700380975,-0.0434645486588043,-0.000733932263620892));
#6269=DIRECTION('',(-0.016662019269776,-0.398469723070392,0.917030128681745));
#6270=DIRECTION('',(-0.999054700380973,0.0434645486588322,0.000733932263650452));
#6271=DIRECTION('',(-0.0123499787677365,-0.267601927511364,-0.963450406827792));
#6272=DIRECTION('',(-0.999054700380974,0.0434645486588195,0.00073393226360855));
#6273=DIRECTION('',(-0.0434645603650565,-0.99905496945477,0.));
#6274=DIRECTION('',(-0.999054700380974,0.0434645486588195,0.00073393226360855));
#6275=DIRECTION('',(-0.0434645603650565,-0.99905496945477,0.));
#6276=DIRECTION('',(-0.999054700380998,0.0434645486582967,0.000733932262156478));
#6277=DIRECTION('',(-0.0147379998714057,-0.322780403383264,-0.946359129797736));
#6278=DIRECTION('',(-0.999054700380974,0.0434645486588194,0.000733932263607889));
#6279=DIRECTION('',(-0.0335027231773828,-0.759099448217368,-0.650111986703665));
#6280=DIRECTION('',(-0.0434417724468825,-0.997630245409268,-0.0533545298106572));
#6281=DIRECTION('',(0.0015868375322883,0.0533359770990578,-0.998575362951407));
#6282=DIRECTION('',(0.999054700380975,-0.043464548658801,-0.000733932263541555));
#6283=DIRECTION('',(0.0147379998728753,0.322780403383042,0.946359129797789));
#6284=DIRECTION('',(0.999054700380974,-0.043464548658822,-0.000733932263608383));
#6285=DIRECTION('',(-0.00246208874169429,-0.0397199678405826,-0.999207817360218));
#6286=DIRECTION('',(-0.999054700380974,0.0434645486588194,0.000733932263607889));
#6287=DIRECTION('',(-0.0335027231773828,-0.759099448217368,-0.650111986703665));
#6288=DIRECTION('',(-0.0434417724468825,-0.997630245409268,-0.0533545298106572));
#6289=DIRECTION('',(-0.0434417724183687,-0.997630245411221,-0.053354529797367));
#6290=DIRECTION('',(-0.023270265154832,0.0544008701496505,-0.998247985265477));
#6291=DIRECTION('',(0.0434417724184143,0.997630245411215,0.0533545297974283));
#6292=DIRECTION('',(-0.999054700382213,0.0434645486303747,0.000733932262007116));
#6293=DIRECTION('',(-0.999054700382195,0.0434645486310056,0.000733932249348038));
#6294=DIRECTION('',(0.999054700382194,-0.043464548631006,-0.000733932249340905));
#6295=DIRECTION('',(0.999054700382195,-0.0434645486310064,-0.000733932249333799));
#6296=DIRECTION('',(0.999054700380974,-0.0434645486588192,-0.000733932263608146));
#6297=DIRECTION('',(-0.0434417724468823,-0.997630245409268,-0.0533545298106667));
#6298=DIRECTION('',(0.999054700380974,-0.0434645486588208,-0.000733932263596023));
#6299=DIRECTION('',(-0.0129756553442442,-0.282053318412913,-0.959310980829809));
#6300=DIRECTION('',(-0.999054700380974,0.0434645486588207,0.000733932263593097));
#6301=DIRECTION('',(-0.0434645603650578,-0.99905496945477,0.));
#6302=DIRECTION('',(-0.999054700380974,0.0434645486588166,0.000733932263599089));
#6303=DIRECTION('',(0.016729103055344,0.400000400667968,-0.916362273654055));
#6304=DIRECTION('',(0.999054700380974,-0.0434645486588206,-0.000733932263594089));
#6305=DIRECTION('',(0.0434645603650577,0.99905496945477,0.));
#6306=DIRECTION('',(-0.999054700380974,0.0434645486588194,0.000733932263593519));
#6307=DIRECTION('',(-0.00158683753288031,-0.0533359771123448,0.998575362950697));
#6308=DIRECTION('',(0.0288609375000844,0.675819686686387,-0.736501729375926));
#6309=DIRECTION('',(0.0325077211262155,0.735784332598537,0.676435262216352));
#6310=DIRECTION('',(-0.0288609375000679,-0.675819686686394,0.73650172937592));
#6311=DIRECTION('',(0.,-0.736808657056847,-0.676101325901736));
#6312=DIRECTION('',(-0.999054700380974,0.0434645486588146,0.000733932263609723));
#6313=DIRECTION('',(-0.021417563521177,-0.477461243909769,-0.878391739793216));
#6314=DIRECTION('',(0.999054700380971,-0.0434645486588849,-0.000733932263710346));
#6315=DIRECTION('',(0.00158683753275282,0.0533359771122475,-0.998575362950702));
#6316=DIRECTION('',(0.999054700380974,-0.0434645486588142,-0.000733932263592464));
#6317=DIRECTION('',(0.0434645603650512,0.999054969454771,0.));
#6318=DIRECTION('',(-0.999054700380974,0.0434645486588171,0.000733932263594271));
#6319=DIRECTION('',(-0.0434645603650542,-0.999054969454771,0.));
#6320=DIRECTION('',(0.999054700380975,-0.0434645486587972,-0.000733932263566944));
#6321=DIRECTION('',(-0.0166620192698366,-0.398469723070634,0.917030128681639));
#6322=DIRECTION('',(0.999054700380974,-0.0434645486588239,-0.000733932263586701));
#6323=DIRECTION('',(0.0434645603650609,0.99905496945477,0.));
#6324=DIRECTION('',(-0.999054700381017,0.0434645486577422,0.000733932269279639));
#6325=DIRECTION('',(0.00635681528655839,0.162774844595062,-0.986642762536911));
#6326=DIRECTION('',(0.999054700382195,-0.0434645486310061,-0.000733932249334188));
#6327=DIRECTION('',(-0.999054700380974,0.0434645486588202,0.000733932263595168));
#6328=DIRECTION('',(-0.0434645603650573,-0.99905496945477,0.));
#6329=DIRECTION('',(-0.999054700380968,0.0434645486589679,0.000733932263623557));
#6330=DIRECTION('',(0.0432889069574122,0.993191225645429,0.108153871106692));
#6331=DIRECTION('',(-0.999054700380974,0.0434645486588243,0.000733932263600326));
#6332=DIRECTION('',(-0.0434645603650613,-0.99905496945477,0.));
#6333=DIRECTION('',(0.999054700380974,-0.0434645486588102,-0.000733932263591812));
#6334=DIRECTION('',(0.0434645603650472,0.999054969454771,0.));
#6335=DIRECTION('',(-0.999054700380974,0.0434645486588102,0.000733932263591681));
#6336=DIRECTION('',(-0.0434645603650472,-0.999054969454771,0.));
#6337=DIRECTION('',(-0.00157889743626044,-0.0531536340499328,0.998585098161479));
#6338=DIRECTION('',(0.675720176977091,-0.736172070174695,-0.038117260142264));
#6339=DIRECTION('',(0.999054700380978,-0.0434645486587268,-0.00073393226377738));
#6340=DIRECTION('',(0.0217135374760942,0.513580719794272,-0.857766498847951));
#6341=DIRECTION('',(-0.999054700380974,0.0434645486588204,0.000733932263595329));
#6342=DIRECTION('',(-0.0434645603650574,-0.99905496945477,0.));
#6343=DIRECTION('',(0.999054700380974,-0.0434645486588207,-0.000733932263608463));
#6344=DIRECTION('',(0.0434645603650577,0.99905496945477,0.));
#6345=DIRECTION('',(-0.999054700380974,0.0434645486588184,0.000733932263608989));
#6346=DIRECTION('',(-0.0434645603650554,-0.999054969454771,0.));
#6347=DIRECTION('',(-0.999054700380974,0.0434645486588188,0.000733932263607045));
#6348=DIRECTION('',(0.00158683753286806,0.0533359771123607,-0.998575362950696));
#6349=DIRECTION('',(0.999054700380974,-0.0434645486588192,-0.000733932263606999));
#6350=DIRECTION('',(0.0434645603650563,0.99905496945477,0.));
#6351=DIRECTION('',(-0.999054700380974,0.0434645486588206,0.000733932263598866));
#6352=DIRECTION('',(-0.0127662678318948,-0.277216603392417,-0.960722632818243));
#6353=DIRECTION('',(0.0288609375000762,0.675819686686393,-0.736501729375921));
#6354=DIRECTION('',(0.0325077211262337,0.735784332598534,0.676435262216355));
#6355=DIRECTION('',(-0.0288609375000783,-0.675819686686369,0.736501729375942));
#6356=DIRECTION('',(0.,-0.736808657056869,-0.676101325901712));
#6357=DIRECTION('',(-0.999054700380974,0.043464548658816,0.00073393226359632));
#6358=DIRECTION('',(-0.0214175635211621,-0.477461243909773,-0.878391739793214));
#6359=DIRECTION('',(-0.999054700380974,0.0434645486588159,0.000733932263629687));
#6360=DIRECTION('',(-0.0434645603650529,-0.999054969454771,0.));
#6361=DIRECTION('',(0.999054700380974,-0.0434645486588176,-0.000733932263592531));
#6362=DIRECTION('',(0.0434645603650546,0.999054969454771,0.));
#6363=DIRECTION('',(-0.999054700380974,0.0434645486588211,0.000733932263609971));
#6364=DIRECTION('',(-0.0434645603650581,-0.99905496945477,0.));
#6365=DIRECTION('',(0.999054700380974,-0.0434645486588197,-0.000733932263608113));
#6366=DIRECTION('',(0.0434645603650567,0.99905496945477,0.));
#6367=DIRECTION('',(-0.999054700380973,0.0434645486588444,0.000733932263595681));
#6368=DIRECTION('',(-0.0322378556685885,-0.752118339284228,0.658239108815502));
#6369=DIRECTION('',(-0.999054700380974,0.0434645486588228,0.00073393226360449));
#6370=DIRECTION('',(-0.0434645603650598,-0.99905496945477,0.));
#6371=DIRECTION('',(0.999054700380974,-0.0434645486588153,-0.000733932263602359));
#6372=DIRECTION('',(0.0434645603650523,0.999054969454771,0.));
#6373=DIRECTION('',(0.999054700380974,-0.0434645486588127,-0.000733932263606364));
#6374=DIRECTION('',(0.0434645603650497,0.999054969454771,0.));
#6375=DIRECTION('',(-0.999054700382195,0.0434645486310056,0.000733932249348038));
#6376=DIRECTION('',(0.999054700380974,-0.0434645486588193,-0.000733932263608872));
#6377=DIRECTION('',(0.0434645603650563,0.99905496945477,0.));
#6378=DIRECTION('',(0.999054700382195,-0.0434645486310056,-0.000733932249348038));
#6379=DIRECTION('',(0.,0.,-1.));
#6380=DIRECTION('',(-1.,0.,0.));
#6381=DIRECTION('',(0.,0.,1.));
#6382=DIRECTION('',(1.,0.,0.));
#6383=DIRECTION('',(0.,1.,0.));
#6384=DIRECTION('',(-1.,0.,0.));
#6385=DIRECTION('',(0.,0.,1.));
#6386=DIRECTION('',(1.,0.,0.));
#6387=DIRECTION('',(-1.,0.,0.));
#6388=DIRECTION('',(0.,-1.,0.));
#6389=DIRECTION('',(0.,0.,1.));
#6390=DIRECTION('',(1.,0.,0.));
#6391=DIRECTION('',(0.,-1.,0.));
#6392=DIRECTION('',(1.,0.,0.));
#6393=DIRECTION('',(0.,0.,1.));
#6394=DIRECTION('',(1.,0.,0.));
#6395=DIRECTION('',(0.,0.,1.));
#6396=DIRECTION('',(-1.,0.,0.));
#6397=DIRECTION('',(0.,0.,1.));
#6398=DIRECTION('',(1.,0.,0.));
#6399=DIRECTION('',(1.,0.,0.));
#6400=DIRECTION('',(0.,1.,0.));
#6401=DIRECTION('',(0.,0.,1.));
#6402=DIRECTION('',(1.,0.,0.));
#6403=DIRECTION('',(-0.577350269189626,0.577350269189626,-0.577350269189626));
#6404=DIRECTION('',(-0.707106781186548,-0.707106781186547,1.38777878078145E-16));
#6405=DIRECTION('',(0.,0.,1.));
#6406=DIRECTION('',(1.,0.,0.));
#6407=DIRECTION('',(-0.718873086818576,0.585048618558824,-0.375419230954334));
#6408=DIRECTION('',(-0.631219047736557,-0.775604611754307,-5.68688218460789E-8));
#6409=DIRECTION('',(0.,0.,1.));
#6410=DIRECTION('',(1.,0.,0.));
#6411=CARTESIAN_POINT('',(0.,0.,0.));
#6412=CARTESIAN_POINT('',(6.37268280627001,0.49457203621924,-6.68248753638995));
#6413=CARTESIAN_POINT('',(7.42169024168666,0.448934260156016,-6.68325816525177));
#6414=CARTESIAN_POINT('',(6.46243172630283,2.55563520363611,-6.57225926626062));
#6415=CARTESIAN_POINT('',(7.51143916171947,2.50999742757289,-6.57302989512244));
#6416=CARTESIAN_POINT('',(6.54992122079212,4.5490210206199,-5.52968912275081));
#6417=CARTESIAN_POINT('',(7.59892865620877,4.50338324455667,-5.53045975161263));
#6418=CARTESIAN_POINT('',(6.60625645031563,5.81638115146948,-3.89910298245871));
#6419=CARTESIAN_POINT('',(7.65526388573228,5.77074337540626,-3.89987361132053));
#6420=CARTESIAN_POINT('',(6.37268280626985,0.494572036213632,-6.68248753628498));
#6421=CARTESIAN_POINT('',(7.42169024168649,0.448934260150417,-6.68325816514678));
#6422=CARTESIAN_POINT('',(6.37268280626984,0.494572036213632,-6.68248753628498));
#6423=CARTESIAN_POINT('',(7.41020380375989,0.0628579431623965,0.545001618129739));
#6424=CARTESIAN_POINT('',(7.56545536806246,3.73667754506133,-5.69005033352204));
#6425=CARTESIAN_POINT('',(7.20229411598759,4.72935575467578,-4.99960988944541));
#6426=CARTESIAN_POINT('',(7.27813303834392,4.56406943778128,-5.13547478117632));
#6427=CARTESIAN_POINT('',(7.43203843875278,4.17285738818698,-5.4265312722828));
#6428=CARTESIAN_POINT('',(7.5198243530203,3.8863688303263,-5.60298538283991));
#6429=CARTESIAN_POINT('',(7.56545536806511,3.73667754512487,-5.69005033362995));
#6430=CARTESIAN_POINT('',(7.20223731652611,4.72934142176982,-4.99962412358483));
#6431=CARTESIAN_POINT('',(6.60524527306039,5.79363039914686,-3.92822039493909));
#6432=CARTESIAN_POINT('',(6.8357016825012,5.45706820257929,-4.34332138639389));
#6433=CARTESIAN_POINT('',(7.03438213169527,5.09542256852207,-4.69870585996986));
#6434=CARTESIAN_POINT('',(7.20218042274268,4.72932688412418,-4.99963815766524));
#6435=CARTESIAN_POINT('',(6.60524527305691,5.79363039906687,-3.92822039487618));
#6436=CARTESIAN_POINT('',(6.36119636834338,0.108495719225874,0.545772246986343));
#6437=CARTESIAN_POINT('',(-7.4981229420641,1.08528984920709,-6.43406570812046));
#6438=CARTESIAN_POINT('',(-6.56545413906084,1.04471346382074,-6.43475087151763));
#6439=CARTESIAN_POINT('',(-7.44067117027719,2.40465648548021,-6.3635043084109));
#6440=CARTESIAN_POINT('',(-6.50800236727393,2.36408010009386,-6.36418947180808));
#6441=CARTESIAN_POINT('',(-7.32710234964114,4.9997258230595,-5.45341136106346));
#6442=CARTESIAN_POINT('',(-6.39443354663788,4.95914943767314,-5.45409652446063));
#6443=CARTESIAN_POINT('',(-7.25146630003924,6.70175692978536,-3.29171729935756));
#6444=CARTESIAN_POINT('',(-6.31879749703598,6.66118054439901,-3.29240246275474));
#6445=CARTESIAN_POINT('',(-7.22904087410931,7.19651030726893,-2.06545299919159));
#6446=CARTESIAN_POINT('',(-6.29637207110605,7.15593392188257,-2.06613816258876));
#6447=CARTESIAN_POINT('',(-17.9047249885665,1.53803609078452,-6.42642074038596));
#6448=CARTESIAN_POINT('',(-6.56545413906357,1.0447134638155,-6.43475087141612));
#6449=CARTESIAN_POINT('',(-7.36377578293193,1.07944498542269,-6.43416440302805));
#6450=CARTESIAN_POINT('',(-6.57656200179425,0.671361624008902,0.55527666961491));
#6451=CARTESIAN_POINT('',(-6.37310625826797,5.43444457929349,-4.57031076274433));
#6452=CARTESIAN_POINT('',(-6.29995705398808,7.07671228938304,-2.25452271158854));
#6453=CARTESIAN_POINT('',(-6.31722850787015,6.69446205363094,-3.12761855895464));
#6454=CARTESIAN_POINT('',(-6.34229174996309,6.13176894430793,-3.9210811419053));
#6455=CARTESIAN_POINT('',(-6.37310625826218,5.43444457936934,-4.57031076282608));
#6456=CARTESIAN_POINT('',(-6.29995705329212,7.07671230483979,-2.254522676111));
#6457=CARTESIAN_POINT('',(-6.27976573856263,7.07583386807289,-2.25453750918972));
#6458=CARTESIAN_POINT('',(-6.39986252644011,7.08105876233148,-2.25444928521663));
#6459=CARTESIAN_POINT('',(-6.67646747184092,0.675708079067494,0.555350062724166));
#6460=CARTESIAN_POINT('',(-6.3962775411509,7.16028037668485,-2.06606476933921));
#6461=CARTESIAN_POINT('',(-6.3962775411509,7.16028037668485,-2.06606476933921));
#6462=CARTESIAN_POINT('',(-6.47005486446345,7.16349010890052,-2.06601057054828));
#6463=CARTESIAN_POINT('',(-6.54383218777601,7.1666998411161,-2.06595637175724));
#6464=CARTESIAN_POINT('',(-6.6176095111085,7.16990957333265,-2.06590217296634));
#6465=CARTESIAN_POINT('',(-6.6176095111085,7.16990957333265,-2.06590217296634));
#6466=CARTESIAN_POINT('',(-7.16171617617542,7.02756823679842,-2.44364742091625));
#6467=CARTESIAN_POINT('',(-7.15679386984436,7.13681625159481,-2.21305717416325));
#6468=CARTESIAN_POINT('',(-6.90550727774542,7.18222950504926,-2.06619841290784));
#6469=CARTESIAN_POINT('',(-6.61760951110586,7.16990957339357,-2.06590217299098));
#6470=CARTESIAN_POINT('',(-7.16171617617855,7.02756823672592,-2.44364742089842));
#6471=CARTESIAN_POINT('',(-7.43441997450201,0.708683313826148,0.555906874921422));
#6472=CARTESIAN_POINT('',(-7.20015225458763,6.16733561418227,-3.81996260476591));
#6473=CARTESIAN_POINT('',(-7.20015225458763,6.16733561418227,-3.81996260476591));
#6474=CARTESIAN_POINT('',(-7.20697563932884,6.01373820614528,-4.01193207446673));
#6475=CARTESIAN_POINT('',(-7.21700120052131,5.85014041642618,-4.19578893335021));
#6476=CARTESIAN_POINT('',(-7.23068651358404,5.67752883726313,-4.37046547183065));
#6477=CARTESIAN_POINT('',(-7.23068651358404,5.67752883726313,-4.37046547183065));
#6478=CARTESIAN_POINT('',(-7.23068651358074,5.67752883734021,-4.37046547190708));
#6479=CARTESIAN_POINT('',(-7.24165835052415,5.5485246283578,-4.501045056665));
#6480=CARTESIAN_POINT('',(-7.27114025289154,5.27399071933465,-4.75440608976911));
#6481=CARTESIAN_POINT('',(-7.30188142401649,5.05399411743545,-4.93546613821415));
#6482=CARTESIAN_POINT('',(-7.32680058258053,4.87209834786962,-5.07074379111896));
#6483=CARTESIAN_POINT('',(-7.32680058264835,4.87209834627462,-5.07074378896183));
#6484=CARTESIAN_POINT('',(-6.89325771077276,4.23457479278891,-5.47971759802496));
#6485=CARTESIAN_POINT('',(-6.96012137961991,4.3337512047655,-5.42315661591597));
#6486=CARTESIAN_POINT('',(-7.02650233328619,4.43179242285782,-5.3641580830949));
#6487=CARTESIAN_POINT('',(-7.17132066564,4.64488737882645,-5.22893851519744));
#6488=CARTESIAN_POINT('',(-7.24954101577268,4.7594564182172,-5.15160307090763));
#6489=CARTESIAN_POINT('',(-7.32680058264835,4.87209834627462,-5.07074378896183));
#6490=CARTESIAN_POINT('',(-6.89325771077276,4.23457479278891,-5.47971759802496));
#6491=CARTESIAN_POINT('',(-7.27581634928707,3.11540648036307,-6.01569647784556));
#6492=CARTESIAN_POINT('',(-7.16420775356392,3.50018123321279,-5.87293172444317));
#6493=CARTESIAN_POINT('',(-7.03658541310644,3.87559559302265,-5.69400423057942));
#6494=CARTESIAN_POINT('',(-6.89325771077018,4.23457479285025,-5.47971759812951));
#6495=CARTESIAN_POINT('',(-7.27581634928875,3.11540648032169,-6.01569647773266));
#6496=CARTESIAN_POINT('',(-7.37580576211178,0.706133262911788,0.5558638154113));
#6497=CARTESIAN_POINT('',(-7.33645178952625,1.72763744118297,-6.36908964897032));
#6498=CARTESIAN_POINT('',(-7.36377578293173,1.07944498542812,-6.4341644031295));
#6499=CARTESIAN_POINT('',(-7.35463806090564,1.29636275861951,-6.4225638550954));
#6500=CARTESIAN_POINT('',(-7.34551643633332,1.5127395986645,-6.4008408767261));
#6501=CARTESIAN_POINT('',(-7.33645178952563,1.72763744119894,-6.36908964907859));
#6502=CARTESIAN_POINT('',(5.42113937690544,0.453802110009783,-5.14541008662506));
#6503=CARTESIAN_POINT('',(-4.36959668698269,0.879754686599846,-5.1382175505814));
#6504=CARTESIAN_POINT('',(5.35631310914344,-1.03491811878532,-5.22502873108042));
#6505=CARTESIAN_POINT('',(-4.43442295474469,-0.608965542195252,-5.21783619503677));
#6506=CARTESIAN_POINT('',(5.22521945556193,-4.06629157602573,-4.15197557125204));
#6507=CARTESIAN_POINT('',(-4.5655166083262,-3.64033899943567,-4.14478303520839));
#6508=CARTESIAN_POINT('',(5.13764859560172,-6.15279737846568,0.209399280566543));
#6509=CARTESIAN_POINT('',(-4.65308746828642,-5.72684480187561,0.216591816610196));
#6510=CARTESIAN_POINT('',(5.21104396211823,-4.54275106119279,4.76847042429916));
#6511=CARTESIAN_POINT('',(-4.57969210176991,-4.11679848460273,4.77566296034281));
#6512=CARTESIAN_POINT('',(5.33822316127459,-1.64294825773738,6.15873040698685));
#6513=CARTESIAN_POINT('',(-4.45251290261354,-1.21699568114732,6.1659229430305));
#6514=CARTESIAN_POINT('',(5.4030494290366,-0.154228028942284,6.23834905144223));
#6515=CARTESIAN_POINT('',(-4.38768663485153,0.271724547647779,6.24554158748588));
#6516=CARTESIAN_POINT('',(24.9188379314857,-0.394458417365208,-5.15973361632677));
#6517=CARTESIAN_POINT('',(5.42113937690532,0.453802110005366,-5.14541008654237));
#6518=CARTESIAN_POINT('',(-4.36959668698281,0.879754686595427,-5.13821755049873));
#6519=CARTESIAN_POINT('',(-4.37864166092024,0.575739617052176,0.553662018372473));
#6520=CARTESIAN_POINT('',(-4.62625976387295,-5.11075278190767,0.249541198520747));
#6521=CARTESIAN_POINT('',(-4.37864166091365,0.575739617203446,0.553662018380581));
#6522=CARTESIAN_POINT('',(-4.38768663485132,0.2717245476522,6.2455415874032));
#6523=CARTESIAN_POINT('',(24.9007479836171,-1.00248855630844,6.22402552157518));
#6524=CARTESIAN_POINT('',(5.40304942903666,-0.154228028937854,6.23834905135956));
#6525=CARTESIAN_POINT('',(5.41209440297099,0.149787040533763,0.546469482408586));
#6526=CARTESIAN_POINT('',(-6.85698484400651,-1.34294949638688,-6.24065092487081));
#6527=CARTESIAN_POINT('',(-7.4687870760064,-1.31633262760568,-6.24020147862115));
#6528=CARTESIAN_POINT('',(-6.85444608432655,-1.28326112042342,-6.31963441272694));
#6529=CARTESIAN_POINT('',(-7.46624831632644,-1.25664425164222,-6.31918496647728));
#6530=CARTESIAN_POINT('',(-6.85297479225078,-1.24780353145573,-6.41670990675516));
#6531=CARTESIAN_POINT('',(-7.46477702425067,-1.22118666267452,-6.4162604605055));
#6532=CARTESIAN_POINT('',(-6.85281764293901,-1.24252150861356,-6.515601839786));
#6533=CARTESIAN_POINT('',(-7.4646198749389,-1.21590463983236,-6.51515239353634));
#6534=CARTESIAN_POINT('',(5.31661545232087,-1.87257018871901,-6.24959397658229));
#6535=CARTESIAN_POINT('',(-7.46878707600637,-1.3163326276056,-6.24020147862109));
#6536=CARTESIAN_POINT('',(-6.86063386217354,-1.34279269810116,-6.24066653830779));
#6537=CARTESIAN_POINT('',(-7.48634076116249,-1.71471976254006,-6.5418296584351));
#6538=CARTESIAN_POINT('',(-7.46461987493895,-1.2159046398334,-6.51515239353639));
#6539=CARTESIAN_POINT('',(5.32078265338832,-1.77214220094676,-6.52454489149751));
#6540=CARTESIAN_POINT('',(-7.09309448951599,-1.23206810233062,-6.51542532600116));
#6541=CARTESIAN_POINT('',(-7.09309448953695,-1.23206810232419,-6.51542532598067));
#6542=CARTESIAN_POINT('',(-6.98918879338358,-1.2448777308142,-6.40517337766152));
#6543=CARTESIAN_POINT('',(-6.92704545033601,-1.27240825273729,-6.33308155167425));
#6544=CARTESIAN_POINT('',(-6.86061619904365,-1.34278833686158,-6.24067591440331));
#6545=CARTESIAN_POINT('',(-1.59252472688998,-0.828817534664337,-6.89707818570783));
#6546=CARTESIAN_POINT('',(-1.5501721054293,0.143800610537497,-6.84506133471382));
#6547=CARTESIAN_POINT('',(-1.59248318351222,-0.827421202047419,-6.92322082766436));
#6548=CARTESIAN_POINT('',(-1.55013056205154,0.145196943154414,-6.87120397667034));
#6549=CARTESIAN_POINT('',(-1.60320901787866,-0.825565036909625,-6.94919457781564));
#6550=CARTESIAN_POINT('',(-1.56085639641797,0.147053108292209,-6.89717772682162));
#6551=CARTESIAN_POINT('',(-1.62167415522867,-0.823773064386274,-6.96766663065817));
#6552=CARTESIAN_POINT('',(-1.57932153376799,0.148845080815559,-6.91564977966415));
#6553=CARTESIAN_POINT('',(-1.59340947795064,-0.174681295294357,-6.93295238025929));
#6554=CARTESIAN_POINT('',(-1.57932153376871,0.148845080815527,-6.91564977966339));
#6555=CARTESIAN_POINT('',(-1.62122774173567,-0.813647855392996,-6.96712857923273));
#6556=CARTESIAN_POINT('',(-1.65007757547171,0.14814706541457,-6.84498794174658));
#6557=CARTESIAN_POINT('',(-1.55017210542972,0.143800610551363,-6.84506133497276));
#6558=CARTESIAN_POINT('',(-1.56426004961163,-0.179725765558521,-6.86236393556866));
#6559=CARTESIAN_POINT('',(-1.59217888400874,-0.820875332955519,-6.89665342669536));
#6560=CARTESIAN_POINT('',(-1.59217888400787,-0.820875332955575,-6.89665342669538));
#6561=CARTESIAN_POINT('',(-1.59226337128512,-0.822391438829362,-6.92187458168732));
#6562=CARTESIAN_POINT('',(-1.60219709440639,-0.819823842835761,-6.94812459232546));
#6563=CARTESIAN_POINT('',(-1.62123325098696,-0.813647800565589,-6.9671251187174));
#6564=CARTESIAN_POINT('',(-1.0289238690072,0.62088345895731,-6.81875103619122));
#6565=CARTESIAN_POINT('',(0.227387416741725,0.566226789053016,-6.81967395599479));
#6566=CARTESIAN_POINT('',(-1.02888232569773,0.622279791572902,-6.84489367806095));
#6567=CARTESIAN_POINT('',(0.227428960051189,0.567623121668608,-6.84581659786453));
#6568=CARTESIAN_POINT('',(-1.02837285277209,0.634419295865899,-6.87030031962691));
#6569=CARTESIAN_POINT('',(0.227938432976833,0.579762625961606,-6.87122323943049));
#6570=CARTESIAN_POINT('',(-1.02753928259288,0.653874795443679,-6.88779825926232));
#6571=CARTESIAN_POINT('',(0.228772003156041,0.599218125539385,-6.88872117906589));
#6572=CARTESIAN_POINT('',(-2.70095590575742,0.726677914401776,-6.88656892274449));
#6573=CARTESIAN_POINT('',(0.150635257560428,0.602617517362143,-6.8886637777268));
#6574=CARTESIAN_POINT('',(-1.02753928259288,0.653874795443756,-6.88779825926218));
#6575=CARTESIAN_POINT('',(0.219894506488762,0.566552773168067,-6.81966845150295));
#6576=CARTESIAN_POINT('',(0.193086450279024,0.569154394765662,-6.84648654776363));
#6577=CARTESIAN_POINT('',(0.16876583629905,0.581818648788122,-6.87071448441444));
#6578=CARTESIAN_POINT('',(0.150635257560428,0.602617517362143,-6.8886637777268));
#6579=CARTESIAN_POINT('',(0.219894506488762,0.566552773168067,-6.81966845150295));
#6580=CARTESIAN_POINT('',(-2.70234049217169,0.693686577915552,-6.81752169967352));
#6581=CARTESIAN_POINT('',(-1.02892386900712,0.620883458957615,-6.8187510361912));
#6582=CARTESIAN_POINT('',(-1.02457969176247,0.720646483498965,-6.81341558321152));
#6583=CARTESIAN_POINT('',(-1.38862622402044,0.486074595836144,-6.74998653470465));
#6584=CARTESIAN_POINT('',(-1.38850494601292,0.490150930621598,-6.82630514194295));
#6585=CARTESIAN_POINT('',(-1.29213268667838,0.574392231137919,-6.74511596897327));
#6586=CARTESIAN_POINT('',(-1.29201140867086,0.578468565923372,-6.82143457621157));
#6587=CARTESIAN_POINT('',(-1.15982110148948,0.622496620290927,-6.74233635744577));
#6588=CARTESIAN_POINT('',(-1.15969982348196,0.62657295507638,-6.81865496468406));
#6589=CARTESIAN_POINT('',(-1.02904514701449,0.61680712417564,-6.74243242895276));
#6590=CARTESIAN_POINT('',(-1.02892386900697,0.620883458961093,-6.81875103619105));
#6591=CARTESIAN_POINT('',(-1.38878527230561,0.480728745294053,-6.64989959669256));
#6592=CARTESIAN_POINT('',(-1.38850494600225,0.490150930610019,-6.82630514194354));
#6593=CARTESIAN_POINT('',(-1.38859928555396,0.487888411614725,-6.78329460541996));
#6594=CARTESIAN_POINT('',(-1.05064475521709,0.122068336235055,-6.84542830109753));
#6595=CARTESIAN_POINT('',(-1.02920419531049,0.611461273641691,-6.6423454909402));
#6596=CARTESIAN_POINT('',(-1.02904442368659,0.616831436307999,-6.74288760951301));
#6597=CARTESIAN_POINT('',(-1.02904442368659,0.616831436307999,-6.74288760951301));
#6598=CARTESIAN_POINT('',(-1.03004868469139,0.616890291758707,-6.74317041773381));
#6599=CARTESIAN_POINT('',(-1.03105312719356,0.616946113465609,-6.7434532190323));
#6600=CARTESIAN_POINT('',(-1.06753239349737,0.618862832488504,-6.75372096572902));
#6601=CARTESIAN_POINT('',(-1.10325438898331,0.616941954314621,-6.76368779134338));
#6602=CARTESIAN_POINT('',(-1.17193210448472,0.60555210360035,-6.78040858634688));
#6603=CARTESIAN_POINT('',(-1.20499157410773,0.596489171739362,-6.78735453150398));
#6604=CARTESIAN_POINT('',(-1.27380427486117,0.569302486087405,-6.79632179059778));
#6605=CARTESIAN_POINT('',(-1.30580581381716,0.551369566898528,-6.79689239163275));
#6606=CARTESIAN_POINT('',(-1.33303453748486,0.532477165065823,-6.79236354054175));
#6607=CARTESIAN_POINT('',(-1.33303453748486,0.532477165065823,-6.79236354054175));
#6608=CARTESIAN_POINT('',(-1.33303453382696,0.532477159726914,-6.79236354082108));
#6609=CARTESIAN_POINT('',(-1.35255877109782,0.518938563202233,-6.78927142102553));
#6610=CARTESIAN_POINT('',(-1.3711338161739,0.504014847058028,-6.78625177497327));
#6611=CARTESIAN_POINT('',(-1.38857329124107,0.487853745528648,-6.7832964156998));
#6612=CARTESIAN_POINT('',(-7.46225586133636,-1.2058593862531,-6.70490471211848));
#6613=CARTESIAN_POINT('',(-2.2468365160509,-1.43275972281876,-6.70873609837781));
#6614=CARTESIAN_POINT('',(-7.4621874626028,-1.20356040276418,-6.74794710856764));
#6615=CARTESIAN_POINT('',(-2.24676811731734,-1.43046073932984,-6.75177849482697));
#6616=CARTESIAN_POINT('',(-7.46149370108349,-1.18690218684385,-6.79009831402351));
#6617=CARTESIAN_POINT('',(-2.24607435579804,-1.41380252340951,-6.79392970028283));
#6618=CARTESIAN_POINT('',(-7.46031103181664,-1.15916122101027,-6.82306766347995));
#6619=CARTESIAN_POINT('',(-2.24489168653119,-1.38606155757593,-6.82689904973927));
#6620=CARTESIAN_POINT('',(5.32550509591578,-1.71592340175078,-6.83185707828343));
#6621=CARTESIAN_POINT('',(-2.27583493386332,-1.38522708837555,-6.8262862550921));
#6622=CARTESIAN_POINT('',(-7.34535404270391,-1.16464610003804,-6.82255079306746));
#6623=CARTESIAN_POINT('',(-2.45008445377233,-1.42391728419166,-6.70858678701773));
#6624=CARTESIAN_POINT('',(-2.39228106497342,-1.42420350839161,-6.75029900433604));
#6625=CARTESIAN_POINT('',(-2.31990948958379,-1.40642598525448,-6.79859461770772));
#6626=CARTESIAN_POINT('',(-2.27583452885378,-1.38521751084802,-6.82627829197715));
#6627=CARTESIAN_POINT('',(-2.45008445377228,-1.42391728419114,-6.70858678701779));
#6628=CARTESIAN_POINT('',(5.32358182341142,-1.76211587913965,-6.71429752975719));
#6629=CARTESIAN_POINT('',(-7.43133440276745,-1.20720464516507,-6.70492742784731));
#6630=CARTESIAN_POINT('',(-7.42462507295964,-1.20593142867379,-6.72139044605255));
#6631=CARTESIAN_POINT('',(-7.42698793815635,-1.206579325667,-6.71591081128195));
#6632=CARTESIAN_POINT('',(-7.42922656676304,-1.20700307857411,-6.7104125677353));
#6633=CARTESIAN_POINT('',(-7.43133440276745,-1.20720464516507,-6.70492742784731));
#6634=CARTESIAN_POINT('',(-7.42462507295964,-1.20593142867379,-6.72139044605255));
#6635=CARTESIAN_POINT('',(-7.42462507295965,-1.20593142867396,-6.72139044605255));
#6636=CARTESIAN_POINT('',(-7.40333405196532,-1.20072171421288,-6.76618107174851));
#6637=CARTESIAN_POINT('',(-7.37763640665826,-1.1848688642157,-6.79669573859672));
#6638=CARTESIAN_POINT('',(-7.3453545950192,-1.16465861847925,-6.82256126378124));
#6639=CARTESIAN_POINT('',(-1.64308736567808,-0.772971033321925,-6.9943183248534));
#6640=CARTESIAN_POINT('',(-6.93520917432027,-0.542733704349901,-6.99043059091715));
#6641=CARTESIAN_POINT('',(-1.64340665283469,-0.780303388943202,-6.99471046852415));
#6642=CARTESIAN_POINT('',(-6.93552846147687,-0.550066059971177,-6.99082273458789));
#6643=CARTESIAN_POINT('',(-1.64372658275323,-0.787657357116856,-6.99469763544234));
#6644=CARTESIAN_POINT('',(-6.93584839139541,-0.557420028144831,-6.99080990150608));
#6645=CARTESIAN_POINT('',(-1.64404521470803,-0.794988327964405,-6.99427990345468));
#6646=CARTESIAN_POINT('',(-6.93616702335021,-0.56475099899238,-6.99039216951842));
#6647=CARTESIAN_POINT('',(5.3522057915297,-1.0993649471614,-6.99941953618299));
#6648=CARTESIAN_POINT('',(-6.93616702335017,-0.564750998992165,-6.99039216951593));
#6649=CARTESIAN_POINT('',(-1.67560856501185,-0.793615135239667,-6.99425657789603));
#6650=CARTESIAN_POINT('',(-6.93552654182658,-0.553400899772938,-6.79071551831262));
#6651=CARTESIAN_POINT('',(-6.93520917432026,-0.542733704350064,-6.99043059091439));
#6652=CARTESIAN_POINT('',(5.35316364055961,-1.07734765251924,-6.99945795758147));
#6653=CARTESIAN_POINT('',(-1.69017199723746,-0.770922584666159,-6.99428373522348));
#6654=CARTESIAN_POINT('',(-1.69017199723746,-0.770922584666159,-6.99428373522348));
#6655=CARTESIAN_POINT('',(-1.6854465508493,-0.778252155606641,-6.99466771356541));
#6656=CARTESIAN_POINT('',(-1.68055444688234,-0.785860519221279,-6.99468083631927));
#6657=CARTESIAN_POINT('',(-1.67560856501185,-0.793615135239667,-6.99425657789603));
#6658=CARTESIAN_POINT('',(0.217009960908056,0.375802693418339,0.55028593010515));
#6659=CARTESIAN_POINT('',(0.178403114244247,0.759328157116932,-6.58949121854543));
#6660=CARTESIAN_POINT('',(0.228435191140679,0.759821728540386,-6.6394566833067));
#6661=CARTESIAN_POINT('',(0.128371037347814,0.758834585693505,-6.53952575378429));
#6662=CARTESIAN_POINT('',(0.217009960903512,0.375802693310565,0.550285930324736));
#6663=CARTESIAN_POINT('',(0.374819493342563,4.10707861801301,-5.60541680216327));
#6664=CARTESIAN_POINT('',(0.374819493342563,4.10707861801301,-5.60541680216327));
#6665=CARTESIAN_POINT('',(0.331417489282355,4.10118118562203,-5.55964767863666));
#6666=CARTESIAN_POINT('',(0.288311246657121,4.0952089711315,-5.51417125201575));
#6667=CARTESIAN_POINT('',(0.288311246973236,4.09520913157619,-5.51417127912951));
#6668=CARTESIAN_POINT('',(0.288311246657121,4.0952089711315,-5.51417125201575));
#6669=CARTESIAN_POINT('',(0.277893637280435,4.07090481136382,-5.51836609829229));
#6670=CARTESIAN_POINT('',(0.272191780372685,4.04753358001559,-5.52720907932561));
#6671=CARTESIAN_POINT('',(0.27127060695371,4.02657225890981,-5.53978281860007));
#6672=CARTESIAN_POINT('',(0.27127060695371,4.02657225890981,-5.53978281860007));
#6673=CARTESIAN_POINT('',(0.117104490867299,0.380149148162389,0.550359323567598));
#6674=CARTESIAN_POINT('',(0.243302146680197,3.38943308496132,-5.87912621923746));
#6675=CARTESIAN_POINT('',(0.117104490864073,0.380149148175795,0.550359323541466));
#6676=CARTESIAN_POINT('',(0.24330214668239,3.38943308501367,-5.87912621934931));
#6677=CARTESIAN_POINT('',(-6.3504588759361,3.67629910598248,-5.87428226650354));
#6678=CARTESIAN_POINT('',(0.179804851387894,1.94138095718108,-6.55812505816384));
#6679=CARTESIAN_POINT('',(-6.4139561712306,2.22824697814989,-6.55328110531808));
#6680=CARTESIAN_POINT('',(0.106553651356158,0.260513697479768,-6.72683122914065));
#6681=CARTESIAN_POINT('',(-6.48720737126234,0.547379718448581,-6.72198727629488));
#6682=CARTESIAN_POINT('',(0.0392257419348054,-1.29343009086809,-6.34913829856113));
#6683=CARTESIAN_POINT('',(-6.55453528068369,-1.00656406989928,-6.34429434571536));
#6684=CARTESIAN_POINT('',(5.53829205878291,3.15907097721363,-5.88301606015905));
#6685=CARTESIAN_POINT('',(-6.35045887593829,3.67629910593013,-5.8742822663917));
#6686=CARTESIAN_POINT('',(-6.47665653175474,0.667015169144529,0.555203276386889));
#6687=CARTESIAN_POINT('',(-6.46538998527067,1.04570060666237,-6.53468180093843));
#6688=CARTESIAN_POINT('',(-6.4766565317543,0.667015169149125,0.555203276299116));
#6689=CARTESIAN_POINT('',(-6.55453528068289,-1.00656406988283,-6.34429434564754));
#6690=CARTESIAN_POINT('',(5.33421565403826,-1.5237921985993,-6.35302813941493));
#6691=CARTESIAN_POINT('',(-3.05227190753334,-1.15893240030811,-6.34686720180277));
#6692=CARTESIAN_POINT('',(-2.23426104439096,0.562838718215956,-6.54745836395698));
#6693=CARTESIAN_POINT('',(-2.28333616956542,0.273429338141216,-6.5507266847594));
#6694=CARTESIAN_POINT('',(-2.53288076936144,-0.395314653325163,-6.50910403786294));
#6695=CARTESIAN_POINT('',(-2.83481894971958,-0.853088653053002,-6.42350882697333));
#6696=CARTESIAN_POINT('',(-3.05227190753411,-1.15893240032456,-6.34686720187059));
#6697=CARTESIAN_POINT('',(-2.23426104439093,0.562838718214835,-6.54745836385803));
#6698=CARTESIAN_POINT('',(-2.23426104439093,0.562838718214835,-6.54745836385803));
#6699=CARTESIAN_POINT('',(-2.23141164169069,0.579642404437028,-6.5472685986164));
#6700=CARTESIAN_POINT('',(-2.22199821806537,0.594510428192464,-6.54703982967059));
#6701=CARTESIAN_POINT('',(-2.21026116897255,0.607323211284675,-6.54681423206599));
#6702=CARTESIAN_POINT('',(-2.21026116897255,0.607323211284675,-6.54681423206599));
#6703=CARTESIAN_POINT('',(-2.21026116897255,0.607323211284675,-6.54681423206599));
#6704=CARTESIAN_POINT('',(-2.20893045979854,0.608508566125582,-6.54679141869657));
#6705=CARTESIAN_POINT('',(-2.19440014341355,0.623457424348735,-6.54652162213132));
#6706=CARTESIAN_POINT('',(-2.17084535398278,0.639243250002306,-6.54617381637673));
#6707=CARTESIAN_POINT('',(-2.1472665359966,0.651299077972738,-6.54587634699394));
#6708=CARTESIAN_POINT('',(-2.14055758221179,0.654691358436666,-6.54579284936707));
#6709=CARTESIAN_POINT('',(-2.14055758221179,0.654691358436666,-6.54579284936707));
#6710=CARTESIAN_POINT('',(-2.14055758221179,0.654691358436666,-6.54579284936707));
#6711=CARTESIAN_POINT('',(-2.11285124095839,0.667642136211272,-6.54545997281258));
#6712=CARTESIAN_POINT('',(-2.01061644183853,0.702072715727278,-6.54442368893066));
#6713=CARTESIAN_POINT('',(-1.79025350571475,0.732762268311417,-6.5431344623757));
#6714=CARTESIAN_POINT('',(-1.6008690690031,0.73270697623085,-6.54294450800492));
#6715=CARTESIAN_POINT('',(-1.48640001854864,0.727726922978231,-6.54302860002476));
#6716=CARTESIAN_POINT('',(-1.48640001854864,0.727726922978231,-6.54302860002476));
#6717=CARTESIAN_POINT('',(5.41895613664985,0.427304745586614,-6.54810145897189));
#6718=CARTESIAN_POINT('',(0.123966224547117,0.657666853334332,-6.54421161805027));
#6719=CARTESIAN_POINT('',(0.11710449093706,0.38014914814749,0.550359324024107));
#6720=CARTESIAN_POINT('',(0.296931520911966,4.02545586353727,-5.53980166978948));
#6721=CARTESIAN_POINT('',(-1.6566700238545,4.11044861650227,-5.53836650194979));
#6722=CARTESIAN_POINT('',(0.297870879322624,4.04683098452299,-5.52697971086425));
#6723=CARTESIAN_POINT('',(-1.65573066544384,4.13182373748799,-5.52554454302456));
#6724=CARTESIAN_POINT('',(0.298912421601587,4.07062328900078,-5.5182105994875));
#6725=CARTESIAN_POINT('',(-1.65468912316488,4.15561604196578,-5.51677543164781));
#6726=CARTESIAN_POINT('',(0.29998474385548,4.09520167355181,-5.51409551019278));
#6727=CARTESIAN_POINT('',(-1.65361680091098,4.18019442651682,-5.51266034235309));
#6728=CARTESIAN_POINT('',(5.56931374199992,3.86595596117542,-5.51796649992517));
#6729=CARTESIAN_POINT('',(-1.65361627933651,4.18020776245364,-5.5127401304346));
#6730=CARTESIAN_POINT('',(0.288147088785926,4.09571660398089,-5.51408666357278));
#6731=CARTESIAN_POINT('',(-1.65361680091098,4.18019442651682,-5.51266034235309));
#6732=CARTESIAN_POINT('',(-1.65468912075651,4.15561604186101,-5.51677543164958));
#6733=CARTESIAN_POINT('',(-1.65573066062711,4.13182373727845,-5.5255445430281));
#6734=CARTESIAN_POINT('',(-1.65667001662941,4.11044861618796,-5.53836650195508));
#6735=CARTESIAN_POINT('',(-1.65667001662933,4.11044861618972,-5.53836650195802));
#6736=CARTESIAN_POINT('',(5.56626051905642,3.79621015116212,-5.5436726595217));
#6737=CARTESIAN_POINT('',(0.288229106524176,4.09546280084257,-5.51412887441965));
#6738=CARTESIAN_POINT('',(-3.53561175006058,6.60592865711882,-4.00447009381249));
#6739=CARTESIAN_POINT('',(-2.13833564465327,6.54513921765051,-4.00549657013517));
#6740=CARTESIAN_POINT('',(-3.53991321569231,6.50578455025641,-3.92909672429116));
#6741=CARTESIAN_POINT('',(-2.142637110285,6.4449951107881,-3.93012320061384));
#6742=CARTESIAN_POINT('',(-3.54550870412877,6.37656847942673,-3.89350873340661));
#6743=CARTESIAN_POINT('',(-2.14823259872146,6.31577903995842,-3.89453520972929));
#6744=CARTESIAN_POINT('',(-3.55093802444421,6.25200049181228,-3.90699311405418));
#6745=CARTESIAN_POINT('',(-2.15366191903689,6.19121105234397,-3.90801959037686));
#6746=CARTESIAN_POINT('',(5.65687069156362,5.85140856269369,-3.9137574161164));
#6747=CARTESIAN_POINT('',(-2.58657776388162,6.21006139367291,-3.90770034578598));
#6748=CARTESIAN_POINT('',(-3.54265369311391,6.25164202299524,-3.90699767559893));
#6749=CARTESIAN_POINT('',(-2.58657776592327,6.2100613380519,-3.90769983098525));
#6750=CARTESIAN_POINT('',(-2.56272558505242,6.23069580859468,-3.90537580988811));
#6751=CARTESIAN_POINT('',(-2.53759040047959,6.25064272937985,-3.90455175165094));
#6752=CARTESIAN_POINT('',(-2.51117980594322,6.26972269612202,-3.90493993735935));
#6753=CARTESIAN_POINT('',(-2.51117980594322,6.26972269612191,-3.90493993736538));
#6754=CARTESIAN_POINT('',(-2.51117980594322,6.26972269612202,-3.90493993735935));
#6755=CARTESIAN_POINT('',(-2.51813536565078,6.38191698165931,-3.90697466559701));
#6756=CARTESIAN_POINT('',(-2.37006692752498,6.46712966805957,-3.95217365945456));
#6757=CARTESIAN_POINT('',(-2.2426673046127,6.51910796909629,-3.98245512019041));
#6758=CARTESIAN_POINT('',(-2.14661989033753,6.5454996293464,-4.00549048430675));
#6759=CARTESIAN_POINT('',(-2.14661989033756,6.54549962934556,-4.00549048430789));
#6760=CARTESIAN_POINT('',(5.67219696594716,6.20533672799818,-4.01123439586804));
#6761=CARTESIAN_POINT('',(-3.27436458249117,6.59456292287419,-4.00466201295604));
#6762=CARTESIAN_POINT('',(-3.27436458249114,6.59456292287505,-4.00466201295491));
#6763=CARTESIAN_POINT('',(-3.31744473691405,6.52580781738568,-3.95157263715939));
#6764=CARTESIAN_POINT('',(-3.35717341622412,6.46951358866641,-3.93005654524341));
#6765=CARTESIAN_POINT('',(-3.42122653098456,6.40734388775315,-3.91578428271925));
#6766=CARTESIAN_POINT('',(-3.42122653098461,6.40734388775206,-3.91578428272417));
#6767=CARTESIAN_POINT('',(-3.42122653098456,6.40734388775315,-3.91578428271925));
#6768=CARTESIAN_POINT('',(-3.47612208777034,6.35456755056431,-3.90366310911082));
#6769=CARTESIAN_POINT('',(-3.50954030343201,6.31272820799867,-3.90026565293834));
#6770=CARTESIAN_POINT('',(-3.54265377875997,6.25164008011583,-3.90699919988218));
#6771=CARTESIAN_POINT('',(-0.788676747395643,5.00301497360325,-7.42827915154858));
#6772=CARTESIAN_POINT('',(-0.801527285514413,4.71653822723701,-7.9553141954409));
#6773=CARTESIAN_POINT('',(-0.805810798213652,4.62104597845124,-8.13099254339896));
#6774=CARTESIAN_POINT('',(-1.00133822558851,4.72523113696559,-7.95516740898643));
#6775=CARTESIAN_POINT('',(-0.788676747396595,5.00301497358128,-7.4282791515604));
#6776=CARTESIAN_POINT('',(-0.823430396801644,4.20490299177952,-7.47081676275391));
#6777=CARTESIAN_POINT('',(-0.814741984456363,4.40443098722425,-7.46018235995334));
#6778=CARTESIAN_POINT('',(-0.962173290427047,4.26949020402769,-7.46759822459322));
#6779=CARTESIAN_POINT('',(-0.81474198445037,4.40443098722976,-7.46018235995289));
#6780=CARTESIAN_POINT('',(-1.01455292452949,4.41312389696176,-7.46003557350264));
#6781=CARTESIAN_POINT('',(-0.988487687475755,5.01170788331313,-7.42813236510746));
#6782=CARTESIAN_POINT('',(-1.01455292453502,4.41312389696207,-7.46003557350274));
#6783=CARTESIAN_POINT('',(-1.0154617193719,4.38252928867261,-6.88526170385));
#6784=CARTESIAN_POINT('',(-1.01682754556813,4.36088758990272,-7.46281965364575));
#6785=CARTESIAN_POINT('',(-1.01773634040501,4.33029298161326,-6.88804578399301));
#6786=CARTESIAN_POINT('',(-0.997553916160051,4.30803608348602,-7.46560240951918));
#6787=CARTESIAN_POINT('',(-0.998462710996935,4.27744147519656,-6.89082853986644));
#6788=CARTESIAN_POINT('',(-0.962173290427488,4.26949020402728,-7.46759822459325));
#6789=CARTESIAN_POINT('',(-0.963082085264372,4.23889559573782,-6.89282435494051));
#6790=CARTESIAN_POINT('',(-0.964369002027121,4.19557150027367,-6.07890453731227));
#6791=CARTESIAN_POINT('',(-0.963082085263935,4.23889559573822,-6.89282435494049));
#6792=CARTESIAN_POINT('',(-0.815650779287282,4.37383637894027,-6.88540849030023));
#6793=CARTESIAN_POINT('',(-1.01546171936639,4.38252928867237,-6.88526170385001));
#6794=CARTESIAN_POINT('',(-1.01674863612957,4.33920519320774,-6.07134188622178));
#6795=CARTESIAN_POINT('',(0.499091198017426,6.95683816237448,-5.2093062720751));
#6796=CARTESIAN_POINT('',(0.425235061391391,6.40993550177088,-5.23034791958747));
#6797=CARTESIAN_POINT('',(0.47301475990158,6.35784628451781,-5.23230082930216));
#6798=CARTESIAN_POINT('',(0.377455362881213,6.46202471902387,-5.22839500987265));
#6799=CARTESIAN_POINT('',(0.499091198016568,6.95683816235634,-5.20930627208388));
#6800=CARTESIAN_POINT('',(0.480325559216979,6.53265888080055,-5.6332399790503));
#6801=CARTESIAN_POINT('',(0.480325559216979,6.53265888080055,-5.6332399790503));
#6802=CARTESIAN_POINT('',(0.383547695644033,6.60770188259275,-5.5625109679962));
#6803=CARTESIAN_POINT('',(0.399185727977011,6.96118461722241,-5.20923287885749));
#6804=CARTESIAN_POINT('',(0.369008633811272,6.25552744910745,-4.49731084493921));
#6805=CARTESIAN_POINT('',(0.438441376962573,6.70029027323165,-4.44867829954673));
#6806=CARTESIAN_POINT('',(0.39065308729069,6.75212306194722,-4.44323390937812));
#6807=CARTESIAN_POINT('',(0.486229666634492,6.648457484516,-4.4541226897153));
#6808=CARTESIAN_POINT('',(0.369008633811953,6.25552744912294,-4.49731084493149));
#6809=CARTESIAN_POINT('',(0.389159640797426,6.71541261547381,-4.30211973168729));
#6810=CARTESIAN_POINT('',(0.404671520490014,6.69673668609453,-4.301643009581));
#6811=CARTESIAN_POINT('',(0.399516701164802,6.70296827831552,-4.30180581087924));
#6812=CARTESIAN_POINT('',(0.394342214021254,6.70919702829239,-4.30196476485428));
#6813=CARTESIAN_POINT('',(0.389159640797426,6.71541261547381,-4.30211973168729));
#6814=CARTESIAN_POINT('',(0.404671520490014,6.69673668609453,-4.301643009581));
#6815=CARTESIAN_POINT('',(0.486121488177154,6.64561706338748,-4.43316513434634));
#6816=CARTESIAN_POINT('',(0.451056460811691,6.67401947810845,-4.37204726878511));
#6817=CARTESIAN_POINT('',(0.404671520490014,6.69673668609455,-4.30164300958097));
#6818=CARTESIAN_POINT('',(0.486121488177154,6.64561706338748,-4.43316513434634));
#6819=CARTESIAN_POINT('',(0.46891410384804,6.25118099426594,-4.49738423815705));
#6820=CARTESIAN_POINT('',(-0.721504807555233,6.50983572251755,-5.2275876843984));
#6821=CARTESIAN_POINT('',(0.377455362881177,6.46202471902274,-5.2283950098727));
#6822=CARTESIAN_POINT('',(-0.721388754093184,6.51460199648754,-5.35187734252763));
#6823=CARTESIAN_POINT('',(0.377571416343227,6.46679099299274,-5.35268466800193));
#6824=CARTESIAN_POINT('',(-0.719167698505683,6.56771089429614,-5.47368456228264));
#6825=CARTESIAN_POINT('',(0.379792471930727,6.51989989080134,-5.47449188775693));
#6826=CARTESIAN_POINT('',(-0.715412474792392,6.65551288608724,-5.56170364252222));
#6827=CARTESIAN_POINT('',(0.383547695644018,6.60770188259244,-5.56251096799652));
#6828=CARTESIAN_POINT('',(8.17008202597582,6.12300123969707,-5.23411968141767));
#6829=CARTESIAN_POINT('',(-0.721504807555184,6.50983572251867,-5.22758768439836));
#6830=CARTESIAN_POINT('',(8.17617435873862,6.2686784032659,-5.56823563954112));
#6831=CARTESIAN_POINT('',(-0.715412474792371,6.65551288608753,-5.56170364252187));
#6832=CARTESIAN_POINT('',(-0.699774442459313,7.00899562071733,-5.20842555338322));
#6833=CARTESIAN_POINT('',(-6.41069354175375,0.664145404876572,0.555154818002834));
#6834=CARTESIAN_POINT('',(-6.168316462902,6.29012476636509,-2.69132166856039));
#6835=CARTESIAN_POINT('',(-6.13102768155962,7.15566005275424,-3.19077958957321));
#6836=CARTESIAN_POINT('',(-6.93285139188745,6.8570217956754,-2.99810188398279));
#6837=CARTESIAN_POINT('',(-6.41069354175474,0.664145404824717,0.555154818177941));
#6838=CARTESIAN_POINT('',(-6.15969241287333,6.51270144131451,-4.13327676670776));
#6839=CARTESIAN_POINT('',(-6.15969241287275,6.51270144132829,-4.13327676671881));
#6840=CARTESIAN_POINT('',(-6.46204716112932,6.52585558862606,-4.13305464900811));
#6841=CARTESIAN_POINT('',(-6.76599817866882,6.4249633770176,-4.04152573596451));
#6842=CARTESIAN_POINT('',(-6.96004613737102,6.24703542055846,-3.89226587279129));
#6843=CARTESIAN_POINT('',(-6.96004613735331,6.24703542054659,-3.89226587278244));
#6844=CARTESIAN_POINT('',(-7.19817541309853,0.698405334818592,0.555733323371356));
#6845=CARTESIAN_POINT('',(-0.933399968798075,4.35429474692882,-6.70539721622438));
#6846=CARTESIAN_POINT('',(-6.47676364606364,4.59546252286509,-6.70132491330542));
#6847=CARTESIAN_POINT('',(-0.935290853141623,4.31122552370723,-6.72871345906514));
#6848=CARTESIAN_POINT('',(-6.47865453040719,4.5523932996435,-6.72464115614617));
#6849=CARTESIAN_POINT('',(-0.93754906397183,4.25943224521691,-6.73539618916338));
#6850=CARTESIAN_POINT('',(-6.4809127412374,4.50060002115317,-6.73132388624441));
#6851=CARTESIAN_POINT('',(-0.939610078521953,4.21186254437192,-6.72377481259847));
#6852=CARTESIAN_POINT('',(-6.48297375578752,4.45303032030819,-6.7197025096795));
#6853=CARTESIAN_POINT('',(5.57115010810443,3.92860753075984,-6.72855779081272));
#6854=CARTESIAN_POINT('',(-6.48297375568239,4.45303032030408,-6.71970250967768));
#6855=CARTESIAN_POINT('',(-0.972671947141956,4.21329968635175,-6.72375558752586));
#6856=CARTESIAN_POINT('',(-6.48077008995524,4.50040185151622,-6.52540613325264));
#6857=CARTESIAN_POINT('',(-6.47676364606961,4.59546252272903,-6.70132491337497));
#6858=CARTESIAN_POINT('',(5.5773602178282,4.07103973331456,-6.71018019443748));
#6859=CARTESIAN_POINT('',(-1.0164008047903,4.35790575428335,-6.7053362415917));
#6860=CARTESIAN_POINT('',(-1.02040724879562,4.26284508291838,-6.52941746149756));
#6861=CARTESIAN_POINT('',(-1.01673550515776,4.35027868391423,-6.70925595498353));
#6862=CARTESIAN_POINT('',(-1.01673550515776,4.35027868391423,-6.70925595498353));
#6863=CARTESIAN_POINT('',(-1.01746691333779,4.33360403845199,-6.71737774144374));
#6864=CARTESIAN_POINT('',(-1.01570205099013,4.31608762491466,-6.72298786831887));
#6865=CARTESIAN_POINT('',(-1.0068680865614,4.27903146691141,-6.72966059275532));
#6866=CARTESIAN_POINT('',(-0.99956944236667,4.26025653584613,-6.7301847091967));
#6867=CARTESIAN_POINT('',(-0.98496499316373,4.23234948621519,-6.72759062535633));
#6868=CARTESIAN_POINT('',(-0.979051288691114,4.22261337798053,-6.72595372260174));
#6869=CARTESIAN_POINT('',(-0.972671947141956,4.21329968635175,-6.72375558752586));
#6870=CARTESIAN_POINT('',(0.264533146725432,3.88786535063663,-6.49662608681796));
#6871=CARTESIAN_POINT('',(-6.73393199394505,4.19233829724578,-6.49148482752481));
#6872=CARTESIAN_POINT('',(0.270467756906088,4.02569691009507,-6.58081141283769));
#6873=CARTESIAN_POINT('',(-6.7279973837644,4.33016985670422,-6.57567015354454));
#6874=CARTESIAN_POINT('',(0.274365802754368,4.1179068700376,-6.73546228370537));
#6875=CARTESIAN_POINT('',(-6.72409933791612,4.42237981664675,-6.73032102441222));
#6876=CARTESIAN_POINT('',(0.274620978797928,4.12649737999627,-6.89685021857544));
#6877=CARTESIAN_POINT('',(-6.72384416187256,4.43097032660542,-6.89170895928229));
#6878=CARTESIAN_POINT('',(5.55962910648565,3.6599663713026,-6.50203017392503));
#6879=CARTESIAN_POINT('',(-6.69208391902247,4.19301777085755,-6.49297422906858));
#6880=CARTESIAN_POINT('',(0.264639194382896,3.89032847905033,-6.49814033300344));
#6881=CARTESIAN_POINT('',(-6.48804549390077,4.33506934341374,-6.63771031957422));
#6882=CARTESIAN_POINT('',(-6.53771099689217,4.29478676578603,-6.57518944285056));
#6883=CARTESIAN_POINT('',(-6.60134081892141,4.25081054072348,-6.53124542857612));
#6884=CARTESIAN_POINT('',(-6.6920856544754,4.19298416103384,-6.49302891891293));
#6885=CARTESIAN_POINT('',(-6.48804549390077,4.33506934341394,-6.63771031957408));
#6886=CARTESIAN_POINT('',(-1.22749359281185,4.10620548456476,-6.64157486141356));
#6887=CARTESIAN_POINT('',(-0.827871712653142,4.0888196651121,-6.64186843431334));
#6888=CARTESIAN_POINT('',(-0.846060222516675,3.67548839486557,-6.92262890009699));
#6889=CARTESIAN_POINT('',(-0.824339191638528,4.17430838349003,-6.8960428931012));
#6890=CARTESIAN_POINT('',(5.56961089090059,3.89613527224755,-6.90074005949715));
#6891=CARTESIAN_POINT('',(0.274620978797869,4.12649737999523,-6.89685021857549));
#6892=CARTESIAN_POINT('',(0.252899947919758,3.62767739136963,-6.92343622557139));
#6893=CARTESIAN_POINT('',(-3.50027321156831,6.80362687931656,-4.82011256804605));
#6894=CARTESIAN_POINT('',(0.385260514001414,6.63458411368238,-4.82296698483227));
#6895=CARTESIAN_POINT('',(-3.49633944161814,6.89230041357224,-4.71670218769821));
#6896=CARTESIAN_POINT('',(0.389194283951584,6.72325764793807,-4.71955660448443));
#6897=CARTESIAN_POINT('',(-3.49433934535633,6.93589540958462,-4.57585983582692));
#6898=CARTESIAN_POINT('',(0.3911943802134,6.76685264395044,-4.57871425261314));
#6899=CARTESIAN_POINT('',(-3.49488063827901,6.92116582758208,-4.44037949259181));
#6900=CARTESIAN_POINT('',(0.390653087290718,6.7521230619479,-4.44323390937804));
#6901=CARTESIAN_POINT('',(8.18327975038529,6.41309958262045,-4.4489585809231));
#6902=CARTESIAN_POINT('',(-3.29477211902402,6.91242912943689,-4.44053058037618));
#6903=CARTESIAN_POINT('',(0.369008633811446,6.25552744911012,-4.49731084493291));
#6904=CARTESIAN_POINT('',(0.385260514001163,6.63458411367688,-4.82296698482754));
#6905=CARTESIAN_POINT('',(8.17788717709578,6.2955606343501,-4.82869165637254));
#6906=CARTESIAN_POINT('',(-3.47709905415958,6.8026186719614,-4.82012959239586));
#6907=CARTESIAN_POINT('',(-3.47709905415935,6.80261867196689,-4.82012959240059));
#6908=CARTESIAN_POINT('',(-3.38859185506715,6.91185752954149,-4.68856098324312));
#6909=CARTESIAN_POINT('',(-3.32883446652303,6.92466893459481,-4.53901064209454));
#6910=CARTESIAN_POINT('',(-3.29477099915266,6.912459992786,-4.44052714160723));
#6911=CARTESIAN_POINT('',(0.310283423040731,4.95520397010842,-7.42908647702288));
#6912=CARTESIAN_POINT('',(0.344172985418681,4.5949348097218,-8.08791697849508));
#6913=CARTESIAN_POINT('',(0.293149372222728,4.57323497495643,-8.13179986887322));
#6914=CARTESIAN_POINT('',(0.395196598614665,4.6166346444873,-8.04403408811671));
#6915=CARTESIAN_POINT('',(0.310283423040408,4.95520397010135,-7.42908647700712));
#6916=CARTESIAN_POINT('',(0.327081591055749,5.35303482418035,-8.12295132922743));
#6917=CARTESIAN_POINT('',(0.327081591055749,5.35303482418035,-8.12295132922743));
#6918=CARTESIAN_POINT('',(0.424887290093524,5.29895951255818,-8.03629161592684));
#6919=CARTESIAN_POINT('',(0.410188893080176,4.95085751523918,-7.42915987023398));
#6920=CARTESIAN_POINT('',(0.352805417958861,3.62333093649226,-6.92350961880381));
#6921=CARTESIAN_POINT('',(0.315765854049098,3.91442036038823,-6.45564744035836));
#6922=CARTESIAN_POINT('',(0.366892513715286,3.93851224172615,-6.41315454771318));
#6923=CARTESIAN_POINT('',(0.352805417958985,3.62333093649769,-6.92350961881361));
#6924=CARTESIAN_POINT('',(0.342808206396778,3.38424910264626,-6.37329154158356));
#6925=CARTESIAN_POINT('',(0.244568938284118,3.42844252981716,-6.46492116122865));
#6926=CARTESIAN_POINT('',(0.244568938284118,3.42844252981716,-6.46492116122865));
#6927=CARTESIAN_POINT('',(0.252899947919339,3.62767739135995,-6.92343622558692));
#6928=CARTESIAN_POINT('',(0.199424074689575,2.39341702618112,-6.62198171291341));
#6929=CARTESIAN_POINT('',(0.25033033200323,2.4156600254382,-6.77001482390971));
#6930=CARTESIAN_POINT('',(0.20069543774804,2.42597199509937,-6.81931026542523));
#6931=CARTESIAN_POINT('',(0.299965226258494,2.40534805577711,-6.72071938239421));
#6932=CARTESIAN_POINT('',(0.199424074693138,2.39341702617785,-6.62198171290529));
#6933=CARTESIAN_POINT('',(0.201633996402946,2.44746448599052,-6.81452778100053));
#6934=CARTESIAN_POINT('',(0.201633996402946,2.44746448599052,-6.81452778100053));
#6935=CARTESIAN_POINT('',(0.300434505585929,2.41609430122268,-6.71832814018192));
#6936=CARTESIAN_POINT('',(0.299329544729192,2.38907057131609,-6.62205510613233));
#6937=CARTESIAN_POINT('',(-6.57575058978407,-1.0056410835495,-6.34427876031336));
#6938=CARTESIAN_POINT('',(-2.99743512138301,-1.1613181116781,-6.34690748636768));
#6939=CARTESIAN_POINT('',(-6.57837772752472,-1.06627603283424,-6.32954116693152));
#6940=CARTESIAN_POINT('',(-3.00006225912365,-1.22195306096284,-6.33216989298584));
#6941=CARTESIAN_POINT('',(-6.58131488075723,-1.13352162769508,-6.34531552831714));
#6942=CARTESIAN_POINT('',(-3.00299941235616,-1.28919865582368,-6.34794425437146));
#6943=CARTESIAN_POINT('',(-6.583422993201,-1.18129937950521,-6.38548439536681));
#6944=CARTESIAN_POINT('',(-3.00510752479994,-1.33697640763381,-6.38811312142113));
#6945=CARTESIAN_POINT('',(5.32658139234354,-1.69858599067079,-6.39351109786151));
#6946=CARTESIAN_POINT('',(-3.02628708622181,-1.33524480447962,-6.38732329289105));
#6947=CARTESIAN_POINT('',(-6.47981236671902,-1.18494197919311,-6.38484384717006));
#6948=CARTESIAN_POINT('',(-3.05227190753332,-1.15893240030765,-6.34686720180089));
#6949=CARTESIAN_POINT('',(-3.07365583167181,-1.21707958589047,-6.33252133471212));
#6950=CARTESIAN_POINT('',(-3.06537777527607,-1.28465263370035,-6.3468278141788));
#6951=CARTESIAN_POINT('',(-3.02628502887071,-1.33519654932935,-6.38738120318455));
#6952=CARTESIAN_POINT('',(-6.55453528066602,-1.00656406987964,-6.34429434563137));
#6953=CARTESIAN_POINT('',(-6.55393671905231,-1.09104246419205,-6.32819130005051));
#6954=CARTESIAN_POINT('',(-6.52838936938637,-1.13241683931615,-6.34562731283322));
#6955=CARTESIAN_POINT('',(-6.47982107441935,-1.18494272211993,-6.38484617252725));
#6956=CARTESIAN_POINT('',(-6.79364146058106,2.70833606202281,-6.8165592597656));
#6957=CARTESIAN_POINT('',(0.199741442196081,2.40408422160135,-6.82169678551113));
#6958=CARTESIAN_POINT('',(-6.79332217342445,2.7156684176441,-6.81616711609485));
#6959=CARTESIAN_POINT('',(0.200060729352685,2.41141657722263,-6.82130464184038));
#6960=CARTESIAN_POINT('',(-6.79300353060112,2.7229791246276,-6.81536999760144));
#6961=CARTESIAN_POINT('',(0.20037937217602,2.41872728420613,-6.82050752334698));
#6962=CARTESIAN_POINT('',(-6.79268746502908,2.73022383552137,-6.81417273968284));
#6963=CARTESIAN_POINT('',(0.20069543774806,2.42597199509991,-6.81931026542838));
#6964=CARTESIAN_POINT('',(5.49568534985079,2.19560988735171,-6.82320010634688));
#6965=CARTESIAN_POINT('',(-6.79268746502909,2.73022383552086,-6.81417273967971));
#6966=CARTESIAN_POINT('',(0.199424074689496,2.39341702617869,-6.62198171291369));
#6967=CARTESIAN_POINT('',(0.199741442196071,2.40408422160119,-6.82169678550826));
#6968=CARTESIAN_POINT('',(5.49473135429882,2.17372211385357,-6.82558662642979));
#6969=CARTESIAN_POINT('',(-6.79364146058105,2.70833606202266,-6.81655925976266));
#6970=CARTESIAN_POINT('',(-6.79395882808471,2.69766886659952,-6.61684418715985));
#6971=CARTESIAN_POINT('',(-0.823430396801715,4.20490299177788,-7.47081676275399));
#6972=CARTESIAN_POINT('',(0.275529773634685,4.15709198828308,-7.47162408822829));
#6973=CARTESIAN_POINT('',(-0.823001235585891,4.21935071832365,-7.74224287855037));
#6974=CARTESIAN_POINT('',(0.275958934850509,4.17153971482885,-7.74305020402466));
#6975=CARTESIAN_POINT('',(-0.816092982885392,4.38251112729173,-8.00108311811086));
#6976=CARTESIAN_POINT('',(0.282867187551008,4.33470012379692,-8.00189044358515));
#6977=CARTESIAN_POINT('',(-0.805810798213746,4.62104597844928,-8.13099254340256));
#6978=CARTESIAN_POINT('',(0.293149372222654,4.57323497495447,-8.13179986887686));
#6979=CARTESIAN_POINT('',(0.393054842262409,4.56888852009326,-8.13187326209819));
#6980=CARTESIAN_POINT('',(0.310283423039767,4.95520397008631,-7.42908647703464));
#6981=CARTESIAN_POINT('',(0.275529773634757,4.15709198828473,-7.47162408822821));
#6982=CARTESIAN_POINT('',(0.375435243674394,4.15274553342153,-7.47169748145318));
#6983=CARTESIAN_POINT('',(-3.95481142232039,5.8237125145086,-5.81093259001675));
#6984=CARTESIAN_POINT('',(-3.99214048727819,4.94959964216278,-4.8583328732242));
#6985=CARTESIAN_POINT('',(-4.20835984284653,5.83474330957487,-5.81074632657422));
#6986=CARTESIAN_POINT('',(-4.24568890780433,4.96063043722905,-4.85814660978167));
#6987=CARTESIAN_POINT('',(-4.68550312078131,5.49818158689377,-6.13827555111578));
#6988=CARTESIAN_POINT('',(-4.72283218573911,4.62406871454796,-5.18567583432323));
#6989=CARTESIAN_POINT('',(-4.23987282770651,5.1214739775483,-6.46648266977181));
#6990=CARTESIAN_POINT('',(-4.27720189266431,4.24736110520248,-5.51388295297926));
#6991=CARTESIAN_POINT('',(-3.98632440718037,5.11044318248203,-6.46666893321434));
#6992=CARTESIAN_POINT('',(-4.02365347213817,4.23633031013622,-5.51406921642179));
#6993=CARTESIAN_POINT('',(-3.9547089796435,5.82611135473247,-5.81354682276886));
#6994=CARTESIAN_POINT('',(-3.98827534895419,5.04010732474789,-4.95696726645622));
#6995=CARTESIAN_POINT('',(-3.95503274088689,5.81853002713337,-5.80528476559947));
#6996=CARTESIAN_POINT('',(-3.98827534895464,5.04010732473766,-4.95696726646565));
#6997=CARTESIAN_POINT('',(-4.128358613828,5.04543534301165,-4.9560307166219));
#6998=CARTESIAN_POINT('',(-4.40048957535492,4.9751096353075,-5.02348835591118));
#6999=CARTESIAN_POINT('',(-4.49018680257855,4.66782786349702,-5.25526749475285));
#7000=CARTESIAN_POINT('',(-4.50664323089713,4.61654531927294,-5.29185580543819));
#7001=CARTESIAN_POINT('',(-4.31213371845076,4.26163881491676,-5.51957390453883));
#7002=CARTESIAN_POINT('',(-4.15670517985047,4.24803212339193,-5.52040360388815));
#7003=CARTESIAN_POINT('',(-4.02343215357123,4.24151279752167,-5.51971704082966));
#7004=CARTESIAN_POINT('',(-4.02343215357169,4.24151279751143,-5.51971704083906));
#7005=CARTESIAN_POINT('',(-3.98622196450438,5.11284202268545,-6.46928316598525));
#7006=CARTESIAN_POINT('',(-3.98967276475163,5.03203665241,-6.3812222584355));
#7007=CARTESIAN_POINT('',(-3.95503274088734,5.81853002712315,-5.80528476560889));
#7008=CARTESIAN_POINT('',(-4.23303816131714,5.83006733587082,-5.80447411647122));
#7009=CARTESIAN_POINT('',(-4.66297018057901,5.4729448445228,-6.11524917062706));
#7010=CARTESIAN_POINT('',(-4.26587992496064,5.04502549303388,-6.38207691535666));
#7011=CARTESIAN_POINT('',(-3.98967276475118,5.03203665242025,-6.3812222584261));
#7012=CARTESIAN_POINT('',(-2.31332598815722,6.7500473654345,-6.25918597027939));
#7013=CARTESIAN_POINT('',(-2.28930987567348,7.29588915031172,-5.89315322276125));
#7014=CARTESIAN_POINT('',(-2.28967455403529,7.28989268571991,-6.03444692192374));
#7015=CARTESIAN_POINT('',(-2.28894519731166,7.30188561490347,-5.75185952359861));
#7016=CARTESIAN_POINT('',(-2.3133259881572,6.75004736543445,-6.25918597027936));
#7017=CARTESIAN_POINT('',(-2.33770677900275,6.19820911596545,-6.76651241696011));
#7018=CARTESIAN_POINT('',(-2.33156991313909,6.33936951789877,-6.77251906367451));
#7019=CARTESIAN_POINT('',(-2.32543304727542,6.48052991983198,-6.77852571038889));
#7020=CARTESIAN_POINT('',(-2.30755380065538,6.8852113027759,-6.40648631615637));
#7021=CARTESIAN_POINT('',(-2.33770678642964,6.19820911630442,-6.7665124169401));
#7022=CARTESIAN_POINT('',(-2.36773711216329,5.49500654977351,-6.00016909113205));
#7023=CARTESIAN_POINT('',(-1.94537892190871,6.18114062504365,-6.76680063410257));
#7024=CARTESIAN_POINT('',(-1.97540924764237,5.47793805851274,-6.00045730829452));
#7025=CARTESIAN_POINT('',(-1.20707179868586,6.701919026651,-6.25999865786989));
#7026=CARTESIAN_POINT('',(-1.23710212441951,5.99871646012009,-5.49365533206184));
#7027=CARTESIAN_POINT('',(-1.8966173326649,7.2848171264911,-5.75214773814244));
#7028=CARTESIAN_POINT('',(-1.92664765839856,6.58161455996019,-4.98580441233439));
#7029=CARTESIAN_POINT('',(-2.28894519731237,7.30188561488764,-5.75185952361317));
#7030=CARTESIAN_POINT('',(-2.31897552304603,6.59868304835673,-4.98551619780512));
#7031=CARTESIAN_POINT('',(-2.31780613482098,6.62606592819616,-5.01535779421386));
#7032=CARTESIAN_POINT('',(-2.31879641573479,6.60287709946518,-4.9900868339286));
#7033=CARTESIAN_POINT('',(-2.36754934816853,5.49940330937531,-6.00496063703417));
#7034=CARTESIAN_POINT('',(-2.27370976115054,5.49565347283676,-6.00539148548004));
#7035=CARTESIAN_POINT('',(-2.11986989641596,5.51680174550382,-5.98402866386166));
#7036=CARTESIAN_POINT('',(-1.95998237893481,5.56694777307017,-5.93982652755189));
#7037=CARTESIAN_POINT('',(-1.7093222459009,5.72617737748618,-5.8030498673626));
#7038=CARTESIAN_POINT('',(-1.6445036650837,5.84803368535535,-5.6985456357891));
#7039=CARTESIAN_POINT('',(-1.57751002655643,6.02156814038618,-5.5420979423465));
#7040=CARTESIAN_POINT('',(-1.60717616505855,6.24132213790477,-5.336707978135));
#7041=CARTESIAN_POINT('',(-1.88026946495837,6.54800488679132,-5.0359272980289));
#7042=CARTESIAN_POINT('',(-2.20356680948231,6.59813452494905,-4.9904657909644));
#7043=CARTESIAN_POINT('',(-2.31879641573549,6.60287709944937,-4.99008683394315));
#7044=CARTESIAN_POINT('',(-2.36754961736753,5.49939721628919,-6.00496623864102));
#7045=CARTESIAN_POINT('',(-2.36656771651206,5.52238942925816,-6.03001068757533));
#7046=CARTESIAN_POINT('',(-6.47665653175016,0.667015169250351,0.555203276175906));
#7047=CARTESIAN_POINT('',(-6.51542206216712,1.04520703523893,-6.4847163361773));
#7048=CARTESIAN_POINT('',(-6.47665653175492,0.667015169138807,0.555203276399069));
#7049=CARTESIAN_POINT('',(-6.27029427760656,5.49814216664721,-4.64360683357137));
#7050=CARTESIAN_POINT('',(-6.27029427760656,5.49814216664721,-4.64360683357137));
#7051=CARTESIAN_POINT('',(-4.37864166091708,0.575739617123848,0.553662018452201));
#7052=CARTESIAN_POINT('',(-4.03546226516631,6.15812253674778,0.852373992177469));
#7053=CARTESIAN_POINT('',(-4.13102355796118,6.26223201615539,0.857782838383642));
#7054=CARTESIAN_POINT('',(-4.03546226516631,6.15812253674778,0.852373992177469));
#7055=CARTESIAN_POINT('',(-4.37864166091389,0.575739617195422,0.553662018531985));
#7056=CARTESIAN_POINT('',(-4.52201011658839,-5.01533621222637,0.254803258277092));
#7057=CARTESIAN_POINT('',(-4.52201011658839,-5.01533621222637,0.254803258277092));
#7058=CARTESIAN_POINT('',(-4.27873619087735,0.571393162260695,0.553588625227266));
#7059=CARTESIAN_POINT('',(-4.27873619087735,0.571393162260643,0.553588625227301));
#7060=CARTESIAN_POINT('',(-4.60453887764874,-4.61193765918564,0.276218463427083));
#7061=CARTESIAN_POINT('',(-4.50897758485387,-4.71604713859324,0.270809617220868));
#7062=CARTESIAN_POINT('',(-4.60453887764874,-4.61193765918557,0.276218463427097));
#7063=CARTESIAN_POINT('',(-4.27873619087735,0.571393162260692,0.553588625227294));
#7064=CARTESIAN_POINT('',(-4.04849479690083,5.8588334631145,0.836367633233748));
#7065=CARTESIAN_POINT('',(-4.15274444418538,5.76341689343322,0.831105573477417));
#7066=CARTESIAN_POINT('',(-4.15274444418538,5.76341689343328,0.831105573477431));
#7067=CARTESIAN_POINT('',(-4.37864166091706,0.575739617123793,0.553662018452257));
#7068=CARTESIAN_POINT('',(5.76980256547056,6.13226263780294,-3.07182163387958));
#7069=CARTESIAN_POINT('',(6.61899953529728,6.09531775082306,-3.0724454766401));
#7070=CARTESIAN_POINT('',(5.79900055932551,6.78511760733601,-1.98950593327558));
#7071=CARTESIAN_POINT('',(6.64819752915224,6.74817272035613,-1.9901297760361));
#7072=CARTESIAN_POINT('',(5.831492127027,7.48930578644128,0.536111417499904));
#7073=CARTESIAN_POINT('',(6.68068909685372,7.4523608994614,0.535487574739388));
#7074=CARTESIAN_POINT('',(5.78874375182897,6.44266830583246,4.32891446883314));
#7075=CARTESIAN_POINT('',(6.63794072165569,6.40572341885258,4.32829062607263));
#7076=CARTESIAN_POINT('',(5.66668265028369,3.59129244745651,7.03767603592607));
#7077=CARTESIAN_POINT('',(6.51587962011041,3.55434756047663,7.03705219316555));
#7078=CARTESIAN_POINT('',(5.5558158713145,1.03340249704405,7.6038802879426));
#7079=CARTESIAN_POINT('',(6.40501284114122,0.996457610064175,7.60325644518208));
#7080=CARTESIAN_POINT('',(5.50089201028411,-0.227911254036781,7.53642363010216));
#7081=CARTESIAN_POINT('',(6.35008898011084,-0.26485614101666,7.53579978734164));
#7082=CARTESIAN_POINT('',(5.3984889034936,-0.223456137796621,7.5364988580562));
#7083=CARTESIAN_POINT('',(6.35008850562157,-0.26485612036826,7.5357997875887));
#7084=CARTESIAN_POINT('',(5.50089201028428,-0.227911254031324,7.53642363000061));
#7085=CARTESIAN_POINT('',(6.36119636835181,0.10849571942238,0.545772246854986));
#7086=CARTESIAN_POINT('',(6.62106724210441,6.14153184147101,-2.99467773038034));
#7087=CARTESIAN_POINT('',(6.28165923555584,6.48350176404131,-2.36602777907887));
#7088=CARTESIAN_POINT('',(6.36550080133052,6.40246900235027,-2.53508962714822));
#7089=CARTESIAN_POINT('',(6.53369298219329,6.23723837390381,-2.83802621180933));
#7090=CARTESIAN_POINT('',(6.62106765507051,6.14154146018623,-2.99468337457777));
#7091=CARTESIAN_POINT('',(6.28165923555303,6.48350176397638,-2.36602777904914));
#7092=CARTESIAN_POINT('',(6.28165923555583,6.48350176404131,-2.36602777907887));
#7093=CARTESIAN_POINT('',(6.10768159280517,6.44583583053149,-2.464687852518));
#7094=CARTESIAN_POINT('',(5.93196606053971,6.4300111613155,-2.51275193729672));
#7095=CARTESIAN_POINT('',(5.78159099049687,6.39517350282801,-2.59496652872569));
#7096=CARTESIAN_POINT('',(5.78159099049394,6.39517350276024,-2.59496652869159));
#7097=CARTESIAN_POINT('',(5.51199987301455,0.145440585758752,0.546396089276374));
#7098=CARTESIAN_POINT('',(7.55773850727915,3.57303727404042,-6.50349803842183));
#7099=CARTESIAN_POINT('',(0.464450134462357,3.88163556932505,-6.49828711945149));
#7100=CARTESIAN_POINT('',(7.56361597530106,3.70956028510125,-6.58797314157561));
#7101=CARTESIAN_POINT('',(0.470327602484267,4.01815858038588,-6.58276222260527));
#7102=CARTESIAN_POINT('',(7.56746663839439,3.80066692824784,-6.74178305947189));
#7103=CARTESIAN_POINT('',(0.474178265577605,4.10926522353248,-6.73657214050155));
#7104=CARTESIAN_POINT('',(7.56772029169414,3.80920617498535,-6.90220792399564));
#7105=CARTESIAN_POINT('',(0.474431918877348,4.11780447026998,-6.8969970050253));
#7106=CARTESIAN_POINT('',(5.55962910648572,3.65996637130265,-6.50203017392498));
#7107=CARTESIAN_POINT('',(0.464450134462335,3.88163556932393,-6.4982871194533));
#7108=CARTESIAN_POINT('',(7.5577385072791,3.57303727403939,-6.50349803842366));
#7109=CARTESIAN_POINT('',(0.452710887999234,3.61898448164334,-6.92358301202128));
#7110=CARTESIAN_POINT('',(0.474431918877305,4.11780447026891,-6.89699700502533));
#7111=CARTESIAN_POINT('',(5.56961089090069,3.89613527224752,-6.90074005949701));
#7112=CARTESIAN_POINT('',(1.57339208931371,4.0699934667741,-6.89780433049964));
#7113=CARTESIAN_POINT('',(1.55167105843563,3.57117347814975,-6.92439033749545));
#7114=CARTESIAN_POINT('',(1.56985956829908,3.98450474839618,-6.6436298717118));
#7115=CARTESIAN_POINT('',(1.96948144845781,3.96711892894356,-6.64392344461157));
#7116=CARTESIAN_POINT('',(7.49644554909429,3.72666462765045,-6.64798369996367));
#7117=CARTESIAN_POINT('',(7.49644554909429,3.72666462765045,-6.64798369996367));
#7118=CARTESIAN_POINT('',(7.50924018674058,3.69942004407562,-6.60870351529544));
#7119=CARTESIAN_POINT('',(7.52362874705719,3.6668570416235,-6.57374187040902));
#7120=CARTESIAN_POINT('',(7.54533946455354,3.61545267275871,-6.531945343042));
#7121=CARTESIAN_POINT('',(7.55171953901141,3.60010320074964,-6.52083608147301));
#7122=CARTESIAN_POINT('',(7.5582202948029,3.58423187140947,-6.51063225518921));
#7123=CARTESIAN_POINT('',(7.5582202948029,3.58423187140947,-6.51063225518921));
#7124=CARTESIAN_POINT('',(7.54599926080224,3.31038618636464,-6.928793930983));
#7125=CARTESIAN_POINT('',(2.50609992042179,-1.63953942847976,-6.71222773232651));
#7126=CARTESIAN_POINT('',(7.32169122420486,-1.84904497640448,-6.71576539423443));
#7127=CARTESIAN_POINT('',(2.50616790256851,-1.63725444709367,-6.75500797645194));
#7128=CARTESIAN_POINT('',(7.32175920635159,-1.8467599950184,-6.75854563835985));
#7129=CARTESIAN_POINT('',(2.50685342419093,-1.62078983171983,-6.79691031336284));
#7130=CARTESIAN_POINT('',(7.322444727974,-1.83029537964455,-6.80044797527076));
#7131=CARTESIAN_POINT('',(2.50802319292618,-1.59334695108937,-6.82978728087425));
#7132=CARTESIAN_POINT('',(7.32361449670926,-1.80285249901409,-6.83332494278217));
#7133=CARTESIAN_POINT('',(5.32550509591583,-1.7159234017508,-6.83185707828343));
#7134=CARTESIAN_POINT('',(7.32361449670925,-1.80285249901408,-6.83332494278216));
#7135=CARTESIAN_POINT('',(2.53674482648311,-1.59458820184214,-6.8298012571868));
#7136=CARTESIAN_POINT('',(7.33037957869433,-1.64951892732011,-6.70509448829635));
#7137=CARTESIAN_POINT('',(7.32169122420491,-1.84904497640286,-6.71576539425583));
#7138=CARTESIAN_POINT('',(5.32358182341149,-1.76211587913961,-6.71429752975714));
#7139=CARTESIAN_POINT('',(2.70707921650223,-1.64828316832109,-6.71237537709135));
#7140=CARTESIAN_POINT('',(2.5367444083947,-1.59459660519257,-6.82980823884518));
#7141=CARTESIAN_POINT('',(2.57562738815101,-1.61759727175378,-6.8043561421424));
#7142=CARTESIAN_POINT('',(2.64862196336525,-1.64351862845659,-6.75386693179225));
#7143=CARTESIAN_POINT('',(2.70707921649877,-1.64828316832185,-6.71237537708188));
#7144=CARTESIAN_POINT('',(7.35127304135309,-1.16427674978235,-7.00092582208301));
#7145=CARTESIAN_POINT('',(1.95864633050112,-0.929666887246264,-6.99696425456294));
#7146=CARTESIAN_POINT('',(7.35095375419648,-1.17160910540362,-7.00131796575375));
#7147=CARTESIAN_POINT('',(1.95832704334451,-0.936999242867535,-6.99735639823369));
#7148=CARTESIAN_POINT('',(7.35063382427794,-1.17896307357727,-7.00130513267194));
#7149=CARTESIAN_POINT('',(1.95800711342598,-0.944353211041185,-6.99734356515188));
#7150=CARTESIAN_POINT('',(7.35031519232314,-1.18629404442481,-7.00088740068428));
#7151=CARTESIAN_POINT('',(1.95768848147117,-0.951684181888728,-6.99692583316422));
#7152=CARTESIAN_POINT('',(5.3522057915297,-1.0993649471614,-6.99941953618299));
#7153=CARTESIAN_POINT('',(1.98985126553376,-0.953083436642024,-6.99694930527967));
#7154=CARTESIAN_POINT('',(7.35031519232313,-1.18629404442467,-7.00088740068172));
#7155=CARTESIAN_POINT('',(1.98985126553376,-0.953083436642024,-6.99694930527967));
#7156=CARTESIAN_POINT('',(1.99545831275142,-0.94577848737105,-6.99738176879179));
#7157=CARTESIAN_POINT('',(2.00099568480249,-0.938619994162007,-6.99737516111287));
#7158=CARTESIAN_POINT('',(2.0063303942306,-0.931741414603229,-6.99699928454607));
#7159=CARTESIAN_POINT('',(2.0063303942306,-0.931741414603229,-6.99699928454607));
#7160=CARTESIAN_POINT('',(5.35316364055967,-1.07734765251926,-6.99945795758136));
#7161=CARTESIAN_POINT('',(7.35127304135308,-1.16427674978254,-7.00092582208003));
#7162=CARTESIAN_POINT('',(7.35095567384338,-1.17494394520526,-6.80121074948546));
#7163=CARTESIAN_POINT('',(0.399552382275515,2.395391311875,-6.82184357196091));
#7164=CARTESIAN_POINT('',(7.49284075509232,2.08679301659036,-6.8270544909313));
#7165=CARTESIAN_POINT('',(0.39987166943212,2.40272366749629,-6.82145142829017));
#7166=CARTESIAN_POINT('',(7.49316004224892,2.09412537221165,-6.82666234726056));
#7167=CARTESIAN_POINT('',(0.400190312255454,2.41003437447979,-6.82065430979676));
#7168=CARTESIAN_POINT('',(7.49347868507226,2.10143607919516,-6.82586522876715));
#7169=CARTESIAN_POINT('',(0.400506377827496,2.41727908537357,-6.81945705187816));
#7170=CARTESIAN_POINT('',(7.4937947506443,2.10868079008894,-6.82466797084855));
#7171=CARTESIAN_POINT('',(5.49568534985085,2.19560988735168,-6.82320010634674));
#7172=CARTESIAN_POINT('',(7.49379475064427,2.10868079008842,-6.82466797084542));
#7173=CARTESIAN_POINT('',(0.400506377827507,2.41727908537308,-6.81945705187519));
#7174=CARTESIAN_POINT('',(7.49252338758554,2.07612582116865,-6.62733941833831));
#7175=CARTESIAN_POINT('',(7.49284075509231,2.08679301659021,-6.82705449092841));
#7176=CARTESIAN_POINT('',(5.49473135429889,2.17372211385347,-6.82558662642974));
#7177=CARTESIAN_POINT('',(0.399552382275514,2.3953913118749,-6.82184357195811));
#7178=CARTESIAN_POINT('',(0.399235014769085,2.38472411645314,-6.62212849936767));
#7179=CARTESIAN_POINT('',(7.4488611778136,3.99039462572797,-6.7111336180785));
#7180=CARTESIAN_POINT('',(1.69694505915386,4.24063561630168,-6.70690810696948));
#7181=CARTESIAN_POINT('',(7.44696332347606,3.94717078246331,-6.7347808381614));
#7182=CARTESIAN_POINT('',(1.69504720481632,4.19741177303703,-6.73055532705238));
#7183=CARTESIAN_POINT('',(7.44469045172103,3.89504321956153,-6.74162372579153));
#7184=CARTESIAN_POINT('',(1.69277433306129,4.14528421013524,-6.73739821468252));
#7185=CARTESIAN_POINT('',(7.44261707098266,3.84718809818153,-6.72993262039802));
#7186=CARTESIAN_POINT('',(1.69070095232292,4.09742908875524,-6.725707109289));
#7187=CARTESIAN_POINT('',(5.57115010810448,3.92860753075984,-6.72855779081259));
#7188=CARTESIAN_POINT('',(1.72480316437755,4.09594421210121,-6.72573722474293));
#7189=CARTESIAN_POINT('',(7.40851298170439,3.84867953194236,-6.72990134841336));
#7190=CARTESIAN_POINT('',(1.72480316437755,4.09594421210121,-6.72573722474293));
#7191=CARTESIAN_POINT('',(1.73196403771909,4.10466882754786,-6.72794530682205));
#7192=CARTESIAN_POINT('',(1.73869854243494,4.1138546669103,-6.72959150128871));
#7193=CARTESIAN_POINT('',(1.75566763265161,4.1403880884115,-6.73220877989392));
#7194=CARTESIAN_POINT('',(1.76457000587043,4.15845818328614,-6.73169656515224));
#7195=CARTESIAN_POINT('',(1.77659858182187,4.19460670239776,-6.72503916689488));
#7196=CARTESIAN_POINT('',(1.77988624777319,4.21190330228336,-6.71943275174192));
#7197=CARTESIAN_POINT('',(1.78061765595323,4.22857794774566,-6.71131096528177));
#7198=CARTESIAN_POINT('',(1.78061765595323,4.22857794774566,-6.71131096528177));
#7199=CARTESIAN_POINT('',(1.77694591230739,4.14114434676981,-6.53147247183257));
#7200=CARTESIAN_POINT('',(1.78095235632063,4.23620501811479,-6.70739125188992));
#7201=CARTESIAN_POINT('',(5.57736021782827,4.07103973331459,-6.71018019443742));
#7202=CARTESIAN_POINT('',(7.23086149826775,3.99910304477531,-6.71139490061279));
#7203=CARTESIAN_POINT('',(7.40851514755532,3.84867972751889,-6.72990951905162));
#7204=CARTESIAN_POINT('',(7.36825477716778,3.89025036483823,-6.73958652591277));
#7205=CARTESIAN_POINT('',(7.33854183723484,3.9233635866617,-6.74986963915037));
#7206=CARTESIAN_POINT('',(7.23086153773178,3.99910304936289,-6.71139489723892));
#7207=CARTESIAN_POINT('',(0.212401596235776,0.566878757282556,-6.81966294701103));
#7208=CARTESIAN_POINT('',(1.4687128819848,0.512222087378276,-6.82058586681457));
#7209=CARTESIAN_POINT('',(0.212443139545241,0.568275089898143,-6.84580558888076));
#7210=CARTESIAN_POINT('',(1.46875442529427,0.513618419993862,-6.8467285086843));
#7211=CARTESIAN_POINT('',(0.212952612470886,0.580414594191141,-6.87121223044674));
#7212=CARTESIAN_POINT('',(1.46926389821991,0.525757924286861,-6.87213515025027));
#7213=CARTESIAN_POINT('',(0.213786182650094,0.599870093768926,-6.88871017008215));
#7214=CARTESIAN_POINT('',(1.47009746839912,0.545213423864645,-6.88963308988568));
#7215=CARTESIAN_POINT('',(-2.7009559057573,0.726677914401804,-6.88656892274457));
#7216=CARTESIAN_POINT('',(1.47009746839908,0.545213423864756,-6.88963308988556));
#7217=CARTESIAN_POINT('',(0.291922928245831,0.596470701946368,-6.88876757142096));
#7218=CARTESIAN_POINT('',(1.4730570592295,0.611985111919756,-6.81525041383488));
#7219=CARTESIAN_POINT('',(1.46871288198481,0.512222087378477,-6.82058586681455));
#7220=CARTESIAN_POINT('',(-2.70234049217157,0.693686577915573,-6.8175216996736));
#7221=CARTESIAN_POINT('',(0.291922928245831,0.596470701946368,-6.88876757142096));
#7222=CARTESIAN_POINT('',(0.272080876902958,0.577323858257643,-6.87079038240091));
#7223=CARTESIAN_POINT('',(0.246787858739433,0.56681807876741,-6.84652599825173));
#7224=CARTESIAN_POINT('',(0.219894506488762,0.566552773168067,-6.81966845150295));
#7225=CARTESIAN_POINT('',(1.94651934595808,-0.00832530965934232,-6.84763009784554));
#7226=CARTESIAN_POINT('',(1.9041757248368,-0.980736764151272,-6.8996358947584));
#7227=CARTESIAN_POINT('',(1.94656088926785,-0.00692897704410798,-6.87377273971529));
#7228=CARTESIAN_POINT('',(1.90421726814657,-0.979340431536038,-6.92577853662814));
#7229=CARTESIAN_POINT('',(1.9573692986134,-0.0060096737104575,-6.89976230938478));
#7230=CARTESIAN_POINT('',(1.91502567749212,-0.978421128202387,-6.95176810629764));
#7231=CARTESIAN_POINT('',(1.97589318701404,-0.00582693370581037,-6.91826153529183));
#7232=CARTESIAN_POINT('',(1.93354956589276,-0.97823838819774,-6.97026733220469));
#7233=CARTESIAN_POINT('',(1.92073618478927,-1.2724947183295,-6.98600453364817));
#7234=CARTESIAN_POINT('',(1.93398998959037,-0.968288223267606,-6.96972563957882));
#7235=CARTESIAN_POINT('',(1.97589318701389,-0.00582693370580322,-6.91826153529199));
#7236=CARTESIAN_POINT('',(1.933982881066,-0.968287405576802,-6.96973514104333));
#7237=CARTESIAN_POINT('',(1.91446530866427,-0.972536305443884,-6.9506370610238));
#7238=CARTESIAN_POINT('',(1.90443988542782,-0.97424762390895,-6.92434988527448));
#7239=CARTESIAN_POINT('',(1.90451256731565,-0.973001254503261,-6.89922219679413));
#7240=CARTESIAN_POINT('',(1.90451256731647,-0.97300125450329,-6.89922219679413));
#7241=CARTESIAN_POINT('',(1.89136234373429,-1.27499309428316,-6.91537309620177));
#7242=CARTESIAN_POINT('',(1.94651934595895,-0.0083253096593806,-6.84763009784554));
#7243=CARTESIAN_POINT('',(2.04642481599858,-0.0126717645225124,-6.84770349107172));
#7244=CARTESIAN_POINT('',(1.92989588071478,0.483059549225332,-6.65080040989712));
#7245=CARTESIAN_POINT('',(-1.49064755642909,0.63187259871231,-6.64828758738816));
#7246=CARTESIAN_POINT('',(1.9298539597946,0.481650524550353,-6.62442014272316));
#7247=CARTESIAN_POINT('',(-1.49068947734927,0.630463574037331,-6.6219073202142));
#7248=CARTESIAN_POINT('',(1.93028941692672,0.491207224439871,-6.59762223743451));
#7249=CARTESIAN_POINT('',(-1.49025402021715,0.640020273926849,-6.59510941492555));
#7250=CARTESIAN_POINT('',(1.93107726367885,0.508986607503999,-6.57809844580937));
#7251=CARTESIAN_POINT('',(-1.48946617346502,0.657799656990977,-6.57558562330042));
#7252=CARTESIAN_POINT('',(5.41588998650555,0.357377479393036,-6.58065848225206));
#7253=CARTESIAN_POINT('',(0.290580644507217,0.580354196375037,-6.57689881777088));
#7254=CARTESIAN_POINT('',(1.93107762937549,0.508995141217048,-6.57810602556985));
#7255=CARTESIAN_POINT('',(0.290584378441071,0.580357461555032,-6.57689688149038));
#7256=CARTESIAN_POINT('',(0.268569383046039,0.562677923077835,-6.59864234382717));
#7257=CARTESIAN_POINT('',(0.248053561965582,0.556546654014048,-6.61900521370236));
#7258=CARTESIAN_POINT('',(0.2196217723332,0.557375356185661,-6.6474237437375));
#7259=CARTESIAN_POINT('',(0.219621772334568,0.557375356185709,-6.64742374373885));
#7260=CARTESIAN_POINT('',(0.219621772335957,0.557375356185529,-6.64742374373747));
#7261=CARTESIAN_POINT('',(0.190253786191142,0.559338388414373,-6.6179283153627));
#7262=CARTESIAN_POINT('',(0.171697085000293,0.566891279850872,-6.59887778771773));
#7263=CARTESIAN_POINT('',(0.151024746852892,0.586429040114914,-6.57679238987252));
#7264=CARTESIAN_POINT('',(0.151026361691141,0.586428910781566,-6.57679226388636));
#7265=CARTESIAN_POINT('',(5.41588998650555,0.357377479393036,-6.58065848225206));
#7266=CARTESIAN_POINT('',(-1.48946580776839,0.65780819070362,-6.57559320306048));
#7267=CARTESIAN_POINT('',(-1.48946617346502,0.657799656990966,-6.57558562330043));
#7268=CARTESIAN_POINT('',(-1.49025401862652,0.640020273857653,-6.59510941492672));
#7269=CARTESIAN_POINT('',(-1.49068947416801,0.630463573898938,-6.62190732021652));
#7270=CARTESIAN_POINT('',(-1.4906475516572,0.631872598504703,-6.64828758739162));
#7271=CARTESIAN_POINT('',(-1.49064755165718,0.631872598504943,-6.64828758739158));
#7272=CARTESIAN_POINT('',(5.41470860354142,0.331450421113458,-6.65336044633871));
#7273=CARTESIAN_POINT('',(1.92989587461389,0.483059549490958,-6.6508004098926));
#7274=CARTESIAN_POINT('',(1.92989587461388,0.483059549490755,-6.65080040989262));
#7275=CARTESIAN_POINT('',(1.92985395572733,0.481650524727307,-6.62442014272017));
#7276=CARTESIAN_POINT('',(1.93028941489308,0.491207224528347,-6.59762223743302));
#7277=CARTESIAN_POINT('',(1.93107726367885,0.50898660750399,-6.57809844580938));
#7278=CARTESIAN_POINT('',(0.217009960907846,0.375802693418356,0.550285930105178));
#7279=CARTESIAN_POINT('',(0.278308584284022,0.754981702253782,-6.58956461177035));
#7280=CARTESIAN_POINT('',(0.328181977427237,0.750141675967185,-6.53967254023412));
#7281=CARTESIAN_POINT('',(0.217009960866381,0.375802693316661,0.550285930250915));
#7282=CARTESIAN_POINT('',(0.32377716462592,0.648973943608008,-6.54435840449947));
#7283=CARTESIAN_POINT('',(0.321265776066042,0.618354260942662,-6.54673588007083));
#7284=CARTESIAN_POINT('',(0.310618284088262,0.598991461033149,-6.55714476968898));
#7285=CARTESIAN_POINT('',(0.290584378441071,0.580357461555032,-6.57689688149038));
#7286=CARTESIAN_POINT('',(0.323777164626587,0.648973943608006,-6.54435840450016));
#7287=CARTESIAN_POINT('',(0.316915431007791,0.37145623842799,0.550212537465957));
#7288=CARTESIAN_POINT('',(1.81557015841762,0.35075548195326,-6.82865894103729));
#7289=CARTESIAN_POINT('',(1.8154488804101,0.346679147167805,-6.75234033379898));
#7290=CARTESIAN_POINT('',(1.72711856731009,0.447119279818263,-6.8236525096781));
#7291=CARTESIAN_POINT('',(1.72699728930257,0.443042945032808,-6.74733390243979));
#7292=CARTESIAN_POINT('',(1.59948883645516,0.506532591266925,-6.82068193832138));
#7293=CARTESIAN_POINT('',(1.59936755844764,0.50245625648147,-6.74436333108307));
#7294=CARTESIAN_POINT('',(1.46871288198495,0.512222087381999,-6.8205858668144));
#7295=CARTESIAN_POINT('',(1.46859160397742,0.508145752596544,-6.74426725957609));
#7296=CARTESIAN_POINT('',(1.81528983211317,0.341333296636323,-6.65225339578637));
#7297=CARTESIAN_POINT('',(1.81553315094117,0.348489017791537,-6.78564797760677));
#7298=CARTESIAN_POINT('',(1.81557015841652,0.350755481952254,-6.82865894103735));
#7299=CARTESIAN_POINT('',(1.81550181232345,0.348458267752658,-6.78564966983024));
#7300=CARTESIAN_POINT('',(1.79952745700556,0.366073069661432,-6.78858066396316));
#7301=CARTESIAN_POINT('',(1.78231426615916,0.382553786379115,-6.79157420056893));
#7302=CARTESIAN_POINT('',(1.76403507091253,0.397737056059211,-6.79463873049572));
#7303=CARTESIAN_POINT('',(1.76403507502935,0.397737061070815,-6.79463873022151));
#7304=CARTESIAN_POINT('',(1.76403507502935,0.397737061070815,-6.79463873022151));
#7305=CARTESIAN_POINT('',(1.738543364861,0.418923103436224,-6.79912885426209));
#7306=CARTESIAN_POINT('',(1.70822102724646,0.439567463858146,-6.79851246597993));
#7307=CARTESIAN_POINT('',(1.64204262827298,0.472627028359059,-6.78944603882112));
#7308=CARTESIAN_POINT('',(1.60990537779923,0.484526387504823,-6.78245219841334));
#7309=CARTESIAN_POINT('',(1.54250091778285,0.501836585056437,-6.7656314338114));
#7310=CARTESIAN_POINT('',(1.50709536888921,0.506851915026103,-6.75561235600435));
#7311=CARTESIAN_POINT('',(1.47060256900057,0.508109894964572,-6.74529100208009));
#7312=CARTESIAN_POINT('',(1.46959748947784,0.508141498868795,-6.74500672453304));
#7313=CARTESIAN_POINT('',(1.46859232730535,0.508170064728889,-6.74472244013635));
#7314=CARTESIAN_POINT('',(1.46859232730535,0.508170064728889,-6.74472244013635));
#7315=CARTESIAN_POINT('',(1.46843255568141,0.502799902062518,-6.64418032156364));
#7316=CARTESIAN_POINT('',(1.44699199577612,0.0134069646844207,-6.84726313171923));
#7317=CARTESIAN_POINT('',(5.43096556462817,2.99413634023273,-5.9596292675562));
#7318=CARTESIAN_POINT('',(0.435692062644487,3.21145908339093,-5.95595960630948));
#7319=CARTESIAN_POINT('',(5.36923240676136,1.58556966880902,-6.57560832902858));
#7320=CARTESIAN_POINT('',(0.373958904777672,1.80289241196721,-6.57193866778185));
#7321=CARTESIAN_POINT('',(5.29903019435655,-0.0256928715342717,-6.71601800768336));
#7322=CARTESIAN_POINT('',(0.303756692372859,0.191629871623923,-6.71234834643664));
#7323=CARTESIAN_POINT('',(5.23431018399791,-1.51944574375258,-6.35295474625774));
#7324=CARTESIAN_POINT('',(0.239036682014225,-1.30212300059439,-6.34928508501101));
#7325=CARTESIAN_POINT('',(5.53087103466578,2.98978988532026,-5.95970266066818));
#7326=CARTESIAN_POINT('',(0.435692062642427,3.21145908334162,-5.95595960619653));
#7327=CARTESIAN_POINT('',(5.43096556462611,2.99413634018343,-5.95962926744324));
#7328=CARTESIAN_POINT('',(0.316915430943024,0.371456238449464,0.550212537090109));
#7329=CARTESIAN_POINT('',(5.41895613664992,0.427304745586656,-6.54810145897183));
#7330=CARTESIAN_POINT('',(1.93414340772239,0.578913873964156,-6.54554142252572));
#7331=CARTESIAN_POINT('',(1.93414340772239,0.578913873964156,-6.54554142252572));
#7332=CARTESIAN_POINT('',(2.04847179764219,0.573939940243036,-6.54562541121259));
#7333=CARTESIAN_POINT('',(2.23842220767378,0.557392318269724,-6.54609765886577));
#7334=CARTESIAN_POINT('',(2.45488337395561,0.50764968499224,-6.54770924335646));
#7335=CARTESIAN_POINT('',(2.55315585411603,0.464590784755301,-6.54888899492204));
#7336=CARTESIAN_POINT('',(2.5794816731677,0.449342866807441,-6.54926031619041));
#7337=CARTESIAN_POINT('',(2.5794816731677,0.449342866807441,-6.54926031619041));
#7338=CARTESIAN_POINT('',(2.5794816731677,0.449342866807441,-6.54926031619041));
#7339=CARTESIAN_POINT('',(2.58595680713208,0.445338804404384,-6.54935430108831));
#7340=CARTESIAN_POINT('',(2.60839351901078,0.431264688973036,-6.54968584933918));
#7341=CARTESIAN_POINT('',(2.63050885069652,0.413479635882117,-6.55006742350421));
#7342=CARTESIAN_POINT('',(2.64362965443778,0.397381032296346,-6.55035655067673));
#7343=CARTESIAN_POINT('',(2.64480654568769,0.396100215476762,-6.55038089439906));
#7344=CARTESIAN_POINT('',(2.64480654568769,0.396100215476762,-6.55038089439906));
#7345=CARTESIAN_POINT('',(2.64480654568769,0.396100215476762,-6.55038089439906));
#7346=CARTESIAN_POINT('',(2.65542244875224,0.382301279080223,-6.55062321761023));
#7347=CARTESIAN_POINT('',(2.66347251939305,0.366686018015314,-6.55086452422604));
#7348=CARTESIAN_POINT('',(2.66485143020142,0.349699519812775,-6.55105738271081));
#7349=CARTESIAN_POINT('',(2.66485143020142,0.349699519812775,-6.55105738271081));
#7350=CARTESIAN_POINT('',(3.33053433148309,-1.43662069113783,-6.35155618170153));
#7351=CARTESIAN_POINT('',(3.14038093944423,-1.11309104872224,-6.42788689640131));
#7352=CARTESIAN_POINT('',(2.87917378284065,-0.630722451491107,-6.51308758287882));
#7353=CARTESIAN_POINT('',(2.6886030213645,0.0571089054312563,-6.55437934957522));
#7354=CARTESIAN_POINT('',(2.6648514302014,0.349699519813899,-6.55105738280982));
#7355=CARTESIAN_POINT('',(3.3305343314839,-1.4366206911214,-6.35155618163372));
#7356=CARTESIAN_POINT('',(5.3342156540383,-1.52379219859923,-6.35302813941485));
#7357=CARTESIAN_POINT('',(5.23431018399868,-1.51944574373609,-6.35295474618997));
#7358=CARTESIAN_POINT('',(5.31218893292713,0.154133495295732,0.546542875756995));
#7359=CARTESIAN_POINT('',(5.32345547941091,0.532818932808978,-6.5433422014809));
#7360=CARTESIAN_POINT('',(5.3121889329269,0.154133495291125,0.546542875843397));
#7361=CARTESIAN_POINT('',(3.28511029283156,-1.43464448767947,-6.3515228119206));
#7362=CARTESIAN_POINT('',(5.24593563066571,-1.51995151663455,-6.35296328655145));
#7363=CARTESIAN_POINT('',(3.28248321682466,-1.49527801213488,-6.33678556484984));
#7364=CARTESIAN_POINT('',(5.24330855465882,-1.58058504108997,-6.33822603948069));
#7365=CARTESIAN_POINT('',(3.27954613859628,-1.56252190293487,-6.35255874494153));
#7366=CARTESIAN_POINT('',(5.24037147643043,-1.64782893188995,-6.35399921957238));
#7367=CARTESIAN_POINT('',(3.27743803802829,-1.61029941548997,-6.39272561528885));
#7368=CARTESIAN_POINT('',(5.23826337586245,-1.69560644444506,-6.3941660899197));
#7369=CARTESIAN_POINT('',(5.32658139234362,-1.69858599067074,-6.39351109786146));
#7370=CARTESIAN_POINT('',(5.14431702741946,-1.69065995140784,-6.3933841721887));
#7371=CARTESIAN_POINT('',(3.28910217885416,-1.60992923879981,-6.39204093927019));
#7372=CARTESIAN_POINT('',(5.14432648420807,-1.69065929729832,-6.39338631161382));
#7373=CARTESIAN_POINT('',(5.20325311490481,-1.63477780049609,-6.35061440974588));
#7374=CARTESIAN_POINT('',(5.22936826755816,-1.59173796776602,-6.33722251740427));
#7375=CARTESIAN_POINT('',(5.23431018398322,-1.51944574373171,-6.35295474617472));
#7376=CARTESIAN_POINT('',(3.2891012895069,-1.60994832084476,-6.39201785840581));
#7377=CARTESIAN_POINT('',(3.32703381122625,-1.56853805877537,-6.35632042333154));
#7378=CARTESIAN_POINT('',(3.34963279754183,-1.50678138686051,-6.33475320183425));
#7379=CARTESIAN_POINT('',(3.33053433148392,-1.43662069112094,-6.35155618163181));
#7380=CARTESIAN_POINT('',(2.39902217314908,3.93400299179161,-5.54134592169088));
#7381=CARTESIAN_POINT('',(0.445420612944035,4.01899574542829,-5.53991075383988));
#7382=CARTESIAN_POINT('',(2.39996716791328,3.95550636812425,-5.52844702824019));
#7383=CARTESIAN_POINT('',(0.446365607708232,4.04049912176092,-5.52701186038919));
#7384=CARTESIAN_POINT('',(2.40101558491047,3.97945622672571,-5.51965039294977));
#7385=CARTESIAN_POINT('',(0.447414024705426,4.06444898036238,-5.51821522509877));
#7386=CARTESIAN_POINT('',(2.40209470182193,4.00419131138259,-5.51556618497663));
#7387=CARTESIAN_POINT('',(0.448493141616883,4.08918406501927,-5.51413101712563));
#7388=CARTESIAN_POINT('',(5.56931374199989,3.86595596117535,-5.51796649992509));
#7389=CARTESIAN_POINT('',(0.46031127499388,4.08822658439415,-5.51421334054034));
#7390=CARTESIAN_POINT('',(2.40207591766707,4.00376213774305,-5.51571955017618));
#7391=CARTESIAN_POINT('',(0.460207693135001,4.08798075642757,-5.51425521447976));
#7392=CARTESIAN_POINT('',(0.460103715933899,4.08773453898314,-5.51429737341227));
#7393=CARTESIAN_POINT('',(0.471081547033143,4.01787934918347,-5.53992960504991));
#7394=CARTESIAN_POINT('',(0.472002720452117,4.03884067028925,-5.52735586577544));
#7395=CARTESIAN_POINT('',(0.468365100770429,4.06261822186624,-5.51850602371334));
#7396=CARTESIAN_POINT('',(0.460103756968172,4.08773502209149,-5.51429745537932));
#7397=CARTESIAN_POINT('',(0.471081547033143,4.01787934918347,-5.53992960504991));
#7398=CARTESIAN_POINT('',(5.56626051905643,3.79621015116214,-5.54367265952158));
#7399=CARTESIAN_POINT('',(2.39902217061619,3.93400299190358,-5.54134592169195));
#7400=CARTESIAN_POINT('',(2.39902217061612,3.93400299190181,-5.54134592168902));
#7401=CARTESIAN_POINT('',(2.39996152987109,3.95537811285078,-5.52852396276444));
#7402=CARTESIAN_POINT('',(2.40100307299438,3.97917041729182,-5.51975485138832));
#7403=CARTESIAN_POINT('',(2.40207539609259,4.00374880180609,-5.51563976209422));
#7404=CARTESIAN_POINT('',(4.50038896801135,5.57618527328484,-4.08387964340523));
#7405=CARTESIAN_POINT('',(3.48990033839539,5.62014726271967,-4.08313731148629));
#7406=CARTESIAN_POINT('',(4.50403615277311,5.65840280767714,-3.98824540210337));
#7407=CARTESIAN_POINT('',(3.49354752315716,5.70236479711197,-3.98750307018443));
#7408=CARTESIAN_POINT('',(4.50928430331829,5.777977664007,-3.92567517399217));
#7409=CARTESIAN_POINT('',(3.49879567370234,5.82193965344183,-3.92493284207323));
#7410=CARTESIAN_POINT('',(4.51474859827426,5.90335780975369,-3.91267926845264));
#7411=CARTESIAN_POINT('',(3.50425996865831,5.94731979918852,-3.9119369365337));
#7412=CARTESIAN_POINT('',(5.65687069156363,5.85140856269369,-3.91375741611626));
#7413=CARTESIAN_POINT('',(3.51015326066835,5.94481641269809,-3.91217993514099));
#7414=CARTESIAN_POINT('',(4.4662258936425,5.903210021592,-3.9128816509971));
#7415=CARTESIAN_POINT('',(3.51015325671084,5.94481630488341,-3.91217893731073));
#7416=CARTESIAN_POINT('',(3.58369818182224,5.86097539832261,-3.92094618578475));
#7417=CARTESIAN_POINT('',(3.61307083253374,5.81443744112461,-3.93387268201578));
#7418=CARTESIAN_POINT('',(3.6190656264897,5.7359354278638,-3.98089119666826));
#7419=CARTESIAN_POINT('',(3.61906562648989,5.73593542786828,-3.98089119667572));
#7420=CARTESIAN_POINT('',(3.63216611084732,5.61399729924575,-4.08319608108083));
#7421=CARTESIAN_POINT('',(3.62431205209719,5.66353756744193,-4.02608581961169));
#7422=CARTESIAN_POINT('',(3.62016922850441,5.709413780968,-3.99679966560214));
#7423=CARTESIAN_POINT('',(3.61906562648969,5.7359354278638,-3.98089119666826));
#7424=CARTESIAN_POINT('',(3.63226245649818,5.61395370278176,-4.08324189446588));
#7425=CARTESIAN_POINT('',(5.64260939341636,5.52649220337534,-4.08471874884536));
#7426=CARTESIAN_POINT('',(4.49439792870556,5.57644591749653,-4.08387524223264));
#7427=CARTESIAN_POINT('',(4.49339283475898,5.75153895907947,-3.9535649954652));
#7428=CARTESIAN_POINT('',(4.48842207486189,5.69327248093583,-3.97968984430161));
#7429=CARTESIAN_POINT('',(4.4896350921697,5.64984180460988,-3.99890133905075));
#7430=CARTESIAN_POINT('',(4.49439792870532,5.57644591749097,-4.08387524222785));
#7431=CARTESIAN_POINT('',(4.49339764066348,5.75153862597802,-3.95356505441291));
#7432=CARTESIAN_POINT('',(4.49339764066334,5.75153862597447,-3.95356505440494));
#7433=CARTESIAN_POINT('',(4.49595952425106,5.8053424574776,-3.92947902965686));
#7434=CARTESIAN_POINT('',(4.48829199975817,5.8463150559079,-3.91894400947643));
#7435=CARTESIAN_POINT('',(4.46622582103091,5.9032083709093,-3.9128827366065));
#7436=CARTESIAN_POINT('',(1.78189144175005,4.26082855250347,-6.88731671414817));
#7437=CARTESIAN_POINT('',(1.78280023658694,4.29142316079294,-7.46209058380094));
#7438=CARTESIAN_POINT('',(1.77961682071689,4.20859224544223,-6.89010079429128));
#7439=CARTESIAN_POINT('',(1.78052561555379,4.2391868537317,-7.46487466394405));
#7440=CARTESIAN_POINT('',(1.75582196271256,4.15761446261951,-6.89285191090439));
#7441=CARTESIAN_POINT('',(1.75673075754946,4.18820907090899,-7.46762578055716));
#7442=CARTESIAN_POINT('',(1.71722453706334,4.12228704818617,-6.89479337972733));
#7443=CARTESIAN_POINT('',(1.71813333190024,4.15288165647564,-7.4695672493801));
#7444=CARTESIAN_POINT('',(1.71593762029588,4.07896295272625,-6.0808735620989));
#7445=CARTESIAN_POINT('',(1.71813333189597,4.15288165648029,-7.46956724937986));
#7446=CARTESIAN_POINT('',(1.71722453705908,4.12228704819082,-6.89479337972712));
#7447=CARTESIAN_POINT('',(1.58298929649088,4.30011607052572,-7.46194379735078));
#7448=CARTESIAN_POINT('',(1.7828002365815,4.29142316079317,-7.46209058380089));
#7449=CARTESIAN_POINT('',(1.78060452498137,4.21750445703919,-6.07339689652002));
#7450=CARTESIAN_POINT('',(1.78189144174456,4.2608285525037,-6.88731671414816));
#7451=CARTESIAN_POINT('',(1.58208050165405,4.26952146223616,-6.88716992769792));
#7452=CARTESIAN_POINT('',(1.60905453355662,4.8987000568873,-7.43004058894701));
#7453=CARTESIAN_POINT('',(1.61000663607343,4.93070164314741,-8.02918580672878));
#7454=CARTESIAN_POINT('',(1.61032400358249,4.94136883856751,-8.2289008793261));
#7455=CARTESIAN_POINT('',(1.80981757615537,4.92200873342113,-8.02933259318117));
#7456=CARTESIAN_POINT('',(1.60905453355629,4.89870005687531,-7.43004058892274));
#7457=CARTESIAN_POINT('',(1.62585270157163,5.29653091095919,-8.12390544115156));
#7458=CARTESIAN_POINT('',(1.62165315956812,5.19707319744131,-7.95043922810067));
#7459=CARTESIAN_POINT('',(1.82146409964721,5.18838028771493,-7.9505860145503));
#7460=CARTESIAN_POINT('',(1.80886547363574,4.89000714715192,-7.43018737537836));
#7461=CARTESIAN_POINT('',(0.568819573890823,6.24683453938107,-4.49745763138905));
#7462=CARTESIAN_POINT('',(0.538346847002338,6.69594381836847,-4.44875169277165));
#7463=CARTESIAN_POINT('',(0.590464027370147,6.74343015222092,-4.44338069582795));
#7464=CARTESIAN_POINT('',(0.568819573890871,6.24683453938394,-4.49745763138279));
#7465=CARTESIAN_POINT('',(0.58507145408062,6.62589120395059,-4.82311377127742));
#7466=CARTESIAN_POINT('',(0.48191560800295,6.55442632589985,-4.75790915007479));
#7467=CARTESIAN_POINT('',(0.481915608002901,6.55442632589987,-4.75790915007476));
#7468=CARTESIAN_POINT('',(0.468914103851089,6.2511809942465,-4.49738423815908));
#7469=CARTESIAN_POINT('',(0.499091198017363,6.95683816237446,-5.20930627207507));
#7470=CARTESIAN_POINT('',(0.525140531431153,6.40558904690769,-5.23042131281237));
#7471=CARTESIAN_POINT('',(0.577266302960663,6.45333180929755,-5.22854179632251));
#7472=CARTESIAN_POINT('',(0.499091198017226,6.95683816237228,-5.20930627208331));
#7473=CARTESIAN_POINT('',(0.479748484615614,6.50556715878897,-4.8143628067827));
#7474=CARTESIAN_POINT('',(0.479748484615662,6.50556715878895,-4.8143628067827));
#7475=CARTESIAN_POINT('',(0.582877740222313,6.57643253785664,-4.88026011088968));
#7476=CARTESIAN_POINT('',(0.598996668057035,6.95249170750958,-5.2093796653069));
#7477=CARTESIAN_POINT('',(0.585071454080852,6.62589120395608,-4.82311377128213));
#7478=CARTESIAN_POINT('',(4.47060517965333,6.45684843832177,-4.8259681880683));
#7479=CARTESIAN_POINT('',(0.589005224031021,6.71456473821177,-4.71970339093429));
#7480=CARTESIAN_POINT('',(4.4745389496035,6.54552197257747,-4.72255780772046));
#7481=CARTESIAN_POINT('',(0.591005320292836,6.75815973422415,-4.57886103906298));
#7482=CARTESIAN_POINT('',(4.47653904586531,6.58911696858985,-4.58171545584915));
#7483=CARTESIAN_POINT('',(0.590464027370153,6.74343015222161,-4.44338069582787));
#7484=CARTESIAN_POINT('',(4.47599775294263,6.5743873865873,-4.44623511261404));
#7485=CARTESIAN_POINT('',(8.18327975038526,6.41309958262047,-4.44895858092297));
#7486=CARTESIAN_POINT('',(4.27588334556101,6.58306148202982,-4.44609224850084));
#7487=CARTESIAN_POINT('',(4.27588494735705,6.5830934928428,-4.4460886890686));
#7488=CARTESIAN_POINT('',(4.32767001555194,6.59665524315118,-4.59135674168476));
#7489=CARTESIAN_POINT('',(4.36293131538968,6.58294975313554,-4.68456246770941));
#7490=CARTESIAN_POINT('',(4.44743102224435,6.45785664567154,-4.82595116371365));
#7491=CARTESIAN_POINT('',(4.44743102224411,6.45785664566599,-4.82595116370889));
#7492=CARTESIAN_POINT('',(8.1778871770958,6.29556063435012,-4.82869165637238));
#7493=CARTESIAN_POINT('',(5.40474597361005,0.0843222665850967,-5.57955367217577));
#7494=CARTESIAN_POINT('',(6.35384793898696,0.0430309453850366,-5.58025090781265));
#7495=CARTESIAN_POINT('',(5.40325947443879,0.0494936791567256,-5.54042901413696));
#7496=CARTESIAN_POINT('',(6.3523614398157,0.00820235795666555,-5.54112624977384));
#7497=CARTESIAN_POINT('',(5.40143007147846,0.00690067384037481,-5.50825693659584));
#7498=CARTESIAN_POINT('',(6.35053203685537,-0.0343906473596853,-5.50895417223272));
#7499=CARTESIAN_POINT('',(5.39939585175564,-0.0402417433841525,-5.48546585287777));
#7500=CARTESIAN_POINT('',(6.34849781713256,-0.0815330645842126,-5.48616308851466));
#7501=CARTESIAN_POINT('',(5.39939585175561,-0.0402417433851996,-5.48546585287994));
#7502=CARTESIAN_POINT('',(6.34849781713251,-0.0815330645852512,-5.48616308851682));
#7503=CARTESIAN_POINT('',(5.4668863307417,-0.0431771497425735,-5.48551635321566));
#7504=CARTESIAN_POINT('',(6.34067214830227,-0.255328012719622,-5.84634925553971));
#7505=CARTESIAN_POINT('',(6.35384793898695,0.0430309453849408,-5.58025090781272));
#7506=CARTESIAN_POINT('',(5.40474597361004,0.0843222665849854,-5.57955367217587));
#7507=CARTESIAN_POINT('',(5.40474597361004,0.0843222665849854,-5.57955367217587));
#7508=CARTESIAN_POINT('',(5.39157018292713,-0.214036691513506,-5.84565201989698));
#7509=CARTESIAN_POINT('',(5.403744913279,0.0609041535038881,-5.55537748143453));
#7510=CARTESIAN_POINT('',(5.4668863307417,-0.0431771497425735,-5.48551635321566));
#7511=CARTESIAN_POINT('',(5.45229609700318,-0.00676316913150298,-5.50276909061223));
#7512=CARTESIAN_POINT('',(5.4312835399361,0.0287254432207494,-5.52605363343742));
#7513=CARTESIAN_POINT('',(5.403744913279,0.0609041535038881,-5.55537748143453));
#7514=CARTESIAN_POINT('',(5.42209544651851,0.485937036208699,-5.74705174274142));
#7515=CARTESIAN_POINT('',(6.37119741189542,0.444645715008641,-5.7477489783783));
#7516=CARTESIAN_POINT('',(5.42861775560337,0.635720354118376,-5.73904114108281));
#7517=CARTESIAN_POINT('',(6.37771972098029,0.594429032918318,-5.73973837671969));
#7518=CARTESIAN_POINT('',(5.43495916785838,0.780142455611074,-5.65977461259143));
#7519=CARTESIAN_POINT('',(6.3840611332353,0.738851134411016,-5.66047184822831));
#7520=CARTESIAN_POINT('',(5.43884602316038,0.867422008727611,-5.53767250555637));
#7521=CARTESIAN_POINT('',(6.38794798853729,0.826130687527554,-5.53836974119325));
#7522=CARTESIAN_POINT('',(5.4220954465185,0.48593703620831,-5.74705174273415));
#7523=CARTESIAN_POINT('',(6.37119741189541,0.444645715008266,-5.74774897837101));
#7524=CARTESIAN_POINT('',(5.4220954465185,0.48593703620831,-5.74705174273415));
#7525=CARTESIAN_POINT('',(6.37040002603506,0.417844386507949,-5.2459648584621));
#7526=CARTESIAN_POINT('',(6.38794798853703,0.82613068752208,-5.53836974118938));
#7527=CARTESIAN_POINT('',(5.43884602316014,0.867422008722145,-5.53767250555245));
#7528=CARTESIAN_POINT('',(5.43884602316014,0.867422008722145,-5.53767250555245));
#7529=CARTESIAN_POINT('',(5.42129806065821,0.459135707708037,-5.24526762282517));
#7530=CARTESIAN_POINT('',(5.64631911618522,5.48280068409508,3.55256389025904));
#7531=CARTESIAN_POINT('',(6.59542108156213,5.44150936289502,3.55186665462217));
#7532=CARTESIAN_POINT('',(5.64556752154961,5.46636500439633,3.50281167837798));
#7533=CARTESIAN_POINT('',(6.59466948692652,5.42507368319627,3.5021144427411));
#7534=CARTESIAN_POINT('',(5.64524414860009,5.4598271711713,3.44980502259722));
#7535=CARTESIAN_POINT('',(6.594346113977,5.41853584997124,3.44910778696034));
#7536=CARTESIAN_POINT('',(5.64537340617935,5.46368067326301,3.39754497224494));
#7537=CARTESIAN_POINT('',(6.59447537155626,5.42238935206295,3.39684773660806));
#7538=CARTESIAN_POINT('',(5.64537340617944,5.46368067326372,3.39754497224502));
#7539=CARTESIAN_POINT('',(6.59447537155629,5.42238935206366,3.39684773660812));
#7540=CARTESIAN_POINT('',(5.71286386840555,5.46074484649642,3.39749655493166));
#7541=CARTESIAN_POINT('',(6.61183565398683,5.82092730323261,3.42627768866322));
#7542=CARTESIAN_POINT('',(6.59542108156225,5.44150936289805,3.55186665462115));
#7543=CARTESIAN_POINT('',(5.64631911618535,5.4828006840981,3.55256389025804));
#7544=CARTESIAN_POINT('',(5.64631911618535,5.4828006840981,3.55256389025804));
#7545=CARTESIAN_POINT('',(5.66273368861099,5.86221862443535,3.42697492429915));
#7546=CARTESIAN_POINT('',(5.64589473595886,5.47359297349015,3.52017660405456));
#7547=CARTESIAN_POINT('',(5.71286386840555,5.46074484649642,3.39749655493166));
#7548=CARTESIAN_POINT('',(5.69663469757622,5.45852701493161,3.43709712423985));
#7549=CARTESIAN_POINT('',(5.67429477348986,5.46241011670448,3.47867823062489));
#7550=CARTESIAN_POINT('',(5.64589473595886,5.47359297349015,3.52017660405456));
#7551=CARTESIAN_POINT('',(5.1852181191176,-5.11776182908043,3.6663982291372));
#7552=CARTESIAN_POINT('',(6.13432008449456,-5.15905315028049,3.66570099350032));
#7553=CARTESIAN_POINT('',(5.18745621292457,-5.06649756195124,3.67702578297936));
#7554=CARTESIAN_POINT('',(6.13655817830152,-5.1077888831513,3.67632854734248));
#7555=CARTESIAN_POINT('',(5.1896089888345,-5.0173667234078,3.6978603612196));
#7556=CARTESIAN_POINT('',(6.13871095421146,-5.05865804460786,3.69716312558272));
#7557=CARTESIAN_POINT('',(5.19151395097813,-4.97407780827328,3.72732932785501));
#7558=CARTESIAN_POINT('',(6.14061591635509,-5.01536912947334,3.72663209221813));
#7559=CARTESIAN_POINT('',(5.19151395097799,-4.97407780827712,3.72732932786066));
#7560=CARTESIAN_POINT('',(6.14061591635492,-5.01536912947718,3.72663209222378));
#7561=CARTESIAN_POINT('',(5.25900434290904,-4.97701522707365,3.72727950466387));
#7562=CARTESIAN_POINT('',(6.13108130275471,-5.24011213251497,4.05738830720214));
#7563=CARTESIAN_POINT('',(6.13432008449445,-5.15905315028182,3.66570099350674));
#7564=CARTESIAN_POINT('',(5.18521811911755,-5.11776182908176,3.66639822914364));
#7565=CARTESIAN_POINT('',(5.18521811911755,-5.11776182908176,3.66639822914364));
#7566=CARTESIAN_POINT('',(5.18197933737973,-5.19882081131702,4.05808554284711));
#7567=CARTESIAN_POINT('',(5.18664355967511,-5.08513600539263,3.6746093246057));
#7568=CARTESIAN_POINT('',(5.25900434290904,-4.97701522707365,3.72727950466387));
#7569=CARTESIAN_POINT('',(5.24143004784442,-5.00910597557453,3.70496722405608));
#7570=CARTESIAN_POINT('',(5.21729208461677,-5.04554147239257,3.68672024077818));
#7571=CARTESIAN_POINT('',(5.18664355967511,-5.08513600539263,3.6746093246057));
#7572=CARTESIAN_POINT('',(5.41209440297099,0.149787040533826,0.546469482408593));
#7573=CARTESIAN_POINT('',(5.45244280382637,-0.175202188297213,6.59031017019537));
#7574=CARTESIAN_POINT('',(5.40241072692989,-0.17569575972064,6.64027563495655));
#7575=CARTESIAN_POINT('',(5.50247488072278,-0.174708616873856,6.54034470543421));
#7576=CARTESIAN_POINT('',(5.41209440297451,0.149787040614412,0.546469482419633));
#7577=CARTESIAN_POINT('',(5.62674443384886,5.02167866575414,4.21513458147718));
#7578=CARTESIAN_POINT('',(5.62674443384886,5.02167866575414,4.21513458147718));
#7579=CARTESIAN_POINT('',(5.65378823075073,4.97851469130159,4.22281911819262));
#7580=CARTESIAN_POINT('',(5.67459237396772,4.9383892796292,4.23697110192131));
#7581=CARTESIAN_POINT('',(5.68921636854122,4.90270280440702,4.2556587219294));
#7582=CARTESIAN_POINT('',(5.68921636854122,4.90270280440702,4.2556587219294));
#7583=CARTESIAN_POINT('',(5.71645490545732,4.78063713996146,4.35469719268462));
#7584=CARTESIAN_POINT('',(5.71693722328706,4.81888671630134,4.30992568798301));
#7585=CARTESIAN_POINT('',(5.70911002684293,4.85227898899001,4.28332251199147));
#7586=CARTESIAN_POINT('',(5.68921855505413,4.90270282400957,4.25566077793468));
#7587=CARTESIAN_POINT('',(5.71645490550299,4.78063713999371,4.35469719271267));
#7588=CARTESIAN_POINT('',(5.51199987301412,0.145440585750194,0.546396089187579));
#7589=CARTESIAN_POINT('',(6.38794798853686,0.826130687517685,-5.53836974118623));
#7590=CARTESIAN_POINT('',(5.43884602315995,0.867422008717742,-5.53767250554935));
#7591=CARTESIAN_POINT('',(6.38930459269409,0.856593309714591,-5.49575322651309));
#7592=CARTESIAN_POINT('',(5.44020262731718,0.897884630914648,-5.49505599087621));
#7593=CARTESIAN_POINT('',(6.39102481841866,0.895516705239377,-5.45922154854983));
#7594=CARTESIAN_POINT('',(5.44192285304176,0.936808026439435,-5.45852431291295));
#7595=CARTESIAN_POINT('',(6.39297881960205,0.939962857663214,-5.43153219205804));
#7596=CARTESIAN_POINT('',(5.44387685422514,0.981254178863271,-5.43083495642116));
#7597=CARTESIAN_POINT('',(5.4438768542253,0.981254178866906,-5.430834956427));
#7598=CARTESIAN_POINT('',(5.51136730260049,0.978316536262435,-5.43088556993579));
#7599=CARTESIAN_POINT('',(6.3929788196022,0.939962857666854,-5.4315321920639));
#7600=CARTESIAN_POINT('',(5.43976649637587,0.88813146861681,-5.51113631628587));
#7601=CARTESIAN_POINT('',(5.46985336988047,0.914495906884795,-5.47868259256046));
#7602=CARTESIAN_POINT('',(5.49375475817892,0.945348117666865,-5.4518496946976));
#7603=CARTESIAN_POINT('',(5.51136730260049,0.978316536262435,-5.43088556993579));
#7604=CARTESIAN_POINT('',(5.43976649637587,0.88813146861681,-5.51113631628587));
#7605=CARTESIAN_POINT('',(5.45281455052177,1.19242602943233,-5.77043261120758));
#7606=CARTESIAN_POINT('',(6.40191651590183,1.15113470822911,-5.77112984684228));
#7607=CARTESIAN_POINT('',(6.57729233222064,5.0137019496381,4.20975282806974));
#7608=CARTESIAN_POINT('',(5.62819036684373,5.05499327083816,4.21045006370662));
#7609=CARTESIAN_POINT('',(6.57502924688996,4.96159768010795,4.21485210157473));
#7610=CARTESIAN_POINT('',(5.62592728151306,5.00288900130801,4.21554933721161));
#7611=CARTESIAN_POINT('',(6.57281877026948,4.91052743459055,4.23032779885646));
#7612=CARTESIAN_POINT('',(5.62371680489258,4.95181875579061,4.23102503449335));
#7613=CARTESIAN_POINT('',(6.57082775359453,4.86434609826041,4.25501178305928));
#7614=CARTESIAN_POINT('',(5.62172578821762,4.90563741946047,4.25570901869617));
#7615=CARTESIAN_POINT('',(5.62172578821766,4.90563741946147,4.25570901869804));
#7616=CARTESIAN_POINT('',(6.57082775359456,4.86434609826141,4.25501178306115));
#7617=CARTESIAN_POINT('',(5.63017409401982,5.0938679966394,4.60855158410274));
#7618=CARTESIAN_POINT('',(5.62819036684376,5.05499327083863,4.21045006371154));
#7619=CARTESIAN_POINT('',(5.62819036684376,5.05499327083863,4.21045006371154));
#7620=CARTESIAN_POINT('',(6.57729233222067,5.01370194963858,4.20975282807465));
#7621=CARTESIAN_POINT('',(6.57927605939814,5.05257667543801,4.60785434845676));
#7622=CARTESIAN_POINT('',(5.50247488072264,-0.174708616878508,6.54034470552126));
#7623=CARTESIAN_POINT('',(6.35167137605992,-0.211653483215403,6.53972086310932));
#7624=CARTESIAN_POINT('',(5.42104185616114,-2.0447991703214,6.44032989280227));
#7625=CARTESIAN_POINT('',(6.27023835149842,-2.0817440366583,6.43970605039032));
#7626=CARTESIAN_POINT('',(5.3420981582489,-3.84189538056875,5.40604263298191));
#7627=CARTESIAN_POINT('',(6.19129465358617,-3.87884024690565,5.40541879056997));
#7628=CARTESIAN_POINT('',(5.29626138316446,-4.86900980575375,3.83862184520489));
#7629=CARTESIAN_POINT('',(6.14545787850174,-4.90595467209064,3.83799800279294));
#7630=CARTESIAN_POINT('',(5.40256941068313,-0.170362162010686,6.54041809865913));
#7631=CARTESIAN_POINT('',(6.35167137606006,-0.211653483210758,6.53972086302229));
#7632=CARTESIAN_POINT('',(6.36119636835161,0.108495719422673,0.545772246599465));
#7633=CARTESIAN_POINT('',(6.14545787850448,-4.90595467202652,3.83799800275089));
#7634=CARTESIAN_POINT('',(5.1963559131276,-4.86466335082639,3.83869523838773));
#7635=CARTESIAN_POINT('',(5.29626138316724,-4.86900980568959,3.83862184516279));
#7636=CARTESIAN_POINT('',(5.51199987301445,0.145440585759677,0.546396089011373));
#7637=CARTESIAN_POINT('',(6.11834878428594,-5.51434547915966,2.96593365342968));
#7638=CARTESIAN_POINT('',(5.16924681890901,-5.47305415795961,2.96663088906656));
#7639=CARTESIAN_POINT('',(6.11925526545938,-5.49270383182665,2.91821786525363));
#7640=CARTESIAN_POINT('',(5.17015330008246,-5.4514125106266,2.91891510089051));
#7641=CARTESIAN_POINT('',(6.11974551635531,-5.48055698183356,2.86621049001076));
#7642=CARTESIAN_POINT('',(5.17064355097839,-5.43926566063351,2.86690772564764));
#7643=CARTESIAN_POINT('',(6.11978253184693,-5.47882179792616,2.81383714931794));
#7644=CARTESIAN_POINT('',(5.17068056647001,-5.43753047672611,2.81453438495481));
#7645=CARTESIAN_POINT('',(5.17068056646998,-5.43753047672705,2.81453438495478));
#7646=CARTESIAN_POINT('',(5.23817107082089,-5.44046687968634,2.81448655423958));
#7647=CARTESIAN_POINT('',(6.11978253184689,-5.47882179792708,2.81383714931791));
#7648=CARTESIAN_POINT('',(5.16977227868823,-5.4604490127696,2.93541018203448));
#7649=CARTESIAN_POINT('',(5.19922576831327,-5.44741637887038,2.89520831455822));
#7650=CARTESIAN_POINT('',(5.22201074781438,-5.44107939818625,2.85417385263576));
#7651=CARTESIAN_POINT('',(5.23817107082089,-5.44046687968634,2.81448655423958));
#7652=CARTESIAN_POINT('',(5.16977227868823,-5.4604490127696,2.93541018203448));
#7653=CARTESIAN_POINT('',(5.15329456436968,-5.83693290445109,2.80128947433757));
#7654=CARTESIAN_POINT('',(5.16924681890903,-5.47305415795934,2.96663088906668));
#7655=CARTESIAN_POINT('',(5.16924681890903,-5.47305415795934,2.96663088906668));
#7656=CARTESIAN_POINT('',(6.11834878428593,-5.5143454791594,2.96593365342979));
#7657=CARTESIAN_POINT('',(6.10239652974423,-5.87822422565511,2.80059223869887));
#7658=CARTESIAN_POINT('',(0.577266302960602,6.45333180929641,-5.22854179632254));
#7659=CARTESIAN_POINT('',(1.676226473397,6.40552080580161,-5.22934912179682));
#7660=CARTESIAN_POINT('',(0.577382356422653,6.45809808326641,-5.35283145445177));
#7661=CARTESIAN_POINT('',(1.67634252685905,6.4102870797716,-5.35363877992605));
#7662=CARTESIAN_POINT('',(0.579603412010156,6.51120698107501,-5.47463867420678));
#7663=CARTESIAN_POINT('',(1.67856358244656,6.46339597758021,-5.47544599968106));
#7664=CARTESIAN_POINT('',(0.583358635723448,6.59900897286612,-5.56265775444636));
#7665=CARTESIAN_POINT('',(1.68231880615985,6.55119796937131,-5.56346507992064));
#7666=CARTESIAN_POINT('',(8.17008202597583,6.12300123969707,-5.23411968141752));
#7667=CARTESIAN_POINT('',(1.67622647339705,6.40552080580275,-5.22934912179678));
#7668=CARTESIAN_POINT('',(1.69795683849289,6.90468070400133,-5.2101869907817));
#7669=CARTESIAN_POINT('',(1.68231880615985,6.55119796937161,-5.56346507992034));
#7670=CARTESIAN_POINT('',(8.17617435873862,6.2686784032659,-5.56823563954097));
#7671=CARTESIAN_POINT('',(0.583358635723459,6.59900897286639,-5.562657754446));
#7672=CARTESIAN_POINT('',(0.598996668056507,6.95249170749621,-5.20937966530738));
#7673=CARTESIAN_POINT('',(0.399235014769081,2.38472411645484,-6.62212849936334));
#7674=CARTESIAN_POINT('',(0.35023580204303,2.4113135705751,-6.77008821713473));
#7675=CARTESIAN_POINT('',(0.399552382275514,2.3953913118749,-6.82184357195811));
#7676=CARTESIAN_POINT('',(0.299488228482501,2.39440416902804,-6.72191264243582));
#7677=CARTESIAN_POINT('',(0.299329544725675,2.38907057131775,-6.62205510613957));
#7678=CARTESIAN_POINT('',(0.352805417958782,3.62333093649221,-6.92350961880378));
#7679=CARTESIAN_POINT('',(0.415671324088849,3.91007390552502,-6.4557208335833));
#7680=CARTESIAN_POINT('',(0.35280541795952,3.62333093650921,-6.92350961879494));
#7681=CARTESIAN_POINT('',(0.378870655013304,4.22191492286005,-6.89160641039985));
#7682=CARTESIAN_POINT('',(0.474431918877305,4.11780447026891,-6.89699700502533));
#7683=CARTESIAN_POINT('',(0.510094363120244,4.94651106038211,-7.42923326347263));
#7684=CARTESIAN_POINT('',(0.44407845545848,4.59058835485867,-8.08799037171992));
#7685=CARTESIAN_POINT('',(0.492960312302226,4.56454206523007,-8.1319466553231));
#7686=CARTESIAN_POINT('',(0.51009436311927,4.94651106036007,-7.42923326348456));
#7687=CARTESIAN_POINT('',(0.475340713714231,4.14839907855836,-7.47177087467804));
#7688=CARTESIAN_POINT('',(0.475340713714231,4.14839907855836,-7.47177087467804));
#7689=CARTESIAN_POINT('',(0.379779449850164,4.25250953114948,-7.46638028005245));
#7690=CARTESIAN_POINT('',(0.410188893079579,4.95085751522601,-7.42915987025812));
#7691=CARTESIAN_POINT('',(4.83686994117093,5.44122448655014,-5.81739119381107));
#7692=CARTESIAN_POINT('',(4.79954087621312,4.56711161420429,-4.86479147701848));
#7693=CARTESIAN_POINT('',(4.58332152064479,5.45225528161642,-5.81720493036853));
#7694=CARTESIAN_POINT('',(4.54599245568697,4.57814240927058,-4.86460521357595));
#7695=CARTESIAN_POINT('',(4.10617824270998,5.11569355893533,-6.14473415491011));
#7696=CARTESIAN_POINT('',(4.06884917775216,4.24158068658949,-5.19213443811752));
#7697=CARTESIAN_POINT('',(4.5518085357848,4.73898594958984,-6.47294127356616));
#7698=CARTESIAN_POINT('',(4.51447947082698,3.864873077244,-5.52034155677357));
#7699=CARTESIAN_POINT('',(4.80535695631094,4.72795515452358,-6.47312753700868));
#7700=CARTESIAN_POINT('',(4.76802789135313,3.85384228217774,-5.52052782021609));
#7701=CARTESIAN_POINT('',(4.8369723838478,5.443623326774,-5.82000542656319));
#7702=CARTESIAN_POINT('',(4.80340601453713,4.65761929678942,-4.96342587025059));
#7703=CARTESIAN_POINT('',(4.83664862260442,5.43604199917492,-5.8117433693938));
#7704=CARTESIAN_POINT('',(4.80340601453668,4.65761929677918,-4.96342587025996));
#7705=CARTESIAN_POINT('',(4.66332264805937,4.66294731749081,-4.96248931818488));
#7706=CARTESIAN_POINT('',(4.39119146473526,4.59262207989481,-5.02994665931168));
#7707=CARTESIAN_POINT('',(4.30149500792737,4.28533809916733,-5.26172731288708));
#7708=CARTESIAN_POINT('',(4.28503738910018,4.23406022704681,-5.29831235877405));
#7709=CARTESIAN_POINT('',(4.47954817935732,3.87914896170533,-5.526033598522));
#7710=CARTESIAN_POINT('',(4.63497547695027,3.86554415433244,-5.52686223778741));
#7711=CARTESIAN_POINT('',(4.76824920992005,3.85902476956319,-5.52617564462395));
#7712=CARTESIAN_POINT('',(4.7682492099196,3.85902476955294,-5.52617564463338));
#7713=CARTESIAN_POINT('',(4.80545939898692,4.73035399472699,-6.47574176977958));
#7714=CARTESIAN_POINT('',(4.80200859873976,4.64954862445157,-6.38768086222975));
#7715=CARTESIAN_POINT('',(4.83664862260397,5.43604199916467,-5.81174336940319));
#7716=CARTESIAN_POINT('',(4.55824880375338,5.44757390147406,-5.81090788571385));
#7717=CARTESIAN_POINT('',(4.13004804222398,5.08995324043092,-6.12186594826911));
#7718=CARTESIAN_POINT('',(4.52349331519769,4.66284563393414,-6.38875980371587));
#7719=CARTESIAN_POINT('',(4.80200859874021,4.64954862446178,-6.38768086222043));
#7720=CARTESIAN_POINT('',(0.475340713714159,4.1483990785567,-7.47177087467813));
#7721=CARTESIAN_POINT('',(1.57430088415056,4.10058807506189,-7.47257820015241));
#7722=CARTESIAN_POINT('',(0.475769874929984,4.16284680510246,-7.74319699047452));
#7723=CARTESIAN_POINT('',(1.57473004536639,4.11503580160766,-7.7440043159488));
#7724=CARTESIAN_POINT('',(0.482678127630484,4.32600721407054,-8.00203723003502));
#7725=CARTESIAN_POINT('',(1.58163829806689,4.27819621057574,-8.0028445555093));
#7726=CARTESIAN_POINT('',(0.492960312302132,4.5645420652281,-8.13194665532673));
#7727=CARTESIAN_POINT('',(1.59192048273854,4.5167310617333,-8.13275398080101));
#7728=CARTESIAN_POINT('',(0.393054842262514,4.56888852009322,-8.13187326209819));
#7729=CARTESIAN_POINT('',(1.59192048273862,4.51673106173526,-8.13275398079739));
#7730=CARTESIAN_POINT('',(1.60905453355567,4.89870005686522,-7.43004058895885));
#7731=CARTESIAN_POINT('',(1.57430088415064,4.10058807506359,-7.47257820015236));
#7732=CARTESIAN_POINT('',(0.375435243674518,4.15274553342155,-7.47169748145313));
#7733=CARTESIAN_POINT('',(3.28138033406462,6.50664589309728,-6.26329599087572));
#7734=CARTESIAN_POINT('',(3.30539644654835,7.05248767797452,-5.8972632433576));
#7735=CARTESIAN_POINT('',(3.30503176818654,7.04649121338271,-6.03855694252012));
#7736=CARTESIAN_POINT('',(3.30576112491018,7.05848414256627,-5.75596954419497));
#7737=CARTESIAN_POINT('',(3.28138033406465,6.50664589309724,-6.26329599087574));
#7738=CARTESIAN_POINT('',(3.25699954321911,5.95480764362825,-6.77062243755644));
#7739=CARTESIAN_POINT('',(3.26313640908275,6.09596804556157,-6.77662908427087));
#7740=CARTESIAN_POINT('',(3.26927327494641,6.23712844749478,-6.78263573098524));
#7741=CARTESIAN_POINT('',(3.28715252156646,6.64180983043871,-6.41059633675273));
#7742=CARTESIAN_POINT('',(3.25699953579221,5.95480764396722,-6.77062243753646));
#7743=CARTESIAN_POINT('',(3.22696921005854,5.25160507743631,-6.00427911172841));
#7744=CARTESIAN_POINT('',(3.64932740031314,5.93773915270644,-6.77091065469892));
#7745=CARTESIAN_POINT('',(3.61929707457947,5.23453658617554,-6.00456732889087));
#7746=CARTESIAN_POINT('',(4.387634523536,6.4585175543138,-6.26410867846622));
#7747=CARTESIAN_POINT('',(4.35760419780234,5.7553149877829,-5.49776535265817));
#7748=CARTESIAN_POINT('',(3.6980889895569,7.04141565415391,-5.75625775873879));
#7749=CARTESIAN_POINT('',(3.66805866382324,6.338213087623,-4.98991443293074));
#7750=CARTESIAN_POINT('',(3.30576112490943,7.05848414255044,-5.75596954420954));
#7751=CARTESIAN_POINT('',(3.27573079917576,6.35528157601953,-4.98962621840149));
#7752=CARTESIAN_POINT('',(3.27690018740086,6.38266445585898,-5.01946781481022));
#7753=CARTESIAN_POINT('',(3.275909906487,6.35947562712801,-4.99419685452496));
#7754=CARTESIAN_POINT('',(3.2271569740533,5.2560018370381,-6.00907065763051));
#7755=CARTESIAN_POINT('',(3.32886132768689,5.25178297020812,-6.00936928437389));
#7756=CARTESIAN_POINT('',(3.5215111303995,5.27543629216848,-5.98460430790337));
#7757=CARTESIAN_POINT('',(3.77478959150494,5.39120567023675,-5.88641286249023));
#7758=CARTESIAN_POINT('',(3.96469647733915,5.59471319406558,-5.71174140938768));
#7759=CARTESIAN_POINT('',(4.01325329050504,5.80651082635098,-5.52106390029547));
#7760=CARTESIAN_POINT('',(3.99315685441047,5.96869988976593,-5.36798210307315));
#7761=CARTESIAN_POINT('',(3.75681892744882,6.28417329701986,-5.06021712620765));
#7762=CARTESIAN_POINT('',(3.42466577095177,6.35319255479278,-4.99451133841788));
#7763=CARTESIAN_POINT('',(3.2759099064863,6.35947562711216,-4.99419685453951));
#7764=CARTESIAN_POINT('',(3.22715670485431,5.25599574395208,-6.0090762592373));
#7765=CARTESIAN_POINT('',(3.22813860570979,5.27898795692096,-6.03412070817169));
#7766=CARTESIAN_POINT('',(5.51199987301074,0.145440585670659,0.546396089183644));
#7767=CARTESIAN_POINT('',(5.4510186171411,-0.223071227744727,7.4865315584644));
#7768=CARTESIAN_POINT('',(5.40114522399785,-0.218231201458192,7.43663948692819));
#7769=CARTESIAN_POINT('',(5.73196100165255,6.32234584899566,-2.63988323572556));
#7770=CARTESIAN_POINT('',(5.74390786993937,6.34527742311466,-2.61828241377837));
#7771=CARTESIAN_POINT('',(5.76044935137785,6.369497897921,-2.60329675875069));
#7772=CARTESIAN_POINT('',(5.78159263965395,6.3951733681743,-2.59497034554043));
#7773=CARTESIAN_POINT('',(5.73192921665049,6.32227621567498,-2.63995826115077));
#7774=CARTESIAN_POINT('',(5.67323364959896,6.20780574418289,-2.74628250985337));
#7775=CARTESIAN_POINT('',(5.6927107772248,6.24638896838255,-2.71095971820629));
#7776=CARTESIAN_POINT('',(5.7122834598356,6.28454968561291,-2.67551277281855));
#7777=CARTESIAN_POINT('',(5.73192921665049,6.32227621567498,-2.63995826115077));
#7778=CARTESIAN_POINT('',(5.67323364959896,6.20780574418289,-2.74628250985337));
#7779=CARTESIAN_POINT('',(5.41209440297485,0.149787040620942,0.546469482495638));
#7780=CARTESIAN_POINT('',(5.05028734578722,0.165527700605757,0.546735275530008));
#7781=CARTESIAN_POINT('',(5.37332887255417,0.527978906522381,-6.49345012994462));
#7782=CARTESIAN_POINT('',(5.42320226569736,0.523138880235777,-6.44355805840843));
#7783=CARTESIAN_POINT('',(4.96368436974392,-1.75481454544543,-6.55778688316996));
#7784=CARTESIAN_POINT('',(5.03768904667578,-1.75884479984021,-6.48090581731724));
#7785=CARTESIAN_POINT('',(5.07898316801652,-1.74151997798362,-6.44427063073892));
#7786=CARTESIAN_POINT('',(5.14432648420807,-1.69065929729832,-6.39338631161382));
#7787=CARTESIAN_POINT('',(4.96368436976261,-1.75481454545119,-6.55778688318827));
#7788=CARTESIAN_POINT('',(5.32273052813991,-1.79072918338945,-6.1785889474717));
#7789=CARTESIAN_POINT('',(5.27325754459997,-1.78577224863037,-6.23099300686462));
#7790=CARTESIAN_POINT('',(5.22299291493073,-1.78074080735254,-6.28414563335744));
#7791=CARTESIAN_POINT('',(5.09593248551193,-1.76802218008784,-6.41850642724719));
#7792=CARTESIAN_POINT('',(4.96368436976261,-1.75481454545118,-6.55778688318826));
#7793=CARTESIAN_POINT('',(5.32273052813991,-1.79072918338945,-6.1785889474717));
#7794=CARTESIAN_POINT('',(5.41209440296674,0.149787040434465,0.546469482521947));
#7795=CARTESIAN_POINT('',(5.40114522399778,-0.218231201463546,7.43663948702826));
#7796=CARTESIAN_POINT('',(-5.93812562550525,0.275091425505556,7.44496961805842));
#7797=CARTESIAN_POINT('',(5.47961912707809,1.58390381234105,7.53301995136898));
#7798=CARTESIAN_POINT('',(-5.85965172242493,2.07722643931015,7.54135008239913));
#7799=CARTESIAN_POINT('',(5.6383114445715,5.25346115531626,6.23406086315572));
#7800=CARTESIAN_POINT('',(-5.70095940493152,5.74678378228536,6.24239099418587));
#7801=CARTESIAN_POINT('',(5.74431827504965,7.7792313372173,0.954501832006821));
#7802=CARTESIAN_POINT('',(-5.59495257445337,8.2725539641864,0.962831963036978));
#7803=CARTESIAN_POINT('',(5.6554712524244,5.83022790051854,-4.56437376303787));
#7804=CARTESIAN_POINT('',(-5.68379959707862,6.32355052748764,-4.55604363200771));
#7805=CARTESIAN_POINT('',(5.50151748502458,2.31994029633565,-6.24732005787037));
#7806=CARTESIAN_POINT('',(-5.83775336447844,2.81326292330475,-6.23898992684021));
#7807=CARTESIAN_POINT('',(5.42304358194427,0.51780528253105,-6.34370052221108));
#7808=CARTESIAN_POINT('',(-5.91622726755876,1.01112790950015,-6.33537039118092));
#7809=CARTESIAN_POINT('',(24.9207421365245,-0.330455244844876,-6.35802405189539));
#7810=CARTESIAN_POINT('',(5.42304358194411,0.517805282525705,-6.343700522111));
#7811=CARTESIAN_POINT('',(-5.91622726755889,1.01112790949481,-6.33537039108084));
#7812=CARTESIAN_POINT('',(-5.92717644653198,0.643109667502887,0.554799613438704));
#7813=CARTESIAN_POINT('',(-5.93812562550508,0.2750914255109,7.44496961795835));
#7814=CARTESIAN_POINT('',(24.8988437785783,-1.06649172882877,7.42231595714381));
#7815=CARTESIAN_POINT('',(5.41209440296668,0.149787040431803,0.54646948259848));
#7816=CARTESIAN_POINT('',(-6.95156608925018,-0.918366468312811,-7.01051990716666));
#7817=CARTESIAN_POINT('',(-6.77733666830918,3.08277184121152,-6.79653395977336));
#7818=CARTESIAN_POINT('',(-7.08313244585807,-0.912642585223414,-7.01042325500769));
#7819=CARTESIAN_POINT('',(-6.90890302491707,3.08849572430092,-6.7964373076144));
#7820=CARTESIAN_POINT('',(-7.21395576204659,-0.909865254864919,-6.95583655032105));
#7821=CARTESIAN_POINT('',(-7.03972634110559,3.09127305465942,-6.74185060292776));
#7822=CARTESIAN_POINT('',(-7.30669303270224,-0.910827255350591,-6.86234135495389));
#7823=CARTESIAN_POINT('',(-7.13246361176124,3.09031105417374,-6.6483554075606));
#7824=CARTESIAN_POINT('',(-7.21467901738056,1.16379554515638,-6.75306989691318));
#7825=CARTESIAN_POINT('',(-7.13186883361375,3.0666091407073,-6.65132851505325));
#7826=CARTESIAN_POINT('',(-7.30373696019927,-0.887111272472883,-6.86249668999336));
#7827=CARTESIAN_POINT('',(-6.79364146007112,2.70833607373317,-6.81655925913656));
#7828=CARTESIAN_POINT('',(-6.8535160540248,2.7109409583302,-6.81651527366093));
#7829=CARTESIAN_POINT('',(-6.87159775473763,2.72896553463698,-6.8097807751292));
#7830=CARTESIAN_POINT('',(-7.00635176050451,2.82104473246735,-6.77237962214805));
#7831=CARTESIAN_POINT('',(-7.08423441817436,2.95209852523227,-6.70998613133505));
#7832=CARTESIAN_POINT('',(-7.13183334906812,3.06660572310645,-6.65129307021025));
#7833=CARTESIAN_POINT('',(-6.86122745369085,1.15623937962279,-6.89956735729301));
#7834=CARTESIAN_POINT('',(-7.30398778159932,-0.887088169564997,-6.8627506500941));
#7835=CARTESIAN_POINT('',(-7.26249193185739,-0.804631530214538,-6.89623251972218));
#7836=CARTESIAN_POINT('',(-7.23911891526894,-0.738321313988586,-6.92191236450764));
#7837=CARTESIAN_POINT('',(-7.04281475824474,-0.559349391625364,-6.98444116520042));
#7838=CARTESIAN_POINT('',(-6.99575257924904,-0.540099722680418,-6.99038611411249));
#7839=CARTESIAN_POINT('',(-6.93520917432026,-0.542733704350057,-6.99043059091453));
#7840=CARTESIAN_POINT('',(-4.15274444418491,5.763416893444,0.831105573478015));
#7841=CARTESIAN_POINT('',(-5.70127922979984,5.83078694382304,0.832243168464521));
#7842=CARTESIAN_POINT('',(-4.1505841920927,5.83602618945624,-0.528311803769679));
#7843=CARTESIAN_POINT('',(-5.69911897770762,5.90339623983528,-0.527174208783172));
#7844=CARTESIAN_POINT('',(-4.19516241825309,4.85811365195601,-3.29635922540827));
#7845=CARTESIAN_POINT('',(-5.74369720386801,4.92548370233505,-3.29522163042177));
#7846=CARTESIAN_POINT('',(-4.36949610696128,0.883135331153783,-5.20151119343646));
#7847=CARTESIAN_POINT('',(-5.91803089257621,0.950505381532821,-5.20037359844995));
#7848=CARTESIAN_POINT('',(-4.54919378837686,-3.27213478786102,-3.73117521534693));
#7849=CARTESIAN_POINT('',(-6.09772857399178,-3.20476473748198,-3.73003762036042));
#7850=CARTESIAN_POINT('',(-4.60237862555699,-4.53932836318405,-1.08319891382118));
#7851=CARTESIAN_POINT('',(-6.15091341117192,-4.47195831280501,-1.08206131883467));
#7852=CARTESIAN_POINT('',(-4.60453887764921,-4.61193765919629,0.276218463426518));
#7853=CARTESIAN_POINT('',(-6.15307366326413,-4.54456760881725,0.277356058413025));
#7854=CARTESIAN_POINT('',(-5.05189367454241,5.80253498720175,0.831766112501853));
#7855=CARTESIAN_POINT('',(-5.7012792298003,5.83078694381232,0.832243168463948));
#7856=CARTESIAN_POINT('',(-5.92717644653198,0.643109667502921,0.554799613438767));
#7857=CARTESIAN_POINT('',(-6.15307366326366,-4.54456760880653,0.277356058413586));
#7858=CARTESIAN_POINT('',(-5.50368810800576,-4.57281956541709,0.276879002451519));
#7859=CARTESIAN_POINT('',(7.30821401925165,-1.9592160277634,-6.25105705804862));
#7860=CARTESIAN_POINT('',(5.49941491164269,-1.8805230025003,-6.2497282659443));
#7861=CARTESIAN_POINT('',(7.31075277893161,-1.89952765179994,-6.33004054590474));
#7862=CARTESIAN_POINT('',(5.50195367132265,-1.82083462653684,-6.32871175380043));
#7863=CARTESIAN_POINT('',(7.31222407100739,-1.86407006283224,-6.42711603993297));
#7864=CARTESIAN_POINT('',(5.50342496339843,-1.78537703756914,-6.42578724782865));
#7865=CARTESIAN_POINT('',(7.31238122031916,-1.85878803999007,-6.5260079729638));
#7866=CARTESIAN_POINT('',(5.50358211271019,-1.78009501472697,-6.52467918085949));
#7867=CARTESIAN_POINT('',(5.31661545232094,-1.87257018871897,-6.24959397658222));
#7868=CARTESIAN_POINT('',(5.51020279204556,-1.88099632755887,-6.24975329364447));
#7869=CARTESIAN_POINT('',(6.26821505444874,-1.9139701712906,-6.2502930470497));
#7870=CARTESIAN_POINT('',(5.5101852203716,-1.88098981843813,-6.24976244464832));
#7871=CARTESIAN_POINT('',(5.58196841140301,-1.81669077479413,-6.34186387954668));
#7872=CARTESIAN_POINT('',(5.64887332087101,-1.79428595580949,-6.41698038119686));
#7873=CARTESIAN_POINT('',(5.75099866504744,-1.79085903872341,-6.52486093964987));
#7874=CARTESIAN_POINT('',(5.75099866503384,-1.79085903872632,-6.52486093966284));
#7875=CARTESIAN_POINT('',(5.32078265338836,-1.77214220094678,-6.52454489149751));
#7876=CARTESIAN_POINT('',(7.31238122031911,-1.85878803999108,-6.52600797296388));
#7877=CARTESIAN_POINT('',(7.31238122031915,-1.85878803999007,-6.52600797296379));
#7878=CARTESIAN_POINT('',(7.31232924451467,-1.86053502432878,-6.49330030330924));
#7879=CARTESIAN_POINT('',(7.31213700268727,-1.86550317167322,-6.46076571952305));
#7880=CARTESIAN_POINT('',(7.31180818588086,-1.87359709357321,-6.4290288857525));
#7881=CARTESIAN_POINT('',(7.31180602619932,-1.87364652171259,-6.42904151390697));
#7882=CARTESIAN_POINT('',(8.19498981224128,-1.91201328334477,-6.42970596818723));
#7883=CARTESIAN_POINT('',(6.27180951397757,-1.82834402722879,-6.4282931486072));
#7884=CARTESIAN_POINT('',(6.25066136929262,-2.31235730622457,-6.55192122686329));
#7885=CARTESIAN_POINT('',(-6.48077008995513,4.5004018515187,-6.52540613325765));
#7886=CARTESIAN_POINT('',(-6.65721668161093,4.51305696537169,-6.61871448437151));
#7887=CARTESIAN_POINT('',(-6.64549619120882,4.45727622592684,-6.64844335814703));
#7888=CARTESIAN_POINT('',(-6.59916014946677,4.36854324921071,-6.67979174609212));
#7889=CARTESIAN_POINT('',(-6.48804550786838,4.3350693320887,-6.63771030198831));
#7890=CARTESIAN_POINT('',(-6.65703970994095,4.51304471316338,-6.61862062094165));
#7891=CARTESIAN_POINT('',(-6.65211147878212,4.59735536586351,-6.56065020413766));
#7892=CARTESIAN_POINT('',(-6.66246258551105,4.57051595776476,-6.58416059651252));
#7893=CARTESIAN_POINT('',(-6.66398367524654,4.54526276873023,-6.60155009283577));
#7894=CARTESIAN_POINT('',(-6.65721668299974,4.51305696382556,-6.61871448195496));
#7895=CARTESIAN_POINT('',(-6.65211146499588,4.59735538194458,-6.5606502269161));
#7896=CARTESIAN_POINT('',(-6.47676364602342,4.59546252271197,-6.7013249133821));
#7897=CARTESIAN_POINT('',(-6.57936850615825,4.63224185430262,-6.68378734675269));
#7898=CARTESIAN_POINT('',(-6.63246512885034,4.61473385956904,-6.60835539723763));
#7899=CARTESIAN_POINT('',(-6.652111464997,4.59735538194488,-6.56065022691643));
#7900=CARTESIAN_POINT('',(-6.4807700899553,4.50040185151469,-6.52540613325921));
#7901=CARTESIAN_POINT('',(6.36119636834789,0.10849571933368,0.5457722467717));
#7902=CARTESIAN_POINT('',(6.60524527305692,5.79363039906687,-3.92822039487619));
#7903=CARTESIAN_POINT('',(6.60568667127205,5.80151213016268,-3.79414115935089));
#7904=CARTESIAN_POINT('',(6.61072895700669,5.9110674643062,-3.41843058520051));
#7905=CARTESIAN_POINT('',(6.61710906481005,6.05310913507545,-3.14551768971377));
#7906=CARTESIAN_POINT('',(6.62106676626125,6.14153186217289,-2.99467773003076));
#7907=CARTESIAN_POINT('',(6.36119636835102,0.108495719395989,0.545772247349167));
#7908=CARTESIAN_POINT('',(6.25803036922909,-2.15096710453548,-6.07874166196169));
#7909=CARTESIAN_POINT('',(6.2506613692925,-2.31235730622931,-6.55192122686685));
#7910=CARTESIAN_POINT('',(6.36119636834319,0.10849571923092,0.545772246891718));
#7911=CARTESIAN_POINT('',(6.13108130275456,-5.24011213251382,4.05738830720029));
#7912=CARTESIAN_POINT('',(6.36119636835131,0.108495719413337,0.545772246775592));
#7913=CARTESIAN_POINT('',(6.56565140084015,4.74369227365676,4.35407335030077));
#7914=CARTESIAN_POINT('',(6.57927605939807,5.05257667543461,4.60785434844974));
#7915=CARTESIAN_POINT('',(6.57480027495377,4.96486557535402,3.70963779310538));
#7916=CARTESIAN_POINT('',(6.61183565398646,5.8209273032269,3.4262776886629));
#7917=CARTESIAN_POINT('',(6.59617681536859,5.46403973844964,3.24631639593032));
#7918=CARTESIAN_POINT('',(6.36119636834537,0.1084957192763,0.54577224674176));
#7919=CARTESIAN_POINT('',(6.39937250043547,1.08599521653226,-5.37647762700444));
#7920=CARTESIAN_POINT('',(6.40191651590168,1.15113470823002,-5.77112984684341));
#7921=CARTESIAN_POINT('',(6.37040002603513,0.417844386508669,-5.24596485847644));
#7922=CARTESIAN_POINT('',(6.34067214830205,-0.255328012723134,-5.8463492555477));
#7923=CARTESIAN_POINT('',(6.34195441117059,-0.232597908421973,-5.44699765836591));
#7924=CARTESIAN_POINT('',(6.36119636834354,0.108495719234828,0.545772246692407));
#7925=CARTESIAN_POINT('',(6.11856520376799,-5.50420033218784,2.65972101701882));
#7926=CARTESIAN_POINT('',(6.10239652974385,-5.87822422566177,2.8005922386987));
#7927=CARTESIAN_POINT('',(6.13838880405503,-5.05722280385492,3.1736438056943));
#7928=CARTESIAN_POINT('',(-5.92717644653198,0.643109667502921,0.554799613438711));
#7929=CARTESIAN_POINT('',(-5.92717644653198,0.643109667502855,0.554799613438704));
#7930=CARTESIAN_POINT('',(-5.92717644653198,0.643109667502921,0.554799613438767));
#7931=CARTESIAN_POINT('',(5.41209440297099,0.14978704053376,0.546469482408593));
#7932=CARTESIAN_POINT('',(5.41209440296694,0.149787040441947,0.546469482328362));
#7933=CARTESIAN_POINT('',(5.42129806065821,0.459135707708743,-5.24526762283947));
#7934=CARTESIAN_POINT('',(5.41209440296814,0.149787040469064,0.5464694823606));
#7935=CARTESIAN_POINT('',(5.62569830957687,5.00615689655409,3.7103350287423));
#7936=CARTESIAN_POINT('',(5.4120944029748,0.149787040624132,0.546469482236927));
#7937=CARTESIAN_POINT('',(5.18928683867813,-5.01593148265496,3.17434104133114));
#7938=CARTESIAN_POINT('',(5.41209440297099,0.149787040533753,0.546469482408586));
#7939=CARTESIAN_POINT('',(-4.27873619087735,0.571393162260692,0.553588625227266));
#7940=CARTESIAN_POINT('',(-4.27873619087735,0.571393162260695,0.553588625227266));
#7941=CARTESIAN_POINT('',(-4.27873619087735,0.571393162260688,0.553588625227322));
#7942=CARTESIAN_POINT('',(-4.26117845341011,7.53092156087119,-3.1252338797138));
#7943=CARTESIAN_POINT('',(-4.24133981146597,7.54586222135479,-3.60146936009891));
#7944=CARTESIAN_POINT('',(-4.22080060475711,7.56094627344932,-4.09377313077753));
#7945=CARTESIAN_POINT('',(-4.20003861299858,7.57420850440717,-4.59164300292156));
#7946=CARTESIAN_POINT('',(-4.33461076809123,7.48746267622729,-3.12367552465086));
#7947=CARTESIAN_POINT('',(-4.31440947476717,7.50231704406819,-3.59916803516679));
#7948=CARTESIAN_POINT('',(-4.29347807803456,7.5173121825786,-4.09063533367016));
#7949=CARTESIAN_POINT('',(-4.27231045150572,7.5304868398716,-4.58768477997699));
#7950=CARTESIAN_POINT('',(-4.61861334847547,7.31122980637961,-3.11811334511168));
#7951=CARTESIAN_POINT('',(-4.59698517869269,7.32575904593987,-3.59074775035864));
#7952=CARTESIAN_POINT('',(-4.57450621682805,7.34041795193959,-4.07899965842337));
#7953=CARTESIAN_POINT('',(-4.55173592244503,7.35326378949493,-4.57290101148358));
#7954=CARTESIAN_POINT('',(-4.89019389697559,7.10945696205925,-3.11489250279621));
#7955=CARTESIAN_POINT('',(-4.86709994145931,7.12371644038622,-3.58489690355256));
#7956=CARTESIAN_POINT('',(-4.84301299885654,7.13809087297356,-4.07020060122965));
#7957=CARTESIAN_POINT('',(-4.81856911242196,7.15066897497778,-4.56124013093416));
#7958=CARTESIAN_POINT('',(-5.08438759149838,6.94412489567479,-3.11423424536869));
#7959=CARTESIAN_POINT('',(-5.0601779252404,6.95822694390468,-3.58248645464464));
#7960=CARTESIAN_POINT('',(-5.0348558570742,6.97243060324027,-4.06583426474541));
#7961=CARTESIAN_POINT('',(-5.00912134433868,6.98485687493721,-4.55499468765854));
#7962=CARTESIAN_POINT('',(-4.34110547184681,7.48568617508147,-3.8468104886824));
#7963=CARTESIAN_POINT('',(-4.1699678513602,7.5926734965109,-3.67743747943888));
#7964=CARTESIAN_POINT('',(-4.2580370521386,7.53741255297963,-3.29189114846557));
#7965=CARTESIAN_POINT('',(-4.4310631401348,7.42659200662652,-3.13028736138934));
#7966=CARTESIAN_POINT('',(-4.34110547184682,7.48568617508146,-3.84681048868239));
#7967=CARTESIAN_POINT('',(-4.43106314013481,7.42659200662655,-3.13028736138936));
#7968=CARTESIAN_POINT('',(-5.0095790291863,6.98463566725348,-4.54629482072551));
#7969=CARTESIAN_POINT('',(-4.92815767908542,7.05736407213034,-4.45619854884961));
#7970=CARTESIAN_POINT('',(-4.80155633300698,7.17171645228657,-4.31503335806286));
#7971=CARTESIAN_POINT('',(-4.41072380628071,7.44454366848368,-3.91471341507387));
#7972=CARTESIAN_POINT('',(-4.3519593592484,7.47890082691028,-3.8575524609382));
#7973=CARTESIAN_POINT('',(-4.34110547184683,7.48568617508147,-3.84681048868238));
#7974=CARTESIAN_POINT('',(-5.00957902918629,6.9846356672535,-4.54629482072549));
#7975=CARTESIAN_POINT('',(-5.03199453551363,6.97332664598322,-4.11957596547544));
#7976=CARTESIAN_POINT('',(-5.02456984026543,6.97721573274549,-4.26116118085026));
#7977=CARTESIAN_POINT('',(-5.01709219556905,6.98100100113959,-4.4034778428689));
#7978=CARTESIAN_POINT('',(-5.00957902918629,6.9846356672535,-4.54629482072549));
#7979=CARTESIAN_POINT('',(-5.03199453551363,6.97332664598322,-4.11957596547544));
#7980=CARTESIAN_POINT('',(-4.43106314013479,7.42659200662653,-3.13028736138938));
#7981=CARTESIAN_POINT('',(-4.6279865650799,7.30212755427969,-3.45487805467772));
#7982=CARTESIAN_POINT('',(-4.83016351968272,7.15382560262278,-3.78528958386953));
#7983=CARTESIAN_POINT('',(-5.03199453551365,6.97332664598321,-4.11957596547542));
#7984=CARTESIAN_POINT('',(-5.03251708864885,6.9730527136427,-4.10961067828662));
#7985=CARTESIAN_POINT('',(-5.00314293244476,6.98846337134564,-4.66981301007363));
#7986=CARTESIAN_POINT('',(-4.97293304240106,7.00226515125004,-5.24155668150802));
#7987=CARTESIAN_POINT('',(-4.94296770691169,7.01155807585298,-5.81051467056462));
#7988=CARTESIAN_POINT('',(-5.22423213565824,6.80738380548979,-4.10509686372045));
#7989=CARTESIAN_POINT('',(-5.19341243806687,6.82260912368793,-4.6631036457997));
#7990=CARTESIAN_POINT('',(-5.16165686941001,6.83623772067449,-5.23264014270126));
#7991=CARTESIAN_POINT('',(-5.1301443607267,6.84541944812362,-5.79981221009446));
#7992=CARTESIAN_POINT('',(-5.59171519199026,6.4458617717163,-4.1004833164735));
#7993=CARTESIAN_POINT('',(-5.55791079739611,6.46081874708016,-4.65465601850529));
#7994=CARTESIAN_POINT('',(-5.52294678942304,6.47421341125989,-5.22038533363284));
#7995=CARTESIAN_POINT('',(-5.48822075692191,6.48332269188287,-5.7845792781884));
#7996=CARTESIAN_POINT('',(-5.92561432265774,6.0312620387408,-4.10524052931864));
#7997=CARTESIAN_POINT('',(-5.88879061830349,6.04630382541336,-4.65663420300289));
#7998=CARTESIAN_POINT('',(-5.8505530822946,6.05984453078784,-5.2196895044036));
#7999=CARTESIAN_POINT('',(-5.81253878495847,6.06933006284287,-5.7820013256014));
#8000=CARTESIAN_POINT('',(-6.11156107205001,5.77403739989491,-4.11095182273663));
#8001=CARTESIAN_POINT('',(-6.07299685103183,5.78927652018655,-4.66100438218958));
#8002=CARTESIAN_POINT('',(-6.03286521001058,5.80306039167216,-5.2227967568929));
#8003=CARTESIAN_POINT('',(-5.99294370002216,5.8129427920523,-5.7842972970078));
#8004=CARTESIAN_POINT('',(-6.13910384316012,5.73520518770489,-4.11188285445392));
#8005=CARTESIAN_POINT('',(-6.10028017242313,5.7504777073345,-4.66174250264685));
#8006=CARTESIAN_POINT('',(-6.05986599810179,5.76430209292296,-5.22335409479601));
#8007=CARTESIAN_POINT('',(-6.01965987713948,5.77424848244025,-5.78474104667424));
#8008=CARTESIAN_POINT('',(-6.16637145799498,5.69602871514147,-4.11289130829394));
#8009=CARTESIAN_POINT('',(-6.12728945800016,5.71133871650164,-4.66256566992805));
#8010=CARTESIAN_POINT('',(-6.08659378481511,5.72520796632001,-5.22400450673933));
#8011=CARTESIAN_POINT('',(-6.04610396297153,5.73522316936384,-5.78528551662135));
#8012=CARTESIAN_POINT('',(-6.04096570159384,5.74367700167603,-5.77518295893747));
#8013=CARTESIAN_POINT('',(-5.90384192242459,5.96031117583636,-5.60345229209229));
#8014=CARTESIAN_POINT('',(-5.54662442744569,6.45244771293405,-5.16167375221834));
#8015=CARTESIAN_POINT('',(-5.23929755218537,6.77944302763628,-4.80048837656085));
#8016=CARTESIAN_POINT('',(-5.0095790291863,6.98463566725348,-4.5462948207255));
#8017=CARTESIAN_POINT('',(-6.04096570159383,5.74367700167603,-5.77518295893747));
#8018=CARTESIAN_POINT('',(-5.03199453551365,6.97332664598322,-4.11957596547542));
#8019=CARTESIAN_POINT('',(-5.41665707325131,6.62929458950197,-4.75810859111882));
#8020=CARTESIAN_POINT('',(-5.75154904216555,6.21003319615105,-5.309006697918));
#8021=CARTESIAN_POINT('',(-6.04096570159385,5.74367700167601,-5.77518295893746));
#8022=CARTESIAN_POINT('',(-5.03199453551365,6.97332664598324,-4.11957596547544));
#8023=CARTESIAN_POINT('',(-5.65523146764507,6.41958582496187,-5.15120735546759));
#8024=CARTESIAN_POINT('',(-6.21755988473006,5.58922970573952,-6.08163965859476));
#8025=CARTESIAN_POINT('',(-6.66886667515124,4.51219780155617,-6.75461193233939));
#8026=CARTESIAN_POINT('',(-5.19929694273349,6.82993179738089,-3.91037664020002));
#8027=CARTESIAN_POINT('',(-5.82397140253785,6.23084100418102,-4.88651753411423));
#8028=CARTESIAN_POINT('',(-6.35574966579976,5.38042116738822,-5.74982619908251));
#8029=CARTESIAN_POINT('',(-6.77574922685567,4.33066600369634,-6.36422766153225));
#8030=CARTESIAN_POINT('',(-5.46161153058199,6.80064104885907,-3.70580879207696));
#8031=CARTESIAN_POINT('',(-6.14519162819457,6.19010185068013,-4.63255165565594));
#8032=CARTESIAN_POINT('',(-6.72519125627175,5.333915061788,-5.44507890883728));
#8033=CARTESIAN_POINT('',(-7.17691527755603,4.29927610998291,-6.01751416562291));
#8034=CARTESIAN_POINT('',(-5.72186694323525,6.89629364765674,-3.58157419026103));
#8035=CARTESIAN_POINT('',(-6.46572482808819,6.31611860235106,-4.50972041717511));
#8036=CARTESIAN_POINT('',(-7.10035298313611,5.47952698175805,-5.35191027414481));
#8037=CARTESIAN_POINT('',(-7.59309295996545,4.43988020439968,-5.95583614944412));
#8038=CARTESIAN_POINT('',(-6.65123563650095,4.59686268903386,-6.56047263965143));
#8039=CARTESIAN_POINT('',(-6.60333134267988,4.70358108596439,-6.5006516154816));
#8040=CARTESIAN_POINT('',(-6.50625740530667,4.91013089147588,-6.37816977188384));
#8041=CARTESIAN_POINT('',(-6.36103705114189,5.19393336022427,-6.19209774498074));
#8042=CARTESIAN_POINT('',(-6.23296993933072,5.42550327472826,-6.02628403007825));
#8043=CARTESIAN_POINT('',(-6.13312018059094,5.59368973824701,-5.8959480468752));
#8044=CARTESIAN_POINT('',(-6.08827361605253,5.66767332642798,-5.83747120522801));
#8045=CARTESIAN_POINT('',(-6.04097338881936,5.74327967912099,-5.77522868094816));
#8046=CARTESIAN_POINT('',(-6.04085313805439,5.74347324943427,-5.77503520969131));
#8047=CARTESIAN_POINT('',(-6.85904782550966,4.38283522612616,-6.39323145317053));
#8048=CARTESIAN_POINT('',(-6.76727241613295,4.47168121559855,-6.42970583958858));
#8049=CARTESIAN_POINT('',(-6.69681319135072,4.54294730655904,-6.48527358431234));
#8050=CARTESIAN_POINT('',(-6.65123563650095,4.59686268903386,-6.56047263965143));
#8051=CARTESIAN_POINT('',(-6.85893115315578,4.38274402693471,-6.39315963164019));
#8052=CARTESIAN_POINT('',(-6.34064617746146,6.06937002738136,-4.67681462015126));
#8053=CARTESIAN_POINT('',(-6.38347410384039,5.95126667327577,-4.81730345791735));
#8054=CARTESIAN_POINT('',(-6.4496249823372,5.75994935376795,-5.03896699964563));
#8055=CARTESIAN_POINT('',(-6.53533891022187,5.49723630828434,-5.32918069704637));
#8056=CARTESIAN_POINT('',(-6.61299545206621,5.24717330919258,-5.5917056787875));
#8057=CARTESIAN_POINT('',(-6.6472740536358,5.13525644205647,-5.70394698232968));
#8058=CARTESIAN_POINT('',(-6.72939014530871,4.86215538163964,-5.97086144629259));
#8059=CARTESIAN_POINT('',(-6.80261025501373,4.5995550630858,-6.21039577102018));
#8060=CARTESIAN_POINT('',(-6.85904782550966,4.38283522612616,-6.39323145317053));
#8061=CARTESIAN_POINT('',(-6.34074637079435,6.0698731369638,-4.67720702041136));
#8062=CARTESIAN_POINT('',(-6.1596841353219,6.51286127973199,-4.1334061299287));
#8063=CARTESIAN_POINT('',(-6.2210835503851,6.3790560341724,-4.30266177584238));
#8064=CARTESIAN_POINT('',(-6.28186405305918,6.23146907443663,-4.48399108100412));
#8065=CARTESIAN_POINT('',(-6.34064617746146,6.06937002738136,-4.67681462015126));
#8066=CARTESIAN_POINT('',(-6.15969102239531,6.51270080457903,-4.13327748672899));
#8067=CARTESIAN_POINT('',(-6.01869355386771,6.65037661034941,-3.9539861903251));
#8068=CARTESIAN_POINT('',(-5.87275050819278,6.77827346414628,-3.76971911714462));
#8069=CARTESIAN_POINT('',(-5.7218669432318,6.89629364773701,-3.58157419031416));
#8070=CARTESIAN_POINT('',(-5.72186694323529,6.89629364765667,-3.58157419026109));
#8071=CARTESIAN_POINT('',(-5.03199522225456,6.97332603766232,-4.11957693165193));
#8072=CARTESIAN_POINT('',(-5.19929763358053,6.82993118682276,-3.91037757600954));
#8073=CARTESIAN_POINT('',(-5.46161224986772,6.80064044480334,-3.70580971142949));
#8074=CARTESIAN_POINT('',(-5.72186769282408,6.89629306301171,-3.58157512555804));
#8075=CARTESIAN_POINT('',(-4.41272505843976,7.43812279849366,-3.10005467507951));
#8076=CARTESIAN_POINT('',(-4.62502790698859,7.30531777854177,-3.45017517776351));
#8077=CARTESIAN_POINT('',(-4.83313254759816,7.1511703791989,-3.79020709166873));
#8078=CARTESIAN_POINT('',(-5.03199453551363,6.97332664598322,-4.11957596547544));
#8079=CARTESIAN_POINT('',(-4.57153156001305,7.33721558805333,-2.94218886125258));
#8080=CARTESIAN_POINT('',(-4.78897465982574,7.19114645106155,-3.27594063734007));
#8081=CARTESIAN_POINT('',(-5.00085014824561,7.02353937058603,-3.59944509952551));
#8082=CARTESIAN_POINT('',(-5.20010104758273,6.83169513034433,-3.9109193667213));
#8083=CARTESIAN_POINT('',(-4.7799721710884,7.31656712920162,-2.78478101738669));
#8084=CARTESIAN_POINT('',(-5.01439395419316,7.16827416476075,-3.10290917190105));
#8085=CARTESIAN_POINT('',(-5.24430690045189,6.99777961706622,-3.41086533362014));
#8086=CARTESIAN_POINT('',(-5.46218861804666,6.80242973119083,-3.70652855967785));
#8087=CARTESIAN_POINT('',(-4.98572376567983,7.38136063411757,-2.6673439351749));
#8088=CARTESIAN_POINT('',(-5.23704321949411,7.24320149390815,-2.98030107037998));
#8089=CARTESIAN_POINT('',(-5.48485081108997,7.08214617620177,-3.28533080511106));
#8090=CARTESIAN_POINT('',(-5.72186694323529,6.89629364765667,-3.58157419026109));
#8091=CARTESIAN_POINT('',(-4.48662457058285,7.39457233479325,-3.08850444266664));
#8092=CARTESIAN_POINT('',(-4.62062357447749,7.32423420857464,-3.01141629858706));
#8093=CARTESIAN_POINT('',(-4.754155210097,7.30792239370846,-2.88859229700581));
#8094=CARTESIAN_POINT('',(-4.8598936976963,7.35232752706248,-2.74388224068237));
#8095=CARTESIAN_POINT('',(-4.48657718151397,7.39448720798365,-3.08849974119471));
#8096=CARTESIAN_POINT('',(-4.8598654004666,7.35203311000785,-2.74377121787905));
#8097=CARTESIAN_POINT('',(-4.431062993666,7.42659177688526,-3.13028736215018));
#8098=CARTESIAN_POINT('',(-4.44815404004323,7.41564122887023,-3.11387505971353));
#8099=CARTESIAN_POINT('',(-4.46670474981219,7.40502855332395,-3.09996409511901));
#8100=CARTESIAN_POINT('',(-4.48662457058285,7.39457233479325,-3.08850444266662));
#8101=CARTESIAN_POINT('',(-5.72186694323183,6.89629364773697,-3.58157419031423));
#8102=CARTESIAN_POINT('',(-5.53367047366121,7.04386499410699,-3.34634986733295));
#8103=CARTESIAN_POINT('',(-5.31049821901153,7.19760247852947,-3.07109783193499));
#8104=CARTESIAN_POINT('',(-5.05294255358564,7.34380818346528,-2.75096821995313));
#8105=CARTESIAN_POINT('',(-5.0529489785603,7.34381048437771,-2.75096410167718));
#8106=CARTESIAN_POINT('',(-4.8598936976963,7.35232752706248,-2.74388224068237));
#8107=CARTESIAN_POINT('',(-4.92202334874329,7.34663896887707,-2.74313404315073));
#8108=CARTESIAN_POINT('',(-5.04791693470545,7.34464551990483,-2.74882703846921));
#8109=CARTESIAN_POINT('',(-5.05294218834248,7.34381053055092,-2.75096896151581));
#8110=CARTESIAN_POINT('',(-6.15996593829284,6.50654410068158,-4.14096199829153));
#8111=CARTESIAN_POINT('',(-5.08600527161874,6.45982071746083,-4.14175095846308));
#8112=CARTESIAN_POINT('',(-6.14466826531017,6.85092061472179,-3.71170937868345));
#8113=CARTESIAN_POINT('',(-5.07070759863607,6.80419723150105,-3.712498338855));
#8114=CARTESIAN_POINT('',(-6.13140580093888,7.14787362424223,-3.24436538237213));
#8115=CARTESIAN_POINT('',(-5.05744513426477,7.10115024102149,-3.24515434254368));
#8116=CARTESIAN_POINT('',(-6.12049779745669,7.39025491590806,-2.75017985185549));
#8117=CARTESIAN_POINT('',(-5.04653713078259,7.34353153268732,-2.75096881202704));
#8118=CARTESIAN_POINT('',(-6.12049779745975,7.39025491583613,-2.75017985182013));
#8119=CARTESIAN_POINT('',(-5.7646481911601,7.37477343868326,-2.75044126843915));
#8120=CARTESIAN_POINT('',(-5.40879858486038,7.35929196153051,-2.7507026850582));
#8121=CARTESIAN_POINT('',(-5.0529489785603,7.34381048437771,-2.75096410167718));
#8122=CARTESIAN_POINT('',(-6.12049779745975,7.39025491583613,-2.75017985182013));
#8123=CARTESIAN_POINT('',(-6.41069354175622,0.664145404858326,0.555154818158368));
#8124=CARTESIAN_POINT('',(-2.30755380065539,6.8852113027759,-6.40648631615637));
#8125=CARTESIAN_POINT('',(-2.30755380065537,6.8852113027759,-6.40648631615638));
#8126=CARTESIAN_POINT('',(-7.24317098122842,-1.26949500424705,-6.83682781999215));
#8127=CARTESIAN_POINT('',(-7.22407583891175,-1.16107871037909,-6.86589400030056));
#8128=CARTESIAN_POINT('',(-7.18202934538414,-0.981600999036348,-6.90984616301735));
#8129=CARTESIAN_POINT('',(-7.10472596007631,-0.76926741391221,-6.95386648573429));
#8130=CARTESIAN_POINT('',(-7.03282901683998,-0.64090830382556,-6.97799045088048));
#8131=CARTESIAN_POINT('',(-6.97406651200771,-0.585022971386659,-6.98790212912151));
#8132=CARTESIAN_POINT('',(-6.93711709565003,-0.586630480668706,-6.98792927314892));
#8133=CARTESIAN_POINT('',(-7.28784552647969,-1.26186314657599,-6.83830768477053));
#8134=CARTESIAN_POINT('',(-7.26400055229719,-1.15251403954202,-6.86750320013989));
#8135=CARTESIAN_POINT('',(-7.21403638467152,-0.972305962909664,-6.91156291353762));
#8136=CARTESIAN_POINT('',(-7.12569082626975,-0.760037970820994,-6.9554249327094));
#8137=CARTESIAN_POINT('',(-7.04449388580822,-0.632059374992287,-6.97942967526419));
#8138=CARTESIAN_POINT('',(-6.97843776417658,-0.576542238411424,-6.98929583764275));
#8139=CARTESIAN_POINT('',(-6.93675811516763,-0.57835553965568,-6.98932645662541));
#8140=CARTESIAN_POINT('',(-7.36542596589685,-1.24134038637478,-6.81376689793203));
#8141=CARTESIAN_POINT('',(-7.3335981105728,-1.13229350559983,-6.84890289455688));
#8142=CARTESIAN_POINT('',(-7.26993700387528,-0.953094283399315,-6.90077837466804));
#8143=CARTESIAN_POINT('',(-7.16236799101148,-0.742685138213318,-6.95176274265075));
#8144=CARTESIAN_POINT('',(-7.06491148713109,-0.616153649588845,-6.97948177306407));
#8145=CARTESIAN_POINT('',(-6.98608002306469,-0.561546939574125,-6.99082039124685));
#8146=CARTESIAN_POINT('',(-6.93612252686497,-0.563720374144028,-6.99085709135692));
#8147=CARTESIAN_POINT('',(-7.41255798554195,-1.21617180809321,-6.75149295081973));
#8148=CARTESIAN_POINT('',(-7.38152235050576,-1.10906573064639,-6.797884522704));
#8149=CARTESIAN_POINT('',(-7.31512214836921,-0.932485293669165,-6.86742510168442));
#8150=CARTESIAN_POINT('',(-7.19565329679229,-0.724826083813561,-6.93688842693674));
#8151=CARTESIAN_POINT('',(-7.08469356862749,-0.600073667362771,-6.97501771428302));
#8152=CARTESIAN_POINT('',(-6.99360343858256,-0.546490005144162,-6.99072401712431));
#8153=CARTESIAN_POINT('',(-6.93548284902592,-0.549018580596787,-6.99076671406082));
#8154=CARTESIAN_POINT('',(-7.42462507295964,-1.20593142867388,-6.72139044605263));
#8155=CARTESIAN_POINT('',(-7.39603579947748,-1.0995764085721,-6.77228966933634));
#8156=CARTESIAN_POINT('',(-7.33133533151905,-0.923968342974766,-6.84981361404234));
#8157=CARTESIAN_POINT('',(-7.20890601170073,-0.717316079880212,-6.92863762114587));
#8158=CARTESIAN_POINT('',(-7.0929892423118,-0.593233074713417,-6.97229459364035));
#8159=CARTESIAN_POINT('',(-6.99679153491635,-0.54005452221328,-6.99038535086852));
#8160=CARTESIAN_POINT('',(-6.93520917432026,-0.542733704350064,-6.99043059091439));
#8161=CARTESIAN_POINT('',(-6.93711709565071,-0.586630480682814,-6.98792927323265));
#8162=CARTESIAN_POINT('',(-6.99358291630331,-0.585460823877981,-6.98767095087913));
#8163=CARTESIAN_POINT('',(-7.13779099066768,-0.814556507732123,-6.94626634086882));
#8164=CARTESIAN_POINT('',(-7.17212672103936,-0.959430790898612,-6.91392477373337));
#8165=CARTESIAN_POINT('',(-7.19900500958945,-1.06347132863722,-6.88905584147284));
#8166=CARTESIAN_POINT('',(-6.93711709565003,-0.586630480668706,-6.98792927314892));
#8167=CARTESIAN_POINT('',(-7.19900500831444,-1.0634713289584,-6.88905584133287));
#8168=CARTESIAN_POINT('',(-7.3453545950192,-1.16465861847925,-6.82256126378124));
#8169=CARTESIAN_POINT('',(-7.31206873979747,-1.14426815814709,-6.84869520948641));
#8170=CARTESIAN_POINT('',(-7.26330938373179,-1.11098120885772,-6.87712663858728));
#8171=CARTESIAN_POINT('',(-7.19900500831447,-1.06347132895888,-6.88905584133479));
#8172=CARTESIAN_POINT('',(-7.42462507296073,-1.20593142867381,-6.72139044605309));
#8173=CARTESIAN_POINT('',(-7.38633601447122,-1.06349221671698,-6.78955878683065));
#8174=CARTESIAN_POINT('',(-7.3394914322496,-0.957637695971791,-6.83410371255845));
#8175=CARTESIAN_POINT('',(-7.30398785246165,-0.887088310375968,-6.8627505929172));
#8176=CARTESIAN_POINT('',(-6.93552654182546,-0.553400899772031,-6.7907155183075));
#8177=CARTESIAN_POINT('',(-6.89062655944627,4.24161673152167,-5.47309796274693));
#8178=CARTESIAN_POINT('',(-6.85993110772836,4.25144686523091,-5.81912813169876));
#8179=CARTESIAN_POINT('',(-6.82904925985081,4.2603416910979,-6.16680265617839));
#8180=CARTESIAN_POINT('',(-6.79857133299224,4.26787983040305,-6.51367559263758));
#8181=CARTESIAN_POINT('',(-6.97865599001117,4.04188321040024,-5.48593877009232));
#8182=CARTESIAN_POINT('',(-6.94733844384679,4.05224307992857,-5.8320572135989));
#8183=CARTESIAN_POINT('',(-6.91581822377648,4.06171751530836,-6.1799000487953));
#8184=CARTESIAN_POINT('',(-6.88470233702748,4.06990492463433,-6.52706114695939));
#8185=CARTESIAN_POINT('',(-7.06101507088188,3.83803767520151,-5.5007391977308));
#8186=CARTESIAN_POINT('',(-7.02911823419719,3.8490111902231,-5.84702251738948));
#8187=CARTESIAN_POINT('',(-6.9970015191368,3.85915191140388,-6.19510721698776));
#8188=CARTESIAN_POINT('',(-6.9652868549227,3.8680780399489,-6.5426242597897));
#8189=CARTESIAN_POINT('',(-7.21646081217326,3.41747109462979,-5.53486554685998));
#8190=CARTESIAN_POINT('',(-7.18349832761717,3.42988325628633,-5.88162677644051));
#8191=CARTESIAN_POINT('',(-7.15027908706406,3.44157484647866,-6.23033839715565));
#8192=CARTESIAN_POINT('',(-7.11745051608049,3.45220355964654,-6.57870183773361));
#8193=CARTESIAN_POINT('',(-7.28918102783606,3.20054680645193,-5.55431749847201));
#8194=CARTESIAN_POINT('',(-7.25573562223485,3.2137899297857,-5.90139619484877));
#8195=CARTESIAN_POINT('',(-7.22201372750381,3.22637222829367,-6.25049707749506));
#8196=CARTESIAN_POINT('',(-7.1886731944963,3.23797107464979,-6.59935479775951));
#8197=CARTESIAN_POINT('',(-7.35554631350489,2.98115762094296,-5.57594473934609));
#8198=CARTESIAN_POINT('',(-7.32168894322794,2.9953441957248,-5.92340900793021));
#8199=CARTESIAN_POINT('',(-7.28753430892526,3.00893230513206,-6.27296278423351));
#8200=CARTESIAN_POINT('',(-7.25374751149284,3.021618242345,-6.62237175176134));
#8201=CARTESIAN_POINT('',(-6.88899051047245,4.07142100499092,-6.43617254685));
#8202=CARTESIAN_POINT('',(-6.87039829561987,4.11363799480237,-6.44803712401971));
#8203=CARTESIAN_POINT('',(-6.81602469943607,4.23428972753208,-6.47933685386015));
#8204=CARTESIAN_POINT('',(-6.80499522619229,4.25823982120625,-6.48579250561194));
#8205=CARTESIAN_POINT('',(-6.88899051047244,4.07142100499093,-6.43617254685));
#8206=CARTESIAN_POINT('',(-6.8049952261923,4.25823982120625,-6.48579250561196));
#8207=CARTESIAN_POINT('',(-7.01785897472638,3.74439935488728,-6.45958598783732));
#8208=CARTESIAN_POINT('',(-7.00345131366581,3.78603077959228,-6.44123443920971));
#8209=CARTESIAN_POINT('',(-6.98752070503435,3.8295800891984,-6.4289517428287));
#8210=CARTESIAN_POINT('',(-6.95293298315337,3.91944193710491,-6.41642445846056));
#8211=CARTESIAN_POINT('',(-6.93432975555603,3.96546644038499,-6.41664197614258));
#8212=CARTESIAN_POINT('',(-6.90656478192847,4.03111519335526,-6.42623134307509));
#8213=CARTESIAN_POINT('',(-6.8977838389774,4.0514541606506,-6.43056110542399));
#8214=CARTESIAN_POINT('',(-6.88899051047244,4.07142100499093,-6.43617254685));
#8215=CARTESIAN_POINT('',(-7.01785897472638,3.74439935488728,-6.45958598783732));
#8216=CARTESIAN_POINT('',(-7.01785897472638,3.74439935488728,-6.45958598783732));
#8217=CARTESIAN_POINT('',(-7.02832644635983,3.71415324100882,-6.47291877751653));
#8218=CARTESIAN_POINT('',(-7.03878641425042,3.68354563139634,-6.4861693482352));
#8219=CARTESIAN_POINT('',(-7.04923541062976,3.65256814481283,-6.49932819966861));
#8220=CARTESIAN_POINT('',(-7.04923541062976,3.65256814481283,-6.49932819966861));
#8221=CARTESIAN_POINT('',(-7.19069833559586,3.23507447216031,-6.56038848396733));
#8222=CARTESIAN_POINT('',(-7.15516420961413,3.33125760113606,-6.60489999324597));
#8223=CARTESIAN_POINT('',(-7.1008028092124,3.49968950080299,-6.56426914826482));
#8224=CARTESIAN_POINT('',(-7.04923541062978,3.65256814481283,-6.49932819966858));
#8225=CARTESIAN_POINT('',(-7.19069833559585,3.2350744721603,-6.56038848396732));
#8226=CARTESIAN_POINT('',(-7.19069833559585,3.2350744721603,-6.56038848396732));
#8227=CARTESIAN_POINT('',(-7.19369036148255,3.22694922733973,-6.55674409188581));
#8228=CARTESIAN_POINT('',(-7.19661351513477,3.21901704946278,-6.55305228140282));
#8229=CARTESIAN_POINT('',(-7.21474888528077,3.16987138161209,-6.52929227649801));
#8230=CARTESIAN_POINT('',(-7.23093836440526,3.12619652560106,-6.5040774007578));
#8231=CARTESIAN_POINT('',(-7.25182875495633,3.07270063356415,-6.45791163281986));
#8232=CARTESIAN_POINT('',(-7.25883387708824,3.05537350284689,-6.43959601923393));
#8233=CARTESIAN_POINT('',(-7.26872601687027,3.03331540982751,-6.40451130108333));
#8234=CARTESIAN_POINT('',(-7.27223650498997,3.02630527080098,-6.38895294181227));
#8235=CARTESIAN_POINT('',(-7.27744716294312,3.01866458165471,-6.35578000892276));
#8236=CARTESIAN_POINT('',(-7.27903850700284,3.01811492046066,-6.33915670805844));
#8237=CARTESIAN_POINT('',(-7.27994365331969,3.02194388630847,-6.31461700357666));
#8238=CARTESIAN_POINT('',(-7.28001627001809,3.0237888039551,-6.30704433647393));
#8239=CARTESIAN_POINT('',(-7.27990742632784,3.02616564932928,-6.29964271478767));
#8240=CARTESIAN_POINT('',(-7.27990742632784,3.02616564932928,-6.29964271478767));
#8241=CARTESIAN_POINT('',(-7.27990742632784,3.02616564932928,-6.29964271478767));
#8242=CARTESIAN_POINT('',(-7.27851767627056,3.05651394959778,-6.20513650927557));
#8243=CARTESIAN_POINT('',(-7.27715390318319,3.0862624799978,-6.11047182489625));
#8244=CARTESIAN_POINT('',(-7.27581634928875,3.11540648032169,-6.01569647773266));
#8245=CARTESIAN_POINT('',(-6.89325771077276,4.23457479278891,-5.47971759802496));
#8246=CARTESIAN_POINT('',(-6.88312524590687,4.23764834280328,-5.59485808100073));
#8247=CARTESIAN_POINT('',(-6.8730258721427,4.24059985177877,-5.70958973578739));
#8248=CARTESIAN_POINT('',(-6.85341359653777,4.24609038493174,-5.93264015747533));
#8249=CARTESIAN_POINT('',(-6.84470429503332,4.24842517707232,-6.03180432070777));
#8250=CARTESIAN_POINT('',(-6.83650424762018,4.25054284911358,-6.12533836284557));
#8251=CARTESIAN_POINT('',(-6.82661513936021,4.2530967231365,-6.23813871900072));
#8252=CARTESIAN_POINT('',(-6.81746639564287,4.2553354082426,-6.34275067407195));
#8253=CARTESIAN_POINT('',(-6.80754067886303,4.25765251815733,-6.45658038428534));
#8254=CARTESIAN_POINT('',(-6.80626262054758,4.25794853831374,-6.47124418148878));
#8255=CARTESIAN_POINT('',(-6.8049952261923,4.25823982120625,-6.48579250561196));
#8256=CARTESIAN_POINT('',(-6.79174890637417,2.75171632641206,-6.80939025525498));
#8257=CARTESIAN_POINT('',(-6.80366159526707,2.75223459597774,-6.80938150387575));
#8258=CARTESIAN_POINT('',(-6.82686158797215,2.76019733926826,-6.80741575361624));
#8259=CARTESIAN_POINT('',(-6.8539892329351,2.78360706994646,-6.80110735337172));
#8260=CARTESIAN_POINT('',(-6.87624273385231,2.8113706226051,-6.79340292553549));
#8261=CARTESIAN_POINT('',(-6.93628575760101,2.91351614696925,-6.76442385474432));
#8262=CARTESIAN_POINT('',(-7.01728802361107,3.19749601629161,-6.67713321577271));
#8263=CARTESIAN_POINT('',(-7.04743459054941,3.47203007085807,-6.57492198070285));
#8264=CARTESIAN_POINT('',(-7.04923541062976,3.65256814481283,-6.49932819966861));
#8265=CARTESIAN_POINT('',(-6.79210205645147,2.74363735401464,-6.81166206674577));
#8266=CARTESIAN_POINT('',(-6.80553979757842,2.74422197200657,-6.81165219502251));
#8267=CARTESIAN_POINT('',(-6.83174871291747,2.75230858244867,-6.80968969197579));
#8268=CARTESIAN_POINT('',(-6.86252407631718,2.7758628446845,-6.80340513475354));
#8269=CARTESIAN_POINT('',(-6.8878776523488,2.80375497961006,-6.795732460479));
#8270=CARTESIAN_POINT('',(-6.95664250937574,2.90625264680309,-6.76683529912639));
#8271=CARTESIAN_POINT('',(-7.05231439603322,3.19131939903919,-6.67974955813763));
#8272=CARTESIAN_POINT('',(-7.09393736526537,3.46817362720988,-6.57700605798915));
#8273=CARTESIAN_POINT('',(-7.10368280137824,3.65237856021202,-6.5003598660143));
#8274=CARTESIAN_POINT('',(-6.7927303134282,2.72924860531873,-6.81474493689244));
#8275=CARTESIAN_POINT('',(-6.80883687663705,2.72994933221548,-6.81473310458118));
#8276=CARTESIAN_POINT('',(-6.84031931859825,2.7382040744907,-6.81259793761024));
#8277=CARTESIAN_POINT('',(-6.87749092091003,2.76183636888148,-6.80574306788756));
#8278=CARTESIAN_POINT('',(-6.90827874620143,2.78972391473581,-6.79735385745961));
#8279=CARTESIAN_POINT('',(-6.99239678637647,2.89200873622067,-6.76580186282061));
#8280=CARTESIAN_POINT('',(-7.11383067940453,3.17580504648548,-6.66977800281032));
#8281=CARTESIAN_POINT('',(-7.17591523773099,3.45168934233044,-6.55438553932303));
#8282=CARTESIAN_POINT('',(-7.19895280644713,3.63615721189657,-6.46421411021779));
#8283=CARTESIAN_POINT('',(-6.79336778587535,2.71462093826945,-6.81622313661628));
#8284=CARTESIAN_POINT('',(-6.81210617391799,2.71543616448077,-6.81620937089626));
#8285=CARTESIAN_POINT('',(-6.84878188938071,2.72380163122278,-6.8135498094804));
#8286=CARTESIAN_POINT('',(-6.89210927662063,2.747328888266,-6.80501071693221));
#8287=CARTESIAN_POINT('',(-6.92796202458523,2.77497662685321,-6.79456207637863));
#8288=CARTESIAN_POINT('',(-7.0257330531487,2.87612998263393,-6.75521912251065));
#8289=CARTESIAN_POINT('',(-7.16445082431259,3.1552311048777,-6.63558549437694));
#8290=CARTESIAN_POINT('',(-7.22767887290024,3.42408252306123,-6.49184196608572));
#8291=CARTESIAN_POINT('',(-7.24357481229342,3.60113751742494,-6.38178931352673));
#8292=CARTESIAN_POINT('',(-6.79364146058105,2.70833606202266,-6.81655925976266));
#8293=CARTESIAN_POINT('',(-6.81349594206911,2.70919984463228,-6.81654467413061));
#8294=CARTESIAN_POINT('',(-6.85237439722936,2.71760829000639,-6.81359722027358));
#8295=CARTESIAN_POINT('',(-6.89826433931902,2.7410765053299,-6.80413701918714));
#8296=CARTESIAN_POINT('',(-6.93616996879874,2.76860384818388,-6.7925714569263));
#8297=CARTESIAN_POINT('',(-7.03927505487058,2.86920288560441,-6.74902676606047));
#8298=CARTESIAN_POINT('',(-7.18283477105421,3.14607061032298,-6.6171960162823));
#8299=CARTESIAN_POINT('',(-7.2414407647156,3.41166690083143,-6.46092705782644));
#8300=CARTESIAN_POINT('',(-7.24997737479115,3.58549659322586,-6.34460693642375));
#8301=CARTESIAN_POINT('',(-7.04923541062763,3.65256814486404,-6.49932819979088));
#8302=CARTESIAN_POINT('',(-7.04762120600427,3.49073887782626,-6.56708834538974));
#8303=CARTESIAN_POINT('',(-7.02013348097493,3.24738829363599,-6.65796108698864));
#8304=CARTESIAN_POINT('',(-6.95225904650845,2.94965530180697,-6.75483027935089));
#8305=CARTESIAN_POINT('',(-6.86003664656762,2.75512008448647,-6.80921858780674));
#8306=CARTESIAN_POINT('',(-6.79174890637276,2.75171632644673,-6.80939025537849));
#8307=CARTESIAN_POINT('',(-6.79174890637417,2.75171632641206,-6.80939025525498));
#8308=CARTESIAN_POINT('',(-6.79395882808835,2.69766886659966,-6.61684418716061));
#8309=CARTESIAN_POINT('',(-7.13183340132661,3.06660590619455,-6.65129300020581));
#8310=CARTESIAN_POINT('',(-7.15252469271293,3.11644776505136,-6.62577272051368));
#8311=CARTESIAN_POINT('',(-7.17277396573112,3.17264035900873,-6.595643718031));
#8312=CARTESIAN_POINT('',(-7.19069812122251,3.23507403212593,-6.5603888685685));
#8313=CARTESIAN_POINT('',(0.377231680844122,6.49286979743299,-7.3595698873438));
#8314=CARTESIAN_POINT('',(-0.721728489592327,6.54068080092779,-7.3587625618695));
#8315=CARTESIAN_POINT('',(0.361281869099012,6.13098641655914,-7.63975456858868));
#8316=CARTESIAN_POINT('',(-0.737678301337437,6.17879742005395,-7.63894724311438));
#8317=CARTESIAN_POINT('',(0.344512569213549,5.74984583302252,-7.8950157731731));
#8318=CARTESIAN_POINT('',(-0.7544476012229,5.79765683651732,-7.8942084476988));
#8319=CARTESIAN_POINT('',(0.327081591059391,5.3530348242666,-8.12295132937787));
#8320=CARTESIAN_POINT('',(-0.771878579377057,5.4008458277614,-8.12214400390358));
#8321=CARTESIAN_POINT('',(-0.981855679573373,0.427960151618709,0.551166649122174));
#8322=CARTESIAN_POINT('',(-0.721728489596632,6.54068080082563,-7.35876256173731));
#8323=CARTESIAN_POINT('',(-0.7718785793807,5.40084582767514,-8.12214400375309));
#8324=CARTESIAN_POINT('',(0.477137150879429,6.48852334246767,-7.35964328043653));
#8325=CARTESIAN_POINT('',(0.377231680839769,6.49286979733082,-7.35956988721163));
#8326=CARTESIAN_POINT('',(0.117104490861339,0.380149148123697,0.550359323648771));
#8327=CARTESIAN_POINT('',(0.426987061095424,5.3486883693172,-8.12302472245233));
#8328=CARTESIAN_POINT('',(8.06605121941027,3.74719629817301,-6.1458888352583));
#8329=CARTESIAN_POINT('',(-0.825626108401721,4.13098428802552,-6.08212307547303));
#8330=CARTESIAN_POINT('',(0.272792359741748,4.06493685889475,-5.74032686661738));
#8331=CARTESIAN_POINT('',(-7.13183266045757,2.7665118995643,-6.80914042077536));
#8332=CARTESIAN_POINT('',(0.201633996404374,2.44746448602518,-6.81452778112403));
#8333=CARTESIAN_POINT('',(-7.11721422861665,3.10093602952995,-6.7151001711175));
#8334=CARTESIAN_POINT('',(0.216252428245302,2.78188861599083,-6.72048753146617));
#8335=CARTESIAN_POINT('',(-7.10285821971149,3.4289422854117,-6.59820340762423));
#8336=CARTESIAN_POINT('',(0.23060843715046,3.10989487187259,-6.6035907679729));
#8337=CARTESIAN_POINT('',(-7.08889771857562,3.74748994340918,-6.45953380100173));
#8338=CARTESIAN_POINT('',(0.244568938286331,3.42844252987006,-6.46492116135039));
#8339=CARTESIAN_POINT('',(0.117104490866608,0.380149148159595,0.55035932357404));
#8340=CARTESIAN_POINT('',(5.49662390850569,2.2171023782429,-6.8184176219221));
#8341=CARTESIAN_POINT('',(5.53955885038685,3.19808042206938,-6.46881100215022));
#8342=CARTESIAN_POINT('',(0.117104490868293,0.380149148281506,0.550359323330085));
#8343=CARTESIAN_POINT('',(0.217009960902176,0.37580269329874,0.550285930343761));
#8344=CARTESIAN_POINT('',(0.324917197849467,4.11264563032715,-5.73770496252951));
#8345=CARTESIAN_POINT('',(0.275529773634757,4.15709198828473,-7.47162408822821));
#8346=CARTESIAN_POINT('',(0.377042035957172,4.16035440175954,-5.7350830584417));
#8347=CARTESIAN_POINT('',(0.274620978797869,4.12649737999523,-6.89685021857549));
#8348=CARTESIAN_POINT('',(0.49997116598147,6.96353338450225,-4.40796348892755));
#8349=CARTESIAN_POINT('',(8.17498941940534,6.21670728575266,-4.10341114722125));
#8350=CARTESIAN_POINT('',(-3.23567930410264,6.71313612723782,-4.095028566795));
#8351=CARTESIAN_POINT('',(-1.7203099216527,6.64720895824333,-4.09614179620041));
#8352=CARTESIAN_POINT('',(-3.23567930410263,6.71313612723786,-4.09502856679496));
#8353=CARTESIAN_POINT('',(-3.23853537534789,6.67219586767243,-4.06417824096042));
#8354=CARTESIAN_POINT('',(-3.25143046814408,6.63267146621788,-4.03405605634743));
#8355=CARTESIAN_POINT('',(-3.27436458249118,6.59456292287421,-4.004662012956));
#8356=CARTESIAN_POINT('',(-1.72020986793959,6.64692586580373,-4.09593247673448));
#8357=CARTESIAN_POINT('',(-1.86371573952724,6.61659788271029,-4.06835418840846));
#8358=CARTESIAN_POINT('',(-2.00583793879695,6.58275604063594,-4.03818247868976));
#8359=CARTESIAN_POINT('',(-2.14657646574873,6.54540033958068,-4.00541734757838));
#8360=CARTESIAN_POINT('',(-6.27778033955979,5.48605418913528,-4.65517145945545));
#8361=CARTESIAN_POINT('',(-5.10748093093548,5.43513952396276,-4.6560311926383));
#8362=CARTESIAN_POINT('',(-6.24862191477259,6.14595738960031,-4.04412518874369));
#8363=CARTESIAN_POINT('',(-5.07832250614827,6.09504272442783,-4.04498492192657));
#8364=CARTESIAN_POINT('',(-6.22698202088603,6.63185315080565,-3.36259397410841));
#8365=CARTESIAN_POINT('',(-5.05668261226171,6.58093848563315,-3.36345370729129));
#8366=CARTESIAN_POINT('',(-6.21137130150179,6.97922337584793,-2.68450342971545));
#8367=CARTESIAN_POINT('',(-5.04107189287749,6.9283087106754,-2.68536316289827));
#8368=CARTESIAN_POINT('',(-6.21052795800798,6.99798948213988,-2.64787070105076));
#8369=CARTESIAN_POINT('',(-5.04022854938366,6.94707481696741,-2.6487304342336));
#8370=CARTESIAN_POINT('',(-6.20969622807701,7.01648433449139,-2.61098270968406));
#8371=CARTESIAN_POINT('',(-5.03939681945269,6.96556966931891,-2.61184244286691));
#8372=CARTESIAN_POINT('',(-6.20887642787676,7.03470070488169,-2.57384178051994));
#8373=CARTESIAN_POINT('',(-5.03857701925245,6.9837860397092,-2.5747015137028));
#8374=CARTESIAN_POINT('',(-5.04551555328069,6.9840879056603,-2.5746964166416));
#8375=CARTESIAN_POINT('',(-5.4309896667935,7.00085821698202,-2.57441323706864));
#8376=CARTESIAN_POINT('',(-5.81646378030604,7.01762852830362,-2.57413005749586));
#8377=CARTESIAN_POINT('',(-6.20193789381855,7.03439883962529,-2.57384687792314));
#8378=CARTESIAN_POINT('',(-6.20193789381855,7.03439883962529,-2.57384687792314));
#8379=CARTESIAN_POINT('',(-5.04551555328069,6.9840879056603,-2.5746964166416));
#8380=CARTESIAN_POINT('',(-6.27028516379195,5.49817665995381,-4.64364434068649));
#8381=CARTESIAN_POINT('',(-6.23983378529846,6.18729088150072,-4.00250315310536));
#8382=CARTESIAN_POINT('',(-6.21782959280955,6.68110754996014,-3.29416350773495));
#8383=CARTESIAN_POINT('',(-6.20193026755845,7.03439850749166,-2.57384688335472));
#8384=CARTESIAN_POINT('',(-6.2702942781753,5.49814215377923,-4.64360684570653));
#8385=CARTESIAN_POINT('',(-6.17947937294678,5.65143128091463,-4.49755419342004));
#8386=CARTESIAN_POINT('',(-5.98784868007972,5.95041180027588,-4.18624745481087));
#8387=CARTESIAN_POINT('',(-5.71192658764607,6.30954758166209,-3.72940049634608));
#8388=CARTESIAN_POINT('',(-5.51841477472109,6.52769013340274,-3.40180906306966));
#8389=CARTESIAN_POINT('',(-5.41682640419058,6.6366266217156,-3.22746179131589));
#8390=CARTESIAN_POINT('',(-5.30828472731215,6.74594483009775,-3.03895024784718));
#8391=CARTESIAN_POINT('',(-5.32101503544467,6.73279685385521,-3.06130147433365));
#8392=CARTESIAN_POINT('',(-5.23822265781729,6.81318468195862,-2.91796993137284));
#8393=CARTESIAN_POINT('',(-5.13759492881463,6.90628580577309,-2.74110210394455));
#8394=CARTESIAN_POINT('',(-5.04551555327775,6.98408790572846,-2.57469641667491));
#8395=CARTESIAN_POINT('',(-3.59934802617535,5.92856979487696,-4.07792936024338));
#8396=CARTESIAN_POINT('',(-4.03804965679938,6.3539511261796,-3.60590736743674));
#8397=CARTESIAN_POINT('',(-4.48829533860949,6.71670777479735,-3.083932417959));
#8398=CARTESIAN_POINT('',(-4.91376834797894,7.01033529502511,-2.5088603090361));
#8399=CARTESIAN_POINT('',(-3.56046074048697,5.94466682981255,-4.05730547100405));
#8400=CARTESIAN_POINT('',(-3.99385154570688,6.37078434660222,-3.58038037842737));
#8401=CARTESIAN_POINT('',(-4.43831744815428,6.73293822066011,-3.05379739675884));
#8402=CARTESIAN_POINT('',(-4.85725379552623,7.02401046728809,-2.47519580937246));
#8403=CARTESIAN_POINT('',(-3.52117223998316,5.97366500238418,-4.04793103695443));
#8404=CARTESIAN_POINT('',(-3.94916464246906,6.40541490492464,-3.5684392327546));
#8405=CARTESIAN_POINT('',(-4.38768576772344,6.7732840501476,-3.03921109540198));
#8406=CARTESIAN_POINT('',(-4.80024760535982,7.07030518214503,-2.45780376345675));
#8407=CARTESIAN_POINT('',(-3.49052186202778,6.00889253175403,-4.05196288950535));
#8408=CARTESIAN_POINT('',(-3.9167346097888,6.4480548262109,-3.57342043325232));
#8409=CARTESIAN_POINT('',(-4.35430714668911,6.82354596285615,-3.04525444836112));
#8410=CARTESIAN_POINT('',(-4.76787537730336,7.12881494534634,-2.46434975259735));
#8411=CARTESIAN_POINT('',(-3.5829541574825,6.10290575837703,-3.94763195166623));
#8412=CARTESIAN_POINT('',(-3.97547885108594,6.49751546692472,-3.50193669907333));
#8413=CARTESIAN_POINT('',(-4.37855182323211,6.84141752995924,-3.01121144131734));
#8414=CARTESIAN_POINT('',(-4.76787537728798,7.12881494533946,-2.46434975258278));
#8415=CARTESIAN_POINT('',(-3.58295415856318,6.10290575873297,-3.94763195080985));
#8416=CARTESIAN_POINT('',(-4.76787537730336,7.12881494534634,-2.46434975259735));
#8417=CARTESIAN_POINT('',(-4.86468060803234,6.97622794834899,-2.57482810216638));
#8418=CARTESIAN_POINT('',(-4.81640150686179,7.01253357146131,-2.49676455523353));
#8419=CARTESIAN_POINT('',(-4.78769874287795,7.07069380520025,-2.4708711988829));
#8420=CARTESIAN_POINT('',(-4.76787537730336,7.12881494534634,-2.46434975259735));
#8421=CARTESIAN_POINT('',(-4.86468729873229,6.97622085047245,-2.57482925790375));
#8422=CARTESIAN_POINT('',(-4.86468084463635,6.97622246438002,-2.57482540724668));
#8423=CARTESIAN_POINT('',(-4.77846919295506,6.91589589821775,-2.69001659238271));
#8424=CARTESIAN_POINT('',(-4.60142849253335,6.7899516646554,-2.92175651873647));
#8425=CARTESIAN_POINT('',(-4.263741980831,6.52195645299644,-3.33087999059377));
#8426=CARTESIAN_POINT('',(-4.11336330199097,6.39580648522931,-3.50582737118069));
#8427=CARTESIAN_POINT('',(-3.85064821872615,6.16840604124717,-3.80605293741243));
#8428=CARTESIAN_POINT('',(-3.66192238677418,5.98924421000216,-4.01060233818844));
#8429=CARTESIAN_POINT('',(-3.59934802617197,5.92856979495584,-4.07792936031132));
#8430=CARTESIAN_POINT('',(-3.59934802617535,5.92856979487696,-4.07792936024338));
#8431=CARTESIAN_POINT('',(-3.59934802617559,5.92856979487141,-4.0779293602386));
#8432=CARTESIAN_POINT('',(-3.58810019348898,6.00134281813756,-3.99288166528637));
#8433=CARTESIAN_POINT('',(-3.58309966819709,6.04442712918491,-3.97376133438438));
#8434=CARTESIAN_POINT('',(-3.58294821850888,6.10290565276282,-3.94763188705088));
#8435=CARTESIAN_POINT('',(-5.04551555328096,6.98408790566036,-2.57469641664138));
#8436=CARTESIAN_POINT('',(-5.4309896667935,7.00085821698202,-2.57441323706864));
#8437=CARTESIAN_POINT('',(-5.81646378030604,7.01762852830362,-2.57413005749586));
#8438=CARTESIAN_POINT('',(-6.20193789381855,7.03439883962529,-2.57384687792314));
#8439=CARTESIAN_POINT('',(-5.04427981559912,7.01154661485261,-2.51871149851676));
#8440=CARTESIAN_POINT('',(-5.42975392911165,7.02831692617422,-2.51842831894399));
#8441=CARTESIAN_POINT('',(-5.81522804262419,7.04508723749589,-2.51814513937124));
#8442=CARTESIAN_POINT('',(-6.20070215613669,7.06185754881754,-2.51786195979856));
#8443=CARTESIAN_POINT('',(-5.03939815058361,7.12234620220978,-2.43533006619462));
#8444=CARTESIAN_POINT('',(-5.42487226409615,7.13911651353144,-2.43504688662191));
#8445=CARTESIAN_POINT('',(-5.81034637760866,7.15588682485311,-2.43476370704918));
#8446=CARTESIAN_POINT('',(-6.19582049112119,7.17265713617471,-2.43448052747638));
#8447=CARTESIAN_POINT('',(-5.03364254675823,7.25530469851017,-2.47459523846963));
#8448=CARTESIAN_POINT('',(-5.41911666027075,7.27207500983182,-2.47431205889691));
#8449=CARTESIAN_POINT('',(-5.80459077378331,7.28884532115344,-2.47402887932412));
#8450=CARTESIAN_POINT('',(-6.19006488729581,7.30561563247509,-2.4737456997514));
#8451=CARTESIAN_POINT('',(-5.03170279302939,7.30061388796833,-2.51741034703644));
#8452=CARTESIAN_POINT('',(-5.41717690654196,7.31738419928993,-2.51712716746363));
#8453=CARTESIAN_POINT('',(-5.80265102005451,7.33415451061154,-2.51684398789098));
#8454=CARTESIAN_POINT('',(-6.188125133567,7.35092482193319,-2.51656080831827));
#8455=CARTESIAN_POINT('',(-6.20193789381855,7.03439883962529,-2.57384687792314));
#8456=CARTESIAN_POINT('',(-6.20067408338978,7.05963568294538,-2.52238082644127));
#8457=CARTESIAN_POINT('',(-6.13985849085056,7.15048001746348,-2.45712894946357));
#8458=CARTESIAN_POINT('',(-6.03215752464978,7.25914009883062,-2.4585029575206));
#8459=CARTESIAN_POINT('',(-5.93749263506835,7.33201337133545,-2.50919251359316));
#8460=CARTESIAN_POINT('',(-5.92673994545097,7.33955308301244,-2.51675282885425));
#8461=CARTESIAN_POINT('',(-5.92673994545097,7.33955308301246,-2.51675282885419));
#8462=CARTESIAN_POINT('',(-5.04551555328069,6.9840879056603,-2.5746964166416));
#8463=CARTESIAN_POINT('',(-5.04427981559742,7.01154661485248,-2.51871149851673));
#8464=CARTESIAN_POINT('',(-5.03939822745498,7.1223442530763,-2.43531927800156));
#8465=CARTESIAN_POINT('',(-5.03364254675648,7.25530469851015,-2.47459523846962));
#8466=CARTESIAN_POINT('',(-5.03170279302968,7.3006138879683,-2.51741034703643));
#8467=CARTESIAN_POINT('',(-5.03170279302968,7.3006138879683,-2.51741034703643));
#8468=CARTESIAN_POINT('',(-5.92673994545097,7.33955308301246,-2.51675282885419));
#8469=CARTESIAN_POINT('',(-5.63603107185768,7.32690559737541,-2.51696639135228));
#8470=CARTESIAN_POINT('',(-5.34532219826443,7.31425811173827,-2.5171799538503));
#8471=CARTESIAN_POINT('',(-5.03170279302968,7.3006138879683,-2.51741034703643));
#8472=CARTESIAN_POINT('',(-6.12049779745975,7.39025491583613,-2.75017985182013));
#8473=CARTESIAN_POINT('',(-5.7646481911601,7.37477343868326,-2.75044126843915));
#8474=CARTESIAN_POINT('',(-5.40879858486038,7.35929196153051,-2.7507026850582));
#8475=CARTESIAN_POINT('',(-5.05294897856067,7.34381048437773,-2.75096410167716));
#8476=CARTESIAN_POINT('',(-5.04531213468005,7.34347823833348,-2.75096971190647));
#8477=CARTESIAN_POINT('',(-5.03767529079946,7.34314599228917,-2.75097532213586));
#8478=CARTESIAN_POINT('',(-5.03003844691887,7.34281374624488,-2.75098093236525));
#8479=CARTESIAN_POINT('',(-6.11953879275314,7.4115644799452,-2.7067322813765));
#8480=CARTESIAN_POINT('',(-5.76368918645341,7.39608300279246,-2.70699369799551));
#8481=CARTESIAN_POINT('',(-5.40783958015376,7.38060152563959,-2.70725511461456));
#8482=CARTESIAN_POINT('',(-5.05198997385403,7.36512004848685,-2.70751653123361));
#8483=CARTESIAN_POINT('',(-5.04435312997341,7.36478780244261,-2.70752214146289));
#8484=CARTESIAN_POINT('',(-5.03671628609284,7.36445555639826,-2.70752775169224));
#8485=CARTESIAN_POINT('',(-5.02907944221224,7.36412331035394,-2.70753336192162));
#8486=CARTESIAN_POINT('',(-6.11911159597155,7.41986642143086,-2.61687001989044));
#8487=CARTESIAN_POINT('',(-5.76326198967184,7.40438494427812,-2.61713143650949));
#8488=CARTESIAN_POINT('',(-5.40741238337213,7.38890346712537,-2.61739285312851));
#8489=CARTESIAN_POINT('',(-5.05156277707242,7.37342198997257,-2.61765426974747));
#8490=CARTESIAN_POINT('',(-5.04392593319184,7.37308974392826,-2.61765987997686));
#8491=CARTESIAN_POINT('',(-5.03628908931122,7.37275749788403,-2.61766549020617));
#8492=CARTESIAN_POINT('',(-5.02865224543063,7.37242525183967,-2.61767110043551));
#8493=CARTESIAN_POINT('',(-6.1210331218233,7.37442699307359,-2.54152953753697));
#8494=CARTESIAN_POINT('',(-5.76518351552361,7.35894551592078,-2.54179095415596));
#8495=CARTESIAN_POINT('',(-5.40933390922389,7.34346403876803,-2.54205237077498));
#8496=CARTESIAN_POINT('',(-5.05348430292419,7.32798256161523,-2.54231378739395));
#8497=CARTESIAN_POINT('',(-5.04584745904359,7.32765031557092,-2.54231939762334));
#8498=CARTESIAN_POINT('',(-5.03821061516299,7.32731806952662,-2.54232500785274));
#8499=CARTESIAN_POINT('',(-5.0305737712824,7.32698582348234,-2.54233061808198));
#8500=CARTESIAN_POINT('',(-6.12216214357058,7.34805505755947,-2.51660926649136));
#8501=CARTESIAN_POINT('',(-5.76631253727089,7.33257358040666,-2.51687068311032));
#8502=CARTESIAN_POINT('',(-5.41046293097116,7.31709210325393,-2.51713209972934));
#8503=CARTESIAN_POINT('',(-5.05461332467145,7.30161062610118,-2.51739351634837));
#8504=CARTESIAN_POINT('',(-5.04697648079088,7.30127838005683,-2.51739912657771));
#8505=CARTESIAN_POINT('',(-5.03933963691028,7.30094613401251,-2.51740473680709));
#8506=CARTESIAN_POINT('',(-5.03170279302965,7.30061388796828,-2.51741034703643));
#8507=CARTESIAN_POINT('',(-5.05294897856067,7.34381048437773,-2.75096410167716));
#8508=CARTESIAN_POINT('',(-5.04959498671825,7.41833578106162,-2.5990162140537));
#8509=CARTESIAN_POINT('',(-5.04697227786955,7.30137436740563,-2.51748983413338));
#8510=CARTESIAN_POINT('',(-5.03170279302965,7.30061388796828,-2.51741034703643));
#8511=CARTESIAN_POINT('',(-6.12216214357058,7.34805505755947,-2.51660926649136));
#8512=CARTESIAN_POINT('',(-6.11952775949359,7.40958957375908,-2.57475656559779));
#8513=CARTESIAN_POINT('',(-6.11881953922318,7.427546653027,-2.67414660354377));
#8514=CARTESIAN_POINT('',(-6.12049779745975,7.39025491583613,-2.75017985182013));
#8515=CARTESIAN_POINT('',(-6.12216214357058,7.34805505755947,-2.51660926649136));
#8516=CARTESIAN_POINT('',(-5.92673994545097,7.33955308301242,-2.51675282885422));
#8517=CARTESIAN_POINT('',(-5.99188067815751,7.3423870745281,-2.51670497473327));
#8518=CARTESIAN_POINT('',(-6.05702141086405,7.34522106604379,-2.51665712061231));
#8519=CARTESIAN_POINT('',(-6.12216214357058,7.34805505755947,-2.51660926649136));
#8520=CARTESIAN_POINT('',(0.414645417960228,7.2950906078272,-3.93935715021234));
#8521=CARTESIAN_POINT('',(-6.38504333753968,7.59091565371915,-3.93436191735744));
#8522=CARTESIAN_POINT('',(0.381304793415301,6.54820111019961,-5.09190595450206));
#8523=CARTESIAN_POINT('',(-6.41838396208461,6.84402615609156,-5.08691072164715));
#8524=CARTESIAN_POINT('',(0.335371468667163,5.50862476061012,-6.05274007697969));
#8525=CARTESIAN_POINT('',(-6.46431728683275,5.80444980650207,-6.04774484412479));
#8526=CARTESIAN_POINT('',(0.282370305721791,4.30140184098151,-6.70629035372273));
#8527=CARTESIAN_POINT('',(-6.51731844977812,4.59722688687346,-6.70129512086783));
#8528=CARTESIAN_POINT('',(0.117104490951083,0.380149148489542,0.550359323287833));
#8529=CARTESIAN_POINT('',(0.383066800142873,6.58512544758299,-4.88011332443986));
#8530=CARTESIAN_POINT('',(8.17569346323745,6.24610196825624,-4.88583799598485));
#8531=CARTESIAN_POINT('',(-0.715893370293541,6.6329364510778,-4.87930599896555));
#8532=CARTESIAN_POINT('',(-0.930012913415545,6.31863083098952,-5.22809033454172));
#8533=CARTESIAN_POINT('',(-0.924238857531412,6.44908713656857,-5.09405447865744));
#8534=CARTESIAN_POINT('',(-0.851253508632004,6.50868499843602,-5.02790779960299));
#8535=CARTESIAN_POINT('',(-0.715893370293516,6.63293645107769,-4.87930599896542));
#8536=CARTESIAN_POINT('',(-0.930012913413977,6.31863083098947,-5.22809033454175));
#8537=CARTESIAN_POINT('',(-1.18166661965249,0.436653061377639,0.551313435506888));
#8538=CARTESIAN_POINT('',(-5.87054586014529,5.75506181879897,-5.92232269813278));
#8539=CARTESIAN_POINT('',(-6.09169561043738,5.39685053041418,-6.2120631236505));
#8540=CARTESIAN_POINT('',(-6.2938328902238,5.00886505984597,-6.47376976264168));
#8541=CARTESIAN_POINT('',(-6.47676364602053,4.59546252278062,-6.70132491350915));
#8542=CARTESIAN_POINT('',(-5.87054586013478,5.75506181873684,-5.92232269800638));
#8543=CARTESIAN_POINT('',(-4.87162522165757,6.98846942470082,-4.6698695544275));
#8544=CARTESIAN_POINT('',(-5.22938862762402,6.66065056368772,-5.08892772791847));
#8545=CARTESIAN_POINT('',(-5.56215001827613,6.25459153429986,-5.518276379599));
#8546=CARTESIAN_POINT('',(-5.87054586013117,5.75506181882186,-5.92232269811427));
#8547=CARTESIAN_POINT('',(-4.87162522166149,6.98846942460934,-4.66986955435258));
#8548=CARTESIAN_POINT('',(-4.87162522166149,6.98846942460934,-4.66986955435258));
#8549=CARTESIAN_POINT('',(-4.67018099305687,7.17305291324632,-4.43391235724817));
#8550=CARTESIAN_POINT('',(-4.45506568841863,7.33774377886799,-4.1947584567392));
#8551=CARTESIAN_POINT('',(-4.22757527080618,7.48360446746526,-3.95659319350489));
#8552=CARTESIAN_POINT('',(-4.22757527080618,7.48360446746526,-3.95659319350489));
#8553=CARTESIAN_POINT('',(-3.47709905415385,6.80261867205276,-4.8201295924749));
#8554=CARTESIAN_POINT('',(-3.80514862587029,7.12258403679416,-4.4640681908919));
#8555=CARTESIAN_POINT('',(-4.05574417634077,7.33881596174512,-4.16683124866582));
#8556=CARTESIAN_POINT('',(-4.22750047066099,7.48362978347989,-3.95654953166374));
#8557=CARTESIAN_POINT('',(-2.47534869145149,6.59857041416338,-5.00219403667498));
#8558=CARTESIAN_POINT('',(-2.42354181440956,6.60374080100081,-4.99408655513545));
#8559=CARTESIAN_POINT('',(-2.37107181730528,6.60515137607174,-4.99004843102327));
#8560=CARTESIAN_POINT('',(-2.31879641573479,6.60287709946518,-4.9900868339286));
#8561=CARTESIAN_POINT('',(-2.47534869145149,6.59857041416338,-5.00219403667498));
#8562=CARTESIAN_POINT('',(-2.47534869144756,6.59857041425497,-5.00219403675847));
#8563=CARTESIAN_POINT('',(-2.58854238885828,6.58450621866638,-5.02294438201881));
#8564=CARTESIAN_POINT('',(-2.72871910292342,6.5510213545394,-5.06611263978576));
#8565=CARTESIAN_POINT('',(-3.02355932518609,6.38368805265522,-5.25657827784856));
#8566=CARTESIAN_POINT('',(-3.21216955227532,5.91295011506677,-5.7203442623616));
#8567=CARTESIAN_POINT('',(-2.75885872175035,5.5225400724875,-6.00001145501533));
#8568=CARTESIAN_POINT('',(-2.36754961736386,5.49939721637531,-6.0049662387539));
#8569=CARTESIAN_POINT('',(-3.98967276474839,5.03203665248676,-6.38122225855471));
#8570=CARTESIAN_POINT('',(-3.82056169810807,5.0327069392317,-6.37617786756838));
#8571=CARTESIAN_POINT('',(-3.62606266194826,5.10159290718053,-6.32779529859176));
#8572=CARTESIAN_POINT('',(-3.36650941098786,5.52299034110029,-6.02985017383629));
#8573=CARTESIAN_POINT('',(-3.67878478310224,5.80004999148662,-5.81082415434882));
#8574=CARTESIAN_POINT('',(-3.9550327408832,5.81853002721989,-5.80528476570423));
#8575=CARTESIAN_POINT('',(-3.25763295080319,6.23721041531881,-4.09476676522232));
#8576=CARTESIAN_POINT('',(-3.59710073126014,6.57483475197433,-3.73716552406209));
#8577=CARTESIAN_POINT('',(-3.93813239906219,6.87965421739604,-3.35153716318359));
#8578=CARTESIAN_POINT('',(-4.26813214990319,7.14849911040699,-2.93671144294144));
#8579=CARTESIAN_POINT('',(-3.25602485866558,6.23909378995356,-4.09488316608412));
#8580=CARTESIAN_POINT('',(-3.59563485134696,6.57673658870098,-3.73730908458604));
#8581=CARTESIAN_POINT('',(-3.93680184512715,6.88155523220164,-3.3517001771195));
#8582=CARTESIAN_POINT('',(-4.26693461158969,7.15039333268274,-2.93688233681627));
#8583=CARTESIAN_POINT('',(-3.25441676652797,6.2409771645883,-4.09499956694587));
#8584=CARTESIAN_POINT('',(-3.59416897143378,6.57863842542764,-3.73745264510999));
#8585=CARTESIAN_POINT('',(-3.93547129119209,6.88345624700725,-3.35186319105542));
#8586=CARTESIAN_POINT('',(-4.26573707327619,7.15228755495848,-2.93705323069111));
#8587=CARTESIAN_POINT('',(-3.25280867439036,6.24286053922308,-4.09511596780761));
#8588=CARTESIAN_POINT('',(-3.59270309152061,6.58054026215429,-3.73759620563395));
#8589=CARTESIAN_POINT('',(-3.93414073725703,6.88535726181285,-3.35202620499137));
#8590=CARTESIAN_POINT('',(-4.2645395349627,7.15418177723425,-2.93722412456598));
#8591=CARTESIAN_POINT('',(-3.17672924280904,6.33196368718051,-4.10062293546987));
#8592=CARTESIAN_POINT('',(-3.52335177267995,6.67051685848199,-3.74438810692211));
#8593=CARTESIAN_POINT('',(-3.87119174030679,6.97529497275252,-3.35973845436777));
#8594=CARTESIAN_POINT('',(-4.20788355608139,7.24379813108441,-2.94530917675505));
#8595=CARTESIAN_POINT('',(-3.06619053205304,6.54090349760498,-4.18025622142422));
#8596=CARTESIAN_POINT('',(-3.42761797864316,6.87838197997019,-3.81978562916016));
#8597=CARTESIAN_POINT('',(-3.7889850528196,7.18062298068663,-3.43095570619772));
#8598=CARTESIAN_POINT('',(-4.13837348788918,7.44592310026622,-3.01121646972483));
#8599=CARTESIAN_POINT('',(-3.1032244930734,6.7989431021079,-4.44923202190345));
#8600=CARTESIAN_POINT('',(-3.4758312475529,7.13626499868996,-4.06908142859663));
#8601=CARTESIAN_POINT('',(-3.84739484276019,7.43677489725312,-3.6604244502766));
#8602=CARTESIAN_POINT('',(-4.20618875257024,7.69945367286117,-3.2206874542224));
#8603=CARTESIAN_POINT('',(-3.28858989979708,6.86503976344497,-4.69105034993286));
#8604=CARTESIAN_POINT('',(-3.65770554385196,7.20957877998193,-4.29739171616075));
#8605=CARTESIAN_POINT('',(-4.02700026468182,7.5171694099464,-3.87398324177446));
#8606=CARTESIAN_POINT('',(-4.38390752180679,7.78577003411885,-3.41850004737047));
#8607=CARTESIAN_POINT('',(-3.42977655213667,6.82400333573906,-4.79287667783329));
#8608=CARTESIAN_POINT('',(-3.7941546782853,7.17553693892332,-4.39848556147693));
#8609=CARTESIAN_POINT('',(-4.15986963401166,7.49062610263495,-3.97228610651183));
#8610=CARTESIAN_POINT('',(-4.51367662382314,7.76641721436485,-3.51290371376133));
#8611=CARTESIAN_POINT('',(-3.47709905415778,6.80261867196112,-4.82012959239617));
#8612=CARTESIAN_POINT('',(-3.83991861578636,7.15649718113314,-4.42632922570793));
#8613=CARTESIAN_POINT('',(-4.20442615273301,7.47431818888163,-4.00014225796837));
#8614=CARTESIAN_POINT('',(-4.55720298803971,7.75269032598062,-3.54017307157659));
#8615=CARTESIAN_POINT('',(-4.2645395349627,7.15418177723425,-2.93722412456598));
#8616=CARTESIAN_POINT('',(-4.23265510339338,7.17951203771974,-2.9534356403111));
#8617=CARTESIAN_POINT('',(-4.20365656082621,7.20645420747652,-2.97315562439199));
#8618=CARTESIAN_POINT('',(-4.17792367625364,7.23397906490697,-2.99614830509565));
#8619=CARTESIAN_POINT('',(-4.2645395349627,7.15418177723425,-2.93722412456598));
#8620=CARTESIAN_POINT('',(-4.17778813473922,7.23395695783754,-2.99602307479954));
#8621=CARTESIAN_POINT('',(-4.26453953494692,7.15418177722568,-2.93722412454786));
#8622=CARTESIAN_POINT('',(-3.98764125243859,6.92886867881665,-3.28486713100378));
#8623=CARTESIAN_POINT('',(-3.70446279771512,6.67950925628991,-3.61029678894288));
#8624=CARTESIAN_POINT('',(-3.42122652936129,6.40734388869561,-3.91578428329994));
#8625=CARTESIAN_POINT('',(-3.29477077676244,6.91245991307699,-4.44052649863735));
#8626=CARTESIAN_POINT('',(-3.24677296460445,6.89401979179301,-4.29039970550496));
#8627=CARTESIAN_POINT('',(-3.22995135964199,6.83285081022725,-4.1851512910122));
#8628=CARTESIAN_POINT('',(-3.23567930410261,6.71313612723869,-4.09502856679385));
#8629=CARTESIAN_POINT('',(-4.17792367625367,7.23397906490697,-2.99614830509562));
#8630=CARTESIAN_POINT('',(-4.09199745274413,7.32430743332558,-3.07320374021367));
#8631=CARTESIAN_POINT('',(-3.92921455251941,7.54580982084584,-3.41423899251465));
#8632=CARTESIAN_POINT('',(-4.08693262008008,7.55736521962045,-3.83454710099139));
#8633=CARTESIAN_POINT('',(-4.22749986214815,7.48368004686624,-3.95657971749146));
#8634=CARTESIAN_POINT('',(-4.774976734702,7.13727259504004,-2.45284475756369));
#8635=CARTESIAN_POINT('',(-4.83528031688367,5.76106571924602,-3.03922926769));
#8636=CARTESIAN_POINT('',(-4.34884603751676,7.28178282891673,-2.83582415266217));
#8637=CARTESIAN_POINT('',(-4.40914961969843,5.90557595312271,-3.42220866278848));
#8638=CARTESIAN_POINT('',(-3.87422164604534,7.40463881215612,-3.17296948380283));
#8639=CARTESIAN_POINT('',(-3.93452522822702,6.0284319363621,-3.75935399392914));
#8640=CARTESIAN_POINT('',(-3.36425037501466,7.50243750673749,-3.45494202485994));
#8641=CARTESIAN_POINT('',(-3.42455395719634,6.12623063094347,-4.04132653498625));
#8642=CARTESIAN_POINT('',(-4.76677262566406,7.1320116098415,-2.46400404962663));
#8643=CARTESIAN_POINT('',(-4.62295446231897,7.05054960081157,-2.65429130978789));
#8644=CARTESIAN_POINT('',(-4.44995251455508,7.05558961973649,-2.82032522261922));
#8645=CARTESIAN_POINT('',(-4.26453953494681,7.15418177722584,-2.93722412454788));
#8646=CARTESIAN_POINT('',(-4.76677262567912,7.13201160984582,-2.46400404964263));
#8647=CARTESIAN_POINT('',(-4.76677262567912,7.13201160984582,-2.46400404964263));
#8648=CARTESIAN_POINT('',(-4.76714026578728,7.13094453455663,-2.46410578724666));
#8649=CARTESIAN_POINT('',(-4.76750787241045,7.12987837015963,-2.46421588826211));
#8650=CARTESIAN_POINT('',(-4.76787537730336,7.12881494534634,-2.46434975259735));
#8651=CARTESIAN_POINT('',(-3.54265434632814,6.25164046640375,-3.90700004811225));
#8652=CARTESIAN_POINT('',(-3.56955490515764,6.19705858283214,-3.91385718136824));
#8653=CARTESIAN_POINT('',(-3.58079782896075,6.15722960358873,-3.92433348452013));
#8654=CARTESIAN_POINT('',(-3.58295415854783,6.10290575872264,-3.9476319507872));
#8655=CARTESIAN_POINT('',(-4.75437951101697,6.97142183576213,-2.57491029294893));
#8656=CARTESIAN_POINT('',(-4.75501989558776,6.97144969612483,-2.57490982250531));
#8657=CARTESIAN_POINT('',(-4.75566028015855,6.97147755648751,-2.57490935206172));
#8658=CARTESIAN_POINT('',(-4.7563006647293,6.97150541685026,-2.57490888161811));
#8659=CARTESIAN_POINT('',(-4.85270562757994,6.97569957978695,-2.57483805995916));
#8660=CARTESIAN_POINT('',(-4.94911059043057,6.9798937427237,-2.57476723830026));
#8661=CARTESIAN_POINT('',(-5.0455155532812,6.98408790566038,-2.57469641664143));
#8662=CARTESIAN_POINT('',(-4.75314377333514,6.99888054495435,-2.51892537482425));
#8663=CARTESIAN_POINT('',(-4.75378415790591,6.99890840531705,-2.51892490438066));
#8664=CARTESIAN_POINT('',(-4.75442454247668,6.99893626567976,-2.51892443393707));
#8665=CARTESIAN_POINT('',(-4.75506492704745,6.99896412604247,-2.51892396349343));
#8666=CARTESIAN_POINT('',(-4.85146988989813,7.00315828897915,-2.51885314183462));
#8667=CARTESIAN_POINT('',(-4.94787485274875,7.00735245191584,-2.51878232017566));
#8668=CARTESIAN_POINT('',(-5.04427981559938,7.01154661485258,-2.51871149851675));
#8669=CARTESIAN_POINT('',(-4.7482621851927,7.10967818317818,-2.4355331543091));
#8670=CARTESIAN_POINT('',(-4.74890256976348,7.1097060435409,-2.43553268386551));
#8671=CARTESIAN_POINT('',(-4.74954295433426,7.10973390390361,-2.43553221342193));
#8672=CARTESIAN_POINT('',(-4.75018333890503,7.10976176426631,-2.43553174297828));
#8673=CARTESIAN_POINT('',(-4.84658830175568,7.11395592720299,-2.43546092131944));
#8674=CARTESIAN_POINT('',(-4.94299326460632,7.11815009013969,-2.4353900996605));
#8675=CARTESIAN_POINT('',(-5.03939822745694,7.12234425307641,-2.43531927800159));
#8676=CARTESIAN_POINT('',(-4.74250650449425,7.24263862861191,-2.47480911477717));
#8677=CARTESIAN_POINT('',(-4.74314688906502,7.24266648897463,-2.47480864433358));
#8678=CARTESIAN_POINT('',(-4.7437872736358,7.24269434933732,-2.47480817388999));
#8679=CARTESIAN_POINT('',(-4.74442765820655,7.24272220970007,-2.47480770344639));
#8680=CARTESIAN_POINT('',(-4.84083262105722,7.24691637263676,-2.47473688178743));
#8681=CARTESIAN_POINT('',(-4.93723758390784,7.25111053557351,-2.47466606012853));
#8682=CARTESIAN_POINT('',(-5.03364254675845,7.2553046985102,-2.47459523846956));
#8683=CARTESIAN_POINT('',(-4.74056675076545,7.28794781807,-2.51762422334398));
#8684=CARTESIAN_POINT('',(-4.74120713533621,7.28797567843273,-2.51762375290037));
#8685=CARTESIAN_POINT('',(-4.74184751990697,7.28800353879547,-2.5176232824568));
#8686=CARTESIAN_POINT('',(-4.74248790447774,7.28803139915817,-2.51762281201327));
#8687=CARTESIAN_POINT('',(-4.8388928673284,7.29222556209487,-2.51755199035428));
#8688=CARTESIAN_POINT('',(-4.93529783017905,7.29641972503155,-2.5174811686953));
#8689=CARTESIAN_POINT('',(-5.03170279302968,7.3006138879683,-2.51741034703643));
#8690=CARTESIAN_POINT('',(-4.74026562254756,7.29498163647311,-2.52427085953787));
#8691=CARTESIAN_POINT('',(-4.74090600711833,7.29500949683582,-2.52427038909428));
#8692=CARTESIAN_POINT('',(-4.7415463916891,7.29503735719852,-2.52426991865068));
#8693=CARTESIAN_POINT('',(-4.74218677625988,7.29506521756123,-2.52426944820713));
#8694=CARTESIAN_POINT('',(-4.83859173911054,7.29925938049791,-2.52419862654815));
#8695=CARTESIAN_POINT('',(-4.93499670196116,7.30345354343467,-2.52412780488925));
#8696=CARTESIAN_POINT('',(-5.03140166481179,7.30764770637135,-2.5240569832303));
#8697=CARTESIAN_POINT('',(-4.73996449432969,7.30201545487618,-2.53091749573175));
#8698=CARTESIAN_POINT('',(-4.74060487890047,7.30204331523887,-2.53091702528814));
#8699=CARTESIAN_POINT('',(-4.74124526347124,7.30207117560157,-2.53091655484453));
#8700=CARTESIAN_POINT('',(-4.74188564804201,7.30209903596428,-2.53091608440098));
#8701=CARTESIAN_POINT('',(-4.83829061089266,7.30629319890096,-2.53084526274203));
#8702=CARTESIAN_POINT('',(-4.93469557374328,7.31048736183771,-2.53077444108311));
#8703=CARTESIAN_POINT('',(-5.0311005365939,7.31468152477446,-2.53070361942422));
#8704=CARTESIAN_POINT('',(-4.7396633661118,7.30904927327925,-2.53756413192564));
#8705=CARTESIAN_POINT('',(-4.74030375068258,7.30907713364195,-2.53756366148204));
#8706=CARTESIAN_POINT('',(-4.74094413525335,7.30910499400469,-2.53756319103843));
#8707=CARTESIAN_POINT('',(-4.74158451982412,7.3091328543674,-2.53756272059477));
#8708=CARTESIAN_POINT('',(-4.83798948267477,7.31332701730407,-2.53749189893596));
#8709=CARTESIAN_POINT('',(-4.93439444552541,7.31752118024076,-2.53742107727697));
#8710=CARTESIAN_POINT('',(-5.03079940837603,7.32171534317752,-2.53735025561809));
#8711=CARTESIAN_POINT('',(-4.73963828229774,7.30963518646317,-2.53811779304558));
#8712=CARTESIAN_POINT('',(-4.74027866686852,7.30966304682588,-2.53811732260198));
#8713=CARTESIAN_POINT('',(-4.74091905143929,7.3096909071886,-2.53811685215838));
#8714=CARTESIAN_POINT('',(-4.74155943601005,7.30971876755132,-2.53811638171476));
#8715=CARTESIAN_POINT('',(-4.83796439886071,7.31391293048801,-2.53804556005585));
#8716=CARTESIAN_POINT('',(-4.93436936171135,7.31810709342469,-2.53797473839697));
#8717=CARTESIAN_POINT('',(-5.03077432456199,7.3223012563614,-2.53790391673802));
#8718=CARTESIAN_POINT('',(-4.73961319848369,7.31022109964708,-2.53867145416552));
#8719=CARTESIAN_POINT('',(-4.74025358305446,7.31024896000979,-2.53867098372193));
#8720=CARTESIAN_POINT('',(-4.74089396762524,7.3102768203725,-2.53867051327834));
#8721=CARTESIAN_POINT('',(-4.741534352196,7.31030468073523,-2.53867004283472));
#8722=CARTESIAN_POINT('',(-4.83793931504665,7.31449884367193,-2.5385992211758));
#8723=CARTESIAN_POINT('',(-4.93434427789729,7.31869300660861,-2.5385283995169));
#8724=CARTESIAN_POINT('',(-5.03074924074793,7.32288716954531,-2.53845757785798));
#8725=CARTESIAN_POINT('',(-4.73958811466964,7.31080701283099,-2.53922511528548));
#8726=CARTESIAN_POINT('',(-4.74022849924041,7.3108348731937,-2.53922464484188));
#8727=CARTESIAN_POINT('',(-4.74086888381119,7.3108627335564,-2.53922417439829));
#8728=CARTESIAN_POINT('',(-4.74150926838196,7.31089059391912,-2.53922370395467));
#8729=CARTESIAN_POINT('',(-4.83791423123259,7.31508475685585,-2.53915288229575));
#8730=CARTESIAN_POINT('',(-4.93431919408323,7.31927891979254,-2.53908206063684));
#8731=CARTESIAN_POINT('',(-5.03072415693388,7.32347308272921,-2.53901123897794));
#8732=CARTESIAN_POINT('',(-4.75186372717364,7.30958005821673,-2.53755516921467));
#8733=CARTESIAN_POINT('',(-4.73726696758331,7.27387510611299,-2.50448914347518));
#8734=CARTESIAN_POINT('',(-4.74317453521891,7.19795283221442,-2.45776814909494));
#8735=CARTESIAN_POINT('',(-4.76677262284042,7.13201168949652,-2.46400490252963));
#8736=CARTESIAN_POINT('',(-4.75186394703932,7.30957509337914,-2.53756043322687));
#8737=CARTESIAN_POINT('',(-5.03170279302968,7.3006138879683,-2.51741034703643));
#8738=CARTESIAN_POINT('',(-4.90485352524202,7.29509521373663,-2.51750352326192));
#8739=CARTESIAN_POINT('',(-4.81157383662337,7.29808393715272,-2.52421846398825));
#8740=CARTESIAN_POINT('',(-4.75186372717364,7.30958005821673,-2.53755516921467));
#8741=CARTESIAN_POINT('',(-4.86468729873229,6.97622085047245,-2.57482925790375));
#8742=CARTESIAN_POINT('',(-4.92496338358196,6.9788432022017,-2.57478497748295));
#8743=CARTESIAN_POINT('',(-4.98523946843157,6.98146555393106,-2.57474069706215));
#8744=CARTESIAN_POINT('',(-5.04551555328069,6.9840879056603,-2.5746964166416));
#8745=CARTESIAN_POINT('',(-5.03338355334994,7.30052110598493,-2.51733012196865));
#8746=CARTESIAN_POINT('',(-4.75110064397311,7.28824019760462,-2.51753749452848));
#8747=CARTESIAN_POINT('',(-5.03307810700912,7.30765585112131,-2.52407580530738));
#8748=CARTESIAN_POINT('',(-4.7507951976323,7.29537494274101,-2.52428317786721));
#8749=CARTESIAN_POINT('',(-5.03277351637494,7.31477066475051,-2.53080593376762));
#8750=CARTESIAN_POINT('',(-4.75049060699812,7.3024897563702,-2.53101330632745));
#8751=CARTESIAN_POINT('',(-5.03246979201426,7.32186530188336,-2.53752038271666));
#8752=CARTESIAN_POINT('',(-4.75018688263743,7.30958439350306,-2.53772775527649));
#8753=CARTESIAN_POINT('',(-5.03170450615128,7.30057520320173,-2.51745134030628));
#8754=CARTESIAN_POINT('',(-4.93521488837249,7.29747879823255,-2.5185616383249));
#8755=CARTESIAN_POINT('',(-4.84193393008508,7.30049720252613,-2.52530600606062));
#8756=CARTESIAN_POINT('',(-4.75186589902794,7.30953101388716,-2.53760709718388));
#8757=CARTESIAN_POINT('',(-4.75186394703932,7.30957509337914,-2.53756043322687));
#8758=CARTESIAN_POINT('',(-4.75612803795033,7.30914725399841,-2.53697822481985));
#8759=CARTESIAN_POINT('',(-4.76039512809533,7.30873339325063,-2.53640910541864));
#8760=CARTESIAN_POINT('',(-4.86046748326071,7.29936391332245,-2.52338072492295));
#8761=CARTESIAN_POINT('',(-4.95769651238763,7.29739419480955,-2.5174647140255));
#8762=CARTESIAN_POINT('',(-5.05461332467118,7.30161062610114,-2.51739351634833));
#8763=CARTESIAN_POINT('',(-4.75901741801123,7.34108990918648,-2.56701504101776));
#8764=CARTESIAN_POINT('',(-4.76316304186907,7.3407213744287,-2.56649288965308));
#8765=CARTESIAN_POINT('',(-4.76731150706528,7.3403665435575,-2.56598358946206));
#8766=CARTESIAN_POINT('',(-4.8645987128584,7.33237221218333,-2.55434997509232));
#8767=CARTESIAN_POINT('',(-4.95906529130188,7.33156364416581,-2.54963502457223));
#8768=CARTESIAN_POINT('',(-5.05310796234146,7.33677320678662,-2.55062054440919));
#8769=CARTESIAN_POINT('',(-4.77229016315795,7.37822021476651,-2.63732557561307));
#8770=CARTESIAN_POINT('',(-4.77623127811536,7.37790056147006,-2.63696476954572));
#8771=CARTESIAN_POINT('',(-4.7801748663402,7.37759377283094,-2.63661662479037));
#8772=CARTESIAN_POINT('',(-4.87265458792764,7.37070613641393,-2.62875386370098));
#8773=CARTESIAN_POINT('',(-4.96236079289937,7.37054746684104,-2.62754289858419));
#8774=CARTESIAN_POINT('',(-5.05146130380339,7.37599465058891,-2.6318819947924));
#8775=CARTESIAN_POINT('',(-4.78217147914203,7.37093394603415,-2.71529827202832));
#8776=CARTESIAN_POINT('',(-4.78597237689246,7.37051532112008,-2.71507004028972));
#8777=CARTESIAN_POINT('',(-4.78977609945402,7.37010826754212,-2.71485404472716));
#8778=CARTESIAN_POINT('',(-4.87898765303464,7.36084137266588,-2.71007742800256));
#8779=CARTESIAN_POINT('',(-4.96576294687768,7.3577647642654,-2.71159204207323));
#8780=CARTESIAN_POINT('',(-5.05222972503036,7.35979265745961,-2.71837842384445));
#8781=CARTESIAN_POINT('',(-4.78528251429146,7.3601170817605,-2.74610050171986));
#8782=CARTESIAN_POINT('',(-4.78904072389576,7.35963549491413,-2.74590546504942));
#8783=CARTESIAN_POINT('',(-4.79280214324826,7.35916496200357,-2.74572226867624));
#8784=CARTESIAN_POINT('',(-4.88102868632354,7.34839853939005,-2.74170849584832));
#8785=CARTESIAN_POINT('',(-4.96702937320408,7.3436296305418,-2.74378871295688));
#8786=CARTESIAN_POINT('',(-5.05294897856035,7.34381048437774,-2.75096410167716));
#8787=CARTESIAN_POINT('',(-4.85986524484459,7.3520322036547,-2.74377013183446));
#8788=CARTESIAN_POINT('',(-4.85987132832353,7.35203358763453,-2.74376498288191));
#8789=CARTESIAN_POINT('',(-4.80904454473334,7.37451899088386,-2.65455947000389));
#8790=CARTESIAN_POINT('',(-4.80238512885225,7.36391054846494,-2.63939811035805));
#8791=CARTESIAN_POINT('',(-4.76295525107493,7.3373644412852,-2.56333312448478));
#8792=CARTESIAN_POINT('',(-4.75186394703932,7.30957509337914,-2.53756043322687));
#8793=CARTESIAN_POINT('',(-6.65211146493072,4.59735538208929,-6.56065022683491));
#8794=CARTESIAN_POINT('',(-6.71708202064894,4.52123978452581,-6.45417938154694));
#8795=CARTESIAN_POINT('',(-6.82581241940007,4.41413531202308,-6.39566044999815));
#8796=CARTESIAN_POINT('',(-6.96264298389442,4.28250945526252,-6.3613194133289));
#8797=CARTESIAN_POINT('',(-6.98632975292925,4.25997516357771,-6.35653208586431));
#8798=CARTESIAN_POINT('',(-7.01027807026458,4.23706295763414,-6.35302196342824));
#8799=CARTESIAN_POINT('',(-6.66924498401315,4.55292984476591,-6.59956545586074));
#8800=CARTESIAN_POINT('',(-6.72453098472107,4.4866031328018,-6.50201485569996));
#8801=CARTESIAN_POINT('',(-6.82304635670162,4.38623270029945,-6.43761312538804));
#8802=CARTESIAN_POINT('',(-6.95449467726105,4.26018408172,-6.39586678272605));
#8803=CARTESIAN_POINT('',(-6.97737559863455,4.23858429325013,-6.38978234601265));
#8804=CARTESIAN_POINT('',(-7.00064737728068,4.21656619202334,-6.38492516863834));
#8805=CARTESIAN_POINT('',(-6.65103960490878,4.43521841574021,-6.66605906744153));
#8806=CARTESIAN_POINT('',(-6.69881406346679,4.3891625519473,-6.5801969336296));
#8807=CARTESIAN_POINT('',(-6.78996517262899,4.30893254546784,-6.50425968072119));
#8808=CARTESIAN_POINT('',(-6.92053313407236,4.20031739075284,-6.45072075542122));
#8809=CARTESIAN_POINT('',(-6.94340057705775,4.18156969216739,-6.44262034702407));
#8810=CARTESIAN_POINT('',(-6.96678636806548,4.16231984417711,-6.43570781007197));
#8811=CARTESIAN_POINT('',(-6.54339919349241,4.35174495753765,-6.6586739244083));
#8812=CARTESIAN_POINT('',(-6.60843460676118,4.30147887955681,-6.56980380168506));
#8813=CARTESIAN_POINT('',(-6.71964357922345,4.22787735458359,-6.50383749207162));
#8814=CARTESIAN_POINT('',(-6.86434109575078,4.13285847512746,-6.45665083562227));
#8815=CARTESIAN_POINT('',(-6.88954803949989,4.11639482377673,-6.449616881211));
#8816=CARTESIAN_POINT('',(-6.91503750067235,4.09964911370768,-6.44361635839302));
#8817=CARTESIAN_POINT('',(-6.48804549390077,4.33506934341394,-6.63771031957408));
#8818=CARTESIAN_POINT('',(-6.5624789254454,4.27469790041297,-6.54401038090396));
#8819=CARTESIAN_POINT('',(-6.68398588061339,4.19662544159362,-6.48638330188268));
#8820=CARTESIAN_POINT('',(-6.83598787306185,4.10362579266815,-6.44671054527922));
#8821=CARTESIAN_POINT('',(-6.86240719150758,4.08755802985046,-6.44095536161188));
#8822=CARTESIAN_POINT('',(-6.88899051047244,4.07142100499093,-6.43617254685));
#8823=CARTESIAN_POINT('',(-6.87598743129734,4.35852785341448,-6.39535888540606));
#8824=CARTESIAN_POINT('',(-6.85668093973072,4.33563268243647,-6.44676998157828));
#8825=CARTESIAN_POINT('',(-6.82881309760736,4.29533188403487,-6.4770502755007));
#8826=CARTESIAN_POINT('',(-6.80503612315205,4.25823466797222,-6.48588097373868));
#8827=CARTESIAN_POINT('',(-6.87597584054829,4.35851916205478,-6.39535066214497));
#8828=CARTESIAN_POINT('',(-6.85895368478884,4.38276148617853,-6.39317318061141));
#8829=CARTESIAN_POINT('',(-6.86475498730207,4.37469535514479,-6.39391978553701));
#8830=CARTESIAN_POINT('',(-6.87042601119097,4.36661328745673,-6.3946520623297));
#8831=CARTESIAN_POINT('',(-6.87598743129734,4.35852785341448,-6.39535888540606));
#8832=CARTESIAN_POINT('',(-6.69208565447539,4.19298416103384,-6.49302891891294));
#8833=CARTESIAN_POINT('',(-6.74291653391353,4.16059248401653,-6.47162179430534));
#8834=CARTESIAN_POINT('',(-6.80854195960383,4.12025623972098,-6.45064670510223));
#8835=CARTESIAN_POINT('',(-6.88899051047238,4.07142100499216,-6.43617254684551));
#8836=CARTESIAN_POINT('',(-6.04096570160395,5.74367700165851,-5.77518295896751));
#8837=CARTESIAN_POINT('',(-6.26243749176299,5.3926873207056,-6.06504124496773));
#8838=CARTESIAN_POINT('',(-6.46674210654195,5.00890570604439,-6.32969475761305));
#8839=CARTESIAN_POINT('',(-6.65211146499601,4.59735538194432,-6.56065022691622));
#8840=CARTESIAN_POINT('',(-6.02492013021317,5.76395320724392,-5.81276486361681));
#8841=CARTESIAN_POINT('',(-6.24625351657934,5.41109906889225,-6.10351354003785));
#8842=CARTESIAN_POINT('',(-6.45043281331462,5.02540720158979,-6.36890620623662));
#8843=CARTESIAN_POINT('',(-6.63570128986944,4.6118712621128,-6.60049736144483));
#8844=CARTESIAN_POINT('',(-5.97347256453296,5.78334569009982,-5.87689865522542));
#8845=CARTESIAN_POINT('',(-6.19430591926704,5.42786927287117,-6.16788949886483));
#8846=CARTESIAN_POINT('',(-6.39803448234919,5.0395550293057,-6.4334289520674));
#8847=CARTESIAN_POINT('',(-6.58289710590016,4.62350088891797,-6.66501410665116));
#8848=CARTESIAN_POINT('',(-5.90124076029791,5.76741447697276,-5.91361702853063));
#8849=CARTESIAN_POINT('',(-6.1212860250309,5.41139064411123,-6.20260165258818));
#8850=CARTESIAN_POINT('',(-6.32427544684563,5.02284276589791,-6.4661591427192));
#8851=CARTESIAN_POINT('',(-6.50846051360578,4.60682445626671,-6.69590717852675));
#8852=CARTESIAN_POINT('',(-5.8705458601489,5.75506181871399,-5.92232269802495));
#8853=CARTESIAN_POINT('',(-6.09023550401328,5.39921556399315,-6.21015015797194));
#8854=CARTESIAN_POINT('',(-6.29288926484237,5.01099754497012,-6.4725959477808));
#8855=CARTESIAN_POINT('',(-6.4767636460234,4.59546252271241,-6.70132491338292));
#8856=CARTESIAN_POINT('',(-5.8705458601489,5.75506181871399,-5.92232269802495));
#8857=CARTESIAN_POINT('',(-5.94216729382992,5.78388468798446,-5.90200946920487));
#8858=CARTESIAN_POINT('',(-6.01288595167008,5.77916036143298,-5.8409512921038));
#8859=CARTESIAN_POINT('',(-6.04096570160395,5.74367700165851,-5.77518295896751));
#8860=CARTESIAN_POINT('',(-4.91191451327078,7.38006084848502,-2.66774595538083));
#8861=CARTESIAN_POINT('',(-4.85826414918659,7.34468222275389,-2.7512965448378));
#8862=CARTESIAN_POINT('',(-4.72963525424263,7.30440832269801,-2.91618682575665));
#8863=CARTESIAN_POINT('',(-4.56745327261409,7.35176584546098,-3.0418946696322));
#8864=CARTESIAN_POINT('',(-4.48657718151397,7.39448720798365,-3.08849974119471));
#8865=CARTESIAN_POINT('',(-4.87827691873888,7.38970737464045,-2.64634975523861));
#8866=CARTESIAN_POINT('',(-4.82555330208361,7.35694511449739,-2.72792436084134));
#8867=CARTESIAN_POINT('',(-4.70131683974401,7.32135028792731,-2.88689709321269));
#8868=CARTESIAN_POINT('',(-4.54704458885468,7.36609448810325,-3.00635159693888));
#8869=CARTESIAN_POINT('',(-4.46915028171681,7.40622768853776,-3.05126029707398));
#8870=CARTESIAN_POINT('',(-4.81079220805381,7.38506133678117,-2.59329604185726));
#8871=CARTESIAN_POINT('',(-4.75775667857447,7.35595469534396,-2.67160657752524));
#8872=CARTESIAN_POINT('',(-4.63719180703705,7.32737869565264,-2.82109317844995));
#8873=CARTESIAN_POINT('',(-4.49406116564709,7.36843468190246,-2.93212918552277));
#8874=CARTESIAN_POINT('',(-4.42051246317534,7.40492676246632,-2.97556673791061));
#8875=CARTESIAN_POINT('',(-4.74570976605816,7.30894817373945,-2.51190081534094));
#8876=CARTESIAN_POINT('',(-4.68754830766388,7.27879393496142,-2.59041360065877));
#8877=CARTESIAN_POINT('',(-4.55764525340737,7.2495329452456,-2.74066489813957));
#8878=CARTESIAN_POINT('',(-4.41002463379201,7.29185274332806,-2.8562048729662));
#8879=CARTESIAN_POINT('',(-4.33499822445941,7.32955830807932,-2.90306314131525));
#8880=CARTESIAN_POINT('',(-4.7416484237043,7.21113705810666,-2.46754808007321));
#8881=CARTESIAN_POINT('',(-4.67771638294933,7.17595331624408,-2.55145883833319));
#8882=CARTESIAN_POINT('',(-4.53235268981758,7.13869300673538,-2.71639703441523));
#8883=CARTESIAN_POINT('',(-4.36472162129935,7.18712796547972,-2.84826286835244));
#8884=CARTESIAN_POINT('',(-4.28170803597399,7.23050660399014,-2.90105521212025));
#8885=CARTESIAN_POINT('',(-4.76236575359937,7.15306138784072,-2.4587244014762));
#8886=CARTESIAN_POINT('',(-4.69528630770148,7.11449769480849,-2.54765664922373));
#8887=CARTESIAN_POINT('',(-4.54011211791644,7.07178507234816,-2.72551026566217));
#8888=CARTESIAN_POINT('',(-4.35686725859453,7.12490182496576,-2.86971538527765));
#8889=CARTESIAN_POINT('',(-4.26724404174322,7.17240936790071,-2.92638352674017));
#8890=CARTESIAN_POINT('',(-4.77142420657308,7.13468410788349,-2.45782709192691));
#8891=CARTESIAN_POINT('',(-4.7033530904859,7.0950476536625,-2.54853669498128));
#8892=CARTESIAN_POINT('',(-4.54497898710888,7.050621568693,-2.73090941046969));
#8893=CARTESIAN_POINT('',(-4.35644084931838,7.10531397916263,-2.87928225726784));
#8894=CARTESIAN_POINT('',(-4.2645395349627,7.15418177723425,-2.93722412456598));
#8895=CARTESIAN_POINT('',(-4.77180478420711,7.13391201338276,-2.45778939278047));
#8896=CARTESIAN_POINT('',(-4.70369200454942,7.09423048867163,-2.54857366881483));
#8897=CARTESIAN_POINT('',(-4.54518346148963,7.04973241508453,-2.73113624763083));
#8898=CARTESIAN_POINT('',(-4.35642293435718,7.10449102451099,-2.87968419538216));
#8899=CARTESIAN_POINT('',(-4.26442590907154,7.15341597170984,-2.93767957640572));
#8900=CARTESIAN_POINT('',(-4.77218536184115,7.13313991888203,-2.45775169363402));
#8901=CARTESIAN_POINT('',(-4.70403091861292,7.09341332368081,-2.54861064264838));
#8902=CARTESIAN_POINT('',(-4.54538793587039,7.04884326147602,-2.73136308479197));
#8903=CARTESIAN_POINT('',(-4.356405019396,7.10366806985934,-2.8800861334965));
#8904=CARTESIAN_POINT('',(-4.26431228318037,7.15265016618544,-2.93813502824546));
#8905=CARTESIAN_POINT('',(-4.77256593947519,7.1323678243813,-2.4577139944876));
#8906=CARTESIAN_POINT('',(-4.70436983267642,7.09259615868999,-2.5486476164819));
#8907=CARTESIAN_POINT('',(-4.54559241025116,7.04795410786752,-2.7315899219531));
#8908=CARTESIAN_POINT('',(-4.3563871044348,7.10284511520768,-2.88048807161085));
#8909=CARTESIAN_POINT('',(-4.26419865728919,7.15188436066103,-2.93859048008519));
#8910=CARTESIAN_POINT('',(-4.48657718151397,7.39448720798365,-3.08849974119471));
#8911=CARTESIAN_POINT('',(-4.42558303222391,7.43557888992303,-2.95816168677213));
#8912=CARTESIAN_POINT('',(-4.2834710824263,7.28177491189942,-2.86133993978532));
#8913=CARTESIAN_POINT('',(-4.2645395349627,7.15418177723425,-2.93722412456598));
#8914=CARTESIAN_POINT('',(-5.87054586013478,5.75506181873684,-5.92232269800638));
#8915=CARTESIAN_POINT('',(-5.57776685432823,6.2292958829498,-5.53873685352169));
#8916=CARTESIAN_POINT('',(-5.24798797019246,6.64360797289111,-5.11071365225999));
#8917=CARTESIAN_POINT('',(-4.87162522166149,6.98846942460934,-4.66986955435258));
#8918=CARTESIAN_POINT('',(-5.91147239366546,5.77153202974834,-5.91071513868076));
#8919=CARTESIAN_POINT('',(-5.61562746300295,6.24541063178601,-5.52545626062881));
#8920=CARTESIAN_POINT('',(-5.28231397134297,6.65888388727581,-5.09609386533065));
#8921=CARTESIAN_POINT('',(-4.90181467898558,7.00243607786879,-4.65439594117439));
#8922=CARTESIAN_POINT('',(-5.98359194491585,5.78266976292556,-5.86816174202304));
#8923=CARTESIAN_POINT('',(-5.68249990923721,6.25629686604436,-5.4839121387612));
#8924=CARTESIAN_POINT('',(-5.34292311433199,6.66947853420628,-5.05576648522946));
#8925=CARTESIAN_POINT('',(-4.95517057607171,7.01282148581926,-4.61587522049164));
#8926=CARTESIAN_POINT('',(-6.0289315230433,5.7588841558727,-5.80336938744004));
#8927=CARTESIAN_POINT('',(-5.72744229952013,6.23324731546598,-5.42459836263948));
#8928=CARTESIAN_POINT('',(-5.38666559115772,6.64904848470668,-5.00201496184632));
#8929=CARTESIAN_POINT('',(-4.99590008701706,6.99612002430592,-4.56722486540116));
#8930=CARTESIAN_POINT('',(-6.04096570158697,5.74367700168468,-5.77518295895393));
#8931=CARTESIAN_POINT('',(-5.74050332748649,6.21836066832509,-5.39889079298463));
#8932=CARTESIAN_POINT('',(-5.40045690405864,6.63548984363471,-4.97881822203416));
#8933=CARTESIAN_POINT('',(-5.00957902918629,6.9846356672535,-4.54629482072549));
#8934=CARTESIAN_POINT('',(-4.87162522166149,6.98846942460934,-4.66986955435258));
#8935=CARTESIAN_POINT('',(-4.92445677197866,7.01291106781338,-4.64279073129075));
#8936=CARTESIAN_POINT('',(-4.97766149745808,7.01143250037582,-4.59513159163539));
#8937=CARTESIAN_POINT('',(-5.00957902918629,6.9846356672535,-4.54629482072549));
#8938=CARTESIAN_POINT('',(-4.87162522166149,6.98846942460934,-4.66986955435258));
#8939=CARTESIAN_POINT('',(-4.67018099305687,7.17305291324632,-4.43391235724817));
#8940=CARTESIAN_POINT('',(-4.45506568841863,7.33774377886799,-4.1947584567392));
#8941=CARTESIAN_POINT('',(-4.22757527080618,7.48360446746526,-3.95659319350489));
#8942=CARTESIAN_POINT('',(-4.92445677197864,7.01291106781342,-4.64279073129086));
#8943=CARTESIAN_POINT('',(-4.71910341758939,7.19621552399001,-4.40600043610018));
#8944=CARTESIAN_POINT('',(-4.50023332165457,7.35957797760156,-4.16655732248286));
#8945=CARTESIAN_POINT('',(-4.26908169620819,7.50383909012186,-3.92836383655079));
#8946=CARTESIAN_POINT('',(-4.97766149745801,7.01143250037603,-4.59513159163547));
#8947=CARTESIAN_POINT('',(-4.76854004171435,7.19564367411,-4.36074921932256));
#8948=CARTESIAN_POINT('',(-4.54592062388808,7.35976777202191,-4.12362960573182));
#8949=CARTESIAN_POINT('',(-4.31112827872631,7.50461006286977,-3.88770516145764));
#8950=CARTESIAN_POINT('',(-5.00957902918629,6.9846356672535,-4.54629482072549));
#8951=CARTESIAN_POINT('',(-4.80036573087336,7.17151232118362,-4.31479118953409));
#8952=CARTESIAN_POINT('',(-4.57697631093744,7.33823064072347,-4.08024924806208));
#8953=CARTESIAN_POINT('',(-4.34110547184682,7.48568617508146,-3.84681048868239));
#8954=CARTESIAN_POINT('',(-4.22757527080618,7.48360446746526,-3.95659319350489));
#8955=CARTESIAN_POINT('',(-4.26908169620819,7.50383909012186,-3.92836383655079));
#8956=CARTESIAN_POINT('',(-4.31112827872631,7.50461006286977,-3.88770516145764));
#8957=CARTESIAN_POINT('',(-4.34110547184682,7.48568617508146,-3.84681048868239));
#8958=CARTESIAN_POINT('',(-4.43106314013481,7.42659200662655,-3.13028736138936));
#8959=CARTESIAN_POINT('',(-4.37935887450649,7.45970779299185,-3.17857837478677));
#8960=CARTESIAN_POINT('',(-4.29761382539794,7.51047530739777,-3.30365918386147));
#8961=CARTESIAN_POINT('',(-4.24305434141976,7.54410772120489,-3.50842633448095));
#8962=CARTESIAN_POINT('',(-4.2523376167751,7.53976328305726,-3.70330284988613));
#8963=CARTESIAN_POINT('',(-4.30284432539464,7.50960527341936,-3.80894385542382));
#8964=CARTESIAN_POINT('',(-4.34110547184682,7.48568617508146,-3.84681048868239));
#8965=CARTESIAN_POINT('',(-4.40987727871395,7.43999596059918,-3.09950864184921));
#8966=CARTESIAN_POINT('',(-4.35479733261173,7.47492294256909,-3.1542398577977));
#8967=CARTESIAN_POINT('',(-4.27229547718828,7.52563567976547,-3.2898600131466));
#8968=CARTESIAN_POINT('',(-4.22112218909957,7.55708693452003,-3.50528891850399));
#8969=CARTESIAN_POINT('',(-4.23595957109969,7.54962378416774,-3.7086267479213));
#8970=CARTESIAN_POINT('',(-4.29141606637627,7.51671957429754,-3.81876231657502));
#8971=CARTESIAN_POINT('',(-4.33254055952669,7.49109300016381,-3.85849468090388));
#8972=CARTESIAN_POINT('',(-4.36141971591321,7.44534775971436,-3.04586889149712));
#8973=CARTESIAN_POINT('',(-4.3021800650352,7.48583718674769,-3.11174724792841));
#8974=CARTESIAN_POINT('',(-4.22118463872588,7.54076278332189,-3.26572529859875));
#8975=CARTESIAN_POINT('',(-4.17859413395833,7.5728191022162,-3.49979165068813));
#8976=CARTESIAN_POINT('',(-4.20487401151469,7.56288660126165,-3.7179299451526));
#8977=CARTESIAN_POINT('',(-4.26959310015836,7.52621067933955,-3.83595326515829));
#8978=CARTESIAN_POINT('',(-4.31587528014965,7.49788129731544,-3.87894736732958));
#8979=CARTESIAN_POINT('',(-4.27658166837344,7.40227458237955,-2.98668820970693));
#8980=CARTESIAN_POINT('',(-4.21451648881107,7.45535326207547,-3.06185095232953));
#8981=CARTESIAN_POINT('',(-4.13708752299543,7.52842621972631,-3.2341837531957));
#8982=CARTESIAN_POINT('',(-4.10799117330725,7.57517883458911,-3.49184729446986));
#8983=CARTESIAN_POINT('',(-4.15249027221453,7.57109970166401,-3.73134180694437));
#8984=CARTESIAN_POINT('',(-4.23202117119755,7.53227809966377,-3.86158519190305));
#8985=CARTESIAN_POINT('',(-4.28630912219776,7.50072057459359,-3.90960512329722));
#8986=CARTESIAN_POINT('',(-4.20969545305137,7.32528532551468,-2.96852699446642));
#8987=CARTESIAN_POINT('',(-4.14675324073272,7.38953401429439,-3.04096495763143));
#8988=CARTESIAN_POINT('',(-4.06843980418536,7.48557497939372,-3.21505851506365));
#8989=CARTESIAN_POINT('',(-4.04612680164303,7.55668905308221,-3.48564174310709));
#8990=CARTESIAN_POINT('',(-4.10408126835248,7.56670940763378,-3.74163381435921));
#8991=CARTESIAN_POINT('',(-4.19618445336912,7.52953706735722,-3.88270524227212));
#8992=CARTESIAN_POINT('',(-4.2573083566324,7.49608700748617,-3.93514058386682));
#8993=CARTESIAN_POINT('',(-4.1839267339794,7.26076390164133,-2.9846163543103));
#8994=CARTESIAN_POINT('',(-4.12000796496465,7.32835117058385,-3.04730532967533));
#8995=CARTESIAN_POINT('',(-4.03495787713141,7.43847971625402,-3.21062844383005));
#8996=CARTESIAN_POINT('',(-4.00942968065504,7.53059874271428,-3.48223856222482));
#8997=CARTESIAN_POINT('',(-4.07184869885987,7.55549291565806,-3.74681795262777));
#8998=CARTESIAN_POINT('',(-4.17118837833413,7.52193679945403,-3.89518679198578));
#8999=CARTESIAN_POINT('',(-4.2364695048209,7.48794045803454,-3.95054404558617));
#9000=CARTESIAN_POINT('',(-4.17778813473922,7.23395695783754,-2.99602307479954));
#9001=CARTESIAN_POINT('',(-4.11329778035835,7.30165450164519,-3.05371054619975));
#9002=CARTESIAN_POINT('',(-4.02421825310058,7.41635794341537,-3.21060213337054));
#9003=CARTESIAN_POINT('',(-3.99553498252268,7.51739080694463,-3.4810546390512));
#9004=CARTESIAN_POINT('',(-4.05865350062785,7.54926706588589,-3.74864471624906));
#9005=CARTESIAN_POINT('',(-4.16066768684335,7.51769564880927,-3.90002377562595));
#9006=CARTESIAN_POINT('',(-4.22757527080618,7.48360446746526,-3.95659319350489));
#9007=CARTESIAN_POINT('',(-4.17778813473922,7.23395695783754,-2.99602307479954));
#9008=CARTESIAN_POINT('',(-4.20643493119335,7.35905602892186,-2.94279171251641));
#9009=CARTESIAN_POINT('',(-4.35691262516183,7.47350584553074,-3.02256184299885));
#9010=CARTESIAN_POINT('',(-4.43106314013481,7.42659200662655,-3.13028736138936));
#9011=CARTESIAN_POINT('',(-4.48657718151397,7.39448720798365,-3.08849974119471));
#9012=CARTESIAN_POINT('',(-4.46632651446198,7.4051842641431,-3.10016924418753));
#9013=CARTESIAN_POINT('',(-4.44775401882739,7.41590032443987,-3.11426040286999));
#9014=CARTESIAN_POINT('',(-4.43106314013481,7.42659200662655,-3.13028736138936));
#9015=CARTESIAN_POINT('',(-4.46915028171681,7.40622768853776,-3.05126029707398));
#9016=CARTESIAN_POINT('',(-4.44721255369349,7.41749054608812,-3.06511531251766));
#9017=CARTESIAN_POINT('',(-4.42747088592234,7.42875033318453,-3.0813538315905));
#9018=CARTESIAN_POINT('',(-4.40987727871395,7.43999596059918,-3.09950864184921));
#9019=CARTESIAN_POINT('',(-4.42068239099977,7.40491920448748,-2.97584122409272));
#9020=CARTESIAN_POINT('',(-4.39560888350798,7.41883614669177,-2.99457445100096));
#9021=CARTESIAN_POINT('',(-4.37374490938623,7.43252544030603,-3.01548745622152));
#9022=CARTESIAN_POINT('',(-4.35461099397157,7.44619048925197,-3.03827192432712));
#9023=CARTESIAN_POINT('',(-4.32056654850262,7.3169950308863,-2.89069773809739));
#9024=CARTESIAN_POINT('',(-4.29137948862425,7.33897474693987,-2.91398099371626));
#9025=CARTESIAN_POINT('',(-4.26642233534192,7.36047637619256,-2.93979941430983));
#9026=CARTESIAN_POINT('',(-4.24486401355085,7.38164934187114,-2.96755743051509));
#9027=CARTESIAN_POINT('',(-4.27265305530427,7.20886454923348,-2.90470233108868));
#9028=CARTESIAN_POINT('',(-4.24150900128901,7.23523558311553,-2.92449253148708));
#9029=CARTESIAN_POINT('',(-4.21401151694519,7.2613988520839,-2.94735824625877));
#9030=CARTESIAN_POINT('',(-4.19006533321962,7.28757084544505,-2.9732096338211));
#9031=CARTESIAN_POINT('',(-4.2645395349627,7.15418177723425,-2.93722412456598));
#9032=CARTESIAN_POINT('',(-4.23249529382182,7.18028810449841,-2.95321535961426));
#9033=CARTESIAN_POINT('',(-4.20349455886533,7.2069721197153,-2.97302833983773));
#9034=CARTESIAN_POINT('',(-4.17778813473922,7.23395695783754,-2.99602307479954));
#9035=CARTESIAN_POINT('',(-6.96004613738183,6.24703542033832,-3.89226587300427));
#9036=CARTESIAN_POINT('',(-6.97217785555443,6.08378773633888,-4.08655422996725));
#9037=CARTESIAN_POINT('',(-6.98542846765901,5.91171999989073,-4.27392021638012));
#9038=CARTESIAN_POINT('',(-6.99929704419631,5.73446030944947,-4.45038629175658));
#9039=CARTESIAN_POINT('',(-6.76599817873619,6.42496337666637,-4.04152573625899));
#9040=CARTESIAN_POINT('',(-6.79071760384362,6.25575092989397,-4.22388022183151));
#9041=CARTESIAN_POINT('',(-6.81748105123018,6.08338322652645,-4.40392185514857));
#9042=CARTESIAN_POINT('',(-6.84484878674834,5.90809533478746,-4.57687701007158));
#9043=CARTESIAN_POINT('',(-6.46204716130773,6.52585558818559,-4.13305464941871));
#9044=CARTESIAN_POINT('',(-6.51162990323632,6.3626711003259,-4.30967568403107));
#9045=CARTESIAN_POINT('',(-6.55810072318256,6.19817476987962,-4.48684552064656));
#9046=CARTESIAN_POINT('',(-6.60203581037194,6.03176476563451,-4.66050765301664));
#9047=CARTESIAN_POINT('',(-6.1596924131285,6.5127014408727,-4.1332767672726));
#9048=CARTESIAN_POINT('',(-6.22578136136682,6.36911526654946,-4.31593064019774));
#9049=CARTESIAN_POINT('',(-6.28594740249256,6.22103979009311,-4.49745368872166));
#9050=CARTESIAN_POINT('',(-6.34074637079435,6.0698731369638,-4.67720702041136));
#9051=CARTESIAN_POINT('',(-6.96004613738183,6.24703542033832,-3.89226587300427));
#9052=CARTESIAN_POINT('',(-6.96709228388874,6.08842354654352,-4.09050253395091));
#9053=CARTESIAN_POINT('',(-6.97463462127387,5.92193360196122,-4.28192282854279));
#9054=CARTESIAN_POINT('',(-6.98310925800515,5.75213471777604,-4.46323915925282));
#9055=CARTESIAN_POINT('',(-6.98312285175615,5.7521426214218,-4.46324592548353));
#9056=CARTESIAN_POINT('',(-6.98310925813328,5.75213471629034,-4.46323916073085));
#9057=CARTESIAN_POINT('',(-6.82818424248512,5.91647137315379,-4.58253059468995));
#9058=CARTESIAN_POINT('',(-6.59308118303314,6.03307077560522,-4.66107995408086));
#9059=CARTESIAN_POINT('',(-6.34074637033447,6.06987313823242,-4.67720701890283));
#9060=CARTESIAN_POINT('',(-6.12216214357058,7.34805505755947,-2.51660926649136));
#9061=CARTESIAN_POINT('',(-6.37171616903873,7.35891207376879,-2.51642593744317));
#9062=CARTESIAN_POINT('',(-6.61957779816854,7.27370459327372,-2.42566933203042));
#9063=CARTESIAN_POINT('',(-6.77126163444089,7.13182412072818,-2.28656498104621));
#9064=CARTESIAN_POINT('',(-6.12065678124089,7.38321763824488,-2.54983629455213));
#9065=CARTESIAN_POINT('',(-6.3860457240356,7.39476356321363,-2.54964133275107));
#9066=CARTESIAN_POINT('',(-6.64971994424073,7.30564465627607,-2.45447384691701));
#9067=CARTESIAN_POINT('',(-6.81318297960852,7.15610786828032,-2.30755910531086));
#9068=CARTESIAN_POINT('',(-6.11901023680927,7.42243646400953,-2.63109802668432));
#9069=CARTESIAN_POINT('',(-6.41189024528345,7.4351784063341,-2.63088286921265));
#9070=CARTESIAN_POINT('',(-6.70344331149122,7.33783015591187,-2.5295018769525));
#9071=CARTESIAN_POINT('',(-6.8872516821708,7.17200360428047,-2.3722001956189));
#9072=CARTESIAN_POINT('',(-6.11977854392981,7.40623708891789,-2.71759417398743));
#9073=CARTESIAN_POINT('',(-6.42823635273491,7.4196567539535,-2.71736757264776));
#9074=CARTESIAN_POINT('',(-6.73493387396827,7.31330785427391,-2.612883231289));
#9075=CARTESIAN_POINT('',(-6.92533498602914,7.13397007756992,-2.45256245153648));
#9076=CARTESIAN_POINT('',(-6.12049779745975,7.39025491583613,-2.75017985182013));
#9077=CARTESIAN_POINT('',(-6.432440329295,7.40382618609768,-2.74995069051004));
#9078=CARTESIAN_POINT('',(-6.74241546530619,7.29404755609918,-2.64449183946244));
#9079=CARTESIAN_POINT('',(-6.93228972999171,7.11072679179124,-2.48386018978211));
#9080=CARTESIAN_POINT('',(-6.61437395855345,7.24227794761475,-2.39662142609925));
#9081=CARTESIAN_POINT('',(-6.81071469156559,7.19652110413358,-2.3459163683093));
#9082=CARTESIAN_POINT('',(-6.93436487150066,7.15328312018567,-2.38328249360126));
#9083=CARTESIAN_POINT('',(-6.92096593818162,7.12144100981576,-2.49325901026272));
#9084=CARTESIAN_POINT('',(-6.614373609354,7.24228668792809,-2.39661218656295));
#9085=CARTESIAN_POINT('',(-6.9209764972919,7.12144770147468,-2.49326417511567));
#9086=CARTESIAN_POINT('',(-6.12216214357058,7.34805505755947,-2.51660926649136));
#9087=CARTESIAN_POINT('',(-6.29790775665637,7.35588375742088,-2.51665254004155));
#9088=CARTESIAN_POINT('',(-6.47299480777537,7.31607051428633,-2.47177018359802));
#9089=CARTESIAN_POINT('',(-6.61437395855698,7.24227794761826,-2.39662142610245));
#9090=CARTESIAN_POINT('',(-6.12049779352648,7.39025500323505,-2.75017967360487));
#9091=CARTESIAN_POINT('',(-6.41256764917633,7.4029616993227,-2.74996511128891));
#9092=CARTESIAN_POINT('',(-6.72021288538581,7.30822571481461,-2.65717913997001));
#9093=CARTESIAN_POINT('',(-6.92097610613517,7.12144901932048,-2.49326235621038));
#9094=CARTESIAN_POINT('',(-6.61760951108853,7.16990957333175,-2.06590217296632));
#9095=CARTESIAN_POINT('',(-6.54383218777601,7.1666998411161,-2.06595637175724));
#9096=CARTESIAN_POINT('',(-6.47005486446345,7.16349010890052,-2.06601057054828));
#9097=CARTESIAN_POINT('',(-6.3962775411509,7.16028037668485,-2.06606476933921));
#9098=CARTESIAN_POINT('',(-6.61877266385269,7.14424790873786,-2.12950554508012));
#9099=CARTESIAN_POINT('',(-6.54499534054017,7.14103817652223,-2.12955974387105));
#9100=CARTESIAN_POINT('',(-6.47121801722757,7.13782844430671,-2.12961394266199));
#9101=CARTESIAN_POINT('',(-6.39744069391503,7.13461871209103,-2.12966814145296));
#9102=CARTESIAN_POINT('',(-6.61908615818517,7.13918586569662,-2.25646354237505));
#9103=CARTESIAN_POINT('',(-6.54530883487264,7.13597613348098,-2.25651774116599));
#9104=CARTESIAN_POINT('',(-6.47153151156009,7.13276640126539,-2.25657193995701));
#9105=CARTESIAN_POINT('',(-6.3977541882475,7.12955666904979,-2.25662613874787));
#9106=CARTESIAN_POINT('',(-6.61629392819675,7.20514303865268,-2.36166161403716));
#9107=CARTESIAN_POINT('',(-6.54251660488423,7.20193330643701,-2.36171581282807));
#9108=CARTESIAN_POINT('',(-6.46873928157164,7.19872357422149,-2.36177001161902));
#9109=CARTESIAN_POINT('',(-6.39496195825909,7.19551384200584,-2.36182421040997));
#9110=CARTESIAN_POINT('',(-6.61469010003156,7.24260267099595,-2.39688822415197));
#9111=CARTESIAN_POINT('',(-6.54091277671902,7.23939293878035,-2.39694242294297));
#9112=CARTESIAN_POINT('',(-6.46713545340649,7.23618320656471,-2.39699662173393));
#9113=CARTESIAN_POINT('',(-6.39335813009391,7.23297347434911,-2.39705082052494));
#9114=CARTESIAN_POINT('',(-6.39627754117035,7.16028037666833,-2.06606476933218));
#9115=CARTESIAN_POINT('',(-6.39829053792033,7.1158693164713,-2.17613920263719));
#9116=CARTESIAN_POINT('',(-6.47321272550783,7.14317134897745,-2.30944224662152));
#9117=CARTESIAN_POINT('',(-6.59001520512705,7.24152917303468,-2.39690635098187));
#9118=CARTESIAN_POINT('',(-6.59001520511052,7.24152917304848,-2.39690635098845));
#9119=CARTESIAN_POINT('',(-6.61437343731333,7.2422905726772,-2.39660805923512));
#9120=CARTESIAN_POINT('',(-6.60625402944337,7.24203670813232,-2.39670755904945));
#9121=CARTESIAN_POINT('',(-6.59813461870808,7.24178290828002,-2.3968069896703));
#9122=CARTESIAN_POINT('',(-6.59001520511052,7.2415291730485,-2.39690635098841));
#9123=CARTESIAN_POINT('',(-6.61760951108853,7.16990957333175,-2.06590217296632));
#9124=CARTESIAN_POINT('',(-6.61953291168141,7.1250479126379,-2.17708167652065));
#9125=CARTESIAN_POINT('',(-6.61821621961505,7.15510253283434,-2.31438421104473));
#9126=CARTESIAN_POINT('',(-6.61437343731333,7.2422905726772,-2.39660805923512));
#9127=CARTESIAN_POINT('',(-6.61469010003551,7.24260267098118,-2.39688822413793));
#9128=CARTESIAN_POINT('',(-6.69996155221941,7.22272301530678,-2.37468431866653));
#9129=CARTESIAN_POINT('',(-6.81585426950004,7.18979181471064,-2.35292566985806));
#9130=CARTESIAN_POINT('',(-6.91166642756981,7.15051098573605,-2.40545405226128));
#9131=CARTESIAN_POINT('',(-6.92463804964759,7.13025938014388,-2.46288830638225));
#9132=CARTESIAN_POINT('',(-6.92097649722316,7.12144770150658,-2.49326417513945));
#9133=CARTESIAN_POINT('',(-6.61682853759034,7.19265649452952,-2.34991941065069));
#9134=CARTESIAN_POINT('',(-6.70397819491396,7.18251478378211,-2.32645471479961));
#9135=CARTESIAN_POINT('',(-6.8298026081063,7.16351209678348,-2.30736356411787));
#9136=CARTESIAN_POINT('',(-6.94187395198296,7.12498538556745,-2.37453075318661));
#9137=CARTESIAN_POINT('',(-6.95809846101831,7.09844281687301,-2.44149202274516));
#9138=CARTESIAN_POINT('',(-6.95446640638686,7.08592025896906,-2.47571724842671));
#9139=CARTESIAN_POINT('',(-6.61925965502281,7.13486574636691,-2.23678977114775));
#9140=CARTESIAN_POINT('',(-6.71361917869601,7.13935770886568,-2.22026861562613));
#9141=CARTESIAN_POINT('',(-6.862662270823,7.13907371267946,-2.21623016522361));
#9142=CARTESIAN_POINT('',(-7.00852423521988,7.09722453994416,-2.31804753697719));
#9143=CARTESIAN_POINT('',(-7.03365122528827,7.05815513376317,-2.40715901194299));
#9144=CARTESIAN_POINT('',(-7.03141133889908,7.03803566382772,-2.45138819042337));
#9145=CARTESIAN_POINT('',(-6.6184818756785,7.15066332488818,-2.11360470204894));
#9146=CARTESIAN_POINT('',(-6.72403330857623,7.15700671597467,-2.10927022363933));
#9147=CARTESIAN_POINT('',(-6.90171363833286,7.15806903901481,-2.12583316763863));
#9148=CARTESIAN_POINT('',(-7.08575275943722,7.10515376626447,-2.26880006157791));
#9149=CARTESIAN_POINT('',(-7.12254907563105,7.05330621192221,-2.38587129363708));
#9150=CARTESIAN_POINT('',(-7.12284199427757,7.02587698922549,-2.4436759788998));
#9151=CARTESIAN_POINT('',(-6.6176095111085,7.16990957333265,-2.06590217296634));
#9152=CARTESIAN_POINT('',(-6.7280522139424,7.1747144576138,-2.06582103881477));
#9153=CARTESIAN_POINT('',(-6.91812986457419,7.17348030895275,-2.0900920026409));
#9154=CARTESIAN_POINT('',(-7.11857335705512,7.11477810657156,-2.25042412025023));
#9155=CARTESIAN_POINT('',(-7.16035314523852,7.05781999546477,-2.37979490582023));
#9156=CARTESIAN_POINT('',(-7.16171617617828,7.02756823673232,-2.44364742088488));
#9157=CARTESIAN_POINT('',(-7.16171617617969,7.02756823670024,-2.44364742088623));
#9158=CARTESIAN_POINT('',(-7.07100975176029,7.0236219925201,-2.44371405624627));
#9159=CARTESIAN_POINT('',(-6.97958383829189,7.05927467702371,-2.46255705337032));
#9160=CARTESIAN_POINT('',(-6.92097649725416,7.12144770144552,-2.49326417510265));
#9161=CARTESIAN_POINT('',(-7.43441997450034,0.708683313865866,0.555906874765234));
#9162=CARTESIAN_POINT('',(-7.1981754130992,0.698405334849933,0.555733323353404));
#9163=CARTESIAN_POINT('',(-7.20015225458772,6.16733561418051,-3.8199626047645));
#9164=CARTESIAN_POINT('',(-7.10944583014973,6.16338937000101,-3.82002924012345));
#9165=CARTESIAN_POINT('',(-7.01826052494307,6.19365703346043,-3.84748791405982));
#9166=CARTESIAN_POINT('',(-6.9600461373581,6.24703542035505,-3.89226587301682));
#9167=CARTESIAN_POINT('',(-7.23068651358429,5.67752883726026,-4.37046547183353));
#9168=CARTESIAN_POINT('',(-7.21700120052131,5.85014041642618,-4.19578893335021));
#9169=CARTESIAN_POINT('',(-7.20697563932884,6.01373820614528,-4.01193207446673));
#9170=CARTESIAN_POINT('',(-7.20015225458763,6.16733561418227,-3.81996260476591));
#9171=CARTESIAN_POINT('',(-7.13575905483671,5.67182072271904,-4.37212692157048));
#9172=CARTESIAN_POINT('',(-7.12499157982688,5.84527686484239,-4.19694737244318));
#9173=CARTESIAN_POINT('',(-7.11628699191172,6.00939179345664,-4.01249884936461));
#9174=CARTESIAN_POINT('',(-7.10944583015132,6.16338937000414,-3.82002924012514));
#9175=CARTESIAN_POINT('',(-7.04060387389006,5.70049976261044,-4.40778862082744));
#9176=CARTESIAN_POINT('',(-7.03258345477726,5.87369104177756,-4.22861436604818));
#9177=CARTESIAN_POINT('',(-7.0251625290985,6.03828986782169,-4.04166926632449));
#9178=CARTESIAN_POINT('',(-7.01826052494628,6.19365703346414,-3.84748791406111));
#9179=CARTESIAN_POINT('',(-6.98312285175663,5.75214262142406,-4.46324592548003));
#9180=CARTESIAN_POINT('',(-6.97449138912238,5.9246944574655,-4.27896879269785));
#9181=CARTESIAN_POINT('',(-6.96702959237556,6.08983475979484,-4.08873876816194));
#9182=CARTESIAN_POINT('',(-6.96004613736173,6.24703542035748,-3.89226587301864));
#9183=CARTESIAN_POINT('',(-7.23068651217476,5.67752885503845,-4.37046545384266));
#9184=CARTESIAN_POINT('',(-7.13575905372771,5.67182074058422,-4.37212690352779));
#9185=CARTESIAN_POINT('',(-7.040603873064,5.70049978044834,-4.40778860237332));
#9186=CARTESIAN_POINT('',(-6.98312285086762,5.7521426391961,-4.46324590650034));
#9187=CARTESIAN_POINT('',(0.11710449086833,0.380149148281513,0.550359323330092));
#9188=CARTESIAN_POINT('',(0.425883779909757,6.46013296665398,-7.32005693777132));
#9189=CARTESIAN_POINT('',(0.474535878979727,6.42739613597719,-7.28054398833114));
#9190=CARTESIAN_POINT('',(0.21700996089911,0.37580269326134,0.550285930421023));
#9191=CARTESIAN_POINT('',(0.383547695644079,6.60770188259358,-5.56251096799531));
#9192=CARTESIAN_POINT('',(-0.715412474792345,6.65551288608838,-5.56170364252102));
#9193=CARTESIAN_POINT('',(0.404042147951117,7.08688870889563,-6.04288257294012));
#9194=CARTESIAN_POINT('',(-0.694918022485307,7.13469971239043,-6.04207524746582));
#9195=CARTESIAN_POINT('',(0.400874163341181,7.02929126967138,-6.94425078947207));
#9196=CARTESIAN_POINT('',(-0.698086007095243,7.07710227316618,-6.94344346399777));
#9197=CARTESIAN_POINT('',(0.377231680840296,6.49286979734308,-7.3595698872275));
#9198=CARTESIAN_POINT('',(-0.721728489596128,6.54068080083789,-7.35876256175321));
#9199=CARTESIAN_POINT('',(-0.75294375239262,5.80715432295376,-6.40957105647691));
#9200=CARTESIAN_POINT('',(0.346016418043811,5.75934331945891,-6.41037838195122));
#9201=CARTESIAN_POINT('',(0.40928037500716,6.83342531138323,-4.30627202533684));
#9202=CARTESIAN_POINT('',(-0.602251624656589,6.86780198950592,-4.29829402920895));
#9203=CARTESIAN_POINT('',(-1.61850328759374,6.7281548612206,-4.15942584817961));
#9204=CARTESIAN_POINT('',(-2.56007265289569,6.42554254336715,-3.90062933029136));
#9205=CARTESIAN_POINT('',(0.409265953379672,6.83299759719572,-4.30625754062234));
#9206=CARTESIAN_POINT('',(-0.602216414047162,6.86737266540721,-4.29828005388673));
#9207=CARTESIAN_POINT('',(-1.61841846606625,6.72773409591946,-4.15942115220902));
#9208=CARTESIAN_POINT('',(-2.55994585525507,6.42513844358109,-3.90064050932553));
#9209=CARTESIAN_POINT('',(0.409251531752185,6.83256988300821,-4.30624305590784));
#9210=CARTESIAN_POINT('',(-0.602181203437735,6.8669433413085,-4.2982660785645));
#9211=CARTESIAN_POINT('',(-1.61833364453875,6.72731333061832,-4.15941645623844));
#9212=CARTESIAN_POINT('',(-2.55981905761445,6.42473434379504,-3.9006516883597));
#9213=CARTESIAN_POINT('',(0.409237110124697,6.8321421688207,-4.30622857119334));
#9214=CARTESIAN_POINT('',(-0.602145992828307,6.86651401720979,-4.29825210324228));
#9215=CARTESIAN_POINT('',(-1.61824882301126,6.72689256531718,-4.15941176026785));
#9216=CARTESIAN_POINT('',(-2.55969225997383,6.42433024400898,-3.90066286739386));
#9217=CARTESIAN_POINT('',(0.407397884155173,6.77759471626199,-4.30438129958044));
#9218=CARTESIAN_POINT('',(-0.597655496362703,6.81176124867705,-4.2964697956914));
#9219=CARTESIAN_POINT('',(-1.60743132295598,6.67323132149446,-4.1588128714765));
#9220=CARTESIAN_POINT('',(-2.54352144196439,6.37279439471308,-3.90208855738418));
#9221=CARTESIAN_POINT('',(0.40555865818568,6.72304726370336,-4.30253402796746));
#9222=CARTESIAN_POINT('',(-0.593164999897072,6.7570084801444,-4.29468748814064));
#9223=CARTESIAN_POINT('',(-1.59661382290072,6.61957007767166,-4.15821398268516));
#9224=CARTESIAN_POINT('',(-2.52735062395501,6.32125854541704,-3.90351424737445));
#9225=CARTESIAN_POINT('',(0.40371943221618,6.66849981114469,-4.30068675635459));
#9226=CARTESIAN_POINT('',(-0.588674503431422,6.70225571161172,-4.29290518058986));
#9227=CARTESIAN_POINT('',(-1.58579632284542,6.56590883384895,-4.1576150938938));
#9228=CARTESIAN_POINT('',(-2.51117980594559,6.26972269612115,-3.90493993736479));
#9229=CARTESIAN_POINT('',(-1.72030992165267,6.64720895824416,-4.09614179619931));
#9230=CARTESIAN_POINT('',(-1.5189121021021,6.68461331102734,-4.13097050775487));
#9231=CARTESIAN_POINT('',(-1.21728731589136,6.72122613923957,-4.18772479785914));
#9232=CARTESIAN_POINT('',(-0.479036403187839,6.74200302773098,-4.27041876781278));
#9233=CARTESIAN_POINT('',(-0.00571636812111202,6.72958195035588,-4.29473782656698));
#9234=CARTESIAN_POINT('',(0.3891596407974,6.71541261547345,-4.30211973168741));
#9235=CARTESIAN_POINT('',(-2.51117980593513,6.26972269610674,-3.9049399373434));
#9236=CARTESIAN_POINT('',(-1.59131590183738,6.56414219025381,-4.15610797761333));
#9237=CARTESIAN_POINT('',(-0.595720225929291,6.70065029571316,-4.29143438648627));
#9238=CARTESIAN_POINT('',(0.387145897283155,6.6690479906551,-4.30054505306908));
#9239=CARTESIAN_POINT('',(0.387145894733876,6.66904792391676,-4.30054509659461));
#9240=CARTESIAN_POINT('',(0.404671520490014,6.69673668609453,-4.301643009581));
#9241=CARTESIAN_POINT('',(0.398831790085725,6.6875054894998,-4.30128068695232));
#9242=CARTESIAN_POINT('',(0.392989899743994,6.67827586352046,-4.30091472537988));
#9243=CARTESIAN_POINT('',(0.387145894733876,6.66904792391676,-4.30054509659461));
#9244=CARTESIAN_POINT('',(0.117104490868307,0.380149148281502,0.550359323330085));
#9245=CARTESIAN_POINT('',(0.481915608002901,6.55442632589987,-4.75790915007476));
#9246=CARTESIAN_POINT('',(0.217009960512279,0.375802693554029,0.550285930145909));
#9247=CARTESIAN_POINT('',(0.479748484615614,6.50556715878897,-4.8143628067827));
#9248=CARTESIAN_POINT('',(0.34601641804317,5.7593433194449,-6.41037838194657));
#9249=CARTESIAN_POINT('',(0.445921888083436,5.7549968645946,-6.41045177517575));
#9250=CARTESIAN_POINT('',(-0.916470147823589,6.64111627952481,-5.89125895994803));
#9251=CARTESIAN_POINT('',(-1.04587116259587,3.68418130459695,-6.92248211364414));
#9252=CARTESIAN_POINT('',(-0.899585382539018,7.01768853043765,-5.20827876693632));
#9253=CARTESIAN_POINT('',(-0.921478627805204,6.52281270195586,-5.7028680917304));
#9254=CARTESIAN_POINT('',(-0.952754692472059,5.8158472326777,-6.40942427002619));
#9255=CARTESIAN_POINT('',(-0.926741973475434,6.42711929757093,-7.20041719107661));
#9256=CARTESIAN_POINT('',(-1.18166661965384,0.436653061351863,0.551313435560411));
#9257=CARTESIAN_POINT('',(-0.975889061463772,5.31008102388353,-7.94853100425208));
#9258=CARTESIAN_POINT('',(-0.988487687475251,5.01170788332433,-7.42813236508693));
#9259=CARTESIAN_POINT('',(-0.846060222517266,3.67548839485022,-6.92262890010452));
#9260=CARTESIAN_POINT('',(-0.8156507792932,4.37383637893478,-6.88540849030051));
#9261=CARTESIAN_POINT('',(-0.972671947141956,4.21329968635175,-6.72375558752586));
#9262=CARTESIAN_POINT('',(-0.964357883934314,4.20116134569352,-6.72089080378302));
#9263=CARTESIAN_POINT('',(-0.955252919064845,4.18974049514176,-6.71707274634721));
#9264=CARTESIAN_POINT('',(-0.928722717951313,4.16025675610044,-6.70466552421498));
#9265=CARTESIAN_POINT('',(-0.909988893202884,4.14351242741634,-6.69450534334268));
#9266=CARTESIAN_POINT('',(-0.871070877209893,4.11392289057831,-6.67128549517484));
#9267=CARTESIAN_POINT('',(-0.850306253595806,4.10080785992467,-6.65779906546651));
#9268=CARTESIAN_POINT('',(-0.829108138754406,4.089475227243,-6.64274963823291));
#9269=CARTESIAN_POINT('',(-0.828489960835319,4.0891465610335,-6.64230963351459));
#9270=CARTESIAN_POINT('',(-0.827871712653142,4.0888196651121,-6.64186843431334));
#9271=CARTESIAN_POINT('',(-0.981855679568087,0.427960151776292,0.55116664880446));
#9272=CARTESIAN_POINT('',(-0.776078121384091,5.30138811415697,-7.94867779070171));
#9273=CARTESIAN_POINT('',(-0.726931033394947,6.41842638784386,-7.20056397752552));
#9274=CARTESIAN_POINT('',(-0.752943752393225,5.80715432293972,-6.40957105647234));
#9275=CARTESIAN_POINT('',(-0.721667687720094,6.51411979222509,-5.70301487818443));
#9276=CARTESIAN_POINT('',(-0.699774442458688,7.00899562073244,-5.20842555337577));
#9277=CARTESIAN_POINT('',(-0.699774442458771,7.00899562073068,-5.20842555338264));
#9278=CARTESIAN_POINT('',(2.8089122934288,60.5920309538225,30.7709410716224));
#9279=CARTESIAN_POINT('',(2.75779821371418,60.5667721927904,30.8131628572261));
#9280=CARTESIAN_POINT('',(0.301329353533407,4.71797469470553,-5.57164543517805));
#9281=CARTESIAN_POINT('',(0.235506495878623,4.56871682724762,-5.59934727883475));
#9282=CARTESIAN_POINT('',(0.275558819446547,4.61968548448224,-5.61051164094059));
#9283=CARTESIAN_POINT('',(0.299413859259741,4.67442516979972,-5.60001741785091));
#9284=CARTESIAN_POINT('',(0.301329353533553,4.71797469470545,-5.57164543517797));
#9285=CARTESIAN_POINT('',(0.235506495885541,4.56871682724141,-5.59934727883826));
#9286=CARTESIAN_POINT('',(10.2284175082474,17.2850044260222,-8.38496285863802));
#9287=CARTESIAN_POINT('',(0.298275391673108,4.64859218389148,-5.61684468414023));
#9288=CARTESIAN_POINT('',(-6.38130371433998,3.56131390804023,1.45703074131634));
#9289=CARTESIAN_POINT('',(0.399004981009941,4.66498859038404,-5.72352035266917));
#9290=CARTESIAN_POINT('',(2.86002637314343,60.6172897148547,30.7287192860186));
#9291=CARTESIAN_POINT('',(-2.71216353238881,6.42992007748935,-3.69445192875652));
#9292=CARTESIAN_POINT('',(-2.81313467349634,4.13430098608765,-5.19001968123854));
#9293=CARTESIAN_POINT('',(-1.73973248996229,6.63436162512612,-4.07391142887196));
#9294=CARTESIAN_POINT('',(-1.84070363106982,4.33874253372442,-5.56947918135397));
#9295=CARTESIAN_POINT('',(-0.675159680695873,6.72115720709035,-4.27901128191963));
#9296=CARTESIAN_POINT('',(-0.776130821803399,4.42553811568865,-5.77457903440164));
#9297=CARTESIAN_POINT('',(0.387744540871607,6.68265838050843,-4.29167805058948));
#9298=CARTESIAN_POINT('',(0.286773399764082,4.38703928910673,-5.7872458030715));
#9299=CARTESIAN_POINT('',(-2.00658773153625,4.28785173589909,-5.45036627934049));
#9300=CARTESIAN_POINT('',(-1.98103733278288,4.6009326018683,-5.25078905749014));
#9301=CARTESIAN_POINT('',(-2.14747622642765,5.30057196316842,-4.72351521899127));
#9302=CARTESIAN_POINT('',(-2.49405465090855,5.75923991951256,-4.26226365151055));
#9303=CARTESIAN_POINT('',(-2.7133217675869,6.01143021279723,-3.97623925585453));
#9304=CARTESIAN_POINT('',(-2.00658773142168,4.28785173592941,-5.45036627940269));
#9305=CARTESIAN_POINT('',(-2.71332176758296,6.01143021282321,-3.97623925587404));
#9306=CARTESIAN_POINT('',(0.301329353403905,4.71797469007979,-5.57164543813995));
#9307=CARTESIAN_POINT('',(-0.468066693434602,4.73746678322907,-5.56792884542092));
#9308=CARTESIAN_POINT('',(-1.24999383124519,4.59464517919628,-5.52749875039013));
#9309=CARTESIAN_POINT('',(-2.0065877215105,4.28785170641664,-5.45036630276864));
#9310=CARTESIAN_POINT('',(-2.71332176757232,6.0114302128096,-3.97623925585389));
#9311=CARTESIAN_POINT('',(-2.69535156769044,6.1027410326188,-3.92412486016534));
#9312=CARTESIAN_POINT('',(-2.65537200172001,6.14812536140976,-3.91479860250727));
#9313=CARTESIAN_POINT('',(-2.58658236912684,6.21006749649112,-3.90770897309824));
#9314=CARTESIAN_POINT('',(0.301329353533449,4.71797469470551,-5.57164543517805));
#9315=CARTESIAN_POINT('',(-0.477742432136337,4.73771191571216,-5.56788210347298));
#9316=CARTESIAN_POINT('',(-1.2622766862194,4.59089447373011,-5.52651910062071));
#9317=CARTESIAN_POINT('',(-2.01470790621196,4.2845523626134,-5.44953699277148));
#9318=CARTESIAN_POINT('',(0.300098609700459,4.67410716654725,-5.60021644478967));
#9319=CARTESIAN_POINT('',(-0.47355143836076,4.69367138321613,-5.59659091859631));
#9320=CARTESIAN_POINT('',(-1.25261887365651,4.54742168119446,-5.55689762193592));
#9321=CARTESIAN_POINT('',(-2.00047829679868,4.24232670852831,-5.48306712424479));
#9322=CARTESIAN_POINT('',(0.298664752654512,4.6187482795921,-5.61054375580716));
#9323=CARTESIAN_POINT('',(-0.467341020436128,4.63801683422449,-5.60701283400242));
#9324=CARTESIAN_POINT('',(-1.23876293896848,4.49190721292634,-5.56844723997224));
#9325=CARTESIAN_POINT('',(-1.97905387927707,4.1873930680068,-5.49680838660196));
#9326=CARTESIAN_POINT('',(0.297432667067905,4.56752997209042,-5.59971119890372));
#9327=CARTESIAN_POINT('',(-0.460873802736954,4.58651506484504,-5.59619533018486));
#9328=CARTESIAN_POINT('',(-1.22461408867925,4.44072660268217,-5.55781563343816));
#9329=CARTESIAN_POINT('',(-1.95721835652349,4.13714530927585,-5.48640982650284));
#9330=CARTESIAN_POINT('',(-1.6503851507908,4.2545021863048,-5.51424800156444));
#9331=CARTESIAN_POINT('',(-1.74869174465585,4.24072719495593,-5.5103517296641));
#9332=CARTESIAN_POINT('',(-1.87567101088373,4.2210415605353,-5.50471441137085));
#9333=CARTESIAN_POINT('',(-2.02223732685346,4.24645039044114,-5.47218371557877));
#9334=CARTESIAN_POINT('',(-2.00658771189617,4.28785169095685,-5.45036626947155));
#9335=CARTESIAN_POINT('',(-1.6503851509924,4.25450218209894,-5.51424802152059));
#9336=CARTESIAN_POINT('',(0.235506495885541,4.56871682724141,-5.59934727883826));
#9337=CARTESIAN_POINT('',(-0.398896327816269,4.57715262714834,-5.5948325941789));
#9338=CARTESIAN_POINT('',(-1.03108171500979,4.47182212874588,-5.56630576601673));
#9339=CARTESIAN_POINT('',(-1.6503851509924,4.25450218209894,-5.51424802152059));
#9340=CARTESIAN_POINT('',(-2.0703438658949,4.28678324993458,-5.44042228390251));
#9341=CARTESIAN_POINT('',(-2.0465827137399,4.57067579603248,-5.25954880030459));
#9342=CARTESIAN_POINT('',(-2.18202956509201,5.20707075092563,-4.78900083663347));
#9343=CARTESIAN_POINT('',(-2.56483716100451,5.70592542046268,-4.29225338725053));
#9344=CARTESIAN_POINT('',(-2.80014387946268,5.96056157134233,-3.99985943183101));
#9345=CARTESIAN_POINT('',(-2.04879531927083,4.28525301321109,-5.44081443447828));
#9346=CARTESIAN_POINT('',(-2.02502659972472,4.57174402356178,-5.25833084484921));
#9347=CARTESIAN_POINT('',(-2.15870658699,5.21353203816162,-4.78313279177892));
#9348=CARTESIAN_POINT('',(-2.53743159258516,5.71541717739691,-4.28108086068174));
#9349=CARTESIAN_POINT('',(-2.77014840428014,5.97116865706065,-3.98563854770931));
#9350=CARTESIAN_POINT('',(-2.02717057638556,4.28561542123477,-5.44418722907083));
#9351=CARTESIAN_POINT('',(-2.00338943259317,4.57480958977125,-5.25994629325704));
#9352=CARTESIAN_POINT('',(-2.13526856675848,5.2227987133308,-4.78065534490657));
#9353=CARTESIAN_POINT('',(-2.50981799036704,5.7301127048469,-4.27492297093737));
#9354=CARTESIAN_POINT('',(-2.73988362012246,5.98890064285875,-3.97740493634433));
#9355=CARTESIAN_POINT('',(-2.00658773153429,4.28785173591707,-5.45036627936893));
#9356=CARTESIAN_POINT('',(-1.98276895598971,4.57971422095498,-5.2643149735957));
#9357=CARTESIAN_POINT('',(-2.11316542335756,5.23438882087297,-4.78165257638329));
#9358=CARTESIAN_POINT('',(-2.48478201733055,5.74857499076732,-4.27435939782847));
#9359=CARTESIAN_POINT('',(-2.71332176758296,6.01143021282321,-3.97623925587404));
#9360=CARTESIAN_POINT('',(-2.71332176758316,6.01143021281877,-3.97623925586664));
#9361=CARTESIAN_POINT('',(-2.71674952967186,5.98508570136673,-3.9921564164452));
#9362=CARTESIAN_POINT('',(-2.72490349362591,5.93974933589812,-4.02143914953785));
#9363=CARTESIAN_POINT('',(-2.73711225964208,5.89109723253357,-4.07851682849438));
#9364=CARTESIAN_POINT('',(-2.73721255367254,5.89106200942312,-4.07856270819125));
#9365=CARTESIAN_POINT('',(-2.73711225986587,5.89109722739161,-4.0785168286142));
#9366=CARTESIAN_POINT('',(-2.51112011899513,5.63726298757075,-4.36196891106065));
#9367=CARTESIAN_POINT('',(-2.20679704775929,5.23313674993534,-4.76060268861354));
#9368=CARTESIAN_POINT('',(-2.0463277559066,4.57372197109719,-5.25760802284332));
#9369=CARTESIAN_POINT('',(-2.07034386589213,4.28678325000006,-5.44042228400566));
#9370=CARTESIAN_POINT('',(-2.07034386586559,4.28678325028497,-5.44042228367927));
#9371=CARTESIAN_POINT('',(-2.06580546386705,4.39395109096567,-5.60922529559483));
#9372=CARTESIAN_POINT('',(-2.00658773153709,4.2878517358827,-5.45036627939083));
#9373=CARTESIAN_POINT('',(-2.01101725395111,4.2761334262278,-5.45654155884004));
#9374=CARTESIAN_POINT('',(-2.00905419582996,4.25966742455678,-5.46618897979408));
#9375=CARTESIAN_POINT('',(-1.97681557011765,4.23818079346582,-5.48254999482571));
#9376=CARTESIAN_POINT('',(-1.86620683840754,4.22532439104243,-5.50416851061769));
#9377=CARTESIAN_POINT('',(-1.74139667738779,4.24174746069296,-5.51065012878216));
#9378=CARTESIAN_POINT('',(-1.6503851509924,4.25450218209894,-5.51424802152059));
#9379=CARTESIAN_POINT('',(-2.02717057638832,4.28561542120077,-5.44418722909243));
#9380=CARTESIAN_POINT('',(-2.03078735288626,4.27148497415497,-5.45277704034128));
#9381=CARTESIAN_POINT('',(-2.02714873064878,4.2505001805039,-5.46566663605298));
#9382=CARTESIAN_POINT('',(-1.99101322169964,4.21933735268154,-5.4854560884281));
#9383=CARTESIAN_POINT('',(-1.87332474426479,4.18974778821852,-5.50640296314966));
#9384=CARTESIAN_POINT('',(-1.7451822074782,4.19774801198072,-5.50575351610325));
#9385=CARTESIAN_POINT('',(-1.65249897908331,4.20574047061235,-5.50392569078534));
#9386=CARTESIAN_POINT('',(-2.04879531927357,4.28525301317756,-5.4408144344997));
#9387=CARTESIAN_POINT('',(-2.05143301595396,4.2683425820111,-5.45162021740811));
#9388=CARTESIAN_POINT('',(-2.04599609145874,4.24255229785786,-5.46769246101797));
#9389=CARTESIAN_POINT('',(-2.00602796764466,4.20161508173183,-5.49207294310197));
#9390=CARTESIAN_POINT('',(-1.88161244467746,4.15512526638933,-5.51731121477739));
#9391=CARTESIAN_POINT('',(-1.74971180110379,4.1524560567449,-5.51566110407611));
#9392=CARTESIAN_POINT('',(-1.65479129980808,4.15319885816046,-5.51272258410809));
#9393=CARTESIAN_POINT('',(-2.07034386589766,4.28678324990141,-5.44042228392366));
#9394=CARTESIAN_POINT('',(-2.07201082916062,4.26686677271435,-5.45311146037189));
#9395=CARTESIAN_POINT('',(-2.06478037347157,4.23614625822523,-5.47218813081907));
#9396=CARTESIAN_POINT('',(-2.02095863642091,4.18595690594366,-5.50205299269665));
#9397=CARTESIAN_POINT('',(-1.88972134857364,4.12498038648978,-5.53567389797433));
#9398=CARTESIAN_POINT('',(-1.75393869399274,4.1146803556089,-5.5382950457914));
#9399=CARTESIAN_POINT('',(-1.65667001662933,4.11044861618972,-5.53836650195802));
#9400=CARTESIAN_POINT('',(-2.0703438658817,4.28678324996594,-5.44042228402703));
#9401=CARTESIAN_POINT('',(-2.07569273390865,4.22287625791969,-5.48113867632592));
#9402=CARTESIAN_POINT('',(-1.90015831111734,4.11710952916063,-5.54069786326448));
#9403=CARTESIAN_POINT('',(-1.7596955088659,4.11496494215437,-5.53827038030885));
#9404=CARTESIAN_POINT('',(-1.65667001662552,4.11044861627895,-5.53836650204766));
#9405=CARTESIAN_POINT('',(-1.65038515099238,4.25450218209937,-5.51424802151861));
#9406=CARTESIAN_POINT('',(-1.6514420674462,4.23012132646053,-5.50908685614871));
#9407=CARTESIAN_POINT('',(-1.65254447624875,4.20477281096286,-5.50854525306017));
#9408=CARTESIAN_POINT('',(-1.65361680091098,4.18019442651682,-5.51266034235309));
#9409=CARTESIAN_POINT('',(0.0801280615807219,-2.69258499251359,-4.06378979397493));
#9410=CARTESIAN_POINT('',(0.109239881544976,0.287927735741889,-4.69373884377919));
#9411=CARTESIAN_POINT('',(0.277555472590667,4.1706258248191,-5.51566433816272));
#9412=CARTESIAN_POINT('',(5.57254538469342,3.94026371707139,-5.51955417908422));
#9413=CARTESIAN_POINT('',(0.158707077029412,0.275420152823347,-4.7426934854442));
#9414=CARTESIAN_POINT('',(0.208174272513875,0.262912569904729,-4.79164812710914));
#9415=CARTESIAN_POINT('',(0.288147267306943,4.09571667095428,-5.51408681406962));
#9416=CARTESIAN_POINT('',(0.280064495649185,4.12083808835713,-5.50994080802007));
#9417=CARTESIAN_POINT('',(0.276492346504424,4.14610166993922,-5.51047283790648));
#9418=CARTESIAN_POINT('',(0.277555472590667,4.1706258248191,-5.51566433816272));
#9419=CARTESIAN_POINT('',(-6.99837355118935,5.73549683386894,-4.4511413122415));
#9420=CARTESIAN_POINT('',(-7.0348260861597,5.27548716667464,-4.90854243643865));
#9421=CARTESIAN_POINT('',(-7.07262716354757,4.80306149793225,-5.32028692848199));
#9422=CARTESIAN_POINT('',(-7.11297446300813,4.21683277557529,-5.85397294446782));
#9423=CARTESIAN_POINT('',(-7.12101394374619,4.09519673144186,-5.96510675047077));
#9424=CARTESIAN_POINT('',(-7.12862292058527,3.97498049335662,-6.07674731190999));
#9425=CARTESIAN_POINT('',(-6.84389455612796,5.90860093436304,-4.57722078969314));
#9426=CARTESIAN_POINT('',(-6.91620288475481,5.44952162911091,-5.02887911612918));
#9427=CARTESIAN_POINT('',(-6.99052454537874,4.97920190035571,-5.45326626283771));
#9428=CARTESIAN_POINT('',(-7.06485172987151,4.37407644346484,-5.98121130668694));
#9429=CARTESIAN_POINT('',(-7.07926166132228,4.24841480549719,-6.09010605290305));
#9430=CARTESIAN_POINT('',(-7.09253124192131,4.1234660890119,-6.19846872724361));
#9431=CARTESIAN_POINT('',(-6.60151560493412,6.03184063622823,-4.66054090004928));
#9432=CARTESIAN_POINT('',(-6.71863234450892,5.59091319187714,-5.1197735621486));
#9433=CARTESIAN_POINT('',(-6.82850357053305,5.13210040487735,-5.56713928953745));
#9434=CARTESIAN_POINT('',(-6.95182475097101,4.51834154134266,-6.09917348601111));
#9435=CARTESIAN_POINT('',(-6.97595332638179,4.39052249708557,-6.20747696797663));
#9436=CARTESIAN_POINT('',(-6.9987014632143,4.26248575285987,-6.31401088680511));
#9437=CARTESIAN_POINT('',(-6.3407463707905,6.06987313697447,-4.67720702039864));
#9438=CARTESIAN_POINT('',(-6.48761303880141,5.66473151939667,-5.15896377070235));
#9439=CARTESIAN_POINT('',(-6.62247640191292,5.22702851950816,-5.63569761350355));
#9440=CARTESIAN_POINT('',(-6.79451190955358,4.62314163045865,-6.1861903772811));
#9441=CARTESIAN_POINT('',(-6.82896701169999,4.49682575429483,-6.2968165882139));
#9442=CARTESIAN_POINT('',(-6.86245940904276,4.3693325041269,-6.40450154243108));
#9443=CARTESIAN_POINT('',(-7.08870813302357,4.56283390119599,-5.54041951218058));
#9444=CARTESIAN_POINT('',(-7.01392383810851,4.50574682356873,-5.98088990655774));
#9445=CARTESIAN_POINT('',(-6.9208239177612,4.40819443703208,-6.25334055272055));
#9446=CARTESIAN_POINT('',(-6.87597221001542,4.35851648115877,-6.39534857719794));
#9447=CARTESIAN_POINT('',(-7.08875706152858,4.56284638625785,-5.54042943752328));
#9448=CARTESIAN_POINT('',(-6.98311079356542,5.75213560888245,-4.46323992688788));
#9449=CARTESIAN_POINT('',(-7.00485556546738,5.30812673870743,-4.93820232773107));
#9450=CARTESIAN_POINT('',(-7.05371565469388,4.90592859482544,-5.28134241063906));
#9451=CARTESIAN_POINT('',(-7.08870813302357,4.5628339011957,-5.54041951218095));
#9452=CARTESIAN_POINT('',(-1.40540218149804,-1.35916748910605,-6.89562251795793));
#9453=CARTESIAN_POINT('',(-1.3230446156749,0.532154940334739,-6.79447219757868));
#9454=CARTESIAN_POINT('',(-1.96713734499318,-1.34102669960711,-6.77745127971234));
#9455=CARTESIAN_POINT('',(-1.88477977917004,0.550295729833677,-6.67630095933308));
#9456=CARTESIAN_POINT('',(-2.51535753895098,-1.32693663263496,-6.59454309990386));
#9457=CARTESIAN_POINT('',(-2.43299997312784,0.564385796805828,-6.4933927795246));
#9458=CARTESIAN_POINT('',(-3.03571038177775,-1.31726616554963,-6.3516865069781));
#9459=CARTESIAN_POINT('',(-2.95335281595461,0.574056263891157,-6.25053618659885));
#9460=CARTESIAN_POINT('',(-1.58688315151327,-0.700555157102265,-6.81345187965405));
#9461=CARTESIAN_POINT('',(-1.7486019121415,-0.874544126616431,-6.78599020094982));
#9462=CARTESIAN_POINT('',(-1.93006287664994,-1.06295323969478,-6.74965671202404));
#9463=CARTESIAN_POINT('',(-2.12963393687123,-1.2660767056887,-6.70027912466225));
#9464=CARTESIAN_POINT('',(-1.58688315245015,-0.700555159042954,-6.81345187957111));
#9465=CARTESIAN_POINT('',(-2.12963393687723,-1.26607670568742,-6.70027912468112));
#9466=CARTESIAN_POINT('',(-1.82385540377033,-6.14256805976767,-7.10449762630935));
#9467=CARTESIAN_POINT('',(-1.55029374797984,0.139712022945365,-6.76851332601916));
#9468=CARTESIAN_POINT('',(-1.38857453705583,0.487854106217189,-6.78330214575761));
#9469=CARTESIAN_POINT('',(-1.50396377659571,0.373302841901846,-6.76542515347567));
#9470=CARTESIAN_POINT('',(-1.53978728756584,0.282415748919953,-6.76190520246557));
#9471=CARTESIAN_POINT('',(-1.55029374797611,0.139712022944358,-6.76851332600351));
#9472=CARTESIAN_POINT('',(0.203855918436245,0.0737231562165656,0.534130333450508));
#9473=CARTESIAN_POINT('',(-2.20220439191349,0.557521404951166,-6.55295743496775));
#9474=CARTESIAN_POINT('',(-3.01152063091066,-1.18917041676692,-6.35346569129298));
#9475=CARTESIAN_POINT('',(-2.80455493589206,-0.89038643671821,-6.42709649755703));
#9476=CARTESIAN_POINT('',(-2.49414369333154,-0.406760310821732,-6.51824627459161));
#9477=CARTESIAN_POINT('',(-2.25158548982676,0.260348465381054,-6.55647902902418));
#9478=CARTESIAN_POINT('',(-2.20220439190686,0.557521404949833,-6.55295743494822));
#9479=CARTESIAN_POINT('',(-3.01152063092057,-1.18917041676534,-6.35346569131443));
#9480=CARTESIAN_POINT('',(-3.01152063092057,-1.18917041676534,-6.35346569131443));
#9481=CARTESIAN_POINT('',(-3.01569185087078,-1.19519215721979,-6.35198172418644));
#9482=CARTESIAN_POINT('',(-3.02244811109932,-1.20885657959522,-6.34985653326209));
#9483=CARTESIAN_POINT('',(-3.02198184005128,-1.23216339384475,-6.35179058492079));
#9484=CARTESIAN_POINT('',(-3.01188919920782,-1.25180904844874,-6.35790982811239));
#9485=CARTESIAN_POINT('',(-2.99258873173306,-1.27228003225832,-6.36830136469144));
#9486=CARTESIAN_POINT('',(-2.96327343732871,-1.29026953015031,-6.38299091638681));
#9487=CARTESIAN_POINT('',(-2.89977613853874,-1.31432554851718,-6.41328073839034));
#9488=CARTESIAN_POINT('',(-2.84541530609268,-1.32096602704833,-6.43744607887342));
#9489=CARTESIAN_POINT('',(-2.80453198815753,-1.32181418085163,-6.45487477538459));
#9490=CARTESIAN_POINT('',(-2.80453198815753,-1.32181418085163,-6.45487477538459));
#9491=CARTESIAN_POINT('',(0.121498352850248,-1.81759926757739,0.43298001335054));
#9492=CARTESIAN_POINT('',(-2.41196082087632,-1.33064695711995,-6.60935355314716));
#9493=CARTESIAN_POINT('',(-2.41196082087632,-1.33064695711995,-6.60935355314716));
#9494=CARTESIAN_POINT('',(-2.3705260820466,-1.33165032754645,-6.62432896034007));
#9495=CARTESIAN_POINT('',(-2.30012704110889,-1.3276664049752,-6.64866233899165));
#9496=CARTESIAN_POINT('',(-2.21859213557367,-1.31112106681156,-6.67472043573011));
#9497=CARTESIAN_POINT('',(-2.17138086900006,-1.29371948227617,-6.68884623838478));
#9498=CARTESIAN_POINT('',(-2.14664950493402,-1.2802821953616,-6.69584619280883));
#9499=CARTESIAN_POINT('',(-2.13484659008491,-1.27138214822939,-6.69898941765565));
#9500=CARTESIAN_POINT('',(-2.12963393687723,-1.26607670568742,-6.70027912468112));
#9501=CARTESIAN_POINT('',(-7.43569183909574,-0.542940008096601,-6.99123692774696));
#9502=CARTESIAN_POINT('',(-2.69783763117364,0.798783200169993,-6.91204378298971));
#9503=CARTESIAN_POINT('',(-1.02442100800911,0.725980081211966,-6.91327311950732));
#9504=CARTESIAN_POINT('',(0.124491897447197,0.67599585028563,-6.91411714159409));
#9505=CARTESIAN_POINT('',(-1.05048607146173,0.127401933927722,-6.94528583739588));
#9506=CARTESIAN_POINT('',(-1.64991889171617,0.153480663124509,-6.94484547804519));
#9507=CARTESIAN_POINT('',(-1.66400683589809,-0.170045712985382,-6.96214807864123));
#9508=CARTESIAN_POINT('',(0.148549466119859,1.2284723443841,-6.88456999854221));
#9509=CARTESIAN_POINT('',(-7.23182030281879,-1.06204367745365,-6.88903173441564));
#9510=CARTESIAN_POINT('',(-1.69697418020401,-1.30284089142951,-6.89309778011165));
#9511=CARTESIAN_POINT('',(-7.22483036075906,-0.90073166994634,-6.92720845831789));
#9512=CARTESIAN_POINT('',(-1.68998423814428,-1.1415288839222,-6.9312745040139));
#9513=CARTESIAN_POINT('',(-7.2177825666746,-0.738178633189403,-6.96013052696632));
#9514=CARTESIAN_POINT('',(-1.68293644405983,-0.978975847165265,-6.96419657266232));
#9515=CARTESIAN_POINT('',(-7.2106918292733,-0.574728427362604,-6.98772829793116));
#9516=CARTESIAN_POINT('',(-1.67584570665852,-0.815525641338466,-6.99179434362717));
#9517=CARTESIAN_POINT('',(-1.70866099987493,-0.814097989858149,-6.99177023655315));
#9518=CARTESIAN_POINT('',(-1.85804256061225,-0.972656058841943,-6.96386040898536));
#9519=CARTESIAN_POINT('',(-2.00934880480613,-1.1285367108898,-6.93082684961774));
#9520=CARTESIAN_POINT('',(-2.16076209562924,-1.28266345869197,-6.89275707534329));
#9521=CARTESIAN_POINT('',(-2.16076209562924,-1.28266345869197,-6.89275707534329));
#9522=CARTESIAN_POINT('',(-1.70866099987493,-0.814097989858149,-6.99177023655315));
#9523=CARTESIAN_POINT('',(5.3301272456845,-1.60855967892552,-6.89826007631021));
#9524=CARTESIAN_POINT('',(5.3512557192298,-1.12124442883795,-6.99695663981612));
#9525=CARTESIAN_POINT('',(0.203855918538959,0.0737231562001357,0.534130333632615));
#9526=CARTESIAN_POINT('',(0.208200095686353,0.173486180762905,0.539465786452764));
#9527=CARTESIAN_POINT('',(-2.20220439119972,0.55752140491549,-6.55295743512527));
#9528=CARTESIAN_POINT('',(-2.18770636533042,0.607591125760167,-6.55446150288231));
#9529=CARTESIAN_POINT('',(-1.94650390008588,0.648887909837402,-6.59527955805165));
#9530=CARTESIAN_POINT('',(-1.49064755165727,0.631872598502851,-6.6482875873917));
#9531=CARTESIAN_POINT('',(-2.4119608208763,-1.33064695711966,-6.60935355314718));
#9532=CARTESIAN_POINT('',(-2.3705260820466,-1.33165032754645,-6.62432896034007));
#9533=CARTESIAN_POINT('',(-2.30012704110889,-1.3276664049752,-6.64866233899165));
#9534=CARTESIAN_POINT('',(-2.21859213557367,-1.31112106681156,-6.67472043573011));
#9535=CARTESIAN_POINT('',(-2.17138086900006,-1.29371948227617,-6.68884623838478));
#9536=CARTESIAN_POINT('',(-2.14664950397013,-1.28028219483789,-6.69584619308172));
#9537=CARTESIAN_POINT('',(-2.13484658824493,-1.27138214684192,-6.69898941814573));
#9538=CARTESIAN_POINT('',(-2.1296339344394,-1.26607670320619,-6.70027912528426));
#9539=CARTESIAN_POINT('',(-2.41261070827238,-1.34557147069143,-6.61015173504666));
#9540=CARTESIAN_POINT('',(-2.37050893122112,-1.34794654809428,-6.62545635928088));
#9541=CARTESIAN_POINT('',(-2.29871872544633,-1.34617305322627,-6.65050800392034));
#9542=CARTESIAN_POINT('',(-2.21427729095365,-1.33206641135243,-6.67762409062631));
#9543=CARTESIAN_POINT('',(-2.16336702378019,-1.31560685275698,-6.69295732697039));
#9544=CARTESIAN_POINT('',(-2.13491092191517,-1.30167690277648,-6.70104656631923));
#9545=CARTESIAN_POINT('',(-2.12000222746283,-1.29151231937661,-6.70505546409567));
#9546=CARTESIAN_POINT('',(-2.11267728579174,-1.28458564907658,-6.70687933654407));
#9547=CARTESIAN_POINT('',(-2.41621648397761,-1.37496563170318,-6.61815893920263));
#9548=CARTESIAN_POINT('',(-2.37317377857006,-1.3800032563308,-6.63533421459611));
#9549=CARTESIAN_POINT('',(-2.29933675925243,-1.38241253929707,-6.66381158539811));
#9550=CARTESIAN_POINT('',(-2.21016532525911,-1.37295074111279,-6.69676284475562));
#9551=CARTESIAN_POINT('',(-2.15272555153287,-1.35816262377769,-6.7174493224969));
#9552=CARTESIAN_POINT('',(-2.11740426005796,-1.34311956926896,-6.72979055228751));
#9553=CARTESIAN_POINT('',(-2.09663110271573,-1.33033982482687,-6.73673428031263));
#9554=CARTESIAN_POINT('',(-2.0852568293076,-1.32012810246223,-6.7402589115596));
#9555=CARTESIAN_POINT('',(-2.42747195315558,-1.40901056972828,-6.64702010712874));
#9556=CARTESIAN_POINT('',(-2.38426815298631,-1.41544792790341,-6.6696059875103));
#9557=CARTESIAN_POINT('',(-2.30995750061993,-1.41889344196161,-6.70796421082591));
#9558=CARTESIAN_POINT('',(-2.21951721714654,-1.40722196217882,-6.75493075570888));
#9559=CARTESIAN_POINT('',(-2.16006337361076,-1.38819244937554,-6.78622074857199));
#9560=CARTESIAN_POINT('',(-2.12249356100686,-1.36860557024232,-6.80553070281076));
#9561=CARTESIAN_POINT('',(-2.09972220528707,-1.35195011975525,-6.81658576684035));
#9562=CARTESIAN_POINT('',(-2.0869328373763,-1.33871377956951,-6.82221019501393));
#9563=CARTESIAN_POINT('',(-2.43986697451197,-1.42336003361087,-6.68035386817684));
#9564=CARTESIAN_POINT('',(-2.39726886292028,-1.4275696524408,-6.70788496702616));
#9565=CARTESIAN_POINT('',(-2.32430127348575,-1.42511396300468,-6.75406266540154));
#9566=CARTESIAN_POINT('',(-2.23717972459634,-1.4015830056721,-6.80864054629192));
#9567=CARTESIAN_POINT('',(-2.18275847131005,-1.37286457147946,-6.84265167609574));
#9568=CARTESIAN_POINT('',(-2.15069420752551,-1.34784100235073,-6.86221233238997));
#9569=CARTESIAN_POINT('',(-2.13272870011276,-1.32916830938311,-6.87259502781562));
#9570=CARTESIAN_POINT('',(-2.12328797761037,-1.31620932719389,-6.877568265292));
#9571=CARTESIAN_POINT('',(-2.44755775639813,-1.42440293682652,-6.70156324943137));
#9572=CARTESIAN_POINT('',(-2.40540475124311,-1.4257145932843,-6.73128569801953));
#9573=CARTESIAN_POINT('',(-2.33343532767386,-1.4170240271369,-6.7801124549482));
#9574=CARTESIAN_POINT('',(-2.24906197899549,-1.38371822719454,-6.83382818963618));
#9575=CARTESIAN_POINT('',(-2.19895552492614,-1.3487940472175,-6.8642120903282));
#9576=CARTESIAN_POINT('',(-2.17168487117281,-1.32142972029832,-6.8799915817736));
#9577=CARTESIAN_POINT('',(-2.15792546368881,-1.30290938740904,-6.88751108907826));
#9578=CARTESIAN_POINT('',(-2.1514305641524,-1.29146328362794,-6.89078141567134));
#9579=CARTESIAN_POINT('',(-2.45008445377231,-1.4239172841912,-6.7085867870177));
#9580=CARTESIAN_POINT('',(-2.40807318600571,-1.42412514704114,-6.7389061183555));
#9581=CARTESIAN_POINT('',(-2.33645010474279,-1.41311273051979,-6.78817773261006));
#9582=CARTESIAN_POINT('',(-2.25298487620663,-1.37652030478711,-6.84095529375237));
#9583=CARTESIAN_POINT('',(-2.20432011848751,-1.33970489598614,-6.86957560907395));
#9584=CARTESIAN_POINT('',(-2.17864191286262,-1.31178452810823,-6.88376430901891));
#9585=CARTESIAN_POINT('',(-2.16628042063703,-1.29349006685911,-6.89013921849969));
#9586=CARTESIAN_POINT('',(-2.16076210298554,-1.28266344881235,-6.89275707759571));
#9587=CARTESIAN_POINT('',(-2.12963394035617,-1.26607670922829,-6.70027912382034));
#9588=CARTESIAN_POINT('',(-2.07028567848102,-1.33085802621542,-6.72337986110756));
#9589=CARTESIAN_POINT('',(-2.0954413451768,-1.34426230973274,-6.87892743596947));
#9590=CARTESIAN_POINT('',(-2.16076210924926,-1.28266346110141,-6.89275707462423));
#9591=CARTESIAN_POINT('',(-2.45008445377221,-1.42391728418951,-6.70858678701771));
#9592=CARTESIAN_POINT('',(-2.4323975721446,-1.42731685268364,-6.65942202388878));
#9593=CARTESIAN_POINT('',(-2.414235426735,-1.38288275465457,-6.61214718971787));
#9594=CARTESIAN_POINT('',(-2.41196082084822,-1.33064695712534,-6.60935355306909));
#9595=CARTESIAN_POINT('',(-2.27583452885379,-1.38521751084801,-6.82627829197716));
#9596=CARTESIAN_POINT('',(-2.21788741144943,-1.35732446680896,-6.862686382687));
#9597=CARTESIAN_POINT('',(-2.17935571320089,-1.31915056580258,-6.8839345927892));
#9598=CARTESIAN_POINT('',(-2.16076210298556,-1.2826634488128,-6.89275707759763));
#9599=CARTESIAN_POINT('',(0.121498352962299,-1.81759926758096,0.432980013556031));
#9600=CARTESIAN_POINT('',(-2.84788991453101,-1.4149667375939,-6.55204828263876));
#9601=CARTESIAN_POINT('',(-2.82746236894255,-1.41842796811256,-6.50396198633942));
#9602=CARTESIAN_POINT('',(-2.80680660560754,-1.37404997667859,-6.45766840690631));
#9603=CARTESIAN_POINT('',(-2.80453199921603,-1.3218141806275,-6.45487477057838));
#9604=CARTESIAN_POINT('',(-2.84788990328396,-1.41496673757302,-6.55204829221841));
#9605=CARTESIAN_POINT('',(0.117154175622285,-1.91736229209399,0.427644560415587));
#9606=CARTESIAN_POINT('',(-3.01152063092057,-1.18917041676534,-6.35346569131443));
#9607=CARTESIAN_POINT('',(-3.01569185087078,-1.19519215721979,-6.35198172418644));
#9608=CARTESIAN_POINT('',(-3.02244811109932,-1.20885657959522,-6.34985653326209));
#9609=CARTESIAN_POINT('',(-3.02198184005128,-1.23216339384475,-6.35179058492079));
#9610=CARTESIAN_POINT('',(-3.01188919920782,-1.25180904844874,-6.35790982811239));
#9611=CARTESIAN_POINT('',(-2.99258873173306,-1.27228003225832,-6.36830136469144));
#9612=CARTESIAN_POINT('',(-2.96327343732871,-1.29026953015031,-6.38299091638681));
#9613=CARTESIAN_POINT('',(-2.89977613853874,-1.31432554851718,-6.41328073839034));
#9614=CARTESIAN_POINT('',(-2.84541530609268,-1.32096602704833,-6.43744607887342));
#9615=CARTESIAN_POINT('',(-2.80453198815753,-1.32181418085163,-6.45487477538459));
#9616=CARTESIAN_POINT('',(-3.01854863076777,-1.18331939264904,-6.34978801788372));
#9617=CARTESIAN_POINT('',(-3.022878541352,-1.19058725242024,-6.34831848921349));
#9618=CARTESIAN_POINT('',(-3.02992476096503,-1.20698599678698,-6.34627624938758));
#9619=CARTESIAN_POINT('',(-3.02962212836084,-1.2348399397749,-6.34848305974753));
#9620=CARTESIAN_POINT('',(-3.01941541582842,-1.25840955953758,-6.35496803059529));
#9621=CARTESIAN_POINT('',(-2.99976305020999,-1.28320236478758,-6.36587998881924));
#9622=CARTESIAN_POINT('',(-2.96979989242238,-1.30546772674829,-6.38124213641913));
#9623=CARTESIAN_POINT('',(-2.90462082192099,-1.33664003571087,-6.41280664769805));
#9624=CARTESIAN_POINT('',(-2.84853841896181,-1.34761351533794,-6.43817624778181));
#9625=CARTESIAN_POINT('',(-2.80583176295029,-1.35166320799447,-6.45647113918325));
#9626=CARTESIAN_POINT('',(-3.03192158117107,-1.17291000095909,-6.34568050610662));
#9627=CARTESIAN_POINT('',(-3.0363909113755,-1.18237983351766,-6.34393165903138));
#9628=CARTESIAN_POINT('',(-3.04370464417477,-1.20363046088425,-6.34150531677292));
#9629=CARTESIAN_POINT('',(-3.04372744847761,-1.23945015711892,-6.34427182276617));
#9630=CARTESIAN_POINT('',(-3.03369270277619,-1.2698402882899,-6.35220908699768));
#9631=CARTESIAN_POINT('',(-3.01412273136314,-1.30210373960999,-6.36557804991586));
#9632=CARTESIAN_POINT('',(-2.98408486305088,-1.33171182367083,-6.3845147557311));
#9633=CARTESIAN_POINT('',(-2.91848406205815,-1.3747835421064,-6.42419502572245));
#9634=CARTESIAN_POINT('',(-2.8615726166169,-1.39294306927288,-6.45704883995965));
#9635=CARTESIAN_POINT('',(-2.81787194597593,-1.40170880483974,-6.48227893651286));
#9636=CARTESIAN_POINT('',(-3.04616066781523,-1.16298991299289,-6.3459519709215));
#9637=CARTESIAN_POINT('',(-3.05064790022829,-1.17443365157193,-6.34338147443603));
#9638=CARTESIAN_POINT('',(-3.05805479727628,-1.20019512650278,-6.3397341067824));
#9639=CARTESIAN_POINT('',(-3.05843339966495,-1.24360141471486,-6.34326178660544));
#9640=CARTESIAN_POINT('',(-3.0488493503565,-1.28004015109409,-6.35412805476615));
#9641=CARTESIAN_POINT('',(-3.02989574156006,-1.31808935378328,-6.3725810522631));
#9642=CARTESIAN_POINT('',(-3.00062463550657,-1.35183949682826,-6.39878339042713));
#9643=CARTESIAN_POINT('',(-2.93662893004639,-1.39805689988765,-6.45341663121646));
#9644=CARTESIAN_POINT('',(-2.88120724102991,-1.41271296182671,-6.498102105539));
#9645=CARTESIAN_POINT('',(-2.8391352409758,-1.41645012308299,-6.5314398788769));
#9646=CARTESIAN_POINT('',(-3.05227190753334,-1.15893240030811,-6.34686720180277));
#9647=CARTESIAN_POINT('',(-3.05676352236311,-1.17114599113916,-6.34385390800496));
#9648=CARTESIAN_POINT('',(-3.0642064918733,-1.19874297122673,-6.33953178209043));
#9649=CARTESIAN_POINT('',(-3.06473307295787,-1.24529213843858,-6.34341715915637));
#9650=CARTESIAN_POINT('',(-3.05533296577257,-1.2841069985777,-6.35578296191403));
#9651=CARTESIAN_POINT('',(-3.03662336521462,-1.32417031373197,-6.37679948202299));
#9652=CARTESIAN_POINT('',(-3.00764333754477,-1.358839751961,-6.40652309779269));
#9653=CARTESIAN_POINT('',(-2.944232368088,-1.40414414850316,-6.46782997659823));
#9654=CARTESIAN_POINT('',(-2.88934634904023,-1.41504896537845,-6.51675654779832));
#9655=CARTESIAN_POINT('',(-2.84788990328404,-1.41496673757334,-6.55204829221343));
#9656=CARTESIAN_POINT('',(-3.05227190753334,-1.15893240030811,-6.34686720180277));
#9657=CARTESIAN_POINT('',(-3.03801234819108,-1.16839992990593,-6.3447316630798));
#9658=CARTESIAN_POINT('',(-3.02381963065317,-1.17893112456182,-6.34702976281069));
#9659=CARTESIAN_POINT('',(-3.01152063092057,-1.18917041676534,-6.35346569131443));
#9660=CARTESIAN_POINT('',(-3.02628495989453,-1.33519663862491,-6.3873812748331));
#9661=CARTESIAN_POINT('',(-2.98785399198355,-1.38488495322006,-6.42724822735399));
#9662=CARTESIAN_POINT('',(-2.92874166493838,-1.41512711058886,-6.48321933211689));
#9663=CARTESIAN_POINT('',(-2.84788990328406,-1.41496673757372,-6.55204829221345));
#9664=CARTESIAN_POINT('',(-2.20220439191349,0.557521404951166,-6.55295743496775));
#9665=CARTESIAN_POINT('',(-2.30925307539401,-0.0866921359957513,-6.56059157081099));
#9666=CARTESIAN_POINT('',(-2.64858953130746,-0.665228521873072,-6.4825832703423));
#9667=CARTESIAN_POINT('',(-3.01152063092057,-1.18917041676534,-6.35346569131443));
#9668=CARTESIAN_POINT('',(-2.21249619340267,0.559207708814302,-6.54934826195225));
#9669=CARTESIAN_POINT('',(-2.31969673572459,-0.0819548263699009,-6.55659278842033));
#9670=CARTESIAN_POINT('',(-2.66004373765724,-0.657678753720785,-6.47752408858154));
#9671=CARTESIAN_POINT('',(-3.02381963065314,-1.1789311245618,-6.34702976281076));
#9672=CARTESIAN_POINT('',(-2.22337731225817,0.561012585903531,-6.54748169006408));
#9673=CARTESIAN_POINT('',(-2.33082827391739,-0.0770832052639945,-6.55456529249751));
#9674=CARTESIAN_POINT('',(-2.67257806640734,-0.649927090399227,-6.47535504863705));
#9675=CARTESIAN_POINT('',(-3.03801234819116,-1.16839992990589,-6.34473166307992));
#9676=CARTESIAN_POINT('',(-2.23426104439093,0.562838718214835,-6.54745836385803));
#9677=CARTESIAN_POINT('',(-2.34197043189373,-0.0723528774171393,-6.55463162792992));
#9678=CARTESIAN_POINT('',(-2.68513387699722,-0.642559240089667,-6.47626555801747));
#9679=CARTESIAN_POINT('',(-3.05227190753334,-1.15893240030811,-6.34686720180277));
#9680=CARTESIAN_POINT('',(-2.234285196055,0.563972048191889,-6.64745193855026));
#9681=CARTESIAN_POINT('',(-1.49064755165718,0.631872598504943,-6.64828758739158));
#9682=CARTESIAN_POINT('',(-1.60207406659788,0.636031708833602,-6.63533065480995));
#9683=CARTESIAN_POINT('',(-1.78482975417638,0.638599898182904,-6.61230689331645));
#9684=CARTESIAN_POINT('',(-2.00089769757239,0.625241594316536,-6.58215121713085));
#9685=CARTESIAN_POINT('',(-2.12010080130575,0.60399213642216,-6.56478304421002));
#9686=CARTESIAN_POINT('',(-2.17901229127031,0.583112889097318,-6.55614988596243));
#9687=CARTESIAN_POINT('',(-2.19948629923598,0.566908483437771,-6.55323941804398));
#9688=CARTESIAN_POINT('',(-2.20220439122617,0.557521404920808,-6.55295743520318));
#9689=CARTESIAN_POINT('',(-1.49069546128025,0.630262284591139,-6.61813871062184));
#9690=CARTESIAN_POINT('',(-1.60192028187257,0.638556556709119,-6.6074325296301));
#9691=CARTESIAN_POINT('',(-1.78500000260211,0.646806137504644,-6.58968906194317));
#9692=CARTESIAN_POINT('',(-2.0031987918866,0.636068929418356,-6.56907742117219));
#9693=CARTESIAN_POINT('',(-2.12428623544044,0.612761493831789,-6.55800007706016));
#9694=CARTESIAN_POINT('',(-2.18433072758019,0.588643093203907,-6.55271810829763));
#9695=CARTESIAN_POINT('',(-2.20527253548389,0.569550306185604,-6.55101495680516));
#9696=CARTESIAN_POINT('',(-2.20808542059266,0.558485008146818,-6.55089505052406));
#9697=CARTESIAN_POINT('',(-1.48966756298028,0.652984400607748,-6.56456413321171));
#9698=CARTESIAN_POINT('',(-1.60156132119167,0.663858822157468,-6.5610704117548));
#9699=CARTESIAN_POINT('',(-1.78652326969252,0.674602271001847,-6.55591244369128));
#9700=CARTESIAN_POINT('',(-2.00865366536676,0.660061765402534,-6.55108274629698));
#9701=CARTESIAN_POINT('',(-2.13253578109605,0.629813920765204,-6.54904028409029));
#9702=CARTESIAN_POINT('',(-2.19416429916412,0.598756676789753,-6.54827926082949));
#9703=CARTESIAN_POINT('',(-2.21575322842422,0.574344773529582,-6.54817646236763));
#9704=CARTESIAN_POINT('',(-2.21871296662219,0.560238831156791,-6.54827548229668));
#9705=CARTESIAN_POINT('',(-1.48738412318872,0.705121725828106,-6.5439137973331));
#9706=CARTESIAN_POINT('',(-1.60108160964493,0.711895450592919,-6.54379332203042));
#9707=CARTESIAN_POINT('',(-1.78913893542554,0.71520673648291,-6.54380678793709));
#9708=CARTESIAN_POINT('',(-2.01525327353525,0.688693968790577,-6.54486818100838));
#9709=CARTESIAN_POINT('',(-2.14150325628089,0.648358342241991,-6.54599278164938));
#9710=CARTESIAN_POINT('',(-2.20439820108176,0.609292483428375,-6.5468161532916));
#9711=CARTESIAN_POINT('',(-2.22650459684971,0.579285218267317,-6.54727534593158));
#9712=CARTESIAN_POINT('',(-2.22959658685656,0.562056094806991,-6.54746836075054));
#9713=CARTESIAN_POINT('',(-1.48640001854864,0.727726922978231,-6.54302860002476));
#9714=CARTESIAN_POINT('',(-1.6008690690031,0.73270697623085,-6.54294450800492));
#9715=CARTESIAN_POINT('',(-1.79025350571475,0.732762268311417,-6.5431344623757));
#9716=CARTESIAN_POINT('',(-2.01807909604298,0.701033405203198,-6.54446734895864));
#9717=CARTESIAN_POINT('',(-2.14534575286626,0.65633243938532,-6.5457972938851));
#9718=CARTESIAN_POINT('',(-2.20878404143215,0.613817698763082,-6.54673401216421));
#9719=CARTESIAN_POINT('',(-2.23111233574154,0.581407491293149,-6.54724866536308));
#9720=CARTESIAN_POINT('',(-2.23426104345199,0.562838723752184,-6.54745836379544));
#9721=CARTESIAN_POINT('',(-1.48637729689056,0.728248846704227,-6.5430081620045));
#9722=CARTESIAN_POINT('',(-1.60086416172434,0.733187486483978,-6.54292491002593));
#9723=CARTESIAN_POINT('',(-1.79027923964993,0.733167602028391,-6.54311893927896));
#9724=CARTESIAN_POINT('',(-2.01814434049993,0.70131830626318,-6.54445809428346));
#9725=CARTESIAN_POINT('',(-2.14543447096598,0.656516550608277,-6.54579278033445));
#9726=CARTESIAN_POINT('',(-2.20888530461168,0.613922179924327,-6.5467321156356));
#9727=CARTESIAN_POINT('',(-2.23121872226119,0.581456491734855,-6.54724804934448));
#9728=CARTESIAN_POINT('',(-2.23436873950745,0.562856793606316,-6.54745813297914));
#9729=CARTESIAN_POINT('',(-1.48635457523248,0.728770770430224,-6.54298772398423));
#9730=CARTESIAN_POINT('',(-1.60085925444559,0.733667996737106,-6.54290531204694));
#9731=CARTESIAN_POINT('',(-1.79030497358511,0.733572935745364,-6.54310341618223));
#9732=CARTESIAN_POINT('',(-2.01820958495688,0.701603207323162,-6.54444883960829));
#9733=CARTESIAN_POINT('',(-2.1455231890657,0.656700661831234,-6.5457882667838));
#9734=CARTESIAN_POINT('',(-2.20898656779121,0.614026661085573,-6.54673021910698));
#9735=CARTESIAN_POINT('',(-2.23132510878084,0.581505492176562,-6.54724743332589));
#9736=CARTESIAN_POINT('',(-2.23447643556291,0.562874863460449,-6.54745790216284));
#9737=CARTESIAN_POINT('',(-1.4863318535744,0.72929269415622,-6.54296728596397));
#9738=CARTESIAN_POINT('',(-1.60085434716683,0.734148506990234,-6.54288571406795));
#9739=CARTESIAN_POINT('',(-1.79033070752029,0.733978269462338,-6.54308789308549));
#9740=CARTESIAN_POINT('',(-2.01827482941382,0.701888108383144,-6.54443958493311));
#9741=CARTESIAN_POINT('',(-2.14561190716542,0.656884773054192,-6.54578375323315));
#9742=CARTESIAN_POINT('',(-2.20908783097074,0.614131142246818,-6.54672832257836));
#9743=CARTESIAN_POINT('',(-2.23143149530049,0.581554492618269,-6.5472468173073));
#9744=CARTESIAN_POINT('',(-2.23458413161838,0.562892933314582,-6.54745767134653));
#9745=CARTESIAN_POINT('',(-1.48640001854866,0.727726922978155,-6.54302860002327));
#9746=CARTESIAN_POINT('',(-1.48754814221941,0.701354193038363,-6.54406133021487));
#9747=CARTESIAN_POINT('',(-1.48867832512224,0.675579039986165,-6.55606183167616));
#9748=CARTESIAN_POINT('',(-1.48946617346502,0.657799656990966,-6.57558562330043));
#9749=CARTESIAN_POINT('',(-1.61203437904708,-0.708389952556632,-7.00954092889235));
#9750=CARTESIAN_POINT('',(-1.79300039366561,-0.903132988444639,-6.97828843623897));
#9751=CARTESIAN_POINT('',(-1.97739588115417,-1.09363802269979,-6.93939100014366));
#9752=CARTESIAN_POINT('',(-2.16195403071948,-1.28153945896079,-6.89300942590571));
#9753=CARTESIAN_POINT('',(-1.61161418853298,-0.708776558041489,-7.00948461094388));
#9754=CARTESIAN_POINT('',(-1.79259007973815,-0.903518627429059,-6.97822190928336));
#9755=CARTESIAN_POINT('',(-1.97699266835654,-1.09401863088704,-6.93931563264493));
#9756=CARTESIAN_POINT('',(-2.16155672255563,-1.28191412902191,-6.89292530818978));
#9757=CARTESIAN_POINT('',(-1.61119399801889,-0.709163163526347,-7.00942829299544));
#9758=CARTESIAN_POINT('',(-1.79217976581067,-0.903904266413465,-6.97815538232774));
#9759=CARTESIAN_POINT('',(-1.97658945555892,-1.0943992390743,-6.93924026514622));
#9760=CARTESIAN_POINT('',(-2.16115941439177,-1.28228879908303,-6.89284119047385));
#9761=CARTESIAN_POINT('',(-1.61077380750481,-0.70954976901125,-7.00937197504696));
#9762=CARTESIAN_POINT('',(-1.79176945188317,-0.904289905397873,-6.9780888553721));
#9763=CARTESIAN_POINT('',(-1.97618624276128,-1.09477984726156,-6.93916489764745));
#9764=CARTESIAN_POINT('',(-2.16076210622789,-1.28266346914413,-6.89275707275792));
#9765=CARTESIAN_POINT('',(-1.59103586545764,-0.727710094862502,-7.00672650741771));
#9766=CARTESIAN_POINT('',(-1.77249545056775,-0.922404831057366,-6.97496383195921));
#9767=CARTESIAN_POINT('',(-1.95724580844588,-1.11265845729859,-6.93562460039608));
#9768=CARTESIAN_POINT('',(-2.14209903495442,-1.30026314287559,-6.88880574461877));
#9769=CARTESIAN_POINT('',(-1.55153375658132,-0.760404655787024,-6.97872192021745));
#9770=CARTESIAN_POINT('',(-1.73390338457452,-0.954478097512676,-6.94671669127769));
#9771=CARTESIAN_POINT('',(-1.91926832715537,-1.1438420563384,-6.90717555842801));
#9772=CARTESIAN_POINT('',(-2.10466211144092,-1.33046842517479,-6.86024995986642));
#9773=CARTESIAN_POINT('',(-1.52836009983534,-0.768678794264027,-6.89444117818039));
#9774=CARTESIAN_POINT('',(-1.71032713099565,-0.961555484364089,-6.86372893383433));
#9775=CARTESIAN_POINT('',(-1.89521282227855,-1.14966641652746,-6.82554909920484));
#9776=CARTESIAN_POINT('',(-2.08010643935095,-1.33507633831013,-6.77999972675047));
#9777=CARTESIAN_POINT('',(-1.55121409868671,-0.737217978265247,-6.83259145964679));
#9778=CARTESIAN_POINT('',(-1.73131497073582,-0.929577964626153,-6.80268978876983));
#9779=CARTESIAN_POINT('',(-1.91455786465269,-1.11745240852456,-6.76531036262794));
#9780=CARTESIAN_POINT('',(-2.09790492523276,-1.3026838611885,-6.7206144502186));
#9781=CARTESIAN_POINT('',(-1.57752001179949,-0.709825760854123,-6.8162773164947));
#9782=CARTESIAN_POINT('',(-1.75646761783894,-0.902042120136222,-6.78610416735992));
#9783=CARTESIAN_POINT('',(-1.93874096177154,-1.08998004031792,-6.74850130309795));
#9784=CARTESIAN_POINT('',(-2.12115561599133,-1.27533118127896,-6.70357922940694));
#9785=CARTESIAN_POINT('',(-1.586883151517,-0.700555157101264,-6.81345187966972));
#9786=CARTESIAN_POINT('',(-1.76549716526706,-0.892721285955872,-6.78312119547206));
#9787=CARTESIAN_POINT('',(-1.94748714196627,-1.08068766049776,-6.7453456251457));
#9788=CARTESIAN_POINT('',(-2.12963393687719,-1.26607670568743,-6.70027912468112));
#9789=CARTESIAN_POINT('',(-1.62123325098695,-0.813647800565596,-6.96712511871739));
#9790=CARTESIAN_POINT('',(-1.6267354716473,-0.81167355115343,-6.9726151726056));
#9791=CARTESIAN_POINT('',(-1.64190399780727,-0.805659263344059,-6.9887925558598));
#9792=CARTESIAN_POINT('',(-1.67380149713632,-0.796451254498473,-6.9940822194172));
#9793=CARTESIAN_POINT('',(-1.67380149713636,-0.796451254498484,-6.99408221941697));
#9794=CARTESIAN_POINT('',(-1.59218042950879,-0.820910892552316,-6.8966513246684));
#9795=CARTESIAN_POINT('',(-1.59198819393131,-0.817356301958939,-6.84548150515924));
#9796=CARTESIAN_POINT('',(-1.58949302238345,-0.760490237218406,-6.81665728494474));
#9797=CARTESIAN_POINT('',(-1.58688315151705,-0.700555157101262,-6.81345187966972));
#9798=CARTESIAN_POINT('',(-1.70866099956097,-0.81409798997999,-6.99177023653738));
#9799=CARTESIAN_POINT('',(-1.6970442427146,-0.80825544218645,-6.99284836870123));
#9800=CARTESIAN_POINT('',(-1.68542501712247,-0.802361318631338,-6.99362034882398));
#9801=CARTESIAN_POINT('',(-1.67380461156834,-0.796445302586143,-6.99408262819968));
#9802=CARTESIAN_POINT('',(-1.53741989999858,0.433667498868609,-6.65264943077809));
#9803=CARTESIAN_POINT('',(-1.55045243173308,0.134378425235363,-6.66865578972184));
#9804=CARTESIAN_POINT('',(0.198422859263053,1.22363231809753,-6.83467792700596));
#9805=CARTESIAN_POINT('',(0.150635257560428,0.602617517362143,-6.8886637777268));
#9806=CARTESIAN_POINT('',(0.132504678821733,0.623416385936207,-6.90661307103925));
#9807=CARTESIAN_POINT('',(0.123324351583258,0.649183429863756,-6.91555110381731));
#9808=CARTESIAN_POINT('',(0.124491897447197,0.67599585028563,-6.91411714159409));
#9809=CARTESIAN_POINT('',(0.199741442196071,2.40408422160119,-6.82169678550826));
#9810=CARTESIAN_POINT('',(0.248296252406268,1.21879229181088,-6.78478585546974));
#9811=CARTESIAN_POINT('',(-1.05064475523138,0.12206833623552,-6.84542830109751));
#9812=CARTESIAN_POINT('',(-1.05064475520332,0.122068336220032,-6.84542830109818));
#9813=CARTESIAN_POINT('',(-1.65007757547056,0.148147065414585,-6.84498794174785));
#9814=CARTESIAN_POINT('',(-1.02457969176239,0.720646483500633,-6.81341558320955));
#9815=CARTESIAN_POINT('',(-7.38077137130875,4.47443170231848,-5.3455711953877));
#9816=CARTESIAN_POINT('',(-7.32495074718868,4.90978143564367,-5.06660939831914));
#9817=CARTESIAN_POINT('',(-7.25956716099809,5.31325992104611,-4.73909215185631));
#9818=CARTESIAN_POINT('',(-7.23068651358404,5.67752883726313,-4.37046547183065));
#9819=CARTESIAN_POINT('',(-7.30717069897989,4.4670085212342,-5.3483154580917));
#9820=CARTESIAN_POINT('',(-7.25991746700765,4.90247335913212,-5.07019115092899));
#9821=CARTESIAN_POINT('',(-7.20175865071196,5.30823501687527,-4.74147991978593));
#9822=CARTESIAN_POINT('',(-7.17644225144266,5.67426705752519,-4.37141487168034));
#9823=CARTESIAN_POINT('',(-7.1778438238163,4.48105557437661,-5.39542155078018));
#9824=CARTESIAN_POINT('',(-7.14509714667776,4.91315825363652,-5.10614816553427));
#9825=CARTESIAN_POINT('',(-7.09994745745253,5.31956522478694,-4.76839301442042));
#9826=CARTESIAN_POINT('',(-7.08084160206646,5.68738572327588,-4.39173346859956));
#9827=CARTESIAN_POINT('',(-7.10498151559403,4.53565329614506,-5.49482647085087));
#9828=CARTESIAN_POINT('',(-7.06804115992991,4.96170992610411,-5.18329118942568));
#9829=CARTESIAN_POINT('',(-7.02522769968919,5.36251417509661,-4.82730095509226));
#9830=CARTESIAN_POINT('',(-7.00775757552793,5.73000996764975,-4.43947850919726));
#9831=CARTESIAN_POINT('',(-7.08875706152858,4.56284638625785,-5.54042943752328));
#9832=CARTESIAN_POINT('',(-7.04571084115791,4.98700631645587,-5.22022104756197));
#9833=CARTESIAN_POINT('',(-7.00114665922847,5.38496172081993,-4.85606966004144));
#9834=CARTESIAN_POINT('',(-6.98312285175649,5.75214262142697,-4.46324592547685));
#9835=CARTESIAN_POINT('',(-7.32680113160532,4.87208430667968,-5.07072481230401));
#9836=CARTESIAN_POINT('',(-7.24268085164203,4.74952039331879,-5.15896844808449));
#9837=CARTESIAN_POINT('',(-7.11371398246231,4.579421838822,-5.39707911369624));
#9838=CARTESIAN_POINT('',(-7.08875706152858,4.56284638625785,-5.54042943752328));
#9839=CARTESIAN_POINT('',(-7.32680058271317,4.87209834474975,-5.07074378689951));
#9840=CARTESIAN_POINT('',(-7.31806553014116,4.87508932246151,-5.17493382030827));
#9841=CARTESIAN_POINT('',(-7.30934708604462,4.8780509696976,-5.27824637498345));
#9842=CARTESIAN_POINT('',(-7.30018345917036,4.88114122120858,-5.38620703434003));
#9843=CARTESIAN_POINT('',(-7.29969543372315,4.88130482078314,-5.39195528745792));
#9844=CARTESIAN_POINT('',(-7.28655259299576,4.88568373443492,-5.54671314685522));
#9845=CARTESIAN_POINT('',(-7.27402183252772,4.88967067740319,-5.6940888013686));
#9846=CARTESIAN_POINT('',(-7.23958060764101,4.90003144798616,-6.09944497624043));
#9847=CARTESIAN_POINT('',(-7.22143653877978,4.90489618932022,-6.31342535631649));
#9848=CARTESIAN_POINT('',(-7.20509022795487,4.90891748697719,-6.50707288469082));
#9849=CARTESIAN_POINT('',(-7.19470167539215,4.65573750120432,-5.06536573497279));
#9850=CARTESIAN_POINT('',(-7.18586152523568,4.65867707229808,-5.16949972581242));
#9851=CARTESIAN_POINT('',(-7.17704031058623,4.66158868297526,-5.27275951147528));
#9852=CARTESIAN_POINT('',(-7.16777153317796,4.66462793573967,-5.38066778449783));
#9853=CARTESIAN_POINT('',(-7.16727790205856,4.66478913124948,-5.3864132470223));
#9854=CARTESIAN_POINT('',(-7.15399504537362,4.66910852211847,-5.54097324581822));
#9855=CARTESIAN_POINT('',(-7.14133297929247,4.67304070032657,-5.68815161898717));
#9856=CARTESIAN_POINT('',(-7.10654021015589,4.68325927757593,-6.09295003176388));
#9857=CARTESIAN_POINT('',(-7.08822087048083,4.68805754722649,-6.30662107518411));
#9858=CARTESIAN_POINT('',(-7.07172522736734,4.69202493172025,-6.49997942499787));
#9859=CARTESIAN_POINT('',(-7.06260276807113,4.439376657659,-5.05998768304616));
#9860=CARTESIAN_POINT('',(-7.05365752753175,4.44226482578096,-5.16406563177685));
#9861=CARTESIAN_POINT('',(-7.044733539526,4.44512639847354,-5.2672726482855));
#9862=CARTESIAN_POINT('',(-7.03535960681759,4.44811465008546,-5.37512853462954));
#9863=CARTESIAN_POINT('',(-7.03486037078494,4.4482734419153,-5.38087120661379));
#9864=CARTESIAN_POINT('',(-7.02143744342395,4.45253322333607,-5.53523355012228));
#9865=CARTESIAN_POINT('',(-7.00864410819359,4.45641073136309,-5.68221439491218));
#9866=CARTESIAN_POINT('',(-6.973499813302,4.46648704386604,-6.08645527600286));
#9867=CARTESIAN_POINT('',(-6.95500510162479,4.47121868184248,-6.29981735092958));
#9868=CARTESIAN_POINT('',(-6.93836022677982,4.47513237646325,-6.49288596530484));
#9869=CARTESIAN_POINT('',(-6.93050386075006,4.22301581411365,-5.05460963111937));
#9870=CARTESIAN_POINT('',(-6.92145352262626,4.22585257561753,-5.15863153728101));
#9871=CARTESIAN_POINT('',(-6.91242676406754,4.22866411175131,-5.26178578477736));
#9872=CARTESIAN_POINT('',(-6.90294768082522,4.2316013646165,-5.36958928478728));
#9873=CARTESIAN_POINT('',(-6.90244283912037,4.23175775238157,-5.37532916617808));
#9874=CARTESIAN_POINT('',(-6.8888798958018,4.23595801101965,-5.52949364908528));
#9875=CARTESIAN_POINT('',(-6.87595525495834,4.23978075428648,-5.67627721253075));
#9876=CARTESIAN_POINT('',(-6.84045941581682,4.24971487345587,-6.07996033152627));
#9877=CARTESIAN_POINT('',(-6.82178943332582,4.25438003974873,-6.29301306979727));
#9878=CARTESIAN_POINT('',(-6.8049952261923,4.25823982120625,-6.48579250561196));
#9879=CARTESIAN_POINT('',(-6.92918287167685,4.2208522056782,-5.0545558506001));
#9880=CARTESIAN_POINT('',(-6.92013148257721,4.22368845311589,-5.15857719633605));
#9881=CARTESIAN_POINT('',(-6.91110369631296,4.22649948888409,-5.26173091614228));
#9882=CARTESIAN_POINT('',(-6.90162356156529,4.22943623176181,-5.36953389228886));
#9883=CARTESIAN_POINT('',(-6.90111866380372,4.22959259548623,-5.37527374577373));
#9884=CARTESIAN_POINT('',(-6.88755432032558,4.23379225889648,-5.52943625007491));
#9885=CARTESIAN_POINT('',(-6.87462836642598,4.23761445451571,-5.67621784070694));
#9886=CARTESIAN_POINT('',(-6.83912901184197,4.24754715175177,-6.07989538208151));
#9887=CARTESIAN_POINT('',(-6.82045727664284,4.25221165332779,-6.29294502698594));
#9888=CARTESIAN_POINT('',(-6.80366157618643,4.25607089565368,-6.48572157101503));
#9889=CARTESIAN_POINT('',(-6.92786188260363,4.21868859724275,-5.05450207008083));
#9890=CARTESIAN_POINT('',(-6.91880944252815,4.22152433061426,-5.15852285539109));
#9891=CARTESIAN_POINT('',(-6.90978062855838,4.22433486601687,-5.2616760475072));
#9892=CARTESIAN_POINT('',(-6.90029944230537,4.22727109890712,-5.36947849979044));
#9893=CARTESIAN_POINT('',(-6.89979448848708,4.22742743859089,-5.37521832536937));
#9894=CARTESIAN_POINT('',(-6.88622874484936,4.23162650677332,-5.52937885106454));
#9895=CARTESIAN_POINT('',(-6.87330147789363,4.23544815474494,-5.67615846888312));
#9896=CARTESIAN_POINT('',(-6.83779860786712,4.24537943004767,-6.07983043263674));
#9897=CARTESIAN_POINT('',(-6.81912511995984,4.25004326690686,-6.29287698417462));
#9898=CARTESIAN_POINT('',(-6.80232792618055,4.25390197010111,-6.4856506364181));
#9899=CARTESIAN_POINT('',(-6.92654089353042,4.21652498880729,-5.05444828956156));
#9900=CARTESIAN_POINT('',(-6.9174874024791,4.21936020811262,-5.15846851444613));
#9901=CARTESIAN_POINT('',(-6.90845756080379,4.22217024314965,-5.26162117887211));
#9902=CARTESIAN_POINT('',(-6.89897532304544,4.22510596605243,-5.36942310729202));
#9903=CARTESIAN_POINT('',(-6.89847031317043,4.22526228169556,-5.37516290496501));
#9904=CARTESIAN_POINT('',(-6.88490316937314,4.22946075465015,-5.52932145205417));
#9905=CARTESIAN_POINT('',(-6.87197458936128,4.23328185497418,-5.67609909705931));
#9906=CARTESIAN_POINT('',(-6.83646820389226,4.24321170834356,-6.07976548319198));
#9907=CARTESIAN_POINT('',(-6.81779296327685,4.24787488048592,-6.2928089413633));
#9908=CARTESIAN_POINT('',(-6.80099427617468,4.25173304454854,-6.48557970182117));
#9909=CARTESIAN_POINT('',(6.08041913400467,6.44739835812276,-2.78390531243718));
#9910=CARTESIAN_POINT('',(6.05179346988544,6.46727266232355,-3.35676535534952));
#9911=CARTESIAN_POINT('',(6.02122486087034,6.48818235896292,-3.95649357555963));
#9912=CARTESIAN_POINT('',(5.9897689142256,6.50640161949051,-4.56520151667775));
#9913=CARTESIAN_POINT('',(5.90052080566418,6.62892803706428,-2.78305094878499));
#9914=CARTESIAN_POINT('',(5.87321482949886,6.64887333958668,-3.35794962844886));
#9915=CARTESIAN_POINT('',(5.8441763340393,6.66986860146242,-3.96013779430952));
#9916=CARTESIAN_POINT('',(5.8143336054273,6.6881366702298,-4.57118626945001));
#9917=CARTESIAN_POINT('',(5.64656213866031,6.85330799627241,-2.78402928445798));
#9918=CARTESIAN_POINT('',(5.62100489738322,6.87342621456163,-3.36197968873745));
#9919=CARTESIAN_POINT('',(5.59396515826218,6.89460728765097,-3.96786466026544));
#9920=CARTESIAN_POINT('',(5.56622012926195,6.91302647383076,-4.58247546579922));
#9921=CARTESIAN_POINT('',(5.37804267186659,7.05330510897861,-2.78716786897955));
#9922=CARTESIAN_POINT('',(5.35420559629836,7.07367095037875,-3.36842844369089));
#9923=CARTESIAN_POINT('',(5.3290977728105,7.09510539073497,-3.97833658416831));
#9924=CARTESIAN_POINT('',(5.30336864337413,7.11375906298294,-4.59686554896696));
#9925=CARTESIAN_POINT('',(5.30853937261002,7.10284507036752,-2.78809509504858));
#9926=CARTESIAN_POINT('',(5.28513995339108,7.12327838726125,-3.37021453220522));
#9927=CARTESIAN_POINT('',(5.2605215073279,7.1447813443005,-3.98116725376805));
#9928=CARTESIAN_POINT('',(5.23530228042505,7.16349965439553,-4.60071577671623));
#9929=CARTESIAN_POINT('',(5.36892166538927,7.06324489478589,-3.8539437337943));
#9930=CARTESIAN_POINT('',(5.37915735669838,7.05552221905628,-3.8647305435391));
#9931=CARTESIAN_POINT('',(5.43466584889317,7.01616670209522,-3.92201243631209));
#9932=CARTESIAN_POINT('',(5.79964287066549,6.71053058088444,-4.32278329919282));
#9933=CARTESIAN_POINT('',(5.91565552091953,6.58560435591133,-4.464155611687));
#9934=CARTESIAN_POINT('',(5.99032831355452,6.50607727855639,-4.55437564626539));
#9935=CARTESIAN_POINT('',(5.36892166538931,7.06324489478593,-3.85394373379427));
#9936=CARTESIAN_POINT('',(5.99032831355452,6.50607727855644,-4.55437564626539));
#9937=CARTESIAN_POINT('',(5.51498873801683,6.94940724198458,-3.09017975352461));
#9938=CARTESIAN_POINT('',(5.31530745654333,7.10660966033522,-3.20669867874574));
#9939=CARTESIAN_POINT('',(5.19086409072902,7.19758666700005,-3.66629903804504));
#9940=CARTESIAN_POINT('',(5.36892166538927,7.06324489478589,-3.8539437337943));
#9941=CARTESIAN_POINT('',(5.51498873801682,6.94940724198458,-3.0901797535246));
#9942=CARTESIAN_POINT('',(5.51498873801682,6.94940724198458,-3.0901797535246));
#9943=CARTESIAN_POINT('',(5.6791863569365,6.82013992863853,-2.99436641572468));
#9944=CARTESIAN_POINT('',(5.83594805150857,6.6838655357191,-2.89538325541647));
#9945=CARTESIAN_POINT('',(5.98490919025084,6.54146966992073,-2.79381200474663));
#9946=CARTESIAN_POINT('',(5.98490919025084,6.54146966992073,-2.79381200474663));
#9947=CARTESIAN_POINT('',(5.98490919025084,6.54146966992073,-2.79381200474663));
#9948=CARTESIAN_POINT('',(6.01345831787008,6.5131679516377,-2.85691603286969));
#9949=CARTESIAN_POINT('',(6.0420115547589,6.48409893039613,-2.91955006678352));
#9950=CARTESIAN_POINT('',(6.07051091356432,6.45426063729867,-2.98172203032609));
#9951=CARTESIAN_POINT('',(6.07051091356432,6.45426063729867,-2.98172203032609));
#9952=CARTESIAN_POINT('',(6.07051091356432,6.45426063729867,-2.98172203032609));
#9953=CARTESIAN_POINT('',(6.04495356650411,6.47190698559662,-3.49079585536116));
#9954=CARTESIAN_POINT('',(6.01798659905819,6.49002429626092,-4.01907120852794));
#9955=CARTESIAN_POINT('',(5.99032831355452,6.50607727855644,-4.55437564626539));
#9956=CARTESIAN_POINT('',(6.07051091356429,6.4542606372986,-2.98172203032615));
#9957=CARTESIAN_POINT('',(6.0420115547589,6.48409893039613,-2.91955006678352));
#9958=CARTESIAN_POINT('',(6.01345831787008,6.5131679516377,-2.85691603286969));
#9959=CARTESIAN_POINT('',(5.98490919025084,6.54146966992073,-2.79381200474663));
#9960=CARTESIAN_POINT('',(6.07728055898098,6.4475263154182,-2.97458505988535));
#9961=CARTESIAN_POINT('',(6.04878330135325,6.47746149814822,-2.91255541803319));
#9962=CARTESIAN_POINT('',(6.02022933727943,6.50662753172781,-2.85006303442911));
#9963=CARTESIAN_POINT('',(5.99167684931001,6.53502596218985,-2.78710012077407));
#9964=CARTESIAN_POINT('',(6.08426683253645,6.44100609907747,-2.9674515441602));
#9965=CARTESIAN_POINT('',(6.05576489679219,6.4710349462107,-2.90556387613754));
#9966=CARTESIAN_POINT('',(6.02720363729616,6.50029469128361,-2.84321282565538));
#9967=CARTESIAN_POINT('',(5.99864143316335,6.52878647659755,-2.78039073760983));
#9968=CARTESIAN_POINT('',(6.09146061971561,6.43470849475844,-2.96033078976257));
#9969=CARTESIAN_POINT('',(6.06294744474852,6.46482746092918,-2.89858434592649));
#9970=CARTESIAN_POINT('',(6.03437253898011,6.49417730853227,-2.83637392723191));
#9971=CARTESIAN_POINT('',(6.00579447832521,6.52275879547709,-2.77369200861503));
#9972=CARTESIAN_POINT('',(6.07051091356432,6.45426063729867,-2.98172203032609));
#9973=CARTESIAN_POINT('',(6.06884150431159,6.45603582472604,-2.97638494054231));
#9974=CARTESIAN_POINT('',(6.06717379787387,6.45780879271861,-2.97104653956323));
#9975=CARTESIAN_POINT('',(6.065507818663,6.45957952080527,-2.96570689833939));
#9976=CARTESIAN_POINT('',(6.04624533556748,6.48005313752973,-2.90396858363721));
#9977=CARTESIAN_POINT('',(6.02697474490481,6.5004783768204,-2.84134535196942));
#9978=CARTESIAN_POINT('',(6.00791879181226,6.52063280613883,-2.77835053213822));
#9979=CARTESIAN_POINT('',(6.00791879181226,6.52063280613883,-2.77835053213822));
#9980=CARTESIAN_POINT('',(6.007918790793,6.52063280640609,-2.7783505327944));
#9981=CARTESIAN_POINT('',(6.00005646940274,6.52737629089738,-2.7835071299923));
#9982=CARTESIAN_POINT('',(5.99238423879795,6.53432470300354,-2.788663710623));
#9983=CARTESIAN_POINT('',(5.98490919025084,6.54146966992073,-2.79381200474663));
#9984=CARTESIAN_POINT('',(3.28715252156644,6.64180983043872,-6.41059633675273));
#9985=CARTESIAN_POINT('',(3.28715252156648,6.64180983043871,-6.41059633675273));
#9986=CARTESIAN_POINT('',(8.06605121941027,3.74719629817301,-6.1458888352583));
#9987=CARTESIAN_POINT('',(1.57210517255054,4.02666937130955,-6.08388451287149));
#9988=CARTESIAN_POINT('',(0.472603299821159,4.05624394916839,-5.74047365306732));
#9989=CARTESIAN_POINT('',(0.424822667889225,4.10829917546395,-5.73777835575442));
#9990=CARTESIAN_POINT('',(0.316915430947642,0.371456238555179,0.550212536880243));
#9991=CARTESIAN_POINT('',(0.444379878363536,3.41974962009079,-6.46506794767847));
#9992=CARTESIAN_POINT('',(0.444379878363536,3.41974962009079,-6.46506794767847));
#9993=CARTESIAN_POINT('',(0.316915430942106,0.371456238434855,0.550212537120761));
#9994=CARTESIAN_POINT('',(0.401444936482396,2.43877157626421,-6.81467456745044));
#9995=CARTESIAN_POINT('',(0.401444936482396,2.43877157626421,-6.81467456745044));
#9996=CARTESIAN_POINT('',(0.460528088910665,6.04524365180563,-3.71681356991088));
#9997=CARTESIAN_POINT('',(8.17498941940538,6.21670728575272,-4.10341114722119));
#9998=CARTESIAN_POINT('',(2.68484637435333,6.45555966218213,-4.09937794159648));
#9999=CARTESIAN_POINT('',(4.20021575699005,6.38963249553765,-4.10049117277358));
#10000=CARTESIAN_POINT('',(3.10079316187908,6.31710998443031,-4.00927220536797));
#10001=CARTESIAN_POINT('',(2.96378272209884,6.36654934163284,-4.04183329467481));
#10002=CARTESIAN_POINT('',(2.82509247481886,6.41260811861033,-4.07179871207492));
#10003=CARTESIAN_POINT('',(2.68472242003913,6.45528631536278,-4.09916845756829));
#10004=CARTESIAN_POINT('',(3.10084493810579,6.31720513241955,-4.00934541203443));
#10005=CARTESIAN_POINT('',(5.67219696594716,6.20533672799816,-4.01123439586788));
#10006=CARTESIAN_POINT('',(4.22858961895912,6.26814186204681,-4.01017390040372));
#10007=CARTESIAN_POINT('',(4.20019057221038,6.38963314510785,-4.1004908191478));
#10008=CARTESIAN_POINT('',(4.19957853660801,6.34847502812645,-4.0695518240664));
#10009=CARTESIAN_POINT('',(4.20907065811785,6.30798572233775,-4.03945289659676));
#10010=CARTESIAN_POINT('',(4.22866693673988,6.26816522774173,-4.01019403673887));
#10011=CARTESIAN_POINT('',(5.26936870842855,-5.46725546590127,2.66034485944976));
#10012=CARTESIAN_POINT('',(6.11856520376582,-5.50420033223816,2.65972101703782));
#10013=CARTESIAN_POINT('',(5.23938831160692,-6.12674508820924,0.905908313994048));
#10014=CARTESIAN_POINT('',(6.0885848069442,-6.16368995454613,0.905284471582104));
#10015=CARTESIAN_POINT('',(5.25643610765662,-5.66490336391845,-3.23897190781254));
#10016=CARTESIAN_POINT('',(6.1056326029939,-5.70184823025534,-3.23959575022449));
#10017=CARTESIAN_POINT('',(5.41149244829707,-2.06538243481666,-5.33969251535531));
#10018=CARTESIAN_POINT('',(6.26068894363435,-2.10232730115355,-5.34031635776726));
#10019=CARTESIAN_POINT('',(5.4927579158331,-0.195653042089391,-5.44637381603145));
#10020=CARTESIAN_POINT('',(6.34195441117038,-0.232597908426287,-5.44699765844339));
#10021=CARTESIAN_POINT('',(5.39285244579373,-0.191306587221832,-5.44630042272913));
#10022=CARTESIAN_POINT('',(5.49275791583335,-0.195653042085057,-5.44637381595409));
#10023=CARTESIAN_POINT('',(5.51199987300629,0.145440585571752,0.546396089104355));
#10024=CARTESIAN_POINT('',(5.26936870843075,-5.46725546585093,2.6603448594308));
#10025=CARTESIAN_POINT('',(5.1694632383911,-5.46290901098778,2.6604182526557));
#10026=CARTESIAN_POINT('',(5.55017600509888,1.12294008288462,-5.37585378468619));
#10027=CARTESIAN_POINT('',(6.39937250043615,1.08599521654772,-5.37647762709814));
#10028=CARTESIAN_POINT('',(5.6307864828551,2.97065429182588,-5.07035888916271));
#10029=CARTESIAN_POINT('',(6.47998297819237,2.93370942548899,-5.07098273157466));
#10030=CARTESIAN_POINT('',(5.77857524134345,6.32590094119471,-2.59768849786009));
#10031=CARTESIAN_POINT('',(6.62777173668071,6.28895607485782,-2.59831234027203));
#10032=CARTESIAN_POINT('',(5.78240901248379,6.34359957234785,1.57283814992855));
#10033=CARTESIAN_POINT('',(6.63160550782105,6.30665470601095,1.5722143075166));
#10034=CARTESIAN_POINT('',(5.74698032003113,5.50098460478215,3.24694023834006));
#10035=CARTESIAN_POINT('',(6.5961768153684,5.46403973844525,3.24631639592812));
#10036=CARTESIAN_POINT('',(5.64707484999169,5.50533105964969,3.24701363156721));
#10037=CARTESIAN_POINT('',(5.74698032003139,5.50098460478662,3.24694023834221));
#10038=CARTESIAN_POINT('',(5.51199987300813,0.145440585613239,0.546396089153748));
#10039=CARTESIAN_POINT('',(5.55017600509828,1.12294008286915,-5.37585378459243));
#10040=CARTESIAN_POINT('',(5.45027053505857,1.12728653773233,-5.37578039136755));
#10041=CARTESIAN_POINT('',(5.18521811911745,-5.1177618290834,3.66639822915157));
#10042=CARTESIAN_POINT('',(6.13432008449438,-5.15905315028346,3.6657009935147));
#10043=CARTESIAN_POINT('',(5.17239323319402,-5.41152001555156,3.60549945661287));
#10044=CARTESIAN_POINT('',(6.12149519857095,-5.45281133675162,3.60480222097599));
#10045=CARTESIAN_POINT('',(5.16405243536471,-5.59706668030571,3.24005532651441));
#10046=CARTESIAN_POINT('',(6.11315440074164,-5.63835800150577,3.23935809087754));
#10047=CARTESIAN_POINT('',(5.16924681890904,-5.47305415795903,2.9666308890668));
#10048=CARTESIAN_POINT('',(6.11834878428597,-5.51434547915909,2.96593365342993));
#10049=CARTESIAN_POINT('',(5.41209440297093,0.149787040533829,0.546469482408593));
#10050=CARTESIAN_POINT('',(5.55017600510209,1.12294008286962,-5.37585378459621));
#10051=CARTESIAN_POINT('',(5.54650523069231,1.06515382471668,-5.3865787154278));
#10052=CARTESIAN_POINT('',(5.53553186334617,1.02603864428234,-5.40186353539208));
#10053=CARTESIAN_POINT('',(5.51136955680396,0.97831816445992,-5.43088669965172));
#10054=CARTESIAN_POINT('',(5.71286614953445,5.46074631039816,3.39749643696903));
#10055=CARTESIAN_POINT('',(5.73507264160326,5.46504570453121,3.34101338586202));
#10056=CARTESIAN_POINT('',(5.74476557971009,5.47559322900978,3.30003912174361));
#10057=CARTESIAN_POINT('',(5.7469803199813,5.50098460474569,3.24694023832057));
#10058=CARTESIAN_POINT('',(5.64631911618552,5.48280068410204,3.55256389025672));
#10059=CARTESIAN_POINT('',(6.59542108156243,5.44150936290198,3.55186665461985));
#10060=CARTESIAN_POINT('',(5.65062595776318,5.57698159669695,3.8376575891153));
#10061=CARTESIAN_POINT('',(6.59972792314009,5.5356902754969,3.83696035347842));
#10062=CARTESIAN_POINT('',(5.6411584609919,5.35356489941434,4.18122984033349));
#10063=CARTESIAN_POINT('',(6.59026042636881,5.31227357821428,4.18053260469661));
#10064=CARTESIAN_POINT('',(5.62819036684378,5.05499327083922,4.21045006371763));
#10065=CARTESIAN_POINT('',(6.5772923322207,5.01370194963917,4.20975282808076));
#10066=CARTESIAN_POINT('',(5.41209440297099,0.14978704053376,0.546469482408593));
#10067=CARTESIAN_POINT('',(5.31802779617757,-1.94879502134775,-3.21922342921577));
#10068=CARTESIAN_POINT('',(5.32256238108796,-1.79638085669011,-6.07277628546726));
#10069=CARTESIAN_POINT('',(5.41209440296705,0.149787040435903,0.546469482520521));
#10070=CARTESIAN_POINT('',(8.19916047957077,63.8527705273279,21.8155148697088));
#10071=CARTESIAN_POINT('',(5.67964098669966,6.35402958453311,-2.68397836321621));
#10072=CARTESIAN_POINT('',(5.41209440296664,0.149787040430406,0.546469482599194));
#10073=CARTESIAN_POINT('',(5.41209440297093,0.149787040533829,0.546469482408593));
#10074=CARTESIAN_POINT('',(5.26936870841518,-5.46725546583501,2.66034485942507));
#10075=CARTESIAN_POINT('',(5.26911708170415,-5.44756912089407,2.71584382216678));
#10076=CARTESIAN_POINT('',(5.26018892463039,-5.440639856454,2.75775218837508));
#10077=CARTESIAN_POINT('',(5.23817317024793,-5.4404688120406,2.8144856231096));
#10078=CARTESIAN_POINT('',(5.46688850485616,-0.0431781267479652,-5.48551764915983));
#10079=CARTESIAN_POINT('',(5.48668529876395,-0.0956201698224378,-5.46185613584604));
#10080=CARTESIAN_POINT('',(5.49415977964268,-0.136942404053882,-5.45086983821904));
#10081=CARTESIAN_POINT('',(5.49275791582874,-0.195653042084582,-5.44637381594942));
#10082=CARTESIAN_POINT('',(5.26183109007087,6.73731017708447,-2.94816323761818));
#10083=CARTESIAN_POINT('',(4.90977715923149,6.49876815292222,-3.36094464022747));
#10084=CARTESIAN_POINT('',(4.54372177748141,6.22552812733889,-3.74471474296373));
#10085=CARTESIAN_POINT('',(4.17643827223216,5.91964613957135,-4.10057369091367));
#10086=CARTESIAN_POINT('',(5.21310102022111,6.83151729315615,-2.95616764906417));
#10087=CARTESIAN_POINT('',(4.85482518727881,6.59383654470106,-3.36856413032882));
#10088=CARTESIAN_POINT('',(4.48241514809935,6.32118723066605,-3.75140653891415));
#10089=CARTESIAN_POINT('',(4.10837663452664,6.01502024197544,-4.10597476869903));
#10090=CARTESIAN_POINT('',(5.16119307082741,7.03896006979638,-3.02203560807762));
#10091=CARTESIAN_POINT('',(4.79057296483539,6.80555560983487,-3.43970113535627));
#10092=CARTESIAN_POINT('',(4.40493820926075,6.53659348650732,-3.82669030501945));
#10093=CARTESIAN_POINT('',(4.01628469199937,6.23277562955489,-4.18545918942023));
#10094=CARTESIAN_POINT('',(5.25037611615734,7.28568925994836,-3.23181237835155));
#10095=CARTESIAN_POINT('',(4.8706080796713,7.05569742801169,-3.66939572495488));
#10096=CARTESIAN_POINT('',(4.47496439458537,6.78933447584413,-4.07613581138827));
#10097=CARTESIAN_POINT('',(4.07519418554266,6.48664115327313,-4.45450547589002));
#10098=CARTESIAN_POINT('',(5.43464208937314,7.35619985756031,-3.43004011544787));
#10099=CARTESIAN_POINT('',(5.05621440518809,7.12015876490426,-3.88331582498083));
#10100=CARTESIAN_POINT('',(4.66219262401719,6.84656666263989,-4.30476041312924));
#10101=CARTESIAN_POINT('',(4.26524469247965,6.53640509226013,-4.69659959632968));
#10102=CARTESIAN_POINT('',(5.56212497014842,7.32558580960113,-3.52467027854331));
#10103=CARTESIAN_POINT('',(5.18615104842245,7.08213386439216,-3.98182820250259));
#10104=CARTESIAN_POINT('',(4.79503451348443,6.80078613322618,-4.4060544399786));
#10105=CARTESIAN_POINT('',(4.40218452944249,6.48326858600392,-4.79863024549201));
#10106=CARTESIAN_POINT('',(5.60426235229209,7.30810687472618,-3.55200790131559));
#10107=CARTESIAN_POINT('',(5.22908819959484,7.06200240083096,-4.00974880811074));
#10108=CARTESIAN_POINT('',(4.83893542601124,6.77783773822261,-4.43396209090419));
#10109=CARTESIAN_POINT('',(4.44743102223956,6.45785664566593,-4.82595116370926));
#10110=CARTESIAN_POINT('',(5.25541127033113,7.07111729148761,-3.96354565107882));
#10111=CARTESIAN_POINT('',(5.19220071730034,7.1346935834396,-3.87040231363214));
#10112=CARTESIAN_POINT('',(5.05022809275326,7.15317916559429,-3.69123694939621));
#10113=CARTESIAN_POINT('',(5.01577165586056,7.07826308898632,-3.2740925136426));
#10114=CARTESIAN_POINT('',(5.13492052664643,6.87733503568974,-3.0096832807657));
#10115=CARTESIAN_POINT('',(5.26183109007087,6.73731017708447,-2.94816323761818));
#10116=CARTESIAN_POINT('',(5.25547875796396,7.07103780535327,-3.96355969811288));
#10117=CARTESIAN_POINT('',(5.26183109002737,6.73731017707927,-2.94816323765984));
#10118=CARTESIAN_POINT('',(5.25540766024281,7.07106901123746,-3.96351662916712));
#10119=CARTESIAN_POINT('',(5.07145862461252,6.94176258418852,-4.17348772621567));
#10120=CARTESIAN_POINT('',(4.80259508627458,6.74813635691523,-4.47034741881441));
#10121=CARTESIAN_POINT('',(4.44743102224349,6.45785664575759,-4.82595116378801));
#10122=CARTESIAN_POINT('',(4.20021575699009,6.38963249553851,-4.10049117277242));
#10123=CARTESIAN_POINT('',(4.20384313059055,6.49446269850124,-4.17936227634293));
#10124=CARTESIAN_POINT('',(4.22953056466451,6.56981076188532,-4.30555814456885));
#10125=CARTESIAN_POINT('',(4.27588473888221,6.58309343824593,-4.44608810425256));
#10126=CARTESIAN_POINT('',(4.22866693684864,6.26816523029773,-4.01019404006017));
#10127=CARTESIAN_POINT('',(4.24461318995252,6.23587921900761,-3.98646991077067));
#10128=CARTESIAN_POINT('',(4.26919090518709,6.18266058623531,-3.95159627115292));
#10129=CARTESIAN_POINT('',(4.35518145437735,6.07137122147169,-3.92201078304953));
#10130=CARTESIAN_POINT('',(4.35873467751508,6.06890176569751,-3.92150629480687));
#10131=CARTESIAN_POINT('',(4.35876746701091,6.06887000104148,-3.9214996739762));
#10132=CARTESIAN_POINT('',(4.35874129757965,6.06890857510897,-3.92150209868076));
#10133=CARTESIAN_POINT('',(4.66382292923401,6.31446336222155,-3.61762325129272));
#10134=CARTESIAN_POINT('',(4.96693145356471,6.53749432486967,-3.29393152740815));
#10135=CARTESIAN_POINT('',(5.26183109006492,6.73731017708196,-2.94816323761166));
#10136=CARTESIAN_POINT('',(7.40362871102793,6.99102971723496,-3.94449214953094));
#10137=CARTESIAN_POINT('',(0.614456337627396,7.28639724083008,-3.93950464229112));
#10138=CARTESIAN_POINT('',(7.37028808823718,6.24414025466816,-5.09704064234263));
#10139=CARTESIAN_POINT('',(0.581115714836647,6.53950777826327,-5.09205313510281));
#10140=CARTESIAN_POINT('',(7.32435477133457,5.20456408100712,-6.05787450396589));
#10141=CARTESIAN_POINT('',(0.535182397934039,5.49993160460223,-6.05288699672608));
#10142=CARTESIAN_POINT('',(7.27135361920831,3.99734140780899,-6.71142464733177));
#10143=CARTESIAN_POINT('',(0.482181245807782,4.29270893140411,-6.70643714009196));
#10144=CARTESIAN_POINT('',(7.23086153773472,3.99910304943219,-6.71139489736057));
#10145=CARTESIAN_POINT('',(6.87681218325123,5.07781089163162,-6.13656023256456));
#10146=CARTESIAN_POINT('',(6.41701751704464,5.90572820401274,-5.40061747588314));
#10147=CARTESIAN_POINT('',(5.85304762074325,6.52188529859457,-4.67774818535697));
#10148=CARTESIAN_POINT('',(5.85304762073937,6.52188529850307,-4.67774818528205));
#10149=CARTESIAN_POINT('',(1.61568654145815,0.314952325208624,0.549258425209372));
#10150=CARTESIAN_POINT('',(1.86734024769699,6.19693009482088,-5.23014534483998));
#10151=CARTESIAN_POINT('',(1.6818379106587,6.52862153436179,-4.88106743636382));
#10152=CARTESIAN_POINT('',(1.74717178655659,6.45665772638439,-4.96009506475558));
#10153=CARTESIAN_POINT('',(1.80851977237751,6.3909571962323,-5.02999594122631));
#10154=CARTESIAN_POINT('',(1.8697778940197,6.25200844796804,-5.17375559900307));
#10155=CARTESIAN_POINT('',(1.86734024769854,6.19693009482082,-5.23014534484));
#10156=CARTESIAN_POINT('',(1.68183791065873,6.52862153436192,-4.88106743636393));
#10157=CARTESIAN_POINT('',(8.17569346323745,6.24610196825623,-4.8858379959847));
#10158=CARTESIAN_POINT('',(0.316915431060443,0.371456238801534,0.550212536807344));
#10159=CARTESIAN_POINT('',(5.25547875796396,7.07103780535327,-3.96355969811288));
#10160=CARTESIAN_POINT('',(5.46909257982196,6.90598657928049,-4.20204900829541));
#10161=CARTESIAN_POINT('',(5.66874126659423,6.72325112644233,-4.44150760550323));
#10162=CARTESIAN_POINT('',(5.85304762073937,6.52188529850307,-4.67774818528205));
#10163=CARTESIAN_POINT('',(4.80200859874301,4.64954862452834,-6.38768086234899));
#10164=CARTESIAN_POINT('',(4.97112045676479,4.65021949306348,-6.38263607518565));
#10165=CARTESIAN_POINT('',(5.16561843916854,4.7191046533779,-6.33425405585557));
#10166=CARTESIAN_POINT('',(5.42517204589304,5.14050251926701,-6.03630863148216));
#10167=CARTESIAN_POINT('',(5.11289690583304,5.41756171572039,-5.81728295134383));
#10168=CARTESIAN_POINT('',(4.83664862260811,5.43604199926142,-5.81174336949855));
#10169=CARTESIAN_POINT('',(3.11935763072638,6.35516894182105,-5.0063040572764));
#10170=CARTESIAN_POINT('',(3.17116450781225,6.36033932866365,-4.99819657573182));
#10171=CARTESIAN_POINT('',(3.22363450491651,6.36174990373456,-4.99415845161962));
#10172=CARTESIAN_POINT('',(3.275909906487,6.35947562712801,-4.99419685452496));
#10173=CARTESIAN_POINT('',(3.11935763072638,6.35516894182105,-5.0063040572764));
#10174=CARTESIAN_POINT('',(3.11935763073035,6.35516894191397,-5.00630405736108));
#10175=CARTESIAN_POINT('',(3.00616393336451,6.34110474632185,-5.02705440262313));
#10176=CARTESIAN_POINT('',(2.86598721924166,6.30761988218546,-5.07022266040283));
#10177=CARTESIAN_POINT('',(2.57114699703224,6.14028658029851,-5.26068829846472));
#10178=CARTESIAN_POINT('',(2.38253676994656,5.66954864271143,-5.72445428297274));
#10179=CARTESIAN_POINT('',(2.835847600498,5.2791386001497,-6.00412147561129));
#10180=CARTESIAN_POINT('',(3.22715670485798,5.25599574403819,-6.0090762593502));
#10181=CARTESIAN_POINT('',(5.85304762073932,6.52188529850309,-4.67774818528205));
#10182=CARTESIAN_POINT('',(6.484676456516,5.8317926315599,-5.48735870067145));
#10183=CARTESIAN_POINT('',(6.9440712474268,4.91993066371428,-6.24671217739721));
#10184=CARTESIAN_POINT('',(7.28734623671235,3.82196898567875,-6.80319374271307));
#10185=CARTESIAN_POINT('',(7.29637075087288,3.79306461821775,-6.81769259156179));
#10186=CARTESIAN_POINT('',(7.30544147798406,3.76407399841629,-6.83200233896146));
#10187=CARTESIAN_POINT('',(5.88435863224868,6.53317633238207,-4.66231975198989));
#10188=CARTESIAN_POINT('',(6.5237527169083,5.84481730184488,-5.47350771761587));
#10189=CARTESIAN_POINT('',(6.98920562848658,4.93277313958103,-6.23651727466246));
#10190=CARTESIAN_POINT('',(7.33622511445593,3.83396576349132,-6.79602560671014));
#10191=CARTESIAN_POINT('',(7.34523304771717,3.80519841888511,-6.81052542415089));
#10192=CARTESIAN_POINT('',(7.35433477194443,3.77627906094536,-6.8248696080877));
#10193=CARTESIAN_POINT('',(5.93847128225384,6.53888620569096,-4.62387796372118));
#10194=CARTESIAN_POINT('',(6.59115788835629,5.84975385548309,-5.43177151696797));
#10195=CARTESIAN_POINT('',(7.06713811624787,4.93621779028108,-6.19348519315957));
#10196=CARTESIAN_POINT('',(7.42062297570642,3.8386701825697,-6.75183772991053));
#10197=CARTESIAN_POINT('',(7.42960557268426,3.81025395884254,-6.76625086985752));
#10198=CARTESIAN_POINT('',(7.43876264223888,3.78155551028544,-6.78053334711243));
#10199=CARTESIAN_POINT('',(5.97766775738137,6.51870755325102,-4.57528634124249));
#10200=CARTESIAN_POINT('',(6.6352798987223,5.82228113188489,-5.37383051133483));
#10201=CARTESIAN_POINT('',(7.11076146305457,4.90544473151169,-6.12438479348104));
#10202=CARTESIAN_POINT('',(7.4634985449976,3.81301232414236,-6.67362849809172));
#10203=CARTESIAN_POINT('',(7.4724516819413,3.78497147407855,-6.68786480615657));
#10204=CARTESIAN_POINT('',(7.48158307822145,3.7565508911787,-6.70194647545393));
#10205=CARTESIAN_POINT('',(5.99032831355453,6.50607727855636,-4.55437564626532));
#10206=CARTESIAN_POINT('',(6.64782145465799,5.80584221237283,-5.34876208652292));
#10207=CARTESIAN_POINT('',(7.12057417059269,4.88796530117541,-6.09421571025257));
#10208=CARTESIAN_POINT('',(7.47137415269351,3.79828423528154,-6.6393525309266));
#10209=CARTESIAN_POINT('',(7.48031349081999,3.77038355133335,-6.65351206502787));
#10210=CARTESIAN_POINT('',(7.48941553044748,3.74207584982315,-6.6675048978587));
#10211=CARTESIAN_POINT('',(5.99051294963263,6.50589308409026,-4.55407069372942));
#10212=CARTESIAN_POINT('',(6.64800435528807,5.80560247427718,-5.34839649945249));
#10213=CARTESIAN_POINT('',(7.12071727487742,4.8877103887197,-6.09377573738479));
#10214=CARTESIAN_POINT('',(7.47148900715154,3.79806944720051,-6.63885266503888));
#10215=CARTESIAN_POINT('',(7.48042814404204,3.77017080737436,-6.65301107950186));
#10216=CARTESIAN_POINT('',(7.48952975554479,3.74186475207755,-6.66700261678006));
#10217=CARTESIAN_POINT('',(5.99069758571073,6.50570888962415,-4.55376574119352));
#10218=CARTESIAN_POINT('',(6.64818725591815,5.80536273618152,-5.34803091238205));
#10219=CARTESIAN_POINT('',(7.12086037916214,4.887455476264,-6.09333576451701));
#10220=CARTESIAN_POINT('',(7.47160386160957,3.79785465911949,-6.63835279915117));
#10221=CARTESIAN_POINT('',(7.48054279726408,3.76995806341537,-6.65251009397586));
#10222=CARTESIAN_POINT('',(7.4896439806421,3.74165365433195,-6.66650033570143));
#10223=CARTESIAN_POINT('',(5.99088222178883,6.50552469515804,-4.55346078865762));
#10224=CARTESIAN_POINT('',(6.64837015654823,5.80512299808586,-5.34766532531162));
#10225=CARTESIAN_POINT('',(7.12100348344686,4.88720056380829,-6.09289579164923));
#10226=CARTESIAN_POINT('',(7.4717187160676,3.79763987103846,-6.63785293326346));
#10227=CARTESIAN_POINT('',(7.48065745048612,3.76974531945638,-6.65200910844985));
#10228=CARTESIAN_POINT('',(7.48975820573941,3.74144255658635,-6.6659980546228));
#10229=CARTESIAN_POINT('',(5.99032831355453,6.50607727855636,-4.55437564626532));
#10230=CARTESIAN_POINT('',(5.96078701581715,6.53554791951056,-4.60316726787872));
#10231=CARTESIAN_POINT('',(5.90784189088069,6.5416446077913,-4.65074842702076));
#10232=CARTESIAN_POINT('',(5.85304762073932,6.52188529850309,-4.67774818528205));
#10233=CARTESIAN_POINT('',(7.46219798519096,3.82678793037528,-6.62509293424484));
#10234=CARTESIAN_POINT('',(7.12062668923395,4.88781548020104,-6.09427043716333));
#10235=CARTESIAN_POINT('',(6.64784549477917,5.80581660946568,-5.34879113191532));
#10236=CARTESIAN_POINT('',(5.99032831355453,6.50607727855636,-4.55437564626532));
#10237=CARTESIAN_POINT('',(7.46221510871556,3.826763373014,-6.62503372528955));
#10238=CARTESIAN_POINT('',(7.48941553272429,3.74207584956134,-6.66750489584406));
#10239=CARTESIAN_POINT('',(7.48032586416412,3.77034506974619,-6.65353108693312));
#10240=CARTESIAN_POINT('',(7.47139845732841,3.79820837795714,-6.63939102765766));
#10241=CARTESIAN_POINT('',(7.46221510871556,3.826763373014,-6.62503372528955));
#10242=CARTESIAN_POINT('',(7.48941553272429,3.74207584956134,-6.66750489584406));
#10243=CARTESIAN_POINT('',(7.48941553075375,3.74207585676011,-6.66750489177233));
#10244=CARTESIAN_POINT('',(7.47795248701173,3.76785410577912,-6.69630895099646));
#10245=CARTESIAN_POINT('',(7.45104394789698,3.80477128582209,-6.71968835606844));
#10246=CARTESIAN_POINT('',(7.40851514755594,3.84867972751896,-6.72990951905164));
#10247=CARTESIAN_POINT('',(5.25547875796396,7.07103780535327,-3.96355969811288));
#10248=CARTESIAN_POINT('',(5.46909257982196,6.90598657928049,-4.20204900829541));
#10249=CARTESIAN_POINT('',(5.66874126659423,6.72325112644233,-4.44150760550323));
#10250=CARTESIAN_POINT('',(5.85304762073937,6.52188529850307,-4.67774818528205));
#10251=CARTESIAN_POINT('',(5.29862702593599,7.08758946847269,-3.93539253075631));
#10252=CARTESIAN_POINT('',(5.51602709529055,6.92381381190917,-4.17391553473589));
#10253=CARTESIAN_POINT('',(5.71953132683043,6.7420756782772,-4.41366893580797));
#10254=CARTESIAN_POINT('',(5.90784189088075,6.54164460779141,-4.65074842702069));
#10255=CARTESIAN_POINT('',(5.34064127874656,7.0847033178782,-3.89479560899639));
#10256=CARTESIAN_POINT('',(5.56162116198697,6.92003234880228,-4.13105487571498));
#10257=CARTESIAN_POINT('',(5.76879780608397,6.73720968330665,-4.36849022896479));
#10258=CARTESIAN_POINT('',(5.96078701581718,6.53554791951057,-4.60316726787882));
#10259=CARTESIAN_POINT('',(5.36892166538931,7.06324489478593,-3.85394373379427));
#10260=CARTESIAN_POINT('',(5.59075265952745,6.89587673344026,-4.0877187331575));
#10261=CARTESIAN_POINT('',(5.79847487550947,6.71040261138279,-4.32257738074431));
#10262=CARTESIAN_POINT('',(5.99032831355453,6.50607727855636,-4.55437564626532));
#10263=CARTESIAN_POINT('',(5.36892166538931,7.06324489478593,-3.85394373379427));
#10264=CARTESIAN_POINT('',(5.34064127874656,7.0847033178782,-3.89479560899639));
#10265=CARTESIAN_POINT('',(5.29862702593599,7.08758946847269,-3.93539253075631));
#10266=CARTESIAN_POINT('',(5.25547875796396,7.07103780535327,-3.96355969811288));
#10267=CARTESIAN_POINT('',(5.36892166538931,7.06324489478593,-3.85394373379427));
#10268=CARTESIAN_POINT('',(5.32898849294082,7.09337387507269,-3.811860446921));
#10269=CARTESIAN_POINT('',(5.2796088771912,7.12891195810421,-3.69164114510526));
#10270=CARTESIAN_POINT('',(5.28092411403285,7.12676263242734,-3.47527373923265));
#10271=CARTESIAN_POINT('',(5.33942059722326,7.08369312258041,-3.29343175925786));
#10272=CARTESIAN_POINT('',(5.42731941523699,7.01755312945801,-3.1596584456921));
#10273=CARTESIAN_POINT('',(5.48378877544682,6.97396993275,-3.10838569690985));
#10274=CARTESIAN_POINT('',(5.51498873802268,6.94940724197995,-3.09017975352116));
#10275=CARTESIAN_POINT('',(5.36084155491991,7.06937587281222,-3.86561569813777));
#10276=CARTESIAN_POINT('',(5.31791019161411,7.10166809873318,-3.82145736196389));
#10277=CARTESIAN_POINT('',(5.26345750343093,7.14063122463904,-3.69617046008565));
#10278=CARTESIAN_POINT('',(5.25943624021025,7.1421676988025,-3.4702765628595));
#10279=CARTESIAN_POINT('',(5.31555008089409,7.10108646755962,-3.27825181416859));
#10280=CARTESIAN_POINT('',(5.40528435206648,7.0341944772184,-3.1324223074642));
#10281=CARTESIAN_POINT('',(5.4656812263555,6.98799008659425,-3.07360314247682));
#10282=CARTESIAN_POINT('',(5.50057724069489,6.96070460790452,-3.0517720179272));
#10283=CARTESIAN_POINT('',(5.34250751418303,7.07875882357565,-3.88896130334082));
#10284=CARTESIAN_POINT('',(5.29336364859172,7.11503483005075,-3.84065677392001));
#10285=CARTESIAN_POINT('',(5.22784762743308,7.15947860493735,-3.7052655734206));
#10286=CARTESIAN_POINT('',(5.210498075473,7.16458207112926,-3.46035392603658));
#10287=CARTESIAN_POINT('',(5.25852200176339,7.12289731541122,-3.24806722601784));
#10288=CARTESIAN_POINT('',(5.34777901195788,7.04937959187931,-3.07823904973395));
#10289=CARTESIAN_POINT('',(5.41355842264603,6.99517296458199,-3.00441873871343));
#10290=CARTESIAN_POINT('',(5.45458100639917,6.96116766322527,-2.97536990124117));
#10291=CARTESIAN_POINT('',(5.30453840233099,7.08426219112729,-3.92765601343592));
#10292=CARTESIAN_POINT('',(5.24453751100775,7.12585310722278,-3.87225670858668));
#10293=CARTESIAN_POINT('',(5.15856526183097,7.17364731549316,-3.71930926218654));
#10294=CARTESIAN_POINT('',(5.11601627824861,7.16874361214206,-3.44469463413573));
#10295=CARTESIAN_POINT('',(5.14817445203244,7.10669100452766,-3.20590296059384));
#10296=CARTESIAN_POINT('',(5.23137688266996,7.00419558578811,-3.01253167441864));
#10297=CARTESIAN_POINT('',(5.29936567991534,6.93013965877469,-2.92713201629963));
#10298=CARTESIAN_POINT('',(5.34445312915428,6.88445833074143,-2.89340657727263));
#10299=CARTESIAN_POINT('',(5.27397087280915,7.07813137526159,-3.95148805496007));
#10300=CARTESIAN_POINT('',(5.20695026028151,7.12174850031199,-3.89129937028151));
#10301=CARTESIAN_POINT('',(5.10797103555971,7.16578174066844,-3.72658116571029));
#10302=CARTESIAN_POINT('',(5.05318373835649,7.13928133392418,-3.43685761564216));
#10303=CARTESIAN_POINT('',(5.08352736879031,7.04874441032943,-3.19466216513509));
#10304=CARTESIAN_POINT('',(5.16885117922594,6.91985141046003,-3.01200931605355));
#10305=CARTESIAN_POINT('',(5.23676090521407,6.83540167651621,-2.93911184762452));
#10306=CARTESIAN_POINT('',(5.27962509447288,6.78727521874444,-2.91266057907527));
#10307=CARTESIAN_POINT('',(5.25547875796396,7.07103780535327,-3.96355969811288));
#10308=CARTESIAN_POINT('',(5.18488596544106,7.11517226330408,-3.90067498903121));
#10309=CARTESIAN_POINT('',(5.07965593884573,7.15481968522663,-3.7289422257));
#10310=CARTESIAN_POINT('',(5.02312758447502,7.112076790516,-3.43350769873335));
#10311=CARTESIAN_POINT('',(5.05932617301791,7.00472759085694,-3.19564141166323));
#10312=CARTESIAN_POINT('',(5.15170754182679,6.86665895720795,-3.02855826159928));
#10313=CARTESIAN_POINT('',(5.22075981858105,6.78262554581354,-2.96807258424372));
#10314=CARTESIAN_POINT('',(5.26183109003378,6.7373101771274,-2.94816323763541));
#10315=CARTESIAN_POINT('',(5.51498868273799,6.94940728550375,-3.09017978578115));
#10316=CARTESIAN_POINT('',(5.46454841916848,6.98894808312597,-2.95575273368498));
#10317=CARTESIAN_POINT('',(5.30335035353599,6.85389536615284,-2.86532376332128));
#10318=CARTESIAN_POINT('',(5.26183101725764,6.73731025742386,-2.94816327291375));
#10319=CARTESIAN_POINT('',(5.63967494418635,6.38635583659197,-2.83954820340074));
#10320=CARTESIAN_POINT('',(5.26723900941703,6.15877598554989,-3.28815550174044));
#10321=CARTESIAN_POINT('',(4.8785224423873,5.88852079955465,-3.70244373918117));
#10322=CARTESIAN_POINT('',(4.49439792870556,5.57644591749653,-4.08387524223264));
#10323=CARTESIAN_POINT('',(5.58832060695983,6.40575354175057,-2.80790708540776));
#10324=CARTESIAN_POINT('',(5.22110103400623,6.17930390587282,-3.25976103159562));
#10325=CARTESIAN_POINT('',(4.83698646920749,5.9088994197061,-3.67778987485873));
#10326=CARTESIAN_POINT('',(4.45708583648206,5.59585805776646,-4.0631953748983));
#10327=CARTESIAN_POINT('',(5.53885321112782,6.45315485813547,-2.79202381464397));
#10328=CARTESIAN_POINT('',(5.17623609416298,6.22152133511458,-3.24611524349222));
#10329=CARTESIAN_POINT('',(4.79642545044266,5.94611945335214,-3.666276511191));
#10330=CARTESIAN_POINT('',(4.42047797284241,5.62815815285226,-4.05376518535461));
#10331=CARTESIAN_POINT('',(5.51095055356328,6.50970386136151,-2.79821664923699));
#10332=CARTESIAN_POINT('',(5.14745862957023,6.27154239791134,-3.25167061435214));
#10333=CARTESIAN_POINT('',(4.76802950528816,5.9899768195718,-3.67103216987247));
#10334=CARTESIAN_POINT('',(4.39299692519349,5.66591472910156,-4.05775433300834));
#10335=CARTESIAN_POINT('',(5.57915807853183,6.34908810492637,-2.91197520890844));
#10336=CARTESIAN_POINT('',(5.58201349167451,6.35034181479453,-2.90377699494401));
#10337=CARTESIAN_POINT('',(5.57196514516142,6.43070182294538,-2.78653731401276));
#10338=CARTESIAN_POINT('',(5.52877288887562,6.48049461908246,-2.79169216965399));
#10339=CARTESIAN_POINT('',(5.5018945674745,6.50376325929273,-2.80950299412314));
#10340=CARTESIAN_POINT('',(5.57916356318625,6.34908055941301,-2.91197637737066));
#10341=CARTESIAN_POINT('',(5.5018945688337,6.50376323514866,-2.80950302772499));
#10342=CARTESIAN_POINT('',(5.50189456883154,6.50376323514242,-2.80950302771864));
#10343=CARTESIAN_POINT('',(5.16716225279894,6.28392441272502,-3.22627223245253));
#10344=CARTESIAN_POINT('',(4.82674437985754,6.03237422474261,-3.60529109002764));
#10345=CARTESIAN_POINT('',(4.49339763966998,5.75153862620353,-3.95356505501309));
#10346=CARTESIAN_POINT('',(4.49439792870894,5.57644591757538,-4.08387524230055));
#10347=CARTESIAN_POINT('',(4.85761261216128,5.87153299340921,-3.72320697535419));
#10348=CARTESIAN_POINT('',(5.22596389034678,6.12984297312496,-3.33194304173333));
#10349=CARTESIAN_POINT('',(5.57915707395625,6.34908307133048,-2.91197237908092));
#10350=CARTESIAN_POINT('',(0.316915430947697,0.371456238555179,0.550212536880243));
#10351=CARTESIAN_POINT('',(0.525789249949518,6.45578651179079,-7.32013033099624));
#10352=CARTESIAN_POINT('',(0.577042620919239,6.48417688760445,-7.35971667366145));
#10353=CARTESIAN_POINT('',(0.316915430942149,0.371456238400352,0.550212537194093));
#10354=CARTESIAN_POINT('',(0.526892531135196,5.34434191445405,-8.1230981156773));
#10355=CARTESIAN_POINT('',(0.526892531135196,5.34434191445405,-8.1230981156773));
#10356=CARTESIAN_POINT('',(1.67600279136,6.43636588421183,-7.36052399926796));
#10357=CARTESIAN_POINT('',(0.577042620923557,6.48417688770664,-7.35971667379368));
#10358=CARTESIAN_POINT('',(1.66005297961489,6.07448250333799,-7.64070868051283));
#10359=CARTESIAN_POINT('',(0.56109280917845,6.1222935068328,-7.63990135503855));
#10360=CARTESIAN_POINT('',(1.64328367972943,5.69334191980137,-7.89596988509724));
#10361=CARTESIAN_POINT('',(0.544323509292991,5.74115292329618,-7.89516255962296));
#10362=CARTESIAN_POINT('',(1.62585270157528,5.29653091104546,-8.12390544130202));
#10363=CARTESIAN_POINT('',(0.526892531138836,5.34434191454026,-8.12309811582774));
#10364=CARTESIAN_POINT('',(1.4158756013782,0.323645234901426,0.549405211725448));
#10365=CARTESIAN_POINT('',(1.67600279135564,6.43636588410966,-7.36052399913575));
#10366=CARTESIAN_POINT('',(0.426987061095546,5.34868836931721,-8.1230247224524));
#10367=CARTESIAN_POINT('',(8.16985834393438,6.15384631800405,-7.36529455875647));
#10368=CARTESIAN_POINT('',(0.57704262091973,6.48417688761669,-7.35971667367728));
#10369=CARTESIAN_POINT('',(1.67600279135616,6.43636588412188,-7.36052399915156));
#10370=CARTESIAN_POINT('',(0.600685103420612,7.02059835994499,-6.94439757592188));
#10371=CARTESIAN_POINT('',(1.69964527385704,6.97278735645018,-6.94520490139615));
#10372=CARTESIAN_POINT('',(0.603853088030539,7.0781957991693,-6.04302935938995));
#10373=CARTESIAN_POINT('',(1.70281325846697,7.03038479567449,-6.04383668486423));
#10374=CARTESIAN_POINT('',(0.583358635723496,6.59900897286728,-5.56265775444512));
#10375=CARTESIAN_POINT('',(1.68231880615993,6.55119796937248,-5.56346507991939));
#10376=CARTESIAN_POINT('',(1.64478752855964,5.70283940623779,-6.41133249387531));
#10377=CARTESIAN_POINT('',(0.54582735812324,5.75065040973257,-6.41052516840096));
#10378=CARTESIAN_POINT('',(3.50247096524849,6.16178749390139,-3.9050830366527));
#10379=CARTESIAN_POINT('',(2.59036160745806,6.54504535496206,-4.16251779267318));
#10380=CARTESIAN_POINT('',(1.58987505397875,6.77243203969997,-4.29990442397865));
#10381=CARTESIAN_POINT('',(0.579168841500844,6.8260341990539,-4.30639682993892));
#10382=CARTESIAN_POINT('',(3.50230953561139,6.16139593363744,-3.90509400394742));
#10383=CARTESIAN_POINT('',(2.59024057122071,6.54463354564181,-4.16251294547398));
#10384=CARTESIAN_POINT('',(1.58980271146213,6.77200739477253,-4.29989036964503));
#10385=CARTESIAN_POINT('',(0.579146084203342,6.82560684751532,-4.30638233910082));
#10386=CARTESIAN_POINT('',(3.50214810597428,6.16100437337349,-3.90510497124213));
#10387=CARTESIAN_POINT('',(2.59011953498335,6.54422173632156,-4.16250809827478));
#10388=CARTESIAN_POINT('',(1.5897303689455,6.77158274984509,-4.2998763153114));
#10389=CARTESIAN_POINT('',(0.57912332690584,6.82517949597673,-4.30636784826271));
#10390=CARTESIAN_POINT('',(3.50198667633718,6.16061281310955,-3.90511593853685));
#10391=CARTESIAN_POINT('',(2.589998498746,6.54380992700132,-4.16250325107559));
#10392=CARTESIAN_POINT('',(1.58965802642887,6.77115810491765,-4.29986226097778));
#10393=CARTESIAN_POINT('',(0.579100569608339,6.82475214443815,-4.3063533574246));
#10394=CARTESIAN_POINT('',(3.4813991538087,6.11067616021327,-3.90651462486899));
#10395=CARTESIAN_POINT('',(2.5745624468041,6.49129086166701,-4.16188507572414));
#10396=CARTESIAN_POINT('',(1.58043200562141,6.71700208272111,-4.29806987690713));
#10397=CARTESIAN_POINT('',(0.57619827494048,6.77025094140026,-4.30450530485302));
#10398=CARTESIAN_POINT('',(3.46081163128018,6.06073950731692,-3.9079133112012));
#10399=CARTESIAN_POINT('',(2.55912639486213,6.43877179633265,-4.16126690037277));
#10400=CARTESIAN_POINT('',(1.5712059848139,6.66284606052462,-4.29627749283662));
#10401=CARTESIAN_POINT('',(0.573295980272604,6.71574973836236,-4.30265725228157));
#10402=CARTESIAN_POINT('',(3.44022410875167,6.01080285442057,-3.90931199753342));
#10403=CARTESIAN_POINT('',(2.54369034292024,6.38625273099834,-4.16064872502132));
#10404=CARTESIAN_POINT('',(1.56197996400637,6.60869003832805,-4.29448510876619));
#10405=CARTESIAN_POINT('',(0.570393685604749,6.66124853532446,-4.30080919970996));
#10406=CARTESIAN_POINT('',(0.588970580876178,6.70671970574754,-4.30226651813713));
#10407=CARTESIAN_POINT('',(0.583267952001368,6.70097776190802,-4.30210355785127));
#10408=CARTESIAN_POINT('',(0.577572704520912,6.6952219011555,-4.30193661568173));
#10409=CARTESIAN_POINT('',(0.571896079052947,6.68946146887639,-4.30176585720513));
#10410=CARTESIAN_POINT('',(0.571896079052947,6.68946146887639,-4.30176585720513));
#10411=CARTESIAN_POINT('',(0.588970580876178,6.70671970574754,-4.30226651813713));
#10412=CARTESIAN_POINT('',(0.571896079052947,6.68946146887639,-4.30176585720513));
#10413=CARTESIAN_POINT('',(0.57691256897693,6.67975796519308,-4.30141150984946));
#10414=CARTESIAN_POINT('',(0.581931352467136,6.67005583827294,-4.301053526818));
#10415=CARTESIAN_POINT('',(0.586952394520831,6.66035520736843,-4.30069187978249));
#10416=CARTESIAN_POINT('',(0.586952394520831,6.66035520736843,-4.30069187978249));
#10417=CARTESIAN_POINT('',(0.586952394394157,6.66035520495568,-4.30069188130367));
#10418=CARTESIAN_POINT('',(1.55901320472301,6.60698665009744,-4.29312251449428));
#10419=CARTESIAN_POINT('',(2.53626334117441,6.38936307677324,-4.1627307887797));
#10420=CARTESIAN_POINT('',(3.44022412227295,6.01080291813889,-3.90931195014062));
#10421=CARTESIAN_POINT('',(3.44022410875184,6.01080285442054,-3.90931199753405));
#10422=CARTESIAN_POINT('',(3.10084493810583,6.3172051324204,-4.0093454120333));
#10423=CARTESIAN_POINT('',(3.19670343525375,6.28174148711593,-3.98590790790419));
#10424=CARTESIAN_POINT('',(3.31747276960469,6.23032126684518,-3.95708444386111));
#10425=CARTESIAN_POINT('',(3.45539903129272,6.10277134483675,-3.91101180996898));
#10426=CARTESIAN_POINT('',(3.44022410875185,6.01080285442066,-3.90931199752792));
#10427=CARTESIAN_POINT('',(0.588970580876151,6.7067197057472,-4.30226651813729));
#10428=CARTESIAN_POINT('',(0.825078747991094,6.69437538858049,-4.29755753821845));
#10429=CARTESIAN_POINT('',(1.09380865160243,6.6804624843986,-4.29191394443821));
#10430=CARTESIAN_POINT('',(1.83882844144754,6.62096828389433,-4.23857833164806));
#10431=CARTESIAN_POINT('',(2.35987536310776,6.54979622346956,-4.15931028641066));
#10432=CARTESIAN_POINT('',(2.68484637435336,6.45555966218298,-4.09937794159534));
#10433=CARTESIAN_POINT('',(0.545827358122633,5.7506504097186,-6.41052516839648));
#10434=CARTESIAN_POINT('',(0.480325559217058,6.53265888080059,-5.63323997905024));
#10435=CARTESIAN_POINT('',(0.316915430947631,0.371456238555179,0.550212536880243));
#10436=CARTESIAN_POINT('',(1.88088301328735,6.51941554335618,-5.89331397024617));
#10437=CARTESIAN_POINT('',(1.89776777857201,6.89598779426916,-5.21033377723444));
#10438=CARTESIAN_POINT('',(1.87587453330572,6.40111196578724,-5.70492310202855));
#10439=CARTESIAN_POINT('',(1.75148199851518,3.56248056842818,-6.92453712394253));
#10440=CARTESIAN_POINT('',(1.80886547363563,4.89000714715346,-7.43018737540524));
#10441=CARTESIAN_POINT('',(1.61568654145702,0.314952325178548,0.549258425268696));
#10442=CARTESIAN_POINT('',(1.87061118763554,6.30541856140234,-7.20247220137484));
#10443=CARTESIAN_POINT('',(1.84459846863888,5.69414649650915,-6.4114792803244));
#10444=CARTESIAN_POINT('',(1.69795683849353,6.9046807040165,-5.21018699077424));
#10445=CARTESIAN_POINT('',(1.67606359323255,6.40980487551756,-5.70477631557448));
#10446=CARTESIAN_POINT('',(1.69795683849349,6.90468070401467,-5.21018699078117));
#10447=CARTESIAN_POINT('',(1.64478752855904,5.70283940622374,-6.41133249387077));
#10448=CARTESIAN_POINT('',(1.6708002475574,6.31411147112931,-7.20232541492579));
#10449=CARTESIAN_POINT('',(1.415875601384,0.323645235060324,0.549405211405972));
#10450=CARTESIAN_POINT('',(1.55167105843502,3.57117347813426,-6.92439033750299));
#10451=CARTESIAN_POINT('',(1.56985956829908,3.98450474839618,-6.6436298717118));
#10452=CARTESIAN_POINT('',(1.5705032227637,3.98477674439171,-6.64407199794048));
#10453=CARTESIAN_POINT('',(1.57114696272643,3.9850505100125,-6.64451292969723));
#10454=CARTESIAN_POINT('',(1.59322709581591,3.99450029332576,-6.65959415028722));
#10455=CARTESIAN_POINT('',(1.61503246389968,4.00576328777577,-6.67311185304747));
#10456=CARTESIAN_POINT('',(1.6563391015669,4.03186259694243,-6.69639063638725));
#10457=CARTESIAN_POINT('',(1.67644141724402,4.04691733314127,-6.70657934732484));
#10458=CARTESIAN_POINT('',(1.70541372693298,4.07398639801208,-6.71902734308302));
#10459=CARTESIAN_POINT('',(1.7154705470338,4.08457360218364,-6.72285947727749));
#10460=CARTESIAN_POINT('',(1.72480316437755,4.09594421210121,-6.72573722474293));
#10461=CARTESIAN_POINT('',(1.58208050165952,4.26952146223022,-6.88716992769843));
#10462=CARTESIAN_POINT('',(2.90881554332186,60.5876845955484,30.7708676800284));
#10463=CARTESIAN_POINT('',(2.95760471350068,60.558079476242,30.8130160740382));
#10464=CARTESIAN_POINT('',(0.501135853320383,4.7092819781571,-5.5717922183659));
#10465=CARTESIAN_POINT('',(0.571896079052939,6.68946146887639,-4.30176585720514));
#10466=CARTESIAN_POINT('',(0.523610280655785,6.67086297523644,-4.37210056875769));
#10467=CARTESIAN_POINT('',(0.486121488177154,6.64561706338748,-4.43316513434634));
#10468=CARTESIAN_POINT('',(7.06836746335762,2.97617689126406,1.44715025386413));
#10469=CARTESIAN_POINT('',(0.498086331752558,4.63989927416495,-5.61699147059003));
#10470=CARTESIAN_POINT('',(-8.30115155063076,18.0911458266568,-8.37135054262333));
#10471=CARTESIAN_POINT('',(0.553706728640059,4.55487331147578,-5.59958103723154));
#10472=CARTESIAN_POINT('',(0.501135853320407,4.70928197815712,-5.57179221836591));
#10473=CARTESIAN_POINT('',(0.499262646620231,4.66669387807311,-5.59953784452997));
#10474=CARTESIAN_POINT('',(0.517443042605158,4.61031006719677,-5.61093174572996));
#10475=CARTESIAN_POINT('',(0.553706728647279,4.55487331148324,-5.59958103721821));
#10476=CARTESIAN_POINT('',(0.0801280615808052,-2.69258499251355,-4.06378979397486));
#10477=CARTESIAN_POINT('',(0.30905082162443,0.279234826015611,-4.6938856302291));
#10478=CARTESIAN_POINT('',(0.477366412670096,4.16193291509276,-5.51581112461255));
#10479=CARTESIAN_POINT('',(5.57254538469342,3.94026371707139,-5.51955417908422));
#10480=CARTESIAN_POINT('',(2.40530703625317,4.07805655781292,-5.51722744125455));
#10481=CARTESIAN_POINT('',(2.40530703625317,4.07805655781292,-5.51722744125455));
#10482=CARTESIAN_POINT('',(1.80714142991899,4.34834331636322,-5.56839080049591));
#10483=CARTESIAN_POINT('',(1.18645112709294,4.50818101676047,-5.59599723273493));
#10484=CARTESIAN_POINT('',(0.553706728640059,4.55487331147578,-5.59958103723154));
#10485=CARTESIAN_POINT('',(0.587551037490491,6.6739655968713,-4.29182487749121));
#10486=CARTESIAN_POINT('',(0.486579898985256,4.37834656463327,-5.78739259142882));
#10487=CARTESIAN_POINT('',(1.6498001870199,6.62000819256862,-4.28071930321398));
#10488=CARTESIAN_POINT('',(1.54882904851467,4.32438916033058,-5.77628701715159));
#10489=CARTESIAN_POINT('',(2.7031123827688,6.44107259488525,-4.0771753050176));
#10490=CARTESIAN_POINT('',(2.60214124426357,4.14545356264721,-5.57274301895521));
#10491=CARTESIAN_POINT('',(3.65466955755947,6.15292664206828,-3.69912921799292));
#10492=CARTESIAN_POINT('',(3.55369841905423,3.85730760983024,-5.19469693193053));
#10493=CARTESIAN_POINT('',(3.61906562646988,5.7359354278468,-3.98089119664141));
#10494=CARTESIAN_POINT('',(3.37843566660528,5.50388414250712,-4.2664235573201));
#10495=CARTESIAN_POINT('',(2.99249127631215,5.07689764896164,-4.7273497144028));
#10496=CARTESIAN_POINT('',(2.76518268636867,4.39450126305368,-5.25424007643805));
#10497=CARTESIAN_POINT('',(2.76315336810496,4.08034095307374,-5.45387024508612));
#10498=CARTESIAN_POINT('',(2.76315336812067,4.080340953097,-5.45387024512284));
#10499=CARTESIAN_POINT('',(3.44022410873243,6.0108028543981,-3.90931199749893));
#10500=CARTESIAN_POINT('',(3.46560085232125,5.98896673393387,-3.90923245987416));
#10501=CARTESIAN_POINT('',(3.48890301954565,5.96696195171702,-3.91017337444752));
#10502=CARTESIAN_POINT('',(3.51015853345425,5.94482223122828,-3.91218839020157));
#10503=CARTESIAN_POINT('',(2.76315334394889,4.08034089777842,-5.45387029040049));
#10504=CARTESIAN_POINT('',(2.03594772275164,4.45168849717099,-5.52991329548027));
#10505=CARTESIAN_POINT('',(1.2693200040957,4.66188064070844,-5.5692051883841));
#10506=CARTESIAN_POINT('',(0.501135852782483,4.70928196918511,-5.57179222416574));
#10507=CARTESIAN_POINT('',(2.76315336812067,4.080340953097,-5.45387024512284));
#10508=CARTESIAN_POINT('',(2.7650451396984,4.37320755559159,-5.26777095953479));
#10509=CARTESIAN_POINT('',(2.95247965388934,5.0139562985733,-4.78542494725734));
#10510=CARTESIAN_POINT('',(3.3682316102353,5.49404386992787,-4.27853172672497));
#10511=CARTESIAN_POINT('',(3.61906562648989,5.73593542786828,-3.98089119667572));
#10512=CARTESIAN_POINT('',(2.78347326630678,4.07632513679693,-5.44772124320159));
#10513=CARTESIAN_POINT('',(2.78516810376501,4.3665298960153,-5.26343252062167));
#10514=CARTESIAN_POINT('',(2.97349404153623,5.00049104970227,-4.78445922464647));
#10515=CARTESIAN_POINT('',(3.39156924160077,5.47347528951317,-4.27913109440994));
#10516=CARTESIAN_POINT('',(3.64356875758625,5.71118424134588,-3.98209439084599));
#10517=CARTESIAN_POINT('',(2.80498975248215,4.07408584030876,-5.44438014143367));
#10518=CARTESIAN_POINT('',(2.80645959065202,4.3615962264606,-5.26184890988279));
#10519=CARTESIAN_POINT('',(2.99603475260986,4.98922461292577,-4.78697007104864));
#10520=CARTESIAN_POINT('',(3.41779420458128,5.45643613076439,-4.28532942413873));
#10521=CARTESIAN_POINT('',(3.67216711586552,5.69089137483114,-3.9903712446466));
#10522=CARTESIAN_POINT('',(2.82659032970111,4.07373884510741,-5.4440196894717));
#10523=CARTESIAN_POINT('',(2.82783963911987,4.3586595869123,-5.26309868330981));
#10524=CARTESIAN_POINT('',(3.01869950596764,4.98076286267973,-4.79287140435136));
#10525=CARTESIAN_POINT('',(3.44425654226451,5.44460028895222,-4.29654282827913));
#10526=CARTESIAN_POINT('',(3.70110717845207,5.67772025878858,-4.00463542438739));
#10527=CARTESIAN_POINT('',(2.83112873172435,4.1809066863539,-5.61282270102815));
#10528=CARTESIAN_POINT('',(2.82659032970111,4.07373884510741,-5.4440196894717));
#10529=CARTESIAN_POINT('',(2.82659032970388,4.07373884517285,-5.44401968957478));
#10530=CARTESIAN_POINT('',(2.82785281969085,4.36166558150613,-5.26118991555146));
#10531=CARTESIAN_POINT('',(3.04571846496978,5.00462832582436,-4.76445513317312));
#10532=CARTESIAN_POINT('',(3.38456266314998,5.38075789073099,-4.36631097508042));
#10533=CARTESIAN_POINT('',(3.63216611062727,5.61399729418893,-4.08319608115677));
#10534=CARTESIAN_POINT('',(2.7717867302387,4.07592377396201,-5.45296561741665));
#10535=CARTESIAN_POINT('',(2.04844965555193,4.44671972629254,-5.52891983518256));
#10536=CARTESIAN_POINT('',(1.27928017819695,4.66126605036697,-5.56917163940179));
#10537=CARTESIAN_POINT('',(0.501135853320383,4.7092819781571,-5.5717922183659));
#10538=CARTESIAN_POINT('',(2.75388942624586,4.03509747340905,-5.48647571464136));
#10539=CARTESIAN_POINT('',(2.03500420716234,4.4042526875146,-5.55928267650539));
#10540=CARTESIAN_POINT('',(1.27123606787224,4.61775783836093,-5.59787151744551));
#10541=CARTESIAN_POINT('',(0.498510287086813,4.66547513268817,-5.60036220330376));
#10542=CARTESIAN_POINT('',(2.72774642738624,3.9822343342729,-5.50018453708509));
#10543=CARTESIAN_POINT('',(2.01635662156114,4.35015266661342,-5.57080927170267));
#10544=CARTESIAN_POINT('',(1.26019749093679,4.56285373263358,-5.60828079529602));
#10545=CARTESIAN_POINT('',(0.495115831225613,4.61020154290701,-5.6106880740131));
#10546=CARTESIAN_POINT('',(2.70163615011381,3.93407394649833,-5.48975106243829));
#10547=CARTESIAN_POINT('',(1.9978261195398,4.30039429229817,-5.56015379658956));
#10548=CARTESIAN_POINT('',(1.24929486752427,4.51210766959489,-5.59745053472155));
#10549=CARTESIAN_POINT('',(0.491910993527234,4.55906906131665,-5.59985406787331));
#10550=CARTESIAN_POINT('',(2.76315333199967,4.08034088305122,-5.45387024709763));
#10551=CARTESIAN_POINT('',(2.77547273225673,4.03646824809055,-5.47635902778375));
#10552=CARTESIAN_POINT('',(2.62848471441025,4.02548381618482,-5.50764534926623));
#10553=CARTESIAN_POINT('',(2.49771074643468,4.05679455284208,-5.51364278829189));
#10554=CARTESIAN_POINT('',(2.40530703644862,4.0780565620577,-5.51722742111503));
#10555=CARTESIAN_POINT('',(2.40530703625317,4.07805655781292,-5.51722744125455));
#10556=CARTESIAN_POINT('',(2.47251928764458,4.06258959648493,-5.51462702802635));
#10557=CARTESIAN_POINT('',(2.58194463920888,4.03941659512018,-5.50868183053063));
#10558=CARTESIAN_POINT('',(2.70488382552563,4.02876601092663,-5.49287708533933));
#10559=CARTESIAN_POINT('',(2.76185584095099,4.04635890328064,-5.47308326164353));
#10560=CARTESIAN_POINT('',(2.76654133040351,4.06827570703213,-5.46005481360763));
#10561=CARTESIAN_POINT('',(2.763153367982,4.08034093203056,-5.45387025851035));
#10562=CARTESIAN_POINT('',(2.40319320816221,4.02929484632619,-5.50690511051928));
#10563=CARTESIAN_POINT('',(2.4719596090127,4.01727943237596,-5.50837837584439));
#10564=CARTESIAN_POINT('',(2.5848040766206,4.00116054987774,-5.50857104732422));
#10565=CARTESIAN_POINT('',(2.71499176614691,4.00420255302219,-5.49650654851223));
#10566=CARTESIAN_POINT('',(2.77834659807921,4.03410538848078,-5.47372842453867));
#10567=CARTESIAN_POINT('',(2.78583794207084,4.06192627238852,-5.45632037477685));
#10568=CARTESIAN_POINT('',(2.78347326618305,4.07632511592379,-5.44772125645702));
#10569=CARTESIAN_POINT('',(2.40090088743747,3.97675323387438,-5.5157020038421));
#10570=CARTESIAN_POINT('',(2.47181111257374,3.97001186089035,-5.51801157473876));
#10571=CARTESIAN_POINT('',(2.58877878090802,3.96323472737096,-5.51898881789933));
#10572=CARTESIAN_POINT('',(2.7261130618571,3.98072180834719,-5.50480523675614));
#10573=CARTESIAN_POINT('',(2.79564634453593,4.0229224904647,-5.47689301745714));
#10574=CARTESIAN_POINT('',(2.80613366845434,4.05700113231938,-5.45519489509982));
#10575=CARTESIAN_POINT('',(2.80498975237555,4.0740858196315,-5.444380154561));
#10576=CARTESIAN_POINT('',(2.39902217061619,3.93400299190358,-5.54134592169195));
#10577=CARTESIAN_POINT('',(2.47201539029928,3.93082737264521,-5.54139954445945));
#10578=CARTESIAN_POINT('',(2.59299399652076,3.93068648476191,-5.53841598711025));
#10579=CARTESIAN_POINT('',(2.73734612053743,3.95977637607712,-5.51725393958548));
#10580=CARTESIAN_POINT('',(2.81301159246062,4.01324012990956,-5.48246697084187));
#10581=CARTESIAN_POINT('',(2.82650264948183,4.05374221049508,-5.45671729513486));
#10582=CARTESIAN_POINT('',(2.82659032961122,4.07373882461864,-5.44401970248173));
#10583=CARTESIAN_POINT('',(2.82659032970111,4.07373884510741,-5.4440196894717));
#10584=CARTESIAN_POINT('',(2.82650264948183,4.05374221049508,-5.45671729513486));
#10585=CARTESIAN_POINT('',(2.81301159246062,4.01324012990956,-5.48246697084187));
#10586=CARTESIAN_POINT('',(2.73734612053743,3.95977637607712,-5.51725393958548));
#10587=CARTESIAN_POINT('',(2.59299399652076,3.93068648476191,-5.53841598711025));
#10588=CARTESIAN_POINT('',(2.47201539029928,3.93082737264521,-5.54139954445945));
#10589=CARTESIAN_POINT('',(2.39902217061619,3.93400299190358,-5.54134592169195));
#10590=CARTESIAN_POINT('',(2.40207539609259,4.00374880180609,-5.51563976209422));
#10591=CARTESIAN_POINT('',(2.40314771750216,4.0283271863937,-5.51152467279891));
#10592=CARTESIAN_POINT('',(2.40425012305204,4.05367570203294,-5.51206627588506));
#10593=CARTESIAN_POINT('',(2.40530703625319,4.07805655781333,-5.51722744125261));
#10594=CARTESIAN_POINT('',(0.258612547069176,0.271073697960163,-4.74276687866911));
#10595=CARTESIAN_POINT('',(0.460103756968172,4.08773502209149,-5.51429745537932));
#10596=CARTESIAN_POINT('',(0.417612408886461,4.09743121750348,-5.55971099972377));
#10597=CARTESIAN_POINT('',(0.374819493342563,4.10707861801301,-5.60541680216327));
#10598=CARTESIAN_POINT('',(0.477366412670096,4.16193291509276,-5.51581112461255));
#10599=CARTESIAN_POINT('',(0.476303286583866,4.1374087602129,-5.51061962435645));
#10600=CARTESIAN_POINT('',(0.470551353938175,4.11255082909847,-5.51008074475067));
#10601=CARTESIAN_POINT('',(0.460311332566819,4.08822655716551,-5.51421329038732));
#10602=CARTESIAN_POINT('',(0.298328329302818,1.21928586323435,-6.83475132023087));
#10603=CARTESIAN_POINT('',(0.324302837526599,0.667302940559227,-6.91426392804398));
#10604=CARTESIAN_POINT('',(0.323135291662711,0.640490520137393,-6.9156978902672));
#10605=CARTESIAN_POINT('',(0.311764979588756,0.615617545635202,-6.90674476044103));
#10606=CARTESIAN_POINT('',(0.291922928245831,0.596470701946368,-6.88876757142096));
#10607=CARTESIAN_POINT('',(0.324302837526599,0.667302940559227,-6.91426392804398));
#10608=CARTESIAN_POINT('',(0.348360406199288,1.21977943465775,-6.88471678499206));
#10609=CARTESIAN_POINT('',(1.87713343530471,-1.60474123836978,-6.75609898917154));
#10610=CARTESIAN_POINT('',(1.9098082998717,-0.852681077312016,-6.81602064254248));
#10611=CARTESIAN_POINT('',(1.90727114221992,-0.910946315312228,-6.81913674133801));
#10612=CARTESIAN_POINT('',(1.90476068845688,-0.968188169294382,-6.84650886450682));
#10613=CARTESIAN_POINT('',(1.90451401288109,-0.972967986553764,-6.89922461980455));
#10614=CARTESIAN_POINT('',(1.90980829989863,-0.852681077383437,-6.81602064253906));
#10615=CARTESIAN_POINT('',(1.67283604761842,-6.29469397997838,-7.10706638918206));
#10616=CARTESIAN_POINT('',(1.94639770340883,-0.0124138972653785,-6.77108208889193));
#10617=CARTESIAN_POINT('',(1.94623901965563,-0.0177474949753119,-6.67122455259456));
#10618=CARTESIAN_POINT('',(3.30041931818645,-1.59292730089806,-6.35627502708052));
#10619=CARTESIAN_POINT('',(3.38277688376322,0.298395122884851,-6.25512470700385));
#10620=CARTESIAN_POINT('',(2.78079465203178,-1.5573510774744,-6.59840067346791));
#10621=CARTESIAN_POINT('',(2.86315221760855,0.333971346308515,-6.49725035339124));
#10622=CARTESIAN_POINT('',(2.23310563744088,-1.52376166606036,-6.78052637603157));
#10623=CARTESIAN_POINT('',(2.31546320301765,0.367560757722554,-6.67937605595491));
#10624=CARTESIAN_POINT('',(1.67169335332538,-1.49303859570775,-6.89788322576894));
#10625=CARTESIAN_POINT('',(1.75405091890215,0.398283828075168,-6.79673290569227));
#10626=CARTESIAN_POINT('',(0.203855918431909,0.0737231562074493,0.534130333600211));
#10627=CARTESIAN_POINT('',(2.63244607642756,0.347186669533758,-6.55650909831425));
#10628=CARTESIAN_POINT('',(1.94639770341523,-0.0124138972642483,-6.77108208891839));
#10629=CARTESIAN_POINT('',(1.94885007677953,0.129046403729427,-6.76441241612326));
#10630=CARTESIAN_POINT('',(1.90879013759499,0.239150249112165,-6.76987989418159));
#10631=CARTESIAN_POINT('',(1.81550319107462,0.34845854208285,-6.78565592190563));
#10632=CARTESIAN_POINT('',(2.40155997870241,-1.46320936883891,-6.70360785712225));
#10633=CARTESIAN_POINT('',(2.22031141139981,-1.24351808223577,-6.75270568603761));
#10634=CARTESIAN_POINT('',(2.05584572762502,-1.04005919184657,-6.78878504910562));
#10635=CARTESIAN_POINT('',(1.90980829987807,-0.852681077310877,-6.81602064256892));
#10636=CARTESIAN_POINT('',(2.40155997871379,-1.4632093688671,-6.70360785708266));
#10637=CARTESIAN_POINT('',(2.40155997871379,-1.4632093688671,-6.70360785708266));
#10638=CARTESIAN_POINT('',(2.40640424297162,-1.4690810988607,-6.70229561025359));
#10639=CARTESIAN_POINT('',(2.41196593140273,-1.47405499225301,-6.70071198613173));
#10640=CARTESIAN_POINT('',(2.41766222916994,-1.4784642009125,-6.69905511001151));
#10641=CARTESIAN_POINT('',(2.4233585269392,-1.48287340957371,-6.69739823389071));
#10642=CARTESIAN_POINT('',(2.42918943404455,-1.48671793350175,-6.69566810577146));
#10643=CARTESIAN_POINT('',(2.4352555046657,-1.4903151058355,-6.69384235201569));
#10644=CARTESIAN_POINT('',(2.44738764590801,-1.49750945050294,-6.69019084450427));
#10645=CARTESIAN_POINT('',(2.46046044121333,-1.50371438879306,-6.68615683444694));
#10646=CARTESIAN_POINT('',(2.47357543441792,-1.50909210927478,-6.68203557046476));
#10647=CARTESIAN_POINT('',(2.48669042762249,-1.51446982975651,-6.67791430648261));
#10648=CARTESIAN_POINT('',(2.49984761872635,-1.5190203324298,-6.67370578857567));
#10649=CARTESIAN_POINT('',(2.51316270075279,-1.52311572673384,-6.66938256082794));
#10650=CARTESIAN_POINT('',(2.56642302885781,-1.53949730394987,-6.65208964983731));
#10651=CARTESIAN_POINT('',(2.62220961172499,-1.54859714725754,-6.63296138139362));
#10652=CARTESIAN_POINT('',(2.67734543267854,-1.55206065856321,-6.61309229335333));
#10653=CARTESIAN_POINT('',(2.67734543267854,-1.55206065856321,-6.61309229335333));
#10654=CARTESIAN_POINT('',(0.121498352849016,-1.81759926757362,0.432980013542972));
#10655=CARTESIAN_POINT('',(3.06942655102964,-1.57736470925152,-6.45918994211814));
#10656=CARTESIAN_POINT('',(3.06942655102964,-1.57736470925152,-6.45918994211814));
#10657=CARTESIAN_POINT('',(3.11025646412126,-1.58007158779584,-6.44182046818897));
#10658=CARTESIAN_POINT('',(3.17804543388789,-1.57743792182868,-6.41202268580557));
#10659=CARTESIAN_POINT('',(3.25697771795518,-1.55098006101202,-6.37512506149364));
#10660=CARTESIAN_POINT('',(3.292028168086,-1.51579075972288,-6.35764114874314));
#10661=CARTESIAN_POINT('',(3.29684612621972,-1.48529147682566,-6.35437965523677));
#10662=CARTESIAN_POINT('',(3.29093614565092,-1.46956654962458,-6.35661467283186));
#10663=CARTESIAN_POINT('',(3.28730131547802,-1.46320491427839,-6.35809297404238));
#10664=CARTESIAN_POINT('',(3.28730131547802,-1.46320491427839,-6.35809297404238));
#10665=CARTESIAN_POINT('',(2.63244607643979,0.347186669535203,-6.55650909834992));
#10666=CARTESIAN_POINT('',(2.6558219338051,0.0469109905970219,-6.56008339729041));
#10667=CARTESIAN_POINT('',(2.83960757493541,-0.638846783719252,-6.52215739228733));
#10668=CARTESIAN_POINT('',(3.10692937186224,-1.14752014291118,-6.43145102657224));
#10669=CARTESIAN_POINT('',(3.28730131549876,-1.46320491427696,-6.35809297408701));
#10670=CARTESIAN_POINT('',(1.96795990587985,0.481067627746715,-6.64454728768829));
#10671=CARTESIAN_POINT('',(0.208200095684382,0.173486180773169,0.53946578655763));
#10672=CARTESIAN_POINT('',(0.203855918538966,0.0737231562001359,0.534130333632608));
#10673=CARTESIAN_POINT('',(1.9298958746138,0.483059549488874,-6.65080040989272));
#10674=CARTESIAN_POINT('',(2.38558483323349,0.460417467298316,-6.59846202417709));
#10675=CARTESIAN_POINT('',(2.62234905581896,0.39832641620759,-6.55799509545154));
#10676=CARTESIAN_POINT('',(2.63244607641979,0.347186669532883,-6.55650909829155));
#10677=CARTESIAN_POINT('',(3.28730131547799,-1.46320491427845,-6.35809297404233));
#10678=CARTESIAN_POINT('',(2.97106121833733,-0.909725361136471,-6.48670919437742));
#10679=CARTESIAN_POINT('',(2.68312835868244,-0.303854978971281,-6.5642587018864));
#10680=CARTESIAN_POINT('',(2.63244607642759,0.347186669533828,-6.55650909831432));
#10681=CARTESIAN_POINT('',(3.30045252139736,-1.45407285043859,-6.35167574193907));
#10682=CARTESIAN_POINT('',(2.98313524808222,-0.903199154914293,-6.48166727122632));
#10683=CARTESIAN_POINT('',(2.69394981112643,-0.300042982313248,-6.56027556186747));
#10684=CARTESIAN_POINT('',(2.6428507240409,0.347972560445009,-6.55291512945913));
#10685=CARTESIAN_POINT('',(3.31550957078298,-1.44481418662257,-6.34939912986773));
#10686=CARTESIAN_POINT('',(2.99629862899262,-0.896565436907515,-6.47951710710287));
#10687=CARTESIAN_POINT('',(2.7054653101428,-0.296156796330892,-6.55826471150485));
#10688=CARTESIAN_POINT('',(2.65385020398421,0.348825507351169,-6.55106463164157));
#10689=CARTESIAN_POINT('',(3.33053433148386,-1.43662069112138,-6.35155618163372));
#10690=CARTESIAN_POINT('',(3.00944556118904,-0.890315763695258,-6.48044652144869));
#10691=CARTESIAN_POINT('',(2.71697604770773,-0.292412149923346,-6.55834768364455));
#10692=CARTESIAN_POINT('',(2.66485143020142,0.349699519812775,-6.55105738271081));
#10693=CARTESIAN_POINT('',(2.6648272785342,0.350832849711906,-6.65105095740607));
#10694=CARTESIAN_POINT('',(3.33053433148386,-1.43662069112138,-6.35155618163372));
#10695=CARTESIAN_POINT('',(3.31550957078298,-1.44481418662257,-6.34939912986773));
#10696=CARTESIAN_POINT('',(3.30045252139736,-1.45407285043859,-6.35167574193907));
#10697=CARTESIAN_POINT('',(3.28730131547799,-1.46320491427845,-6.35809297404233));
#10698=CARTESIAN_POINT('',(3.06942655102966,-1.57736470925123,-6.45918994211817));
#10699=CARTESIAN_POINT('',(3.11025646412126,-1.58007158779584,-6.44182046818897));
#10700=CARTESIAN_POINT('',(3.17804543388789,-1.57743792182868,-6.41202268580557));
#10701=CARTESIAN_POINT('',(3.25697771795518,-1.55098006101202,-6.37512506149364));
#10702=CARTESIAN_POINT('',(3.292028168086,-1.51579075972288,-6.35764114874314));
#10703=CARTESIAN_POINT('',(3.29684612621972,-1.48529147682566,-6.35437965523677));
#10704=CARTESIAN_POINT('',(3.29093614565092,-1.46956654962458,-6.35661467283186));
#10705=CARTESIAN_POINT('',(3.28730131547802,-1.46320491427839,-6.35809297404238));
#10706=CARTESIAN_POINT('',(3.06812677623745,-1.60721373639488,-6.4607863059172));
#10707=CARTESIAN_POINT('',(3.11105254741869,-1.60688943869655,-6.44255347617201));
#10708=CARTESIAN_POINT('',(3.18146881301823,-1.59898924947081,-6.41131086855244));
#10709=CARTESIAN_POINT('',(3.26304034134223,-1.56377626311505,-6.37284898178564));
#10710=CARTESIAN_POINT('',(3.29928896559015,-1.52087165132788,-6.35444794640427));
#10711=CARTESIAN_POINT('',(3.30445775701088,-1.48437752539136,-6.35081460609488));
#10712=CARTESIAN_POINT('',(3.29850097084613,-1.46560347752167,-6.35296227539049));
#10713=CARTESIAN_POINT('',(3.29481629028902,-1.45798659208429,-6.35442598426907));
#10714=CARTESIAN_POINT('',(3.07573730180984,-1.65811425057321,-6.48660853918429));
#10715=CARTESIAN_POINT('',(3.12007314029593,-1.65317828466423,-6.46144194909246));
#10716=CARTESIAN_POINT('',(3.19228275552623,-1.63640301453461,-6.42083423946141));
#10717=CARTESIAN_POINT('',(3.27556489898138,-1.58613516959989,-6.37301746349958));
#10718=CARTESIAN_POINT('',(3.31280348564047,-1.52973011159034,-6.35059311027827));
#10719=CARTESIAN_POINT('',(3.31846970190085,-1.48274788546069,-6.34605736540511));
#10720=CARTESIAN_POINT('',(3.3126814919247,-1.45860095883197,-6.34859577620832));
#10721=CARTESIAN_POINT('',(3.30904874602548,-1.44877819220904,-6.35033875216005));
#10722=CARTESIAN_POINT('',(3.09556790254922,-1.67464338646896,-6.53579967022266));
#10723=CARTESIAN_POINT('',(3.13785630451792,-1.67457629305976,-6.50252232706855));
#10724=CARTESIAN_POINT('',(3.20786787874691,-1.66187935462416,-6.44729394937787));
#10725=CARTESIAN_POINT('',(3.28983017963635,-1.60568535952537,-6.38112850004685));
#10726=CARTESIAN_POINT('',(3.3269931728255,-1.53806185930248,-6.35013366931587));
#10727=CARTESIAN_POINT('',(3.33303752041779,-1.48106518086411,-6.34423017858535));
#10728=CARTESIAN_POINT('',(3.32757549897901,-1.45192310212018,-6.34806696864357));
#10729=CARTESIAN_POINT('',(3.32409514832636,-1.44013218919324,-6.35063173087685));
#10730=CARTESIAN_POINT('',(3.10438808309242,-1.67392460635122,-6.55642099450843));
#10731=CARTESIAN_POINT('',(3.14573437681177,-1.67760931056817,-6.52118844542174));
#10732=CARTESIAN_POINT('',(3.21468673968747,-1.66948541030947,-6.46075819651334));
#10733=CARTESIAN_POINT('',(3.29597739747215,-1.61328857329329,-6.38596647313504));
#10734=CARTESIAN_POINT('',(3.33308019815903,-1.54149647798856,-6.35056095590647));
#10735=CARTESIAN_POINT('',(3.33928039575493,-1.48035074958233,-6.34399224014065));
#10736=CARTESIAN_POINT('',(3.33395283517742,-1.44917899194516,-6.34854855935702));
#10737=CARTESIAN_POINT('',(3.3305343314839,-1.4366206911214,-6.35155618163372));
#10738=CARTESIAN_POINT('',(3.10438808309251,-1.67392460634955,-6.55642099450832));
#10739=CARTESIAN_POINT('',(3.08380766182358,-1.67560175996619,-6.5083045711701));
#10740=CARTESIAN_POINT('',(3.06715194513742,-1.62960050675785,-6.46198357875185));
#10741=CARTESIAN_POINT('',(3.06942655102344,-1.57736470925207,-6.45918994210367));
#10742=CARTESIAN_POINT('',(3.10438808309242,-1.67392460635122,-6.55642099450843));
#10743=CARTESIAN_POINT('',(3.1043880830924,-1.67392460635165,-6.55642099450845));
#10744=CARTESIAN_POINT('',(3.18440759295554,-1.68105580087265,-6.48823360692439));
#10745=CARTESIAN_POINT('',(3.24739220330077,-1.6554813882923,-6.43126940535117));
#10746=CARTESIAN_POINT('',(3.28910116150835,-1.60994846057836,-6.39201797886233));
#10747=CARTESIAN_POINT('',(0.121498352962305,-1.81759926758096,0.432980013556031));
#10748=CARTESIAN_POINT('',(2.70707921527734,-1.64828316821936,-6.71237537796357));
#10749=CARTESIAN_POINT('',(2.68923603658781,-1.65013697765904,-6.66318451338565));
#10750=CARTESIAN_POINT('',(2.67507082552984,-1.60429645612865,-6.61588593043827));
#10751=CARTESIAN_POINT('',(2.67734543146711,-1.55206065848867,-6.6130922937665));
#10752=CARTESIAN_POINT('',(0.117154175604585,-1.91736229212307,0.427644560557417));
#10753=CARTESIAN_POINT('',(2.4015599787085,-1.46320936886067,-6.70360785708414));
#10754=CARTESIAN_POINT('',(2.40640424296752,-1.46908109885714,-6.70229561025479));
#10755=CARTESIAN_POINT('',(2.41752761983378,-1.4790288856457,-6.69912836200993));
#10756=CARTESIAN_POINT('',(2.44085124825537,-1.49440698135785,-6.69220784953298));
#10757=CARTESIAN_POINT('',(2.47353323651871,-1.50991932708317,-6.68212282438943));
#10758=CARTESIAN_POINT('',(2.55247638314157,-1.53722234312311,-6.65687171694804));
#10759=CARTESIAN_POINT('',(2.62220961172644,-1.54859714725778,-6.63296138139308));
#10760=CARTESIAN_POINT('',(2.67734543268078,-1.55206065856333,-6.61309229335252));
#10761=CARTESIAN_POINT('',(2.38305029856992,-1.48017533376797,-6.71018201205732));
#10762=CARTESIAN_POINT('',(2.38990456756945,-1.48788750168342,-6.70832623258354));
#10763=CARTESIAN_POINT('',(2.40401710833106,-1.4993349395104,-6.70430142867721));
#10764=CARTESIAN_POINT('',(2.43096590812952,-1.51552256633174,-6.69630535121994));
#10765=CARTESIAN_POINT('',(2.46641352779504,-1.53062891840617,-6.68534870122089));
#10766=CARTESIAN_POINT('',(2.54934622231076,-1.55604426920053,-6.65879073128162));
#10767=CARTESIAN_POINT('',(2.62051511324926,-1.56526493351009,-6.63419672395228));
#10768=CARTESIAN_POINT('',(2.67669554528522,-1.56698517213424,-6.61389047525179));
#10769=CARTESIAN_POINT('',(2.35259778437351,-1.51319999580367,-6.74351906655549));
#10770=CARTESIAN_POINT('',(2.36329058137226,-1.52462093269144,-6.73992880962382));
#10771=CARTESIAN_POINT('',(2.38302820666421,-1.53911895875442,-6.7329556160215));
#10772=CARTESIAN_POINT('',(2.41664224376664,-1.55700562100447,-6.72077142138411));
#10773=CARTESIAN_POINT('',(2.45698737128981,-1.57139188121473,-6.70592015366085));
#10774=CARTESIAN_POINT('',(2.5466947010238,-1.59318788574206,-6.67262819083367));
#10775=CARTESIAN_POINT('',(2.61998226199994,-1.5982852784805,-6.64469733438208));
#10776=CARTESIAN_POINT('',(2.67772315845535,-1.59658091185246,-6.62190108321765));
#10777=CARTESIAN_POINT('',(2.35253317335371,-1.53185578790562,-6.8254715269077));
#10778=CARTESIAN_POINT('',(2.36440288467132,-1.54648593385221,-6.81973453138925));
#10779=CARTESIAN_POINT('',(2.38579765747058,-1.56500907885152,-6.80862212198735));
#10780=CARTESIAN_POINT('',(2.42124568859068,-1.58756668441285,-6.78953726157359));
#10781=CARTESIAN_POINT('',(2.46281159387937,-1.60518978272923,-6.76703706180135));
#10782=CARTESIAN_POINT('',(2.55405495339444,-1.63075968381622,-6.71861395032125));
#10783=CARTESIAN_POINT('',(2.62780985625159,-1.63501581752809,-6.68078033741602));
#10784=CARTESIAN_POINT('',(2.68593706622794,-1.63147287825345,-6.65077655386379));
#10785=CARTESIAN_POINT('',(2.39062416285371,-1.51259016322397,-6.88088428945563));
#10786=CARTESIAN_POINT('',(2.39910391673842,-1.52663994139234,-6.87580863198314));
#10787=CARTESIAN_POINT('',(2.41553196294733,-1.54682768852772,-6.86534615561929));
#10788=CARTESIAN_POINT('',(2.44509567642635,-1.57426362982761,-6.84599381210321));
#10789=CARTESIAN_POINT('',(2.48235999685788,-1.59849929134783,-6.82156690581512));
#10790=CARTESIAN_POINT('',(2.56777654910178,-1.63686359750894,-6.76636637926145));
#10791=CARTESIAN_POINT('',(2.63991486811396,-1.64749849606782,-6.72072067845986));
#10792=CARTESIAN_POINT('',(2.69699015171888,-1.64684246784245,-6.68412754051362));
#10793=CARTESIAN_POINT('',(2.42079011882214,-1.49038086680131,-6.89414028034652));
#10794=CARTESIAN_POINT('',(2.42639877499088,-1.50262650823012,-6.89080284265979));
#10795=CARTESIAN_POINT('',(2.43864160127364,-1.52236026804082,-6.88321705059741));
#10796=CARTESIAN_POINT('',(2.46328341497713,-1.55168732386724,-6.86758220953969));
#10797=CARTESIAN_POINT('',(2.49698212904623,-1.58005506456684,-6.84582023445957));
#10798=CARTESIAN_POINT('',(2.57757052341981,-1.62810759649297,-6.79302404643115));
#10799=CARTESIAN_POINT('',(2.6483766385263,-1.64540927724595,-6.74486166372132));
#10800=CARTESIAN_POINT('',(2.70453019097224,-1.64854799820737,-6.70534811073428));
#10801=CARTESIAN_POINT('',(2.43084772823404,-1.48242456778556,-6.89613018821053));
#10802=CARTESIAN_POINT('',(2.43551492461357,-1.49395187254415,-6.89345897745809));
#10803=CARTESIAN_POINT('',(2.44638328088612,-1.51335765589599,-6.88701824424751));
#10804=CARTESIAN_POINT('',(2.46940719275836,-1.5430970548314,-6.87295498819929));
#10805=CARTESIAN_POINT('',(2.5019280954951,-1.57270833258891,-6.85247199189323));
#10806=CARTESIAN_POINT('',(2.58091836897534,-1.62391974530233,-6.80120493129194));
#10807=CARTESIAN_POINT('',(2.65124031150879,-1.64369588424037,-6.75268446336533));
#10808=CARTESIAN_POINT('',(2.70707921649879,-1.64828316832142,-6.71237537708186));
#10809=CARTESIAN_POINT('',(2.43084772821447,-1.48242456780758,-6.89613018820512));
#10810=CARTESIAN_POINT('',(2.42079012380242,-1.49038087767492,-6.89414027738308));
#10811=CARTESIAN_POINT('',(2.39062417038334,-1.51259017569969,-6.88088428494862));
#10812=CARTESIAN_POINT('',(2.3525331838935,-1.53185580089661,-6.82547152181356));
#10813=CARTESIAN_POINT('',(2.35259779386825,-1.513200005945,-6.74351906336745));
#10814=CARTESIAN_POINT('',(2.38305030465621,-1.48017534061614,-6.71018201040949));
#10815=CARTESIAN_POINT('',(2.40155997871379,-1.4632093688671,-6.70360785708266));
#10816=CARTESIAN_POINT('',(2.43084772821447,-1.48242456780758,-6.89613018820512));
#10817=CARTESIAN_POINT('',(2.43084772823401,-1.48242456778601,-6.89613018821243));
#10818=CARTESIAN_POINT('',(2.44626961277334,-1.52051574631485,-6.88730335170689));
#10819=CARTESIAN_POINT('',(2.48139611619646,-1.56185464530345,-6.86603999555314));
#10820=CARTESIAN_POINT('',(2.53674440839471,-1.59459660519256,-6.8298082388452));
#10821=CARTESIAN_POINT('',(2.63244607642756,0.347186669533758,-6.55650909831425));
#10822=CARTESIAN_POINT('',(2.6305554116967,0.356762575061423,-6.55678735093275));
#10823=CARTESIAN_POINT('',(2.6116862456118,0.374645011405131,-6.55965114765784));
#10824=CARTESIAN_POINT('',(2.55479303705479,0.400559203000865,-6.56819944605286));
#10825=CARTESIAN_POINT('',(2.43850464678679,0.432012766254074,-6.58530506140023));
#10826=CARTESIAN_POINT('',(2.22469815192782,0.464104458194098,-6.61511074794419));
#10827=CARTESIAN_POINT('',(2.04114459834564,0.477531869487656,-6.63802288148643));
#10828=CARTESIAN_POINT('',(1.92989587461389,0.483059549490958,-6.6508004098926));
#10829=CARTESIAN_POINT('',(2.63839158934949,0.347635750054536,-6.55445540182566));
#10830=CARTESIAN_POINT('',(2.63655241235921,0.358889691904366,-6.55457174549298));
#10831=CARTESIAN_POINT('',(2.61747124292974,0.379687082349586,-6.5562338292042));
#10832=CARTESIAN_POINT('',(2.55973581215252,0.408924836575173,-6.56142988757488));
#10833=CARTESIAN_POINT('',(2.4417650137113,0.442605354889551,-6.57226985258062));
#10834=CARTESIAN_POINT('',(2.22562045652552,0.472291839504588,-6.59253036760613));
#10835=CARTESIAN_POINT('',(2.04125139172922,0.480053669648786,-6.61012195622501));
#10836=CARTESIAN_POINT('',(1.92984796499079,0.481449235577092,-6.6206515331228));
#10837=CARTESIAN_POINT('',(2.64913512510985,0.348459807914353,-6.55185153349647));
#10838=CARTESIAN_POINT('',(2.64741389666736,0.362751907464318,-6.55174919909807));
#10839=CARTESIAN_POINT('',(2.62815425750051,0.388895161267428,-6.55181974719875));
#10840=CARTESIAN_POINT('',(2.56945016847794,0.42518143951063,-6.55249279240686));
#10841=CARTESIAN_POINT('',(2.44932208474343,0.466014905260538,-6.55434122036093));
#10842=CARTESIAN_POINT('',(2.22961541017924,0.499850650459562,-6.55883415925138));
#10843=CARTESIAN_POINT('',(2.04315811935037,0.505285463704657,-6.5637521120456));
#10844=CARTESIAN_POINT('',(1.93087586329082,0.504171351593839,-6.56707695571268));
#10845=CARTESIAN_POINT('',(2.66013661896545,0.349324943043514,-6.55106048939552));
#10846=CARTESIAN_POINT('',(2.65855484354283,0.366736065591335,-6.55086428109419));
#10847=CARTESIAN_POINT('',(2.63926786039691,0.398485419228605,-6.55037593753427));
#10848=CARTESIAN_POINT('',(2.57999993392829,0.442859767657647,-6.5494630806933));
#10849=CARTESIAN_POINT('',(2.45840282861131,0.493919265049253,-6.54815936498956));
#10850=CARTESIAN_POINT('',(2.23577995587591,0.540022384480765,-6.54676632307376));
#10851=CARTESIAN_POINT('',(2.04687562630706,0.553186365065021,-6.54647325419058));
#10852=CARTESIAN_POINT('',(1.93315930308232,0.556308676814052,-6.54642661983405));
#10853=CARTESIAN_POINT('',(2.66485143020142,0.349699519812775,-6.55105738271081));
#10854=CARTESIAN_POINT('',(2.66332944632922,0.368448503541095,-6.55084451361031));
#10855=CARTESIAN_POINT('',(2.64403077362846,0.402605364555127,-6.55030072845872));
#10856=CARTESIAN_POINT('',(2.58452122873657,0.450462680482278,-6.54927396090997));
#10857=CARTESIAN_POINT('',(2.46229463376026,0.505946582376166,-6.54776442125077));
#10858=CARTESIAN_POINT('',(2.23842220767378,0.557392318269724,-6.54609765886577));
#10859=CARTESIAN_POINT('',(2.04847179764219,0.573939940243036,-6.54562541121259));
#10860=CARTESIAN_POINT('',(1.93414340772239,0.578913873964156,-6.54554142252572));
#10861=CARTESIAN_POINT('',(2.66495333766437,0.349707616036849,-6.55105731556191));
#10862=CARTESIAN_POINT('',(2.66343264614617,0.368485516731693,-6.55084408634948));
#10863=CARTESIAN_POINT('',(2.64413372078358,0.402694414392899,-6.55029910286531));
#10864=CARTESIAN_POINT('',(2.58461895347253,0.450627012311943,-6.54926987321349));
#10865=CARTESIAN_POINT('',(2.46237875250206,0.506206544723214,-6.54775588480839));
#10866=CARTESIAN_POINT('',(2.2384793181632,0.557767757665984,-6.54608320614018));
#10867=CARTESIAN_POINT('',(2.04850629780838,0.574388514764375,-6.54560708565881));
#10868=CARTESIAN_POINT('',(1.93416467848003,0.579402470044802,-6.5455222895833));
#10869=CARTESIAN_POINT('',(2.66505524512731,0.349715712260923,-6.55105724841302));
#10870=CARTESIAN_POINT('',(2.66353584596312,0.36852252992229,-6.55084365908866));
#10871=CARTESIAN_POINT('',(2.64423666793869,0.402783464230671,-6.5502974772719));
#10872=CARTESIAN_POINT('',(2.58471667820848,0.450791344141608,-6.549265785517));
#10873=CARTESIAN_POINT('',(2.46246287124386,0.506466507070262,-6.54774734836602));
#10874=CARTESIAN_POINT('',(2.23853642865261,0.558143197062245,-6.54606875341459));
#10875=CARTESIAN_POINT('',(2.04854079797457,0.574837089285715,-6.54558876010503));
#10876=CARTESIAN_POINT('',(1.93418594923768,0.579891066125449,-6.54550315664089));
#10877=CARTESIAN_POINT('',(2.66515715259025,0.349723808484997,-6.55105718126413));
#10878=CARTESIAN_POINT('',(2.66363904578007,0.368559543112887,-6.55084323182784));
#10879=CARTESIAN_POINT('',(2.6443396150938,0.402872514068442,-6.55029585167849));
#10880=CARTESIAN_POINT('',(2.58481440294444,0.450955675971273,-6.54926169782052));
#10881=CARTESIAN_POINT('',(2.46254698998567,0.50672646941731,-6.54773881192364));
#10882=CARTESIAN_POINT('',(2.23859353914202,0.558518636458505,-6.546054300689));
#10883=CARTESIAN_POINT('',(2.04857529814076,0.575285663807054,-6.54557043455126));
#10884=CARTESIAN_POINT('',(1.93420721999532,0.580379662206096,-6.54548402369847));
#10885=CARTESIAN_POINT('',(1.93107726367885,0.50898660750399,-6.57809844580938));
#10886=CARTESIAN_POINT('',(1.93186510839735,0.526765990656839,-6.55857465418248));
#10887=CARTESIAN_POINT('',(1.93299528767591,0.552541143866665,-6.54657415271854));
#10888=CARTESIAN_POINT('',(1.93414340772239,0.578913873964093,-6.54554142252424));
#10889=CARTESIAN_POINT('',(1.90980829987167,-0.852681077312014,-6.81602064254248));
#10890=CARTESIAN_POINT('',(2.07111116223592,-1.05964600873716,-6.78593808595422));
#10891=CARTESIAN_POINT('',(2.2361937706773,-1.26276908100662,-6.74840336587978));
#10892=CARTESIAN_POINT('',(2.4015599786917,-1.46320936884024,-6.70360785708865));
#10893=CARTESIAN_POINT('',(1.88953426104693,-0.869525549665007,-6.82164286551769));
#10894=CARTESIAN_POINT('',(2.05149041679005,-1.07664584748276,-6.79190079792362));
#10895=CARTESIAN_POINT('',(2.21714523565341,-1.27976628140601,-6.7546663915696));
#10896=CARTESIAN_POINT('',(2.38305029856829,-1.48017533376174,-6.71018201205761));
#10897=CARTESIAN_POINT('',(1.85452977246013,-0.902133236588404,-6.85518436751859));
#10898=CARTESIAN_POINT('',(2.01818396921328,-1.10961827309316,-6.82538488520479));
#10899=CARTESIAN_POINT('',(2.18529016348053,-1.31280300252029,-6.78811139947447));
#10900=CARTESIAN_POINT('',(2.35259759345345,-1.51320001608929,-6.74351845255361));
#10901=CARTESIAN_POINT('',(1.85063791088335,-0.917964939103513,-6.94145680704475));
#10902=CARTESIAN_POINT('',(2.01564526305208,-1.12652642456801,-6.91025099354402));
#10903=CARTESIAN_POINT('',(2.18402435045491,-1.33061547328943,-6.8715210090928));
#10904=CARTESIAN_POINT('',(2.3525331297094,-1.53185577714294,-6.82547131838325));
#10905=CARTESIAN_POINT('',(1.89003498489388,-0.895306655506366,-6.99865775662858));
#10906=CARTESIAN_POINT('',(2.05444694267124,-1.10483571806347,-6.96690736126418));
#10907=CARTESIAN_POINT('',(2.22243245231209,-1.31012237587613,-6.92759570570863));
#10908=CARTESIAN_POINT('',(2.39062415693011,-1.51259012893263,-6.88088411632054));
#10909=CARTESIAN_POINT('',(1.92192187999176,-0.871892884484092,-7.0106372037684));
#10910=CARTESIAN_POINT('',(2.08560800449796,-1.081623502246,-6.97937832255494));
#10911=CARTESIAN_POINT('',(2.25306949354979,-1.28737387094724,-6.94046760022754));
#10912=CARTESIAN_POINT('',(2.42079011881042,-1.49038086682884,-6.89414028033598));
#10913=CARTESIAN_POINT('',(1.93254019656905,-0.863704034824784,-7.01197498809138));
#10914=CARTESIAN_POINT('',(2.09599365331404,-1.07344029176832,-6.98094327564208));
#10915=CARTESIAN_POINT('',(2.26327708189547,-1.27928902798481,-6.94226314949091));
#10916=CARTESIAN_POINT('',(2.43084772821518,-1.48242456780749,-6.89613018820509));
#10917=CARTESIAN_POINT('',(1.93299227002245,-0.863355395610848,-7.01203194408571));
#10918=CARTESIAN_POINT('',(2.09643582096763,-1.07309189264181,-6.98100990331713));
#10919=CARTESIAN_POINT('',(2.26371166864759,-1.27894481684253,-6.94233959476831));
#10920=CARTESIAN_POINT('',(2.4312759296333,-1.48208582940685,-6.89621490827496));
#10921=CARTESIAN_POINT('',(1.93344434347585,-0.863006756396912,-7.01208890008004));
#10922=CARTESIAN_POINT('',(2.09687798862121,-1.0727434935153,-6.98107653099219));
#10923=CARTESIAN_POINT('',(2.26414625539971,-1.27860060570025,-6.9424160400457));
#10924=CARTESIAN_POINT('',(2.43170413105143,-1.48174709100621,-6.89629962834483));
#10925=CARTESIAN_POINT('',(1.93389641692924,-0.862658117182975,-7.01214585607437));
#10926=CARTESIAN_POINT('',(2.0973201562748,-1.0723950943888,-6.98114315866724));
#10927=CARTESIAN_POINT('',(2.26458084215183,-1.27825639455796,-6.9424924853231));
#10928=CARTESIAN_POINT('',(2.43213233246956,-1.48140835260558,-6.8963843484147));
#10929=CARTESIAN_POINT('',(1.98780497407048,-0.955751913886256,-6.99677213326492));
#10930=CARTESIAN_POINT('',(1.96031522806368,-0.961321821095981,-6.99227751960685));
#10931=CARTESIAN_POINT('',(1.94329137210516,-0.965779215772223,-6.97879682789365));
#10932=CARTESIAN_POINT('',(1.93398288106599,-0.968287405576809,-6.96973514104332));
#10933=CARTESIAN_POINT('',(1.98780497407046,-0.955751913886231,-6.99677213326509));
#10934=CARTESIAN_POINT('',(1.98780277518927,-0.955755435969409,-6.9967718758866));
#10935=CARTESIAN_POINT('',(1.99886209138653,-0.962659972958732,-6.99632582403273));
#10936=CARTESIAN_POINT('',(2.00992258886064,-0.969542590226644,-6.9955698942634));
#10937=CARTESIAN_POINT('',(2.02098555749613,-0.976373579118418,-6.99450764016232));
#10938=CARTESIAN_POINT('',(2.02100355420807,-0.976359562048282,-6.99451014768564));
#10939=CARTESIAN_POINT('',(2.43084772821447,-1.48242456780758,-6.89613018820512));
#10940=CARTESIAN_POINT('',(2.29338173016813,-1.31578303282609,-6.93397520286193));
#10941=CARTESIAN_POINT('',(2.15610902059073,-1.14731560233422,-6.96680469477837));
#10942=CARTESIAN_POINT('',(2.02100355420807,-0.976359562048282,-6.99451014768564));
#10943=CARTESIAN_POINT('',(1.44699199576061,0.0134069646563946,-6.84726313172088));
#10944=CARTESIAN_POINT('',(1.47305705922953,0.61198511192149,-6.81525041383308));
#10945=CARTESIAN_POINT('',(1.47321574298286,0.617318709632918,-6.91510795013077));
#10946=CARTESIAN_POINT('',(1.44715067953169,0.0187405623828137,-6.94712066801742));
#10947=CARTESIAN_POINT('',(2.04658349975189,-0.00733816681255505,-6.9475610273679));
#10948=CARTESIAN_POINT('',(2.04642481599745,-0.0126717645224088,-6.84770349107285));
#10949=CARTESIAN_POINT('',(1.44699199576108,0.013406964670623,-6.84726313172007));
#10950=CARTESIAN_POINT('',(6.14233536145926,6.24798521857317,-2.18689637230261));
#10951=CARTESIAN_POINT('',(6.14159152536198,6.24761338591457,-2.18797713550604));
#10952=CARTESIAN_POINT('',(6.1408476892647,6.24724155325595,-2.18905789870946));
#10953=CARTESIAN_POINT('',(6.14010385316741,6.24686972059733,-2.19013866191284));
#10954=CARTESIAN_POINT('',(6.07811759560633,6.21588370764365,-2.28020214032558));
#10955=CARTESIAN_POINT('',(5.93728304765782,6.1880653258028,-2.46334928006092));
#10956=CARTESIAN_POINT('',(5.77698510358618,6.27714760737639,-2.60895371367399));
#10957=CARTESIAN_POINT('',(5.70453723851733,6.34741571850171,-2.65993485683202));
#10958=CARTESIAN_POINT('',(6.12873030311391,6.2858503707915,-2.19013134431282));
#10959=CARTESIAN_POINT('',(6.12800789073831,6.28550683323175,-2.1911685181066));
#10960=CARTESIAN_POINT('',(6.12728547836272,6.285163295672,-2.19220569190038));
#10961=CARTESIAN_POINT('',(6.1265630659871,6.28481975811221,-2.19324286569417));
#10962=CARTESIAN_POINT('',(6.06636211614958,6.25619166687258,-2.2796738982178));
#10963=CARTESIAN_POINT('',(5.93173874167476,6.23286348697376,-2.45245220009943));
#10964=CARTESIAN_POINT('',(5.78465345715431,6.3153700380248,-2.58589859878365));
#10965=CARTESIAN_POINT('',(5.71740625273307,6.38039279250309,-2.633643766266));
#10966=CARTESIAN_POINT('',(6.1208431864314,6.36712049977725,-2.21179638122708));
#10967=CARTESIAN_POINT('',(6.12017747374886,6.36683960912006,-2.21276181803325));
#10968=CARTESIAN_POINT('',(6.11951176106632,6.36655871846284,-2.21372725483941));
#10969=CARTESIAN_POINT('',(6.11884604838377,6.36627782780561,-2.21469269164554));
#10970=CARTESIAN_POINT('',(6.06337006657412,6.34287030471335,-2.29514564995774));
#10971=CARTESIAN_POINT('',(5.94320354825155,6.3295677035407,-2.44992477296348));
#10972=CARTESIAN_POINT('',(5.82215110208225,6.39933205435464,-2.56004929185494));
#10973=CARTESIAN_POINT('',(5.76450949963445,6.45381119491061,-2.60113203989054));
#10974=CARTESIAN_POINT('',(6.17104337938906,6.46267898751441,-2.27834814237526));
#10975=CARTESIAN_POINT('',(6.17047593066307,6.46244232454514,-2.27928070285448));
#10976=CARTESIAN_POINT('',(6.16990848193709,6.46220566157584,-2.28021326333371));
#10977=CARTESIAN_POINT('',(6.16934103321112,6.46196899860653,-2.28114582381293));
#10978=CARTESIAN_POINT('',(6.12205370336813,6.44224711118733,-2.35885909192055));
#10979=CARTESIAN_POINT('',(6.02136305214224,6.43465221088908,-2.50451606306623));
#10980=CARTESIAN_POINT('',(5.92065332916378,6.49413241728887,-2.59844514416098));
#10981=CARTESIAN_POINT('',(5.86962761603785,6.54032301497933,-2.63278811012134));
#10982=CARTESIAN_POINT('',(6.24974414875422,6.49186117920255,-2.34244191891326));
#10983=CARTESIAN_POINT('',(6.24922905322481,6.49158510175177,-2.3434040416719));
#10984=CARTESIAN_POINT('',(6.2487139576954,6.49130902430101,-2.34436616443054));
#10985=CARTESIAN_POINT('',(6.24819886216598,6.49103294685021,-2.34532828718918));
#10986=CARTESIAN_POINT('',(6.20527429279876,6.46802652375006,-2.42550507524972));
#10987=CARTESIAN_POINT('',(6.10997966115844,6.45156090121953,-2.57921543743866));
#10988=CARTESIAN_POINT('',(6.00244846359936,6.51304566741245,-2.68114530010183));
#10989=CARTESIAN_POINT('',(5.94888763063605,6.5621297414157,-2.71517384877999));
#10990=CARTESIAN_POINT('',(6.30099120825125,6.48212274881344,-2.37458848690303));
#10991=CARTESIAN_POINT('',(6.30047601329459,6.48179116438824,-2.37558130798955));
#10992=CARTESIAN_POINT('',(6.29996081833791,6.48145957996304,-2.37657412907606));
#10993=CARTESIAN_POINT('',(6.29944562338122,6.48112799553778,-2.37756695016257));
#10994=CARTESIAN_POINT('',(6.25651276842191,6.45349599749652,-2.46030192875052));
#10995=CARTESIAN_POINT('',(6.1569106385708,6.4267170074495,-2.62300700625409));
#10996=CARTESIAN_POINT('',(6.03570697136122,6.49378375964036,-2.73757206278957));
#10997=CARTESIAN_POINT('',(5.97778843646722,6.54857619876321,-2.77419384458122));
#10998=CARTESIAN_POINT('',(6.31772216157706,6.47610339875729,-2.38413663166219));
#10999=CARTESIAN_POINT('',(6.31720305726407,6.47575119114822,-2.38514021836445));
#11000=CARTESIAN_POINT('',(6.31668395295108,6.47539898353915,-2.38614380506672));
#11001=CARTESIAN_POINT('',(6.31616484863811,6.47504677593012,-2.38714739176904));
#11002=CARTESIAN_POINT('',(6.27290621442599,6.44569618155939,-2.47077950378777));
#11003=CARTESIAN_POINT('',(6.17099965984305,6.41521605101686,-2.63673136691664));
#11004=CARTESIAN_POINT('',(6.04448227898813,6.48448699667107,-2.75606592958504));
#11005=CARTESIAN_POINT('',(5.98490919025084,6.54146966992073,-2.79381200474663));
#11006=CARTESIAN_POINT('',(6.01951734238152,6.51004561799637,-2.72281996118646));
#11007=CARTESIAN_POINT('',(6.05189525518929,6.47843260309695,-2.61745751550452));
#11008=CARTESIAN_POINT('',(6.15332858898153,6.45394879750972,-2.44254686604626));
#11009=CARTESIAN_POINT('',(6.28165731163566,6.48353446654173,-2.36603719790342));
#11010=CARTESIAN_POINT('',(6.01940419963488,6.50986676744404,-2.72283885481762));
#11011=CARTESIAN_POINT('',(6.00792627247163,6.52070872012307,-2.77827552968462));
#11012=CARTESIAN_POINT('',(6.00533519562173,6.52343379197308,-2.76990968856115));
#11013=CARTESIAN_POINT('',(6.00978515362396,6.51907154070176,-2.74998068477145));
#11014=CARTESIAN_POINT('',(6.01951734238152,6.51004561799637,-2.72281996118646));
#11015=CARTESIAN_POINT('',(5.70453723851733,6.34741571850171,-2.65993485683202));
#11016=CARTESIAN_POINT('',(5.71740625331408,6.38039279194133,-2.63364376585351));
#11017=CARTESIAN_POINT('',(5.76450950013246,6.45381119443987,-2.60113203953566));
#11018=CARTESIAN_POINT('',(5.86962761647869,6.54032301458033,-2.6327881098247));
#11019=CARTESIAN_POINT('',(5.94888763109885,6.56212974099165,-2.71517384848598));
#11020=CARTESIAN_POINT('',(5.97778843696761,6.5485761982898,-2.77419384426486));
#11021=CARTESIAN_POINT('',(5.98490919025084,6.54146966992073,-2.79381200474663));
#11022=CARTESIAN_POINT('',(5.70453723851733,6.34741571850171,-2.65993485683202));
#11023=CARTESIAN_POINT('',(5.70453723851311,6.34741571850023,-2.65993485682809));
#11024=CARTESIAN_POINT('',(5.71370171017605,6.33907313882181,-2.65327880115366));
#11025=CARTESIAN_POINT('',(5.72284128734195,6.33072174987922,-2.64659951055908));
#11026=CARTESIAN_POINT('',(5.73195583876264,6.32236160848285,-2.63989710487718));
#11027=CARTESIAN_POINT('',(5.70453723851733,6.34741571850171,-2.65993485683202));
#11028=CARTESIAN_POINT('',(5.56420648883732,6.48352430780859,-2.75868479283227));
#11029=CARTESIAN_POINT('',(5.41655030385805,6.61375147248177,-2.85495533557059));
#11030=CARTESIAN_POINT('',(5.26183109003914,6.73731017711144,-2.94816323763665));
#11031=CARTESIAN_POINT('',(5.71740625273307,6.38039279250309,-2.633643766266));
#11032=CARTESIAN_POINT('',(5.57680857224049,6.51662149072993,-2.73329839574982));
#11033=CARTESIAN_POINT('',(5.42879450424419,6.64695743687897,-2.83044876234617));
#11034=CARTESIAN_POINT('',(5.27369375966621,6.77062020485448,-2.92449479859282));
#11035=CARTESIAN_POINT('',(5.76450978171549,6.45381130162945,-2.60113229386791));
#11036=CARTESIAN_POINT('',(5.62223764736437,6.5903357372861,-2.70261720442659));
#11037=CARTESIAN_POINT('',(5.47248942963123,6.72095497942682,-2.80151211202599));
#11038=CARTESIAN_POINT('',(5.3155769128175,6.84485524572453,-2.89720177285868));
#11039=CARTESIAN_POINT('',(5.86962772683233,6.54032307065381,-2.63278819133778));
#11040=CARTESIAN_POINT('',(5.72326445599202,6.67836782838595,-2.73546085122801));
#11041=CARTESIAN_POINT('',(5.56934869256716,6.81039646763771,-2.8354805104237));
#11042=CARTESIAN_POINT('',(5.40827107114195,6.93560143084009,-2.93222243174127));
#11043=CARTESIAN_POINT('',(5.94888771529675,6.56212979458288,-2.71517389652132));
#11044=CARTESIAN_POINT('',(5.80007498081072,6.70250334878418,-2.81738050512716));
#11045=CARTESIAN_POINT('',(5.64362903331094,6.8367753933673,-2.91695993561759));
#11046=CARTESIAN_POINT('',(5.47990742794119,6.9640918560131,-3.01331360130272));
#11047=CARTESIAN_POINT('',(5.97778843646722,6.54857619876321,-2.77419384458122));
#11048=CARTESIAN_POINT('',(5.82876090732622,6.69048633237871,-2.87591218396936));
#11049=CARTESIAN_POINT('',(5.67195901484017,6.82626633263785,-2.9750370666585));
#11050=CARTESIAN_POINT('',(5.50778298935469,6.95505592494549,-3.07097588572602));
#11051=CARTESIAN_POINT('',(5.98490919025084,6.54146966992073,-2.79381200474663));
#11052=CARTESIAN_POINT('',(5.83594805150857,6.6838655357191,-2.89538325541647));
#11053=CARTESIAN_POINT('',(5.6791863569365,6.82013992863853,-2.99436641572468));
#11054=CARTESIAN_POINT('',(5.51498873801682,6.94940724198458,-3.0901797535246));
#11055=CARTESIAN_POINT('',(5.70453723851733,6.34741571850171,-2.65993485683202));
#11056=CARTESIAN_POINT('',(5.56420648883732,6.48352430780859,-2.75868479283227));
#11057=CARTESIAN_POINT('',(5.41655030385805,6.61375147248177,-2.85495533557059));
#11058=CARTESIAN_POINT('',(5.26183109002737,6.73731017707927,-2.94816323765984));
#11059=CARTESIAN_POINT('',(4.39187001113224,7.02738770697707,-3.51910229624901));
#11060=CARTESIAN_POINT('',(4.33761988920299,5.78932873749853,-4.04662371406368));
#11061=CARTESIAN_POINT('',(4.88468048201591,6.88767481463674,-3.2418855492818));
#11062=CARTESIAN_POINT('',(4.83043036008666,5.6496158451582,-3.76940696709647));
#11063=CARTESIAN_POINT('',(5.3412465530812,6.72668995757101,-2.9110175023313));
#11064=CARTESIAN_POINT('',(5.28699643115195,5.48863098809247,-3.43853892014597));
#11065=CARTESIAN_POINT('',(5.74927777488462,6.54876673911209,-2.53540489915537));
#11066=CARTESIAN_POINT('',(5.69502765295537,5.31070776963355,-3.06292631697004));
#11067=CARTESIAN_POINT('',(4.46622655259186,5.90320878164047,-3.91288377580534));
#11068=CARTESIAN_POINT('',(4.43838393773193,5.96748580331417,-3.90707930573396));
#11069=CARTESIAN_POINT('',(4.4086844270162,6.01163595958189,-3.91039525334569));
#11070=CARTESIAN_POINT('',(4.35876746700289,6.06887000103679,-3.9214996739643));
#11071=CARTESIAN_POINT('',(5.5018945688337,6.50376323514866,-2.80950302772499));
#11072=CARTESIAN_POINT('',(5.52902331938975,6.4802784749287,-2.79152504847277));
#11073=CARTESIAN_POINT('',(5.55607267225033,6.45714906022807,-2.77307186266011));
#11074=CARTESIAN_POINT('',(5.58299205319215,6.43441570420484,-2.75417235752319));
#11075=CARTESIAN_POINT('',(5.58299205319215,6.43441570420484,-2.75417235752319));
#11076=CARTESIAN_POINT('',(5.58299205319215,6.43441570420484,-2.75417235752319));
#11077=CARTESIAN_POINT('',(5.61536061407611,6.40708052849002,-2.73144710270837));
#11078=CARTESIAN_POINT('',(5.64760030698523,6.38026827185658,-2.70803493904165));
#11079=CARTESIAN_POINT('',(5.67964098669966,6.35402958453311,-2.68397836321621));
#11080=CARTESIAN_POINT('',(5.32381697457475,-1.75421209768591,-6.86227497130987));
#11081=CARTESIAN_POINT('',(7.32138960096759,-1.85918229579541,-6.5259708347328));
#11082=CARTESIAN_POINT('',(7.31838689300227,-1.85905010090581,-6.52599779896948));
#11083=CARTESIAN_POINT('',(7.31538405069685,-1.85891868015219,-6.52601017892321));
#11084=CARTESIAN_POINT('',(7.31238122031911,-1.85878803999108,-6.52600797296388));
#11085=CARTESIAN_POINT('',(7.32138960096759,-1.85918229579541,-6.5259708347328));
#11086=CARTESIAN_POINT('',(5.42263599817956,-1.79507563825266,-6.17866234069666));
#11087=CARTESIAN_POINT('',(5.58262643159828,-1.7929968670433,-6.34779724008979));
#11088=CARTESIAN_POINT('',(5.75099866503383,-1.79085903872633,-6.52486093966282));
#11089=CARTESIAN_POINT('',(5.42263599817954,-1.79507563825268,-6.17866234069667));
#11090=CARTESIAN_POINT('',(5.32256238108796,-1.7963808566901,-6.07277628546729));
#11091=CARTESIAN_POINT('',(5.37219507129844,-1.79573102210487,-6.12533839556415));
#11092=CARTESIAN_POINT('',(5.42263599817955,-1.79507563825268,-6.17866234069668));
#11093=CARTESIAN_POINT('',(5.32333353197314,-1.77046132484674,-6.55805109106254));
#11094=CARTESIAN_POINT('',(7.32042472659561,-1.89161385072726,-5.91877560535704));
#11095=CARTESIAN_POINT('',(0.401444936483797,2.43877157629884,-6.81467456757385));
#11096=CARTESIAN_POINT('',(7.49473330930059,2.13017328101421,-6.8198854865442));
#11097=CARTESIAN_POINT('',(0.416063368324722,2.77319570626448,-6.72063431791599));
#11098=CARTESIAN_POINT('',(7.50935174114151,2.46459741097985,-6.72584523688634));
#11099=CARTESIAN_POINT('',(0.430419377229878,3.10120196214623,-6.60373755442272));
#11100=CARTESIAN_POINT('',(7.52370775004667,2.79260366686159,-6.60894847339307));
#11101=CARTESIAN_POINT('',(0.444379878365747,3.41974962014369,-6.46506794780021));
#11102=CARTESIAN_POINT('',(7.53766825118254,3.11115132485906,-6.47027886677056));
#11103=CARTESIAN_POINT('',(7.4102038037599,0.0628579431497618,0.545001618150832));
#11104=CARTESIAN_POINT('',(7.53766825118032,3.1111513248061,-6.47027886664889));
#11105=CARTESIAN_POINT('',(7.49473330929913,2.13017328097955,-6.81988548642071));
#11106=CARTESIAN_POINT('',(5.49662390850571,2.2171023782428,-6.81841762192203));
#11107=CARTESIAN_POINT('',(5.53955885038692,3.19808042206943,-6.46881100215013));
#11108=CARTESIAN_POINT('',(-7.43569183909572,-0.542940008096532,-6.99123692774703));
#11109=CARTESIAN_POINT('',(7.42862085314951,0.611997838431158,-6.90592840604853));
#11110=CARTESIAN_POINT('',(1.99142649752718,-1.27400595143631,-7.01530402572415));
#11111=CARTESIAN_POINT('',(-2.69783763117354,0.798783200169952,-6.91204378298971));
#11112=CARTESIAN_POINT('',(1.96790491126699,-1.46228392836947,-6.89579009811396));
#11113=CARTESIAN_POINT('',(7.32823664647716,-1.69548877620636,-6.89972794088283));
#11114=CARTESIAN_POINT('',(1.97489485332673,-1.30097192086203,-6.93396682201624));
#11115=CARTESIAN_POINT('',(7.33522658853689,-1.53417676869893,-6.9379046647851));
#11116=CARTESIAN_POINT('',(1.98194264741119,-1.13841888410498,-6.96688889066469));
#11117=CARTESIAN_POINT('',(7.34227438262136,-1.37162373194188,-6.97082673343355));
#11118=CARTESIAN_POINT('',(1.9890333848125,-0.974968678278055,-6.99448666162954));
#11119=CARTESIAN_POINT('',(7.34936512002266,-1.20817352611495,-6.99842450439841));
#11120=CARTESIAN_POINT('',(7.41020380375084,0.0628579431487653,0.545001617987023));
#11121=CARTESIAN_POINT('',(7.3493651200233,-1.20817352610092,-6.9984245043148));
#11122=CARTESIAN_POINT('',(7.32823664647796,-1.69548877618885,-6.89972794080881));
#11123=CARTESIAN_POINT('',(5.33012724568453,-1.60855967892561,-6.89826007631013));
#11124=CARTESIAN_POINT('',(5.35125571922991,-1.12124442883758,-6.99695663981603));
#11125=CARTESIAN_POINT('',(7.50364594431393,2.3000313503415,-4.7469345359307));
#11126=CARTESIAN_POINT('',(7.32080791162389,-1.87419792281316,-6.42900363723395));
#11127=CARTESIAN_POINT('',(7.32106118923123,-1.86797045368124,-6.45315733033798));
#11128=CARTESIAN_POINT('',(7.32123551864583,-1.86354286097578,-6.47772548477363));
#11129=CARTESIAN_POINT('',(7.3213274903795,-1.86100763158253,-6.50252073487144));
#11130=CARTESIAN_POINT('',(7.32135640801423,-1.86021050800359,-6.51031682565148));
#11131=CARTESIAN_POINT('',(7.32137716999713,-1.85960080337108,-6.51813543460385));
#11132=CARTESIAN_POINT('',(7.32138960096759,-1.85918229579541,-6.5259708347328));
#11133=CARTESIAN_POINT('',(7.32080791162389,-1.87419792281316,-6.42900363723395));
#11134=CARTESIAN_POINT('',(7.33037957869446,-1.64951892731798,-6.70509448829437));
#11135=CARTESIAN_POINT('',(7.3509556738447,-1.17494394520576,-6.80121074948296));
#11136=CARTESIAN_POINT('',(7.49252338758564,2.07612582116674,-6.62733941832487));
#11137=CARTESIAN_POINT('',(7.54599926081552,3.31038618634889,-6.92879393100722));
#11138=CARTESIAN_POINT('',(7.5582202948029,3.58423187140947,-6.51063225518921));
#11139=CARTESIAN_POINT('',(7.56043665624497,3.6309910440311,-6.26278924321474));
#11140=CARTESIAN_POINT('',(7.56283380514729,3.68149425678884,-5.99057947683299));
#11141=CARTESIAN_POINT('',(7.56522510332725,3.73175402255869,-5.71191663288981));
#11142=CARTESIAN_POINT('',(7.56522510332725,3.73175402255869,-5.71191663288981));
#11143=CARTESIAN_POINT('',(7.56522510332725,3.73175402255869,-5.71191663288981));
#11144=CARTESIAN_POINT('',(7.5652887342072,3.73309140203996,-5.70450159694674));
#11145=CARTESIAN_POINT('',(7.56536632977442,3.73475203567129,-5.69722091863929));
#11146=CARTESIAN_POINT('',(7.56545536806246,3.73667754506133,-5.69005033352204));
#11147=CARTESIAN_POINT('',(7.41020380376051,0.0628579431677398,0.545001618029416));
#11148=CARTESIAN_POINT('',(7.8822737615885,3.41774360434039,-2.81519410028065));
#11149=CARTESIAN_POINT('',(7.78652202139426,3.47184997918937,-4.03734717134339));
#11150=CARTESIAN_POINT('',(7.66497965811114,3.53083594340944,-5.37791881329251));
#11151=CARTESIAN_POINT('',(7.54902614422244,3.56885288778038,-6.70165707406653));
#11152=CARTESIAN_POINT('',(7.84890703561907,3.50667215396626,-2.8098776777669));
#11153=CARTESIAN_POINT('',(7.75381641724965,3.56012341996243,-4.03219416935048));
#11154=CARTESIAN_POINT('',(7.6333263073438,3.61844624275428,-5.37310545729637));
#11155=CARTESIAN_POINT('',(7.51835730030902,3.6553597817045,-6.69637179663755));
#11156=CARTESIAN_POINT('',(7.81554030964964,3.59560070359213,-2.80456125525316));
#11157=CARTESIAN_POINT('',(7.72111081310503,3.6483968607355,-4.02704116735757));
#11158=CARTESIAN_POINT('',(7.60167295657647,3.70605654209913,-5.36829210130024));
#11159=CARTESIAN_POINT('',(7.48768845639561,3.74186667562862,-6.69108651920857));
#11160=CARTESIAN_POINT('',(7.78217358368021,3.68452925321799,-2.79924483273941));
#11161=CARTESIAN_POINT('',(7.68840520896042,3.73667030150857,-4.02188816536466));
#11162=CARTESIAN_POINT('',(7.57001960580913,3.79366684144398,-5.3634787453041));
#11163=CARTESIAN_POINT('',(7.4570196124822,3.82837356955274,-6.68580124177959));
#11164=CARTESIAN_POINT('',(7.68122766977829,3.95356894629956,-2.78316081149527));
#11165=CARTESIAN_POINT('',(7.58945941778159,4.00372806319203,-4.006298547852));
#11166=CARTESIAN_POINT('',(7.47425724590023,4.05871837040389,-5.3489166746829));
#11167=CARTESIAN_POINT('',(7.36423572712316,4.09008691457752,-6.66981144521452));
#11168=CARTESIAN_POINT('',(7.56967599794444,4.21520841767271,-2.76926168409081));
#11169=CARTESIAN_POINT('',(7.48015432613293,4.26379132001026,-3.99336614372358));
#11170=CARTESIAN_POINT('',(7.36846755388227,4.31723535855302,-5.33759646127976));
#11171=CARTESIAN_POINT('',(7.26169543857517,4.34580303708284,-6.65749752099518));
#11172=CARTESIAN_POINT('',(7.32607408598481,4.72014711222832,-2.74551541778281));
#11173=CARTESIAN_POINT('',(7.24139845363745,4.766250105029,-3.97251168563633));
#11174=CARTESIAN_POINT('',(7.1371634087824,4.81734168019447,-5.32123994396155));
#11175=CARTESIAN_POINT('',(7.03723772545353,4.8412339622134,-6.64013803570837));
#11176=CARTESIAN_POINT('',(7.19402384585902,4.96344633541076,-2.73566827887927));
#11177=CARTESIAN_POINT('',(7.11194767279061,5.0086456332295,-3.96458963167751));
#11178=CARTESIAN_POINT('',(7.01164895570047,5.05893101368676,-5.31620364004651));
#11179=CARTESIAN_POINT('',(6.91532030087989,5.08094876483865,-6.63509247464098));
#11180=CARTESIAN_POINT('',(6.91013774488747,5.42816472881148,-2.71970819039481));
#11181=CARTESIAN_POINT('',(6.8334733336402,5.47209024212583,-3.95345179733066));
#11182=CARTESIAN_POINT('',(6.74122519162659,5.52132345297936,-5.31221513675629));
#11183=CARTESIAN_POINT('',(6.65224398605898,5.54037017536796,-6.63218633411832));
#11184=CARTESIAN_POINT('',(6.60646602319593,5.87100306924791,-2.70748229123304));
#11185=CARTESIAN_POINT('',(6.53542621703304,5.91418840351737,-3.94702023655472));
#11186=CARTESIAN_POINT('',(6.45140656964274,5.96292966457992,-5.31431073800616));
#11187=CARTESIAN_POINT('',(6.36992620556452,5.97978339117605,-6.63646517520807));
#11188=CARTESIAN_POINT('',(6.26464895520825,6.26300169420866,-2.70208917236011));
#11189=CARTESIAN_POINT('',(6.19937936899523,6.30623623212539,-3.94939306972312));
#11190=CARTESIAN_POINT('',(6.12345803814688,6.35524627472615,-5.3281749384401));
#11191=CARTESIAN_POINT('',(6.04939683442711,6.37116646785965,-6.65494721644347));
#11192=CARTESIAN_POINT('',(6.08456055842638,6.4445211754333,-2.70094190840682));
#11193=CARTESIAN_POINT('',(6.02214246798943,6.48790820378998,-3.95262854649412));
#11194=CARTESIAN_POINT('',(5.950116246598,6.53715289291808,-5.33794928597913));
#11195=CARTESIAN_POINT('',(5.87964708637377,6.55284703399976,-6.66769734632783));
#11196=CARTESIAN_POINT('',(6.05475284428093,6.47456575856504,-2.70075201657269));
#11197=CARTESIAN_POINT('',(5.99280672523414,6.51797802670132,-3.9531640733156));
#11198=CARTESIAN_POINT('',(5.92142521117161,6.56726155384863,-5.33956710790773));
#11199=CARTESIAN_POINT('',(5.8515505956689,6.582918279444,-6.66980771120253));
#11200=CARTESIAN_POINT('',(6.02494513013548,6.50461034169678,-2.70056212473856));
#11201=CARTESIAN_POINT('',(5.96347098247884,6.54804784961267,-3.95369960013707));
#11202=CARTESIAN_POINT('',(5.89273417574523,6.59737021477917,-5.34118492983633));
#11203=CARTESIAN_POINT('',(5.82345410496404,6.61298952488825,-6.67191807607724));
#11204=CARTESIAN_POINT('',(5.99513741599003,6.53465492482852,-2.70037223290443));
#11205=CARTESIAN_POINT('',(5.93413523972354,6.57811767252401,-3.95423512695855));
#11206=CARTESIAN_POINT('',(5.86404314031884,6.62747887570972,-5.34280275176493));
#11207=CARTESIAN_POINT('',(5.79535761425917,6.64306077033249,-6.67402844095194));
#11208=CARTESIAN_POINT('',(7.54282035139078,3.79839046999344,-5.68667962649522));
#11209=CARTESIAN_POINT('',(7.54283373830555,3.7983607550751,-5.68666764612659));
#11210=CARTESIAN_POINT('',(7.54284151108468,3.79833754057971,-5.68667683505267));
#11211=CARTESIAN_POINT('',(7.55019119048361,3.776386488063,-5.69536534386413));
#11212=CARTESIAN_POINT('',(7.55770955808037,3.75404466116245,-5.70379488889328));
#11213=CARTESIAN_POINT('',(7.56522510332725,3.73175402255869,-5.71191663288981));
#11214=CARTESIAN_POINT('',(7.54282035139078,3.79839046999344,-5.68667962649522));
#11215=CARTESIAN_POINT('',(7.48941553272429,3.74207584956134,-6.66750489584406));
#11216=CARTESIAN_POINT('',(7.49186603797589,3.73656511668613,-6.6613473094099));
#11217=CARTESIAN_POINT('',(7.49421496085848,3.73141438683026,-6.65483171866063));
#11218=CARTESIAN_POINT('',(7.49644554909429,3.72666462765045,-6.64798369996367));
#11219=CARTESIAN_POINT('',(6.01940419963488,6.50986676744404,-2.72283885481762));
#11220=CARTESIAN_POINT('',(6.0384591230249,6.49006963354971,-2.76217171646159));
#11221=CARTESIAN_POINT('',(6.05779934445984,6.46995828322053,-2.80115094333111));
#11222=CARTESIAN_POINT('',(6.07740526341807,6.44954373688686,-2.83990948421808));
#11223=CARTESIAN_POINT('',(6.07743374898961,6.44951407572364,-2.83996580010357));
#11224=CARTESIAN_POINT('',(6.07762094175949,6.44933999745746,-2.83986506558651));
#11225=CARTESIAN_POINT('',(6.07762094175949,6.44933999745746,-2.83986506558651));
#11226=CARTESIAN_POINT('',(7.16543034865435,4.77460067823843,-5.07168895140318));
#11227=CARTESIAN_POINT('',(7.01087270730423,5.12031358020783,-4.76046679960903));
#11228=CARTESIAN_POINT('',(6.74521380784648,5.60728126169509,-4.22460853819485));
#11229=CARTESIAN_POINT('',(6.4207382973498,6.05581598746463,-3.55643550151743));
#11230=CARTESIAN_POINT('',(6.24693648315434,6.26399300364569,-3.19691450058848));
#11231=CARTESIAN_POINT('',(6.15734458038642,6.36490321605589,-3.00325733566818));
#11232=CARTESIAN_POINT('',(6.09608413538599,6.43011853520076,-2.87637005667475));
#11233=CARTESIAN_POINT('',(6.07762094175951,6.44933999745744,-2.8398650655865));
#11234=CARTESIAN_POINT('',(7.16543034865436,4.77460067823844,-5.07168895140317));
#11235=CARTESIAN_POINT('',(7.54282035139079,3.79839046999346,-5.68667962649524));
#11236=CARTESIAN_POINT('',(7.4269048688011,4.14431904687744,-5.5497252799041));
#11237=CARTESIAN_POINT('',(7.3012519765807,4.4708035696904,-5.34512317199136));
#11238=CARTESIAN_POINT('',(7.16543034865435,4.77460067823843,-5.07168895140318));
#11239=CARTESIAN_POINT('',(-6.87430448929621,0.684315111868198,0.555495398979443));
#11240=CARTESIAN_POINT('',(-6.39986252645756,7.08105876231682,-2.25444928520988));
#11241=CARTESIAN_POINT('',(-6.46234505164537,7.13388462679543,-2.30132471600689));
#11242=CARTESIAN_POINT('',(-6.52572929202003,7.18737444551864,-2.34881082487032));
#11243=CARTESIAN_POINT('',(-6.59001520512704,7.24152917303465,-2.3969063509819));
#11244=CARTESIAN_POINT('',(-6.87430448929621,0.684315111868198,0.555495398979443));
#11245=CARTESIAN_POINT('',(-6.86061589748769,-1.34278869411346,-6.24067548198735));
#11246=CARTESIAN_POINT('',(-6.79686912357147,-1.42188392367078,-6.14804083819102));
#11247=CARTESIAN_POINT('',(-6.77761059067862,-1.47381862271467,-6.10957423074654));
#11248=CARTESIAN_POINT('',(-6.77963347096685,-1.58375474488575,-6.06916384608997));
#11249=CARTESIAN_POINT('',(-6.77963347094843,-1.58375474489262,-6.06916384610773));
#11250=CARTESIAN_POINT('',(-7.09309448951598,-1.23206810233061,-6.51542532600115));
#11251=CARTESIAN_POINT('',(-6.92528460798649,-1.24883176032301,-6.3386085947926));
#11252=CARTESIAN_POINT('',(-6.76583134666058,-1.2648081449466,-6.16970836725455));
#11253=CARTESIAN_POINT('',(-6.76583134666059,-1.26480814494661,-6.16970836725458));
#11254=CARTESIAN_POINT('',(-6.67646747184529,0.675708078861892,0.555350062686539));
#11255=CARTESIAN_POINT('',(-7.29078044356849,2.73208040851071,-3.68421977592691));
#11256=CARTESIAN_POINT('',(-7.3615482226554,1.15130366538842,-6.39991270968142));
#11257=CARTESIAN_POINT('',(-7.46460187160572,-1.21529952094161,-6.5264816472573));
#11258=CARTESIAN_POINT('',(-7.39304038330415,0.42809348802091,-6.43859090648355));
#11259=CARTESIAN_POINT('',(-7.4650856730799,-1.23156081034526,-6.22203193335763));
#11260=CARTESIAN_POINT('',(-7.4863407611626,-1.71471976254417,-6.54182965843821));
#11261=CARTESIAN_POINT('',(-7.4789717612261,-1.55332956085054,-6.06865009353311));
#11262=CARTESIAN_POINT('',(-7.37580576211168,0.706133262915066,0.555863815291257));
#11263=CARTESIAN_POINT('',(-7.29078044356849,2.73208040851071,-3.68421977592691));
#11264=CARTESIAN_POINT('',(-7.3615482226554,1.15130366538842,-6.39991270968142));
#11265=CARTESIAN_POINT('',(-6.00130471282002,5.66479576275539,-4.8353731828381));
#11266=CARTESIAN_POINT('',(-5.96889827195576,6.39814515052659,-4.15260319952096));
#11267=CARTESIAN_POINT('',(-5.94254021798731,6.98990799143189,-3.31814892161189));
#11268=CARTESIAN_POINT('',(-5.92437648993265,7.39190595746607,-2.39994738254314));
#11269=CARTESIAN_POINT('',(-6.12523856130269,5.58801203493474,-4.74701904280686));
#11270=CARTESIAN_POINT('',(-6.0933627646268,6.30935308176152,-4.07542918029305));
#11271=CARTESIAN_POINT('',(-6.06743631461683,6.89142601214065,-3.25463880070978));
#11272=CARTESIAN_POINT('',(-6.0495700112862,7.28684140141733,-2.35147249221565));
#11273=CARTESIAN_POINT('',(-6.24917240978537,5.5112283071141,-4.65866490277564));
#11274=CARTESIAN_POINT('',(-6.21782725729789,6.22056101299637,-3.99825516106522));
#11275=CARTESIAN_POINT('',(-6.19233241124635,6.7929440328494,-3.19112867980767));
#11276=CARTESIAN_POINT('',(-6.17476353263979,7.18177684536847,-2.30299760188815));
#11277=CARTESIAN_POINT('',(-6.37310625826797,5.43444457929349,-4.57031076274433));
#11278=CARTESIAN_POINT('',(-6.34229174996892,6.13176894423121,-3.92108114183726));
#11279=CARTESIAN_POINT('',(-6.31722850787579,6.69446205355822,-3.1276185589055));
#11280=CARTESIAN_POINT('',(-6.29995705399337,7.07671228931956,-2.25452271156064));
#11281=CARTESIAN_POINT('',(-6.19674313942194,7.14962222503121,-2.32706075053656));
#11282=CARTESIAN_POINT('',(-6.10629958164598,7.21344087774648,-2.39060005761354));
#11283=CARTESIAN_POINT('',(-6.01629991289518,7.27671973265448,-2.45386951238022));
#11284=CARTESIAN_POINT('',(-5.92674049375299,7.33954038141731,-2.51674698989732));
#11285=CARTESIAN_POINT('',(-6.19674370277801,7.14962278653798,-2.32706098845736));
#11286=CARTESIAN_POINT('',(-6.29995705329212,7.07671230483979,-2.254522676111));
#11287=CARTESIAN_POINT('',(-6.28275938593259,7.08887382132975,-2.26661470489085));
#11288=CARTESIAN_POINT('',(-6.26555646825594,7.10103269792418,-2.27870705420813));
#11289=CARTESIAN_POINT('',(-6.248351951309,7.1131861364011,-2.29079807977173));
#11290=CARTESIAN_POINT('',(-6.23115290432438,7.12533571084322,-2.30288526114414));
#11291=CARTESIAN_POINT('',(-6.21394909857049,7.13748208323062,-2.31497334090412));
#11292=CARTESIAN_POINT('',(-6.19674370277801,7.14962278653798,-2.32706098845736));
#11293=CARTESIAN_POINT('',(-6.62495827410995,7.09085170217411,-2.25428392153937));
#11294=CARTESIAN_POINT('',(-5.93457320301528,7.06081603397173,-2.25479109684012));
#11295=CARTESIAN_POINT('',(-6.62385661350299,7.11658122021742,-2.27840424194398));
#11296=CARTESIAN_POINT('',(-5.93347154240832,7.08654555201504,-2.27891141724474));
#11297=CARTESIAN_POINT('',(-6.62275410169794,7.14233079408504,-2.30255361666344));
#11298=CARTESIAN_POINT('',(-5.93236903060328,7.11229512588266,-2.30306079196419));
#11299=CARTESIAN_POINT('',(-6.62165039363556,7.16810863873481,-2.32674884066024));
#11300=CARTESIAN_POINT('',(-5.93126532254089,7.13807297053243,-2.32725601596099));
#11301=CARTESIAN_POINT('',(-6.61868621537194,7.23733901712672,-2.39172884714767));
#11302=CARTESIAN_POINT('',(-5.92830114427727,7.20730334892434,-2.39223602244842));
#11303=CARTESIAN_POINT('',(-6.6157870425002,7.30505436561764,-2.45547420490456));
#11304=CARTESIAN_POINT('',(-5.92540197140553,7.27501869741526,-2.45598138020531));
#11305=CARTESIAN_POINT('',(-6.61296125378458,7.37106042532829,-2.5178860891046));
#11306=CARTESIAN_POINT('',(-5.92257618268991,7.3410247571259,-2.51839326440536));
#11307=CARTESIAN_POINT('',(5.32381697457475,-1.75421209768591,-6.86227497130987));
#11308=CARTESIAN_POINT('',(-6.96507452140323,-1.23703179525726,-6.52684861338832));
#11309=CARTESIAN_POINT('',(5.32333353197307,-1.77046132484679,-6.55805109106258));
#11310=CARTESIAN_POINT('',(-6.30567371057732,-1.26453352066268,-6.54950811194448));
#11311=CARTESIAN_POINT('',(-6.30567371057731,-1.26453352066267,-6.54950811194448));
#11312=CARTESIAN_POINT('',(-6.43836479716127,-1.26621479659292,-6.41003302459002));
#11313=CARTESIAN_POINT('',(-6.56585254967216,-1.26785913350709,-6.2754852327319));
#11314=CARTESIAN_POINT('',(-6.56585254967216,-1.2678591335071,-6.27548523273191));
#11315=CARTESIAN_POINT('',(-6.56585254967216,-1.2678591335071,-6.27548523273191));
#11316=CARTESIAN_POINT('',(-6.61628622665881,-1.26850962702633,-6.22225863064519));
#11317=CARTESIAN_POINT('',(-6.66592587662091,-1.26915459980974,-6.16978176047947));
#11318=CARTESIAN_POINT('',(-6.66592587662091,-1.26915459980974,-6.16978176047947));
#11319=CARTESIAN_POINT('',(-18.0051967261239,-0.775831972840739,-6.16145162944934));
#11320=CARTESIAN_POINT('',(7.56510882488071,3.73194528448448,-5.71254427020233));
#11321=CARTESIAN_POINT('',(7.55759064566893,3.75424268437272,-5.70442660037013));
#11322=CARTESIAN_POINT('',(7.5500696598749,3.77659144093379,-5.69600099885205));
#11323=CARTESIAN_POINT('',(7.418217030999,4.17036721973203,-5.54025290738));
#11324=CARTESIAN_POINT('',(7.29277663763504,4.48965656170655,-5.32923934310364));
#11325=CARTESIAN_POINT('',(7.16513337102411,4.77510377045482,-5.07243120922404));
#11326=CARTESIAN_POINT('',(7.56514758436289,3.73188153050921,-5.71233505776482));
#11327=CARTESIAN_POINT('',(7.55763028313941,3.75417667663597,-5.70421602987784));
#11328=CARTESIAN_POINT('',(7.5501101700778,3.7765231233102,-5.69578911385608));
#11329=CARTESIAN_POINT('',(7.41827315775102,4.17026034498938,-5.54001847559921));
#11330=CARTESIAN_POINT('',(7.29285235929705,4.48952248925122,-5.32899396039137));
#11331=CARTESIAN_POINT('',(7.16523236356752,4.77493607304936,-5.07218378995042));
#11332=CARTESIAN_POINT('',(7.56518634384507,3.73181777653395,-5.71212584532731));
#11333=CARTESIAN_POINT('',(7.55766992060989,3.75411066889921,-5.70400545938556));
#11334=CARTESIAN_POINT('',(7.55015068028071,3.7764548056866,-5.6955772288601));
#11335=CARTESIAN_POINT('',(7.41832928450303,4.17015347024673,-5.53978404381843));
#11336=CARTESIAN_POINT('',(7.29292808095906,4.4893884167959,-5.32874857767911));
#11337=CARTESIAN_POINT('',(7.16533135611094,4.7747683756439,-5.07193637067679));
#11338=CARTESIAN_POINT('',(7.56522510332725,3.73175402255869,-5.71191663288981));
#11339=CARTESIAN_POINT('',(7.55770955808037,3.75404466116245,-5.70379488889328));
#11340=CARTESIAN_POINT('',(7.55019119048361,3.776386488063,-5.69536534386413));
#11341=CARTESIAN_POINT('',(7.41838541125505,4.17004659550408,-5.53954961203763));
#11342=CARTESIAN_POINT('',(7.29300380262107,4.48925434434057,-5.32850319496685));
#11343=CARTESIAN_POINT('',(7.16543034865436,4.77460067823844,-5.07168895140317));
#11344=CARTESIAN_POINT('',(7.57013647886028,3.72367549063395,-5.6854064529597));
#11345=CARTESIAN_POINT('',(7.56273218716861,3.74568054572556,-5.67711262418318));
#11346=CARTESIAN_POINT('',(7.55532440713481,3.76772967723779,-5.66851651291417));
#11347=CARTESIAN_POINT('',(7.42549746593279,4.15650405142299,-5.50984378401155));
#11348=CARTESIAN_POINT('',(7.30259881001254,4.47226546472819,-5.29740972877006));
#11349=CARTESIAN_POINT('',(7.17797410641936,4.75335104105087,-5.04033742402879));
#11350=CARTESIAN_POINT('',(7.57731976912725,3.71642745674252,-5.65907322282184));
#11351=CARTESIAN_POINT('',(7.57007096940246,3.73816349296939,-5.65061091633999));
#11352=CARTESIAN_POINT('',(7.56281904074671,3.75993626190675,-5.64185200918328));
#11353=CARTESIAN_POINT('',(7.43574039939387,4.14412991539537,-5.48038107624939));
#11354=CARTESIAN_POINT('',(7.31590388917716,4.45691698134951,-5.26657799167657));
#11355=CARTESIAN_POINT('',(7.19493881869135,4.73435187682717,-5.00929213763747));
#11356=CARTESIAN_POINT('',(7.58661377058545,3.71008712630358,-5.63327516248081));
#11357=CARTESIAN_POINT('',(7.57955799408771,3.73157511092579,-5.62465650198113));
#11358=CARTESIAN_POINT('',(7.57250013322312,3.75309249787252,-5.61574715833808));
#11359=CARTESIAN_POINT('',(7.44881870968007,4.13309491987087,-5.45169064784688));
#11360=CARTESIAN_POINT('',(7.33248418511726,4.44348587792886,-5.23669711770886));
#11361=CARTESIAN_POINT('',(7.21563369148622,4.71799199069177,-4.97936855452533));
#11362=CARTESIAN_POINT('',(7.20229513024895,4.72937954718206,-4.99963826804414));
#11363=CARTESIAN_POINT('',(7.18755996859957,4.7429770140369,-5.023216736165));
#11364=CARTESIAN_POINT('',(7.17516411433448,4.75811128223396,-5.04736064190507));
#11365=CARTESIAN_POINT('',(7.16543034865436,4.77460067823844,-5.07168895140317));
#11366=CARTESIAN_POINT('',(6.27362912424703,6.49126284350955,-2.34983553379162));
#11367=CARTESIAN_POINT('',(6.27630582801569,6.4886758169985,-2.35523294887744));
#11368=CARTESIAN_POINT('',(6.27898253178434,6.48608879048743,-2.36063036396328));
#11369=CARTESIAN_POINT('',(6.28165923555303,6.48350176397638,-2.36602777904914));
#11370=CARTESIAN_POINT('',(6.3243115679583,6.44227840710633,-2.45203368865532));
#11371=CARTESIAN_POINT('',(6.36829155116074,6.39966579537253,-2.53635029535008));
#11372=CARTESIAN_POINT('',(6.45655196523486,6.31389353814575,-2.69786117055276));
#11373=CARTESIAN_POINT('',(6.54224733501486,6.22759596711276,-2.85334890183987));
#11374=CARTESIAN_POINT('',(6.71253122939274,6.04272708722773,-3.15888163201392));
#11375=CARTESIAN_POINT('',(7.08809452196796,5.58820012421716,-3.82403081255304));
#11376=CARTESIAN_POINT('',(7.39421807959457,5.08972698277084,-4.36235415932928));
#11377=CARTESIAN_POINT('',(7.59771757528261,4.66935683204848,-4.72235900021764));
#11378=CARTESIAN_POINT('',(6.20044266672985,6.48130853666377,-2.3786711097441));
#11379=CARTESIAN_POINT('',(6.20310662175507,6.47867212672892,-2.38411199286176));
#11380=CARTESIAN_POINT('',(6.20577057678029,6.47603571679407,-2.38955287597943));
#11381=CARTESIAN_POINT('',(6.2084345318055,6.4733993068592,-2.3949937590971));
#11382=CARTESIAN_POINT('',(6.25088371747119,6.4313890425129,-2.48169231649062));
#11383=CARTESIAN_POINT('',(6.2946432411086,6.3879800347205,-2.56666280922868));
#11384=CARTESIAN_POINT('',(6.38239692399809,6.30063101869307,-2.72935280618));
#11385=CARTESIAN_POINT('',(6.46522813421922,6.21323334749017,-2.88520443079315));
#11386=CARTESIAN_POINT('',(6.6308373564173,6.02602912460087,-3.19138820032477));
#11387=CARTESIAN_POINT('',(6.99529019606725,5.56655903888123,-3.85646103783478));
#11388=CARTESIAN_POINT('',(7.29206102211656,5.06509198912599,-4.39206212609004));
#11389=CARTESIAN_POINT('',(7.489381471698,4.64350275908175,-4.74900933108621));
#11390=CARTESIAN_POINT('',(6.07379171769121,6.49451707574591,-2.44301556316427));
#11391=CARTESIAN_POINT('',(6.07643435469148,6.49180970023315,-2.4485711171221));
#11392=CARTESIAN_POINT('',(6.07907699169174,6.48910232472039,-2.45412667107992));
#11393=CARTESIAN_POINT('',(6.08171962869201,6.48639494920765,-2.45968222503776));
#11394=CARTESIAN_POINT('',(6.12382911913385,6.4432538733561,-2.54820802190703));
#11395=CARTESIAN_POINT('',(6.16720943354875,6.3986834488154,-2.63493625202216));
#11396=CARTESIAN_POINT('',(6.25409428367383,6.30906611568837,-2.80094282914711));
#11397=CARTESIAN_POINT('',(6.33202535340509,6.22168653119725,-2.95948794582789));
#11398=CARTESIAN_POINT('',(6.4896205449801,6.03345261882968,-3.27089879170253));
#11399=CARTESIAN_POINT('',(6.83515022258617,5.57220616826846,-3.94655871662886));
#11400=CARTESIAN_POINT('',(7.11565949025648,5.06872123370348,-4.4885520150483));
#11401=CARTESIAN_POINT('',(7.3024776610877,4.64557260100172,-4.84940544971987));
#11402=CARTESIAN_POINT('',(5.97390664084067,6.55856426554861,-2.51921591263594));
#11403=CARTESIAN_POINT('',(5.9765534459828,6.55582293383053,-2.52491989729126));
#11404=CARTESIAN_POINT('',(5.97920025112493,6.55308160211247,-2.53062388194661));
#11405=CARTESIAN_POINT('',(5.98184705626709,6.55034027039443,-2.53632786660198));
#11406=CARTESIAN_POINT('',(6.02402296458246,6.50665811436319,-2.62721885439135));
#11407=CARTESIAN_POINT('',(6.06746369789312,6.46154900235414,-2.71627577279497));
#11408=CARTESIAN_POINT('',(6.15441535457079,6.37094362317846,-2.88676712662587));
#11409=CARTESIAN_POINT('',(6.23048946734689,6.28674785843359,-3.04997067065765));
#11410=CARTESIAN_POINT('',(6.38563506314079,6.10275822163265,-3.37067165325225));
#11411=CARTESIAN_POINT('',(6.72630226026972,5.65108763314762,-4.06749151645257));
#11412=CARTESIAN_POINT('',(7.00550820720166,5.15240961391419,-4.62906673539688));
#11413=CARTESIAN_POINT('',(7.1924346942634,4.72885421554122,-5.0041950236305));
#11414=CARTESIAN_POINT('',(5.93869269933871,6.59354640987743,-2.55196650606314));
#11415=CARTESIAN_POINT('',(5.94134820637299,6.59079679179822,-2.55773447276172));
#11416=CARTESIAN_POINT('',(5.94400371340728,6.58804717371902,-2.56350243946029));
#11417=CARTESIAN_POINT('',(5.94665922044154,6.58529755563981,-2.5692704061589));
#11418=CARTESIAN_POINT('',(5.98897379034528,6.54148335936024,-2.66118092528733));
#11419=CARTESIAN_POINT('',(6.03255355916983,6.49624530677849,-2.75124306584409));
#11420=CARTESIAN_POINT('',(6.11977679582227,6.40542463115482,-2.92367290151224));
#11421=CARTESIAN_POINT('',(6.1958758842214,6.32294566948444,-3.08891261448985));
#11422=CARTESIAN_POINT('',(6.35143443681493,6.14134419917259,-3.4136823259325));
#11423=CARTESIAN_POINT('',(6.69372480456687,5.6948854673568,-4.11982210027166));
#11424=CARTESIAN_POINT('',(6.97590182518986,5.19852327073781,-4.69015484008287));
#11425=CARTESIAN_POINT('',(7.16543034865436,4.77460067823844,-5.07168895140317));
#11426=CARTESIAN_POINT('',(5.9381992027315,6.59403665802355,-2.55242548072061));
#11427=CARTESIAN_POINT('',(5.94085483171618,6.59128692381728,-2.55819434407888));
#11428=CARTESIAN_POINT('',(5.94351046070086,6.58853718961102,-2.56396320743713));
#11429=CARTESIAN_POINT('',(5.94616608968552,6.58578745540473,-2.56973207079541));
#11430=CARTESIAN_POINT('',(5.98848260282598,6.54197140868157,-2.66165687788013));
#11431=CARTESIAN_POINT('',(6.03206432012752,6.49673154909579,-2.75173310586085));
#11432=CARTESIAN_POINT('',(6.11929136276673,6.40590785625613,-2.92419010787754));
#11433=CARTESIAN_POINT('',(6.19539080118019,6.32345295427508,-3.08945835621428));
#11434=CARTESIAN_POINT('',(6.35095514104919,6.14188495230013,-3.41428508779713));
#11435=CARTESIAN_POINT('',(6.69326825630288,5.69549926069153,-4.12055547360241));
#11436=CARTESIAN_POINT('',(6.97548691426392,5.19916951856514,-4.69101094340773));
#11437=CARTESIAN_POINT('',(7.16505190328955,4.77524178011941,-5.07263482746651));
#11438=CARTESIAN_POINT('',(5.93770570612429,6.59452690616968,-2.55288445537811));
#11439=CARTESIAN_POINT('',(5.94036145705937,6.59177705583637,-2.55865421539604));
#11440=CARTESIAN_POINT('',(5.94301720799445,6.58902720550305,-2.56442397541398));
#11441=CARTESIAN_POINT('',(5.94567295892951,6.58627735516972,-2.57019373543191));
#11442=CARTESIAN_POINT('',(5.98799141530667,6.54245945800288,-2.66213283047297));
#11443=CARTESIAN_POINT('',(6.03157508108521,6.49721779141308,-2.75222314587759));
#11444=CARTESIAN_POINT('',(6.11880592971118,6.40639108135742,-2.92470731424286));
#11445=CARTESIAN_POINT('',(6.19490571813902,6.32396023906573,-3.09000409793872));
#11446=CARTESIAN_POINT('',(6.35047584528346,6.14242570542769,-3.41488784966178));
#11447=CARTESIAN_POINT('',(6.6928117080389,5.69611305402629,-4.12128884693314));
#11448=CARTESIAN_POINT('',(6.97507200333798,5.19981576639249,-4.69186704673263));
#11449=CARTESIAN_POINT('',(7.16467345792474,4.77588288200039,-5.07358070352987));
#11450=CARTESIAN_POINT('',(5.93721220951708,6.59501715431581,-2.55334343003561));
#11451=CARTESIAN_POINT('',(5.93986808240256,6.59226718785544,-2.55911408671322));
#11452=CARTESIAN_POINT('',(5.94252395528804,6.58951722139508,-2.56488474339082));
#11453=CARTESIAN_POINT('',(5.94517982817351,6.5867672549347,-2.57065540006844));
#11454=CARTESIAN_POINT('',(5.98750022778735,6.54294750732419,-2.66260878306579));
#11455=CARTESIAN_POINT('',(6.03108584204289,6.49770403373035,-2.75271318589431));
#11456=CARTESIAN_POINT('',(6.11832049665564,6.40687430645872,-2.92522452060817));
#11457=CARTESIAN_POINT('',(6.19442063509784,6.32446752385636,-3.09054983966316));
#11458=CARTESIAN_POINT('',(6.34999654951775,6.14296645855527,-3.41549061152643));
#11459=CARTESIAN_POINT('',(6.69235515977492,5.69672684736107,-4.12202222026388));
#11460=CARTESIAN_POINT('',(6.97465709241204,5.20046201421984,-4.69272315005754));
#11461=CARTESIAN_POINT('',(7.16429501255995,4.77652398388136,-5.07452657959322));
#11462=CARTESIAN_POINT('',(7.31238122031911,-1.85878803999108,-6.52600797296388));
#11463=CARTESIAN_POINT('',(7.31575743944363,-1.85893492468149,-6.52601045322454));
#11464=CARTESIAN_POINT('',(7.31913367364657,-1.85908279616024,-6.52599449465905));
#11465=CARTESIAN_POINT('',(7.32250971501952,-1.85923164530414,-6.52596009857375));
#11466=CARTESIAN_POINT('',(7.31232890678045,-1.86054637607907,-6.49308777176515));
#11467=CARTESIAN_POINT('',(7.31558498622338,-1.86068803401157,-6.493090163768));
#11468=CARTESIAN_POINT('',(7.31884136659723,-1.8608306711393,-6.49307460774773));
#11469=CARTESIAN_POINT('',(7.32209752239093,-1.86097425412639,-6.49304110338072));
#11470=CARTESIAN_POINT('',(7.31212936622506,-1.86568519859217,-6.46038084146145));
#11471=CARTESIAN_POINT('',(7.31526551888589,-1.86582163902912,-6.46038314536289));
#11472=CARTESIAN_POINT('',(7.31840209690186,-1.86595907617795,-6.46036799354769));
#11473=CARTESIAN_POINT('',(7.32153843688334,-1.8660974656703,-6.46033538492776));
#11474=CARTESIAN_POINT('',(7.31179321454634,-1.8739505464833,-6.42847639727295));
#11475=CARTESIAN_POINT('',(7.31481180224917,-1.87408187217745,-6.42847861480803));
#11476=CARTESIAN_POINT('',(7.31783084857542,-1.87421423722011,-6.42846386709243));
#11477=CARTESIAN_POINT('',(7.3208496533398,-1.87434759395283,-6.42843215278568));
#11478=CARTESIAN_POINT('',(7.32080791159976,-1.87419792340333,-6.42900363713811));
#11479=CARTESIAN_POINT('',(7.31780544148027,-1.87405665467586,-6.42900438792051));
#11480=CARTESIAN_POINT('',(7.3148029713611,-1.87391538594163,-6.42900513867859));
#11481=CARTESIAN_POINT('',(7.31180050124223,-1.87377411720064,-6.42900588941234));
#11482=CARTESIAN_POINT('',(6.25803036922915,-2.15096710453422,-6.07874166195786));
#11483=CARTESIAN_POINT('',(5.40373869491994,-2.11380056899931,-6.07811407649145));
#11484=CARTESIAN_POINT('',(6.26210489526588,-2.05676846402343,-6.11093401324291));
#11485=CARTESIAN_POINT('',(5.40781322095668,-2.01960192848852,-6.11030642777649));
#11486=CARTESIAN_POINT('',(6.26571940570129,-1.9726551145931,-6.17205018340291));
#11487=CARTESIAN_POINT('',(5.41142773139208,-1.93548857905819,-6.17142259793649));
#11488=CARTESIAN_POINT('',(6.26826092878967,-1.91289153481013,-6.25172570228844));
#11489=CARTESIAN_POINT('',(5.41396925448046,-1.87572499927521,-6.25109811682203));
#11490=CARTESIAN_POINT('',(5.30643076710114,-2.10956712196391,-6.07804259149425));
#11491=CARTESIAN_POINT('',(5.40883387389191,-2.11402223819864,-6.07811781954977));
#11492=CARTESIAN_POINT('',(5.40883387391441,-2.11402223819245,-6.0781178195288));
#11493=CARTESIAN_POINT('',(5.41895471064422,-1.98972672527363,-6.12568226466658));
#11494=CARTESIAN_POINT('',(5.45114113736133,-1.93616305441095,-6.17342908375463));
#11495=CARTESIAN_POINT('',(5.51018512188829,-1.88098990665354,-6.2497623182893));
#11496=CARTESIAN_POINT('',(-4.60453887764921,-4.61193765919629,0.276218463426506));
#11497=CARTESIAN_POINT('',(-6.15307366326415,-4.54456760881725,0.277356058413013));
#11498=CARTESIAN_POINT('',(-4.60669912974142,-4.68454695520853,1.6356358406742));
#11499=CARTESIAN_POINT('',(-6.15523391535636,-4.61717690482949,1.6367734356607));
#11500=CARTESIAN_POINT('',(-4.56212090358103,-3.7066344177083,4.40368326231277));
#11501=CARTESIAN_POINT('',(-6.11065568919597,-3.63926436732926,4.40482085729928));
#11502=CARTESIAN_POINT('',(-4.38778721487284,0.268343903093954,6.30883523034096));
#11503=CARTESIAN_POINT('',(-5.93632200048778,0.335713953472993,6.30997282532746));
#11504=CARTESIAN_POINT('',(-4.20808953345726,4.4236140221087,4.83849925225144));
#11505=CARTESIAN_POINT('',(-5.75662431907221,4.49098407248774,4.83963684723795));
#11506=CARTESIAN_POINT('',(-4.15490469627713,5.69080759743176,2.1905229507257));
#11507=CARTESIAN_POINT('',(-5.70343948189207,5.7581776478108,2.1916605457122));
#11508=CARTESIAN_POINT('',(-4.15274444418491,5.763416893444,0.831105573478007));
#11509=CARTESIAN_POINT('',(-5.70127922979985,5.83078694382304,0.832243168464513));
#11510=CARTESIAN_POINT('',(-4.37864166091706,0.575739617123796,0.553662018452243));
#11511=CARTESIAN_POINT('',(-7.31773266633014,-1.20280764117378,-6.87963883448837));
#11512=CARTESIAN_POINT('',(-7.12326049034945,3.26320085067788,-6.64079104061918));
#11513=CARTESIAN_POINT('',(-7.4103521083332,-1.20372134119702,-6.78714270495318));
#11514=CARTESIAN_POINT('',(-7.2158799323525,3.26228715065465,-6.54829491108399));
#11515=CARTESIAN_POINT('',(-7.46439415506091,-1.20831785786527,-6.65719485660589));
#11516=CARTESIAN_POINT('',(-7.26992197908022,3.25769063398639,-6.4183470627367));
#11517=CARTESIAN_POINT('',(-7.46460187160982,-1.21529952094144,-6.5264816472573));
#11518=CARTESIAN_POINT('',(-7.27012969562913,3.25070897091022,-6.28763385338812));
#11519=CARTESIAN_POINT('',(-7.39304038330824,0.428093488021075,-6.43859090648355));
#11520=CARTESIAN_POINT('',(-7.38239414349094,0.672945136975562,-6.44702558077441));
#11521=CARTESIAN_POINT('',(-7.37453653180917,0.834227866998665,-6.44590129875076));
#11522=CARTESIAN_POINT('',(-7.36377578293561,1.07944498542287,-6.43416440302827));
#11523=CARTESIAN_POINT('',(5.42304358194427,0.517805282531055,-6.34370052221107));
#11524=CARTESIAN_POINT('',(-5.91622726755876,1.01112790950016,-6.33537039118092));
#11525=CARTESIAN_POINT('',(5.34456967886395,-1.28432973127354,-6.44008098655179));
#11526=CARTESIAN_POINT('',(-5.99470117063908,-0.791007104304435,-6.43175085552163));
#11527=CARTESIAN_POINT('',(5.18587736137054,-4.95388707424878,-5.14112189833848));
#11528=CARTESIAN_POINT('',(-6.15339348813248,-4.46056444727967,-5.13279176730833));
#11529=CARTESIAN_POINT('',(5.07987053089239,-7.47965725614977,0.138437132810325));
#11530=CARTESIAN_POINT('',(-6.25940031861063,-6.98633462918066,0.146767263840482));
#11531=CARTESIAN_POINT('',(5.16871755351764,-5.530653819451,5.65731272785508));
#11532=CARTESIAN_POINT('',(-6.17055329598538,-5.0373311924819,5.66564285888524));
#11533=CARTESIAN_POINT('',(5.32267132091746,-2.02036621526814,7.34025902268755));
#11534=CARTESIAN_POINT('',(-6.01659952858557,-1.52704358829904,7.3485891537177));
#11535=CARTESIAN_POINT('',(5.40114522399778,-0.218231201463546,7.43663948702826));
#11536=CARTESIAN_POINT('',(-5.93812562550525,0.275091425505556,7.44496961805842));
#11537=CARTESIAN_POINT('',(5.41209440297397,0.149787040591381,0.54646948304877));
#11538=CARTESIAN_POINT('',(5.05028734578722,0.165527700605757,0.546735275530008));
#11539=CARTESIAN_POINT('',(5.31218893292721,0.154133495298576,0.546542875826486));
#11540=CARTESIAN_POINT('',(5.51199987301074,0.145440585670659,0.546396089183644));
#11541=CARTESIAN_POINT('',(5.51199987301378,0.1454405857329,0.546396089761113));
#11542=CARTESIAN_POINT('',(3.30576112490948,7.05848414255043,-5.75596954420954));
#11543=CARTESIAN_POINT('',(3.27573079917582,6.35528157601953,-4.98962621840149));
#11544=CARTESIAN_POINT('',(2.91343326149995,7.07555263089312,-5.75568132968118));
#11545=CARTESIAN_POINT('',(2.88340293576628,6.37235006436222,-4.98933800387313));
#11546=CARTESIAN_POINT('',(2.17512614689074,6.55477422773485,-6.26248330699948));
#11547=CARTESIAN_POINT('',(2.14509582115708,5.85157166120395,-5.49613998119142));
#11548=CARTESIAN_POINT('',(2.86467167981027,5.97187613198676,-6.77033422301356));
#11549=CARTESIAN_POINT('',(2.83464135407661,5.26867356545585,-6.00399089720551));
#11550=CARTESIAN_POINT('',(3.25699954321981,5.95480764364407,-6.77062243754191));
#11551=CARTESIAN_POINT('',(3.22696921748615,5.25160507711317,-6.00427911173386));
#11552=CARTESIAN_POINT('',(3.28138033406464,6.50664589309725,-6.26329599087574));
#11553=CARTESIAN_POINT('',(3.28138033406462,6.50664589309728,-6.26329599087572));
#11554=CARTESIAN_POINT('',(0.492960312302104,4.5645420652281,-8.13194665532673));
#11555=CARTESIAN_POINT('',(1.59192048273854,4.51673106173329,-8.13275398080101));
#11556=CARTESIAN_POINT('',(0.503242496974002,4.80307691639146,-8.26185608062161));
#11557=CARTESIAN_POINT('',(1.60220266741044,4.75526591289666,-8.26266340609589));
#11558=CARTESIAN_POINT('',(0.516546565237592,5.10881909249472,-8.25838676504436));
#11559=CARTESIAN_POINT('',(1.61550673567403,5.06100808899992,-8.25919409051864));
#11560=CARTESIAN_POINT('',(0.526892531135487,5.34434191446094,-8.12309811568933));
#11561=CARTESIAN_POINT('',(1.62585270157193,5.29653091096614,-8.12390544116361));
#11562=CARTESIAN_POINT('',(0.510094363119929,4.946511060375,-7.42923326345703));
#11563=CARTESIAN_POINT('',(1.60905453355625,4.89870005687628,-7.43004058893887));
#11564=CARTESIAN_POINT('',(4.80535695631092,4.72795515452358,-6.47312753700868));
#11565=CARTESIAN_POINT('',(4.76802789135311,3.85384228217774,-5.52052782021609));
#11566=CARTESIAN_POINT('',(5.05890537683706,4.71692435945732,-6.4733138004512));
#11567=CARTESIAN_POINT('',(5.02157631187924,3.84281148711147,-5.52071408365862));
#11568=CARTESIAN_POINT('',(5.53604865477183,5.0534860821384,-6.14578457590963));
#11569=CARTESIAN_POINT('',(5.49871958981401,4.17937320979256,-5.19318485911705));
#11570=CARTESIAN_POINT('',(5.09041836169704,5.43019369148386,-5.81757745725359));
#11571=CARTESIAN_POINT('',(5.05308929673923,4.55608081913802,-4.86497774046101));
#11572=CARTESIAN_POINT('',(4.83686994117091,5.44122448655014,-5.81739119381107));
#11573=CARTESIAN_POINT('',(4.79954087621309,4.56711161420429,-4.86479147701848));
#11574=CARTESIAN_POINT('',(4.76824920992005,3.85902476956319,-5.52617564462395));
#11575=CARTESIAN_POINT('',(5.06922101099166,3.84864574635988,-5.52934990953193));
#11576=CARTESIAN_POINT('',(5.46176230490178,4.22834548394199,-5.28877835684189));
#11577=CARTESIAN_POINT('',(5.08659497258184,4.64477653979161,-4.9630656411024));
#11578=CARTESIAN_POINT('',(4.80340601453668,4.65761929677918,-4.96342587025996));
#11579=CARTESIAN_POINT('',(0.510094363120244,4.94651106038211,-7.42923326347263));
#11580=CARTESIAN_POINT('',(0.352805417958782,3.62333093649221,-6.92350961880378));
#11581=CARTESIAN_POINT('',(0.452710887998807,3.61898448163374,-6.92358301203683));
#11582=CARTESIAN_POINT('',(0.399235014769081,2.38472411645484,-6.62212849936334));
#11583=CARTESIAN_POINT('',(0.399235014770137,2.38472411645236,-6.62212849935748));
#11584=CARTESIAN_POINT('',(0.582877740222077,6.57643253785115,-4.88026011088477));
#11585=CARTESIAN_POINT('',(1.68183791065849,6.52862153435634,-4.88106743635905));
#11586=CARTESIAN_POINT('',(0.579199376909819,6.49348689019784,-4.97521576525708));
#11587=CARTESIAN_POINT('',(1.67815954734624,6.44567588670303,-4.97602309073136));
#11588=CARTESIAN_POINT('',(0.577148612815132,6.44849831732666,-5.10249930101655));
#11589=CARTESIAN_POINT('',(1.67610878325155,6.40068731383186,-5.10330662649083));
#11590=CARTESIAN_POINT('',(0.577266302960604,6.45333180929642,-5.22854179632255));
#11591=CARTESIAN_POINT('',(1.67622647339702,6.40552080580161,-5.22934912179683));
#11592=CARTESIAN_POINT('',(6.11978253184693,-5.47882179792616,2.81383714931794));
#11593=CARTESIAN_POINT('',(5.23288140876026,-5.44023656632618,2.81448869055582));
#11594=CARTESIAN_POINT('',(6.11981954733855,-5.47708661401874,2.76146380862455));
#11595=CARTESIAN_POINT('',(5.23291842425188,-5.43850138241876,2.76211534986244));
#11596=CARTESIAN_POINT('',(6.11940329820412,-5.48576446603114,2.70876584840291));
#11597=CARTESIAN_POINT('',(5.23250217511745,-5.44717923443117,2.70941738964079));
#11598=CARTESIAN_POINT('',(6.11856520376816,-5.50420033218446,2.65972101701754));
#11599=CARTESIAN_POINT('',(5.2316640806815,-5.46561510058448,2.66037255825543));
#11600=CARTESIAN_POINT('',(5.71645490550292,4.78063713999409,4.35469719271297));
#11601=CARTESIAN_POINT('',(6.5656514008402,4.74369227365719,4.35407335030103));
#11602=CARTESIAN_POINT('',(5.66582482456996,3.59241255339834,5.80363884264699));
#11603=CARTESIAN_POINT('',(6.51502131990723,3.55546768706144,5.80301500023505));
#11604=CARTESIAN_POINT('',(5.58390790528265,1.69538193652995,6.64035951823842));
#11605=CARTESIAN_POINT('',(6.43310440061993,1.65843707019306,6.63973567582647));
#11606=CARTESIAN_POINT('',(5.50247488072264,-0.174708616878513,6.54034470552126));
#11607=CARTESIAN_POINT('',(6.35167137605992,-0.211653483215409,6.53972086310932));
#11608=CARTESIAN_POINT('',(5.61654943546325,4.78498359485681,4.35477058593767));
#11609=CARTESIAN_POINT('',(6.57082775359452,4.86434609826041,4.25501178305928));
#11610=CARTESIAN_POINT('',(5.68392663050812,4.90293132986038,4.25566332429717));
#11611=CARTESIAN_POINT('',(6.56883673691959,4.81816476193088,4.27969576726178));
#11612=CARTESIAN_POINT('',(5.68193561383319,4.85674999353085,4.28034730849967));
#11613=CARTESIAN_POINT('',(6.56706675199023,4.77690879245742,4.31356855171375));
#11614=CARTESIAN_POINT('',(5.68016562890383,4.81549402405739,4.31422009295164));
#11615=CARTESIAN_POINT('',(6.56565140084015,4.7436922736567,4.35407335030075));
#11616=CARTESIAN_POINT('',(5.67875027775375,4.78227750525667,4.35472489153864));
#11617=CARTESIAN_POINT('',(6.39297881960205,0.939962857663209,-5.43153219205804));
#11618=CARTESIAN_POINT('',(5.50607769651558,0.978548089263179,-5.43088065082015));
#11619=CARTESIAN_POINT('',(6.39493282078544,0.984409010087161,-5.40384283556618));
#11620=CARTESIAN_POINT('',(5.50803169769897,1.02299424168713,-5.40319129432829));
#11621=CARTESIAN_POINT('',(6.39711905484931,1.03434283157516,-5.38501765979617));
#11622=CARTESIAN_POINT('',(5.51021793176285,1.07292806317513,-5.38436611855829));
#11623=CARTESIAN_POINT('',(6.39937250043544,1.08599521653124,-5.37647762699818));
#11624=CARTESIAN_POINT('',(5.51247137734897,1.12458044813121,-5.37582608576029));
#11625=CARTESIAN_POINT('',(5.41209440297099,0.149787040533826,0.546469482408593));
#11626=CARTESIAN_POINT('',(5.25900652776153,-4.97701600288903,3.72728091367098));
#11627=CARTESIAN_POINT('',(5.28305761171314,-4.93174510949386,3.76006371497635));
#11628=CARTESIAN_POINT('',(5.29363383946199,-4.90217310822527,3.79003103688741));
#11629=CARTESIAN_POINT('',(5.29626138316357,-4.86900980568627,3.8386218451607));
#11630=CARTESIAN_POINT('',(5.25371472623328,-4.97678389495695,3.72728363350526));
#11631=CARTESIAN_POINT('',(6.14061591635509,-5.01536912947334,3.72663209221813));
#11632=CARTESIAN_POINT('',(5.25561968837691,-4.93349497982256,3.75675260014058));
#11633=CARTESIAN_POINT('',(6.14252087849871,-4.97208021433895,3.75610105885345));
#11634=CARTESIAN_POINT('',(5.25727533288958,-4.8960821623558,3.79483269101466));
#11635=CARTESIAN_POINT('',(6.14417652301138,-4.93466739687219,3.79418114972752));
#11636=CARTESIAN_POINT('',(5.25855668838293,-4.86736943750582,3.8386495440352));
#11637=CARTESIAN_POINT('',(6.14545787850473,-4.90595467202221,3.83799800274807));
#11638=CARTESIAN_POINT('',(5.7075741814345,5.46097458657933,3.39749927789523));
#11639=CARTESIAN_POINT('',(6.59447537155626,5.42238935206295,3.39684773660809));
#11640=CARTESIAN_POINT('',(5.70770343901376,5.464828088671,3.34523922754343));
#11641=CARTESIAN_POINT('',(6.59460462913552,5.42624285415461,3.3445876862563));
#11642=CARTESIAN_POINT('',(5.70828522507992,5.47906988394759,3.2937670391052));
#11643=CARTESIAN_POINT('',(6.59518641520168,5.4404846494312,3.29311549781807));
#11644=CARTESIAN_POINT('',(5.70927562524686,5.50262497296642,3.24696793721757));
#11645=CARTESIAN_POINT('',(6.59617681536862,5.46403973845003,3.24631639593044));
#11646=CARTESIAN_POINT('',(5.40474597361003,0.0843222665847938,-5.57955367217603));
#11647=CARTESIAN_POINT('',(6.35384793898695,0.0430309453847361,-5.58025090781291));
#11648=CARTESIAN_POINT('',(5.40900499578279,0.184110903518352,-5.69165113533655));
#11649=CARTESIAN_POINT('',(6.3581069611597,0.142819582318295,-5.69234837097342));
#11650=CARTESIAN_POINT('',(5.41557313743376,0.336153718301739,-5.75506234439989));
#11651=CARTESIAN_POINT('',(6.36467510281067,0.294862397101681,-5.75575958003676));
#11652=CARTESIAN_POINT('',(5.42209544651851,0.485937036208713,-5.74705174274142));
#11653=CARTESIAN_POINT('',(6.37119741189542,0.444645715008655,-5.7477489783783));
#11654=CARTESIAN_POINT('',(5.46159662701075,-0.042947830067818,-5.48551154722752));
#11655=CARTESIAN_POINT('',(6.34849781713257,-0.081533064584209,-5.48616308851466));
#11656=CARTESIAN_POINT('',(5.45956240728791,-0.0900902472929612,-5.46272046350916));
#11657=CARTESIAN_POINT('',(6.34646359740973,-0.128675481809352,-5.4633720047963));
#11658=CARTESIAN_POINT('',(5.45732497670909,-0.141744860036048,-5.44932836594284));
#11659=CARTESIAN_POINT('',(6.34422616683091,-0.180330094552439,-5.44997990722997));
#11660=CARTESIAN_POINT('',(5.45505322104878,-0.194012673905293,-5.44634611707369));
#11661=CARTESIAN_POINT('',(6.34195441117061,-0.232597908421684,-5.44699765836083));
#11662=CARTESIAN_POINT('',(0.590464027369768,6.74343015222162,-4.44338069582787));
#11663=CARTESIAN_POINT('',(4.2979972631513,6.58213141796208,-4.44610434870311));
#11664=CARTESIAN_POINT('',(0.589922734447087,6.72870057021915,-4.30790035259339));
#11665=CARTESIAN_POINT('',(4.29745597022862,6.5674018359596,-4.31062400546863));
#11666=CARTESIAN_POINT('',(0.586847864785998,6.65585900131545,-4.17973739710702));
#11667=CARTESIAN_POINT('',(4.29438110056753,6.4945602670559,-4.18246104998227));
#11668=CARTESIAN_POINT('',(0.582173696389679,6.54703785535046,-4.09783326212227));
#11669=CARTESIAN_POINT('',(4.28970693217121,6.38573912109092,-4.10055691499752));
#11670=CARTESIAN_POINT('',(0.568819573891347,6.24683453939624,-4.49745763138151));
#11671=CARTESIAN_POINT('',(0.499091198017363,6.95683816237446,-5.20930627207507));
#11672=CARTESIAN_POINT('',(0.568819573890823,6.24683453938107,-4.49745763138905));
#11673=CARTESIAN_POINT('',(1.60905453355662,4.8987000568873,-7.43004058894701));
#11674=CARTESIAN_POINT('',(1.58298929649642,4.30011607051973,-7.46194379735118));
#11675=CARTESIAN_POINT('',(1.71722453706335,4.12228704818617,-6.89479337972732));
#11676=CARTESIAN_POINT('',(1.71813333190024,4.15288165647564,-7.4695672493801));
#11677=CARTESIAN_POINT('',(1.67862711141514,4.08695963375375,-6.89673484855021));
#11678=CARTESIAN_POINT('',(1.67953590625203,4.11755424204322,-7.47150871820299));
#11679=CARTESIAN_POINT('',(1.62570247110363,4.06771766832654,-6.89784275910251));
#11680=CARTESIAN_POINT('',(1.62661126594053,4.09831227661601,-7.47261662875529));
#11681=CARTESIAN_POINT('',(1.57339208931365,4.06999346677265,-6.89780433049971));
#11682=CARTESIAN_POINT('',(1.57430088415054,4.10058807506212,-7.47257820015249));
#11683=CARTESIAN_POINT('',(4.47451006397477,5.90284795933207,-3.91288882243249));
#11684=CARTESIAN_POINT('',(3.07723442077837,5.96363737869159,-3.91186234644938));
#11685=CARTESIAN_POINT('',(4.47997244572042,6.02817449416604,-3.89932232968178));
#11686=CARTESIAN_POINT('',(3.08269680252402,6.08896391352556,-3.89829585369868));
#11687=CARTESIAN_POINT('',(4.48560260627285,6.15819668953756,-3.93545328476119));
#11688=CARTESIAN_POINT('',(3.08832696307645,6.21898610889708,-3.93442680877809));
#11689=CARTESIAN_POINT('',(4.48991477822688,6.25860242627444,-4.01174693375469));
#11690=CARTESIAN_POINT('',(3.09263913503047,6.31939184563396,-4.01072045777159));
#11691=CARTESIAN_POINT('',(2.40207539609259,4.00374880180609,-5.51563976209422));
#11692=CARTESIAN_POINT('',(0.44866068922425,4.08873342626231,-5.51420473151067));
#11693=CARTESIAN_POINT('',(2.40314771834648,4.02832718635696,-5.51152467279953));
#11694=CARTESIAN_POINT('',(0.449733011478136,4.11331181081318,-5.51008964221598));
#11695=CARTESIAN_POINT('',(2.40425012474068,4.05367570195948,-5.5120662758863));
#11696=CARTESIAN_POINT('',(0.450835417872335,4.1386603264157,-5.51063124530275));
#11697=CARTESIAN_POINT('',(2.40530703878615,4.07805655770314,-5.51722744125447));
#11698=CARTESIAN_POINT('',(0.451892331917813,4.16304118215936,-5.51579241067092));
#11699=CARTESIAN_POINT('',(3.09541585601786,-1.60151762903022,-6.39187202410242));
#11700=CARTESIAN_POINT('',(5.15653727173505,-1.69118810650617,-6.39338617890915));
#11701=CARTESIAN_POINT('',(3.09331087560136,-1.64923200651967,-6.43153058477396));
#11702=CARTESIAN_POINT('',(5.15443229131854,-1.73890248399562,-6.43304473958069));
#11703=CARTESIAN_POINT('',(3.09206948518498,-1.67670404682977,-6.49442071777771));
#11704=CARTESIAN_POINT('',(5.15319090090216,-1.76637452430572,-6.49593487258444));
#11705=CARTESIAN_POINT('',(3.09216799564744,-1.67339296320455,-6.55641201730606));
#11706=CARTESIAN_POINT('',(5.15328941136462,-1.7630634406805,-6.55792617211279));
#11707=CARTESIAN_POINT('',(5.57976572804555,6.3625126975647,-2.88775914144909));
#11708=CARTESIAN_POINT('',(0.584492226061868,6.57983544072289,-2.88408948020236));
#11709=CARTESIAN_POINT('',(5.54623066229509,5.61456759930892,-4.24247400771591));
#11710=CARTESIAN_POINT('',(0.550957160311403,5.83189034246712,-4.23880434646918));
#11711=CARTESIAN_POINT('',(5.49306918296551,4.41115581546394,-5.33995371782965));
#11712=CARTESIAN_POINT('',(0.497795680981825,4.62847855862213,-5.33628405658293));
#11713=CARTESIAN_POINT('',(5.43096556462817,2.99413634023272,-5.95962926755621));
#11714=CARTESIAN_POINT('',(0.435692062644482,3.21145908339092,-5.95595960630948));
#11715=CARTESIAN_POINT('',(0.316915430944213,0.371456238439155,0.550212537112895));
#11716=CARTESIAN_POINT('',(1.94651934597267,-0.00832530966007161,-6.84763009784556));
#11717=CARTESIAN_POINT('',(1.94639697356725,-0.012438428791618,-6.77062280083822));
#11718=CARTESIAN_POINT('',(1.95220586068491,0.122264184093948,-6.84064600622493));
#11719=CARTESIAN_POINT('',(1.9520834882795,0.118151064962402,-6.76363870921759));
#11720=CARTESIAN_POINT('',(1.90402174952745,0.254391684085746,-6.83366537239663));
#11721=CARTESIAN_POINT('',(1.90389937712204,0.250278564954199,-6.7566580753893));
#11722=CARTESIAN_POINT('',(1.81557015841762,0.350755481953264,-6.82865894103731));
#11723=CARTESIAN_POINT('',(1.8154477860122,0.346642362821718,-6.75165164402997));
#11724=CARTESIAN_POINT('',(0.217009960907846,0.375802693418356,0.550285930105178));
#11725=CARTESIAN_POINT('',(0.160869318522088,0.586000698213743,-6.57679800380306));
#11726=CARTESIAN_POINT('',(-1.48946617346502,0.657799656990966,-6.57558562330043));
#11727=CARTESIAN_POINT('',(0.16165716527423,0.603780081278143,-6.55727421217762));
#11728=CARTESIAN_POINT('',(-1.48867832671288,0.675579040055367,-6.55606183167499));
#11729=CARTESIAN_POINT('',(0.162787346586428,0.629555234399543,-6.54527371071516));
#11730=CARTESIAN_POINT('',(-1.48754814540068,0.701354193176766,-6.54406133021253));
#11731=CARTESIAN_POINT('',(0.163935468666542,0.655927964408537,-6.5442409805224));
#11732=CARTESIAN_POINT('',(-1.48640002332057,0.72772692318576,-6.54302860001976));
#11733=CARTESIAN_POINT('',(0.151024746852892,0.586429040114914,-6.57679238987252));
#11734=CARTESIAN_POINT('',(0.132715877532405,0.606723854178313,-6.55701469461479));
#11735=CARTESIAN_POINT('',(0.123805071250965,0.626933401621216,-6.54659143325598));
#11736=CARTESIAN_POINT('',(0.123966224547806,0.657666853334262,-6.54421161804955));
#11737=CARTESIAN_POINT('',(1.93107726367885,0.508986607503984,-6.57809844580939));
#11738=CARTESIAN_POINT('',(0.280737814033959,0.580785738461779,-6.57688606239936));
#11739=CARTESIAN_POINT('',(1.93186511043099,0.52676599056837,-6.55857465418396));
#11740=CARTESIAN_POINT('',(0.2815256607861,0.598565121526164,-6.55736227077393));
#11741=CARTESIAN_POINT('',(1.93299529174318,0.552541143689743,-6.54657415272151));
#11742=CARTESIAN_POINT('',(0.282655842098298,0.624340274647538,-6.54536176931148));
#11743=CARTESIAN_POINT('',(1.9341434138233,0.578913873698716,-6.54554142252872));
#11744=CARTESIAN_POINT('',(0.283803964178411,0.65071300465651,-6.54432903911869));
#11745=CARTESIAN_POINT('',(1.97589318701401,-0.00582693370581802,-6.91826153529181));
#11746=CARTESIAN_POINT('',(1.9337314192303,-0.974062168408036,-6.97004398267783));
#11747=CARTESIAN_POINT('',(1.99441707541445,-0.00564419370117203,-6.93676076119868));
#11748=CARTESIAN_POINT('',(1.95225530763074,-0.97387942840339,-6.9885432085847));
#11749=CARTESIAN_POINT('',(2.02042830885782,-0.00620026759027177,-6.94754181306629));
#11750=CARTESIAN_POINT('',(1.97826654107411,-0.97443550229249,-6.99932426045231));
#11751=CARTESIAN_POINT('',(2.04658349975189,-0.00733816681252255,-6.94756102736796));
#11752=CARTESIAN_POINT('',(2.00442173196818,-0.97557340151474,-6.99934347475398));
#11753=CARTESIAN_POINT('',(1.98780497407046,-0.955751913886231,-6.99677213326509));
#11754=CARTESIAN_POINT('',(1.98848794051846,-0.954860419640216,-6.99683775365598));
#11755=CARTESIAN_POINT('',(1.98917011714441,-0.953970847472898,-6.99689676928117));
#11756=CARTESIAN_POINT('',(1.98985126553376,-0.953083436642024,-6.99694930527967));
#11757=CARTESIAN_POINT('',(0.284853881004908,0.596778245614785,-6.88876237831025));
#11758=CARTESIAN_POINT('',(1.4700974683991,0.54521342386462,-6.88963308988566));
#11759=CARTESIAN_POINT('',(0.285687451184129,0.616233745192861,-6.90626031794593));
#11760=CARTESIAN_POINT('',(1.47093103857832,0.564668923442695,-6.90713102952135));
#11761=CARTESIAN_POINT('',(0.286834852645483,0.642765632632378,-6.91563405688054));
#11762=CARTESIAN_POINT('',(1.47207844003967,0.591200810882212,-6.91650476845596));
#11763=CARTESIAN_POINT('',(0.287972155588676,0.668883531383158,-6.91423723855677));
#11764=CARTESIAN_POINT('',(1.47321574298287,0.617318709632993,-6.91510795013218));
#11765=CARTESIAN_POINT('',(7.53711427130424,3.8439433201173,-6.73021123416594));
#11766=CARTESIAN_POINT('',(1.5394092587395,4.10487752231197,-6.72580515997494));
#11767=CARTESIAN_POINT('',(7.53503837614899,3.79603399598646,-6.71873287580049));
#11768=CARTESIAN_POINT('',(1.53733336358424,4.05696819818113,-6.71432680160949));
#11769=CARTESIAN_POINT('',(7.5331785935565,3.75278069673337,-6.6888110554709));
#11770=CARTESIAN_POINT('',(1.53547358099175,4.01371489892804,-6.6844049812799));
#11771=CARTESIAN_POINT('',(7.53200506497906,3.72511758692607,-6.64800982293312));
#11772=CARTESIAN_POINT('',(1.53430005241432,3.98605178912073,-6.64360374874212));
#11773=CARTESIAN_POINT('',(0.400506377827518,2.41727908537356,-6.81945705187816));
#11774=CARTESIAN_POINT('',(7.4937947506443,2.10868079008893,-6.82466797084855));
#11775=CARTESIAN_POINT('',(0.400822443399558,2.42452379626734,-6.81825979395956));
#11776=CARTESIAN_POINT('',(7.49411081621634,2.11592550098271,-6.82347071292995));
#11777=CARTESIAN_POINT('',(0.401135930164822,2.43170247541731,-6.81666240250795));
#11778=CARTESIAN_POINT('',(7.4944243029816,2.12310418013268,-6.82187332147834));
#11779=CARTESIAN_POINT('',(0.40144493648243,2.43877157626509,-6.81467456745355));
#11780=CARTESIAN_POINT('',(7.49473330929921,2.13017328098046,-6.81988548642394));
#11781=CARTESIAN_POINT('',(7.35031519232312,-1.1862940444248,-7.00088740068428));
#11782=CARTESIAN_POINT('',(1.95574818720105,-0.951599768077712,-6.99692440777226));
#11783=CARTESIAN_POINT('',(7.34999443058512,-1.19367401656772,-7.00046687651412));
#11784=CARTESIAN_POINT('',(1.95542742546305,-0.958979740220632,-6.9965038836021));
#11785=CARTESIAN_POINT('',(7.34967498584341,-1.20103064567481,-6.99963601908872));
#11786=CARTESIAN_POINT('',(1.95510798072134,-0.966336369327725,-6.99567302617669));
#11787=CARTESIAN_POINT('',(7.34935882182402,-1.20831870826232,-6.99839993594668));
#11788=CARTESIAN_POINT('',(1.95479181670195,-0.973624431915227,-6.99443694303466));
#11789=CARTESIAN_POINT('',(2.3968202343978,-1.58900285449738,-6.82911272381826));
#11790=CARTESIAN_POINT('',(7.32359348617364,-1.80334544806492,-6.83273206295281));
#11791=CARTESIAN_POINT('',(2.3979913924037,-1.56152291371435,-6.86229332348867));
#11792=CARTESIAN_POINT('',(7.32476464417954,-1.77586550728189,-6.86591266262321));
#11793=CARTESIAN_POINT('',(2.39964767767924,-1.52304881293217,-6.88619176306217));
#11794=CARTESIAN_POINT('',(7.32642092945508,-1.73739140649971,-6.88981110219672));
#11795=CARTESIAN_POINT('',(2.40146339470584,-1.4811461825353,-6.89610860169671));
#11796=CARTESIAN_POINT('',(7.32823664648168,-1.69548877610284,-6.89972794083125));
#11797=CARTESIAN_POINT('',(7.53766825118017,3.11115132480265,-6.47027886664095));
#11798=CARTESIAN_POINT('',(0.444379878363388,3.41974962008728,-6.46506794767061));
#11799=CARTESIAN_POINT('',(7.54411855642823,3.25833297753405,-6.40620800825));
#11800=CARTESIAN_POINT('',(0.450830183611441,3.56693127281868,-6.40099708927966));
#11801=CARTESIAN_POINT('',(7.55186103925711,3.43651426297654,-6.41902293526613));
#11802=CARTESIAN_POINT('',(0.458572666440323,3.74511255826117,-6.41381201629579));
#11803=CARTESIAN_POINT('',(7.55773850727915,3.57303727404049,-6.50349803842188));
#11804=CARTESIAN_POINT('',(0.464450134462366,3.88163556932512,-6.49828711945154));
#11805=CARTESIAN_POINT('',(5.50089201028412,-0.227911254036738,7.53642363010216));
#11806=CARTESIAN_POINT('',(6.35008850562141,-0.264856120373634,7.53579978769022));
#11807=CARTESIAN_POINT('',(5.43097121809675,-1.83362605663596,7.45054796757534));
#11808=CARTESIAN_POINT('',(6.28016771343405,-1.87057092297286,7.4499241251634));
#11809=CARTESIAN_POINT('',(5.29328786596065,-4.97597968890077,6.12587836083376));
#11810=CARTESIAN_POINT('',(6.14248436129794,-5.01292455523766,6.12525451842181));
#11811=CARTESIAN_POINT('',(5.1865122827831,-7.35363651319439,1.58749288415992));
#11812=CARTESIAN_POINT('',(6.0357087781204,-7.39058137953128,1.58686904174797));
#11813=CARTESIAN_POINT('',(5.22869141413885,-6.2994485542701,-3.42733556777086));
#11814=CARTESIAN_POINT('',(6.07788790947615,-6.336393420607,-3.42795941018281));
#11815=CARTESIAN_POINT('',(5.34301029701953,-3.63579223034581,-5.55805347582988));
#11816=CARTESIAN_POINT('',(6.19220679235682,-3.67273709668271,-5.55867731824183));
#11817=CARTESIAN_POINT('',(5.40883387389104,-2.1140222382171,-6.07811781960402));
#11818=CARTESIAN_POINT('',(6.25803036922833,-2.150967104554,-6.07874166201596));
#11819=CARTESIAN_POINT('',(-4.27873619087735,0.571393162260643,0.553588625227301));
#11820=CARTESIAN_POINT('',(-4.37864166091708,0.575739617123848,0.553662018452201));
#11821=CARTESIAN_POINT('',(-4.37864166092048,0.575739617044107,0.55366201852389));
#11822=CARTESIAN_POINT('',(-6.47665653175016,0.667015169250351,0.555203276175906));
#11823=CARTESIAN_POINT('',(-6.57656200179415,0.671361624014232,0.555276669515316));
#11824=CARTESIAN_POINT('',(-6.47982107441935,-1.18494272211993,-6.38484617252725));
#11825=CARTESIAN_POINT('',(-6.41931845174595,-1.24121546716995,-6.43573112176332));
#11826=CARTESIAN_POINT('',(-6.38036539626568,-1.26196979295068,-6.47178900191633));
#11827=CARTESIAN_POINT('',(-6.3056737105592,-1.26453352065881,-6.54950811192717));
#11828=CARTESIAN_POINT('',(-2.28894519731236,7.30188561488764,-5.75185952361317));
#11829=CARTESIAN_POINT('',(-2.31897552304602,6.59868304835672,-4.98551619780511));
#11830=CARTESIAN_POINT('',(-2.6812730607219,7.31895410323033,-5.75157130908481));
#11831=CARTESIAN_POINT('',(-2.71130338645556,6.61575153669941,-4.98522798327675));
#11832=CARTESIAN_POINT('',(-3.41958017533111,6.79817570007205,-6.25837328640309));
#11833=CARTESIAN_POINT('',(-3.44961050106476,6.09497313354113,-5.49202996059503));
#11834=CARTESIAN_POINT('',(-2.73003464241159,6.21527760432396,-6.7662242024172));
#11835=CARTESIAN_POINT('',(-2.76006496814524,5.51207503779304,-5.99988087660914));
#11836=CARTESIAN_POINT('',(-2.33770677900205,6.19820911598128,-6.76651241694556));
#11837=CARTESIAN_POINT('',(-2.3677371047357,5.49500654945036,-6.0001690911375));
#11838=CARTESIAN_POINT('',(-2.31332598815722,6.75004736543445,-6.25918597027937));
#11839=CARTESIAN_POINT('',(-2.31332598815722,6.7500473654345,-6.25918597027939));
#11840=CARTESIAN_POINT('',(-3.98632440718045,5.11044318248203,-6.46666893321434));
#11841=CARTESIAN_POINT('',(-4.02365347213825,4.23633031013622,-5.51406921642179));
#11842=CARTESIAN_POINT('',(-3.7327759866543,5.09941238741574,-6.46685519665689));
#11843=CARTESIAN_POINT('',(-3.7701050516121,4.22529951506992,-5.51425547986434));
#11844=CARTESIAN_POINT('',(-3.25563270871945,5.43597411009682,-6.13932597211535));
#11845=CARTESIAN_POINT('',(-3.29296177367725,4.56186123775101,-5.18672625532279));
#11846=CARTESIAN_POINT('',(-3.70126300179425,5.81268171944233,-5.81111885345928));
#11847=CARTESIAN_POINT('',(-3.73859206675205,4.93856884709652,-4.85851913666673));
#11848=CARTESIAN_POINT('',(-3.9548114223204,5.8237125145086,-5.81093259001675));
#11849=CARTESIAN_POINT('',(-3.9921404872782,4.94959964216278,-4.8583328732242));
#11850=CARTESIAN_POINT('',(-4.02343215357123,4.24151279752167,-5.51971704082966));
#11851=CARTESIAN_POINT('',(-3.72246035249197,4.23113377431809,-5.52289130573771));
#11852=CARTESIAN_POINT('',(-3.32991905860331,4.61083351188854,-5.28231975306045));
#11853=CARTESIAN_POINT('',(-3.70508639089171,5.02726456774901,-4.95660703730776));
#11854=CARTESIAN_POINT('',(-3.98827534895463,5.04010732473767,-4.95696726646567));
#11855=CARTESIAN_POINT('',(-0.805810798213786,4.62104597844926,-8.13099254340255));
#11856=CARTESIAN_POINT('',(0.293149372222662,4.57323497495446,-8.13179986887685));
#11857=CARTESIAN_POINT('',(-0.79552861354189,4.85958082961262,-8.26090196869742));
#11858=CARTESIAN_POINT('',(0.303431556894559,4.81176982611781,-8.26170929417172));
#11859=CARTESIAN_POINT('',(-0.782224545278303,5.16532300571586,-8.2574326531202));
#11860=CARTESIAN_POINT('',(0.316735625158146,5.11751200222105,-8.25823997859449));
#11861=CARTESIAN_POINT('',(-0.771878579380407,5.40084582768207,-8.12214400376519));
#11862=CARTESIAN_POINT('',(0.327081591056041,5.35303482418727,-8.12295132923948));
#11863=CARTESIAN_POINT('',(-0.788676747395947,5.00301497359618,-7.42827915153288));
#11864=CARTESIAN_POINT('',(-6.79268746502908,2.73022383552136,-6.81417273968285));
#11865=CARTESIAN_POINT('',(0.200695437748069,2.42597199509989,-6.81931026542838));
#11866=CARTESIAN_POINT('',(-6.79237139945704,2.73746854641516,-6.81297548176424));
#11867=CARTESIAN_POINT('',(0.201011503320111,2.4332167059937,-6.81811300750977));
#11868=CARTESIAN_POINT('',(-6.79205791269177,2.74464722556517,-6.81137809031262));
#11869=CARTESIAN_POINT('',(0.201324990085376,2.4403953851437,-6.81651561605815));
#11870=CARTESIAN_POINT('',(-6.79174890637416,2.75171632641297,-6.80939025525821));
#11871=CARTESIAN_POINT('',(0.201633996402985,2.44746448599151,-6.81452778100374));
#11872=CARTESIAN_POINT('',(-6.50162333559586,-1.18399196552255,-6.38482178295123));
#11873=CARTESIAN_POINT('',(-2.82283102128721,-1.34404030660686,-6.38752432197845));
#11874=CARTESIAN_POINT('',(-6.50372831601237,-1.23170634301199,-6.42448034362276));
#11875=CARTESIAN_POINT('',(-2.82493600170372,-1.3917546840963,-6.42718288264997));
#11876=CARTESIAN_POINT('',(-6.50496970642875,-1.25917838332209,-6.48737047662649));
#11877=CARTESIAN_POINT('',(-2.8261773921201,-1.4192267244064,-6.49007301565371));
#11878=CARTESIAN_POINT('',(-6.50487119596629,-1.25586729969689,-6.54936177615482));
#11879=CARTESIAN_POINT('',(-2.82607888165764,-1.4159156407812,-6.55206431518204));
#11880=CARTESIAN_POINT('',(0.199424074689575,2.39341702618112,-6.62198171291341));
#11881=CARTESIAN_POINT('',(0.352805417958861,3.62333093649226,-6.92350961880381));
#11882=CARTESIAN_POINT('',(0.310283423040731,4.95520397010842,-7.42908647702288));
#11883=CARTESIAN_POINT('',(-3.31688331994676,6.91342193418377,-4.44051025417292));
#11884=CARTESIAN_POINT('',(0.390653087291018,6.75212306194789,-4.44323390937805));
#11885=CARTESIAN_POINT('',(-3.31742461286944,6.8986923521813,-4.30502991093841));
#11886=CARTESIAN_POINT('',(0.390111794368338,6.73739347994542,-4.30775356614354));
#11887=CARTESIAN_POINT('',(-3.32049948253053,6.82585078327758,-4.17686695545203));
#11888=CARTESIAN_POINT('',(0.387036924707249,6.6645519110417,-4.17959061065716));
#11889=CARTESIAN_POINT('',(-3.32517365092685,6.71702963731257,-4.09496282046728));
#11890=CARTESIAN_POINT('',(0.382362756310929,6.55573076507669,-4.0976864756724));
#11891=CARTESIAN_POINT('',(0.244568938283969,3.42844252981361,-6.46492116122069));
#11892=CARTESIAN_POINT('',(-7.06143354220458,3.74629509583425,-6.45955397678902));
#11893=CARTESIAN_POINT('',(0.251019243532023,3.57562418254501,-6.40085030282975));
#11894=CARTESIAN_POINT('',(-7.05498323695653,3.89347674856565,-6.39548311839808));
#11895=CARTESIAN_POINT('',(0.258761726360904,3.75380546798749,-6.4136652298459));
#11896=CARTESIAN_POINT('',(-7.04724075412765,4.07165803400813,-6.40829804541423));
#11897=CARTESIAN_POINT('',(0.264639194382945,3.89032847905144,-6.49814033300165));
#11898=CARTESIAN_POINT('',(-7.04136328610561,4.20818104507207,-6.49277314856998));
#11899=CARTESIAN_POINT('',(-0.788838931747264,4.2053031439321,-6.72388557310723));
#11900=CARTESIAN_POINT('',(-6.48297375568241,4.45303032030366,-6.71970250967959));
#11901=CARTESIAN_POINT('',(-0.790899946297343,4.15773344308812,-6.71226419654258));
#11902=CARTESIAN_POINT('',(-6.48503477023249,4.40546061945968,-6.70808113311494));
#11903=CARTESIAN_POINT('',(-0.792744205848614,4.11483874921031,-6.68244899843487));
#11904=CARTESIAN_POINT('',(-6.48687902978376,4.36256592558187,-6.67826593500723));
#11905=CARTESIAN_POINT('',(-0.793910669965655,4.08734216704234,-6.64189338300171));
#11906=CARTESIAN_POINT('',(-6.4880454939008,4.3350693434139,-6.63771031957407));
#11907=CARTESIAN_POINT('',(-6.41069354175375,0.664145404876572,0.555154818002834));
#11908=CARTESIAN_POINT('',(-0.71589337029378,6.63293645107224,-4.87930599896068));
#11909=CARTESIAN_POINT('',(0.383066800142639,6.58512544757744,-4.88011332443497));
#11910=CARTESIAN_POINT('',(-0.719571733606037,6.54999080341896,-4.97426165333298));
#11911=CARTESIAN_POINT('',(0.379388436830382,6.50217979992416,-4.97506897880727));
#11912=CARTESIAN_POINT('',(-0.721622497700724,6.5050022305478,-5.10154518909243));
#11913=CARTESIAN_POINT('',(0.377337672735695,6.457191227053,-5.10235251456672));
#11914=CARTESIAN_POINT('',(-0.721504807555254,6.50983572251755,-5.22758768439841));
#11915=CARTESIAN_POINT('',(0.377455362881165,6.46202471902274,-5.2283950098727));
#11916=CARTESIAN_POINT('',(0.399185727977635,6.96118461723583,-5.209232878857));
#11917=CARTESIAN_POINT('',(0.369008633811272,6.25552744910745,-4.49731084493921));
#11918=CARTESIAN_POINT('',(0.499091198017426,6.95683816237448,-5.2093062720751));
#11919=CARTESIAN_POINT('',(-0.96217329042749,4.26949020402728,-7.46759822459325));
#11920=CARTESIAN_POINT('',(-0.963082085264375,4.23889559573782,-6.89282435494049));
#11921=CARTESIAN_POINT('',(-0.926792664695857,4.23094432456955,-7.46959403966726));
#11922=CARTESIAN_POINT('',(-0.927701459532741,4.20034971628009,-6.8948201700145));
#11923=CARTESIAN_POINT('',(-0.875740778589811,4.20717879022407,-7.47077833415124));
#11924=CARTESIAN_POINT('',(-0.876649573426696,4.17658418193461,-6.89600446449848));
#11925=CARTESIAN_POINT('',(-0.823430396801707,4.20490299177805,-7.47081676275403));
#11926=CARTESIAN_POINT('',(-0.824339191638591,4.17430838348859,-6.89604289310127));
#11927=CARTESIAN_POINT('',(-0.788676747395643,5.00301497360325,-7.42827915154858));
#11928=CARTESIAN_POINT('',(-3.59097933004058,6.25600562552203,-3.90672430963892));
#11929=CARTESIAN_POINT('',(-2.58048896433604,6.21204356055749,-3.90746664283325));
#11930=CARTESIAN_POINT('',(-3.59644366600729,6.13062452736751,-3.91971963745824));
#11931=CARTESIAN_POINT('',(-2.58595330030274,6.08666246240297,-3.92046197065257));
#11932=CARTESIAN_POINT('',(-3.60169186532102,6.01104855308351,-3.98229004416392));
#11933=CARTESIAN_POINT('',(-2.59120149961648,5.96708648811897,-3.98303237735825));
#11934=CARTESIAN_POINT('',(-3.60533907577463,5.92883043952535,-4.07792495905365));
#11935=CARTESIAN_POINT('',(-2.59484871007008,5.88486837456081,-4.07866729224799));
#11936=CARTESIAN_POINT('',(5.64260939341636,5.52649220337534,-4.08471874884536));
#11937=CARTESIAN_POINT('',(0.299797851716231,4.09520980442039,-5.51409537289683));
#11938=CARTESIAN_POINT('',(-1.65361680091098,4.18019442651681,-5.51266034235309));
#11939=CARTESIAN_POINT('',(0.300870173970115,4.11978818897123,-5.50998028360214));
#11940=CARTESIAN_POINT('',(-1.6525444786571,4.20477281106765,-5.5085452530584));
#11941=CARTESIAN_POINT('',(0.301972580364313,4.14513670457371,-5.51052188668891));
#11942=CARTESIAN_POINT('',(-1.6514420722629,4.23012132667013,-5.50908685614517));
#11943=CARTESIAN_POINT('',(0.303029494409789,4.16951756031734,-5.51568305205705));
#11944=CARTESIAN_POINT('',(-1.65038515821743,4.25450218241376,-5.51424802151332));
#11945=CARTESIAN_POINT('',(0.392391794353503,6.76016668566324,-2.55279924931362));
#11946=CARTESIAN_POINT('',(-6.20136922826499,7.04703270663205,-2.54795529646785));
#11947=CARTESIAN_POINT('',(0.360741048646589,6.05711335788864,-4.00106736199555));
#11948=CARTESIAN_POINT('',(-6.23301997397191,6.34397937885745,-3.99622340914978));
#11949=CARTESIAN_POINT('',(0.307180482884504,4.84617482859301,-5.19605277652821));
#11950=CARTESIAN_POINT('',(-6.28658053973399,5.13304084956183,-5.19120882368244));
#11951=CARTESIAN_POINT('',(0.24330214668239,3.38943308501366,-5.87912621934931));
#11952=CARTESIAN_POINT('',(-6.3504588759361,3.67629910598248,-5.87428226650354));
#11953=CARTESIAN_POINT('',(0.217009960908056,0.375802693418339,0.55028593010515));
#11954=CARTESIAN_POINT('',(-1.64210697531349,-0.795072652376588,-6.99428132733708));
#11955=CARTESIAN_POINT('',(-6.93616702335021,-0.564750998992306,-6.99039216951843));
#11956=CARTESIAN_POINT('',(-1.64242560726987,-0.802403623260418,-6.99386359534735));
#11957=CARTESIAN_POINT('',(-6.93648565530659,-0.572081969876136,-6.9899744375287));
#11958=CARTESIAN_POINT('',(-1.64274293969439,-0.809711560739323,-6.99304096650359));
#11959=CARTESIAN_POINT('',(-6.93680298773111,-0.579389907355041,-6.98915180868494));
#11960=CARTESIAN_POINT('',(-1.64305704761801,-0.816952134161004,-6.99181843095155));
#11961=CARTESIAN_POINT('',(-6.93711709565472,-0.586630480776723,-6.9879292731329));
#11962=CARTESIAN_POINT('',(-1.67560856501185,-0.793615135239667,-6.99425657789603));
#11963=CARTESIAN_POINT('',(-1.67500693707091,-0.794558423775407,-6.99420497016895));
#11964=CARTESIAN_POINT('',(-1.67440451338779,-0.795503876382278,-6.99414689058947));
#11965=CARTESIAN_POINT('',(-1.67380149713636,-0.796451254498484,-6.99408221941697));
#11966=CARTESIAN_POINT('',(-7.37643486591337,-1.16331693589085,-6.82252589415144));
#11967=CARTESIAN_POINT('',(-2.13430442178174,-1.39137935682921,-6.82637690309694));
#11968=CARTESIAN_POINT('',(-7.3752580782258,-1.1357093900024,-6.85560013302115));
#11969=CARTESIAN_POINT('',(-2.13312763409417,-1.36377181094076,-6.85945114196666));
#11970=CARTESIAN_POINT('',(-7.37359769282687,-1.09714355690535,-6.87934986148676));
#11971=CARTESIAN_POINT('',(-2.13146724869524,-1.32520597784371,-6.88320087043227));
#11972=CARTESIAN_POINT('',(-7.37178021078846,-1.05520308907702,-6.88910489164749));
#11973=CARTESIAN_POINT('',(-2.12964976665683,-1.28326551001538,-6.89295590059299));
#11974=CARTESIAN_POINT('',(-1.55029447784884,0.139687491420318,-6.76805403796543));
#11975=CARTESIAN_POINT('',(-1.55017210544343,0.143800610551867,-6.84506133497282));
#11976=CARTESIAN_POINT('',(-1.54460796313643,0.270276985179089,-6.76106994634454));
#11977=CARTESIAN_POINT('',(-1.54448559073101,0.274390104310638,-6.83807724335193));
#11978=CARTESIAN_POINT('',(-1.48512085576288,0.397720176186,-6.75416841066706));
#11979=CARTESIAN_POINT('',(-1.48499848335747,0.401833295317549,-6.83117570767445));
#11980=CARTESIAN_POINT('',(-1.38862731841831,0.486037811490068,-6.74929784493555));
#11981=CARTESIAN_POINT('',(-1.3885049460129,0.490150930621617,-6.82630514194294));
#11982=CARTESIAN_POINT('',(-1.02753928259288,0.653874795443654,-6.8877982592623));
#11983=CARTESIAN_POINT('',(0.157704304801339,0.602309973693471,-6.88866897083775));
#11984=CARTESIAN_POINT('',(-1.02670571241366,0.673330295021748,-6.905296198898));
#11985=CARTESIAN_POINT('',(0.158537874980561,0.621765473271565,-6.90616691047345));
#11986=CARTESIAN_POINT('',(-1.0255583109523,0.699862182461298,-6.91466993783261));
#11987=CARTESIAN_POINT('',(0.159685276441917,0.648297360711114,-6.91554064940805));
#11988=CARTESIAN_POINT('',(-1.02442100800911,0.725980081212102,-6.91327311950881));
#11989=CARTESIAN_POINT('',(0.160822579385111,0.674415259461919,-6.91414383108426));
#11990=CARTESIAN_POINT('',(-1.62148472129025,-0.819422757853886,-6.9674339707517));
#11991=CARTESIAN_POINT('',(-1.57932153376797,0.148845080815535,-6.91564977966413));
#11992=CARTESIAN_POINT('',(-1.6399498585791,-0.81763078533647,-6.98590602353305));
#11993=CARTESIAN_POINT('',(-1.59778667105681,0.15063705333295,-6.93412183244549));
#11994=CARTESIAN_POINT('',(-1.66592688834399,-0.815925074767145,-6.99664888343456));
#11995=CARTESIAN_POINT('',(-1.62376370082171,0.152342763902275,-6.94486469234699));
#11996=CARTESIAN_POINT('',(-1.69208207923848,-0.814787175544877,-6.99662966913286));
#11997=CARTESIAN_POINT('',(-1.64991889171619,0.153480663124543,-6.94484547804529));
#11998=CARTESIAN_POINT('',(-6.7754374412067,-1.58393729599562,-6.06916692861923));
#11999=CARTESIAN_POINT('',(-7.47897176122604,-1.55332956084922,-6.06865009352923));
#12000=CARTESIAN_POINT('',(-6.77136288530657,-1.48973796507526,-6.1013595158515));
#12001=CARTESIAN_POINT('',(-7.47489720532591,-1.45913022992886,-6.1008426807615));
#12002=CARTESIAN_POINT('',(-6.7677483521144,-1.40562408125738,-6.16247635591511));
#12003=CARTESIAN_POINT('',(-7.47128267213374,-1.37501634611098,-6.16195952082511));
#12004=CARTESIAN_POINT('',(-6.76520682576364,-1.34586041220074,-6.2421527208487));
#12005=CARTESIAN_POINT('',(-7.46874114578298,-1.31525267705435,-6.2416358857587));
#12006=CARTESIAN_POINT('',(5.30643076710117,-2.10956712196384,-6.07804259149433));
#12007=CARTESIAN_POINT('',(5.4030494290366,-0.154228028942278,6.23834905144223));
#12008=CARTESIAN_POINT('',(-4.38768663485153,0.271724547647785,6.24554158748588));
#12009=CARTESIAN_POINT('',(5.4678756967986,1.33449219985282,6.3179676958976));
#12010=CARTESIAN_POINT('',(-4.32286036708953,1.76044477644289,6.32516023194126));
#12011=CARTESIAN_POINT('',(5.59896935038012,4.36586565709321,5.24491453606926));
#12012=CARTESIAN_POINT('',(-4.19176671350802,4.79181823368327,5.25210707211292));
#12013=CARTESIAN_POINT('',(5.68654021034033,6.45237145953321,0.883539684250604));
#12014=CARTESIAN_POINT('',(-4.1041958535478,6.87832403612327,0.890732220294257));
#12015=CARTESIAN_POINT('',(5.61314484382382,4.84232514226032,-3.67553145948198));
#12016=CARTESIAN_POINT('',(-4.17759122006431,5.26827771885038,-3.66833892343832));
#12017=CARTESIAN_POINT('',(5.48596564466745,1.94252233880488,-5.06579144216969));
#12018=CARTESIAN_POINT('',(-4.30477041922068,2.36847491539494,-5.05859890612604));
#12019=CARTESIAN_POINT('',(5.42113937690544,0.453802110009777,-5.14541008662506));
#12020=CARTESIAN_POINT('',(-4.36959668698269,0.879754686599841,-5.13821755058141));
#12021=CARTESIAN_POINT('',(-7.47897176122695,-1.55332956086902,-6.0686500935873));
#12022=CARTESIAN_POINT('',(-6.67972800090951,-1.58810119977434,-6.06923723938678));
#12023=CARTESIAN_POINT('',(-7.44248145955238,-0.709713204369952,-6.35695567794576));
#12024=CARTESIAN_POINT('',(-6.64323769923495,-0.744484843275265,-6.35754282374524));
#12025=CARTESIAN_POINT('',(-7.40345955472539,0.189332662901531,-6.4817702062688));
#12026=CARTESIAN_POINT('',(-6.60421579440795,0.154561023996218,-6.48235735206828));
#12027=CARTESIAN_POINT('',(-7.3646978993808,1.07948510272623,-6.43416372571814));
#12028=CARTESIAN_POINT('',(-6.56545413906336,1.04471346382092,-6.43475087151763));
#12029=CARTESIAN_POINT('',(6.27121277471902,-1.8421253872346,-6.42444343174759));
#12030=CARTESIAN_POINT('',(7.32022053000615,-1.88776317721401,-6.4252140608444));
#12031=CARTESIAN_POINT('',(6.30403136336559,-1.08418467757479,-6.63697749793142));
#12032=CARTESIAN_POINT('',(7.35303911865272,-1.12982246755419,-6.63774812702823));
#12033=CARTESIAN_POINT('',(6.33845681198998,-0.291419997478755,-6.72452338642096));
#12034=CARTESIAN_POINT('',(7.38746456727711,-0.337057787458159,-6.72529401551776));
#12035=CARTESIAN_POINT('',(6.37268280627001,0.49457203621925,-6.68248753638995));
#12036=CARTESIAN_POINT('',(7.42169056155714,0.448934246239845,-6.68325816548676));
#12037=CARTESIAN_POINT('',(84.6273422241211,-17.5206604003906,-29.1811237335205));
#12038=CARTESIAN_POINT('',(0.,0.,0.));
#12039=CARTESIAN_POINT('',(-7.11059648742113,-7.11059648742113,28.5190448760986));
#12040=CARTESIAN_POINT('',(84.6273422241211,-44.8993721008301,-57.7001686096191));
#12041=CARTESIAN_POINT('',(0.,0.,0.));
#12042=CARTESIAN_POINT('',(-6.82627949473925,-6.82627949473925,27.3787117004395));
#12043=CARTESIAN_POINT('',(112.006057739258,-17.5206604003906,-57.7001686096191));
#12044=CARTESIAN_POINT('',(0.,0.,0.));
#12045=CARTESIAN_POINT('',(-6.8262804458501,-6.8262804458501,27.3787155151367));
#12046=CARTESIAN_POINT('',(84.6273422241211,9.85805320739746,-57.7001686096191));
#12047=CARTESIAN_POINT('',(0.,0.,0.));
#12048=CARTESIAN_POINT('',(-6.82627997029468,-6.82627997029468,27.3787136077881));
#12049=CARTESIAN_POINT('',(84.6273422241211,-17.5206604003906,-86.2192153930664));
#12050=CARTESIAN_POINT('',(0.,0.,0.));
#12051=CARTESIAN_POINT('',(-7.11059696297656,-7.11059696297656,28.5190467834473));
#12052=CARTESIAN_POINT('',(57.2486305236816,-17.5206604003906,-57.7001686096191));
#12053=CARTESIAN_POINT('',(0.,0.,0.));
#12054=CARTESIAN_POINT('',(-6.82627949473925,-6.82627949473925,27.3787117004395));
#12055=CARTESIAN_POINT('',(111.319786071777,-44.2131042480469,-31.0077247619629));
#12056=CARTESIAN_POINT('',(0.,0.,0.));
#12057=CARTESIAN_POINT('',(-11.5270989849546,-11.5270989849546,46.2326689223199));
#12058=CARTESIAN_POINT('',(114.001123124218,-41.4262568854464,-42.3602116159049));
#12059=CARTESIAN_POINT('',(0.,0.,0.));
#12060=CARTESIAN_POINT('',(-10.1877594906478,-10.1877594906478,40.8608716040446));
#12061=MECHANICAL_DESIGN_GEOMETRIC_PRESENTATION_REPRESENTATION('',(#5095),
#12062);
#12062=(
GEOMETRIC_REPRESENTATION_CONTEXT(3)
GLOBAL_UNCERTAINTY_ASSIGNED_CONTEXT((#12063))
GLOBAL_UNIT_ASSIGNED_CONTEXT((#12066,#12065,#12064))
REPRESENTATION_CONTEXT('l_thumb_distal_collision',
'TOP_LEVEL_ASSEMBLY_PART')
);
#12063=UNCERTAINTY_MEASURE_WITH_UNIT(LENGTH_MEASURE(0.0508),#12066,
'DISTANCE_ACCURACY_VALUE','Maximum Tolerance applied to model');
#12064=(
NAMED_UNIT(*)
SI_UNIT($,.STERADIAN.)
SOLID_ANGLE_UNIT()
);
#12065=(
NAMED_UNIT(*)
PLANE_ANGLE_UNIT()
SI_UNIT($,.RADIAN.)
);
#12066=(
LENGTH_UNIT()
NAMED_UNIT(*)
SI_UNIT(.MILLI.,.METRE.)
);
#12067=PRODUCT_DEFINITION_SHAPE('','',#12068);
#12068=PRODUCT_DEFINITION('','',#12070,#12069);
#12069=PRODUCT_DEFINITION_CONTEXT('',#12076,'design');
#12070=PRODUCT_DEFINITION_FORMATION_WITH_SPECIFIED_SOURCE('','',#12072,
 .NOT_KNOWN.);
#12071=PRODUCT_RELATED_PRODUCT_CATEGORY('','',(#12072));
#12072=PRODUCT('l_thumb_distal_collision','l_thumb_distal_collision',
'l_thumb_distal_collision',(#12074));
#12073=PRODUCT_CATEGORY('','');
#12074=PRODUCT_CONTEXT('',#12076,'mechanical');
#12075=APPLICATION_PROTOCOL_DEFINITION('international standard',
'ap242_managed_model_based_3d_engineering',2011,#12076);
#12076=APPLICATION_CONTEXT('managed model based 3d engineering');
ENDSEC;
END-ISO-10303-21;
